seed,arm,model,update,learning_rate,last_minibatch_loss,full_train_one_step_loss,validation_one_step_loss,validation_rollout_nrmse,new_absolute_best
0,direct_broad,direct,0,0.0003,,6.319739497213185e-05,8.561446480194313e-05,0.05953675557566144,True
0,direct_broad,direct,100,0.0003,8.262979099527001e-05,5.66474511644935e-05,7.630104250031116e-05,0.05728668329278819,True
0,direct_broad,direct,200,0.0003,1.5393190551549196e-05,5.150492367302549e-05,6.896117352119654e-05,0.05460460010376224,True
0,direct_broad,direct,300,0.0003,8.333154983120039e-05,4.90992062304069e-05,6.585630894109023e-05,0.05281239650225967,True
0,direct_broad,direct,400,0.0003,6.129420944489539e-05,4.811085678522842e-05,6.462006043685368e-05,0.05220517251898142,True
0,direct_broad,direct,500,0.0003,6.697556091239676e-05,4.756199829351742e-05,6.410629637661128e-05,0.05182550422271679,True
0,direct_broad,direct,600,0.0003,5.596902337856591e-05,4.7178370280412534e-05,6.354434310695997e-05,0.05152486353585232,True
0,direct_broad,direct,700,0.0003,2.9967080990900286e-05,4.6890740000939005e-05,6.310829257035591e-05,0.051251396219822894,True
0,direct_broad,direct,800,0.0003,5.347504702513106e-05,4.665867460292132e-05,6.30232085872539e-05,0.05108466205150158,True
0,direct_broad,direct,900,0.0003,4.436744347913191e-05,4.64145720211996e-05,6.27151874557527e-05,0.05090211154358647,True
0,direct_broad,direct,1000,0.0003,2.9001330403843895e-05,4.61869018725066e-05,6.257472341055404e-05,0.050830390078874195,True
0,direct_broad,direct,1100,0.0003,4.381233884487301e-05,4.596972478985415e-05,6.235360352054627e-05,0.05071657892573211,True
0,direct_broad,direct,1200,0.0003,6.23377418378368e-05,4.577492335204649e-05,6.230201330979421e-05,0.050912896424978565,False
0,direct_broad,direct,1300,0.0003,6.08480695518665e-05,4.552216204846727e-05,6.206695472036361e-05,0.05063321084242218,True
0,direct_broad,direct,1400,0.0003,9.545420653012116e-06,4.531450992471528e-05,6.196429103451592e-05,0.0506248036484209,True
0,direct_broad,direct,1500,0.0003,6.122458580648527e-05,4.513186311181563e-05,6.193585448070533e-05,0.05069401934274096,False
0,direct_broad,direct,1600,0.0003,6.171744462335482e-05,4.49151355841008e-05,6.156822334019334e-05,0.05067406936315039,False
0,direct_broad,direct,1700,0.0003,2.7343394322087988e-05,4.473076457107775e-05,6.13481686694024e-05,0.050614096777957925,True
0,direct_broad,direct,1800,0.0003,3.403257505851798e-05,4.457218963224655e-05,6.127383216022472e-05,0.050527672757159976,True
0,direct_broad,direct,1900,0.0003,7.743460446363315e-05,4.4425096634018925e-05,6.099251459209626e-05,0.05044872215733075,True
0,direct_broad,direct,2000,0.0003,3.323093187646009e-05,4.4283720859151575e-05,6.091726306229343e-05,0.05047226515323928,False
0,direct_broad,direct,2100,0.0003,2.8569202186190523e-05,4.4162378399329565e-05,6.0763028644335765e-05,0.05039191958046829,True
0,direct_broad,direct,2200,0.0003,2.0742871129186824e-05,4.40509263220889e-05,6.061338631624928e-05,0.050373841871753186,True
0,direct_broad,direct,2300,0.0003,8.754058217164129e-05,4.394478314035212e-05,6.0483827324145854e-05,0.050389685684805605,False
0,direct_broad,direct,2400,0.0003,1.9401628378545865e-05,4.3860654220862803e-05,6.037539754175502e-05,0.050216354096504316,True
0,direct_broad,direct,2500,0.0003,6.35108954156749e-05,4.378651161285624e-05,6.038502870307128e-05,0.0502265188970974,False
0,direct_broad,direct,2600,0.0003,7.023916987236589e-05,4.369071137045878e-05,6.0276198923721716e-05,0.05017764392461134,True
0,direct_broad,direct,2700,0.0003,6.830432539572939e-05,4.363485425532264e-05,6.014899741797373e-05,0.05009669923968182,True
0,direct_broad,direct,2800,0.0003,3.4237749787280336e-05,4.3561721730877385e-05,6.0132526019527245e-05,0.050041088129909976,True
0,direct_broad,direct,2900,0.0003,2.9738039302174002e-05,4.351769583799316e-05,6.009132385990442e-05,0.050064567023752685,False
0,direct_broad,direct,3000,0.0003,3.632066727732308e-05,4.345153817475213e-05,5.99737015090201e-05,0.05001523373733325,True
0,direct_broad,direct,3100,0.0003,4.5461834815796465e-05,4.3414666034616675e-05,5.9904962674611143e-05,0.04991515633686167,True
0,direct_broad,direct,3200,0.0003,3.5697703424375504e-05,4.337084323071457e-05,5.997350375514989e-05,0.050076764889897735,False
0,direct_broad,direct,3300,0.0003,2.818370376189705e-05,4.3300918813694937e-05,5.983063963308833e-05,0.04994119765288837,False
0,direct_broad,direct,3400,0.0003,3.0048835469642654e-05,4.3241811775284825e-05,5.9768469095704895e-05,0.04989609002315298,True
0,direct_broad,direct,3500,0.0003,3.624661985668354e-05,4.319477083261385e-05,5.9737764896971046e-05,0.04988174848257529,True
0,direct_broad,direct,3600,0.0003,2.8748430850100704e-05,4.315870856398795e-05,5.9653041401902346e-05,0.04977972499379411,True
0,direct_broad,direct,3700,0.0003,3.622134681791067e-05,4.311849506771713e-05,5.9598265672285184e-05,0.04986175691958558,False
0,direct_broad,direct,3800,0.0003,2.4100336304400116e-05,4.3076043921769005e-05,5.9607919051427566e-05,0.04980183422573389,False
0,direct_broad,direct,3900,0.0003,4.6351287892321125e-05,4.304798382826835e-05,5.952812981597008e-05,0.04979125194521754,False
0,direct_broad,direct,4000,0.0003,4.802978583029471e-05,4.2988279258111545e-05,5.947257520697914e-05,0.049735288462916256,True
0,direct_broad,direct,4100,0.0003,6.925441266503185e-05,4.295037781919613e-05,5.945834986335945e-05,0.04973239787943093,True
0,direct_broad,direct,4200,0.0003,2.8963275326532312e-05,4.2912506278054756e-05,5.937844400333691e-05,0.049702049007359105,True
0,direct_broad,direct,4300,0.0003,3.720340828294866e-05,4.2907728419293044e-05,5.9392389836051545e-05,0.049694933607525624,True
0,direct_broad,direct,4400,0.0003,3.942422699765302e-05,4.2856095935899576e-05,5.93321887529729e-05,0.04966453604777832,True
0,direct_broad,direct,4500,0.0003,3.5115746868541464e-05,4.280370264046494e-05,5.927895623018807e-05,0.049649037113517196,True
0,direct_broad,direct,4600,0.0003,2.528518598410301e-05,4.277354760195389e-05,5.927034181974877e-05,0.04961112740427137,True
0,direct_broad,direct,4700,0.0003,4.1380208131158724e-05,4.2750987704215266e-05,5.925643015074623e-05,0.04959699664214238,True
0,direct_broad,direct,4800,0.0003,5.0072030717274174e-05,4.271754125664831e-05,5.9235117168415315e-05,0.0495856071061383,True
0,direct_broad,direct,4900,0.0003,6.320925604086369e-05,4.2696947845633916e-05,5.920462051993905e-05,0.049613938088893736,False
0,direct_broad,direct,5000,0.0003,2.6010213332483545e-05,4.267265060309934e-05,5.915028869031375e-05,0.04951679582671038,True
0,direct_broad,direct,5100,0.0003,5.9272944781696424e-05,4.264372550807465e-05,5.9137708207689765e-05,0.049638379418392574,False
0,direct_broad,direct,5200,0.0003,5.0380665925331414e-05,4.262028223660086e-05,5.916397192278037e-05,0.049519751542647476,False
0,direct_broad,direct,5300,0.0003,3.524075509631075e-05,4.258497472285111e-05,5.9116492447370263e-05,0.0495224713507316,False
0,direct_broad,direct,5400,0.0003,4.4772299588657916e-05,4.256854473855846e-05,5.9059803987384526e-05,0.049583923094633345,False
0,direct_broad,direct,5500,0.0003,5.655303175444715e-05,4.254671550084662e-05,5.901327202236584e-05,0.04962982500377745,False
0,direct_broad,direct,5600,0.0003,5.24079441674985e-05,4.253347484587595e-05,5.89763335168386e-05,0.04969753911005026,False
0,direct_broad,direct,5700,0.0003,2.306087662873324e-05,4.24526412962397e-05,5.886001633008443e-05,0.049486642071725005,True
0,direct_broad,direct,5800,0.0003,5.838044307893142e-05,4.241878882236065e-05,5.885358288080669e-05,0.04951187669519886,False
0,direct_broad,direct,5900,0.0003,2.456771835568361e-05,4.2402930477441385e-05,5.888221089216862e-05,0.049550468970680724,False
0,direct_broad,direct,6000,0.0003,2.783624586299993e-05,4.2383153155674426e-05,5.88179863852394e-05,0.04954281376259397,False
0,direct_broad,direct,6100,8.999999999999999e-05,8.346301183337346e-05,4.235479619418239e-05,5.88161017885736e-05,0.04948747384540841,False
0,direct_broad,direct,6200,8.999999999999999e-05,2.0597261027432978e-05,4.234010685981034e-05,5.880131211597472e-05,0.049500788652786454,False
0,direct_broad,direct,6300,8.999999999999999e-05,2.5716701202327386e-05,4.2340575531838724e-05,5.8809709046614275e-05,0.04951319081686788,False
0,direct_broad,direct,6400,8.999999999999999e-05,3.967133670812473e-05,4.232542206608187e-05,5.883100085733519e-05,0.04945168270228483,True
0,direct_broad,direct,6500,8.999999999999999e-05,2.6754996724775992e-05,4.231868920601562e-05,5.878186896915115e-05,0.04948137163973807,False
0,direct_broad,direct,6600,8.999999999999999e-05,4.395937503431924e-05,4.230609219396394e-05,5.877443242687245e-05,0.04945804453488702,False
0,direct_broad,direct,6700,8.999999999999999e-05,5.4648324294248596e-05,4.230158144815101e-05,5.87654521451423e-05,0.049450776646160134,True
0,direct_broad,direct,6800,8.999999999999999e-05,3.8046968256821856e-05,4.2291113712478756e-05,5.878289285331989e-05,0.04949092429394104,False
0,direct_broad,direct,6900,8.999999999999999e-05,3.244765684939921e-05,4.227835075729937e-05,5.877979892592122e-05,0.049513937948522796,False
0,direct_broad,direct,7000,8.999999999999999e-05,2.9830891435267404e-05,4.2275385239778863e-05,5.873531050633128e-05,0.049447520521817494,True
0,direct_broad,direct,7100,2.6999999999999996e-05,5.382977906265296e-05,4.226760025282473e-05,5.874709649242802e-05,0.04946218369591647,False
0,direct_broad,direct,7200,2.6999999999999996e-05,3.620826464612037e-05,4.226457703612402e-05,5.875728629511215e-05,0.04946231556235979,False
0,direct_broad,direct,7300,2.6999999999999996e-05,6.352329364744946e-05,4.2262389708196184e-05,5.876909662951149e-05,0.049503416543557964,False
0,direct_broad,direct,7400,2.6999999999999996e-05,2.7635298465611413e-05,4.225732439725706e-05,5.8755747063901107e-05,0.04945521613362778,False
0,direct_broad,direct,7500,2.6999999999999996e-05,5.914223220315762e-05,4.2255324127787714e-05,5.876692913600481e-05,0.04943761974443876,True
0,direct_broad,direct,7600,2.6999999999999996e-05,2.9672566597582772e-05,4.225305886403925e-05,5.8777301550958476e-05,0.04947049861595419,False
0,direct_broad,direct,7700,2.6999999999999996e-05,2.595146361272782e-05,4.225055918175998e-05,5.875157543878053e-05,0.049445703291267545,False
0,direct_broad,direct,7800,2.6999999999999996e-05,4.1694183892104775e-05,4.224827961364611e-05,5.8759747470996886e-05,0.04945263711321329,False
0,direct_broad,direct,7900,2.6999999999999996e-05,3.621864743763581e-05,4.224522536624066e-05,5.8747331415503925e-05,0.049485093197945675,False
0,direct_broad,direct,8000,2.6999999999999996e-05,6.188416591612622e-05,4.224360032431724e-05,5.87554884773186e-05,0.04945622408171074,False
0,direct_broad,direct,8100,8.099999999999999e-06,2.1338526494218968e-05,4.224131816027551e-05,5.8764094537050993e-05,0.0494405975151753,False
0,direct_broad,direct,8200,8.099999999999999e-06,5.334084198693745e-05,4.224022973054071e-05,5.876630308027409e-05,0.04952533865807816,False
0,direct_broad,direct,8300,8.099999999999999e-06,5.930163388256915e-05,4.223932142786939e-05,5.8764999475957084e-05,0.04943032797036211,True
0,direct_broad,direct,8400,8.099999999999999e-06,6.804797885706648e-05,4.2238349400075344e-05,5.876206198640265e-05,0.04944358068872082,False
0,direct_broad,direct,8500,8.099999999999999e-06,4.583344343700446e-05,4.223811525808669e-05,5.876543219094743e-05,0.0494379100060672,False
0,direct_broad,direct,8600,8.099999999999999e-06,7.834024290787056e-05,4.223708960787889e-05,5.8764922303251094e-05,0.049473875891539044,False
0,direct_broad,direct,8700,8.099999999999999e-06,6.442660378525034e-05,4.223615985981035e-05,5.876686978701721e-05,0.049454502125074296,False
0,direct_broad,direct,8800,8.099999999999999e-06,3.768697933992371e-05,4.223557657444443e-05,5.876179385072022e-05,0.04945175852459079,False
0,direct_broad,direct,8900,8.099999999999999e-06,4.697703116107732e-05,4.223467799981207e-05,5.8760584653142136e-05,0.049494632226837885,False
0,direct_broad,direct,9000,8.099999999999999e-06,5.661890099872835e-05,4.223409989738116e-05,5.876274073338197e-05,0.04946565781532121,False
0,direct_broad,direct,9100,3e-06,2.316500831511803e-05,4.223390213852584e-05,5.8763971654211286e-05,0.04949956848154604,False
0,direct_broad,direct,9200,3e-06,3.881420343532227e-05,4.223362998983384e-05,5.8764755479334034e-05,0.049494635544250244,False
0,direct_broad,direct,9300,3e-06,1.2417604011716321e-05,4.223318297729981e-05,5.87641213962723e-05,0.04945545159716061,False
0,direct_broad,direct,9400,3e-06,5.2822397265117615e-05,4.2232925097290355e-05,5.876420467507606e-05,0.04947464716191144,False
0,direct_broad,direct,9500,3e-06,4.5018903620075434e-05,4.223262600358076e-05,5.876208336725587e-05,0.049444475756765374,False
0,direct_broad,direct,9600,3e-06,6.076443605707027e-05,4.223232646383545e-05,5.8761936592644236e-05,0.049455029332284,False
0,direct_broad,direct,9700,3e-06,2.3160948330769315e-05,4.2231757991315645e-05,5.876104628174182e-05,0.049499019611733114,False
0,direct_broad,direct,9800,3e-06,6.632358417846262e-05,4.22315268154645e-05,5.8760229053791444e-05,0.0494935743921701,False
0,direct_broad,direct,9900,3e-06,6.662515079369769e-05,4.223121360026414e-05,5.875927819550841e-05,0.04945833725112139,False
0,direct_broad,direct,10000,3e-06,2.6519595849094912e-05,4.223087815910406e-05,5.875777972868211e-05,0.049471683054551865,False
0,invariant_broad,invariant,0,0.0003,,6.319739497213185e-05,8.561446480194313e-05,0.05953675557566144,True
0,invariant_broad,invariant,100,0.0003,8.466355939162895e-05,5.7429460134228756e-05,7.681289198504019e-05,0.056378151306938566,True
0,invariant_broad,invariant,200,0.0003,1.5585485016345046e-05,5.135377909153186e-05,6.804416814797673e-05,0.05234876333437084,True
0,invariant_broad,invariant,300,0.0003,8.522225834894925e-05,4.9445760111642064e-05,6.563957924026314e-05,0.050824562491351234,True
0,invariant_broad,invariant,400,0.0003,6.242751987883821e-05,4.8673639173879934e-05,6.4730842417453e-05,0.050313461107850024,True
0,invariant_broad,invariant,500,0.0003,6.73392423777841e-05,4.823735961066095e-05,6.436655882615108e-05,0.050089826301757887,True
0,invariant_broad,invariant,600,0.0003,5.6106851843651384e-05,4.8003996587697404e-05,6.412390240595913e-05,0.049862713793042655,True
0,invariant_broad,invariant,700,0.0003,2.9240040021250024e-05,4.78221112558925e-05,6.38705532955237e-05,0.04969777154662627,True
0,invariant_broad,invariant,800,0.0003,5.55245133000426e-05,4.770580283098522e-05,6.381384484329888e-05,0.04973727797307591,False
0,invariant_broad,invariant,900,0.0003,4.581325629260391e-05,4.759267716529383e-05,6.367063605960069e-05,0.0495732146294708,True
0,invariant_broad,invariant,1000,0.0003,3.17702470056247e-05,4.749779937828095e-05,6.355238156591e-05,0.04961523948641889,False
0,invariant_broad,invariant,1100,0.0003,4.5500513806473464e-05,4.7388329809367426e-05,6.348440184690107e-05,0.04948385484331224,True
0,invariant_broad,invariant,1200,0.0003,6.222255615284666e-05,4.7291736448561895e-05,6.338201738662676e-05,0.04940924265318852,True
0,invariant_broad,invariant,1300,0.0003,6.487713108072057e-05,4.718384251419555e-05,6.313424852670602e-05,0.049220213269321224,True
0,invariant_broad,invariant,1400,0.0003,1.0258572729071602e-05,4.7097503184430104e-05,6.303621001018127e-05,0.049089145193911096,True
0,invariant_broad,invariant,1500,0.0003,6.384195148712024e-05,4.697496112047113e-05,6.29780170343378e-05,0.0491404062764472,False
0,invariant_broad,invariant,1600,0.0003,6.289657176239416e-05,4.688991020501402e-05,6.284693851793076e-05,0.049088179076334,True
0,invariant_broad,invariant,1700,0.0003,2.8576563636306673e-05,4.676838714533068e-05,6.271132265728917e-05,0.04894882151764005,True
0,invariant_broad,invariant,1800,0.0003,3.751129406737164e-05,4.667490777841473e-05,6.269774566331477e-05,0.04891151404526568,True
0,invariant_broad,invariant,1900,0.0003,8.303808135678992e-05,4.6575499004488135e-05,6.244343076223885e-05,0.04884619274740027,True
0,invariant_broad,invariant,2000,0.0003,3.535597716108896e-05,4.64893265545254e-05,6.237699927189966e-05,0.048847231062431745,False
0,invariant_broad,invariant,2100,0.0003,3.042978460143786e-05,4.640118948672809e-05,6.222997094334098e-05,0.04874235725784392,True
0,invariant_broad,invariant,2200,0.0003,2.1910258510615677e-05,4.632785744158644e-05,6.22320419947428e-05,0.0487341026772473,True
0,invariant_broad,invariant,2300,0.0003,9.034739923663437e-05,4.6258384484076924e-05,6.202568176044212e-05,0.04862782211936119,True
0,invariant_broad,invariant,2400,0.0003,2.1660986021743156e-05,4.620013285742295e-05,6.199730111261696e-05,0.04858344840448196,True
0,invariant_broad,invariant,2500,0.0003,6.525324715767056e-05,4.613333654240259e-05,6.194422329666421e-05,0.04856354878303559,True
0,invariant_broad,invariant,2600,0.0003,7.035169983282685e-05,4.6083105654880345e-05,6.195298062022653e-05,0.04853815582701904,True
0,invariant_broad,invariant,2700,0.0003,6.982675404287875e-05,4.6056965040399827e-05,6.195235049376398e-05,0.04855803194089713,False
0,invariant_broad,invariant,2800,0.0003,3.6810251913266256e-05,4.601238936389229e-05,6.17539833126334e-05,0.0483587133811487,True
0,invariant_broad,invariant,2900,0.0003,3.148815085296519e-05,4.5971587970246246e-05,6.171926482066244e-05,0.04838180482840267,False
0,invariant_broad,invariant,3000,0.0003,3.938849113183096e-05,4.593555463149687e-05,6.174231533971585e-05,0.048416923616155724,False
0,invariant_broad,invariant,3100,0.0003,4.9532689445186406e-05,4.588395392814815e-05,6.156571618786532e-05,0.048264274642981636,True
0,invariant_broad,invariant,3200,0.0003,3.7156954931560904e-05,4.5863793372494164e-05,6.150925818075931e-05,0.04831558463322521,False
0,invariant_broad,invariant,3300,0.0003,3.0980081646703184e-05,4.58269311967966e-05,6.146889200488872e-05,0.04822593277894157,True
0,invariant_broad,invariant,3400,0.0003,3.270937304478139e-05,4.5787575043616566e-05,6.144222018941993e-05,0.04819048442799685,True
0,invariant_broad,invariant,3500,0.0003,4.003414142061956e-05,4.5774594445309646e-05,6.141135230541741e-05,0.04814093757239744,True
0,invariant_broad,invariant,3600,0.0003,3.132176061626524e-05,4.574039184677475e-05,6.132375812644954e-05,0.04817898430475614,False
0,invariant_broad,invariant,3700,0.0003,3.72278482245747e-05,4.570891966479492e-05,6.130069284623768e-05,0.04817369736176123,False
0,invariant_broad,invariant,3800,0.0003,2.65475991909625e-05,4.56765021948622e-05,6.129631386108063e-05,0.04814006417940193,True
0,invariant_broad,invariant,3900,0.0003,4.990102752344683e-05,4.565232351308125e-05,6.131818596033221e-05,0.048119013718786796,True
0,invariant_broad,invariant,4000,0.0003,4.9787900934461504e-05,4.562752932877462e-05,6.12335379640237e-05,0.048035745147161774,True
0,invariant_broad,invariant,4100,0.0003,7.217066740849987e-05,4.560730137266361e-05,6.120447250116568e-05,0.048137535925152394,False
0,invariant_broad,invariant,4200,0.0003,3.221175211365335e-05,4.55890507241033e-05,6.120269874634307e-05,0.04808953527757009,False
0,invariant_broad,invariant,4300,0.0003,3.949156234739348e-05,4.554307466494169e-05,6.111392936231021e-05,0.04804375175139274,False
0,invariant_broad,invariant,4400,0.0003,4.1263909224653617e-05,4.555870928726662e-05,6.113424701266161e-05,0.04805758794147712,False
0,invariant_broad,invariant,4500,0.0003,3.514567652018741e-05,4.5502196432722883e-05,6.110176517859442e-05,0.04807510747883248,False
0,invariant_broad,invariant,4600,0.0003,2.8340517019387335e-05,4.548233864165243e-05,6.099878972034074e-05,0.047971689671838555,True
0,invariant_broad,invariant,4700,0.0003,4.2497886170167476e-05,4.546494250831647e-05,6.1017990240133275e-05,0.04802666683421797,False
0,invariant_broad,invariant,4800,0.0003,5.3503412345889956e-05,4.5431221860293225e-05,6.103203833571885e-05,0.04802045472506584,False
0,invariant_broad,invariant,4900,0.0003,6.863368616905063e-05,4.542238922018943e-05,6.0999074348193756e-05,0.04803260830010299,False
0,invariant_broad,invariant,5000,0.0003,3.108375676674768e-05,4.541061364981378e-05,6.09216785889265e-05,0.04791503074971752,True
0,invariant_broad,invariant,5100,0.0003,6.16549514234066e-05,4.539552097872499e-05,6.1005430282367505e-05,0.04801678799878666,False
0,invariant_broad,invariant,5200,0.0003,5.489047907758504e-05,4.536306241106142e-05,6.085940017714926e-05,0.047892001001344796,True
0,invariant_broad,invariant,5300,0.0003,4.0067388908937573e-05,4.537612432167933e-05,6.090569290107274e-05,0.047913482565716044,False
0,invariant_broad,invariant,5400,0.0003,4.8577880079392344e-05,4.5351608530564724e-05,6.089579474540074e-05,0.04794559333239887,False
0,invariant_broad,invariant,5500,0.0003,5.5475582485087216e-05,4.5302083182337755e-05,6.0714025003226853e-05,0.047889200104245085,True
0,invariant_broad,invariant,5600,0.0003,5.4379906941903755e-05,4.527187548038974e-05,6.0720642339255585e-05,0.0479090806759591,False
0,invariant_broad,invariant,5700,0.0003,2.5033756173797883e-05,4.525333105932593e-05,6.073403658780567e-05,0.047880705289349956,True
0,invariant_broad,invariant,5800,0.0003,6.028710413374938e-05,4.523123770602533e-05,6.0729582103888435e-05,0.047886730675953275,False
0,invariant_broad,invariant,5900,0.0003,2.7194062568014488e-05,4.522139753814487e-05,6.0695378350252225e-05,0.04789739475386739,False
0,invariant_broad,invariant,6000,0.0003,3.124726936221123e-05,4.520282135041737e-05,6.066435066149175e-05,0.04781205680239101,True
0,invariant_broad,invariant,6100,0.0003,8.557346882298589e-05,4.517885832690502e-05,6.063567771990266e-05,0.047909809864644624,False
0,invariant_broad,invariant,6200,0.0003,2.26672382268589e-05,4.5153833131780456e-05,6.052160721570497e-05,0.04780596716215711,True
0,invariant_broad,invariant,6300,0.0003,2.7181256882613525e-05,4.514493946953038e-05,6.0519476434873305e-05,0.047783340183245746,True
0,invariant_broad,invariant,6400,0.0003,4.31967964686919e-05,4.5166117914370705e-05,6.071685522709505e-05,0.04791686578639375,False
0,invariant_broad,invariant,6500,0.0003,2.856303945009131e-05,4.509619448309001e-05,6.04481473595537e-05,0.04774144884505686,True
0,invariant_broad,invariant,6600,0.0003,4.45404730271548e-05,4.5062124718451634e-05,6.04724489438524e-05,0.04779943020000249,False
0,invariant_broad,invariant,6700,0.0003,5.522504943655804e-05,4.5044527663867134e-05,6.0489724178682844e-05,0.04780143860482016,False
0,invariant_broad,invariant,6800,0.0003,3.9876562368590385e-05,4.502241216043289e-05,6.0404141911372444e-05,0.04785198552385014,False
0,invariant_broad,invariant,6900,0.0003,3.583197758416645e-05,4.502736726486734e-05,6.049419266287408e-05,0.047907744812861655,False
0,invariant_broad,invariant,7000,0.0003,3.1750136258779094e-05,4.497733238328006e-05,6.039664746578661e-05,0.047799571575263204,False
0,invariant_broad,invariant,7100,0.0003,5.811089795315638e-05,4.4959471949065726e-05,6.040544852118306e-05,0.04805458764904898,False
0,invariant_broad,invariant,7200,0.0003,3.862376979668625e-05,4.499545689293994e-05,6.056127360614102e-05,0.04791890512343747,False
0,invariant_broad,invariant,7300,0.0003,6.482211028924212e-05,4.493508358589477e-05,6.0443534497536865e-05,0.04772944019474147,True
0,invariant_broad,invariant,7400,0.0003,3.086011201958172e-05,4.490279776340357e-05,6.038009469074751e-05,0.0477922983225081,False
0,invariant_broad,invariant,7500,0.0003,6.067023423383944e-05,4.4884428148197145e-05,6.033053143814304e-05,0.047750755734854634,False
0,invariant_broad,invariant,7600,8.999999999999999e-05,3.184799788868986e-05,4.487564938920782e-05,6.0329859082593154e-05,0.047736806605802096,False
0,invariant_broad,invariant,7700,8.999999999999999e-05,2.789844620565418e-05,4.486954292385942e-05,6.032202155420593e-05,0.04782732656753053,False
0,invariant_broad,invariant,7800,8.999999999999999e-05,4.222690768074244e-05,4.4864187926103955e-05,6.030014043847355e-05,0.04774235727225192,False
0,invariant_broad,invariant,7900,8.999999999999999e-05,4.051016003359109e-05,4.4869210596028646e-05,6.026024424190956e-05,0.04774504241171693,False
0,invariant_broad,invariant,8000,8.999999999999999e-05,6.406443571904674e-05,4.485424417088886e-05,6.0277395566706275e-05,0.04791173714980682,False
0,invariant_broad,invariant,8100,8.999999999999999e-05,2.309196861460805e-05,4.484996144745456e-05,6.030703937783959e-05,0.047728973141536644,True
0,invariant_broad,invariant,8200,8.999999999999999e-05,5.839230652782135e-05,4.4841735108159626e-05,6.030249315027902e-05,0.047699269781747135,True
0,invariant_broad,invariant,8300,8.999999999999999e-05,6.310202297754586e-05,4.48363213139761e-05,6.028764802822539e-05,0.04769644357824685,True
0,invariant_broad,invariant,8400,8.999999999999999e-05,6.787740858271718e-05,4.483580597769112e-05,6.030372745704417e-05,0.04779559890974446,False
0,invariant_broad,invariant,8500,8.999999999999999e-05,4.789714512298815e-05,4.4831939227165394e-05,6.030935503457204e-05,0.047753722327467475,False
0,invariant_broad,invariant,8600,2.6999999999999996e-05,7.875800656620413e-05,4.482426674379985e-05,6.028077861117625e-05,0.04773929066805804,False
0,invariant_broad,invariant,8700,2.6999999999999996e-05,6.787438178434968e-05,4.482062912182133e-05,6.028915670992551e-05,0.04776772948571685,False
0,invariant_broad,invariant,8800,2.6999999999999996e-05,4.0605413232697174e-05,4.481821911056237e-05,6.028900552218403e-05,0.04774018620709417,False
0,invariant_broad,invariant,8900,2.6999999999999996e-05,4.91216269438155e-05,4.481811549200523e-05,6.0299144878228704e-05,0.04777599717641213,False
0,invariant_broad,invariant,9000,2.6999999999999996e-05,5.736186358262785e-05,4.481536731430797e-05,6.0288602158311586e-05,0.047738715270142874,False
0,invariant_broad,invariant,9100,2.6999999999999996e-05,2.5979481506510638e-05,4.481489256727313e-05,6.029914111185064e-05,0.0477379963775204,False
0,invariant_broad,invariant,9200,2.6999999999999996e-05,4.1419472836423665e-05,4.481295943509973e-05,6.027493589356834e-05,0.0477256158226602,False
0,invariant_broad,invariant,9300,2.6999999999999996e-05,1.5192393220786471e-05,4.481269514109668e-05,6.027493437179943e-05,0.04774152173953229,False
0,invariant_broad,invariant,9400,2.6999999999999996e-05,5.622699245577678e-05,4.481406724508638e-05,6.031829272579475e-05,0.04776492091553578,False
0,invariant_broad,invariant,9500,2.6999999999999996e-05,4.748099308926612e-05,4.480855192425322e-05,6.028035053758109e-05,0.04790774959690345,False
0,invariant_broad,invariant,9600,8.099999999999999e-06,6.199930794537067e-05,4.480719222451678e-05,6.028738232737322e-05,0.047712529197441865,False
0,invariant_broad,invariant,9700,8.099999999999999e-06,2.5781439035199583e-05,4.4806578903105755e-05,6.028826542889541e-05,0.0477574113589926,False
0,invariant_broad,invariant,9800,8.099999999999999e-06,6.998525350354612e-05,4.480612108312633e-05,6.028623337282197e-05,0.047850862353175476,False
0,invariant_broad,invariant,9900,8.099999999999999e-06,6.771129119442776e-05,4.4805429219286106e-05,6.028306565865314e-05,0.0477315443724608,False
0,invariant_broad,invariant,10000,8.099999999999999e-06,2.9852053557988256e-05,4.480488845896533e-05,6.0282580956232316e-05,0.04772739475406864,False
0,invariant_broad,invariant,10100,8.099999999999999e-06,3.1919542379910126e-05,4.480450057292578e-05,6.027768926810644e-05,0.0477246730331735,False
0,invariant_broad,invariant,10200,8.099999999999999e-06,4.073514719493687e-05,4.480443660248342e-05,6.027275398130121e-05,0.04771220846731614,False
0,invariant_broad,invariant,10300,8.099999999999999e-06,8.866673306329176e-05,4.4803701705117336e-05,6.027102186588047e-05,0.04773407263801975,False
0,invariant_broad,invariant,10400,8.099999999999999e-06,5.132882870384492e-05,4.480325713239867e-05,6.027075224647335e-05,0.04772516607128888,False
0,invariant_broad,invariant,10500,8.099999999999999e-06,4.647484820452519e-05,4.480265168351803e-05,6.027280587362113e-05,0.04780438448294699,False
0,invariant_broad,invariant,10600,3e-06,6.779547402402386e-05,4.4802319721436537e-05,6.0274145829193054e-05,0.04779358569241513,False
0,invariant_broad,invariant,10700,3e-06,2.161963129765354e-05,4.480221889060262e-05,6.027452939104751e-05,0.04774547786449885,False
0,invariant_broad,invariant,10800,3e-06,3.8866659451741725e-05,4.480184586201277e-05,6.02755240192089e-05,0.04780423592270911,False
0,invariant_broad,invariant,10900,3e-06,4.637945312424563e-05,4.48016177281252e-05,6.027709872665773e-05,0.047726975245141745,False
0,invariant_broad,invariant,11000,3e-06,7.086092227837071e-05,4.480157651888542e-05,6.0282500987275946e-05,0.047734614944511804,False
0,invariant_broad,invariant,11100,3e-06,8.344119123648852e-05,4.480137291696222e-05,6.028199610239491e-05,0.047733272898086314,False
0,invariant_broad,invariant,11200,3e-06,3.6494624509941787e-05,4.480123144781424e-05,6.028166049528331e-05,0.04774805300668653,False
0,invariant_broad,invariant,11300,3e-06,5.9150104789296165e-05,4.480098418791518e-05,6.028014951190771e-05,0.047814202828441225,False
0,invariant_broad,invariant,11400,3e-06,5.247996159596369e-05,4.4800732637152535e-05,6.027636593785989e-05,0.04774001624714036,False
0,invariant_broad,invariant,11500,3e-06,3.438538988120854e-05,4.480058161391951e-05,6.027491413227289e-05,0.047725094976217367,False
0,characteristic_broad,characteristic,0,0.0003,,6.319739497213185e-05,8.561446480194313e-05,0.05953675557566144,True
0,characteristic_broad,characteristic,100,0.0003,6.56991614960134e-05,4.921014642813939e-05,6.707656262685952e-05,0.05506949893531185,True
0,characteristic_broad,characteristic,200,0.0003,1.3573854630521964e-05,4.1578462582895126e-05,5.857059762514884e-05,0.050031774651946616,True
0,characteristic_broad,characteristic,300,0.0003,5.6590088206576183e-05,3.7324411270005265e-05,5.3385416524381275e-05,0.046705110612849335,True
0,characteristic_broad,characteristic,400,0.0003,3.946511787944473e-05,3.559795933083356e-05,5.1231445741590134e-05,0.045558957769572556,True
0,characteristic_broad,characteristic,500,0.0003,5.828283246955834e-05,3.459217017016934e-05,4.942576922902387e-05,0.04461423423087751,True
0,characteristic_broad,characteristic,600,0.0003,4.249253106536344e-05,3.387933846748652e-05,4.835515692023548e-05,0.04414113612445217,True
0,characteristic_broad,characteristic,700,0.0003,2.134308851964306e-05,3.3280724896853115e-05,4.7753542281985526e-05,0.043982870754725414,True
0,characteristic_broad,characteristic,800,0.0003,3.522833139868453e-05,3.279727422882057e-05,4.715551709713646e-05,0.04372121048583679,True
0,characteristic_broad,characteristic,900,0.0003,3.270179149694741e-05,3.237345361621815e-05,4.6840647244643344e-05,0.043583449596255264,True
0,characteristic_broad,characteristic,1000,0.0003,2.5895340513670817e-05,3.1922727486946515e-05,4.612730071861662e-05,0.042898800889647835,True
0,characteristic_broad,characteristic,1100,0.0003,2.9868044293834828e-05,3.161145007537528e-05,4.580776392424394e-05,0.043153991780103956,False
0,characteristic_broad,characteristic,1200,0.0003,3.8670441426802427e-05,3.129105322719534e-05,4.522748366820024e-05,0.04205850468596649,True
0,characteristic_broad,characteristic,1300,0.0003,3.708396616275422e-05,3.073129074565952e-05,4.491974786837019e-05,0.0424289727177058,False
0,characteristic_broad,characteristic,1400,0.0003,8.959915248851757e-06,3.0402848836020263e-05,4.467225180454917e-05,0.04208313503756924,False
0,characteristic_broad,characteristic,1500,0.0003,4.0411647205473855e-05,3.0092728329586914e-05,4.426321477760117e-05,0.04202749348085196,True
0,characteristic_broad,characteristic,1600,0.0003,4.099515717825852e-05,2.9751698881694582e-05,4.379682587550989e-05,0.04164201031102729,True
0,characteristic_broad,characteristic,1700,0.0003,2.022041371674277e-05,2.9566794869372215e-05,4.353665927838948e-05,0.04149767557760466,True
0,characteristic_broad,characteristic,1800,0.0003,2.4892675355658866e-05,2.9387488779237216e-05,4.374561009599882e-05,0.04147041908759629,True
0,characteristic_broad,characteristic,1900,0.0003,5.078882895759307e-05,2.9056534292426146e-05,4.310004110295886e-05,0.04112629277862609,True
0,characteristic_broad,characteristic,2000,0.0003,2.392568057985045e-05,2.875294749111194e-05,4.3068928042962365e-05,0.04109127348959404,True
0,characteristic_broad,characteristic,2100,0.0003,2.2280892153503373e-05,2.857207704221266e-05,4.281748783945112e-05,0.04095600858738084,True
0,characteristic_broad,characteristic,2200,0.0003,1.5640103811165318e-05,2.8313093464571797e-05,4.246433370509276e-05,0.040830224376088985,True
0,characteristic_broad,characteristic,2300,0.0003,5.199450970394537e-05,2.8166150383408615e-05,4.2421123989875996e-05,0.04046394272064299,True
0,characteristic_broad,characteristic,2400,0.0003,1.735342448228039e-05,2.7944283088012615e-05,4.2414413749855135e-05,0.04053470647503868,False
0,characteristic_broad,characteristic,2500,0.0003,3.860759534290992e-05,2.7768542482499818e-05,4.238187804516843e-05,0.04077546603853578,False
0,characteristic_broad,characteristic,2600,0.0003,3.5049448342761025e-05,2.7527201414943256e-05,4.187701836843165e-05,0.04018668208845051,True
0,characteristic_broad,characteristic,2700,0.0003,3.835969255305827e-05,2.741924970557064e-05,4.21155888010486e-05,0.04006954558943121,True
0,characteristic_broad,characteristic,2800,0.0003,2.5048586394404992e-05,2.7227616709232386e-05,4.178909797927523e-05,0.03997083140540677,True
0,characteristic_broad,characteristic,2900,0.0003,1.9716746464837343e-05,2.715321505260279e-05,4.183244275148301e-05,0.04011645030221584,False
0,characteristic_broad,characteristic,3000,0.0003,2.24711220653262e-05,2.6975311410267234e-05,4.181599220127062e-05,0.040052225736266114,False
0,characteristic_broad,characteristic,3100,0.0003,2.990806387970224e-05,2.6868139955632645e-05,4.154372759836001e-05,0.03982730430558255,True
0,characteristic_broad,characteristic,3200,0.0003,2.241474066977389e-05,2.662240810802927e-05,4.1657830725478774e-05,0.039891037872091625,False
0,characteristic_broad,characteristic,3300,0.0003,2.3151986169978045e-05,2.6500349479880884e-05,4.150557184890156e-05,0.03973664359276824,True
0,characteristic_broad,characteristic,3400,0.0003,2.3238651920109987e-05,2.6394921690368333e-05,4.121733348500105e-05,0.03972286065520102,True
0,characteristic_broad,characteristic,3500,0.0003,2.21069512917893e-05,2.63148106873692e-05,4.12433858644339e-05,0.0396052438412096,True
0,characteristic_broad,characteristic,3600,0.0003,1.7720560208545066e-05,2.6135857679106837e-05,4.098073389530303e-05,0.03949196989547868,True
0,characteristic_broad,characteristic,3700,0.0003,1.7395068425685167e-05,2.6101581609568835e-05,4.0787669451103785e-05,0.03955873377664028,False
0,characteristic_broad,characteristic,3800,0.0003,1.5051281479827594e-05,2.5989185555720296e-05,4.076121389801961e-05,0.03945458171652679,True
0,characteristic_broad,characteristic,3900,0.0003,3.229355570510961e-05,2.596552838335863e-05,4.098533639026915e-05,0.03952035524659612,False
0,characteristic_broad,characteristic,4000,0.0003,2.5230498067685403e-05,2.578920472441848e-05,4.07309382294116e-05,0.03939336674036005,True
0,characteristic_broad,characteristic,4100,0.0003,3.945506250602193e-05,2.5678401544397532e-05,4.081273081657641e-05,0.03940603526976089,False
0,characteristic_broad,characteristic,4200,0.0003,2.063639840343967e-05,2.555466765516448e-05,4.048247654614909e-05,0.03924406515438827,True
0,characteristic_broad,characteristic,4300,0.0003,2.317916732863523e-05,2.5492635001589e-05,4.067928370490086e-05,0.039287564873089556,False
0,characteristic_broad,characteristic,4400,0.0003,2.696175579330884e-05,2.537406220500468e-05,4.040785674066618e-05,0.03890608658403787,True
0,characteristic_broad,characteristic,4500,0.0003,2.1739393559983e-05,2.5292475399172283e-05,4.04710469202875e-05,0.03922478259761459,False
0,characteristic_broad,characteristic,4600,0.0003,1.7409913198207505e-05,2.516365057424824e-05,4.042197719636355e-05,0.03911041736881809,False
0,characteristic_broad,characteristic,4700,0.0003,2.3523431082139723e-05,2.5114692802009284e-05,4.0416340526266426e-05,0.03914444252434405,False
0,characteristic_broad,characteristic,4800,0.0003,3.166584065183997e-05,2.4978655374384133e-05,4.0153829168583105e-05,0.03892296797055259,False
0,characteristic_broad,characteristic,4900,0.0003,2.949639929283876e-05,2.497884367282192e-05,4.004667999277658e-05,0.038847955856131655,True
0,characteristic_broad,characteristic,5000,0.0003,1.5829897165531293e-05,2.504127451586198e-05,4.040674145525212e-05,0.03925165848552524,False
0,characteristic_broad,characteristic,5100,0.0003,2.7309764845995232e-05,2.4730612432862492e-05,3.99604118642172e-05,0.03900413009703365,False
0,characteristic_broad,characteristic,5200,0.0003,3.355433727847412e-05,2.471088277893248e-05,3.9881239287567395e-05,0.03884051678230519,True
0,characteristic_broad,characteristic,5300,0.0003,1.9694980437634513e-05,2.458209216494784e-05,3.989291270080881e-05,0.038800128543434426,True
0,characteristic_broad,characteristic,5400,0.0003,2.4966515411506407e-05,2.4593069902317905e-05,3.985018742170331e-05,0.03881435924113948,False
0,characteristic_broad,characteristic,5500,0.0003,2.652608964126557e-05,2.4411598420291568e-05,3.968079238095217e-05,0.0387457457215812,True
0,characteristic_broad,characteristic,5600,0.0003,2.9177828764659353e-05,2.4493031441929868e-05,4.005251496838515e-05,0.03920998505468988,False
0,characteristic_broad,characteristic,5700,0.0003,1.7633883544476703e-05,2.4285812574970427e-05,3.954345853831863e-05,0.03860285781416215,True
0,characteristic_broad,characteristic,5800,0.0003,3.6710032873088494e-05,2.424072250777363e-05,3.9676337935079155e-05,0.0387931599423974,False
0,characteristic_broad,characteristic,5900,0.0003,1.442878146917792e-05,2.4166686622732787e-05,3.9505588805327326e-05,0.03866931631322674,False
0,characteristic_broad,characteristic,6000,0.0003,1.698435880825855e-05,2.417731875824917e-05,3.958509272813578e-05,0.03866707132363052,False
0,characteristic_broad,characteristic,6100,0.0003,4.184061981504783e-05,2.4052900351384135e-05,3.949017849829949e-05,0.03858351716735101,True
0,characteristic_broad,characteristic,6200,0.0003,1.280391552427318e-05,2.396692464331529e-05,3.940923035972648e-05,0.03870096266188068,False
0,characteristic_broad,characteristic,6300,0.0003,1.2748957487929147e-05,2.390835762926702e-05,3.922312661968902e-05,0.038286742285526885,True
0,characteristic_broad,characteristic,6400,0.0003,2.3033089746604674e-05,2.3848780696690653e-05,3.930465944090043e-05,0.038224117164259865,True
0,characteristic_broad,characteristic,6500,0.0003,1.5377896488644183e-05,2.382891347642517e-05,3.904478281684634e-05,0.038262325743796316,False
0,characteristic_broad,characteristic,6600,0.0003,2.5875973733491264e-05,2.383999634441345e-05,3.9496677269507806e-05,0.03861928527452983,False
0,characteristic_broad,characteristic,6700,0.0003,2.746044447121676e-05,2.3645613809969006e-05,3.903125954131456e-05,0.038308029258045974,False
0,characteristic_broad,characteristic,6800,0.0003,2.5042421839316376e-05,2.36506810388617e-05,3.9288279900229934e-05,0.03848936779239012,False
0,characteristic_broad,characteristic,6900,0.0003,2.3934126147651114e-05,2.3564602260859646e-05,3.894794415804296e-05,0.03824658417398856,False
0,characteristic_broad,characteristic,7000,0.0003,1.9437507944530807e-05,2.349006701207281e-05,3.9084417611555336e-05,0.03826378869785453,False
0,characteristic_broad,characteristic,7100,0.0003,3.121296686003916e-05,2.341302792395383e-05,3.884001718712301e-05,0.038096585062814596,True
0,characteristic_broad,characteristic,7200,0.0003,1.8878214177675545e-05,2.3439406895460526e-05,3.903512475826455e-05,0.03828637173386782,False
0,characteristic_broad,characteristic,7300,0.0003,2.9639171771123074e-05,2.350778483974808e-05,3.895947488642669e-05,0.03830820271709991,False
0,characteristic_broad,characteristic,7400,0.0003,1.3849930837750435e-05,2.3290784744067666e-05,3.8894830694653436e-05,0.03829323719581936,False
0,characteristic_broad,characteristic,7500,0.0003,3.4538090403657407e-05,2.3306941518103312e-05,3.883875573580488e-05,0.03847338221997958,False
0,characteristic_broad,characteristic,7600,0.0003,1.6943578884820454e-05,2.3206093204047146e-05,3.876419240697074e-05,0.03813839923519286,False
0,characteristic_broad,characteristic,7700,0.0003,1.5125385289138649e-05,2.3149630617728577e-05,3.860006481713427e-05,0.03819775072343239,False
0,characteristic_broad,characteristic,7800,0.0003,1.948968019860331e-05,2.3100439104933105e-05,3.86492567200798e-05,0.038173547846636256,False
0,characteristic_broad,characteristic,7900,0.0003,1.9471832274575718e-05,2.3057357830948184e-05,3.8694015481917105e-05,0.03816087249559087,False
0,characteristic_broad,characteristic,8000,0.0003,3.658957575680688e-05,2.306307145033988e-05,3.8514304388728406e-05,0.0379776926665495,True
0,characteristic_broad,characteristic,8100,0.0003,1.5248129784595221e-05,2.3057045066243902e-05,3.8837693655236434e-05,0.03828065065311892,False
0,characteristic_broad,characteristic,8200,0.0003,3.481303428998217e-05,2.296755114441802e-05,3.862871407619464e-05,0.0379466102313316,True
0,characteristic_broad,characteristic,8300,0.0003,3.2564083085162565e-05,2.289115516397517e-05,3.8575343700168426e-05,0.03799908943999068,False
0,characteristic_broad,characteristic,8400,0.0003,3.143647700198926e-05,2.2844385843674055e-05,3.868399739183267e-05,0.03829645979565024,False
0,characteristic_broad,characteristic,8500,0.0003,2.379202669544611e-05,2.2933596474835756e-05,3.8525977916102494e-05,0.037984456989236734,False
0,characteristic_broad,characteristic,8600,0.0003,3.424156238907017e-05,2.2767648088363968e-05,3.8651980572300996e-05,0.03809889439651867,False
0,characteristic_broad,characteristic,8700,0.0003,3.3803164114942774e-05,2.276638982160966e-05,3.871263356368039e-05,0.038074419478704664,False
0,characteristic_broad,characteristic,8800,0.0003,2.0653078536270186e-05,2.269726075317668e-05,3.867019000204487e-05,0.038134901896289035,False
0,characteristic_broad,characteristic,8900,0.0003,2.507632234483026e-05,2.2700896573170906e-05,3.8537737499508593e-05,0.037832926619383526,True
0,characteristic_broad,characteristic,9000,0.0003,2.8649546948145144e-05,2.2624622619179187e-05,3.847362838070718e-05,0.03812190826965551,False
0,characteristic_broad,characteristic,9100,0.0003,1.5596871890011244e-05,2.260413469561158e-05,3.861536255130678e-05,0.038171759436255365,False
0,characteristic_broad,characteristic,9200,0.0003,2.714160109462682e-05,2.2620082992553653e-05,3.858211800666051e-05,0.03798992486359822,False
0,characteristic_broad,characteristic,9300,0.0003,7.839533282094635e-06,2.2669881417226918e-05,3.859721819620604e-05,0.03823582600886299,False
0,characteristic_broad,characteristic,9400,0.0003,2.9527684091590345e-05,2.2464669563796843e-05,3.8552465045891606e-05,0.03806179515061811,False
0,characteristic_broad,characteristic,9500,0.0003,2.263667920487933e-05,2.24767426756778e-05,3.8376127942647857e-05,0.03807495993276881,False
0,characteristic_broad,characteristic,9600,0.0003,4.0686845750315115e-05,2.2434881969508483e-05,3.8502826427681725e-05,0.03815266498692353,False
0,characteristic_broad,characteristic,9700,0.0003,1.362454077025177e-05,2.248857430828257e-05,3.844518726158984e-05,0.03804899840639668,False
0,characteristic_broad,characteristic,9800,0.0003,3.99791169911623e-05,2.242345750060689e-05,3.832851959243295e-05,0.038090002733736465,False
0,characteristic_broad,characteristic,9900,0.0003,1.9842924302793108e-05,2.239827861495573e-05,3.8436361249183226e-05,0.03802718493859772,False
0,characteristic_broad,characteristic,10000,8.999999999999999e-05,1.6582922398811206e-05,2.228565510965427e-05,3.826626075440835e-05,0.03786576634162845,False
0,characteristic_broad,characteristic,10100,8.999999999999999e-05,1.6829659216455184e-05,2.227160685349584e-05,3.817470537291633e-05,0.03791836323374801,False
0,characteristic_broad,characteristic,10200,8.999999999999999e-05,2.044474967988208e-05,2.22628363104844e-05,3.828460992058264e-05,0.03800710410939881,False
0,characteristic_broad,characteristic,10300,8.999999999999999e-05,3.9785547414794564e-05,2.2242719600141276e-05,3.821170931450682e-05,0.03797322776388623,False
0,characteristic_broad,characteristic,10400,8.999999999999999e-05,2.8290347472648136e-05,2.224204594793933e-05,3.8188269488921305e-05,0.03781889962345086,True
0,characteristic_broad,characteristic,10500,8.999999999999999e-05,2.402049176453147e-05,2.221975241826983e-05,3.817945637350622e-05,0.03788725445961883,False
0,characteristic_broad,characteristic,10600,8.999999999999999e-05,2.8247255613678135e-05,2.2212162081302068e-05,3.818498265829084e-05,0.03794477621985519,False
0,characteristic_broad,characteristic,10700,8.999999999999999e-05,1.111215169657953e-05,2.224250680096162e-05,3.810005235482689e-05,0.037828975115288,False
0,characteristic_broad,characteristic,10800,8.999999999999999e-05,1.6439638784504496e-05,2.2216374473824696e-05,3.8175714020373825e-05,0.03784875059200731,False
0,characteristic_broad,characteristic,10900,8.999999999999999e-05,2.604719702503644e-05,2.218828012478106e-05,3.820259119855739e-05,0.037972786674328504,False
0,characteristic_broad,characteristic,11000,2.6999999999999996e-05,3.517885124892928e-05,2.217316800653506e-05,3.82650654619937e-05,0.037933961353652956,False
0,characteristic_broad,characteristic,11100,2.6999999999999996e-05,3.3913955121533945e-05,2.2177398253867396e-05,3.826668574642146e-05,0.03797788155615285,False
0,characteristic_broad,characteristic,11200,2.6999999999999996e-05,1.5779873137944378e-05,2.2169492154835342e-05,3.820274678040661e-05,0.037981721352063534,False
0,characteristic_broad,characteristic,11300,2.6999999999999996e-05,2.6820338462130167e-05,2.2158648272783592e-05,3.8170965207326745e-05,0.038006657191227894,False
0,characteristic_broad,characteristic,11400,2.6999999999999996e-05,2.286614471813664e-05,2.2153835654458553e-05,3.818429557962672e-05,0.03791948743815582,False
0,characteristic_broad,characteristic,11500,2.6999999999999996e-05,1.9671169866342098e-05,2.2150671535075224e-05,3.822312611946532e-05,0.03790686325365091,False
0,characteristic_broad,characteristic,11600,2.6999999999999996e-05,1.6201991456910037e-05,2.2148636934236834e-05,3.8236117803071644e-05,0.03806742043271217,False
0,characteristic_broad,characteristic,11700,2.6999999999999996e-05,2.2078878828324378e-05,2.2150169557559934e-05,3.8191942392324944e-05,0.037911778064602684,False
0,characteristic_broad,characteristic,11800,2.6999999999999996e-05,1.992770739889238e-05,2.2151374639015487e-05,3.820017554258526e-05,0.037993848661549666,False
0,characteristic_broad,characteristic,11900,2.6999999999999996e-05,1.575665555719752e-05,2.2142552177446727e-05,3.81765445828243e-05,0.037909368462281996,False
0,characteristic_broad,characteristic,12000,8.099999999999999e-06,1.9828527001664042e-05,2.2136580084818077e-05,3.8166874159870094e-05,0.03788851623370495,False
0,characteristic_broad,characteristic,12100,8.099999999999999e-06,8.457732292299625e-06,2.2138789678848852e-05,3.819304831886019e-05,0.03797435536403696,False
0,characteristic_broad,characteristic,12200,8.099999999999999e-06,4.028473631478846e-05,2.2133792807629967e-05,3.819649617166374e-05,0.03791293672702795,False
0,characteristic_broad,characteristic,12300,8.099999999999999e-06,1.3659438991453499e-05,2.2132951834049947e-05,3.820201747265516e-05,0.037935052630413676,False
0,characteristic_broad,characteristic,12400,8.099999999999999e-06,2.7430207410361618e-05,2.2133111059879778e-05,3.821075594530508e-05,0.03795137964081389,False
0,characteristic_broad,characteristic,12500,8.099999999999999e-06,1.4900656424288172e-05,2.2132435400517107e-05,3.820639999592494e-05,0.03798473775076497,False
0,characteristic_broad,characteristic,12600,8.099999999999999e-06,2.340711398574058e-05,2.2131171625221713e-05,3.817532094746365e-05,0.03791678085469337,False
0,characteristic_broad,characteristic,12700,8.099999999999999e-06,2.3139555196394213e-05,2.213013441822852e-05,3.818788883744989e-05,0.03791998788755993,False
0,characteristic_broad,characteristic,12800,8.099999999999999e-06,1.5447503756149672e-05,2.2128021422152716e-05,3.820060888530528e-05,0.03799247930975406,False
0,characteristic_broad,characteristic,12900,8.099999999999999e-06,3.6175908462610096e-05,2.2128354494863144e-05,3.8203056574513025e-05,0.03793855343962527,False
0,characteristic_broad,characteristic,13000,3e-06,9.703575415187515e-06,2.2127757168292884e-05,3.82011882607746e-05,0.037980161568201505,False
0,characteristic_broad,characteristic,13100,3e-06,1.1864073712786194e-05,2.212648739381711e-05,3.819539287017987e-05,0.03792307126362339,False
0,characteristic_broad,characteristic,13200,3e-06,2.9438946512527764e-05,2.2125991031891485e-05,3.820038942720595e-05,0.03796203467417238,False
0,characteristic_broad,characteristic,13300,3e-06,2.429949563520495e-05,2.212562466707523e-05,3.818796633353177e-05,0.037957342428877765,False
0,characteristic_broad,characteristic,13400,3e-06,1.0131417184311431e-05,2.2125439406140667e-05,3.8182778908639805e-05,0.03788595155145632,False
0,characteristic_broad,characteristic,13500,3e-06,1.5800036635482684e-05,2.2125427358715984e-05,3.818675709790946e-05,0.03804265268635419,False
0,characteristic_broad,characteristic,13600,3e-06,3.845915853162296e-05,2.2126124922892656e-05,3.8188712532918147e-05,0.03800628628905866,False
0,characteristic_broad,characteristic,13700,3e-06,3.6240104236640036e-05,2.2124189961972822e-05,3.8200473581026825e-05,0.037937866423080606,False
0,characteristic_broad,characteristic,13800,3e-06,1.7272570403292775e-05,2.2124927058294985e-05,3.819373463663985e-05,0.03794188745427326,False
0,characteristic_broad,characteristic,13900,3e-06,2.353097988816444e-05,2.2123172255661125e-05,3.8193728359343086e-05,0.0379536852273833,False
0,dissipation_broad,dissipation,0,0.0003,,6.319739497213185e-05,8.561446480194313e-05,0.05953675557566144,True
0,dissipation_broad,dissipation,100,0.0003,7.021155033726245e-05,4.6329057402551974e-05,6.407432349815697e-05,0.055398868044805503,True
0,dissipation_broad,dissipation,200,0.0003,1.4349751836562064e-05,3.997630715348769e-05,5.378830086841595e-05,0.05178671376600821,True
0,dissipation_broad,dissipation,300,0.0003,5.862542093382217e-05,3.6636329562870706e-05,4.891352294305084e-05,0.04924877749239512,True
0,dissipation_broad,dissipation,400,0.0003,4.0128568798536435e-05,3.447185305279048e-05,4.5589591833775e-05,0.04720170470889219,True
0,dissipation_broad,dissipation,500,0.0003,4.808470475836657e-05,3.3159629331180876e-05,4.459366060069038e-05,0.04644263098177787,True
0,dissipation_broad,dissipation,600,0.0003,3.459424988250248e-05,3.226770625995665e-05,4.3758083008582785e-05,0.04577663606458748,True
0,dissipation_broad,dissipation,700,0.0003,2.226287870144006e-05,3.1495915134383856e-05,4.290357609492501e-05,0.044885998994328144,True
0,dissipation_broad,dissipation,800,0.0003,2.9805905796820298e-05,3.0722756173383175e-05,4.214602142109785e-05,0.04436642279369898,True
0,dissipation_broad,dissipation,900,0.0003,2.8504684451036155e-05,3.0024800051745898e-05,4.1559133321059006e-05,0.04413128766458743,True
0,dissipation_broad,dissipation,1000,0.0003,2.5559504138072953e-05,2.9412284725384924e-05,4.0763125353906714e-05,0.04349134980149001,True
0,dissipation_broad,dissipation,1100,0.0003,2.826930722221732e-05,2.882993421463788e-05,4.045398134716902e-05,0.04357035466308907,False
0,dissipation_broad,dissipation,1200,0.0003,3.389273115317337e-05,2.8211461599573663e-05,3.9487108196363195e-05,0.04290009563666859,True
0,dissipation_broad,dissipation,1300,0.0003,3.3982767490670085e-05,2.771809991088721e-05,3.951027748948024e-05,0.043070873078992856,False
0,dissipation_broad,dissipation,1400,0.0003,6.953396223252639e-06,2.7138154304290184e-05,3.828503883115071e-05,0.04217911038578854,True
0,dissipation_broad,dissipation,1500,0.0003,3.727155853994191e-05,2.6740101638867368e-05,3.790566191728549e-05,0.041927069721367186,True
0,dissipation_broad,dissipation,1600,0.0003,3.580188058549538e-05,2.6159106367499608e-05,3.7530316530690325e-05,0.04175929899442508,True
0,dissipation_broad,dissipation,1700,0.0003,1.699826134426985e-05,2.5696935813688455e-05,3.7212921816283484e-05,0.041449883324929306,True
0,dissipation_broad,dissipation,1800,0.0003,2.2054915461922064e-05,2.530591396465041e-05,3.664763277210904e-05,0.041281330716290775,True
0,dissipation_broad,dissipation,1900,0.0003,4.299237843952142e-05,2.478311671982466e-05,3.686886930570396e-05,0.041052258495578864,True
0,dissipation_broad,dissipation,2000,0.0003,1.982087269425392e-05,2.4345422509729404e-05,3.66388705788862e-05,0.04068338518299843,True
0,dissipation_broad,dissipation,2100,0.0003,1.9899480321328156e-05,2.399356177583394e-05,3.590407667931145e-05,0.04033144442862226,True
0,dissipation_broad,dissipation,2200,0.0003,1.3113293789501768e-05,2.3531435981706868e-05,3.572112193568518e-05,0.040004726508247004,True
0,dissipation_broad,dissipation,2300,0.0003,4.313414319767617e-05,2.3059377208587595e-05,3.512509648834227e-05,0.03965595232672666,True
0,dissipation_broad,dissipation,2400,0.0003,1.5078395335876849e-05,2.2671421235106116e-05,3.5561133157827105e-05,0.03944125442209859,True
0,dissipation_broad,dissipation,2500,0.0003,2.9566188459284604e-05,2.2231060190847093e-05,3.5188457391413504e-05,0.03906754656692287,True
0,dissipation_broad,dissipation,2600,0.0003,4.020499545731582e-05,2.186281655618914e-05,3.466714448234663e-05,0.03872753116454984,True
0,dissipation_broad,dissipation,2700,0.0003,3.5436376492725685e-05,2.1543573548881715e-05,3.4034716496487554e-05,0.03840127571265823,True
0,dissipation_broad,dissipation,2800,0.0003,2.1507519704755396e-05,2.1247595813574976e-05,3.428199995016935e-05,0.03831254380625711,True
0,dissipation_broad,dissipation,2900,0.0003,1.6750782378949225e-05,2.094224777333153e-05,3.371868846371916e-05,0.03803356786532622,True
0,dissipation_broad,dissipation,3000,0.0003,2.2355450710165314e-05,2.0708792157813736e-05,3.3379281304922756e-05,0.03765601481463003,True
0,dissipation_broad,dissipation,3100,0.0003,2.0882513126707636e-05,2.038710346977116e-05,3.35786702397456e-05,0.03762165044230093,True
0,dissipation_broad,dissipation,3200,0.0003,1.8136317521566525e-05,2.0101258635585164e-05,3.2732521090199986e-05,0.037056925550989335,True
0,dissipation_broad,dissipation,3300,0.0003,2.0510846297838725e-05,1.984647456895546e-05,3.282320837861572e-05,0.03689389833522234,True
0,dissipation_broad,dissipation,3400,0.0003,2.0313143977546133e-05,1.963295592030803e-05,3.223801804006441e-05,0.03657421340623705,True
0,dissipation_broad,dissipation,3500,0.0003,1.7716123693389818e-05,1.939244373430323e-05,3.2229354476489224e-05,0.036604111363067,False
0,dissipation_broad,dissipation,3600,0.0003,1.5336074284277856e-05,1.9194914850538376e-05,3.1537450359239444e-05,0.03635059009181898,True
0,dissipation_broad,dissipation,3700,0.0003,1.4433845535677392e-05,1.908689712787982e-05,3.145920478714496e-05,0.03618323622599924,True
0,dissipation_broad,dissipation,3800,0.0003,1.0542974450800102e-05,1.8833398763661296e-05,3.1597280092659145e-05,0.03578768368952864,True
0,dissipation_broad,dissipation,3900,0.0003,2.8006616048514843e-05,1.8678714090358767e-05,3.1322965248536586e-05,0.0355796763317614,True
0,dissipation_broad,dissipation,4000,0.0003,1.4201407793734688e-05,1.8494301038469505e-05,3.130394684643868e-05,0.03600762305248147,False
0,dissipation_broad,dissipation,4100,0.0003,2.730704909481574e-05,1.8237843878488716e-05,3.024358659970507e-05,0.03530831023360226,True
0,dissipation_broad,dissipation,4200,0.0003,1.5369319953606464e-05,1.8087445826972638e-05,3.0489570881221807e-05,0.03539262525092825,False
0,dissipation_broad,dissipation,4300,0.0003,1.7673010006546974e-05,1.7939588305686683e-05,3.023820311391081e-05,0.035118221053751744,True
0,dissipation_broad,dissipation,4400,0.0003,2.4744183974689804e-05,1.7873601670380523e-05,3.0186950469547823e-05,0.03522032449009935,False
0,dissipation_broad,dissipation,4500,0.0003,1.3949831554782577e-05,1.764990794793542e-05,2.9647368876860033e-05,0.03462431718861011,True
0,dissipation_broad,dissipation,4600,0.0003,1.1444210940680932e-05,1.7611668570059925e-05,2.9885204637490116e-05,0.03493656688582964,False
0,dissipation_broad,dissipation,4700,0.0003,2.0527755623334087e-05,1.7434827036891576e-05,2.9769545425569603e-05,0.0346837566571448,False
0,dissipation_broad,dissipation,4800,0.0003,1.874564986792393e-05,1.7303462319568486e-05,2.960871821010692e-05,0.03454293859608153,True
0,dissipation_broad,dissipation,4900,0.0003,1.996720675379038e-05,1.7167271607309238e-05,2.9205570181563886e-05,0.034321770350082235,True
0,dissipation_broad,dissipation,5000,0.0003,1.1050013199565e-05,1.7342880088122297e-05,2.957622338393764e-05,0.03464064651964494,False
0,dissipation_broad,dissipation,5100,0.0003,2.1246611140668392e-05,1.7095860910077376e-05,2.8982215859239396e-05,0.03435891152727611,False
0,dissipation_broad,dissipation,5200,0.0003,2.871702963602729e-05,1.693859697280316e-05,2.8862489358479387e-05,0.034297707618072056,True
0,dissipation_broad,dissipation,5300,0.0003,1.3503859008778818e-05,1.6762788467273344e-05,2.844184619949802e-05,0.03389118283383453,True
0,dissipation_broad,dissipation,5400,0.0003,1.8678445485420525e-05,1.6666545855573652e-05,2.821917967867788e-05,0.03384086258591849,True
0,dissipation_broad,dissipation,5500,0.0003,1.3277059224492405e-05,1.6629480367876105e-05,2.815885729159478e-05,0.03402711953104118,False
0,dissipation_broad,dissipation,5600,0.0003,1.8467320842319168e-05,1.678339174905813e-05,2.8844933927947886e-05,0.03402883867344379,False
0,dissipation_broad,dissipation,5700,0.0003,1.5660407370887697e-05,1.644651842628288e-05,2.8268705172391208e-05,0.03371302446251136,True
0,dissipation_broad,dissipation,5800,0.0003,2.447920633130707e-05,1.631396114772678e-05,2.813652282188117e-05,0.033644331462254484,True
0,dissipation_broad,dissipation,5900,0.0003,8.469860404147767e-06,1.634352590257152e-05,2.7744567689023232e-05,0.03342660815798588,True
0,dissipation_broad,dissipation,6000,0.0003,1.0176418072660454e-05,1.6202290740463583e-05,2.797386050528658e-05,0.033651919069069405,False
0,dissipation_broad,dissipation,6100,0.0003,3.7241639802232385e-05,1.6115320131889192e-05,2.764454313091252e-05,0.03342804924139434,False
0,dissipation_broad,dissipation,6200,0.0003,9.681095434643794e-06,1.6042511545342903e-05,2.7618947187042946e-05,0.03320639615871202,True
0,dissipation_broad,dissipation,6300,0.0003,8.94925142347347e-06,1.5996146400305674e-05,2.748621886389123e-05,0.0331425354302967,True
0,dissipation_broad,dissipation,6400,0.0003,1.4681202628707979e-05,1.5926497205164125e-05,2.750423765403456e-05,0.033095336686108416,True
0,dissipation_broad,dissipation,6500,0.0003,9.475244951318018e-06,1.585529584141441e-05,2.7586670373292532e-05,0.03302710127631641,True
0,dissipation_broad,dissipation,6600,0.0003,1.4807261322857812e-05,1.581775219004844e-05,2.725085072764165e-05,0.03301331837107813,True
0,dissipation_broad,dissipation,6700,0.0003,1.3119517461746e-05,1.5733257110919303e-05,2.723207040629015e-05,0.032704528121823034,True
0,dissipation_broad,dissipation,6800,0.0003,1.886722384369932e-05,1.5710796259871732e-05,2.7648059672560374e-05,0.032786425703433285,False
0,dissipation_broad,dissipation,6900,0.0003,1.7867629139800556e-05,1.563475895904975e-05,2.739918699755875e-05,0.03279589600666289,False
0,dissipation_broad,dissipation,7000,0.0003,1.439703191863373e-05,1.5565948369038575e-05,2.723142135282674e-05,0.032612748136765526,True
0,dissipation_broad,dissipation,7100,0.0003,2.222400507889688e-05,1.5493616019286416e-05,2.7213575911184686e-05,0.03259659992037003,True
0,dissipation_broad,dissipation,7200,0.0003,1.3562924323196057e-05,1.545866882656897e-05,2.7009143739074373e-05,0.03255522159881433,True
0,dissipation_broad,dissipation,7300,0.0003,2.0271207176847383e-05,1.5468474631857883e-05,2.7139882025996747e-05,0.03256423401432476,False
0,dissipation_broad,dissipation,7400,0.0003,9.259004400519188e-06,1.545216274444171e-05,2.724585169774109e-05,0.03258631414305688,False
0,dissipation_broad,dissipation,7500,0.0003,2.188037797168363e-05,1.5409726509467567e-05,2.7240534637159868e-05,0.032627180627101834,False
0,dissipation_broad,dissipation,7600,0.0003,1.1351981811458245e-05,1.528107345735804e-05,2.721492041304123e-05,0.03252580595618665,True
0,dissipation_broad,dissipation,7700,0.0003,9.778800631465856e-06,1.5211134361303002e-05,2.7218076390567316e-05,0.03252905882470142,False
0,dissipation_broad,dissipation,7800,0.0003,1.1300067853881046e-05,1.5159615750827781e-05,2.710331673429536e-05,0.03262340220681307,False
0,dissipation_broad,dissipation,7900,0.0003,1.6236832379945554e-05,1.5179367340794296e-05,2.6781656691847137e-05,0.03269691380722018,False
0,dissipation_broad,dissipation,8000,0.0003,2.914354990934953e-05,1.509790287809839e-05,2.6813965862209062e-05,0.03237762006747059,True
0,dissipation_broad,dissipation,8100,0.0003,1.2192754184070509e-05,1.5079878387487425e-05,2.6741742614498422e-05,0.0324425918965652,False
0,dissipation_broad,dissipation,8200,0.0003,2.43809336097911e-05,1.4977726832895729e-05,2.655379981672988e-05,0.03225576154229965,True
0,dissipation_broad,dissipation,8300,0.0003,1.845856058935169e-05,1.4999094316593132e-05,2.662856786152701e-05,0.03236513973603872,False
0,dissipation_broad,dissipation,8400,0.0003,1.8564760466688313e-05,1.4913139853205432e-05,2.662263884059963e-05,0.032079448998004814,True
0,dissipation_broad,dissipation,8500,0.0003,1.857950701378286e-05,1.4970342109472245e-05,2.678118815822101e-05,0.032304337407062685,False
0,dissipation_broad,dissipation,8600,0.0003,2.3388060071738437e-05,1.4920199702054948e-05,2.6894101813691213e-05,0.03232344382930809,False
0,dissipation_broad,dissipation,8700,0.0003,2.9788907340844162e-05,1.4891324357853995e-05,2.688783378069429e-05,0.03216637323224552,False
0,dissipation_broad,dissipation,8800,0.0003,1.0883483810175676e-05,1.4786505554285315e-05,2.6851629852043355e-05,0.03230865493595118,False
0,dissipation_broad,dissipation,8900,0.0003,1.3988211321702693e-05,1.474948058447219e-05,2.6871637422956673e-05,0.03218264097741021,False
0,dissipation_broad,dissipation,9000,0.0003,1.2349269127298612e-05,1.4709368621541538e-05,2.6867598324886285e-05,0.032054127854049735,True
0,dissipation_broad,dissipation,9100,0.0003,9.155625775747467e-06,1.4837712898736257e-05,2.7189996158947645e-05,0.03224482451995519,False
0,dissipation_broad,dissipation,9200,0.0003,2.2544820240000263e-05,1.469733661631215e-05,2.6910090963569246e-05,0.032100091714665234,False
0,dissipation_broad,dissipation,9300,0.0003,4.342859483585926e-06,1.4608758693503865e-05,2.6717365550461644e-05,0.032022438285596616,True
0,dissipation_broad,dissipation,9400,0.0003,1.7919401216204278e-05,1.4605159943537979e-05,2.6846944858180056e-05,0.03224636625212659,False
0,dissipation_broad,dissipation,9500,0.0003,1.4603159797843546e-05,1.4553557803954259e-05,2.678036324533762e-05,0.031945021448795255,True
0,dissipation_broad,dissipation,9600,0.0003,3.126598312519491e-05,1.4551181026816482e-05,2.6890204772748832e-05,0.032027472331359615,False
0,dissipation_broad,dissipation,9700,0.0003,1.0059397027362138e-05,1.4592822923474871e-05,2.6891064020543316e-05,0.03211748021889012,False
0,dissipation_broad,dissipation,9800,0.0003,2.5591114535927773e-05,1.453317759578184e-05,2.6674018267335164e-05,0.0320132454638406,False
0,dissipation_broad,dissipation,9900,0.0003,1.204986619995907e-05,1.4540611251553528e-05,2.6982863550835284e-05,0.032041824386269596,False
0,dissipation_broad,dissipation,10000,0.0003,7.735657163721044e-06,1.4459339146220422e-05,2.677544338546474e-05,0.031934807319431796,True
0,dissipation_broad,dissipation,10100,0.0003,9.795153346203733e-06,1.4439538371895521e-05,2.6978743589769292e-05,0.03208724843907554,False
0,dissipation_broad,dissipation,10200,0.0003,1.56805181177333e-05,1.439015646206422e-05,2.6502756815056738e-05,0.03190132776894575,True
0,dissipation_broad,dissipation,10300,0.0003,2.80314234260004e-05,1.451897336316377e-05,2.7012026996589173e-05,0.03193169119250543,False
0,dissipation_broad,dissipation,10400,0.0003,1.8164404536946677e-05,1.4397660448747576e-05,2.6634983049577796e-05,0.03190059385448627,True
0,dissipation_broad,dissipation,10500,0.0003,1.843560312408954e-05,1.4322454565190406e-05,2.6766900669363344e-05,0.031925825132753695,False
0,dissipation_broad,dissipation,10600,0.0003,1.872294524218887e-05,1.4300441121418471e-05,2.671445258040882e-05,0.031885991525821805,True
0,dissipation_broad,dissipation,10700,0.0003,7.644611287105363e-06,1.4342670112587798e-05,2.693377684016584e-05,0.032006023915831766,False
0,dissipation_broad,dissipation,10800,0.0003,1.0674302757252008e-05,1.425029534643152e-05,2.65776331146899e-05,0.03166638814836081,True
0,dissipation_broad,dissipation,10900,0.0003,1.9370592781342566e-05,1.4214698979952213e-05,2.6975593280832412e-05,0.03198872852418645,False
0,dissipation_broad,dissipation,11000,0.0003,1.9844455891870894e-05,1.4220126360383641e-05,2.68480932991343e-05,0.03174952268965476,False
0,dissipation_broad,dissipation,11100,0.0003,1.965738738363143e-05,1.4162594945369809e-05,2.6591193312139926e-05,0.031836094808945566,False
0,dissipation_broad,dissipation,11200,0.0003,1.0713980373111553e-05,1.4165388134761331e-05,2.669934953754658e-05,0.03177581460993036,False
0,dissipation_broad,dissipation,11300,0.0003,1.2277722817088943e-05,1.4145910783164146e-05,2.668058633609535e-05,0.03173092690795229,False
0,dissipation_broad,dissipation,11400,0.0003,1.0454971743456554e-05,1.4164556840156344e-05,2.678289061817006e-05,0.03177464854938003,False
0,dissipation_broad,dissipation,11500,0.0003,1.4548758372256998e-05,1.4122416556570179e-05,2.6440193661293806e-05,0.03169510564691964,False
0,dissipation_broad,dissipation,11600,0.0003,8.22800757305231e-06,1.4068068828526527e-05,2.677258782414415e-05,0.03175642063726006,False
0,dissipation_broad,dissipation,11700,0.0003,1.0913535334111657e-05,1.4078423016886601e-05,2.6829452638124766e-05,0.03176250896688131,False
0,dissipation_broad,dissipation,11800,0.0003,9.581277481629513e-06,1.4076273523938352e-05,2.6949526178285332e-05,0.03171008669549689,False
0,dissipation_broad,dissipation,11900,8.999999999999999e-05,1.155427162302658e-05,1.3991388478013062e-05,2.6738016411138613e-05,0.03174112913531846,False
0,dissipation_broad,dissipation,12000,8.999999999999999e-05,1.5097111827344634e-05,1.3991038837305973e-05,2.6733376157281348e-05,0.031717534765676576,False
0,dissipation_broad,dissipation,12100,8.999999999999999e-05,6.203237717272714e-06,1.3987426104120396e-05,2.6927287827300674e-05,0.03172596558017387,False
0,dissipation_broad,dissipation,12200,8.999999999999999e-05,2.9058148356853053e-05,1.3976364320240401e-05,2.6791313399859017e-05,0.031697066331135525,False
0,dissipation_broad,dissipation,12300,8.999999999999999e-05,8.20424611447379e-06,1.3973424739696771e-05,2.6835939748778794e-05,0.03170237861091418,False
0,dissipation_broad,dissipation,12400,8.999999999999999e-05,1.59413229994243e-05,1.396057540301048e-05,2.6877647192746986e-05,0.03172739121402512,False
0,dissipation_broad,dissipation,12500,8.999999999999999e-05,1.1025436833733693e-05,1.3959041535247731e-05,2.685999522500008e-05,0.031556808975426086,True
0,dissipation_broad,dissipation,12600,8.999999999999999e-05,1.6729871276766062e-05,1.3937682749246786e-05,2.6674275598458313e-05,0.031682873133771314,False
0,dissipation_broad,dissipation,12700,8.999999999999999e-05,1.4946189367037732e-05,1.3945527268587915e-05,2.672511030801152e-05,0.031635045488774556,False
0,dissipation_broad,dissipation,12800,8.999999999999999e-05,9.163723916572053e-06,1.3930516837564408e-05,2.680715278865392e-05,0.03162100585962617,False
0,dissipation_broad,dissipation,12900,8.999999999999999e-05,2.6767977033159696e-05,1.3930611466271695e-05,2.662708763690556e-05,0.031557203011906135,False
0,dissipation_broad,dissipation,13000,8.999999999999999e-05,5.429264547274215e-06,1.393968543622971e-05,2.6655132848818123e-05,0.03162622374544072,False
0,dissipation_broad,dissipation,13100,8.999999999999999e-05,8.062108463491313e-06,1.3910389353228568e-05,2.6714620621741013e-05,0.031705162450604035,False
0,dissipation_broad,dissipation,13200,8.999999999999999e-05,2.0571795175783336e-05,1.3901676380046969e-05,2.6796382450151676e-05,0.031692639469833764,False
0,dissipation_broad,dissipation,13300,8.999999999999999e-05,1.755860648700036e-05,1.3910022038356241e-05,2.6777149535703405e-05,0.031706065171282195,False
0,dissipation_broad,dissipation,13400,8.999999999999999e-05,5.837280241394183e-06,1.3893554522388283e-05,2.6836172446267666e-05,0.03166727248282638,False
0,dissipation_broad,dissipation,13500,8.999999999999999e-05,9.040396435011644e-06,1.3879270237510118e-05,2.686145193829183e-05,0.03170986518513599,False
0,dissipation_broad,dissipation,13600,2.6999999999999996e-05,2.067286186502315e-05,1.3870289497937422e-05,2.6788064328119693e-05,0.03161675236856962,False
0,dissipation_broad,dissipation,13700,2.6999999999999996e-05,2.1427216779557057e-05,1.3868348051658278e-05,2.6838183064421555e-05,0.031654485066476376,False
0,dissipation_broad,dissipation,13800,2.6999999999999996e-05,1.1092268323409371e-05,1.3863789477435536e-05,2.6846279293523943e-05,0.03162287746676919,False
0,dissipation_broad,dissipation,13900,2.6999999999999996e-05,1.2791230801667552e-05,1.3861722927058823e-05,2.682989973383134e-05,0.0316545416683436,False
0,dissipation_broad,dissipation,14000,2.6999999999999996e-05,1.3815839338349178e-05,1.386004945680756e-05,2.6823758654405967e-05,0.031596773721862,False
0,dissipation_broad,dissipation,14100,2.6999999999999996e-05,1.557864925416652e-05,1.3865255572301446e-05,2.6846659716730023e-05,0.031668113234607206,False
0,dissipation_broad,dissipation,14200,2.6999999999999996e-05,8.546697245037649e-06,1.3854646376401928e-05,2.683284582138013e-05,0.031699133733635185,False
0,dissipation_broad,dissipation,14300,2.6999999999999996e-05,1.7454363842261955e-05,1.3862555187331135e-05,2.6867903534663855e-05,0.03174541523501094,False
0,dissipation_broad,dissipation,14400,2.6999999999999996e-05,4.148990683461307e-06,1.3853877671758762e-05,2.6805653675075838e-05,0.03159291862770376,False
0,dissipation_broad,dissipation,14500,2.6999999999999996e-05,1.06729139588424e-05,1.385047190360568e-05,2.6811770995884064e-05,0.03166766542819442,False
0,dissipation_broad,dissipation,14600,8.099999999999999e-06,1.8233995433547534e-05,1.3847181667623707e-05,2.683346752104733e-05,0.03165355435253502,False
0,dissipation_broad,dissipation,14700,8.099999999999999e-06,8.100551895040553e-06,1.3846639674014173e-05,2.6796716136030026e-05,0.03161325374910363,False
0,dissipation_broad,dissipation,14800,8.099999999999999e-06,2.159268296964001e-05,1.3848612590343246e-05,2.6825942449862124e-05,0.031670486810736635,False
0,dissipation_broad,dissipation,14900,8.099999999999999e-06,1.5256939150276594e-05,1.3843983919377586e-05,2.6822723204793494e-05,0.03160233291987559,False
0,dissipation_broad,dissipation,15000,8.099999999999999e-06,1.2362172128632665e-05,1.3844054437624256e-05,2.6826982559891892e-05,0.03164427240623341,False
0,dissipation_broad,dissipation,15100,8.099999999999999e-06,1.2140151739004068e-05,1.3842272206024049e-05,2.6824451839167843e-05,0.03163388125064127,False
0,dissipation_broad,dissipation,15200,8.099999999999999e-06,2.0590943677234463e-05,1.3842935209123282e-05,2.684329459108899e-05,0.031604100812955206,False
0,dissipation_broad,dissipation,15300,8.099999999999999e-06,1.4744693544344045e-05,1.3842427827885295e-05,2.684889123866371e-05,0.03163467161151676,False
0,dissipation_broad,dissipation,15400,8.099999999999999e-06,1.3614671843242832e-05,1.3841489154642085e-05,2.68382404921759e-05,0.031619192087805024,False
0,dissipation_broad,dissipation,15500,8.099999999999999e-06,1.6922018403420225e-05,1.3838724828221732e-05,2.6876056050193903e-05,0.03162421511959861,False
0,dissipation_broad,dissipation,15600,3e-06,1.5956751667545177e-05,1.3838043136226006e-05,2.6876751555653375e-05,0.03163719481971097,False
0,dissipation_broad,dissipation,15700,3e-06,1.4656448001915123e-05,1.383755003705164e-05,2.6874181383070263e-05,0.031650364829965284,False
0,dissipation_broad,dissipation,15800,3e-06,1.1113978871435393e-05,1.3837506626625598e-05,2.687114457907216e-05,0.031651247328656824,False
0,dissipation_broad,dissipation,15900,3e-06,1.790656642697286e-05,1.3837213164116915e-05,2.6876165541467176e-05,0.031599130049166625,False
0,dissipation_broad,dissipation,16000,3e-06,9.725753443490248e-06,1.3836838257716705e-05,2.6883059687261145e-05,0.0316024116677624,False
0,dissipation_broad,dissipation,16100,3e-06,1.6054984371294267e-05,1.3836360660513642e-05,2.689001502718752e-05,0.03167674160551328,False
0,dissipation_broad,dissipation,16200,3e-06,1.8014026863966137e-05,1.3836704705702676e-05,2.690761158352389e-05,0.031708217493841485,False
0,dissipation_broad,dissipation,16300,3e-06,9.242285159416497e-06,1.3836579160029747e-05,2.690813027845781e-05,0.03164961272786829,False
0,dissipation_broad,dissipation,16400,3e-06,2.907251109718345e-05,1.3835881515566645e-05,2.6885638590993396e-05,0.03165568842144645,False
0,dissipation_broad,dissipation,16500,3e-06,1.7443853721488267e-05,1.383534617904017e-05,2.6873105644625824e-05,0.03168343662369308,False
0,conv_broad,conv,0,0.0003,,6.319739497213185e-05,8.561446480194313e-05,0.05953675557566144,True
0,conv_broad,conv,100,0.0003,8.274492574855685e-05,5.6580625103351254e-05,7.61707837227732e-05,0.05728692793811979,True
0,conv_broad,conv,200,0.0003,1.553802030684892e-05,5.226023463974796e-05,6.975479824605453e-05,0.054891089633508985,True
0,conv_broad,conv,300,0.0003,8.421065285801888e-05,4.9820088975887985e-05,6.651605754859405e-05,0.05322960576166398,True
0,conv_broad,conv,400,0.0003,6.201172800501809e-05,4.8412326121188956e-05,6.485786346043003e-05,0.05226090318249947,True
0,conv_broad,conv,500,0.0003,6.692819442832842e-05,4.7739680340849004e-05,6.417547195869821e-05,0.05198894274643202,True
0,conv_broad,conv,600,0.0003,5.5938406148925424e-05,4.7292458205715795e-05,6.356032944156551e-05,0.05147040017317219,True
0,conv_broad,conv,700,0.0003,3.000104334205389e-05,4.69723476500204e-05,6.31743269360752e-05,0.051178828247361884,True
0,conv_broad,conv,800,0.0003,5.3464311349671334e-05,4.674367041958646e-05,6.309105760533533e-05,0.05113975874990345,True
0,conv_broad,conv,900,0.0003,4.458594776224345e-05,4.648040357434772e-05,6.275615157267334e-05,0.05119474215032052,False
0,conv_broad,conv,1000,0.0003,2.913044227170758e-05,4.625802541194462e-05,6.25936890453149e-05,0.05087424535847408,True
0,conv_broad,conv,1100,0.0003,4.3951422412646934e-05,4.6041021957615266e-05,6.240279686917228e-05,0.05085184444190763,True
0,conv_broad,conv,1200,0.0003,6.22823863523081e-05,4.58490338990058e-05,6.232321931177056e-05,0.05083503241134437,True
0,conv_broad,conv,1300,0.0003,6.083953849156387e-05,4.560233229839054e-05,6.20432746645331e-05,0.05073173421210724,True
0,conv_broad,conv,1400,0.0003,9.587924978404772e-06,4.5408286128400104e-05,6.195854462585808e-05,0.05068893369841774,True
0,conv_broad,conv,1500,0.0003,6.152402056613937e-05,4.5212464544465375e-05,6.18317747698622e-05,0.050710988329254844,False
0,conv_broad,conv,1600,0.0003,6.161153578432277e-05,4.5011096600072024e-05,6.158068278512242e-05,0.0506676091607413,True
0,conv_broad,conv,1700,0.0003,2.756153480731882e-05,4.482408198688565e-05,6.13739710602471e-05,0.050546651609681095,True
0,conv_broad,conv,1800,0.0003,3.434107202338055e-05,4.467074510416594e-05,6.125951115440674e-05,0.05053115272028344,True
0,conv_broad,conv,1900,0.0003,7.727518823230639e-05,4.4536953238891686e-05,6.107917714413572e-05,0.05049983692521382,True
0,conv_broad,conv,2000,0.0003,3.34910218953155e-05,4.439972816534712e-05,6.0963226665645304e-05,0.05053835955016409,False
0,conv_broad,conv,2100,0.0003,2.8785652830265462e-05,4.425776889547706e-05,6.082363326248585e-05,0.05041206130642708,True
0,conv_broad,conv,2200,0.0003,2.0867113562417217e-05,4.414333441380368e-05,6.074296716475872e-05,0.05039779088629712,True
0,conv_broad,conv,2300,0.0003,8.749813423492014e-05,4.4030206009452997e-05,6.0659870649900994e-05,0.05047932227188614,False
0,conv_broad,conv,2400,0.0003,1.9613436961662956e-05,4.394693090045161e-05,6.05210701073672e-05,0.05040758528500074,False
0,conv_broad,conv,2500,0.0003,6.358868995448574e-05,4.386009321052053e-05,6.059059754144887e-05,0.0503401609379508,True
0,conv_broad,conv,2600,0.0003,6.968112575123087e-05,4.377808759945277e-05,6.048228548690555e-05,0.05030544651472082,True
0,conv_broad,conv,2700,0.0003,6.822779687354341e-05,4.371316513399883e-05,6.033604587215224e-05,0.0502021563300493,True
0,conv_broad,conv,2800,0.0003,3.4229778975714e-05,4.363947856628918e-05,6.0309429201784425e-05,0.05019526803421953,True
0,conv_broad,conv,2900,0.0003,2.9655622711288743e-05,4.3592284570922686e-05,6.029042898482503e-05,0.050178863804021936,True
0,conv_broad,conv,3000,0.0003,3.6678360629593953e-05,4.3527934083829265e-05,6.024544051197035e-05,0.0502012300053081,False
0,conv_broad,conv,3100,0.0003,4.550985249807127e-05,4.349200355185203e-05,6.0130047780808575e-05,0.05021651696955309,False
0,conv_broad,conv,3200,0.0003,3.577599272830412e-05,4.344151707694391e-05,6.020307522632328e-05,0.05021784952586912,False
0,conv_broad,conv,3300,0.0003,2.8333088266663253e-05,4.338137525351454e-05,6.005113352443171e-05,0.050234920506379205,False
0,conv_broad,conv,3400,0.0003,3.024899160664063e-05,4.332857919228888e-05,6.0028096530099515e-05,0.050116524972766266,True
0,conv_broad,conv,3500,0.0003,3.6319212085800245e-05,4.328240800142231e-05,6.0030689662371096e-05,0.050066103614130525,True
0,conv_broad,conv,3600,0.0003,2.901045445469208e-05,4.3232881622852835e-05,5.988164278343807e-05,0.05003039190575114,True
0,conv_broad,conv,3700,0.0003,3.653752719401382e-05,4.321739807728521e-05,5.980117206181722e-05,0.05002325140546163,True
0,conv_broad,conv,3800,0.0003,2.4072996893664822e-05,4.314076835628585e-05,5.971298711313531e-05,0.0499483890199519,True
0,conv_broad,conv,3900,0.0003,4.6569195546908304e-05,4.3130932117980046e-05,5.9662911975512806e-05,0.04993791142289523,True
0,conv_broad,conv,4000,0.0003,4.828705277759582e-05,4.305979208860161e-05,5.956667740190146e-05,0.049926975959193994,True
0,conv_broad,conv,4100,0.0003,6.945113273104653e-05,4.302838412684413e-05,5.949742025300081e-05,0.04984842532597797,True
0,conv_broad,conv,4200,0.0003,2.8819818908232264e-05,4.298964994816802e-05,5.9440351902428116e-05,0.04980535042195346,True
0,conv_broad,conv,4300,0.0003,3.73845141439233e-05,4.296068301945354e-05,5.946210098568521e-05,0.04984579279460689,False
0,conv_broad,conv,4400,0.0003,3.9413553167833015e-05,4.2930670475972624e-05,5.941871601975602e-05,0.04986642542191704,False
0,conv_broad,conv,4500,0.0003,3.5005003155674785e-05,4.2892150791411884e-05,5.938078948674005e-05,0.049785237530964595,True
0,conv_broad,conv,4600,0.0003,2.5413686671527103e-05,4.2866250273496825e-05,5.930479114884328e-05,0.04978100966293751,True
0,conv_broad,conv,4700,0.0003,4.154594716965221e-05,4.2827312649010016e-05,5.928237263944146e-05,0.04975771316677944,True
0,conv_broad,conv,4800,0.0003,5.0182134145870805e-05,4.2817007520118324e-05,5.929618583097323e-05,0.05006979786021902,False
0,conv_broad,conv,4900,0.0003,6.32714363746345e-05,4.278727090771228e-05,5.923180564708423e-05,0.04975873623859825,False
0,conv_broad,conv,5000,0.0003,2.619651786517352e-05,4.2754159383903974e-05,5.920887603257095e-05,0.0497850767593833,False
0,conv_broad,conv,5100,0.0003,5.966831304249354e-05,4.2737202421794164e-05,5.919375400564153e-05,0.04977851477319304,False
0,conv_broad,conv,5200,0.0003,5.022716868552379e-05,4.270688731444578e-05,5.9131932352803456e-05,0.04968828879002595,True
0,conv_broad,conv,5300,0.0003,3.536068834364414e-05,4.267328045013364e-05,5.91630411708691e-05,0.04975575405190189,False
0,conv_broad,conv,5400,0.0003,4.4693959353026e-05,4.265808083306127e-05,5.909956868409234e-05,0.04973369964932832,False
0,conv_broad,conv,5500,0.0003,5.6421078625135124e-05,4.263562270729192e-05,5.9105788077550386e-05,0.049766671772523106,False
0,conv_broad,conv,5600,0.0003,5.2664207032648847e-05,4.260980104849142e-05,5.906618510683378e-05,0.049889760136145586,False
0,conv_broad,conv,5700,0.0003,2.3039568986860104e-05,4.2523731498968324e-05,5.890482879134224e-05,0.04965282845856075,True
0,conv_broad,conv,5800,0.0003,5.868441439815797e-05,4.247893634612647e-05,5.8919411864789096e-05,0.04969853494543233,False
0,conv_broad,conv,5900,0.0003,2.453548222547397e-05,4.2467458705307196e-05,5.894679400394214e-05,0.0497481369218386,False
0,conv_broad,conv,6000,0.0003,2.7680725906975567e-05,4.243193728620922e-05,5.888150277504929e-05,0.04975472386528819,False
0,conv_broad,conv,6100,0.0003,8.30344797577709e-05,4.238863931023212e-05,5.883344557909356e-05,0.04959933585120272,True
0,conv_broad,conv,6200,0.0003,2.0642039089580067e-05,4.235406420942952e-05,5.8882504194104446e-05,0.04967075219110422,False
0,conv_broad,conv,6300,0.0003,2.5670700779301114e-05,4.233063812371186e-05,5.8855432343632715e-05,0.04967632046330077,False
0,conv_broad,conv,6400,0.0003,3.9741404179949313e-05,4.230126454423528e-05,5.886313169540265e-05,0.049699908097763916,False
0,conv_broad,conv,6500,0.0003,2.6784227884490974e-05,4.226354662225478e-05,5.8843013472867264e-05,0.0497996429872018,False
0,conv_broad,conv,6600,0.0003,4.376331708044745e-05,4.223363095327099e-05,5.880203691548577e-05,0.0496547299301678,False
0,conv_broad,conv,6700,0.0003,5.445183705887757e-05,4.222534005030619e-05,5.881108706543113e-05,0.04962949624689675,False
0,conv_broad,conv,6800,0.0003,3.793765063164756e-05,4.219749641793841e-05,5.880000820730393e-05,0.049703210956806354,False
0,conv_broad,conv,6900,0.0003,3.258280048612505e-05,4.217216831995924e-05,5.880542463939515e-05,0.049757500751046284,False
0,conv_broad,conv,7000,0.0003,3.00190549751278e-05,4.2154947541104596e-05,5.8767109617797866e-05,0.049664462122775956,False
0,conv_broad,conv,7100,0.0003,5.397588756750338e-05,4.212124684425891e-05,5.8743730035239186e-05,0.04967356085930993,False
0,conv_broad,conv,7200,8.999999999999999e-05,3.615807872847654e-05,4.2111911856430184e-05,5.877353017008407e-05,0.049678290731934305,False
0,conv_broad,conv,7300,8.999999999999999e-05,6.325628783088177e-05,4.2106140314840435e-05,5.8785150987187434e-05,0.049667491238792896,False
0,conv_broad,conv,7400,8.999999999999999e-05,2.7190993932890706e-05,4.209277149596719e-05,5.8762897247314645e-05,0.04966043945615413,False
0,conv_broad,conv,7500,8.999999999999999e-05,5.908963430556469e-05,4.208682857407435e-05,5.876108027425491e-05,0.04965967244859887,False
0,conv_broad,conv,7600,8.999999999999999e-05,2.8737862521666102e-05,4.2081699934984306e-05,5.876535714871792e-05,0.049657959290415,False
0,conv_broad,conv,7700,8.999999999999999e-05,2.5825691409409046e-05,4.207384435841778e-05,5.874512770389712e-05,0.049672642127441456,False
0,conv_broad,conv,7800,8.999999999999999e-05,4.140990131418221e-05,4.207216027920702e-05,5.875402875853325e-05,0.049683584413556435,False
0,conv_broad,conv,7900,8.999999999999999e-05,3.616758476709947e-05,4.206249019366571e-05,5.875640500069054e-05,0.049678508094989936,False
0,conv_broad,conv,8000,8.999999999999999e-05,6.192450382513925e-05,4.2056469679399755e-05,5.8737093391767366e-05,0.04962818704731025,False
0,conv_broad,conv,8100,8.999999999999999e-05,2.127277184627019e-05,4.205033979271592e-05,5.8753732850568165e-05,0.0496536531988803,False
0,conv_broad,conv,8200,2.6999999999999996e-05,5.26274525327608e-05,4.204733063506098e-05,5.875433113401622e-05,0.049722176052228124,False
0,conv_broad,conv,8300,2.6999999999999996e-05,5.9176247305003926e-05,4.204415715784834e-05,5.875203430917406e-05,0.04966377151592888,False
0,conv_broad,conv,8400,2.6999999999999996e-05,6.771900370949879e-05,4.2042311693994876e-05,5.874431005746029e-05,0.04969588587970051,False
0,conv_broad,conv,8500,2.6999999999999996e-05,4.569714656099677e-05,4.2041841300268626e-05,5.874721530453588e-05,0.04965757601316838,False
0,conv_broad,conv,8600,2.6999999999999996e-05,7.82677743700333e-05,4.203936795639838e-05,5.8748012787534616e-05,0.04969280066891891,False
0,conv_broad,conv,8700,2.6999999999999996e-05,6.423093873308972e-05,4.2037157599646526e-05,5.875810500678722e-05,0.049669877343434525,False
0,conv_broad,conv,8800,2.6999999999999996e-05,3.7512509152293205e-05,4.2034284804030624e-05,5.874907338437837e-05,0.04994226594612681,False
0,conv_broad,conv,8900,2.6999999999999996e-05,4.679284029407427e-05,4.2033684056366424e-05,5.874237746800741e-05,0.04966964247647733,False
0,conv_broad,conv,9000,2.6999999999999996e-05,5.60905973543413e-05,4.2031226524462306e-05,5.8736858107271344e-05,0.04969138331523381,False
0,conv_broad,conv,9100,2.6999999999999996e-05,2.290638985869009e-05,4.2029870446535875e-05,5.874868211856879e-05,0.04977977275986368,False
0,conv_broad,conv,9200,8.099999999999999e-06,3.8489099097205326e-05,4.202794597637608e-05,5.874820753591123e-05,0.049707269781204856,False
0,conv_broad,conv,9300,8.099999999999999e-06,1.2356327715679072e-05,4.2027046960168355e-05,5.8750817331552406e-05,0.04967607695101697,False
0,conv_broad,conv,9400,8.099999999999999e-06,5.2794879593420774e-05,4.2026485289693224e-05,5.8749162407859774e-05,0.04970156632783416,False
0,conv_broad,conv,9500,8.099999999999999e-06,4.5058157411403954e-05,4.20259440967178e-05,5.8744727668894174e-05,0.04967460111224302,False
0,conv_broad,conv,9600,8.099999999999999e-06,6.05693603574764e-05,4.202532887965498e-05,5.8747011786965906e-05,0.04965989107015747,False
0,conv_broad,conv,9700,8.099999999999999e-06,2.3308079107664526e-05,4.202445080482412e-05,5.874381401786106e-05,0.049915923660394136,False
0,conv_broad,conv,9800,8.099999999999999e-06,6.619363557547331e-05,4.2023874736316076e-05,5.874293717461352e-05,0.049697482568489465,False
0,conv_broad,conv,9900,8.099999999999999e-06,6.62985403323546e-05,4.202350598520874e-05,5.874139191339316e-05,0.04967620555467169,False
0,conv_broad,conv,10000,8.099999999999999e-06,2.6446368792676367e-05,4.202268037755913e-05,5.874032987086894e-05,0.04968587576078392,False
0,conv_broad,conv,10100,8.099999999999999e-06,2.888150447688531e-05,4.2022312424855726e-05,5.873286974117209e-05,0.04966273100197022,False
0,conv_broad,conv,10200,3e-06,3.650323924375698e-05,4.20221589974902e-05,5.873271748819236e-05,0.049651352270676616,False
0,conv_broad,conv,10300,3e-06,8.468861051369458e-05,4.202203298794013e-05,5.873303690748715e-05,0.04971353201612786,False
0,conv_broad,conv,10400,3e-06,4.88948353449814e-05,4.20217170206994e-05,5.873238414471202e-05,0.04976938120565094,False
0,conv_broad,conv,10500,3e-06,4.222057032166049e-05,4.2021452597346e-05,5.87328472570364e-05,0.049827682776533884,False
0,conv_broad,conv,10600,3e-06,6.444710015784949e-05,4.2021211523962316e-05,5.873453368134553e-05,0.04967213305949072,False
0,conv_broad,conv,10700,3e-06,1.98334291781066e-05,4.20209311102285e-05,5.8735756194401604e-05,0.049664312543708886,False
0,conv_broad,conv,10800,3e-06,3.495342389214784e-05,4.2020787897080865e-05,5.8735604664262114e-05,0.04968814209907034,False
0,conv_broad,conv,10900,3e-06,4.2946674511767924e-05,4.2020634063822843e-05,5.873799635237387e-05,0.04966242501055473,False
0,conv_broad,conv,11000,3e-06,7.011451089056209e-05,4.202022324708715e-05,5.873718570607404e-05,0.04968834717244698,False
0,conv_broad,conv,11100,3e-06,8.369440911337733e-05,4.2019990554714566e-05,5.873653362809492e-05,0.04974878906278902,False
0,direct_wave,direct,0,0.0003,,3.7481209202544674e-05,8.561446480194313e-05,0.05953675557566144,True
0,direct_wave,direct,100,0.0003,3.375248707015999e-05,3.293412913286423e-05,7.679798207367508e-05,0.057241343124582705,True
0,direct_wave,direct,200,0.0003,1.6551844964851625e-05,2.9077356194156682e-05,6.924353371027346e-05,0.05459347237403692,True
0,direct_wave,direct,300,0.0003,2.4424478397122584e-05,2.7512936711033013e-05,6.636537899098853e-05,0.05310632951410827,True
0,direct_wave,direct,400,0.0003,2.518165456422139e-05,2.6782555469950498e-05,6.482877716836002e-05,0.05224496672727895,True
0,direct_wave,direct,500,0.0003,1.644662370381411e-05,2.6392616140674015e-05,6.407768255574446e-05,0.051661324537591695,True
0,direct_wave,direct,600,0.0003,2.7109545044368133e-05,2.6096931651548635e-05,6.368486754736237e-05,0.05144419647072604,True
0,direct_wave,direct,700,0.0003,2.825348565238528e-05,2.590174439730715e-05,6.328976693718384e-05,0.05112556376291566,True
0,direct_wave,direct,800,0.0003,2.8974736778764054e-05,2.573127011318916e-05,6.317094381551678e-05,0.051111517836511855,True
0,direct_wave,direct,900,0.0003,2.29535889957333e-05,2.5585605553262136e-05,6.295609751296248e-05,0.05093974148200451,True
0,direct_wave,direct,1000,0.0003,1.4749371985089965e-05,2.545084736053029e-05,6.274689864702036e-05,0.050778298715384695,True
0,direct_wave,direct,1100,0.0003,2.9398894184851088e-05,2.5339942404079713e-05,6.27245984551515e-05,0.05081635882089715,False
0,direct_wave,direct,1200,0.0003,3.495862983982079e-05,2.52350109229685e-05,6.263605914355614e-05,0.050687625522293105,True
0,direct_wave,direct,1300,0.0003,3.0423472708207555e-05,2.511910132535687e-05,6.243807550525792e-05,0.05060762773136987,True
0,direct_wave,direct,1400,0.0003,1.0079579624289181e-05,2.5012130426221537e-05,6.239617203843165e-05,0.05059462587506332,True
0,direct_wave,direct,1500,0.0003,2.499660331523046e-05,2.492463777744536e-05,6.237421137222935e-05,0.05053515759713468,True
0,direct_wave,direct,1600,0.0003,3.3647364034550264e-05,2.4814782909499444e-05,6.229682190928097e-05,0.05051776413312868,True
0,direct_wave,direct,1700,0.0003,1.8492903109290637e-05,2.4713520540488293e-05,6.21927849791664e-05,0.05048452422484096,True
0,direct_wave,direct,1800,0.0003,3.147492680000141e-05,2.4636534615366282e-05,6.195678452891145e-05,0.05045842118509886,True
0,direct_wave,direct,1900,0.0003,4.745182377519086e-05,2.4533502028726926e-05,6.181946088212962e-05,0.050399558538137185,True
0,direct_wave,direct,2000,0.0003,3.2089905289467424e-05,2.443618807938107e-05,6.174920708872378e-05,0.050385517667545315,True
0,direct_wave,direct,2100,0.0003,1.6374713595723733e-05,2.4359750220644863e-05,6.176392811052258e-05,0.05044595674378025,False
0,direct_wave,direct,2200,0.0003,2.0119479813729413e-05,2.4259178051760713e-05,6.148637640685622e-05,0.05035337081183664,True
0,direct_wave,direct,2300,0.0003,1.9006876755156554e-05,2.417797595619356e-05,6.13984901814119e-05,0.050405516944240586,False
0,direct_wave,direct,2400,0.0003,1.822671401896514e-05,2.410395861285742e-05,6.126559735504071e-05,0.05037766821944772,False
0,direct_wave,direct,2500,0.0003,2.17036886169808e-05,2.4022856554180613e-05,6.123672051543942e-05,0.050374772292365325,False
0,direct_wave,direct,2600,0.0003,2.7906198738492094e-05,2.3936735023655197e-05,6.104578504497125e-05,0.05034310723416835,True
0,direct_wave,direct,2700,0.0003,3.702446338138543e-05,2.3872626328062966e-05,6.10218605169649e-05,0.050363720611402915,False
0,direct_wave,direct,2800,0.0003,2.8560703867697157e-05,2.378986073458046e-05,6.085649502518422e-05,0.05036072652426439,False
0,direct_wave,direct,2900,0.0003,1.710841024760157e-05,2.371547930121022e-05,6.073524972296082e-05,0.05046597817146101,False
0,direct_wave,direct,3000,0.0003,2.569096250226721e-05,2.365514712757877e-05,6.06055908647725e-05,0.05067043225909542,False
0,direct_wave,direct,3100,0.0003,2.51797609962523e-05,2.359888616278482e-05,6.047322576883815e-05,0.05031518489840984,True
0,direct_wave,direct,3200,0.0003,2.3231716113514267e-05,2.3551911875691224e-05,6.0475401213587404e-05,0.05033634120693396,False
0,direct_wave,direct,3300,0.0003,1.0138128345715813e-05,2.3522094517439546e-05,6.03846491168381e-05,0.05036384332256868,False
0,direct_wave,direct,3400,0.0003,1.7409251086064614e-05,2.3472384452441587e-05,6.033310497763987e-05,0.0503050904447598,True
0,direct_wave,direct,3500,0.0003,1.2585474905790761e-05,2.3442475683630313e-05,6.033002193088893e-05,0.0502956058729374,True
0,direct_wave,direct,3600,0.0003,2.4874447262845933e-05,2.3417037874246124e-05,6.019910662419778e-05,0.05034336837520445,False
0,direct_wave,direct,3700,8.999999999999999e-05,2.253921775263734e-05,2.33936228412935e-05,6.016804307875729e-05,0.050257763627620446,True
0,direct_wave,direct,3800,8.999999999999999e-05,1.800221434677951e-05,2.338357837567413e-05,6.014230642832962e-05,0.050304855024024375,False
0,direct_wave,direct,3900,8.999999999999999e-05,2.487387064320501e-05,2.337700014726983e-05,6.007957637456118e-05,0.050210328562238754,True
0,direct_wave,direct,4000,8.999999999999999e-05,2.3260949092218652e-05,2.3364948507548236e-05,6.008850698955844e-05,0.05019395417699927,True
0,direct_wave,direct,4100,8.999999999999999e-05,2.723378383961972e-05,2.3358797559057902e-05,6.01178926135736e-05,0.050193857954548324,True
0,direct_wave,direct,4200,8.999999999999999e-05,2.233233317383565e-05,2.334723977008085e-05,6.0108006175522226e-05,0.05036511936709907,False
0,direct_wave,direct,4300,8.999999999999999e-05,2.0815197785850614e-05,2.334002400052616e-05,6.008217605043909e-05,0.05024369490501153,False
0,direct_wave,direct,4400,8.999999999999999e-05,3.4138567571062595e-05,2.3332764492709175e-05,6.0091913183938004e-05,0.05018490321180747,True
0,direct_wave,direct,4500,8.999999999999999e-05,2.182436583098024e-05,2.332259012364793e-05,6.006809287808008e-05,0.0503125129323089,False
0,direct_wave,direct,4600,8.999999999999999e-05,2.494600266800262e-05,2.331286690633216e-05,6.005530305712003e-05,0.05015673817521604,True
0,direct_wave,direct,4700,8.999999999999999e-05,3.29694667016156e-05,2.3308909284950046e-05,6.001389766525891e-05,0.05012683148907052,True
0,direct_wave,direct,4800,8.999999999999999e-05,2.9860408176318742e-05,2.32964384117988e-05,6.000572930431006e-05,0.05013965672724469,False
0,direct_wave,direct,4900,8.999999999999999e-05,2.5292869395343587e-05,2.3288964708710368e-05,6.000588964168713e-05,0.050105635248383316,True
0,direct_wave,direct,5000,8.999999999999999e-05,1.99376700038556e-05,2.3284610271653683e-05,5.996139623830399e-05,0.05011193818657079,False
0,direct_wave,direct,5100,8.999999999999999e-05,9.868346751318313e-06,2.327813675459403e-05,5.9957329253818277e-05,0.050104597685637575,True
0,direct_wave,direct,5200,8.999999999999999e-05,2.9344788345042616e-05,2.326654545941401e-05,5.992971820257653e-05,0.05029474026432608,False
0,direct_wave,direct,5300,8.999999999999999e-05,3.4511060221120715e-05,2.325743032704996e-05,5.99382508750031e-05,0.05012447333532983,False
0,direct_wave,direct,5400,8.999999999999999e-05,1.9981225705123506e-05,2.3255325100916328e-05,5.9974668250766163e-05,0.05007800413388557,True
0,direct_wave,direct,5500,8.999999999999999e-05,1.3795829545415472e-05,2.3244502383259294e-05,5.99528175133457e-05,0.050078478758593864,False
0,direct_wave,direct,5600,8.999999999999999e-05,2.6386420358903706e-05,2.323445868482135e-05,5.988991184744473e-05,0.05002484867029875,True
0,direct_wave,direct,5700,8.999999999999999e-05,9.108147423830815e-06,2.323035580744803e-05,5.986995006275357e-05,0.04999069722925833,True
0,direct_wave,direct,5800,8.999999999999999e-05,1.891379724838771e-05,2.3221456502846145e-05,5.987775464484383e-05,0.05005409177668543,False
0,direct_wave,direct,5900,8.999999999999999e-05,1.2918971151520964e-05,2.3219815680179104e-05,5.991928524024225e-05,0.05012383148703444,False
0,direct_wave,direct,6000,8.999999999999999e-05,3.4241453249705955e-05,2.3206452588404448e-05,5.9845235869836284e-05,0.05014085956135238,False
0,direct_wave,direct,6100,8.999999999999999e-05,1.6899975889828056e-05,2.3197757844702552e-05,5.9833139271682336e-05,0.05001598027464406,False
0,direct_wave,direct,6200,8.999999999999999e-05,2.6521263862377964e-05,2.3191751683865927e-05,5.981607858724648e-05,0.04999894628859575,False
0,direct_wave,direct,6300,8.999999999999999e-05,2.7660968044074252e-05,2.3186389759175792e-05,5.97689962745005e-05,0.049966946248193186,True
0,direct_wave,direct,6400,8.999999999999999e-05,1.313376833422808e-05,2.317718328761786e-05,5.9784497469176654e-05,0.050018674855149735,False
0,direct_wave,direct,6500,8.999999999999999e-05,1.5057208656799048e-05,2.3169265894961483e-05,5.97825622546724e-05,0.0502157202229723,False
0,direct_wave,direct,6600,8.999999999999999e-05,3.030249172297772e-05,2.316331031903539e-05,5.9734222085787336e-05,0.04995015442073161,True
0,direct_wave,direct,6700,8.999999999999999e-05,2.509650948923081e-05,2.3154892072873726e-05,5.973108391295753e-05,0.050007211345123766,False
0,direct_wave,direct,6800,8.999999999999999e-05,2.3932730982778594e-05,2.314978201117124e-05,5.969747636935923e-05,0.04991297483521878,True
0,direct_wave,direct,6900,8.999999999999999e-05,2.2182677639648318e-05,2.3140592368540866e-05,5.9717501041150705e-05,0.04998230875918594,False
0,direct_wave,direct,7000,8.999999999999999e-05,1.7202013623318635e-05,2.312989657926748e-05,5.965117552299418e-05,0.04997468260886043,False
0,direct_wave,direct,7100,8.999999999999999e-05,2.8139984351582825e-05,2.312350978939241e-05,5.9658901638874866e-05,0.049942360628261906,False
0,direct_wave,direct,7200,8.999999999999999e-05,2.0275987480999902e-05,2.31143060431127e-05,5.96184874702172e-05,0.04988830291346549,True
0,direct_wave,direct,7300,8.999999999999999e-05,2.118445627274923e-05,2.3104453029403628e-05,5.9664348373189566e-05,0.0499017207657904,False
0,direct_wave,direct,7400,8.999999999999999e-05,1.9203618649044074e-05,2.3091364035497052e-05,5.961615208755521e-05,0.04993859472730516,False
0,direct_wave,direct,7500,8.999999999999999e-05,2.8472621124819852e-05,2.308109097211297e-05,5.961080717860289e-05,0.04993247857852686,False
0,direct_wave,direct,7600,8.999999999999999e-05,2.1597013983409852e-05,2.3075771019383693e-05,5.960929923876511e-05,0.049865798311047725,True
0,direct_wave,direct,7700,8.999999999999999e-05,1.5255719517881516e-05,2.3066468253175074e-05,5.955687062845267e-05,0.04988787134663496,False
0,direct_wave,direct,7800,8.999999999999999e-05,2.256516927445773e-05,2.3056243825525445e-05,5.9578859656623086e-05,0.049836456971641595,True
0,direct_wave,direct,7900,8.999999999999999e-05,2.1377671146183275e-05,2.304674029864114e-05,5.9585849407548997e-05,0.04982807030386303,True
0,direct_wave,direct,8000,8.999999999999999e-05,1.076942226063693e-05,2.304246236563043e-05,5.95707602698502e-05,0.04992317363761286,False
0,direct_wave,direct,8100,8.999999999999999e-05,2.4753981051617302e-05,2.303076231356182e-05,5.953533839726565e-05,0.049841970207241654,False
0,direct_wave,direct,8200,8.999999999999999e-05,2.8204627597006038e-05,2.3024774623064187e-05,5.954189813434104e-05,0.049826483261125785,True
0,direct_wave,direct,8300,8.999999999999999e-05,3.265182749601081e-05,2.301542437635362e-05,5.95365693751613e-05,0.04977954706429437,True
0,direct_wave,direct,8400,8.999999999999999e-05,1.4402607121155597e-05,2.300991896643407e-05,5.951599576327877e-05,0.049746798243245474,True
0,direct_wave,direct,8500,8.999999999999999e-05,2.4178896637749858e-05,2.3001551349786507e-05,5.952026099620959e-05,0.04980063833928808,False
0,direct_wave,direct,8600,8.999999999999999e-05,2.9822243959642947e-05,2.2999534808934248e-05,5.9535854866612535e-05,0.0498094279911761,False
0,direct_wave,direct,8700,8.999999999999999e-05,2.465416764607653e-05,2.2990167907250053e-05,5.946175571534101e-05,0.04973580862682682,True
0,direct_wave,direct,8800,8.999999999999999e-05,2.108726948790718e-05,2.2983055096119643e-05,5.944275454727604e-05,0.04971830014046101,True
0,direct_wave,direct,8900,8.999999999999999e-05,2.3118636818253435e-05,2.29738207027259e-05,5.945663041666491e-05,0.04974988548742561,False
0,direct_wave,direct,9000,8.999999999999999e-05,1.840781987993978e-05,2.2966801139822237e-05,5.944999173782717e-05,0.04972424099144907,False
0,direct_wave,direct,9100,8.999999999999999e-05,1.9636911019915715e-05,2.2965381082532736e-05,5.939915404180247e-05,0.049696615087169334,True
0,direct_wave,direct,9200,8.999999999999999e-05,2.1406900486908853e-05,2.2953195788208896e-05,5.941560885296781e-05,0.049707178842513425,False
0,direct_wave,direct,9300,8.999999999999999e-05,1.1490224096633028e-05,2.2951879394080106e-05,5.939782968436191e-05,0.04972595479251882,False
0,direct_wave,direct,9400,8.999999999999999e-05,2.001958819164429e-05,2.2943588161048877e-05,5.937931884926275e-05,0.04973185885543341,False
0,direct_wave,direct,9500,8.999999999999999e-05,2.649755151651334e-05,2.293931904170391e-05,5.939765799078433e-05,0.049696990796698405,False
0,direct_wave,direct,9600,8.999999999999999e-05,3.26796252920758e-05,2.292971577677319e-05,5.936609707419681e-05,0.0497609639565628,False
0,direct_wave,direct,9700,8.999999999999999e-05,1.4480528989224695e-05,2.2926469430705652e-05,5.939405318653954e-05,0.04965793671633408,True
0,direct_wave,direct,9800,8.999999999999999e-05,2.3408892957377248e-05,2.2922562898254428e-05,5.938721258798918e-05,0.04972338254694491,False
0,direct_wave,direct,9900,8.999999999999999e-05,1.4421398191188928e-05,2.2911101658168423e-05,5.939841290229773e-05,0.0496801072559843,False
0,direct_wave,direct,10000,8.999999999999999e-05,1.697952757240273e-05,2.2902555698600252e-05,5.9365312431123275e-05,0.04962095462669103,True
0,direct_wave,direct,10100,8.999999999999999e-05,2.9820928830304183e-05,2.2897112448218052e-05,5.9367364118015696e-05,0.04967837026535415,False
0,direct_wave,direct,10200,8.999999999999999e-05,1.9395554772927426e-05,2.289527143134068e-05,5.9354944885830136e-05,0.049586050596845274,True
0,direct_wave,direct,10300,8.999999999999999e-05,2.5377974452567287e-05,2.288600621687898e-05,5.9386640193634755e-05,0.04962481115871844,False
0,direct_wave,direct,10400,8.999999999999999e-05,1.8368426026427187e-05,2.287878397534605e-05,5.930104569510672e-05,0.049570796297048816,True
0,direct_wave,direct,10500,8.999999999999999e-05,1.223007438966306e-05,2.2873424575218068e-05,5.929776215530153e-05,0.04958725344857462,False
0,direct_wave,direct,10600,8.999999999999999e-05,3.164012377965264e-05,2.2868570649525387e-05,5.931382590990051e-05,0.049636101563299284,False
0,direct_wave,direct,10700,8.999999999999999e-05,1.5382931451313198e-05,2.2863715314359843e-05,5.931135265497503e-05,0.049674979180458434,False
0,direct_wave,direct,10800,8.999999999999999e-05,2.2755630197934806e-05,2.2859673530498514e-05,5.927746472545455e-05,0.04955620357120018,True
0,direct_wave,direct,10900,8.999999999999999e-05,3.087263758061454e-05,2.2853544549267183e-05,5.9297947126312876e-05,0.04955114159792429,True
0,direct_wave,direct,11000,8.999999999999999e-05,2.1490066501428373e-05,2.2849109393127004e-05,5.932718504363293e-05,0.049684367936917884,False
0,direct_wave,direct,11100,8.999999999999999e-05,3.4090080589521676e-05,2.2841845973576795e-05,5.9330973677562394e-05,0.04955155180100746,False
0,direct_wave,direct,11200,8.999999999999999e-05,2.203206531703472e-05,2.284395823815402e-05,5.927212982213283e-05,0.0495197589969166,True
0,direct_wave,direct,11300,8.999999999999999e-05,2.4833045245031826e-05,2.2832497435183018e-05,5.927765808521703e-05,0.04957710900672136,False
0,direct_wave,direct,11400,8.999999999999999e-05,1.779198100848589e-05,2.282644418189552e-05,5.928452040701861e-05,0.04956353903082323,False
0,direct_wave,direct,11500,8.999999999999999e-05,2.6900801458396018e-05,2.282177702473812e-05,5.9272249433169375e-05,0.04958799517988045,False
0,direct_wave,direct,11600,8.999999999999999e-05,1.3977477465232369e-05,2.2816575614921037e-05,5.92969163371177e-05,0.04961012073102469,False
0,direct_wave,direct,11700,8.999999999999999e-05,2.465449506416917e-05,2.2812336625288673e-05,5.927615436828799e-05,0.04952778423319205,False
0,direct_wave,direct,11800,8.999999999999999e-05,2.348800262552686e-05,2.2810652202630407e-05,5.9234923789630724e-05,0.04961917450727476,False
0,direct_wave,direct,11900,8.999999999999999e-05,1.5590412658639252e-05,2.2801676973828982e-05,5.926078469249012e-05,0.049596378173778606,False
0,direct_wave,direct,12000,8.999999999999999e-05,3.0090330255916342e-05,2.279852483942534e-05,5.9278109042412216e-05,0.04959533359051496,False
0,direct_wave,direct,12100,8.999999999999999e-05,1.2386562957544811e-05,2.280028361177707e-05,5.921782911268178e-05,0.04957477622422678,False
0,direct_wave,direct,12200,8.999999999999999e-05,1.8670523786568083e-05,2.2788757611765487e-05,5.922962329730854e-05,0.0494898258811279,True
0,direct_wave,direct,12300,2.6999999999999996e-05,1.3257686987344641e-05,2.2785152577156367e-05,5.921017849556128e-05,0.04949901431022302,False
0,direct_wave,direct,12400,2.6999999999999996e-05,2.1803492927574553e-05,2.2783794826596005e-05,5.922446315012434e-05,0.04950555444264605,False
0,direct_wave,direct,12500,2.6999999999999996e-05,1.410272489010822e-05,2.2783210840954005e-05,5.924212124299112e-05,0.04950505422394138,False
0,direct_wave,direct,12600,2.6999999999999996e-05,3.497060970403254e-05,2.278117945157277e-05,5.92356089660837e-05,0.04956026180933884,False
0,direct_wave,direct,12700,2.6999999999999996e-05,2.0149742340436205e-05,2.27792057747528e-05,5.9240216730174675e-05,0.049532191670439533,False
0,direct_wave,direct,12800,2.6999999999999996e-05,1.7674712580628693e-05,2.2777422684533844e-05,5.9233471736756266e-05,0.04953758357340157,False
0,direct_wave,direct,12900,2.6999999999999996e-05,3.435571488807909e-05,2.2778194455672557e-05,5.924360991343004e-05,0.04951760184035487,False
0,direct_wave,direct,13000,2.6999999999999996e-05,1.1042875485145487e-05,2.2774676215153374e-05,5.923035776005218e-05,0.049519642603420747,False
0,direct_wave,direct,13100,2.6999999999999996e-05,1.8846976672648452e-05,2.2774168019900204e-05,5.924599599001893e-05,0.049521539653507,False
0,direct_wave,direct,13200,2.6999999999999996e-05,2.4928183847805485e-05,2.277264326464713e-05,5.9226830527977715e-05,0.04953827949380512,False
0,direct_wave,direct,13300,8.099999999999999e-06,2.9404836823232472e-05,2.2771867233867333e-05,5.923188776553919e-05,0.04953594471136032,False
0,direct_wave,direct,13400,8.099999999999999e-06,2.0299155949032865e-05,2.2771393454729998e-05,5.922822918578544e-05,0.04954598277225374,False
0,direct_wave,direct,13500,8.099999999999999e-06,2.194452281401027e-05,2.2770770829013938e-05,5.922573017492111e-05,0.049512245670282375,False
0,direct_wave,direct,13600,8.099999999999999e-06,4.4549276935867965e-05,2.2770119674853497e-05,5.922399123056238e-05,0.049521318775600474,False
0,direct_wave,direct,13700,8.099999999999999e-06,2.824863258865662e-05,2.276962230488715e-05,5.9221278658453254e-05,0.04950590989938308,False
0,direct_wave,direct,13800,8.099999999999999e-06,1.965499177458696e-05,2.2769231492853314e-05,5.9217265297299603e-05,0.049501860526998814,False
0,direct_wave,direct,13900,8.099999999999999e-06,2.0310302716097794e-05,2.2768765519341005e-05,5.921462976474169e-05,0.049490315536154676,False
0,direct_wave,direct,14000,8.099999999999999e-06,2.0971618141629733e-05,2.27685433757131e-05,5.9211659100624955e-05,0.04952360791425688,False
0,direct_wave,direct,14100,8.099999999999999e-06,2.0759740436915308e-05,2.2768158843862142e-05,5.921703737436069e-05,0.0495210925485868,False
0,direct_wave,direct,14200,8.099999999999999e-06,1.5150175386224873e-05,2.2768017463921303e-05,5.921642225634404e-05,0.049514112629803445,False
0,direct_wave,direct,14300,3e-06,2.8147202101536095e-05,2.276756382775689e-05,5.92192919320713e-05,0.04954532176949535,False
0,direct_wave,direct,14400,3e-06,6.894199032103643e-06,2.276728428825308e-05,5.922058534053659e-05,0.04951910361446268,False
0,direct_wave,direct,14500,3e-06,2.0341958588687703e-05,2.2767058005413733e-05,5.921780269096904e-05,0.04951482658206721,False
0,direct_wave,direct,14600,3e-06,1.794045601855032e-05,2.27669020490257e-05,5.9216928872237214e-05,0.04951733637873509,False
0,direct_wave,direct,14700,3e-06,1.417399926140206e-05,2.2766703121556805e-05,5.92189876733993e-05,0.04950980846363842,False
0,direct_wave,direct,14800,3e-06,1.5543371773674153e-05,2.2766536393406233e-05,5.922088647958232e-05,0.049514236168116274,False
0,direct_wave,direct,14900,3e-06,2.1865216695005074e-05,2.2766441998867698e-05,5.921981970055236e-05,0.049497482203910426,False
0,direct_wave,direct,15000,3e-06,1.64415905601345e-05,2.2766329303483738e-05,5.922428057589903e-05,0.04951423475252893,False
0,direct_wave,direct,15100,3e-06,2.4057071641436778e-05,2.276624193846808e-05,5.922347282096013e-05,0.04949960134367192,False
0,direct_wave,direct,15200,3e-06,2.800457332341466e-05,2.2766100772624385e-05,5.922246331750762e-05,0.04949080528434777,False
