pde_id,dimension,n,M,method,repetitions,mean_skill,median_skill,skill_std,mean_generator_bias,generator_bias_std,mean_generator_rmse,mean_generator_calls,mean_recursive_calls,mean_wall_time_seconds,total_nonfinite_states,total_nonfinite_generators
C2-cancel,20,2,32,box,10,0.152548231016756,0.15207583639986016,0.0019698217046774397,0.8788439018500801,0.010951678221937943,2.5855989201616927,38400.0,300.0,1.5199957499746233,0,0
C2-cancel,20,2,32,centre,10,0.25422212645165587,0.25421175300332555,0.0011953709736515054,1.0802216665261692,0.0036008191330149488,2.4459146917086274,38400.0,300.0,1.5379552400205285,0,0
C2-cancel,20,2,32,double,10,0.16213323305948393,0.16175229296369104,0.0025013191308121355,1.0038171284814201,0.008539855345800288,2.798956502518151,38400.0,450.0,2.248480170033872,0,0
C2-cancel,20,2,32,double_path,10,0.1490742853791505,0.1491897737952112,0.0025277841137219736,0.9970455855914325,0.002528990338694854,1.3679954421825768,38400.0,450.0,3.0637526699807496,0,0
C2-cancel,20,2,32,f_zero,10,0.5448100943879673,0.5446878721703485,0.0007308942864729486,,,,0.0,150.0,0.7174809699645266,0,0
C2-cancel,20,2,32,oracle_state,10,0.06109606500049371,0.06099934171862849,0.0029817359717224682,0.0,0.0,0.0,38400.0,300.0,1.5493745000101626,0,0
C2-cancel,20,2,32,path,10,0.14861538349587758,0.14863210502574248,0.0026076992992365494,0.9933696310559232,0.002657738516209634,1.3714315084683752,38400.0,300.0,2.0534182200208306,0,0
C2-cancel,20,2,32,raw,10,0.1654683123947745,0.16592080655167504,0.003420875361018129,0.8969030453707237,0.016384127805767115,3.871879023872116,38400.0,300.0,1.3590257100528107,0,0
C2-cancel,20,3,6,box,10,0.2793456399608763,0.2812234065361135,0.009871729315173182,0.6591907220066302,0.014215275233077551,3.4188344769950456,100800.0,750.0,1.064389680000022,0,0
C2-cancel,20,3,6,centre,10,0.25557116906914956,0.2552043155731657,0.0029918373925701697,0.941315765512746,0.00701408573960175,2.3923769196771523,100800.0,750.0,1.0397515799384565,0,0
C2-cancel,20,3,6,double,10,1.5209719952908187,1.5400385239022092,0.1444641658951688,0.7462679514031235,0.020677397472714694,9.67781851320908,144000.0,1650.0,2.01779633006081,0,0
C2-cancel,20,3,6,double_path,10,0.38542587161877584,0.3961142488224897,0.038842252037128655,0.7418593213859943,0.004871219516504591,1.9722258429842916,144000.0,1650.0,2.6796076600207015,0,0
C2-cancel,20,3,6,f_zero,10,0.5449996133292963,0.5462187087291088,0.002398092319862181,,,,0.0,150.0,0.16467007000464945,0,0
C2-cancel,20,3,6,oracle_state,10,0.0732123724492668,0.07326926640471404,0.0022142180116167813,0.0,0.0,0.0,100800.0,750.0,1.027655759966001,0,0
C2-cancel,20,3,6,path,10,0.5619561274030017,0.5737858011504118,0.04883425415942228,0.7676130242138882,0.006949116732170851,3.076929717455541,100800.0,750.0,1.3545005499385296,0,0
C2-cancel,20,3,6,raw,10,10.539846983349133,10.139425439779313,2.384281373769189,0.24987731339645336,0.2892723523914389,58.329203223256435,100800.0,750.0,1.0381521899951622,0,0
C2-cancel,20,3,10,box,10,0.20320140517507937,0.20198209166589212,0.0072653142070789375,0.6578289636334697,0.006084370245576937,3.167556803334583,264000.0,750.0,3.477308200043626,0,0
C2-cancel,20,3,10,centre,10,0.25265929929991804,0.2526967904359565,0.001392328136834461,0.9348712177949855,0.005028592230628717,2.388562167763404,264000.0,750.0,3.464258380001411,0,0
C2-cancel,20,3,10,double,10,0.5225268473764811,0.5129137716832954,0.03838265502345128,0.7534426439176947,0.008237237662052015,5.563562950450467,384000.0,1650.0,7.499851070018485,0,0
C2-cancel,20,3,10,double_path,10,0.20373506142954761,0.20195804382391735,0.012595851627557863,0.7496872894762955,0.004143397942081287,1.4327848531721046,384000.0,1650.0,9.871682259975932,0,0
C2-cancel,20,3,10,f_zero,10,0.5452045778566056,0.5452872376954772,0.001066826157637572,,,,0.0,150.0,0.6913126000203192,0,0
C2-cancel,20,3,10,oracle_state,10,0.03977471554102428,0.039947079960766886,0.0017630102693271651,0.0,0.0,0.0,264000.0,750.0,3.4521574300248177,0,0
C2-cancel,20,3,10,path,10,0.2985203772526265,0.29919348343467844,0.012428537739793787,0.7865225325972974,0.00479480182887691,1.9484285019889611,264000.0,750.0,4.540181410033256,0,0
C2-cancel,20,3,10,raw,10,1.9093662005808572,1.8935404201137191,0.2821319280349126,0.4685785833416508,0.024163898072120292,12.792284330212546,264000.0,750.0,3.437538359966129,0,0
C2-cancel,20,4,6,box,10,0.2795420006596169,0.27942987022008486,0.009849831809423715,0.530796174326221,0.004516582860238498,3.371854779320924,1267200.0,1800.0,10.437175079993903,0,0
C2-cancel,20,4,6,centre,10,0.251569864318228,0.2518044332091752,0.0007724272677517469,0.8090732767911012,0.004475750670215958,2.3402221847223474,1267200.0,1800.0,10.354215999972075,0,0
C2-cancel,20,4,6,double,10,21.282491725602256,20.07973055265337,4.919134117789581,0.5622912179792552,0.017721131030966862,31.292877921838404,2692800.0,5850.0,32.84014118004124,0,0
C2-cancel,20,4,6,double_path,10,1.6519079664254217,1.5929850277989388,0.24184187721494574,0.5654441957945587,0.003368178840720628,2.5075942360462813,2692800.0,5850.0,42.27966116999742,0,0
C2-cancel,20,4,6,f_zero,10,0.5446636729971297,0.5447544214849978,0.0009651021288932923,,,,0.0,150.0,0.8946100099943578,0,0
C2-cancel,20,4,6,oracle_state,10,0.03025970993756652,0.030515916904222472,0.0012924979660689025,0.0,0.0,0.0,1267200.0,1800.0,10.314071690011769,0,0
C2-cancel,20,4,6,path,10,6.307161318507145,5.631356839797857,1.6408932467077475,0.6196938707794398,0.010264602664324874,12.229761766766776,1267200.0,1800.0,13.171134079992772,0,0
C2-cancel,20,4,6,raw,10,9247.120951869938,5498.776738234807,7171.659451377917,15.97889259585332,19.751013759439086,22374.438766231375,1267200.0,1800.0,10.440360129950568,0,0
C2-cancel,100,2,32,box,10,0.13728683364719085,0.13715817914398148,0.0028034068076899167,0.6714530789858274,0.0064237168128418905,2.0916548017087524,38400.0,600.0,5.728179069980979,0,0
C2-cancel,100,2,32,centre,10,0.24372638651392742,0.2442951107686097,0.0023023358906741963,1.0667239278118426,0.004645406114061849,2.451727446498789,38400.0,600.0,5.780064249993302,0,0
C2-cancel,100,2,32,double,10,0.1553232554347382,0.15412718034327266,0.004000166561000364,0.9757454883328442,0.0070328465251553104,3.3219259320720314,38400.0,900.0,8.633563370001502,0,0
C2-cancel,100,2,32,double_path,10,0.1383250530450923,0.13772221393368989,0.0022801491204228704,0.97730707580079,0.002573360258126334,1.3423986920699913,38400.0,900.0,9.267137170000932,0,0
C2-cancel,100,2,32,f_zero,10,0.5099572210354412,0.5100754094124463,0.001047837098192164,,,,0.0,300.0,2.6948330900399013,0,0
C2-cancel,100,2,32,oracle_state,10,0.05803721812821279,0.057859051118727224,0.0016071032529002137,0.0,0.0,0.0,38400.0,600.0,5.815216420055367,0,0
C2-cancel,100,2,32,path,10,0.13801241808273393,0.1374939204508867,0.0023246336049120167,0.9741048610887459,0.003095236122065154,1.3462074536355182,38400.0,600.0,6.160132409958169,0,0
C2-cancel,100,2,32,raw,10,0.16654026910194042,0.16548399605213499,0.0036521134684394125,0.8780998773865136,0.01796308390232902,4.687718656525879,38400.0,600.0,5.787295679980889,0,0
C2-cancel,100,3,6,box,10,0.21074700856878947,0.2106865924035446,0.0048321578173268105,0.3553078731067763,0.011551750807197204,2.568424985312988,100800.0,1500.0,3.4255742100067437,0,0
C2-cancel,100,3,6,centre,10,0.24728093547419844,0.24749085763914822,0.002956772463692384,0.939121586115293,0.009121132232029431,2.4080846039909787,100800.0,1500.0,3.391368949995376,0,0
C2-cancel,100,3,6,double,10,7.197768211740208,6.821229110914235,1.1876122870421961,0.7323107306150863,0.10907994424318652,36.38587072688524,144000.0,3300.0,6.874871050007641,0,0
C2-cancel,100,3,6,double_path,10,0.6317751480669308,0.6300713836941597,0.02589889867372692,0.7305630485315711,0.010582158419120516,3.062833888250307,144000.0,3300.0,7.380731509975158,0,0
C2-cancel,100,3,6,f_zero,10,0.5120559208038222,0.5120800959293004,0.0023553027069336484,,,,0.0,300.0,0.5228974800091237,0,0
C2-cancel,100,3,6,oracle_state,10,0.0700320642142757,0.07028939224248126,0.0015559302707726025,0.0,0.0,0.0,100800.0,1500.0,3.315278589935042,0,0
C2-cancel,100,3,6,path,10,0.9104684613575686,0.9175757638034192,0.048811497473566404,0.7538702868421141,0.018075147045309613,5.151533921409252,100800.0,1500.0,3.5769102299353106,0,0
C2-cancel,100,3,6,raw,10,44.189683678619375,43.45369167511946,6.4752621592041795,0.30134608502198523,0.3686337000273727,252.8986649880515,100800.0,1500.0,3.331314350035973,0,0
C2-cancel,100,3,10,box,10,0.16226776781513574,0.16193500730408134,0.0061441895725552215,0.3793005412826753,0.0029845272300490903,2.410736952927529,264000.0,1500.0,14.149327599979006,0,0
C2-cancel,100,3,10,centre,10,0.24228321367127753,0.24235307426791014,0.0011470048285880487,0.9261207827439424,0.003093157210328906,2.400720067808708,264000.0,1500.0,13.347083710017614,0,0
C2-cancel,100,3,10,double,10,1.493266013315171,1.4681658001974476,0.09121933979521496,0.7391656024750406,0.01914924485190796,10.417404992441927,384000.0,3300.0,28.76426973999478,0,0
C2-cancel,100,3,10,double_path,10,0.30706444955545914,0.3003610308781789,0.02330435014087481,0.734134802827888,0.003942654281582496,1.8057755068308268,384000.0,3300.0,32.60770476998296,0,0
C2-cancel,100,3,10,f_zero,10,0.5102909767251881,0.5102891118534774,0.0007625516628600097,,,,0.0,300.0,3.111817299993709,0,0
C2-cancel,100,3,10,oracle_state,10,0.038150049309604264,0.038027837503279927,0.0017619303092630122,0.0,0.0,0.0,264000.0,1500.0,14.879787119990215,0,0
C2-cancel,100,3,10,path,10,0.4344729917719555,0.4405349934426954,0.03085827065253627,0.768958705421127,0.006802797626394138,2.7351910862453073,264000.0,1500.0,15.278849850012922,0,0
C2-cancel,100,3,10,raw,10,6.393750606147988,6.203974021539173,0.9570667444744929,0.47219873382775096,0.08018213682106293,38.669621164906076,264000.0,1500.0,13.006124889990314,0,0
C2-cancel,100,4,6,box,10,0.1865421467984259,0.18575347159581557,0.006383254589496777,0.2289874289262111,0.0031429772100990405,2.5306307140724984,1267200.0,3600.0,41.50484351997729,0,0
C2-cancel,100,4,6,centre,10,0.24099413906960937,0.2409506264315967,0.0009688165923932242,0.8066824682415709,0.004962855482829291,2.3576232240380186,1267200.0,3600.0,44.237493940023704,0,0
C2-cancel,100,4,6,double,10,1494.9968981804607,1389.7906975383703,432.25650220286866,0.8929108794593027,1.1629936787757078,1827.7001159995477,2692800.0,11700.0,140.97368237003684,0,0
C2-cancel,100,4,6,double_path,10,11.873731250862559,11.298886255041651,1.8027021839188417,0.552382709443741,0.005625853027282772,15.15944582502234,2692800.0,11700.0,142.78861603001133,0,0
C2-cancel,100,4,6,f_zero,10,0.5094765596380542,0.5097237981276899,0.0007278887549558664,,,,0.0,300.0,4.269432089920156,0,0
C2-cancel,100,4,6,oracle_state,10,0.028015477273626577,0.027899800192172773,0.0008914144509843279,0.0,0.0,0.0,1267200.0,3600.0,43.75763685000129,0,0
C2-cancel,100,4,6,path,10,43.807605116259055,42.76509115095171,6.850049503481244,0.5790551002018753,0.07574238585822099,83.38145467005484,1267200.0,3600.0,46.2049999000039,0,0
C2-cancel,100,4,6,raw,10,306737.039643272,262647.99043838854,137337.74067585543,181.49244952256836,609.6176009454502,536274.5169569419,1267200.0,3600.0,42.20806949997787,0,0
C2-cancel,400,2,32,box,10,0.14285006956691015,0.14345186455376094,0.0025107412278821233,0.3300908731276345,0.00578149365328867,1.800041026275008,38400.0,2400.0,21.855327399959787,0,0
C2-cancel,400,2,32,centre,10,0.2492225508867026,0.2492245507957784,0.0016658645143104046,1.1003178160473428,0.004760305341573134,2.490797784868337,38400.0,2400.0,21.776081449980847,0,0
C2-cancel,400,2,32,double,10,0.17874837996703946,0.17780283321182386,0.0037256639754826514,0.9948708230057554,0.01686990413887865,4.86094133753344,38400.0,3600.0,32.11551507001277,0,0
C2-cancel,400,2,32,double_path,10,0.14071037598431385,0.140675675490197,0.0022926387598035127,0.9830830896996561,0.0037145942917633686,1.3532013674351742,38400.0,3600.0,33.197694180044344,0,0
C2-cancel,400,2,32,f_zero,10,0.516193561726074,0.5158678360633147,0.0011666934996413746,,,,0.0,1200.0,10.958161869994365,0,0
C2-cancel,400,2,32,oracle_state,10,0.057762746788192224,0.05801739546664635,0.0023935830923613646,0.0,0.0,0.0,38400.0,2400.0,21.81366081002634,0,0
C2-cancel,400,2,32,path,10,0.1403430229651659,0.14021128558630283,0.002247197562395525,0.9799892484587659,0.00400250659666409,1.357342651661264,38400.0,2400.0,22.198927219980398,0,0
C2-cancel,400,2,32,raw,10,0.20909524582352262,0.21036126633465874,0.009110314866467878,0.8543569049647497,0.02734699458132431,6.998573939280727,38400.0,2400.0,21.878147879964672,0,0
C2-cancel,400,3,6,box,10,0.19592895159570606,0.19626217698487497,0.0035520734963713544,-0.01101832544102264,0.005273722579252999,2.1385806765286235,100800.0,6000.0,12.625357839977369,0,0
C2-cancel,400,3,6,centre,10,0.2508382261928625,0.2515130426801446,0.002201031910993969,0.9632395272859471,0.0051656713361364435,2.43645929539242,100800.0,6000.0,11.894048260012642,0,0
C2-cancel,400,3,6,double,10,43.06706493371888,42.39690933025871,4.812980722257218,0.7375413506191908,0.19477107394607257,193.15887997595118,144000.0,13200.0,25.17673580001574,0,0
C2-cancel,400,3,6,double_path,10,1.1461950313003701,1.1588430851637215,0.05746631146100581,0.7294413665078532,0.014767412997052061,5.424247285607722,144000.0,13200.0,25.920269239973276,0,0
C2-cancel,400,3,6,f_zero,10,0.516605391933617,0.5171704772677478,0.0026608169405393793,,,,0.0,1200.0,1.8589788100216538,0,0
C2-cancel,400,3,6,oracle_state,10,0.068553263961535,0.06825642016649935,0.0025551979523023775,0.0,0.0,0.0,100800.0,6000.0,11.980261359992436,0,0
C2-cancel,400,3,6,path,10,1.7091273423786753,1.6793554609084498,0.15935305310905554,0.7524950225962258,0.022816555309324686,9.332215845520375,100800.0,6000.0,12.755908500007354,0,0
C2-cancel,400,3,6,raw,10,283.21231979673547,278.5977716411777,49.45639322882746,-1.5579384743393094,4.361299417070073,1585.1819646076226,100800.0,6000.0,12.106265020021237,0,0
C2-cancel,400,3,10,box,10,0.16746894248509575,0.16830478024792345,0.002369444549587201,0.014535557099817964,0.0027419301111140408,2.035292098190664,264000.0,6000.0,54.95010526000988,0,0
C2-cancel,400,3,10,centre,10,0.2467372144800845,0.24670339147273307,0.0016414689112269677,0.9548047938233795,0.002912213384436639,2.4337034793025003,264000.0,6000.0,57.24955265996978,0,0
C2-cancel,400,3,10,double,10,8.169986538145169,8.19661227902729,0.4178812529935471,0.7038495927538074,0.061835847931269845,39.273084159475054,384000.0,13200.0,120.04684731999878,0,0
C2-cancel,400,3,10,double_path,10,0.5815272310024634,0.5791224475306493,0.03711621472921201,0.7356834558958469,0.004716328170205554,2.8135002019027042,384000.0,13200.0,110.78420117006172,0,0
C2-cancel,400,3,10,f_zero,10,0.5163689829577687,0.516480825347797,0.00139071285570544,,,,0.0,1200.0,12.541315330006181,0,0
C2-cancel,400,3,10,oracle_state,10,0.038151785001794225,0.03830198564429553,0.0012007629423593455,0.0,0.0,0.0,264000.0,6000.0,56.62104321008083,0,0
C2-cancel,400,3,10,path,10,0.7876802516332646,0.791970713246235,0.0333320613655028,0.7766375955556536,0.009471165190116718,4.567321328146241,264000.0,6000.0,49.68179043997079,0,0
C2-cancel,400,3,10,raw,10,35.01698722247396,34.29136269456432,2.8601045295713705,0.43307792454284577,0.1398291274952247,203.3554662838965,264000.0,6000.0,56.98760101005901,0,0
C2-cancel,400,4,6,box,10,0.16660898281556494,0.16690980413558784,0.0024531152159277827,-0.13560123278340383,0.0036086421245668555,2.1283654787241435,1267200.0,14400.0,142.14532985002734,0,0
C2-cancel,400,4,6,centre,10,0.24566421758446047,0.24560099163442925,0.0008599959664021818,0.8339658743403403,0.004704965648232722,2.3890021661950263,1267200.0,14400.0,140.73291929997504,0,0
C2-cancel,400,4,6,double,10,109784.42952876193,106844.8727746426,16737.78294712548,-12.321137963813705,80.27860756059096,133327.65295674483,2692800.0,46800.0,470.4176266700262,0,0
C2-cancel,400,4,6,double_path,10,80.0629702083622,81.6948081608758,11.89315348089247,0.5531152060574119,0.06988052265570081,100.07684013785462,2692800.0,46800.0,463.57764404003973,0,0
C2-cancel,400,4,6,f_zero,10,0.5158083640473523,0.5157228189776442,0.0008981702596769739,,,,0.0,1200.0,13.136339059961028,0,0
C2-cancel,400,4,6,oracle_state,10,0.02817158304050587,0.028117502842780855,0.0007973997493190392,0.0,0.0,0.0,1267200.0,14400.0,139.70188852003776,0,0
C2-cancel,400,4,6,path,10,304.1314310182005,298.2517176223162,49.553712151940466,0.6525022364523366,0.464218689120357,559.1392918122895,1267200.0,14400.0,151.1606101800222,0,0
C2-cancel,400,4,6,raw,10,14133399.611992216,13667021.482941648,5116182.176914534,8866.75303623248,20792.68644722142,32469761.293625783,1267200.0,14400.0,159.6822289200034,0,0
C2-convex,20,2,32,box,10,0.1396854296809722,0.13887985909864092,0.003058548552515421,0.720557185072029,0.008361197527141677,1.945215386592843,38400.0,300.0,1.6139984200010076,0,0
C2-convex,20,2,32,centre,10,0.251355285647573,0.25105939130600297,0.0015016958099817936,1.0757898180911925,0.004324819763894109,2.4673269471211325,38400.0,300.0,1.6281850099796429,0,0
C2-convex,20,2,32,double,10,0.14996057718559153,0.14964899062170806,0.004289206089413502,0.9838558984127184,0.00944230212778622,2.2262525440567082,38400.0,450.0,2.2364916999824347,0,0
C2-convex,20,2,32,double_path,10,0.1433191256028997,0.143556088615508,0.0025083674490714845,0.9828442375690999,0.0027127434893064015,1.347748582796148,38400.0,450.0,3.1357966701034456,0,0
C2-convex,20,2,32,f_zero,10,0.525210549355579,0.5254472905638944,0.0009401235887049302,,,,0.0,150.0,0.6989943899679929,0,0
C2-convex,20,2,32,oracle_state,10,0.05884815162982798,0.05897287933338425,0.002472438605061179,0.0,0.0,0.0,38400.0,300.0,1.6282451400067657,0,0
C2-convex,20,2,32,path,10,0.14293611325326633,0.14325613734035847,0.002442361706546697,0.9794342988753251,0.0025405035974804804,1.3512465154117803,38400.0,300.0,2.0805735000409187,0,0
C2-convex,20,2,32,raw,10,0.19220759500278617,0.19249962227719314,0.0055009153739927485,-1.1413301376211535,0.016912408655742357,3.5731357876401084,38400.0,300.0,1.5597474300069734,0,0
C2-convex,20,3,6,box,10,0.2019857829453425,0.20207872779290056,0.005884422536255727,0.45665586361621624,0.013877562948283453,2.495230608120537,100800.0,750.0,1.043985230033286,0,0
C2-convex,20,3,6,centre,10,0.25412757211187886,0.2538579628830303,0.0020339269062101583,0.9386039613859787,0.01087184848439102,2.4147449279406983,100800.0,750.0,1.0246108200168238,0,0
C2-convex,20,3,6,double,10,0.8489145216358722,0.8433423168866878,0.05748658827774905,0.7255714128301431,0.01865265544193323,6.5807560213918475,144000.0,1650.0,2.0496131400344892,0,0
C2-convex,20,3,6,double_path,10,0.2827081082820772,0.285619003413835,0.01858366375278973,0.7301055621068462,0.00730120626421492,1.6564220980791284,144000.0,1650.0,2.6938649199903013,0,0
C2-convex,20,3,6,f_zero,10,0.5263537590724287,0.5268574571279145,0.0012032181404454695,,,,0.0,150.0,0.1556541400263086,0,0
C2-convex,20,3,6,oracle_state,10,0.06999975318254043,0.06994401141396969,0.0025145311230564855,0.0,0.0,0.0,100800.0,750.0,1.0089967000298201,0,0
C2-convex,20,3,6,path,10,1.5284627594587197,1.5550801759872503,0.07095527704183528,0.18319795409357212,0.007525942098895249,4.582886851173075,100800.0,750.0,1.3278152800397947,0,0
C2-convex,20,3,6,raw,10,65.44819971109237,62.32443872862397,10.141143339362705,-32.0009219549611,0.5718913963774681,240.35702278948165,100800.0,750.0,1.0264015699969604,0,0
C2-convex,20,3,10,box,10,0.1531886419345096,0.15195813964676325,0.005722071281251548,0.4708972222749227,0.004115129958526537,2.309577974688694,264000.0,750.0,3.476444570044987,0,0
C2-convex,20,3,10,centre,10,0.24895514415164008,0.24905733662724783,0.0012442185738308462,0.9343055410617731,0.005111686906702721,2.412372157469927,264000.0,750.0,3.432408189959824,0,0
C2-convex,20,3,10,double,10,0.3104273865190809,0.3079848002242618,0.019491507370342068,0.7378084814615108,0.009566942292631496,4.107163294139637,384000.0,1650.0,7.453150580008514,0,0
C2-convex,20,3,10,double_path,10,0.15150476930428816,0.1509231354312805,0.008219511509100346,0.7391644005979384,0.0024594181332030294,1.288551190724177,384000.0,1650.0,9.873550619999879,0,0
C2-convex,20,3,10,f_zero,10,0.525281133565055,0.5251292670885879,0.0009995984444186399,,,,0.0,150.0,0.6988545800326392,0,0
C2-convex,20,3,10,oracle_state,10,0.03892269791131295,0.03921328636775201,0.001025777822786419,0.0,0.0,0.0,264000.0,750.0,3.4220264500239863,0,0
C2-convex,20,3,10,path,10,0.8816969211439021,0.8761478632817237,0.02602359186407675,0.5614046938883828,0.004222649453953903,2.433151127831984,264000.0,750.0,4.509031890030019,0,0
C2-convex,20,3,10,raw,10,13.934739294484766,14.069323817235201,0.5949075300513621,-9.238665095206521,0.06965761533547372,38.04979062403004,264000.0,750.0,3.4291596699506046,0,0
C2-convex,20,4,6,box,10,0.1733935116186494,0.17269872498995387,0.005892064212604819,0.3338635681904859,0.003579072377401959,2.4495525881204445,1267200.0,1800.0,10.612199669959955,0,0
C2-convex,20,4,6,centre,10,0.24898471911243925,0.2485059600878348,0.0018571614419759105,0.8107227551952093,0.005099548892519843,2.3679076012672895,1267200.0,1800.0,10.326791250007227,0,0
C2-convex,20,4,6,double,10,6.610852520236584,6.276475546864511,1.214043335513595,0.5571247509754181,0.003918640064365927,9.921324280610149,2692800.0,5850.0,32.496750809950754,0,0
C2-convex,20,4,6,double_path,10,0.9196215963165392,0.9062921961093415,0.14449210377605318,0.5584956536163382,0.0013566934433756313,1.7443614949311788,2692800.0,5850.0,42.13263320005499,0,0
C2-convex,20,4,6,f_zero,10,0.5258130782578329,0.5253027132235389,0.0015012919256090188,,,,0.0,150.0,0.9037976099876687,0,0
C2-convex,20,4,6,oracle_state,10,0.029007097476782807,0.028993279891138517,0.0012423584146618412,0.0,0.0,0.0,1267200.0,1800.0,10.301905310014263,0,0
C2-convex,20,4,6,path,10,48.31731903438565,48.60592863630225,2.873867351942055,-0.9693159726364922,0.05131467632632531,57.2870052586225,1267200.0,1800.0,13.265592090017162,0,0
C2-convex,20,4,6,raw,10,150286.12614341435,120058.30640023616,71867.21434003509,-2401.5362089728496,342.5527747094343,268343.20412274497,1267200.0,1800.0,10.333105019992217,0,0
C2-convex,100,2,32,box,10,0.1417686032880855,0.14171822709303383,0.0020139135111198196,0.4522078117498064,0.00557597679540453,1.7344475025605206,38400.0,600.0,5.768742429977283,0,0
C2-convex,100,2,32,centre,10,0.25315378841909386,0.25344545959932624,0.0015563929085737529,1.1688902124820644,0.005767796241959995,2.5309175055279165,38400.0,600.0,5.731719979993068,0,0
C2-convex,100,2,32,double,10,0.1557010867838881,0.1560233239260081,0.003147172121551694,0.9942403563905462,0.015253451234356718,2.724631450560144,38400.0,900.0,8.525680920062587,0,0
C2-convex,100,2,32,double_path,10,0.144966321249,0.14507116938373937,0.0020088150272800725,0.997176372207854,0.0034273284321830523,1.3684479473663518,38400.0,900.0,9.24390867999755,0,0
C2-convex,100,2,32,f_zero,10,0.5294033921234437,0.5293018250687822,0.0009208268555091205,,,,0.0,300.0,2.702416789974086,0,0
C2-convex,100,2,32,oracle_state,10,0.060423027777530836,0.06047550861249585,0.0019630051278618516,0.0,0.0,0.0,38400.0,600.0,5.776660349965096,0,0
C2-convex,100,2,32,path,10,0.1444802665916805,0.1445912537678063,0.002066698585536177,0.9936262412524401,0.0038342345768206765,1.3715692290764563,38400.0,600.0,6.265378839988261,0,0
C2-convex,100,2,32,raw,10,1.2097462480496466,1.2108940630998277,0.007829173520311402,-9.48350319141033,0.030899252591704077,12.55471642227481,38400.0,600.0,5.749318160000257,0,0
C2-convex,100,3,6,box,10,0.18814499728856438,0.18836809722992442,0.0053685627419158685,0.1330088483723907,0.003633429969953681,2.0870591953535804,100800.0,1500.0,3.4247621699934827,0,0
C2-convex,100,3,6,centre,10,0.25520272475124933,0.25520637357260934,0.001218551031056762,1.0319413850745405,0.005402183103306398,2.4767826901365804,100800.0,1500.0,3.396955979987979,0,0
C2-convex,100,3,6,double,10,3.987677922889408,3.9772854072818244,0.4709885412943075,0.7452452860626414,0.07450151247114269,20.03992771825982,144000.0,3300.0,6.800456630019471,0,0
C2-convex,100,3,6,double_path,10,0.5178840630412441,0.5136367232761267,0.02637566586809728,0.7401136596490585,0.005272353542139037,2.5935457304512086,144000.0,3300.0,7.708808129979298,0,0
C2-convex,100,3,6,f_zero,10,0.5304402907889514,0.5301610525507141,0.0010702459667262935,,,,0.0,300.0,0.5489549699239433,0,0
C2-convex,100,3,6,oracle_state,10,0.07069280930162111,0.07110404514641,0.0026973519004200768,0.0,0.0,0.0,100800.0,1500.0,3.3115717600099743,0,0
C2-convex,100,3,6,path,10,7.342605686472368,7.346985719067993,0.2046794083604551,-2.2134828194983154,0.029895565067580506,19.86618569233641,100800.0,1500.0,3.6152547599747775,0,0
C2-convex,100,3,6,raw,10,3576.5281113077704,3566.4916453262986,145.0531567398656,-1485.0321921418247,23.926507898805887,11402.461928966859,100800.0,1500.0,3.223398380004801,0,0
C2-convex,100,3,10,box,10,0.15835432726153148,0.15843314488776988,0.0032399458057066326,0.15479878189578283,0.0031251325112180007,1.9709109571715597,264000.0,1500.0,14.904441289976239,0,0
C2-convex,100,3,10,centre,10,0.25165848721834894,0.25174529822536257,0.0011733547211539542,1.0215446689927379,0.00433378097283308,2.472520619377181,264000.0,1500.0,14.868237139936536,0,0
C2-convex,100,3,10,double,10,0.9163867404092091,0.907453347143282,0.03775839318845788,0.7465404659660477,0.016571671601595242,7.450796970204434,384000.0,3300.0,27.879966900032013,0,0
C2-convex,100,3,10,double_path,10,0.23980974317290554,0.24382536870161003,0.02147282880467887,0.7467329425470832,0.004011168470280308,1.6040044524954697,384000.0,3300.0,33.33247834995855,0,0
C2-convex,100,3,10,f_zero,10,0.5302895105272853,0.5304434072024982,0.0009462847952885833,,,,0.0,300.0,2.6287182800238953,0,0
C2-convex,100,3,10,oracle_state,10,0.03910486449109965,0.03897093714786187,0.0014504947351811983,0.0,0.0,0.0,264000.0,1500.0,15.0090225700289,0,0
C2-convex,100,3,10,path,10,4.2918784079952434,4.286868018715603,0.0743370065615985,-0.3345766045425256,0.009546946849609689,9.354102136159751,264000.0,1500.0,14.848349119978957,0,0
C2-convex,100,3,10,raw,10,706.2682180740331,708.689859868555,17.539978884546244,-218.54887802781204,1.5532903772529305,1646.9196634994782,264000.0,1500.0,12.708097360027022,0,0
C2-convex,100,4,6,box,10,0.15669114919832056,0.15665704969218902,0.0031964655716089107,0.003747422922399408,0.003930949324744092,2.0639466744848383,1267200.0,3600.0,43.38271943004802,0,0
C2-convex,100,4,6,centre,10,0.25020776120445953,0.25017739399952504,0.0010318075959994365,0.8970106103662336,0.006178350790326543,2.422462803430048,1267200.0,3600.0,44.04877036998514,0,0
C2-convex,100,4,6,double,10,315.51399211220553,309.064349289548,47.21350570815434,0.6026949459519797,0.22181581524144967,412.4081536477044,2692800.0,11700.0,134.44621737995186,0,0
C2-convex,100,4,6,double_path,10,6.715564232313025,6.252222583850534,1.4175251621103115,0.5666083675698758,0.0037385846892796027,8.10705496807213,2692800.0,11700.0,147.36756769001948,0,0
C2-convex,100,4,6,f_zero,10,0.5296217578994284,0.5294175395372887,0.000768383836821486,,,,0.0,300.0,4.2118795399321245,0,0
C2-convex,100,4,6,oracle_state,10,0.029191856638828194,0.029370752629715047,0.0012504141154312208,0.0,0.0,0.0,1267200.0,3600.0,41.9770509099355,0,0
C2-convex,100,4,6,path,10,4463.1866568773585,4425.607311551083,281.05810214751006,-98.7839151746942,3.085674491580305,4609.193661916242,1267200.0,3600.0,44.71194484999869,0,0
C2-convex,100,4,6,raw,10,1418019570.1401067,1405499174.6140628,138734424.0239404,-30794010.29786365,1630895.8330844326,1948564920.6271706,1267200.0,3600.0,43.58011990000959,0,0
C2-convex,400,2,32,box,10,0.1601708018820362,0.1613028746946989,0.003282102880916538,-0.023994081516697668,0.005232065970833672,1.7442215044016034,38400.0,2400.0,24.19245055001229,0,0
C2-convex,400,2,32,centre,10,0.2518371463337362,0.25199502383876604,0.0022637502198225344,0.9851460826433289,0.005895222028088594,2.404680604676785,38400.0,2400.0,26.805778759974054,0,0
C2-convex,400,2,32,double,10,0.16991469011657878,0.16999220634905535,0.0043568253604947945,0.9790400521329218,0.024968591557538347,3.811684798487947,38400.0,3600.0,39.095029589976185,0,0
C2-convex,400,2,32,double_path,10,0.14576034371612984,0.1462900198196571,0.0020811247448629605,0.971828177642931,0.0022725763157174883,1.3333302580120046,38400.0,3600.0,33.82520475001074,0,0
C2-convex,400,2,32,f_zero,10,0.5324213813670272,0.5323576838802899,0.0008416384103176775,,,,0.0,1200.0,12.014746600063518,0,0
C2-convex,400,2,32,oracle_state,10,0.060388998318762675,0.06008491522731048,0.0026207421197036477,0.0,0.0,0.0,38400.0,2400.0,25.833059359993786,0,0
C2-convex,400,2,32,path,10,0.14541305386008374,0.14587368251247768,0.0021133543341079553,0.9685077542057281,0.0022474426716725185,1.3367454073307488,38400.0,2400.0,25.926515239989385,0,0
C2-convex,400,2,32,raw,10,5.122383025819149,5.117021670019206,0.04223088430233484,-38.55068627832479,0.08174713057891486,46.83206669904527,38400.0,2400.0,24.688573579979128,0,0
C2-convex,400,3,6,box,10,0.20510405961977302,0.2056311430551226,0.0030858123822059195,-0.3204366505834744,0.006951752963033791,2.03441926649284,100800.0,6000.0,12.529027680004948,0,0
C2-convex,400,3,6,centre,10,0.2554090583507665,0.2551477378317154,0.0030259530691605,0.8568236790153815,0.007380550305680399,2.359912597070432,100800.0,6000.0,12.073920980026013,0,0
C2-convex,400,3,6,double,10,24.44057831401157,23.871766872322315,2.3745383478128876,0.8353490281615326,0.16153375707969295,103.86914741052479,144000.0,13200.0,24.56046228003688,0,0
C2-convex,400,3,6,double_path,10,0.9851269749663677,0.9743204325594162,0.08626022614668928,0.7225700461546863,0.007070497864842983,4.337006021250747,144000.0,13200.0,25.74377466000151,0,0
C2-convex,400,3,6,f_zero,10,0.5345245936059682,0.5347461797610931,0.0014427708700654374,,,,0.0,1200.0,2.02437237999402,0,0
C2-convex,400,3,6,oracle_state,10,0.07237623770373429,0.07206615650696846,0.001682193794549414,0.0,0.0,0.0,100800.0,6000.0,11.974649529950693,0,0
C2-convex,400,3,6,path,10,29.100682930523362,29.015957005225733,0.55824609451862,-10.183897205299965,0.1144943803260525,72.31589296656131,100800.0,6000.0,12.787869480019435,0,0
C2-convex,400,3,6,raw,10,197011.80225052405,196068.789063028,8356.57047221861,-72757.48041746343,942.7593489343072,547332.2766307007,100800.0,6000.0,11.857023920002394,0,0
C2-convex,400,3,10,box,10,0.18513665151016673,0.18492045392584833,0.0022895722890314686,-0.3046856547162221,0.005090552150198348,1.9628913432342177,264000.0,6000.0,57.7643550200155,0,0
C2-convex,400,3,10,centre,10,0.24933063820616885,0.2496285679752246,0.0014294218503486038,0.843624523142686,0.006373448914868102,2.354855647542648,264000.0,6000.0,49.44147377004847,0,0
C2-convex,400,3,10,double,10,4.4114018829293515,4.375182600378171,0.3648517872368645,0.7222584046087664,0.04242888769785347,22.273844856637115,384000.0,13200.0,117.82872104002163,0,0
C2-convex,400,3,10,double_path,10,0.47779091012135433,0.4735304400001419,0.03904397582366092,0.727690560767335,0.004157616526007415,2.2875984735085857,384000.0,13200.0,126.10489169999491,0,0
C2-convex,400,3,10,f_zero,10,0.5323971452130316,0.5322578473315417,0.001109162186366816,,,,0.0,1200.0,10.957784499949776,0,0
C2-convex,400,3,10,oracle_state,10,0.039806010865338956,0.039702224487754366,0.0018242181950470693,0.0,0.0,0.0,264000.0,6000.0,50.19075332002249,0,0
C2-convex,400,3,10,path,10,16.957905198240304,16.895193396596433,0.2891021158420132,-3.356733831501001,0.03237286002937142,34.13993045251031,264000.0,6000.0,55.31193948006258,0,0
C2-convex,400,3,10,raw,10,36828.6736643497,36675.76133266615,545.6998722848435,-9141.488609160539,59.151948410705636,78153.82877290109,264000.0,6000.0,57.001664009992965,0,0
C2-convex,400,4,6,box,10,0.17228960984793104,0.1720852271775153,0.0015092685591148816,-0.4491756407809306,0.005436011044107848,2.0445078752023695,1267200.0,14400.0,156.4170180599671,0,0
C2-convex,400,4,6,centre,10,0.24922618343205225,0.24872239285863518,0.0017623197487839789,0.7227486511094623,0.005782857359130908,2.311357174321503,1267200.0,14400.0,140.24558803003748,0,0
C2-convex,400,4,6,double,10,27238.540019861597,27698.505559360314,5221.915132191966,4.715349125567476,24.577027718455472,33692.50596105625,2692800.0,46800.0,453.57635892999826,0,0
C2-convex,400,4,6,double_path,10,50.54023782461925,49.27502907839634,10.088050544686249,0.5406783960625168,0.03233643833063494,57.20132043793658,2692800.0,46800.0,477.2852627399843,0,0
C2-convex,400,4,6,f_zero,10,0.5324875805626024,0.5324530178404598,0.0010434038941374156,,,,0.0,1200.0,13.246756069990806,0,0
C2-convex,400,4,6,oracle_state,10,0.029375433442667305,0.028794949033998277,0.0013256407202482895,0.0,0.0,0.0,1267200.0,14400.0,156.22723436004017,0,0
C2-convex,400,4,6,path,10,266300.7783129331,263388.74749886646,19345.06160538232,-5219.589228199831,215.0244166819205,247926.22206199355,1267200.0,14400.0,143.72787870005703,0,0
C2-convex,400,4,6,raw,10,14715348135529.494,14376265575569.84,1504993705922.0098,-294639791844.02325,17001918984.180368,17003304717774.4,1267200.0,14400.0,139.4247231999878,0,0
C2-flip,20,2,32,box,10,0.15073303883355188,0.15067856361595056,0.004031870393668612,0.9721200650345855,0.014539839495269657,2.9088339632877163,38400.0,300.0,1.5600610099267214,0,0
C2-flip,20,2,32,centre,10,0.24540154310351592,0.24509744317850474,0.0021220568116201073,1.0452809419760836,0.005604436823245628,2.441815301425083,38400.0,300.0,1.5288968299981207,0,0
C2-flip,20,2,32,double,10,0.14944137934951734,0.14897345692367103,0.002787361646927136,0.9708989857347724,0.013219394609145823,2.720752718741429,38400.0,450.0,2.238504029996693,0,0
C2-flip,20,2,32,double_path,10,0.13929204595118796,0.13850989716805762,0.002924531017997288,0.9712624054008419,0.002536510920406332,1.332468077224343,38400.0,450.0,3.040454349969514,0,0
C2-flip,20,2,32,f_zero,10,0.5158089548471682,0.5160562170922505,0.0010125180660658882,,,,0.0,150.0,0.728920610062778,0,0
C2-flip,20,2,32,oracle_state,10,0.059169255039753635,0.05889364787035432,0.0018034026680239994,0.0,0.0,0.0,38400.0,300.0,1.5433728500502184,0,0
C2-flip,20,2,32,path,10,0.13894218845663828,0.13828132297315043,0.0029164894237109643,0.9679461195567567,0.0028448745219579845,1.3363143615020172,38400.0,300.0,2.0627659999765457,0,0
C2-flip,20,2,32,raw,10,0.27554997899699607,0.27582250316958223,0.003983165310330143,2.062040908575795,0.0179311743040483,4.139136566635591,38400.0,300.0,1.5281494399998337,0,0
C2-flip,20,3,6,box,10,0.33036788330636163,0.3284806179426676,0.015480060581431592,0.900673905266886,0.013604462715883784,4.3156129375589085,100800.0,750.0,1.0675178999779746,0,0
C2-flip,20,3,6,centre,10,0.24973489460510648,0.248569459752928,0.0028901194925966328,0.9108718276381055,0.006793802459876124,2.389402450535125,100800.0,750.0,1.0264980700099842,0,0
C2-flip,20,3,6,double,10,1.1473640225679322,1.1037697053587765,0.14676284792082386,0.7170443509735736,0.017648574309271563,8.155703319200214,144000.0,1650.0,2.004767100000754,0,0
C2-flip,20,3,6,double_path,10,0.3367398560033872,0.3447127790651857,0.02137747353555172,0.7202556767484529,0.004692547548138757,1.8279693951993263,144000.0,1650.0,2.695004910067655,0,0
C2-flip,20,3,6,f_zero,10,0.518518807052668,0.5184616076186419,0.002258255869110186,,,,0.0,150.0,0.15567407002672554,0,0
C2-flip,20,3,6,oracle_state,10,0.07048437045926717,0.0696206046119632,0.002540202046899319,0.0,0.0,0.0,100800.0,750.0,1.0606006499845535,0,0
C2-flip,20,3,6,path,10,0.9416449790983862,0.9398484238785407,0.04115156526673936,1.076048558003602,0.010543126356615693,3.456358365768917,100800.0,750.0,1.3140840499894693,0,0
C2-flip,20,3,6,raw,10,10.340188827481,10.358853413714087,1.5540842334464908,9.486406100210793,0.13982898465174534,44.41251098856672,100800.0,750.0,1.0253889199811965,0,0
C2-flip,20,3,10,box,10,0.22119907454991608,0.2220542042460598,0.005841706657702306,0.852220297718101,0.006685162918344354,3.8821540317817798,264000.0,750.0,3.520242429990321,0,0
C2-flip,20,3,10,centre,10,0.2438075533757918,0.2436377772315911,0.0015290595160484574,0.9071082360201039,0.005862785949222562,2.3903912114115813,264000.0,750.0,3.4386316099669783,0,0
C2-flip,20,3,10,double,10,0.40912123357790486,0.410621788547756,0.02960429235092057,0.7267905881151007,0.00886772990632232,5.124777850118734,384000.0,1650.0,7.393374709947966,0,0
C2-flip,20,3,10,double_path,10,0.17945932573815931,0.17877974069720584,0.008722817748063029,0.7305010135742699,0.003505872284052788,1.3720010142502388,384000.0,1650.0,9.906161719956435,0,0
C2-flip,20,3,10,f_zero,10,0.5163217028200023,0.5167397295589355,0.001053855471568627,,,,0.0,150.0,0.6998579799896106,0,0
C2-flip,20,3,10,oracle_state,10,0.038037920066577115,0.03786615044752774,0.0010667125534260843,0.0,0.0,0.0,264000.0,750.0,3.4532839599763974,0,0
C2-flip,20,3,10,path,10,0.5509929319626753,0.5524312895434942,0.022018131018713787,0.8934300553574129,0.004150110765228613,2.0765228558018367,264000.0,750.0,4.4500080399913715,0,0
C2-flip,20,3,10,raw,10,2.3427354307572754,2.293119522409801,0.2211377509308071,4.68391254739281,0.02285569210664933,11.455744685372744,264000.0,750.0,3.4529121200554074,0,0
C2-flip,20,4,6,box,10,0.3482950071696785,0.35105120453976674,0.011592107908141344,0.7721106518833478,0.005344385584151658,4.260775692300124,1267200.0,1800.0,10.738330510025843,0,0
C2-flip,20,4,6,centre,10,0.24338203290821925,0.24318665689637672,0.0010609878874307094,0.7855111751677477,0.003894752000288567,2.3445368403293125,1267200.0,1800.0,10.493147789966315,0,0
C2-flip,20,4,6,double,10,10.30125194490832,10.202215808310338,2.3759393280458867,0.5526468926224364,0.009075892777493712,15.211435837625203,2692800.0,5850.0,32.67372532996815,0,0
C2-flip,20,4,6,double_path,10,1.1550691748260944,1.1975839645737518,0.14229489282911628,0.5513571182543232,0.0028979388873569384,2.0539962246654953,2692800.0,5850.0,42.37705214002635,0,0
C2-flip,20,4,6,f_zero,10,0.515946077651247,0.5160051490471513,0.0006620349876678694,,,,0.0,150.0,0.917828830005601,0,0
C2-flip,20,4,6,oracle_state,10,0.02825205333648529,0.028135236669195623,0.0009892465161890646,0.0,0.0,0.0,1267200.0,1800.0,10.298978780000471,0,0
C2-flip,20,4,6,path,10,14.355686704134296,15.015062665435812,1.4874238234998205,1.1962647909487565,0.016875685815441646,17.569371340678877,1267200.0,1800.0,13.29508432999719,0,0
C2-flip,20,4,6,raw,10,17524.54815429575,5541.864939163743,30965.311244726254,80.34008931074483,39.45246978141284,25620.44787693094,1267200.0,1800.0,10.495857610017993,0,0
C2-flip,100,2,32,box,10,0.14892200662632651,0.14780844311077945,0.0032409476796421933,0.8932588566919872,0.0110321842240734,2.387912880352923,38400.0,600.0,5.733950330037624,0,0
C2-flip,100,2,32,centre,10,0.2511499438699766,0.251633201213062,0.0020977251519430015,1.0714514629885201,0.0060077811052906376,2.4264256391577437,38400.0,600.0,5.8250600000610575,0,0
C2-flip,100,2,32,double,10,0.15736595416102978,0.1579528834147283,0.003311503876247228,0.9895142529420452,0.014880925952397548,3.081805126970942,38400.0,900.0,8.690929599967784,0,0
C2-flip,100,2,32,double_path,10,0.1424578130697862,0.14269188614613623,0.0018553800289480536,0.9910069767877528,0.0031004670916073025,1.3605339351137138,38400.0,900.0,9.148662470001728,0,0
C2-flip,100,2,32,f_zero,10,0.5258571610058687,0.5255069145306627,0.001086048171826035,,,,0.0,300.0,2.7786071800161154,0,0
C2-flip,100,2,32,oracle_state,10,0.059704967146060994,0.05969093095697839,0.001505082265134641,0.0,0.0,0.0,38400.0,600.0,5.726900539943017,0,0
C2-flip,100,2,32,path,10,0.1420662518881273,0.1423379468541573,0.001891383283932501,0.9877295577694426,0.003249985602473603,1.364272150967738,38400.0,600.0,6.237477490049787,0,0
C2-flip,100,2,32,raw,10,0.7816902935381627,0.780887215386505,0.003968879974784705,6.117099477791037,0.01915305562724923,7.822784620005633,38400.0,600.0,5.808213340025395,0,0
C2-flip,100,3,6,box,10,0.24024235783049322,0.23939227803927365,0.005733874697572815,0.6357873616201307,0.011970122494635785,3.0573594344958304,100800.0,1500.0,3.4479803200112658,0,0
C2-flip,100,3,6,centre,10,0.25201001352608315,0.25344779279158275,0.0034301994900787806,0.9305842495495715,0.006805545817934955,2.371184856376722,100800.0,1500.0,3.3891602800227703,0,0
C2-flip,100,3,6,double,10,4.184232553387974,4.228057377611474,0.3209659798621122,0.7250485152576411,0.03839953290841674,20.797232813617494,144000.0,3300.0,6.884103380003944,0,0
C2-flip,100,3,6,double_path,10,0.5695921315630759,0.5743553730483557,0.0433903113056559,0.7348716588487538,0.007078940435275407,2.6276993859388478,144000.0,3300.0,7.4343002999899905,0,0
C2-flip,100,3,6,f_zero,10,0.5265232732916743,0.5266464964671137,0.0030336238046034234,,,,0.0,300.0,0.5158169899601489,0,0
C2-flip,100,3,6,oracle_state,10,0.07075605098984275,0.07065078226234081,0.0027940476784878766,0.0,0.0,0.0,100800.0,1500.0,3.3840323199983686,0,0
C2-flip,100,3,6,path,10,3.7769752797912046,3.8017424703686387,0.10985882434451581,2.2123487977846987,0.0234786207103924,10.276369741948782,100800.0,1500.0,3.5967892700107766,0,0
C2-flip,100,3,6,raw,10,382.71815354515644,373.8889755750166,32.6607544271304,164.47180002488537,2.7230756566944523,1196.9657276012745,100800.0,1500.0,3.352730519953184,0,0
C2-flip,100,3,10,box,10,0.17530669156560114,0.17679506383962407,0.005751627002741415,0.6451027329886105,0.006176314097860065,2.843104084169341,264000.0,1500.0,14.079450760013424,0,0
C2-flip,100,3,10,centre,10,0.2485491493105351,0.24847304831451017,0.0012079187768077012,0.9241445097582938,0.003690054477788683,2.3678066082361817,264000.0,1500.0,14.907848499971442,0,0
C2-flip,100,3,10,double,10,1.0481730062808692,1.0340718986586712,0.08719836052100352,0.7419624038168886,0.009359407663350841,8.096494803286943,384000.0,3300.0,31.24162247995846,0,0
C2-flip,100,3,10,double_path,10,0.27674869582181394,0.2757937526468075,0.016597476766515996,0.7416588326062612,0.0036777110530378187,1.640810829139064,384000.0,3300.0,30.68763343996834,0,0
C2-flip,100,3,10,f_zero,10,0.5257651636848213,0.5260057311063431,0.0013716307920921226,,,,0.0,300.0,3.260955600021407,0,0
C2-flip,100,3,10,oracle_state,10,0.03788248617738649,0.03788589977576584,0.0008586267553406107,0.0,0.0,0.0,264000.0,1500.0,14.818685359973461,0,0
C2-flip,100,3,10,path,10,2.2306186871590326,2.224081970874333,0.05210057803285983,1.3281619573459884,0.008090323422324443,5.018082013394109,264000.0,1500.0,15.552708769938908,0,0
C2-flip,100,3,10,raw,10,61.116097355858926,60.694638384842136,1.4366787757670627,31.61022770530787,0.2151913134127262,146.33814005327457,264000.0,1500.0,13.38463492996525,0,0
C2-flip,100,4,6,box,10,0.22648973307652537,0.22602849387731277,0.006197911145207477,0.5063534644617376,0.0030137808720724626,3.0093142999123654,1267200.0,3600.0,44.02121816996951,0,0
C2-flip,100,4,6,centre,10,0.2470889124859105,0.24718409719048964,0.0012554592433992795,0.798778986615584,0.005562232540167282,2.3221997593879147,1267200.0,3600.0,40.49232131994795,0,0
C2-flip,100,4,6,double,10,545.9401680357909,392.0205006712679,490.98400224597384,0.5590563606647146,0.34699828547491285,581.5124618122874,2692800.0,11700.0,141.18032734997104,0,0
C2-flip,100,4,6,double_path,10,6.122516095483276,6.08804166473567,0.8073889100888718,0.5606425803663745,0.004724567003099871,8.35250114480465,2692800.0,11700.0,148.96490798997692,0,0
C2-flip,100,4,6,f_zero,10,0.5248930139398867,0.5251303016436455,0.0008425404466205264,,,,0.0,300.0,3.5866060800151898,0,0
C2-flip,100,4,6,oracle_state,10,0.028779005927881428,0.02852290153185904,0.0010822968573675753,0.0,0.0,0.0,1267200.0,3600.0,43.610796549962835,0,0
C2-flip,100,4,6,path,10,708.0782061235598,697.9822509299142,61.01983926051705,14.73353287736919,0.4717363554897819,697.3715374447905,1267200.0,3600.0,45.33086866007652,0,0
C2-flip,100,4,6,raw,10,10031862.674376428,9913818.622415915,1301976.2145828332,176766.81204240536,10985.04548979391,13425113.828380873,1267200.0,3600.0,43.53647372005507,0,0
C2-flip,400,2,32,box,10,0.13567496453182745,0.1350147365221,0.0026213916386698686,0.4485265509980466,0.00832659252246745,1.808173397155598,38400.0,2400.0,21.587457059998997,0,0
C2-flip,400,2,32,centre,10,0.24494457563505984,0.24450995333406966,0.00198772629769003,1.006851877392862,0.0038009970189566643,2.404997352998194,38400.0,2400.0,21.726110520004294,0,0
C2-flip,400,2,32,double,10,0.17570188841438164,0.1753618987570082,0.005078390119494704,0.9774395295072591,0.023795844289439868,4.140147991852153,38400.0,3600.0,53.737265340005976,0,0
C2-flip,400,2,32,double_path,10,0.146653008916231,0.14660903521778337,0.0033963890258098184,0.9725599239246476,0.003051777274607179,1.3493029464108488,38400.0,3600.0,32.772986159985884,0,0
C2-flip,400,2,32,f_zero,10,0.5286964683651076,0.5287482234731556,0.0014197140281303389,,,,0.0,1200.0,10.313744870014489,0,0
C2-flip,400,2,32,oracle_state,10,0.06058283077617096,0.06100504828318647,0.0022293356718438707,0.0,0.0,0.0,38400.0,2400.0,21.83506392003037,0,0
C2-flip,400,2,32,path,10,0.14613612941903215,0.14619084774248153,0.0033242723650038363,0.9685814778297306,0.0027338355863106966,1.3521738165656312,38400.0,2400.0,30.362176940008066,0,0
C2-flip,400,2,32,raw,10,2.697692048199635,2.701339140548079,0.01811098974459297,20.727454506541342,0.04165806707880182,24.608066569989035,38400.0,2400.0,28.658066600048915,0,0
C2-flip,400,3,6,box,10,0.19886011792883948,0.19897931652784664,0.005038229166042274,0.0712592790130382,0.006626447956022342,2.1821323555435934,100800.0,6000.0,12.181407140032388,0,0
C2-flip,400,3,6,centre,10,0.24825685911732348,0.24790557415453995,0.0027890291292223548,0.8747685751960212,0.005289445216265184,2.355815667381134,100800.0,6000.0,11.582058340031654,0,0
C2-flip,400,3,6,double,10,23.948258933848358,23.606344190791724,2.7352193791238135,0.7353198623740705,0.31172473697535763,106.54300973301584,144000.0,13200.0,24.38585614999756,0,0
C2-flip,400,3,6,double_path,10,0.9419132607357928,0.9548834419817513,0.05488331207427047,0.7199528142352766,0.01339721467610939,4.3296488286714165,144000.0,13200.0,26.0623938099714,0,0
C2-flip,400,3,6,f_zero,10,0.529764519236846,0.5292866210903591,0.0018881303449475536,,,,0.0,1200.0,1.9382664899807422,0,0
C2-flip,400,3,6,oracle_state,10,0.07131612426792344,0.07049125996437619,0.002686105698446279,0.0,0.0,0.0,100800.0,6000.0,12.016298969974741,0,0
C2-flip,400,3,6,path,10,13.731118753571954,13.69564827313877,0.4337554320790573,6.095236119571347,0.047494159298418506,35.28091332134523,100800.0,6000.0,12.662470060028136,0,0
C2-flip,400,3,6,raw,10,21127.736323309477,21118.2333432206,823.8216251385795,8115.594229985516,133.36482569065836,61353.24662156191,100800.0,6000.0,12.028748969966546,0,0
C2-flip,400,3,10,box,10,0.16070831571250935,0.16064641716513153,0.005167533607457451,0.1069167828938133,0.003595936425684986,2.0580399304255126,264000.0,6000.0,48.668757270020436,0,0
C2-flip,400,3,10,centre,10,0.2424083119252023,0.24243187985539036,0.001616037316306166,0.8655138179541302,0.004079633307466316,2.352070841637093,264000.0,6000.0,49.01033353994135,0,0
C2-flip,400,3,10,double,10,4.567028175228364,4.504062152406497,0.35041600348085705,0.740989005125361,0.039817700641457066,23.116272762050123,384000.0,13200.0,118.85018308004365,0,0
C2-flip,400,3,10,double_path,10,0.4645098126132762,0.46400639188280834,0.022156170491050644,0.7282103077592976,0.004498474946910344,2.2948843958161644,384000.0,13200.0,105.67933968999424,0,0
C2-flip,400,3,10,f_zero,10,0.5280163350637628,0.5279926631823331,0.0007748933036258569,,,,0.0,1200.0,9.758849340002053,0,0
C2-flip,400,3,10,oracle_state,10,0.03903937790818623,0.03909609346671396,0.0010802132573888034,0.0,0.0,0.0,264000.0,6000.0,48.46834445002023,0,0
C2-flip,400,3,10,path,10,8.110063675138056,8.127501519727694,0.10368258462217676,2.779347097871916,0.013819450614666584,16.61491321091322,264000.0,6000.0,53.119394409959206,0,0
C2-flip,400,3,10,raw,10,3738.792398754466,3718.7063802201765,73.80244906881562,1000.8108435343092,10.305434762034468,8142.879261960753,264000.0,6000.0,53.284140489972195,0,0
C2-flip,400,4,6,box,10,0.16674584847544752,0.16523712072454833,0.004759129885637635,-0.050231455736534744,0.004676406165268719,2.15701818747864,1267200.0,14400.0,153.5756263599731,0,0
C2-flip,400,4,6,centre,10,0.24212567379110764,0.2421640983920363,0.0005147712288244212,0.7459920605809728,0.007236170884769259,2.30742846294896,1267200.0,14400.0,136.27120533003472,0,0
C2-flip,400,4,6,double,10,25851.169727012228,26728.23884401238,5789.570554091523,2.8061725073439057,10.388827833787332,32128.754554168154,2692800.0,46800.0,499.1744572999887,0,0
C2-flip,400,4,6,double_path,10,38.094218074045926,38.04066674714588,5.26576197273317,0.5467256964032485,0.033706228069570035,50.358230215697695,2692800.0,46800.0,517.4795740599977,0,0
C2-flip,400,4,6,f_zero,10,0.5281710884411319,0.5282399023236358,0.0006518883390459618,,,,0.0,1200.0,12.997480469965376,0,0
C2-flip,400,4,6,oracle_state,10,0.0291046911170648,0.029036395120644584,0.0008398232179987415,0.0,0.0,0.0,1267200.0,14400.0,139.12687280003448,0,0
C2-flip,400,4,6,path,10,28135.189122571435,27549.61606279028,1812.2249511116793,608.482397958107,17.949954842202548,28815.3089219879,1267200.0,14400.0,159.9992075299844,0,0
C2-flip,400,4,6,raw,10,84895132914.50461,85740073410.6642,7118635543.672469,1807231496.2377982,68621165.8970756,100360343897.4258,1267200.0,14400.0,139.56127329000736,0,0
MR,100,2,8,double,10,0.39721305769213466,0.3972644281364828,0.016087486711283117,3.405122697660217,0.1748628964434011,23.577766515554266,9600.0,900.0,0.4451796300010756,0,0
MR,100,2,8,double_path,10,0.21056949019643256,0.2088912583640505,0.005068967077015649,3.409789661029383,0.031229537078557114,5.0557374664484795,9600.0,900.0,0.5681439299834892,0,0
MR,100,2,8,raw,10,7.631447374997704,7.6178418445537135,0.13493441367083112,-191.21077524986868,1.4157057776353779,244.08085451755522,9600.0,600.0,0.31025866002310065,0,0
MR,100,2,16,double,10,0.2209473456341807,0.2224276245603249,0.0069316741148581495,3.3883781605434864,0.08383949280270897,13.541085955673728,19200.0,900.0,2.00213765995577,0,0
MR,100,2,16,double_path,10,0.17633691206600838,0.17578514037168594,0.003860962127470979,3.411569648919285,0.01678765703075133,4.95345478573192,19200.0,900.0,2.466497049946338,0,0
MR,100,2,16,raw,10,3.6389979786471485,3.6428723954058095,0.04488314450747544,-94.2102242886634,0.40944007854027753,113.8699481990213,19200.0,600.0,1.3302073099417613,0,0
MR,100,2,32,centre,10,0.49561709116485525,0.4954142045943163,0.0009613294248364534,12.267950284244714,0.01559134428377705,14.648482923786972,38400.0,600.0,5.921807589987293,0,0
MR,100,2,32,double,10,0.16912420148377955,0.1692152995077509,0.004353796689462133,3.42580202866874,0.03178692978448856,8.704008478178906,38400.0,900.0,10.009238630020992,0,0
MR,100,2,32,double_path,10,0.160043253058667,0.15994787080963624,0.0031403819700297395,3.4152619202499905,0.01428563982227799,4.909028461576153,38400.0,900.0,10.653545719990507,0,0
MR,100,2,32,f_zero,10,0.5785364866094196,0.5783168607218581,0.0006927013544453258,,,,0.0,300.0,2.9078863899689167,0,0
MR,100,2,32,oracle_state,10,0.07305288776481225,0.07311954604757535,0.0017963943566400538,0.0,0.0,0.0,38400.0,600.0,5.876779960026033,0,0
MR,100,2,32,path,10,0.15680328368988022,0.1567811570418672,0.003142489353754486,3.3162684724932987,0.015440124166088073,4.859798864236274,38400.0,600.0,7.256664610025473,0,0
MR,100,2,32,raw,10,1.721879053284281,1.720001289759576,0.015680702228736826,-45.345351225149315,0.08777236508022017,53.528613987316305,38400.0,600.0,7.36622564997524,0,0
MR,100,2,32,sub_box,10,0.10738239200322794,0.10676358835055158,0.004656494934026385,-0.7515945293257099,0.03172651950436355,7.684960467652056,38400.0,600.0,5.889649870013818,0,0
MR,100,2,64,double,10,0.15422937659535005,0.1545973982382657,0.0020254905453519195,3.4139578603385794,0.016945333768416636,6.552223065883707,76800.0,900.0,39.193305240012705,0,0
MR,100,2,64,double_path,10,0.15236811102251915,0.15284867126433055,0.0020178444630772254,3.407834337503995,0.008455444374323837,4.876397278073901,76800.0,900.0,52.08418348003179,0,0
MR,100,2,64,raw,10,0.7912211598865507,0.7911491308554016,0.0064979839445073306,-20.977669329671023,0.03028340649438713,25.01675779133944,76800.0,600.0,26.236343569960447,0,0
MR,100,2,128,double,10,0.14919151926830448,0.1491063430204705,0.0021526476065745087,3.407932157254001,0.00839862402921117,5.614119633330763,153600.0,900.0,158.51650229995138,0,0
MR,100,2,128,double_path,10,0.1489682815882403,0.14900660929183657,0.0018579722693543885,3.4088888992066684,0.00749567140273751,4.863853402468307,153600.0,900.0,217.21764398997183,0,0
MR,100,2,128,raw,10,0.3304876610131246,0.3307993689587553,0.0021821541373237487,-8.784714908276236,0.014948147568755907,11.384960119100977,153600.0,600.0,106.56670756002423,0,0
MR,100,3,4,double,10,10.022312217669436,9.793417236054793,0.9302528945327538,2.8564080675971955,0.5026152623367779,160.59464579728134,67200.0,3300.0,2.2816008600173516,0,0
MR,100,3,4,double_path,10,1.0501683638574075,1.046113173147833,0.07630989207472252,2.614544731261524,0.030856384159433894,15.213893718406633,67200.0,3300.0,2.7106165900360795,0,0
MR,100,3,4,raw,10,31249.76377958514,30748.004293295155,2980.955924933854,-56103.977869863316,1868.9159832448204,388383.8798736887,48000.0,1500.0,1.158741489984095,0,0
MR,100,3,6,centre,10,0.4973664988528329,0.49709966492995883,0.0015495057515379342,12.22132621991901,0.023522996127745544,14.603487976859132,100800.0,1500.0,2.9758430000394585,0,0
MR,100,3,6,double,10,2.922532832827431,2.9540189616964962,0.20075648520666559,2.6711293412363393,0.14232789861275674,53.89974300116781,144000.0,3300.0,6.060911480011418,0,0
MR,100,3,6,double_path,10,0.5888786564239403,0.5737588382929438,0.058262464415897774,2.6348590468063446,0.019340243757265778,9.20301093998827,144000.0,3300.0,7.239457849995233,0,0
MR,100,3,6,f_zero,10,0.5798512436103965,0.5795079870133808,0.001536834301924682,,,,0.0,300.0,0.5032425600104034,0,0
MR,100,3,6,oracle_state,10,0.08000142786575679,0.08016218985571681,0.0021148147742917297,0.0,0.0,0.0,100800.0,1500.0,2.982549160020426,0,0
MR,100,3,6,path,10,12.294436187285765,12.313319723791096,0.3498250682807398,-14.006165952493612,0.1919502430134077,102.11476186661044,100800.0,1500.0,3.2625513300066813,0,0
MR,100,3,6,raw,10,7354.3817753606,7297.452733297614,235.7226876720269,-10761.011695225556,238.9943553922503,70452.28514866522,100800.0,1500.0,2.938529710075818,0,0
MR,100,3,6,sub_box,10,0.8900090667172167,0.8875065652414798,0.016631049578829767,-10.074961367888188,0.05036233853515511,18.20407362090849,100800.0,1500.0,3.02356671995949,0,0
MR,100,3,10,centre,10,0.4953587802998875,0.49515908827035116,0.0008629941701506494,12.228751573912092,0.012070910186824482,14.614014471109138,264000.0,1500.0,15.287889179983177,0,0
MR,100,3,10,double,10,0.7987174397979444,0.8046689913778196,0.0632075171723069,2.649413926259947,0.036542722423239186,22.104048304592414,384000.0,3300.0,31.322960399976,0,0
MR,100,3,10,double_path,10,0.2785142064142818,0.28137902434396705,0.019273486657828215,2.665341881420697,0.010187477057278516,5.750860395720449,384000.0,3300.0,39.11720372992568,0,0
MR,100,3,10,f_zero,10,0.578374274269269,0.5783836501105212,0.0007691021723190799,,,,0.0,300.0,3.271304750046693,0,0
MR,100,3,10,oracle_state,10,0.04478701582853874,0.0449697835933245,0.001585593442707796,0.0,0.0,0.0,264000.0,1500.0,15.107583250012249,0,0
MR,100,3,10,path,10,7.062609175884981,7.0757877004211,0.09972074951242914,-3.5087637287774482,0.02560275431880449,47.40296395483727,264000.0,1500.0,15.62069856999442,0,0
MR,100,3,10,raw,10,1439.8186627922862,1446.7152696271178,31.266867478017556,-1507.0365096562957,9.730095971944657,10342.851642084597,264000.0,1500.0,15.56795220002532,0,0
MR,100,3,10,sub_box,10,0.615648456825204,0.6144447484473043,0.015750266774937686,-6.704450532617988,0.021905550813284377,14.14700131216336,264000.0,1500.0,14.877633380051702,0,0
MR,100,3,16,double,10,0.28717148594617387,0.2861279285144094,0.015187034622869409,2.689330207127692,0.011104850727276338,13.74272178037513,960000.0,3300.0,131.30642756996676,0,0
MR,100,3,16,double_path,10,0.15368020106823205,0.15356157649530647,0.00752292324592934,2.6930980183614572,0.0070749087907415915,4.665436193225966,960000.0,3300.0,169.92125639005098,0,0
MR,100,3,16,raw,10,350.29809753882626,350.9618798847567,4.12810233069584,-308.1747720315664,1.1843547735357778,1965.7897072500805,652800.0,1500.0,60.033142029959706,0,0
MR,100,4,3,double,10,12654.295915226025,10210.754831589918,5370.9839256744435,-14.536100289343864,171.7623450240276,77674.67815428878,385200.0,11700.0,9.82143717003055,0,0
MR,100,4,3,double_path,10,97.19448556141012,71.73277418385635,69.3393976104801,2.2009244734395454,1.05824461527359,540.9594192515578,385200.0,11700.0,11.707015760010108,0,0
MR,100,4,3,raw,10,5680236696537.243,5942006215241.229,2353099142821.43,-689295995950.2975,90053397643.39417,48698130613032.48,190800.0,3600.0,3.265565919969231,0,0
MR,100,4,4,double,10,2138.1257418114174,2126.249388745843,492.22036706345665,2.321120885375497,12.949460264070883,11341.662125031184,854400.0,11700.0,21.956959200068376,0,0
MR,100,4,4,double_path,10,29.65905215147661,28.704752764467642,5.276552202855468,2.1709335207054417,0.1377917560947858,142.18829893537477,854400.0,11700.0,27.0383558599744,0,0
MR,100,4,4,raw,10,226515414467.97656,217562293372.9918,54762430138.31005,-30419812082.592163,3618631301.5296226,1836073775929.1968,412800.0,3600.0,6.748974119964987,0,0
MR,100,4,6,centre,10,0.4955451016708824,0.4953856300538189,0.0008798508953684861,12.202560063715914,0.015164378325040861,14.589446447606452,1267200.0,3600.0,43.491041090036745,0,0
MR,100,4,6,double,10,155.81040741994255,148.3033343523565,39.78153474123714,2.1559003260806597,0.4366137699129456,655.7062167403874,2692800.0,11700.0,141.27382115996443,0,0
MR,100,4,6,double_path,10,7.758222029983775,7.238087240532826,2.248402151581662,2.0844357778609557,0.01768145216818827,32.62735712922294,2692800.0,11700.0,162.92286204001866,0,0
MR,100,4,6,f_zero,10,0.5785121455794018,0.578317733573411,0.0008177003709696012,,,,0.0,300.0,3.73556551001966,0,0
MR,100,4,6,oracle_state,10,0.03294049814949766,0.03278219025530588,0.0008804852503895192,0.0,0.0,0.0,1267200.0,3600.0,41.29585461001843,0,0
MR,100,4,6,path,10,15434.367533334389,15405.165760624404,984.3340664770262,-1064.5025084877047,27.183207061227975,52397.81007244298,1267200.0,3600.0,48.22367829005234,0,0
MR,100,4,6,raw,10,5884815187.764807,5863167356.068888,364733992.1107893,-478491179.71244323,13521929.930649173,25906459533.65992,1267200.0,3600.0,41.92524420998525,0,0
MR,100,4,6,sub_box,10,0.8248457685928526,0.8258134374895245,0.015531051737313992,-10.046165924189891,0.018204535670021938,18.03086371332788,1267200.0,3600.0,41.529507870017554,0,0
MR,400,2,8,double,10,0.5188942777781234,0.5182423369173345,0.020333004604830864,2.249776993712957,0.32853851771630616,32.41612356499975,9600.0,3600.0,2.0035883100470526,0,0
MR,400,2,8,double_path,10,0.1719990410223505,0.17170175249948827,0.007495610833863897,2.345687146796549,0.01814691968535841,3.7685696847798456,9600.0,3600.0,2.231348489993252,0,0
MR,400,2,8,raw,10,23.41811146830603,23.445697615544056,0.37763046260588573,-554.3372996906415,2.4050025264789117,718.9893966255605,9600.0,2400.0,1.4422384500270709,0,0
MR,400,2,16,double,10,0.22441020317668126,0.22428215764844198,0.009002103200669201,2.40244665518069,0.10551700381786508,16.991949874293685,19200.0,3600.0,7.442915470036678,0,0
MR,400,2,16,double_path,10,0.1392817796988881,0.13945748909758196,0.00363154238857319,2.349004957453404,0.015568560268245815,3.6963752643989745,19200.0,3600.0,8.453808160033077,0,0
MR,400,2,16,raw,10,11.31030443289883,11.309376648761654,0.18794850189579076,-276.3307577235163,0.9287511466594665,337.7086895799392,19200.0,2400.0,5.005048329988495,0,0
MR,400,2,32,centre,10,0.384378729094195,0.3843586309839722,0.0005738518794577611,8.408271877219002,0.01208899862854044,11.09235508180132,38400.0,2400.0,21.25936074999627,0,0
MR,400,2,32,double,10,0.14286668546890519,0.1424917129194614,0.005622339163765359,2.372013501310936,0.0641920659160171,9.492265072420896,38400.0,3600.0,30.78894667001441,0,0
MR,400,2,32,double_path,10,0.12458599676297406,0.12584950295964664,0.003289020531724774,2.3445571936898366,0.007007047540513044,3.6511362927766546,38400.0,3600.0,33.50998100002762,0,0
MR,400,2,32,f_zero,10,0.46236713087555437,0.46219608112252286,0.0005853357335412701,,,,0.0,1200.0,11.885243900003843,0,0
MR,400,2,32,oracle_state,10,0.05909190347586518,0.05909906121435343,0.0019010527361468525,0.0,0.0,0.0,38400.0,2400.0,21.021483470033854,0,0
MR,400,2,32,path,10,0.12259346205109681,0.1238006066744784,0.00318289212647165,2.282986375596088,0.006005256357222519,3.6239944723415483,38400.0,2400.0,22.603585959994234,0,0
MR,400,2,32,raw,10,5.528004655506301,5.514001351953356,0.04322473311371458,-137.08850205035998,0.38116841773412685,161.974284483767,38400.0,2400.0,21.779123599966987,0,0
MR,400,2,32,sub_box,10,0.0862892668339639,0.08648389864350964,0.0029421575929732854,-0.7314775454242107,0.028380159175608464,5.960011080368443,38400.0,2400.0,20.840176460007207,0,0
MR,400,2,64,double,10,0.12107884070559252,0.12158381743513319,0.0024372742517973626,2.3444778797502206,0.02534618263342183,6.017544857918433,76800.0,3600.0,140.53015001998284,0,0
MR,400,2,64,double_path,10,0.11822314028696498,0.11865934407736292,0.002224244660667719,2.3445633924312235,0.006274703938440421,3.636395500400325,76800.0,3600.0,163.29232889998238,0,0
MR,400,2,64,raw,10,2.706610445814026,2.70315768507123,0.019504508954921066,-67.38539012260074,0.11067265065054441,78.36357122003093,76800.0,2400.0,95.21521811999847,0,0
MR,400,2,128,double,10,0.11634377828313618,0.11632638076415877,0.000696018499240048,2.345699804303146,0.009076126843644958,4.566075492920225,153600.0,3600.0,564.2507547099609,0,0
MR,400,2,128,double_path,10,0.11558920165536424,0.11542938637136885,0.0009665141416809616,2.3465506894368495,0.004091242143321754,3.6296575192296436,153600.0,3600.0,689.5604028300149,0,0
MR,400,2,128,raw,10,1.2953346786592779,1.2943493009109084,0.0047344855563938495,-32.50184290002744,0.016465524636362593,37.624452523066815,153600.0,2400.0,381.557295800047,0,0
MR,400,3,4,double,10,49.1058397183893,43.738637442953475,19.783174132512517,0.5028259616528029,2.242529010033088,650.4959813007774,67200.0,13200.0,8.128544350015,0,0
MR,400,3,4,double_path,10,1.397016203156125,1.37819182587865,0.08061101342312409,1.785684786222906,0.050031996891126806,19.3444178452993,67200.0,13200.0,9.065265620010905,0,0
MR,400,3,4,raw,10,1081598.5485578547,1052845.894626268,76436.15488922058,-1735340.887952565,33708.01700945391,12649741.855062451,48000.0,6000.0,3.984231709991582,0,0
MR,400,3,6,centre,10,0.38636480737826884,0.38629023338970975,0.0024584414784412575,8.37160368149036,0.021644571327351175,11.058023947941049,100800.0,6000.0,10.48595658002887,0,0
MR,400,3,6,double,10,12.135265005364337,11.98434174349922,1.3924286368300125,1.563632167093017,0.49350023969193885,173.6218963275597,144000.0,13200.0,22.403554110019467,0,0
MR,400,3,6,double_path,10,0.8031552870668769,0.8151773563929396,0.07261282523195371,1.8009192245032448,0.02371247313311496,11.06649714207986,144000.0,13200.0,23.586762349982745,0,0
MR,400,3,6,f_zero,10,0.46417196797877097,0.46430803128616627,0.0024180233865395986,,,,0.0,1200.0,1.8629222000017762,0,0
MR,400,3,6,oracle_state,10,0.0657456314134775,0.06642666415595264,0.002360998724841028,0.0,0.0,0.0,100800.0,6000.0,10.499463460035622,0,0
MR,400,3,6,path,10,34.159467342086984,34.081667460267596,0.5236622217440303,-36.3762021089132,0.49272463528583327,269.27472700395805,100800.0,6000.0,11.103782499977388,0,0
MR,400,3,6,raw,10,271768.3533944214,272962.46277981054,12745.951485436732,-329863.17380159895,3473.118146975401,2436848.245550288,100800.0,6000.0,10.58478786998894,0,0
MR,400,3,6,sub_box,10,0.6488054148681117,0.646419876689642,0.01082640867880901,-7.568584266724339,0.027490625653556245,13.911214852591062,100800.0,6000.0,10.501354480022565,0,0
MR,400,3,10,centre,10,0.38460636980462115,0.384417499658162,0.0009406667024475375,8.367522788863745,0.013792516050793967,11.046505534671036,264000.0,6000.0,49.57253589998,0,0
MR,400,3,10,double,10,2.260832465150526,2.23187109008414,0.21587834093313457,1.838999376495654,0.07793802049080858,41.20534988191882,384000.0,13200.0,105.23315067996737,0,0
MR,400,3,10,double_path,10,0.357322509656134,0.3601731996043896,0.022284224880185208,1.8237880395277977,0.014315495171176331,5.972010545766152,384000.0,13200.0,125.09292262000963,0,0
MR,400,3,10,f_zero,10,0.4627182795927734,0.46237895190454303,0.0008402160824560003,,,,0.0,1200.0,9.903871500003152,0,0
MR,400,3,10,oracle_state,10,0.03729865109794834,0.037393358293131895,0.0016136385747534674,0.0,0.0,0.0,264000.0,6000.0,50.646114250016396,0,0
MR,400,3,10,path,10,19.499158934496936,19.355981217451607,0.4563609954665735,-12.344205874436117,0.1608906160873715,125.14577208410667,264000.0,6000.0,56.04344242000953,0,0
MR,400,3,10,raw,10,48978.78025749072,48787.774373397115,830.8432317367532,-40661.78718132371,330.06052729437886,334839.89683269185,264000.0,6000.0,46.196767300041394,0,0
MR,400,3,10,sub_box,10,0.43581520455707806,0.43842888944488656,0.0081755886268038,-5.065018587484755,0.01667926986007231,10.840615667577095,264000.0,6000.0,48.13308619004674,0,0
MR,400,3,16,double,10,0.6060509839351872,0.6019993221382653,0.053635950049194074,1.8440396751926105,0.014436772089159727,18.695500080676958,960000.0,13200.0,452.77207385001236,0,0
MR,400,3,16,double_path,10,0.18580900171044665,0.18557770695117332,0.005353354231033753,1.8371105552966855,0.0062580555893880785,4.037174476420974,960000.0,13200.0,502.6312331199646,0,0
MR,400,3,16,raw,10,11492.26228914005,11428.52402165695,181.98145042144378,-6311.068828318883,44.028413974674606,60723.271078478036,652800.0,6000.0,205.4731351100141,0,0
MR,400,4,3,double,10,1553519.0773963775,980948.7429791755,2135183.1722733495,-2443.868153606069,8485.04178622989,6093971.701596772,385200.0,46800.0,34.00518066999503,0,0
MR,400,4,3,double_path,10,339.9238682306657,294.6724386486849,125.17446233796569,2.8529315251521417,3.5550073339288124,1862.7151403210905,385200.0,46800.0,38.87959181999322,0,0
MR,400,4,3,raw,10,3.2322040116599104e+16,1.6918686679274036e+16,4.145850591567133e+16,-2803977922985080.5,616441955098727.6,2.0120346341600365e+17,190800.0,14400.0,11.261396429967135,0,0
MR,400,4,4,double,10,91001.06834486582,82912.47325895025,30276.40009207311,-43.20715357792583,765.1807088825838,452651.5740002628,854400.0,46800.0,77.63042808000463,0,0
MR,400,4,4,double_path,10,133.33942435762933,123.04412280554942,45.4462730840937,1.6931158655642158,0.6760998510989394,683.5592410067551,854400.0,46800.0,87.50283028001431,0,0
MR,400,4,4,raw,10,1251461207319963.2,1191095749148078.5,254902848661496.12,-139598835668960.16,19282840611255.082,9297170917811776.0,412800.0,14400.0,24.320633240020832,0,0
MR,400,4,6,centre,10,0.3844085889020408,0.384886537256787,0.001107788080211828,8.309245329056951,0.014289689484627376,10.995879621954767,1267200.0,14400.0,161.55884406995028,0,0
MR,400,4,6,double,10,5997.723024339303,5325.249822481712,1984.7674005690164,8.440904448243902,14.072966958030975,27185.573420819645,2692800.0,46800.0,465.40009401002897,0,0
MR,400,4,6,double_path,10,30.609082037764146,28.971896676017312,8.538225797602992,1.4484990977462204,0.07484802090680005,119.83241504766877,2692800.0,46800.0,524.6089318700367,0,0
MR,400,4,6,f_zero,10,0.4624926454051791,0.46295158754126886,0.001042561962049217,,,,0.0,1200.0,16.601389980013483,0,0
MR,400,4,6,oracle_state,10,0.026769812790924625,0.02698858387938558,0.000905839306860254,0.0,0.0,0.0,1267200.0,14400.0,155.24689110994805,0,0
MR,400,4,6,path,10,532705.410914412,528627.3013848013,43108.87720372345,-28160.902323252474,898.0818811116259,1652345.243768291,1267200.0,14400.0,151.37727914995048,0,0
MR,400,4,6,raw,10,36142563517214.95,34157156273607.15,6553489723181.697,-2161764164434.1902,80498803739.47818,123726772822722.25,1267200.0,14400.0,140.96393745001404,0,0
MR,400,4,6,sub_box,10,0.5909655494796516,0.5952043253970694,0.011609626579049733,-7.5374058875264724,0.011055466124014514,13.775048542615727,1267200.0,14400.0,154.47525669999885,0,0
P1,20,2,32,box,10,0.13494042431647618,0.1350379553399274,0.002992009335477139,0.6889706070152941,0.007944033005674622,1.7026207238605902,38400.0,300.0,1.7025668299756944,0,0
P1,20,2,32,centre,10,0.25061411829636027,0.2507285003594536,0.00240906387774949,1.0928568567993284,0.005812911590602192,2.470011970575095,38400.0,300.0,1.7345081199891865,0,0
P1,20,2,32,double,10,0.1464451885623536,0.14553629268300933,0.002634739335201433,0.9899746319094097,0.008263580185670482,1.9592006696690956,38400.0,450.0,2.524181410018355,0,0
P1,20,2,32,double_path,10,0.14341844818366778,0.1437770486455995,0.002355314629431394,0.9898112676205164,0.0030954420587246314,1.3558426606121443,38400.0,450.0,3.4808384799864145,0,0
P1,20,2,32,f_zero,10,0.5258648390339801,0.5258059614876494,0.001232782448328406,,,,0.0,150.0,0.7968439100077376,0,0
P1,20,2,32,oracle_state,10,0.05870466282548725,0.058764380527703206,0.0020643337039779703,0.0,0.0,0.0,38400.0,300.0,1.7072590899886564,0,0
P1,20,2,32,path,10,0.1430605222194838,0.14333156717473722,0.0023219587432676387,0.9865308893913657,0.00295834374085264,1.3594795494059595,38400.0,300.0,2.3493544999975713,0,0
P1,20,2,32,raw,10,0.1880075444902582,0.1867117399584655,0.005844351864671438,-1.1503802846816822,0.014112827350475674,3.215172483830396,38400.0,300.0,1.4706530900439247,0,0
P1,20,3,6,box,10,0.180790130229587,0.18059622896400235,0.006801501594786152,0.40233992735822544,0.00730147325637571,2.1127437259495316,100800.0,750.0,1.0075743100140244,0,0
P1,20,3,6,centre,10,0.25468772761657965,0.25446690515928816,0.003507550734825115,0.9526843524571629,0.008876859293037722,2.41538344304894,100800.0,750.0,0.9711448700167239,0,0
P1,20,3,6,double,10,0.4870152920605465,0.4827271177816912,0.036849585417832,0.734795826938473,0.011153881894781783,4.69244513825344,144000.0,1650.0,2.027664679987356,0,0
P1,20,3,6,double_path,10,0.20372474706016663,0.20586915986001264,0.012307677043433133,0.7366033001264901,0.0028219554833750085,1.4076330885099033,144000.0,1650.0,2.566344769974239,0,0
P1,20,3,6,f_zero,10,0.5268670323474112,0.5268671518110645,0.00245199631828884,,,,0.0,150.0,0.14781362002249807,0,0
P1,20,3,6,oracle_state,10,0.06939401244662387,0.06929986498050085,0.0010672001886553263,0.0,0.0,0.0,100800.0,750.0,0.9982778200646862,0,0
P1,20,3,6,path,10,1.4469982713368428,1.460769697436196,0.057113788574058806,0.20759806013489382,0.008279930065389633,4.143173219339367,100800.0,750.0,1.2781966000096872,0,0
P1,20,3,6,raw,10,54.51499069794054,53.5535527856444,2.5996631415902813,-29.867751820279317,0.5233519203110415,178.93279008999966,100800.0,750.0,1.023460999992676,0,0
P1,20,3,10,box,10,0.1386095117464897,0.13808460711496673,0.0025874657382992322,0.425360260016235,0.0046948190165120645,1.9585670155173642,264000.0,750.0,3.713893479993567,0,0
P1,20,3,10,centre,10,0.24954067344606506,0.24993609895199906,0.002500820309308705,0.9492960573142144,0.004768256941971139,2.415735173391632,264000.0,750.0,3.6222988799912854,0,0
P1,20,3,10,double,10,0.20824773502262714,0.20667618411478061,0.011526669392654232,0.7449140322720391,0.005414123344539928,3.2084415398729673,384000.0,1650.0,7.896099110017531,0,0
P1,20,3,10,double_path,10,0.11233532833951479,0.11309557643705714,0.005810840781157277,0.7450306169951534,0.0030109793426783197,1.2141012308370287,384000.0,1650.0,10.145793599984609,0,0
P1,20,3,10,f_zero,10,0.5256354302663451,0.5259512476148951,0.0013830136963577714,,,,0.0,150.0,0.8037010899977759,0,0
P1,20,3,10,oracle_state,10,0.03877416278131741,0.03864922474932895,0.0010658897439474598,0.0,0.0,0.0,264000.0,750.0,3.8123509699711575,0,0
P1,20,3,10,path,10,0.847673020862808,0.8557641334321118,0.025485900784859787,0.5712805953955469,0.0026175758246588716,2.2515013396374415,264000.0,750.0,4.738430489948951,0,0
P1,20,3,10,raw,10,12.394380549209913,12.345036930029751,0.3702394515883872,-8.929364212912827,0.04074623492504055,32.112298555933634,264000.0,750.0,3.750211519980803,0,0
P1,20,4,6,box,10,0.14261061989835971,0.1420596430888768,0.006075754622301975,0.2797412991180931,0.0037251234492281155,2.065664898691953,1267200.0,1800.0,10.385829400038347,0,0
P1,20,4,6,centre,10,0.2489070598734185,0.24893614015091614,0.001090403461570868,0.8232402351374246,0.00652361300861191,2.368865244296561,1267200.0,1800.0,10.491693400009535,0,0
P1,20,4,6,double,10,1.4862062521777555,1.4595364527390537,0.22317395902546583,0.5620813779597679,0.0036906658106055784,4.864732409228922,2692800.0,5850.0,34.37044525002129,0,0
P1,20,4,6,double_path,10,0.38644459025424377,0.3907958172704551,0.02765376397687319,0.5625099211609071,0.0024772027473547397,1.255595869823099,2692800.0,5850.0,41.64824527997989,0,0
P1,20,4,6,f_zero,10,0.5258730039285824,0.5259326245138045,0.0010667668924856852,,,,0.0,150.0,0.9215814899653196,0,0
P1,20,4,6,oracle_state,10,0.029059178144535014,0.028701645490920517,0.0009189948511019688,0.0,0.0,0.0,1267200.0,1800.0,10.405301110004075,0,0
P1,20,4,6,path,10,44.573736364787074,43.64923903419648,5.049469239767287,-0.8011831419614983,0.035457756557287085,46.30748550386049,1267200.0,1800.0,14.194316080003045,0,0
P1,20,4,6,raw,10,122826.5368212604,85364.08379718359,97931.92648879919,-1682.6666111882648,188.3510692202596,166799.6411411286,1267200.0,1800.0,10.991656889976003,0,0
P1,100,2,8,double,10,0.30926782748974735,0.3078761967819914,0.01848533199461718,0.9861132635873758,0.0674582437257277,5.747454267575202,9600.0,900.0,0.7256405600346625,0,0
P1,100,2,8,double_path,10,0.1807553900257024,0.18261853079705676,0.006286391245912381,0.9670074950094365,0.007325897304013162,1.346054675623346,9600.0,900.0,0.8735226099845022,0,0
P1,100,2,8,raw,10,5.280360886004026,5.276501287560401,0.11074034435628687,-41.72463987830232,0.40114707086946216,56.91682782869901,9600.0,600.0,0.5223030099878088,0,0
P1,100,2,16,double,10,0.17646796307171866,0.17661804153089244,0.003655062825054521,0.9739330454544991,0.03673560869846911,3.3621942701450465,19200.0,900.0,2.181139099993743,0,0
P1,100,2,16,double_path,10,0.146807652596202,0.1462268182923046,0.002389476735212551,0.966665090095956,0.0051686303238084865,1.3318560492057725,19200.0,900.0,2.50772764000576,0,0
P1,100,2,16,raw,10,2.4971148100675915,2.4974589141288384,0.041417737116714745,-20.37230816047565,0.15879659805110233,26.503826787410066,19200.0,600.0,1.4998593800002709,0,0
P1,100,2,32,box,10,0.13728783662717636,0.13733623677043488,0.0011530119761158947,0.4266554585088831,0.005246623150617337,1.637935636542513,38400.0,600.0,5.9897953199688345,0,0
P1,100,2,32,centre,10,0.247072185605631,0.24700155070043284,0.0013093661026253734,1.2152947942030656,0.0037945490534000165,2.5216533269945236,38400.0,600.0,5.726579670025967,0,0
P1,100,2,32,double,10,0.14031328616481048,0.14011773644655268,0.0018024931669786322,0.9705374126285872,0.0049469322533011685,2.257135480986192,38400.0,900.0,9.572925699991174,0,0
P1,100,2,32,double_path,10,0.13338670556397264,0.13314112696796437,0.0016707582368463703,0.9661215121051188,0.0035010601956206072,1.3222316096714264,38400.0,900.0,9.8719086000463,0,0
P1,100,2,32,f_zero,10,0.5058281540035934,0.5059887067663862,0.0007093658091277789,,,,0.0,300.0,2.649851600010879,0,0
P1,100,2,32,oracle_state,10,0.056697524252793785,0.056598611756043,0.0019507047826081948,0.0,0.0,0.0,38400.0,600.0,6.012835189979524,0,0
P1,100,2,32,path,10,0.1330579669882109,0.1328425820643361,0.0015822356197781903,0.9631334859428582,0.0035161038937807972,1.326293160302384,38400.0,600.0,7.18352017996367,0,0
P1,100,2,32,raw,10,1.1727409934370692,1.1756870401980342,0.012144048782655528,-9.725818662218877,0.04360366205960049,12.5227643096536,38400.0,600.0,6.430983839998953,0,0
P1,100,2,64,double,10,0.1287954583693969,0.12893251877724282,0.0014672606026310349,0.9661018012817048,0.0030021607016292797,1.7366690609499364,76800.0,900.0,35.593152699968776,0,0
P1,100,2,64,double_path,10,0.12741883783979713,0.12748307266441733,0.0016722873154867784,0.9660819241324055,0.0011248961741812348,1.318675314312015,76800.0,900.0,39.24394203999545,0,0
P1,100,2,64,raw,10,0.5319737473899822,0.5319570449423242,0.0038204677744163125,-4.3843780743619,0.009452315216826174,5.855995696059528,76800.0,600.0,23.714565339963883,0,0
P1,100,2,128,double,10,0.12427784274889637,0.12367225377282247,0.0015129954144047324,0.9656457246930923,0.0021130011884346583,1.5099595787027698,153600.0,900.0,140.98180786995218,0,0
P1,100,2,128,double_path,10,0.12424554394186468,0.12357183987401638,0.0015041818860928996,0.9664491468989104,0.0022810373731360733,1.3167092036174473,153600.0,900.0,158.23747302002738,0,0
P1,100,2,128,raw,10,0.21467235656218478,0.21468477336748482,0.002625700255191734,-1.7091007514547676,0.00459226275885625,2.6875768076505357,153600.0,600.0,92.90997115001082,0,0
P1,100,3,4,double,10,5.683012186542067,5.590166699960676,0.5097215842393992,0.6832130061899224,0.11672100200688891,26.425073441345052,67200.0,3300.0,3.0536623199936,0,0
P1,100,3,4,double_path,10,0.6538760080465325,0.6461087581356051,0.0439688702638957,0.713693036654041,0.014071221622006379,3.050354559708165,67200.0,3300.0,3.643194489995949,0,0
P1,100,3,4,raw,10,14335.530302535244,14536.155726514628,724.4977704840636,-7248.449498470485,175.02734476243867,54411.65148736705,48000.0,1500.0,1.6033372600097209,0,0
P1,100,3,6,box,10,0.1775057278780489,0.17726857477149272,0.0038340676262473006,0.1407456508614231,0.005714779816625868,1.974515352883476,100800.0,1500.0,3.2182039099745454,0,0
P1,100,3,6,centre,10,0.25058073825296395,0.2505555916291742,0.002510899614933449,1.0866290936798935,0.006851244340420165,2.4678057022475786,100800.0,1500.0,3.2151901100063696,0,0
P1,100,3,6,double,10,1.6676206608378337,1.6642851520333268,0.13766752131103954,0.6941429132591488,0.02351001962519983,10.27596186635235,144000.0,3300.0,6.342800640058703,0,0
P1,100,3,6,double_path,10,0.3684825673978145,0.37253036428108965,0.03207008584310882,0.7182656529727982,0.005442997930182727,1.9685800890713232,144000.0,3300.0,7.15252841997426,0,0
P1,100,3,6,f_zero,10,0.5072021505956066,0.5067990493622612,0.0019581102936233807,,,,0.0,300.0,0.545500690001063,0,0
P1,100,3,6,oracle_state,10,0.06836505529961079,0.06786439117906215,0.003084847685650363,0.0,0.0,0.0,100800.0,1500.0,3.1281506200088187,0,0
P1,100,3,6,path,10,7.292648491104707,7.285837149408247,0.09744553853704088,-2.1962353290326284,0.035346643966307024,19.2903277419818,100800.0,1500.0,3.446604819991626,0,0
P1,100,3,6,raw,10,3459.861987832737,3462.413791051305,88.93280909944048,-1444.8824186007023,9.554590876442203,10584.367831358662,100800.0,1500.0,3.1974270099774005,0,0
P1,100,3,10,box,10,0.15093639333048542,0.1512278338619193,0.002541108021468634,0.15715966676455273,0.0036124643434045506,1.8623512569197225,264000.0,1500.0,12.597822489961981,0,0
P1,100,3,10,centre,10,0.24541777877287974,0.24539532678671727,0.001454344563261484,1.075063420675731,0.0029874011195240033,2.4629394626289622,264000.0,1500.0,12.51911717997864,0,0
P1,100,3,10,double,10,0.4449352168261925,0.4276206877069057,0.03297577061590462,0.7281273755028486,0.010267336780200684,5.096158617361823,384000.0,3300.0,30.296820540027692,0,0
P1,100,3,10,double_path,10,0.17279754227823835,0.17322259923275252,0.009425105962919542,0.7258459077823265,0.0031993080872230032,1.3594020033254912,384000.0,3300.0,31.943866760027596,0,0
P1,100,3,10,f_zero,10,0.5063258108921677,0.5068850380187935,0.0013584859682090097,,,,0.0,300.0,2.6694312399951743,0,0
P1,100,3,10,oracle_state,10,0.0365111851051459,0.03638638838171506,0.0007988926933049931,0.0,0.0,0.0,264000.0,1500.0,12.389386479975656,0,0
P1,100,3,10,path,10,4.282596685292678,4.282525819130728,0.07459089951413506,-0.34929865813478767,0.00707576716841958,9.209462935809926,264000.0,1500.0,15.342923670029268,0,0
P1,100,3,10,raw,10,691.3125013405261,689.9508876205343,13.346815025750093,-214.1521058841481,1.6127831874228735,1574.7986207360416,264000.0,1500.0,14.412653019977734,0,0
P1,100,3,16,double,10,0.17993989992588583,0.1802693343837622,0.00819971204815614,0.7322591751605458,0.004490869228304903,3.363268639016275,960000.0,3300.0,118.86419767998159,0,0
P1,100,3,16,double_path,10,0.09385827602969858,0.09340123719438082,0.005956020440608729,0.7313540359982313,0.0017836364702004664,1.1715550326536186,960000.0,3300.0,128.62686073002405,0,0
P1,100,3,16,raw,10,172.35997675262325,172.04289951465694,1.9895232038606716,-49.69015420094142,0.2028919078202164,305.44388028979273,652800.0,1500.0,52.1497774500167,0,0
P1,100,4,3,double,10,4166.744192734225,2719.917832199927,2650.018471668219,2.5877147300172956,11.802532209214338,6564.287458638933,385200.0,11700.0,11.883459380012937,0,0
P1,100,4,3,double_path,10,30.339179100162188,25.818394522512715,10.91940469897716,0.5566395175972294,0.06624416768085824,49.76606130754213,385200.0,11700.0,14.033863509935326,0,0
P1,100,4,3,raw,10,893122910902.843,879338865555.9668,290034364302.8731,-33501550588.100452,7589312797.392131,2475355255372.2246,190800.0,3600.0,4.341489559947513,0,0
P1,100,4,4,double,10,629.1501835522809,590.067696930227,240.6578007166842,-0.11160139655993392,0.9495627288095634,909.2059488194609,854400.0,11700.0,23.683000830025414,0,0
P1,100,4,4,double_path,10,9.807490717786626,9.260553278594617,2.947278820589285,0.5389797647382595,0.020542792371789555,14.251264947634407,854400.0,11700.0,28.335855500004254,0,0
P1,100,4,4,raw,10,44789762020.91225,43064106583.14851,10351390929.905312,-1541578468.5490496,139525904.04422414,93886166200.41814,412800.0,3600.0,8.046885589975863,0,0
P1,100,4,6,box,10,0.14082796780058834,0.14212552794091513,0.0037007219642727434,0.017193355178186875,0.004913031280280562,1.9533115281171327,1267200.0,3600.0,39.97349148001522,0,0
P1,100,4,6,centre,10,0.245037958915343,0.2449686352156164,0.000662900862069191,0.9554511022183153,0.005291284001358922,2.4155052626891007,1267200.0,3600.0,37.974569140025416,0,0
P1,100,4,6,double,10,43.99962770385012,46.718433607289,11.835759357939184,0.5332557068598712,0.0242260701542922,60.39816477966222,2692800.0,11700.0,125.64541117001791,0,0
P1,100,4,6,double_path,10,2.678214487568524,2.5327811013083164,0.7096922464613313,0.5491266659563967,0.0030874279710308714,3.792406337843773,2692800.0,11700.0,134.08064891998657,0,0
P1,100,4,6,f_zero,10,0.5059473906995853,0.5058344899197417,0.0007710111946725732,,,,0.0,300.0,3.4788899599807337,0,0
P1,100,4,6,oracle_state,10,0.028056775706782888,0.02826901112313025,0.0006988370760279874,0.0,0.0,0.0,1267200.0,3600.0,38.231118859979325,0,0
P1,100,4,6,path,10,4984.437754020386,4975.595281325339,366.2085609046994,-94.6636409985202,2.4138688385371587,4891.101704660944,1267200.0,3600.0,41.90338168998714,0,0
P1,100,4,6,raw,10,1536966879.2539775,1538595136.0628471,166290606.18486044,-27438382.4131517,1270532.2095855689,1857762330.006265,1267200.0,3600.0,38.230342329991984,0,0
P1,400,2,8,double,10,0.48933854884946093,0.49123878325438863,0.009879947041721853,1.0156790294922826,0.1273727443968536,9.871815549434192,9600.0,3600.0,2.710052680037916,0,0
P1,400,2,8,double_path,10,0.18107807235689,0.18182101417310467,0.0046280461429579495,0.9852126627554189,0.005067985204221353,1.3708946438705327,9600.0,3600.0,3.123997630015947,0,0
P1,400,2,8,raw,10,20.98441705723677,20.89849037085343,0.38477933513615914,-163.93061105363057,1.0934262311819671,215.93538249686017,9600.0,2400.0,2.010253209946677,0,0
P1,400,2,16,double,10,0.223540831969889,0.22144558264754205,0.005390647781298661,0.9883144732239405,0.03107138394084053,5.240322185342039,19200.0,3600.0,8.087070630025119,0,0
P1,400,2,16,double_path,10,0.14932226407720436,0.15035534473110185,0.004513581017330571,0.9860606978802651,0.004731215390062257,1.356833622495213,19200.0,3600.0,9.005966790020466,0,0
P1,400,2,16,raw,10,10.147591832947413,10.126671440362255,0.15487406562531927,-81.36656056959143,0.26890027368710406,101.18459870350664,19200.0,2400.0,5.737761529954151,0,0
P1,400,2,32,box,10,0.15528979354764452,0.15611125504704665,0.002946978607718496,0.08340741004268436,0.005500119974383381,1.7515771722342415,38400.0,2400.0,21.78272053000983,0,0
P1,400,2,32,centre,10,0.246010522816549,0.2460715692390106,0.002183770999826297,1.1349665729672618,0.006335177897276886,2.494116104106011,38400.0,2400.0,22.245159189985134,0,0
P1,400,2,32,double,10,0.14935093868882374,0.149963954834451,0.002840107207012598,0.9911270680334539,0.010695984724733121,3.02402418043632,38400.0,3600.0,39.04799863998778,0,0
P1,400,2,32,double_path,10,0.13509961554205857,0.13498141368333055,0.0021775643899930404,0.9878121345078765,0.003641616743773723,1.350919390939732,38400.0,3600.0,35.3750233899802,0,0
P1,400,2,32,f_zero,10,0.5078373697737297,0.5077948496531178,0.0007433538225350732,,,,0.0,1200.0,10.131269780010916,0,0
P1,400,2,32,oracle_state,10,0.05721100616758575,0.05705752299911197,0.0016624553077493553,0.0,0.0,0.0,38400.0,2400.0,23.474087189976125,0,0
P1,400,2,32,path,10,0.13484678031550984,0.13463065388563752,0.0022375323403560575,0.9846500678353663,0.0037917344496866184,1.3552837361444576,38400.0,2400.0,23.64354965998791,0,0
P1,400,2,32,raw,10,4.9570745339615225,4.957769101653655,0.0479447558066306,-40.21347978621686,0.1099268987419143,48.50320925114105,38400.0,2400.0,25.265186280035415,0,0
P1,400,2,64,double,10,0.13017912783114083,0.129781423659467,0.0018057421679183118,0.983499936892622,0.004219808384353846,2.0137769411869817,76800.0,3600.0,132.81272592996248,0,0
P1,400,2,64,double_path,10,0.1283135691706779,0.1282421248196628,0.0013155951305210455,0.9854058771610689,0.0024806053894639727,1.3445840354115879,76800.0,3600.0,137.7830856699962,0,0
P1,400,2,64,raw,10,2.4155325480393186,2.418349926019552,0.01306398717695303,-19.642727815640292,0.008310848456524888,23.411428600347627,76800.0,2400.0,87.95650187998544,0,0
P1,400,2,128,double,10,0.12734834935987335,0.1271803824671994,0.001302558942138695,0.9861053242347397,0.0034354488032744116,1.6064844095951845,153600.0,3600.0,527.8576928199967,0,0
P1,400,2,128,double_path,10,0.12710402376837965,0.12663057898374266,0.0013707365606076421,0.9868400033022804,0.001837874412449331,1.3443057618110894,153600.0,3600.0,535.3928258099593,0,0
P1,400,2,128,raw,10,1.1438642874479825,1.1427999577690882,0.004968367234999189,-9.316129872021259,0.00977393707528277,11.148195096359132,153600.0,2400.0,346.0256483499892,0,0
P1,400,3,4,double,10,33.69218705113296,34.20508511401209,3.968226494878644,0.7460875283760374,0.5355026088368443,159.88646000885504,67200.0,13200.0,11.23847872002516,0,0
P1,400,3,4,double_path,10,1.2343533156206652,1.2241142868830728,0.11527760041357678,0.7305620685631881,0.015325802840743393,5.780660647927858,67200.0,13200.0,13.071438809973188,0,0
P1,400,3,4,raw,10,786866.5116055004,785884.0331238261,55817.55406957965,-408703.40540237224,9235.016896934087,2986573.6098015457,48000.0,6000.0,5.979549369961023,0,0
P1,400,3,6,box,10,0.19610701270854777,0.19596142739628541,0.0029589814706897453,-0.20289995303462485,0.009259504585082777,2.01893272296555,100800.0,6000.0,12.135308480006643,0,0
P1,400,3,6,centre,10,0.25007809483254534,0.2510520766276652,0.002820645556188669,0.9932006707265322,0.008596853393037514,2.4359215418267848,100800.0,6000.0,11.73132905003149,0,0
P1,400,3,6,double,10,8.779866986465283,8.504236178865362,1.2351124396722837,0.7315134928322118,0.09431389923255536,43.57093602327426,144000.0,13200.0,25.42671575997956,0,0
P1,400,3,6,double_path,10,0.6853662415589847,0.6783539607837628,0.03658571804572297,0.7332202361523019,0.009153320436973216,3.3754957673284274,144000.0,13200.0,25.18023137000855,0,0
P1,400,3,6,f_zero,10,0.5095524281179225,0.5100149402780705,0.002324801606279367,,,,0.0,1200.0,1.9809391399845482,0,0
P1,400,3,6,oracle_state,10,0.06845880645949552,0.06778326851586322,0.002048311104297322,0.0,0.0,0.0,100800.0,6000.0,11.680240569985472,0,0
P1,400,3,6,path,10,28.458059467038872,28.24399548654137,0.8071630162602589,-10.974092541351594,0.16005166182757555,76.99476058550412,100800.0,6000.0,12.625495749968104,0,0
P1,400,3,6,raw,10,188739.9297335054,189872.41080407656,5182.238070657919,-77649.96332230678,1418.8072254132237,576029.7977437534,100800.0,6000.0,12.106648919987492,0,0
P1,400,3,10,box,10,0.17872737169862288,0.1794793910623484,0.0019329268108969962,-0.18461138402063748,0.004125017335884952,1.9505230567791976,264000.0,6000.0,47.459334060037506,0,0
P1,400,3,10,centre,10,0.2452384902561245,0.2456681544637344,0.0015724647831965577,0.9891064062154415,0.004797998227237621,2.4359642864862097,264000.0,6000.0,49.4745494000148,0,0
P1,400,3,10,double,10,1.779298966476801,1.7718022936830153,0.10506038749625057,0.741570814060227,0.015892297956838154,11.534870303966175,384000.0,13200.0,104.4010726099601,0,0
P1,400,3,10,double_path,10,0.32070899074900183,0.31296440765153155,0.023759623075464788,0.739967221631116,0.0018254723737671063,1.869252673232245,384000.0,13200.0,114.65403980999254,0,0
P1,400,3,10,f_zero,10,0.5082216138116475,0.5081021466826261,0.0009997212086216205,,,,0.0,1200.0,9.682590119959787,0,0
P1,400,3,10,oracle_state,10,0.03767144931521618,0.03757072888450212,0.0008765339194539122,0.0,0.0,0.0,264000.0,6000.0,46.88196084001102,0,0
P1,400,3,10,path,10,16.835447887068522,16.853724117383955,0.2809224383656717,-3.6639251148961614,0.029098370812218062,36.23854696919811,264000.0,6000.0,51.631127239996566,0,0
P1,400,3,10,raw,10,35966.14171124024,36069.766479907325,629.8830866605019,-9758.880540593713,79.42747620370355,81714.77660717723,264000.0,6000.0,48.28512800000608,0,0
P1,400,3,16,double,10,0.4929327196175449,0.4873101928654976,0.0277246003541523,0.7440938552854344,0.005437426478427717,5.624367678329037,960000.0,13200.0,449.16677859001794,0,0
P1,400,3,16,double_path,10,0.16519064915826187,0.16459118465733932,0.008422606300321257,0.7464521764007277,0.0020507544506695933,1.3531102989364197,960000.0,13200.0,443.5197531000478,0,0
P1,400,3,16,raw,10,8234.165433789976,8219.46872413705,125.24174355758444,-1533.7116035666154,11.037464782509955,14859.811921860271,652800.0,6000.0,198.6553899599472,0,0
P1,400,4,3,double,10,293773.270098795,304360.93625314115,86092.80877858725,92.35944308923204,1108.2079872800878,662906.9169561912,385200.0,46800.0,44.24459868997801,0,0
P1,400,4,3,double_path,10,177.5972743275448,174.42595381898047,38.75517397771978,0.7519603000430312,0.3180136991270333,343.2373136215265,385200.0,46800.0,50.891851860028694,0,0
P1,400,4,3,raw,10,9130824887462710.0,8469088880836021.0,2094687105608576.5,-392114262850710.6,36011239687095.086,2.21014977967288e+16,190800.0,14400.0,16.38330961999018,0,0
P1,400,4,4,double,10,50322.37046587738,45057.53082399444,25218.593870968656,-39.52459855183617,108.7699185050746,80485.92160408077,854400.0,46800.0,84.42285188999958,0,0
P1,400,4,4,double_path,10,62.609402391500836,61.583773101039704,11.159051561061517,0.634032224758019,0.0990719776946757,105.00217503265222,854400.0,46800.0,88.71830307997297,0,0
P1,400,4,4,raw,10,542856415231886.0,505591735767913.0,133364982030510.31,-19471178475878.3,1836678550900.1055,1112862409542689.6,412800.0,14400.0,28.61289062004071,0,0
P1,400,4,6,box,10,0.1634205245388866,0.16261249186984095,0.0026039255817914783,-0.3251074255159138,0.006940386048382321,2.0240733763163816,1267200.0,14400.0,145.7347407899797,0,0
P1,400,4,6,centre,10,0.24446091413182508,0.24490035340429162,0.0013422172737142812,0.8679484752770836,0.007320907117775553,2.3878222825265047,1267200.0,14400.0,138.84056176994926,0,0
P1,400,4,6,double,10,2526.0780219801068,2572.0528310100276,496.30041483465317,-0.9219871236811116,2.1070441280983334,3547.0691832687676,2692800.0,46800.0,475.1460877600126,0,0
P1,400,4,6,double_path,10,16.47648455207607,16.070073251559958,2.349162392834118,0.5678428346840423,0.014145665395617962,21.550014682976588,2692800.0,46800.0,471.37129680002107,0,0
P1,400,4,6,f_zero,10,0.5080098611524757,0.5081118157366371,0.0011602998405256318,,,,0.0,1200.0,13.017949250061065,0,0
P1,400,4,6,oracle_state,10,0.02726976145898914,0.02720057834362922,0.0011310670994258167,0.0,0.0,0.0,1267200.0,14400.0,138.24959687003866,0,0
P1,400,4,6,path,10,258411.6351287691,258336.78383966925,17801.2238714376,-5814.727865141054,123.69826793230739,272073.4761547899,1267200.0,14400.0,152.81845695998055,0,0
P1,400,4,6,raw,10,13622620621667.135,13684865138133.863,976101228010.3195,-316431148730.51526,14495756965.563908,17464013928515.574,1267200.0,14400.0,160.41574485998134,0,0
P4,20,2,32,box,10,0.3098477239662723,0.31083700022911565,0.0036061193022907737,-0.156257579061923,0.0010492079692810774,0.2503556620267743,38400.0,300.0,1.61974555994384,0,0
P4,20,2,32,centre,10,0.8284964542147494,0.8286571584963565,0.002729012228746746,0.4380486957630859,0.001399603919967321,0.5322457279639301,38400.0,300.0,1.639935170044191,0,0
P4,20,2,32,double,10,0.22072611261009945,0.22006984990880932,0.008061519211527958,0.08581670567509078,0.0007481393053366272,0.19675007975890038,38400.0,450.0,2.221019269991666,0,0
P4,20,2,32,double_path,10,0.20495611481892623,0.20431925815006308,0.002743304755755728,-0.05385404176753765,0.0005644290951167418,0.12139108695653937,38400.0,450.0,30.582961639971472,0,0
P4,20,2,32,f_zero,10,0.8284964542147494,0.8286571584963565,0.002729012228746746,,,,0.0,150.0,0.4864957900485024,0,0
P4,20,2,32,oracle_state,10,0.17242206483991296,0.17154505056685124,0.004687863556688324,0.0,0.0,0.0,38400.0,300.0,1.6251599099952727,0,0
P4,20,2,32,path,10,0.2137924887981233,0.21345668705002968,0.003642966233520432,-0.0679827781538003,0.00031214837343628135,0.11447668873103431,38400.0,300.0,20.6666144099785,0,0
P4,20,2,32,raw,10,0.6117460977205469,0.6115354230216888,0.005958634390918458,-0.32852473209502353,0.0007562744910126914,0.39597711408270725,38400.0,300.0,1.6114136999705806,0,0
P4,20,3,6,box,10,0.47775305467545676,0.47782659760833757,0.008128206324428885,-0.20146113645022506,0.00107386096631354,0.34484695921848457,100800.0,750.0,2.2539591799955816,0,0
P4,20,3,6,centre,10,0.8434126347882167,0.8425564868328964,0.009752189672046083,0.47306687718277357,0.001671009922222195,0.5664665136632404,100800.0,750.0,2.2676440900424497,0,0
P4,20,3,6,double,10,0.4917462594025236,0.4918529671694586,0.012286618829110356,0.25637191076463517,0.001181863087135795,0.45040375461799814,144000.0,1650.0,3.5802296300185845,0,0
P4,20,3,6,double_path,10,0.4551829298691546,0.4562021265629167,0.010475061438370036,-0.01762235911421178,0.0005314556541482585,0.21999506049881665,144000.0,1650.0,22.5667691600509,0,0
P4,20,3,6,f_zero,10,0.8434126347882167,0.8425564868328964,0.009752189672046083,,,,0.0,150.0,0.09208713998086751,0,0
P4,20,3,6,oracle_state,10,0.22452794480229032,0.22317647377296407,0.006820284723952823,0.0,0.0,0.0,100800.0,750.0,2.2585561900166793,0,0
P4,20,3,6,path,10,0.7648663439480632,0.7659442622350117,0.013561938619138838,-0.10408721574268606,0.0006167894448494992,0.2207151467990136,100800.0,750.0,10.706787369959056,0,0
P4,20,3,6,raw,10,2.3951018355239824,2.393943123529711,0.028928286367311817,-0.8811189714841777,0.0020748457512297716,1.098562053612002,100800.0,750.0,2.2791292399866507,0,0
P4,20,3,10,box,10,0.3522428990822579,0.352229428837072,0.0034188246683113798,-0.17882327024310535,0.0007887120186648392,0.31461937920178096,264000.0,750.0,6.476103039970622,0,0
P4,20,3,10,centre,10,0.8293813829278331,0.8295835828178384,0.003995603575462615,0.47547411995915034,0.0011084476008489895,0.5684550294239213,264000.0,750.0,6.432322840066627,0,0
P4,20,3,10,double,10,0.2952666788671946,0.29404486320519607,0.01051222131058772,0.20795434073788138,0.00048558648420226117,0.3640594780530711,384000.0,1650.0,10.999760829959996,0,0
P4,20,3,10,double_path,10,0.29538634114375995,0.2991230494481764,0.007530101788829403,-0.03030328054513568,0.00024668390874195076,0.17198257434579747,384000.0,1650.0,96.48211725996808,0,0
P4,20,3,10,f_zero,10,0.8293813829278331,0.8295835828178384,0.003995603575462615,,,,0.0,150.0,0.4730379099724814,0,0
P4,20,3,10,oracle_state,10,0.11830731621767217,0.11655826244301237,0.004159993223472043,0.0,0.0,0.0,264000.0,750.0,6.4385192499496045,0,0
P4,20,3,10,path,10,0.5062356868203024,0.5065963785562442,0.005833567630553323,-0.0796310857404438,0.0003749314052554936,0.16571974892213653,264000.0,750.0,44.699781210022046,0,0
P4,20,3,10,raw,10,1.3417476915960869,1.3440427225636578,0.013030553878957185,-0.6386141373755416,0.0007837791205134039,0.7801052097971557,264000.0,750.0,6.497740869945846,0,0
P4,20,4,6,box,10,0.29154660242839003,0.2909296522650025,0.005974039273947374,-0.1665979429036578,0.0007941278846051209,0.3227567905102357,1267200.0,1800.0,26.863743720017375,0,0
P4,20,4,6,centre,10,0.8270053361447521,0.8257228612921805,0.0026074153051995758,0.5091639880301948,0.0011947593838307006,0.5999829376594683,1267200.0,1800.0,26.677289059967734,0,0
P4,20,4,6,double,10,0.32161370542884965,0.31927358642620185,0.012457420679662793,0.27777828229909785,0.0008261471209606665,0.46610831249742934,2692800.0,5850.0,63.738083110027944,0,0
P4,20,4,6,double_path,10,0.27155273452580786,0.2719047421757964,0.009383095428707855,-0.01428354455491409,0.00012805322210488,0.19621749930263324,2692800.0,5850.0,412.7592138899956,0,0
P4,20,4,6,f_zero,10,0.8270053361447521,0.8257228612921805,0.0026074153051995758,,,,0.0,150.0,0.5909177999477834,0,0
P4,20,4,6,oracle_state,10,0.09176036344851175,0.09173875458633812,0.0020363721557494856,0.0,0.0,0.0,1267200.0,1800.0,26.69319611003157,0,0
P4,20,4,6,path,10,0.5202070330195973,0.5233615636058933,0.013184739296630001,-0.09058217442278127,0.00018457311644688666,0.20425127293081005,1267200.0,1800.0,130.84373716001863,0,0
P4,20,4,6,raw,10,1.5931219665396157,1.5916344785105454,0.02926250204824084,-0.8503942961868336,0.0011313891151509346,1.0718628236026544,1267200.0,1800.0,26.588432789989746,0,0
P4,100,2,32,box,10,0.45767077651029525,0.4549373491497057,0.0057132321545939144,-0.2623807461547566,0.001320200622176576,0.35499572456577866,38400.0,600.0,5.005629410059191,0,0
P4,100,2,32,centre,10,0.7895800496307543,0.7896281595542451,0.003318827654439952,0.4443341153013843,0.0013780116226628225,0.5363817011605472,38400.0,600.0,5.677015229943208,0,0
P4,100,2,32,double,10,0.41875818846917784,0.4181647189299026,0.004949868377666746,0.23105182773997118,0.0012465529388599823,0.30580588201331116,38400.0,900.0,8.119040280021727,0,0
P4,100,2,32,double_path,10,0.19257684515746754,0.19124722719507717,0.006617528628453801,-0.05257804923096051,0.0005070545368380043,0.11910536148057076,38400.0,900.0,35.28956289005,0,0
P4,100,2,32,f_zero,10,0.7895800496307543,0.7896281595542451,0.003318827654439952,,,,0.0,300.0,2.326158200018108,0,0
P4,100,2,32,oracle_state,10,0.16229538803690793,0.1642351622723786,0.0055226018742347,0.0,0.0,0.0,38400.0,600.0,5.164496199949644,0,0
P4,100,2,32,path,10,0.2004360922692292,0.1993028813534839,0.005930186217041674,-0.06587452054557774,0.0005777748938562812,0.1121866685179657,38400.0,600.0,23.735450170026162,0,0
P4,100,2,32,raw,10,1.5577994249481502,1.560525158364508,0.012335029907066692,-0.9049374941172144,0.0010661665239681947,0.9605054747068074,38400.0,600.0,5.150589549983851,0,0
P4,100,3,6,box,10,0.6418780256411933,0.641815807320036,0.008258413132203171,-0.32719994439595923,0.0017408217174225181,0.4317166503468209,100800.0,1500.0,4.201165120047517,0,0
P4,100,3,6,centre,10,0.8013035751127806,0.7997002016610351,0.0062999272989150285,0.47859589081566317,0.0016797379236981177,0.5700794275616208,100800.0,1500.0,4.216663860064,0,0
P4,100,3,6,double,10,0.5640975498652687,0.562502808413363,0.016723357713669847,0.3780636319665788,0.0019215326099161028,0.5379923483529396,144000.0,3300.0,7.673198889987543,0,0
P4,100,3,6,double_path,10,0.5615759534313547,0.5631976132508922,0.012490553075599577,-0.012046945938171863,0.00039552099232929,0.22182781267648735,144000.0,3300.0,26.33920590004418,0,0
P4,100,3,6,f_zero,10,0.8013035751127806,0.7997002016610351,0.0062999272989150285,,,,0.0,300.0,0.4048697399441153,0,0
P4,100,3,6,oracle_state,10,0.21616248197705748,0.21370803541755334,0.007516141721250487,0.0,0.0,0.0,100800.0,1500.0,4.181079050013795,0,0
P4,100,3,6,path,10,1.9591272176705847,1.958367122809264,0.023306808843359735,-0.14704636797733503,0.0011104909594825156,0.36985460401559334,100800.0,1500.0,12.59560872996226,0,0
P4,100,3,6,raw,10,11.615779604607699,11.608590658273839,0.0826812895581067,-2.5648384752322677,0.006324071081179148,3.135295805566487,100800.0,1500.0,4.201293189986609,0,0
P4,100,3,10,box,10,0.5395788933863159,0.5397598650350619,0.003145129015699254,-0.30090937404007057,0.0005939691143169168,0.4064376305287324,264000.0,1500.0,13.644648419995793,0,0
P4,100,3,10,centre,10,0.7912486072392182,0.7916536705808829,0.0022105487729644734,0.48102946363133336,0.0007457247999776268,0.5720679408796361,264000.0,1500.0,14.652919919998386,0,0
P4,100,3,10,double,10,0.37737121147510005,0.37788089578584416,0.0067094099410810225,0.34817143396601624,0.0007353033420026795,0.4732083157890877,384000.0,3300.0,28.883891679928638,0,0
P4,100,3,10,double_path,10,0.4413420905662056,0.4418523557123493,0.005917505582071874,-0.026582145362309385,0.00034161406499566435,0.1724752746946127,384000.0,3300.0,111.32898466996849,0,0
P4,100,3,10,f_zero,10,0.7912486072392182,0.7916536705808829,0.0022105487729644734,,,,0.0,300.0,2.2724036599509416,0,0
P4,100,3,10,oracle_state,10,0.1126997180892921,0.11200951073540957,0.0028140393318361635,0.0,0.0,0.0,264000.0,1500.0,14.145833189971745,0,0
P4,100,3,10,path,10,1.3814191730711154,1.38705844205686,0.012856696373808532,-0.09858985873044718,0.00024733876550988367,0.23628216565106236,264000.0,1500.0,51.474314819998106,0,0
P4,100,3,10,raw,10,6.825992527703119,6.83640143225506,0.04835991059842712,-1.8295150975320085,0.0017886296806907654,2.0733516623947748,264000.0,1500.0,14.192402390041389,0,0
P4,100,4,6,box,10,0.42557849134106807,0.4244990272230109,0.00457493305640116,-0.29087849471147953,0.0007962904076752353,0.4036786273037494,1267200.0,3600.0,47.838112430041654,0,0
P4,100,4,6,centre,10,0.7882689542813301,0.7876271491965852,0.0039609283217486215,0.5126671397371715,0.0011790423897377418,0.6017415681574626,1267200.0,3600.0,49.52276181001216,0,0
P4,100,4,6,double,10,0.4052556848007434,0.40208441429987885,0.010784046085092501,0.408625283761433,0.0009900512498692625,0.5627680465047954,2692800.0,11700.0,141.1869840699481,0,0
P4,100,4,6,double_path,10,0.39874331959636106,0.39784221996595037,0.00555538961532211,-0.008238029277677347,0.00011526570610390747,0.1996334010407419,2692800.0,11700.0,477.9006403799634,0,0
P4,100,4,6,f_zero,10,0.7882689542813301,0.7876271491965852,0.0039609283217486215,,,,0.0,300.0,2.964255540049635,0,0
P4,100,4,6,oracle_state,10,0.08678036229120108,0.08674265086413582,0.002859906345517582,0.0,0.0,0.0,1267200.0,3600.0,48.0191726999823,0,0
P4,100,4,6,path,10,3.702210977533171,3.7054358925398203,0.03840757049098894,-0.13927598720213202,0.0002853356302455052,0.39391823719620767,1267200.0,3600.0,151.26344938997644,0,0
P4,100,4,6,raw,10,18.498496722514755,18.502055459219502,0.20613567184871065,-2.5477912435148893,0.003916803795476325,3.187572251656971,1267200.0,3600.0,50.4558780400781,0,0
