path,d,n,M,method,method_transform,method_factor,repetition,point_subset,wall_clock_seconds,selection_value_relative_l2,all_full_state_relative_l2,all_gradient_mae,all_gradient_relative_l2,all_n_points,all_nonfinite_state_fraction,all_value_bias,all_value_mae,all_value_relative_l2,validation_full_state_relative_l2,validation_gradient_mae,validation_gradient_relative_l2,validation_n_points,validation_nonfinite_state_fraction,validation_value_bias,validation_value_mae,validation_value_relative_l2,test_full_state_relative_l2,test_gradient_mae,test_gradient_relative_l2,test_n_points,test_nonfinite_state_fraction,test_value_bias,test_value_mae,test_value_relative_l2,terminal_g_evals,terminal_samples,f_evals,recursively_evaluated_states,transition_samples,total_stochastic_samples,standard_normal_variates,time_uniform_variates,correction_opportunities,pre_box_violation_rate,pre_ball_violation_rate,method_geometry_violation_rate,projection_activation_rate,mean_box_overshoot_energy,mean_method_overshoot_energy,nonfinite_generator_values,generator_mse,generator_bias,generator_absolute_bias,generator_mae,generator_mean_estimate,generator_mean_truth,batch_alpha_mean,batch_alpha_median,batch_alpha_p10,batch_alpha_p90,batch_alpha_activation_rate
repetitions/pilot/d020_n2_M002_batch_box_rep00.npz,20,2,2,batch_box,batch_box,1.0,0,all,0.007004700135439634,0.7015111645698926,2.1738916188571853,0.5023299665850494,2.3832258091323166,240,0.0,-0.3463112424805223,0.35469603612402073,0.7067833403778535,2.2197213978622985,0.5015504884634356,2.4041367918104237,48,0.0,-0.3118092971945368,0.3158997285580315,0.7015111645698926,2.1629362282999005,0.5025248361154527,2.3780915497620256,192,0.0,-0.3549367288020187,0.36439511301551814,0.7078369180380535,2640,1920,480,720,480,2400,48000,480,480,1.0,0.5395833333333333,1.0,1.0,6.1876364211274355,6.1876364211274355,0,8.249707565728574,-2.041046115468713,2.041046115468713,2.0586525060859278,0.289466348901102,2.3305124643698156,0.3937220082802981,0.2575,0.1285,0.9995,0.85
repetitions/pilot/d020_n2_M002_batch_box_rep01.npz,20,2,2,batch_box,batch_box,1.0,1,all,0.009307200089097023,0.6884195608010505,2.228915976461002,0.5061954887655775,2.445682968848091,240,0.0,-0.3293837754597487,0.34050655417981684,0.6920421378220823,2.4250389617430352,0.509551796080078,2.630661186679499,48,0.0,-0.2920317858660556,0.3100726594949492,0.6884195608010505,2.1800684488782527,0.5053564119369524,2.3983461495815703,192,0.0,-0.33872177285817195,0.34811502785103365,0.6927670328425092,2640,1920,480,720,480,2400,48000,480,480,1.0,0.5625,1.0,1.0,6.397417519195772,6.397417519195772,0,9.228623443120505,-2.2185880268649476,2.2185880268649476,2.2494028269267545,0.29078770051907454,2.5093757273840223,0.4017559984682441,0.2605,0.1205,0.9995,0.8583333333333333
repetitions/pilot/d020_n2_M002_box_factor_a0p25_rep00.npz,20,2,2,box_factor_a0.25,box_factor,0.25,0,all,0.006386799970641732,0.7207268360226808,2.0543537133010044,0.4752619593605789,2.2483441793763554,240,0.0,-0.3594149340093265,0.36391953089539614,0.7228667278511309,2.070714851451221,0.46736238903800426,2.238838885451901,48,0.0,-0.3208732370598904,0.32457627616705814,0.7207268360226808,2.050474173483884,0.47723685194122256,2.2506592123820868,192,0.0,-0.3690503582466855,0.3737553445774806,0.7232955160226621,2640,1920,480,720,480,2400,48000,480,480,1.0,0.5395833333333333,1.0,1.0,6.1876364211274355,7.956875241558936,0,8.81328028866181,-2.1281151845074597,2.1281151845074597,2.133919745203565,0.2023972798623554,2.3305124643698156,,,,,
repetitions/pilot/d020_n2_M002_box_factor_a0p25_rep01.npz,20,2,2,box_factor_a0.25,box_factor,0.25,1,all,0.007295900024473667,0.7053270466237945,2.0875218467344423,0.48097711367390067,2.2865349787898492,240,0.0,-0.3460054074850254,0.3510160830280718,0.7079954782868053,2.1406142097626795,0.47003985571382645,2.3168056547578986,48,0.0,-0.3135329651528141,0.3216077945301079,0.7053270466237945,2.074796306792092,0.4837114281639192,2.2790819992955047,192,0.0,-0.3541235180680782,0.35836815515256276,0.7085299147233142,2640,1920,480,720,480,2400,48000,480,480,1.0,0.5625,1.0,1.0,6.397417519195772,8.247244708044468,0,9.752114319716865,-2.308284836964341,2.308284836964341,2.3205379050954322,0.20109089041968103,2.5093757273840223,,,,,
repetitions/pilot/d020_n2_M002_box_factor_a0p5_rep00.npz,20,2,2,box_factor_a0.5,box_factor,0.5,0,all,0.0077633000910282135,0.6893369669522488,2.251905685511798,0.5165825579726515,2.4711554824227346,240,0.0,-0.33637658504527934,0.348154114585086,0.6953019004778074,2.3407866924160574,0.5180045266165024,2.537991834669549,48,0.0,-0.30311391631507023,0.3071514635394455,0.6893369669522488,2.2304173064186705,0.5162270658116889,2.454558024966413,192,0.0,-0.34469225222783156,0.358404777346496,0.6964931148034234,2640,1920,480,720,480,2400,48000,480,480,1.0,0.5395833333333333,1.0,1.0,6.1876364211274355,7.278636676927505,0,7.811024263058623,-1.956703965598747,1.956703965598747,1.9807096805006905,0.3738084987710682,2.3305124643698156,,,,,
repetitions/pilot/d020_n2_M002_box_factor_a0p5_rep01.npz,20,2,2,box_factor_a0.5,box_factor,0.5,1,all,0.007923200028017163,0.6699327598311,2.298582191985689,0.5221187908611457,2.5245953692808594,240,0.0,-0.3171187748956222,0.32782855575628683,0.6738557097409551,2.3378348413766994,0.5057961190156267,2.5357460005800365,48,0.0,-0.2902480233154081,0.2985998858175644,0.6699327598311,2.289222165867915,0.5261994588225255,2.521864967389774,192,0.0,-0.32383646279067574,0.33513572324096746,0.6746404338981298,2640,1920,480,720,480,2400,48000,480,480,1.0,0.5625,1.0,1.0,6.397417519195772,7.537852744642286,0,8.652574953020718,-2.1351778199838143,2.1351778199838143,2.164762699716141,0.3741979074002077,2.5093757273840223,,,,,
repetitions/pilot/d020_n2_M002_box_factor_a0p75_rep00.npz,20,2,2,box_factor_a0.75,box_factor,0.75,0,all,0.007486799964681268,0.6681451958255887,2.506824965496201,0.562015626608761,2.7564318716724805,240,0.0,-0.3165154628782646,0.3361823892732544,0.6811614447253639,2.672475079486006,0.573998984804859,2.9033571690930815,48,0.0,-0.2880807267989165,0.2927681578867732,0.6681451958255887,2.466116952391726,0.5590197870597364,2.7193480050765295,192,0.0,-0.32362414689810165,0.3470359471198747,0.6837443998852231,2640,1920,480,720,480,2400,48000,480,480,1.0,0.5395833333333333,1.0,1.0,6.1876364211274355,6.693825987192804,0,7.105461083069639,-1.8082592658082224,1.8082592658082224,1.8696358034357028,0.5222531985615926,2.3305124643698156,,,,,
repetitions/pilot/d020_n2_M002_box_factor_a0p75_rep01.npz,20,2,2,box_factor_a0.75,box_factor,0.75,1,all,0.005078600021079183,0.6512196945909555,2.5720060636872772,0.5697534575989214,2.830361164729008,240,0.0,-0.29203475752614266,0.31859565708203275,0.6571281983198812,2.553546558644771,0.5404336350780489,2.7735816655746737,48,0.0,-0.27175885737493793,0.28821156747624743,0.6512196945909555,2.5763424033859015,0.5770834132291396,2.844054155113532,192,0.0,-0.29710373256394385,0.3261916794834791,0.6583078507638362,2640,1920,480,720,480,2400,48000,480,480,1.0,0.5625,1.0,1.0,6.397417519195772,6.926104158143948,0,7.8395617150165355,-1.9831973130023925,1.9831973130023925,2.032652801912965,0.5261784143816288,2.5093757273840223,,,,,
repetitions/pilot/d020_n2_M002_box_factor_a1p25_rep00.npz,20,2,2,box_factor_a1.25,box_factor,1.25,0,all,0.007617899915203452,0.6456151457173933,3.051270057389105,0.6489205429271582,3.362635158445336,240,0.0,-0.28463510152039867,0.32784038716918,0.6802874078225882,3.3550019554485773,0.6808540239955572,3.6524042633353013,48,0.0,-0.26353454686605804,0.2795427232313514,0.6456151457173933,2.9750846896401937,0.6409371726600585,3.2879982999584865,192,0.0,-0.28991024018398387,0.33991480315363715,0.6870365011557572,2640,1920,480,720,480,2400,48000,480,480,1.0,0.5395833333333333,1.0,1.0,6.1876364211274355,5.749189161524746,0,6.30112526300229,-1.5612380637622754,1.5612380637622754,1.7170981136658756,0.7692744006075398,2.3305124643698156,,,,,
repetitions/pilot/d020_n2_M002_box_factor_a1p25_rep01.npz,20,2,2,box_factor_a1.25,box_factor,1.25,1,all,0.007996799889951944,0.6315985287699653,3.1587332942168995,0.6638471859681098,3.483063084117685,240,0.0,-0.25090990622573045,0.31630270397399035,0.6590137326148366,2.932887404039197,0.6039199783696569,3.1904503918776697,48,0.0,-0.2456650105708403,0.2743827605594878,0.6315985287699653,3.20970656201161,0.6788289878677228,3.550856029191316,192,0.0,-0.252221130139453,0.326782689827616,0.664380602333561,2640,1920,480,720,480,2400,48000,480,480,1.0,0.5625,1.0,1.0,6.397417519195772,5.939368255750025,0,6.8350065911187805,-1.7297453456369287,1.7297453456369287,1.858299647224795,0.7796303817470931,2.5093757273840223,,,,,
repetitions/pilot/d020_n2_M002_box_factor_a1p5_rep00.npz,20,2,2,box_factor_a1.5,box_factor,1.5,0,all,0.006396300159394741,0.6408518539066264,3.3106057119190044,0.6878193186569469,3.6506263896133913,240,0.0,-0.27143562403760424,0.32757619681459743,0.6884228333666084,3.640045063284845,0.7252488382467603,3.964654243045668,48,0.0,-0.2537710755945996,0.2766591215911964,0.6408518539066264,3.2279737586983877,0.6784619387594936,3.569748745922565,192,0.0,-0.27585176114835536,0.34030546562044767,0.6975811448294041,2640,1920,480,720,480,2400,48000,480,480,1.0,0.5395833333333333,1.0,1.0,6.1876364211274355,5.36937878024571,0,6.10827785289867,-1.4590801234652757,1.4590801234652757,1.6741392552134529,0.8714323409045396,2.3305124643698156,,,,,
repetitions/pilot/d020_n2_M002_box_factor_a1p5_rep01.npz,20,2,2,box_factor_a1.5,box_factor,1.5,1,all,0.005436700070276856,0.6256708082833644,3.4383209294570634,0.7063193073415226,3.7932460435369486,240,0.0,-0.23398444885722303,0.3194580454782558,0.6716709520269781,3.108138981978825,0.6319131913189341,3.3826998766745193,48,0.0,-0.23543104997224193,0.27350207730658366,0.6256708082833644,3.5117053506294376,0.7249208363471696,3.88691698576239,192,0.0,-0.23362279857846832,0.3309470375211739,0.6805301692981618,2640,1920,480,720,480,2400,48000,480,480,1.0,0.5625,1.0,1.0,6.397417519195772,5.541897140542718,0,6.562752461075053,-1.6250861414140296,1.6250861414140296,1.8061868565234365,0.8842895859699922,2.5093757273840223,,,,,
repetitions/pilot/d020_n2_M002_box_factor_a2_rep00.npz,20,2,2,box_factor_a2,box_factor,2.0,0,all,0.00767019996419549,0.6382289905089273,3.766547947945022,0.7533304504173952,4.156267081098928,240,0.0,-0.2499878968121754,0.33084751109540994,0.7125945836070413,4.102392054448833,0.7957868124098564,4.4706907477329665,48,0.0,-0.23876004621611321,0.2724303642356363,0.6382289905089273,3.682840553544333,0.7427163599192801,4.075803756443831,192,0.0,-0.25279485946119096,0.34545179781035334,0.7266056922776787,2640,1920,480,720,480,2400,48000,480,480,1.0,0.5395833333333333,1.0,1.0,6.1876364211274355,4.754883853450066,0,5.995438267686215,-1.2922658161460183,1.2922658161460183,1.6385903830211483,1.0382466482237964,2.3305124643698156,,,,,
repetitions/pilot/d020_n2_M002_box_factor_a2_rep01.npz,20,2,2,box_factor_a2,box_factor,2.0,1,all,0.007348599843680859,0.6223567601963372,3.931573001480725,0.7778548642946299,4.339611574632897,240,0.0,-0.20614825268694228,0.3284537004353221,0.7109253781230537,3.431552037272667,0.680922284848428,3.736993833037324,48,0.0,-0.21936591871375546,0.2744489706749117,0.6223567601963372,4.040543078403024,0.8020880091561805,4.474454646902013,192,0.0,-0.20284383618023902,0.3419548828754248,0.7274057162317411,2640,1920,480,720,480,2400,48000,480,480,1.0,0.5625,1.0,1.0,6.397417519195772,4.89681928856181,0,6.322124721984209,-1.4541884966100402,1.4541884966100402,1.7532866447298658,1.0551872307739818,2.5093757273840223,,,,,
repetitions/pilot/d020_n2_M002_f_zero_rep00.npz,20,2,2,f_zero,f_zero,0.0,0,all,0.003618299961090088,0.7657555000151558,1.9799485288715544,0.4566883697239341,2.1613614854282437,240,0.0,-0.38765949513175557,0.39073076635605,0.7692999875865328,1.9647555887788404,0.44486457338254204,2.118896545276073,48,0.0,-0.3424036197674618,0.34570230907957006,0.7657555000151558,1.983516421030673,0.45964431880928214,2.171605007454075,192,0.0,-0.398973463972829,0.40198788067517005,0.7700095239231659,1200,960,0,240,0,960,19200,0,0,0.0,0.0,0.0,0.0,0.0,0.0,0,,,,,,,,,,,
repetitions/pilot/d020_n2_M002_f_zero_rep01.npz,20,2,2,f_zero,f_zero,0.0,1,all,0.0025836999993771315,0.7725336871566506,2.0113116707281398,0.4627629154046256,2.196948179638516,240,0.0,-0.3796436424831709,0.3839221500158808,0.7644941441272859,2.0526848703704554,0.4475819397445584,2.215600768289586,48,0.0,-0.34240296254354935,0.35007224226924544,0.7725336871566506,2.0014247218149137,0.46655815931964234,2.1923692303875186,192,0.0,-0.3889538124680763,0.3923846269525397,0.7628701160651651,1200,960,0,240,0,960,19200,0,0,0.0,0.0,0.0,0.0,0.0,0.0,0,,,,,,,,,,,
repetitions/pilot/d020_n2_M002_raw_rep00.npz,20,2,2,raw,raw,1.0,0,all,0.008363199885934591,0.7598700606874572,3.6393316331661065,0.6700030402381593,4.0108157754763685,240,0.0,-0.3042729339737094,0.37042747170574764,0.8089706316840573,3.449101505171609,0.6767565951065717,3.751339263677277,48,0.0,-0.2956441531165676,0.319682100409803,0.7598700606874572,3.682784995560012,0.6683146515210562,4.0716670588566535,192,0.0,-0.30643012918799495,0.38311381452973375,0.818471926134731,2640,1920,480,720,480,2400,48000,480,480,1.0,0.5395833333333333,1.0,0.0,6.1876364211274355,6.1876364211274355,0,8.801697403792064,-1.6591764578254435,1.6591764578254435,2.033323282020958,0.6713360065443719,2.3305124643698156,,,,,
repetitions/pilot/d020_n2_M002_raw_rep01.npz,20,2,2,raw,raw,1.0,1,all,0.007543500047177076,0.7031958023953144,3.874912975276336,0.6989424362350264,4.270003366412517,240,0.0,-0.2602724954970341,0.37615314452880994,0.8709619935274212,3.0871768012258833,0.5900462548720345,3.3567863532630478,48,0.0,-0.2782686707821859,0.3147813846823441,0.7031958023953144,4.038440301769159,0.7261664815757743,4.464719003404385,192,0.0,-0.2557734516757461,0.39149608449042633,0.9008812278900148,2640,1920,480,720,480,2400,48000,480,480,1.0,0.5625,1.0,0.0,6.397417519195772,6.397417519195772,0,9.788491501312029,-1.8322662989088407,1.8322662989088407,2.2148679495921373,0.6771094284751811,2.5093757273840223,,,,,
repetitions/pilot/d020_n2_M002_sample_ball_rep00.npz,20,2,2,sample_ball,sample_ball,1.0,0,all,0.006016200175508857,0.7552202388741703,2.313904050960149,0.5164693237103336,2.537352191933852,240,0.0,-0.35589083338751987,0.3695993538610703,0.7428099879701461,2.4161590694236104,0.5184874132596319,2.617361671797629,48,0.0,-0.3259210521912577,0.3295745657396601,0.7552202388741703,2.2891104442725516,0.5159648013230089,2.5174281295501353,192,0.0,-0.36338327868658543,0.37960555089142284,0.7402937444557736,2640,1920,480,720,480,2400,48000,480,480,1.0,0.5395833333333333,0.5395833333333333,0.5395833333333333,6.1876364211274355,3.663009189684828,0,8.761933298568444,-2.070578234962926,2.070578234962926,2.1112563580064214,0.2599342294068891,2.3305124643698156,,,,,
repetitions/pilot/d020_n2_M002_sample_ball_rep01.npz,20,2,2,sample_ball,sample_ball,1.0,1,all,0.006493999855592847,0.7082023721159258,2.3334664696438194,0.5244707600987896,2.561070723421041,240,0.0,-0.33363743070734664,0.3514061144743562,0.7139431008889559,2.26319333187059,0.49258764641981934,2.451613791141983,48,0.0,-0.3141414084664759,0.3221626508310533,0.7082023721159258,2.3497413857038465,0.532441538518532,2.5870959914519007,192,0.0,-0.33851143626756436,0.35871698038518196,0.7150899118837014,2640,1920,480,720,480,2400,48000,480,480,1.0,0.5625,0.5625,0.5625,6.397417519195772,3.703355337986567,0,9.855708514875976,-2.2627267334882784,2.2627267334882784,2.307268653962999,0.24664899389574352,2.5093757273840223,,,,,
repetitions/pilot/d020_n2_M002_sample_box_rep00.npz,20,2,2,sample_box,sample_box,1.0,0,all,0.005432500038295984,0.6540859503454067,2.7821124841073175,0.6070395784664288,3.0632837458250464,240,0.0,-0.2994399731557686,0.330366106287418,0.6773598505753936,3.029974388633399,0.6302428967274267,3.296003250072593,48,0.0,-0.2748946345688908,0.28444698387777484,0.6540859503454067,2.7203369798354093,0.6012387489011793,3.0037173526436147,192,0.0,-0.305576307802488,0.34184588688982886,0.6819360160712112,2640,1920,480,720,480,2400,48000,480,480,1.0,0.5395833333333333,1.0,1.0,6.1876364211274355,6.1876364211274355,0,6.62422204855115,-1.67698274673212,1.67698274673212,1.7841914501139342,0.6535297176376947,2.3305124643698156,,,,,
repetitions/pilot/d020_n2_M002_sample_box_rep01.npz,20,2,2,sample_box,sample_box,1.0,1,all,0.006790299899876118,0.6406946709270844,2.8682154377336833,0.6181151065847458,3.1602545499270005,240,0.0,-0.2699397281439495,0.31579761655429806,0.6534729676771153,2.762523546383962,0.5746294374769185,3.0033151257807007,48,0.0,-0.25677871272659486,0.28183576804589977,0.6406946709270844,2.8925909788915627,0.6289865238617025,3.1974081626362656,192,0.0,-0.2732299819982881,0.32428807868139764,0.6560080225545358,2640,1920,480,720,480,2400,48000,480,480,1.0,0.5625,1.0,1.0,6.397417519195772,6.397417519195772,0,7.247109645714766,-1.8483202210922065,1.8483202210922065,1.9340846069646072,0.6610555062918151,2.5093757273840223,,,,,
repetitions/pilot/d020_n2_M002_shrink_c0p1_rep00.npz,20,2,2,shrink_c0.1,shrink,0.1,0,all,0.007889100117608905,0.7599790751848825,2.000539309388144,0.4625338783929069,2.1854079803350914,240,0.0,-0.379320839015951,0.38301193307405307,0.7575114714632951,1.991316269292028,0.45250087647395293,2.1486497198402144,48,0.0,-0.33772767310237234,0.3410619661938794,0.7599790751848825,2.0027093448614126,0.46504212887264523,2.1942905697844077,192,0.0,-0.38971913049434553,0.39349942479409644,0.7570151677184555,2640,1920,480,720,480,2400,48000,480,480,1.0,0.5395833333333333,1.0,1.0,6.1876364211274355,7.0871373795992785,0,9.704943950864935,-2.263378863715378,2.263378863715378,2.263485369690123,0.06713360065443717,2.3305124643698156,,,,,
repetitions/pilot/d020_n2_M002_shrink_c0p1_rep01.npz,20,2,2,shrink_c0.1,shrink,0.1,1,all,0.007764100097119808,0.7574411001688479,2.0331518655387217,0.4673991592795183,2.2228237464487464,240,0.0,-0.36770652778455726,0.37222489822176075,0.746628725799811,2.071832003792762,0.45193118835800933,2.237740583413025,48,0.0,-0.335989533367413,0.34371579238563776,0.7574411001688479,2.0239172770819702,0.4712661520098956,2.219165919329656,192,0.0,-0.3756357763888433,0.37935217468079135,0.7444393785462228,2640,1920,480,720,480,2400,48000,480,480,1.0,0.5625,1.0,1.0,6.397417519195772,7.3508159485085764,0,10.741883653209301,-2.4416647845365036,2.4416647845365036,2.4464783880949432,0.06771094284751814,2.5093757273840223,,,,,
repetitions/pilot/d020_n2_M002_shrink_c0p25_rep00.npz,20,2,2,shrink_c0.25,shrink,0.25,0,all,0.006399000063538551,0.7534230808002003,2.11647618281392,0.48411678012819354,2.3162199044791123,240,0.0,-0.36681285484224396,0.3754907778741727,0.7462798915993909,2.100953982441821,0.47459254535870027,2.2701396599928665,48,0.0,-0.3307137531047382,0.3341014518653434,0.7534230808002003,2.120122163597227,0.48649783882056674,2.327333806666152,192,0.0,-0.3758376302766205,0.3858381093763801,0.744837747837476,2640,1920,480,720,480,2400,48000,480,480,1.0,0.5395833333333333,1.0,1.0,6.1876364211274355,4.921623180277276,0,9.10949071048481,-2.1626784627337226,2.1626784627337226,2.1756404032912764,0.16783400163609297,2.3305124643698156,,,,,
repetitions/pilot/d020_n2_M002_shrink_c0p25_rep01.npz,20,2,2,shrink_c0.25,shrink,0.25,1,all,0.006419900106266141,0.7378604008487475,2.1648244808504797,0.490755527431074,2.3713788528471635,240,0.0,-0.3498008557366367,0.3638216753261824,0.731753388009157,2.144665314009137,0.46629510425044207,2.3193229787493164,48,0.0,-0.32636938960320855,0.3341811175602263,0.7378604008487475,2.16955383789902,0.49687063322623193,2.383917887914269,192,0.0,-0.3556587222699938,0.3712318147676714,0.7305213442488756,2640,1920,480,720,480,2400,48000,480,480,1.0,0.5625,1.0,1.0,6.397417519195772,5.104733297575399,0,10.135124612448832,-2.340098370265226,2.340098370265226,2.362532319002523,0.16927735711879527,2.5093757273840223,,,,,
repetitions/pilot/d020_n2_M002_shrink_c0p5_rep00.npz,20,2,2,shrink_c0.5,shrink,0.5,0,all,0.007951700128614902,0.7482678621521504,2.4939900315415,0.537332952121524,2.738344692813956,240,0.0,-0.3459662145527325,0.3674528504989121,0.7454792064024068,2.436786432741873,0.5319174199500026,2.640443497136998,48,0.0,-0.3190238864420147,0.32447866273892395,0.7482678621521504,2.5072972518443195,0.5386868351644043,2.761724367558212,192,0.0,-0.352701796580412,0.3781963974389091,0.744918167530544,2640,1920,480,720,480,2400,48000,480,480,1.0,0.5395833333333333,1.0,1.0,6.1876364211274355,2.1873880801232346,0,8.512546109141326,-1.9948444610976295,1.9948444610976295,2.062922305310041,0.33566800327218593,2.3305124643698156,,,,,
repetitions/pilot/d020_n2_M002_shrink_c0p5_rep01.npz,20,2,2,shrink_c0.5,shrink,0.5,1,all,0.005434999940916896,0.7140918722704426,2.5939206785179985,0.5497049716842486,2.850166256757931,240,0.0,-0.3199580689901025,0.35889905074621603,0.7403743503410469,2.369487621962297,0.5004788410764985,2.5682493053360176,48,0.0,-0.31033581666286764,0.3203344226937761,0.7140918722704426,2.6441006083990257,0.5620115043361861,2.9148694431269533,192,0.0,-0.3223636320719112,0.3685402077593259,0.7455385100755759,2640,1920,480,720,480,2400,48000,480,480,1.0,0.5625,1.0,1.0,6.397417519195772,2.268770354477956,0,9.521957632317019,-2.170821013146431,2.170821013146431,2.249657588758921,0.33855471423759054,2.5093757273840223,,,,,
repetitions/pilot/d020_n2_M002_shrink_c0p75_rep00.npz,20,2,2,shrink_c0.75,shrink,0.75,0,all,0.007576599949970841,0.7504377724670543,3.023531166039141,0.6009149505494569,3.3275297899438834,240,0.0,-0.325119574263221,0.3665973695768282,0.7669675238358729,2.9037950979722784,0.6017028083430864,3.153560832881534,48,0.0,-0.30733401977929115,0.3220803815743635,0.7504377724670543,3.0510984831840484,0.6007179861010497,3.368647326827275,192,0.0,-0.3295659628842035,0.3777266165774444,0.7702428734319854,2640,1920,480,720,480,2400,48000,480,480,1.0,0.5395833333333333,1.0,1.0,6.1876364211274355,0.5468470200308087,0,8.409948340243742,-1.8270104594615362,1.8270104594615362,2.0218762286553176,0.5035020049082789,2.3305124643698156,,,,,
repetitions/pilot/d020_n2_M002_shrink_c0p75_rep01.npz,20,2,2,shrink_c0.75,shrink,0.75,1,all,0.007457900093868375,0.7023360951125499,3.1892401912475004,0.6212393528963255,3.510927425383406,240,0.0,-0.2901152822435683,0.36471626696752324,0.7890023889349473,2.694097626591075,0.5432660914239617,2.925546617003122,48,0.0,-0.2943022437225267,0.3162943940339262,0.7023360951125499,3.2952410279785456,0.6407326682644163,3.6395990115427237,192,0.0,-0.2890685418738287,0.37682173520092244,0.8052760525390379,2640,1920,480,720,480,2400,48000,480,480,1.0,0.5625,1.0,1.0,6.397417519195772,0.567192588619489,0,9.40641326193808,-2.0015436560276356,2.0015436560276356,2.2002240837535885,0.5078320713563859,2.5093757273840223,,,,,
repetitions/pilot/d020_n2_M002_z_only_box_rep00.npz,20,2,2,z_only_box,z_only_box,1.0,0,all,0.008814399829134345,0.6540859503454067,2.7821124841073175,0.6070395784664288,3.0632837458250464,240,0.0,-0.2994399731557686,0.330366106287418,0.6773598505753936,3.029974388633399,0.6302428967274267,3.296003250072593,48,0.0,-0.2748946345688908,0.28444698387777484,0.6540859503454067,2.7203369798354093,0.6012387489011793,3.0037173526436147,192,0.0,-0.305576307802488,0.34184588688982886,0.6819360160712112,2640,1920,480,720,480,2400,48000,480,480,1.0,0.5395833333333333,1.0,1.0,6.1876364211274355,6.1876364211274355,0,6.62422204855115,-1.67698274673212,1.67698274673212,1.7841914501139342,0.6535297176376947,2.3305124643698156,,,,,
repetitions/pilot/d020_n2_M002_z_only_box_rep01.npz,20,2,2,z_only_box,z_only_box,1.0,1,all,0.006674600066617131,0.6406946709270844,2.8682154377336833,0.6181151065847458,3.1602545499270005,240,0.0,-0.2699397281439495,0.31579761655429806,0.6534729676771153,2.762523546383962,0.5746294374769185,3.0033151257807007,48,0.0,-0.25677871272659486,0.28183576804589977,0.6406946709270844,2.8925909788915627,0.6289865238617025,3.1974081626362656,192,0.0,-0.2732299819982881,0.32428807868139764,0.6560080225545358,2640,1920,480,720,480,2400,48000,480,480,1.0,0.5625,1.0,1.0,6.397417519195772,6.397417519195772,0,7.247109645714766,-1.8483202210922065,1.8483202210922065,1.9340846069646072,0.6610555062918151,2.5093757273840223,,,,,
repetitions/pilot/d020_n2_M002_z_zero_rep00.npz,20,2,2,z_zero,z_zero,0.0,0,all,0.00725100003182888,0.7657555000151558,1.9799485288715544,0.4566883697239341,2.1613614854282437,240,0.0,-0.38765949513175557,0.39073076635605,0.7692999875865328,1.9647555887788404,0.44486457338254204,2.118896545276073,48,0.0,-0.3424036197674618,0.34570230907957006,0.7657555000151558,1.983516421030673,0.45964431880928214,2.171605007454075,192,0.0,-0.398973463972829,0.40198788067517005,0.7700095239231659,2640,1920,480,720,480,2400,48000,480,480,1.0,0.5395833333333333,1.0,1.0,6.1876364211274355,8.749552320492938,0,10.200782144274196,-2.3305124643698156,2.3305124643698156,2.3305124643698156,0.0,2.3305124643698156,,,,,
repetitions/pilot/d020_n2_M002_z_zero_rep01.npz,20,2,2,z_zero,z_zero,0.0,1,all,0.0065826999489218,0.7725336871566506,2.0113116707281398,0.4627629154046256,2.196948179638516,240,0.0,-0.3796436424831709,0.3839221500158808,0.7644941441272859,2.0526848703704554,0.4475819397445584,2.215600768289586,48,0.0,-0.34240296254354935,0.35007224226924544,0.7725336871566506,2.0014247218149137,0.46655815931964234,2.1923692303875186,192,0.0,-0.3889538124680763,0.3923846269525397,0.7628701160651651,2640,1920,480,720,480,2400,48000,480,480,1.0,0.5625,1.0,1.0,6.397417519195772,9.075081417911823,0,11.245914202333525,-2.5093757273840223,2.5093757273840223,2.5093757273840223,0.0,2.5093757273840223,,,,,
repetitions/pilot/d020_n2_M004_batch_box_rep00.npz,20,2,4,batch_box,batch_box,1.0,0,all,0.01074370020069182,0.68641597320624,1.2592831451437174,0.29651636596295866,1.353782766022844,240,0.0,-0.3523542534486827,0.35268208661162187,0.7012997774285272,1.2527544092131881,0.2876603359310583,1.3343709462024556,48,0.0,-0.30621581503459566,0.3063967138926893,0.68641597320624,1.2608187080736921,0.29873037347093373,1.3584808699324717,192,0.0,-0.3638888630522044,0.36425342979135494,0.7042495696531647,8880,7680,960,1200,960,8640,172800,960,960,1.0,0.496875,1.0,1.0,2.695459969635016,2.695459969635016,0,8.752682376534388,-2.130756587744933,2.130756587744933,2.1375010458777095,0.2580690066724693,2.3888255944174026,0.3577331555999995,0.2565,0.1595,0.7345,0.925
repetitions/pilot/d020_n2_M004_batch_box_rep01.npz,20,2,4,batch_box,batch_box,1.0,1,all,0.012049499899148941,0.648519069702718,1.288666636727178,0.2993744009128123,1.3894943647329243,240,0.0,-0.3391725815731924,0.3397362591812964,0.6814356478128484,1.3369313954287798,0.2923884549773902,1.431843937661324,48,0.0,-0.2670067596256461,0.26847568612229256,0.648519069702718,1.2770123272518903,0.3011208873966678,1.378955308152733,192,0.0,-0.357214037060079,0.3575514024460474,0.6878533487487362,8880,7680,960,1200,960,8640,172800,960,960,1.0,0.484375,1.0,1.0,2.9007482432218903,2.9007482432218903,0,8.97493781041842,-2.20588541485713,2.20588541485713,2.212484226817504,0.2854993304537439,2.491384745310875,0.34546071626224745,0.2535,0.1575,0.7265,0.9416666666666667
repetitions/pilot/d020_n2_M004_box_factor_a0p25_rep00.npz,20,2,4,box_factor_a0.25,box_factor,0.25,0,all,0.009916800074279308,0.7018696364281921,1.213861883399489,0.28720228709281,1.300663920827073,240,0.0,-0.359454950035874,0.3597665645839728,0.7116830601532342,1.2008931070782893,0.27778889505268023,1.2746394681553468,48,0.0,-0.31488926512439147,0.3150697887771026,0.7018696364281921,1.2169017870407066,0.28955563510284243,1.306940203766065,192,0.0,-0.3705963712637446,0.3709407585356903,0.713636694617673,8880,7680,960,1200,960,8640,172800,960,960,1.0,0.496875,1.0,1.0,2.695459969635016,3.913828555826093,0,9.1314434353647,-2.1840799659925483,2.1840799659925483,2.1924722622427524,0.20474562842485428,2.3888255944174026,,,,,
repetitions/pilot/d020_n2_M004_box_factor_a0p25_rep01.npz,20,2,4,box_factor_a0.25,box_factor,0.25,1,all,0.006467300001531839,0.6672010468173728,1.2261998095610045,0.28754711760610957,1.316282387641623,240,0.0,-0.3507227699769884,0.35094773146577307,0.6992110548610208,1.2123058451421613,0.27303910332990877,1.29099493500773,48,0.0,-0.28326248636248663,0.2835301895829367,0.6672010468173728,1.2294552748189564,0.29117412117515973,1.3223839632864127,192,0.0,-0.3675878408806139,0.3678021169364822,0.7054615644233021,8880,7680,960,1200,960,8640,172800,960,960,1.0,0.484375,1.0,1.0,2.9007482432218903,4.216481976355383,0,9.373242393956907,-2.260718878008186,2.260718878008186,2.2675114199201842,0.23066586730268854,2.491384745310875,,,,,
repetitions/pilot/d020_n2_M004_box_factor_a0p5_rep00.npz,20,2,4,box_factor_a0.5,box_factor,0.5,0,all,0.008099700091406703,0.6709282361216293,1.3481386660063872,0.3145441807672454,1.457771605277927,240,0.0,-0.336427210707758,0.3368235847548142,0.6742776907741239,1.3228372019210846,0.30003301147667993,1.4141419082424702,48,0.0,-0.29695390614080724,0.2971406719323148,0.6709282361216293,1.3540397538268423,0.31817197308988676,1.468228755530541,192,0.0,-0.3462955368494957,0.3467443129604391,0.67494804031668,8880,7680,960,1200,960,8640,172800,960,960,1.0,0.496875,1.0,1.0,2.695459969635016,3.4212399622657537,0,8.072667272818505,-2.0103100197600052,2.0103100197600052,2.031699665681539,0.37851557465739727,2.3888255944174026,,,,,
repetitions/pilot/d020_n2_M004_box_factor_a0p5_rep01.npz,20,2,4,box_factor_a0.5,box_factor,0.5,1,all,0.007480100030079484,0.6273032729341652,1.4081310311494115,0.3227890975417291,1.5278650937335416,240,0.0,-0.3200429069551755,0.3209638235062022,0.652254823580497,1.473189878076078,0.3177385684741941,1.5848985795345933,48,0.0,-0.2501201505830022,0.25279756576399304,0.6273032729341652,1.3923368220542363,0.32405172980861285,1.5136114545030641,192,0.0,-0.3375235960482188,0.33800538794175444,0.6571493074431218,8880,7680,960,1200,960,8640,172800,960,960,1.0,0.484375,1.0,1.0,2.9007482432218903,3.686890375220899,0,8.241935594314675,-2.064651791839422,2.064651791839422,2.0905844370763154,0.4267329534714529,2.491384745310875,,,,,
repetitions/pilot/d020_n2_M004_box_factor_a0p75_rep00.npz,20,2,4,box_factor_a0.75,box_factor,0.75,0,all,0.010379999876022339,0.6479389086899844,1.5191872654996734,0.347631793762132,1.6536916224311409,240,0.0,-0.31687241239466807,0.31804522751502307,0.6459560991428276,1.4801301848409694,0.32747503969354713,1.5910002371686787,48,0.0,-0.2818261191355678,0.28201875657530584,0.6479389086899844,1.5282574653716965,0.35267098227927823,1.668642688592248,192,0.0,-0.32563398570944313,0.3270518452499523,0.6455573459579531,8880,7680,960,1200,960,8640,172800,960,960,1.0,0.496875,1.0,1.0,2.695459969635016,3.0208183048642794,0,7.304138603151625,-1.8623558767508048,1.8623558767508048,1.9058049499274727,0.5264697176665977,2.3888255944174026,,,,,
repetitions/pilot/d020_n2_M004_box_factor_a0p75_rep01.npz,20,2,4,box_factor_a0.75,box_factor,0.75,1,all,0.006672800052911043,0.6085701867671934,1.634681465033533,0.3641364107234378,1.7857315849456912,240,0.0,-0.2940655217310135,0.2992671406641719,0.6191038365295735,1.794097874464694,0.3677313590861578,1.9407330488515466,48,0.0,-0.22114645740257188,0.24069142094560847,0.6085701867671934,1.5947442531134095,0.3632376736327578,1.7457918777278205,192,0.0,-0.3122952878131238,0.3139110705938128,0.6211967826016385,8880,7680,960,1200,960,8640,172800,960,960,1.0,0.484375,1.0,1.0,2.9007482432218903,3.254221914468145,0,7.446740973007885,-1.8980252833923514,1.8980252833923514,1.9613966735908472,0.5933594619185231,2.491384745310875,,,,,
repetitions/pilot/d020_n2_M004_box_factor_a1p25_rep00.npz,20,2,4,box_factor_a1.25,box_factor,1.25,0,all,0.008802900090813637,0.6185198567121071,1.863920818206802,0.4101305316614881,2.043173568699007,240,0.0,-0.28647417683407544,0.29213671926067414,0.6094735955447071,1.8109283659021813,0.38049049322017237,1.9586825595377353,48,0.0,-0.2575704331205832,0.2577725402307654,0.6185198567121071,1.8762064540770542,0.4175405412718171,2.0632801947263424,192,0.0,-0.29370011276244845,0.3007277640181513,0.6076414642429113,8880,7680,960,1200,960,8640,172800,960,960,1.0,0.496875,1.0,1.0,2.695459969635016,2.4315679518094755,0,6.381914186305328,-1.6324419774337842,1.6324419774337842,1.742203153084242,0.7563836169836183,2.3888255944174026,,,,,
repetitions/pilot/d020_n2_M004_box_factor_a1p25_rep01.npz,20,2,4,box_factor_a1.25,box_factor,1.25,1,all,0.009398899972438812,0.6172394080075412,2.07908423448686,0.4406576840426114,2.284991009969193,240,0.0,-0.2537957088336725,0.27559784940169363,0.5844837392207632,2.4286351466328164,0.46128941869136697,2.638002581040719,48,0.0,-0.1738385016276315,0.24075370014320044,0.6172394080075412,1.9876622392259893,0.43549975038042255,2.1901612693823402,192,0.0,-0.2737850106351827,0.284308886716317,0.5776847420174115,8880,7680,960,1200,960,8640,172800,960,960,1.0,0.484375,1.0,1.0,2.9007482432218903,2.6120504139010197,0,6.55406261208828,-1.6393945033974087,1.6393945033974087,1.8017242570798124,0.8519902419134658,2.491384745310875,,,,,
repetitions/pilot/d020_n2_M004_box_factor_a1p5_rep00.npz,20,2,4,box_factor_a1.5,box_factor,1.5,0,all,0.009970499901100993,0.6099159872056252,2.017239297716089,0.4362796508941645,2.215138651975779,240,0.0,-0.2749513333887728,0.28480341871519776,0.5988011386662425,1.9728729754274994,0.40473476714710244,2.1375336590040566,48,0.0,-0.24759745131883018,0.25130150647194155,0.6099159872056252,2.027566231256309,0.44416587183093004,2.2336797362800027,192,0.0,-0.28178980390625846,0.2931788967760118,0.5965450426224929,8880,7680,960,1200,960,8640,172800,960,960,1.0,0.496875,1.0,1.0,2.695459969635016,2.2180979421904325,0,6.1335048385253,-1.5440517309835122,1.5440517309835122,1.6933381164684815,0.8447738634338904,2.3888255944174026,,,,,
repetitions/pilot/d020_n2_M004_box_factor_a1p5_rep01.npz,20,2,4,box_factor_a1.5,box_factor,1.5,1,all,0.010600100038573146,0.6324768094638273,2.2680290260094007,0.47261212970949723,2.495966915581795,240,0.0,-0.23843716546067562,0.270178055966746,0.5772286020828981,2.684958057856251,0.4992108627848024,2.9185847904705637,48,0.0,-0.1564010376369377,0.2471467445994623,0.6324768094638273,2.157938072334763,0.46596244644067103,2.381400030445214,192,0.0,-0.25894619741661007,0.2759358838085669,0.5654882194307792,8880,7680,960,1200,960,8640,172800,960,960,1.0,0.484375,1.0,1.0,2.9007482432218903,2.3762615527850897,0,6.330695944711983,-1.540106053449989,1.540106053449989,1.759884749915249,0.9512786918608857,2.491384745310875,,,,,
repetitions/pilot/d020_n2_M004_box_factor_a2_rep00.npz,20,2,4,box_factor_a2,box_factor,2.0,0,all,0.009941400028765202,0.6024547623155542,2.268369562538671,0.4775961862172595,2.495832263953695,240,0.0,-0.25765800775848247,0.27777146053964774,0.5869917551175564,2.2434897414682036,0.44300685609833984,2.4354029259932712,48,0.0,-0.23233787659181915,0.2478550079070395,0.6024547623155542,2.2742004096971105,0.4862435187469895,2.510367748865613,192,0.0,-0.2639880405501483,0.28525057369779977,0.5838384352822511,8880,7680,960,1200,960,8640,172800,960,960,1.0,0.496875,1.0,1.0,2.695459969635016,1.907397732863147,0,5.895772478512634,-1.409574847242387,1.409574847242387,1.6505629854662465,0.9792507471750155,2.3888255944174026,,,,,
repetitions/pilot/d020_n2_M004_box_factor_a2_rep01.npz,20,2,4,box_factor_a2,box_factor,2.0,1,all,0.009995900094509125,0.6711508311541884,2.5831125334010774,0.5239558274221138,2.8466968778553148,240,0.0,-0.21459521943563017,0.26641721190544343,0.5760834240574416,3.1156182471213216,0.5622301456505071,3.389220802298161,48,0.0,-0.1275079032640208,0.26168486135793784,0.6711508311541884,2.4405814054188375,0.5143872478650154,2.697692258168084,192,0.0,-0.2363670484785325,0.2676002995423199,0.5550411684250777,8880,7680,960,1200,960,8640,172800,960,960,1.0,0.484375,1.0,1.0,2.9007482432218903,2.027122875001029,0,6.1598348174402,-1.386435744967894,1.386435744967894,1.726537457960258,1.104949000342981,2.491384745310875,,,,,
repetitions/pilot/d020_n2_M004_f_zero_rep00.npz,20,2,4,f_zero,f_zero,0.0,0,all,0.0027287001721560955,0.7420309682383488,1.1724721298675649,0.2780347364273509,1.2465731829330966,240,0.0,-0.3873933217639421,0.38760297723194165,0.7619420844977849,1.1631675682509932,0.27225763393825075,1.2276903506478956,48,0.0,-0.3361464473215272,0.33632022552199414,0.7420309682383488,1.1746568473880652,0.2794790120496259,1.2511409560798752,192,0.0,-0.4002050403745458,0.40042366515942857,0.7658765606314425,4080,3840,0,240,0,3840,76800,0,0,0.0,0.0,0.0,0.0,0.0,0.0,0,,,,,,,,,,,
repetitions/pilot/d020_n2_M004_f_zero_rep01.npz,20,2,4,f_zero,f_zero,0.0,1,all,0.003215600037947297,0.7310101576171354,1.169361784655033,0.2763981999888667,1.2428974308576912,240,0.0,-0.38692265501268086,0.3870916205168269,0.7625890252830003,1.1287808443304415,0.25881247108692634,1.19011732710419,48,0.0,-0.3215349110795762,0.3217192814054827,0.7310101576171354,1.1787333874136847,0.2807946322143518,1.2554489559994175,192,0.0,-0.403269590995957,0.4034347052946628,0.7687716968239677,4080,3840,0,240,0,3840,76800,0,0,0.0,0.0,0.0,0.0,0.0,0.0,0,,,,,,,,,,,
repetitions/pilot/d020_n2_M004_raw_rep00.npz,20,2,4,raw,raw,1.0,0,all,0.009582600090652704,0.6558542461532104,2.027565775041732,0.41323996606579383,2.222568554072763,240,0.0,-0.3037417993535536,0.32110317506110714,0.662799723714165,2.1519094653907374,0.4074136801643765,2.3320255509066867,48,0.0,-0.2537143325949674,0.275617418414084,0.6558542461532104,1.9970976008474413,0.41469653754114816,2.19501085125287,192,0.0,-0.31624866604320007,0.332474614222863,0.6641851711007281,8880,7680,960,1200,960,8640,172800,960,960,1.0,0.496875,1.0,0.0,2.695459969635016,2.695459969635016,0,7.925446377551935,-1.7398877064049914,1.7398877064049914,1.962142673489698,0.6489378880124118,2.3888255944174026,,,,,
repetitions/pilot/d020_n2_M004_raw_rep01.npz,20,2,4,raw,raw,1.0,1,all,0.008568400051444769,0.731246680014078,2.397724223554651,0.4652391722262172,2.635899227687756,240,0.0,-0.2600340156693722,0.309962369209796,0.6616310338465241,3.0516441389745173,0.5244163219900579,3.316656575326158,48,0.0,-0.1535058585357539,0.283806352523805,0.731246680014078,2.2154604436738268,0.4504448847852569,2.440990049578365,192,0.0,-0.2866660549527767,0.31650137338129375,0.6467543122804148,8880,7680,960,1200,960,8640,172800,960,960,1.0,0.484375,1.0,0.0,2.9007482432218903,2.9007482432218903,0,8.189375154456174,-1.6761753726732294,1.6761753726732294,2.027444888238792,0.8152093726376451,2.491384745310875,,,,,
repetitions/pilot/d020_n2_M004_sample_ball_rep00.npz,20,2,4,sample_ball,sample_ball,1.0,0,all,0.009504100074991584,0.6763309894935312,1.401611247607943,0.32460430265408163,1.5167158231935713,240,0.0,-0.3415426059450847,0.34253635755408174,0.6901767423272418,1.4195804395177243,0.3161948084460241,1.521419897112709,48,0.0,-0.2940709192360698,0.29425923145524663,0.6763309894935312,1.3973376201591656,0.32670667620609606,1.5155649007148095,192,0.0,-0.35341052762233843,0.35460563907879045,0.6929227282765437,8880,7680,960,1200,960,8640,172800,960,960,1.0,0.496875,0.496875,0.496875,2.695459969635016,1.10151198696627,0,8.547943150847718,-2.0400122100878813,2.0400122100878813,2.075030857107416,0.348813384329521,2.3888255944174026,,,,,
repetitions/pilot/d020_n2_M004_sample_ball_rep01.npz,20,2,4,sample_ball,sample_ball,1.0,1,all,0.009694800013676286,0.6454488900669245,1.5031724675778606,0.3380486563367525,1.6337819060870802,240,0.0,-0.3203440407965952,0.3246862895253207,0.6666280838445132,1.666752121882661,0.3451427805243778,1.7978019857643217,48,0.0,-0.24367356122140568,0.26333385915802426,0.6454488900669245,1.4619083883807253,0.3362751252898461,1.591162879654104,192,0.0,-0.3395116606903925,0.34002439711714477,0.670798906390137,8880,7680,960,1200,960,8640,172800,960,960,1.0,0.484375,0.484375,0.484375,2.9007482432218903,1.307616040745804,0,8.57430344717293,-2.0695129276830326,2.0695129276830326,2.1189023997463483,0.42187181762784215,2.491384745310875,,,,,
repetitions/pilot/d020_n2_M004_sample_box_rep00.npz,20,2,4,sample_box,sample_box,1.0,0,all,0.009721199981868267,0.6309596349706322,1.6959673996196172,0.3802300609494014,1.8540321128470119,240,0.0,-0.3003407924258435,0.3039231222721503,0.6247986354189434,1.64452307459954,0.35463847569444074,1.7742291962722208,48,0.0,-0.268912839446096,0.2691107969283024,0.6309596349706322,1.7078800420537823,0.38662795726314153,1.8730030158901803,192,0.0,-0.3081977806707804,0.3126262036081123,0.623554571195151,8880,7680,960,1200,960,8640,172800,960,960,1.0,0.496875,1.0,1.0,2.695459969635016,2.695459969635016,0,6.759562667851008,-1.7376259530989764,1.7376259530989764,1.8112788797735526,0.6511996413184264,2.3888255944174026,,,,,
repetitions/pilot/d020_n2_M004_sample_box_rep01.npz,20,2,4,sample_box,sample_box,1.0,1,all,0.007515799952670932,0.6067668734114117,1.8665672880427995,0.4043628373517052,2.0469262741883143,240,0.0,-0.2721158884890897,0.28499671806520877,0.59755281115275,2.1250797737195373,0.41680852860986,2.305091465923832,48,0.0,-0.1956232789302488,0.23653478373581435,0.6067668734114117,1.800164705199722,0.40125141453716656,1.978773884646322,192,0.0,-0.29123904087879987,0.2971122016475574,0.595686050681563,8880,7680,960,1200,960,8640,172800,960,960,1.0,0.484375,1.0,1.0,2.9007482432218903,2.9007482432218903,0,6.906658629333207,-1.7572059614944944,1.7572059614944944,1.8655460891836568,0.7341787838163802,2.491384745310875,,,,,
repetitions/pilot/d020_n2_M004_shrink_c0p1_rep00.npz,20,2,4,shrink_c0.1,shrink,0.1,0,all,0.008046400034800172,0.7265115270817809,1.178714854384706,0.28037945155132443,1.2557292486383824,240,0.0,-0.37902816952290325,0.3792811755179917,0.7475008838101623,1.1661963629873582,0.2727743216667084,1.2328897648273134,48,0.0,-0.32790323584887127,0.3280797166836685,0.7265115270817809,1.1816493256850993,0.28228073402247855,1.261243674784909,192,0.0,-0.39180940294141126,0.3920815402265725,0.7516435491475314,8880,7680,960,1200,960,8640,172800,960,960,1.0,0.496875,1.0,1.0,2.695459969635016,3.663358573298765,0,10.072342748154249,-2.3239318056161617,2.3239318056161617,2.3244159675938403,0.06489378880124118,2.3888255944174026,,,,,
repetitions/pilot/d020_n2_M004_shrink_c0p1_rep01.npz,20,2,4,shrink_c0.1,shrink,0.1,1,all,0.008790399879217148,0.701925693440211,1.1732618779746118,0.2764761621313336,1.250318922692698,240,0.0,-0.37423379107835003,0.37441048360187235,0.7410673540253193,1.1434241339537843,0.26032892895477344,1.2099842716208464,48,0.0,-0.304732005825194,0.3049181316869057,0.701925693440211,1.1801922715826894,0.2805129704254737,1.2599722494077414,192,0.0,-0.3916092373916391,0.3917835715806141,0.748677877662457,8880,7680,960,1200,960,8640,172800,960,960,1.0,0.484375,1.0,1.0,2.9007482432218903,3.9427976340589237,0,10.33773392065126,-2.4098638080471106,2.4098638080471106,2.409863990776716,0.08152093726376455,2.491384745310875,,,,,
repetitions/pilot/d020_n2_M004_shrink_c0p25_rep00.npz,20,2,4,shrink_c0.25,shrink,0.25,0,all,0.007327500032261014,0.7057686672482304,1.2325921905335242,0.291992663450823,1.3201341686995656,240,0.0,-0.366480441161345,0.36679847294706686,0.7275007747740967,1.2264706277915618,0.2823750298417003,1.3029480141184058,48,0.0,-0.3155384186398873,0.3157189534261801,0.7057686672482304,1.2340321802562197,0.29439707185310365,1.3242970354256562,192,0.0,-0.3792159467917094,0.37956835282728857,0.7317853944548761,8880,7680,960,1200,960,8640,172800,960,960,1.0,0.496875,1.0,1.0,2.695459969635016,2.5439990092352534,0,9.43175421596373,-2.2265911224142996,2.2265911224142996,2.2293327820153808,0.16223447200310295,2.3888255944174026,,,,,
repetitions/pilot/d020_n2_M004_shrink_c0p25_rep01.npz,20,2,4,shrink_c0.25,shrink,0.25,1,all,0.009614900220185518,0.6690029178450033,1.2526017027160756,0.29197885773816024,1.3447954696194335,240,0.0,-0.35520049517685365,0.3557307621402005,0.7128336121025822,1.2955295282254493,0.2893065366777698,1.3838513273011843,48,0.0,-0.2795276479436206,0.2813935150501875,0.6690029178450033,1.2422563495235508,0.29264693800325786,1.3350847303913593,192,0.0,-0.374118706985162,0.3743150739127037,0.7213110596885397,8880,7680,960,1200,960,8640,172800,960,960,1.0,0.484375,1.0,1.0,2.9007482432218903,2.73805391254092,0,9.560889335135567,-2.2875824021514632,2.2875824021514632,2.288728249461435,0.2038023431594113,2.491384745310875,,,,,
repetitions/pilot/d020_n2_M004_shrink_c0p5_rep00.npz,20,2,4,shrink_c0.5,shrink,0.5,0,all,0.008564600022509694,0.678624861033659,1.4225105946580199,0.32389180298759246,1.539481009045688,240,0.0,-0.3455675605587478,0.34703705009383906,0.6990106427115843,1.4494642446106818,0.3151628610291091,1.5544592092225384,48,0.0,-0.2949303899582474,0.2951176813303661,0.678624861033659,1.4160759204710125,0.32607403847721333,1.5358012385219812,192,0.0,-0.358226853208873,0.3600168922847073,0.7030315464040939,8880,7680,960,1200,960,8640,172800,960,960,1.0,0.496875,1.0,1.0,2.695459969635016,1.1306662263267795,0,8.615459969355946,-2.064356650411197,2.064356650411197,2.087554796486773,0.3244689440062059,2.3888255944174026,,,,,
repetitions/pilot/d020_n2_M004_shrink_c0p5_rep01.npz,20,2,4,shrink_c0.5,shrink,0.5,1,all,0.007779299980029464,0.6470591662919178,1.538340486106356,0.3392103496881609,1.6723925729574074,240,0.0,-0.3234783353410265,0.3321777824634668,0.678009787152603,1.7756345079711613,0.3591865857237601,1.917960246825577,48,0.0,-0.2375203848076651,0.2642632311013553,0.6470591662919178,1.4768002846878583,0.3342162906792611,1.606735099374601,192,0.0,-0.34496782297436684,0.3491564203039947,0.6840539127842359,8880,7680,960,1200,960,8640,172800,960,960,1.0,0.484375,1.0,1.0,2.9007482432218903,1.2169128500181863,0,8.638401506964831,-2.083780058992052,2.083780058992052,2.132150600709253,0.4076046863188226,2.491384745310875,,,,,
repetitions/pilot/d020_n2_M004_shrink_c0p75_rep00.npz,20,2,4,shrink_c0.75,shrink,0.75,0,all,0.009219800122082233,0.6617226222939416,1.6992497010640992,0.36577093790366,1.8535607251829285,240,0.0,-0.3246546799561507,0.33094874730481816,0.6772231863354082,1.7728812646477732,0.3582510227301,1.9139575005728153,48,0.0,-0.27432236127660736,0.27988019147745097,0.6617226222939416,1.6814058049755234,0.36765091669705,1.8385108404918025,192,0.0,-0.3372377596260365,0.3437158862616599,0.680292129331368,8880,7680,960,1200,960,8640,172800,960,960,1.0,0.496875,1.0,1.0,2.695459969635016,0.28266655658169487,0,8.113357356552015,-1.9021221784080937,1.9021221784080937,1.9981328609660414,0.4867034160093088,2.3888255944174026,,,,,
repetitions/pilot/d020_n2_M004_shrink_c0p75_rep01.npz,20,2,4,shrink_c0.75,shrink,0.75,1,all,0.009218599880114198,0.6691321486307614,1.939032815620145,0.39911620273857334,2.1236902346046334,240,0.0,-0.29175617550519933,0.3174050691055785,0.6604835806260337,2.386962428843224,0.4391860539979584,2.5897799692760692,48,0.0,-0.1955131216717095,0.2677083875767801,0.6691321486307614,1.8173131616128861,0.38909873992372707,1.9933869187476998,192,0.0,-0.3158169389635718,0.32982923948777815,0.6587338264707976,8880,7680,960,1200,960,8640,172800,960,960,1.0,0.484375,1.0,1.0,2.9007482432218903,0.30422821250454657,0,8.181230113405034,-1.8799777158326407,1.8799777158326407,2.0503287946767554,0.611407029478234,2.491384745310875,,,,,
repetitions/pilot/d020_n2_M004_z_only_box_rep00.npz,20,2,4,z_only_box,z_only_box,1.0,0,all,0.008964600041508675,0.6309596349706322,1.6959673996196172,0.3802300609494014,1.8540321128470119,240,0.0,-0.3003407924258435,0.3039231222721503,0.6247986354189434,1.64452307459954,0.35463847569444074,1.7742291962722208,48,0.0,-0.268912839446096,0.2691107969283024,0.6309596349706322,1.7078800420537823,0.38662795726314153,1.8730030158901803,192,0.0,-0.3081977806707804,0.3126262036081123,0.623554571195151,8880,7680,960,1200,960,8640,172800,960,960,1.0,0.496875,1.0,1.0,2.695459969635016,2.695459969635016,0,6.759562667851008,-1.7376259530989764,1.7376259530989764,1.8112788797735526,0.6511996413184264,2.3888255944174026,,,,,
repetitions/pilot/d020_n2_M004_z_only_box_rep01.npz,20,2,4,z_only_box,z_only_box,1.0,1,all,0.00990900001488626,0.6067668734114117,1.8665672880427995,0.4043628373517052,2.0469262741883143,240,0.0,-0.2721158884890897,0.28499671806520877,0.59755281115275,2.1250797737195373,0.41680852860986,2.305091465923832,48,0.0,-0.1956232789302488,0.23653478373581435,0.6067668734114117,1.800164705199722,0.40125141453716656,1.978773884646322,192,0.0,-0.29123904087879987,0.2971122016475574,0.595686050681563,8880,7680,960,1200,960,8640,172800,960,960,1.0,0.484375,1.0,1.0,2.9007482432218903,2.9007482432218903,0,6.906658629333207,-1.7572059614944944,1.7572059614944944,1.8655460891836568,0.7341787838163802,2.491384745310875,,,,,
repetitions/pilot/d020_n2_M004_z_zero_rep00.npz,20,2,4,z_zero,z_zero,0.0,0,all,0.00866729998961091,0.7420309682383488,1.1724721298675649,0.2780347364273509,1.2465731829330966,240,0.0,-0.3873933217639421,0.38760297723194165,0.7619420844977849,1.1631675682509932,0.27225763393825075,1.2276903506478956,48,0.0,-0.3361464473215272,0.33632022552199414,0.7420309682383488,1.1746568473880652,0.2794790120496259,1.2511409560798752,192,0.0,-0.4002050403745458,0.40042366515942857,0.7658765606314425,8880,7680,960,1200,960,8640,172800,960,960,1.0,0.496875,1.0,1.0,2.695459969635016,4.522664905307118,0,10.562240096375364,-2.3888255944174026,2.3888255944174026,2.3888255944174026,0.0,2.3888255944174026,,,,,
repetitions/pilot/d020_n2_M004_z_zero_rep01.npz,20,2,4,z_zero,z_zero,0.0,1,all,0.008711300091817975,0.7310101576171354,1.169361784655033,0.2763981999888667,1.2428974308576912,240,0.0,-0.38692265501268086,0.3870916205168269,0.7625890252830003,1.1287808443304415,0.25881247108692634,1.19011732710419,48,0.0,-0.3215349110795762,0.3217192814054827,0.7310101576171354,1.1787333874136847,0.2807946322143518,1.2554489559994175,192,0.0,-0.403269590995957,0.4034347052946628,0.7687716968239677,8880,7680,960,1200,960,8640,172800,960,960,1.0,0.484375,1.0,1.0,2.9007482432218903,4.867651400072745,0,10.948693597917242,-2.491384745310875,2.491384745310875,2.491384745310875,0.0,2.491384745310875,,,,,
repetitions/pilot/d020_n2_M008_batch_box_rep00.npz,20,2,8,batch_box,batch_box,1.0,0,all,0.025896299863234162,0.6425712323439278,0.8844018546531931,0.21331188880664292,0.9246541836941405,240,0.0,-0.34181575400592706,0.3420564826039332,0.6779108658353211,0.8889791360134965,0.21195385152054916,0.9288932195627959,48,0.0,-0.29033610081478706,0.29033610081478706,0.6425712323439278,0.8833183604014161,0.21365139812816636,0.923616083001662,192,0.0,-0.35468566730371204,0.35498657805121975,0.6847850106203328,32880,30720,1920,2160,1920,32640,652800,1920,1920,1.0,0.4010416666666667,1.0,1.0,1.2259604863721394,1.2259604863721394,0,9.18239123771045,-2.241048530569786,2.241048530569786,2.2475866217328386,0.2768516222563205,2.5179001528261065,0.38241504105934454,0.3085,0.2005,0.6935,0.9375
repetitions/pilot/d020_n2_M008_batch_box_rep01.npz,20,2,8,batch_box,batch_box,1.0,1,all,0.024568199878558517,0.6801564338614546,0.8988541424246249,0.2160607276961458,0.9391074895064567,240,0.0,-0.3497875493630303,0.3498292597586455,0.6929446833509023,0.8975666184500749,0.21340078330313664,0.9335822172734286,48,0.0,-0.3002835204750185,0.3004920724530944,0.6801564338614546,0.8991576722215309,0.21672571379439806,0.9404517939831227,192,0.0,-0.36216355658503324,0.36216355658503324,0.6954833945050339,32880,30720,1920,2160,1920,32640,652800,1920,1920,1.0,0.384375,1.0,1.0,1.2568622294592722,1.2568622294592722,0,9.01563385176991,-2.1878705939440324,2.1878705939440324,2.192944098782212,0.26445591324831547,2.452326507192348,0.37359261020033685,0.2915,0.1905,0.6765,0.9458333333333333
repetitions/pilot/d020_n2_M008_box_factor_a0p25_rep00.npz,20,2,8,box_factor_a0.25,box_factor,0.25,0,all,0.025027800118550658,0.6579554860142254,0.8712769419712911,0.21115089832816006,0.9067359823251389,240,0.0,-0.35030812521160243,0.3505371223042692,0.692685051181904,0.8802454687948492,0.21125511635426478,0.9168277534921361,48,0.0,-0.2975258606210367,0.2975258606210367,0.6579554860142254,0.8691472726478643,0.21112484382163385,0.9042545277138073,192,0.0,-0.36350369135924393,0.3637899377250773,0.6994487026508951,32880,30720,1920,2160,1920,32640,652800,1920,1920,1.0,0.4010416666666667,1.0,1.0,1.2259604863721394,2.1094760258695344,0,9.56370040899787,-2.2902813980723313,2.2902813980723313,2.29443628335754,0.2276187547537748,2.5179001528261065,,,,,
repetitions/pilot/d020_n2_M008_box_factor_a0p25_rep01.npz,20,2,8,box_factor_a0.25,box_factor,0.25,1,all,0.024297500029206276,0.6841699724256375,0.8868331476259357,0.21415281869727296,0.9234341431974635,240,0.0,-0.3556873599984968,0.3557312898537071,0.7020946156754089,0.8985633744840337,0.21466402566543666,0.9341613708362762,48,0.0,-0.304043202042416,0.30426285131846753,0.6841699724256375,0.8840426382991079,0.21402501695523207,0.9207956390065296,192,0.0,-0.36859839948751705,0.36859839948751705,0.7056378476155913,32880,30720,1920,2160,1920,32640,652800,1920,1920,1.0,0.384375,1.0,1.0,1.2568622294592722,2.151246709579918,0,9.326355535008206,-2.229899390478168,2.229899390478168,2.234582572241769,0.22242711671417997,2.452326507192348,,,,,
repetitions/pilot/d020_n2_M008_box_factor_a0p5_rep00.npz,20,2,8,box_factor_a0.5,box_factor,0.5,0,all,0.025459700031206012,0.605496245391899,0.9498620940512937,0.2283457211276062,1.0059299865632458,240,0.0,-0.3229952501799387,0.3232900922295426,0.64531535592638,0.9559660249723506,0.2270686567177123,1.009498880026088,48,0.0,-0.2718680553995471,0.2718680553995471,0.605496245391899,0.9484161084719178,0.22866498723007964,1.005056560671179,192,0.0,-0.3357770488750366,0.3361456014370415,0.6530158927734027,32880,30720,1920,2160,1920,32640,652800,1920,1920,1.0,0.4010416666666667,1.0,1.0,1.2259604863721394,1.7294740456520177,0,8.404478677561693,-2.0983220585964237,2.0983220585964237,2.118352984642671,0.4195780942296827,2.5179001528261065,,,,,
repetitions/pilot/d020_n2_M008_box_factor_a0p5_rep01.npz,20,2,8,box_factor_a0.5,box_factor,0.5,1,all,0.024057900067418814,0.6516011507320536,0.9605249985937148,0.23067191318056293,1.0162708335740045,240,0.0,-0.3303382600666912,0.33040234072945096,0.6590944217758133,0.967886823296634,0.2251108251300905,1.0174909402285592,48,0.0,-0.28576745721411934,0.2860748142457447,0.6516011507320536,0.9587796916565005,0.23206218519318103,1.01597266882199,192,0.0,-0.34148096077983414,0.3414842223503775,0.6605883398738976,32880,30720,1920,2160,1920,32640,652800,1920,1920,1.0,0.384375,1.0,1.0,1.2568622294592722,1.7687412898795776,0,8.17788633384641,-2.0411996259230425,2.0411996259230425,2.061855591138963,0.4111268812693055,2.452326507192348,,,,,
repetitions/pilot/d020_n2_M008_box_factor_a0p75_rep00.npz,20,2,8,box_factor_a0.75,box_factor,0.75,0,all,0.022831900045275688,0.5680716189811139,1.0580267169249282,0.2500565557799608,1.1349710495133019,240,0.0,-0.30103731575970516,0.3016000464107472,0.6098110100980116,1.0515140646178929,0.24479136672196236,1.1208130867541992,48,0.0,-0.25146555172781593,0.25146555172781593,0.5680716189811139,1.0595575773414967,0.25137285304446033,1.1384015844384443,192,0.0,-0.31343025676767744,0.31413367008148013,0.6178498388705129,32880,30720,1920,2160,1920,32640,652800,1920,1920,1.0,0.4010416666666667,1.0,1.0,1.2259604863721394,1.442123512009638,0,7.594868342578686,-1.9404565786204597,1.9404565786204597,1.9858892191583948,0.577443574205647,2.5179001528261065,,,,,
repetitions/pilot/d020_n2_M008_box_factor_a0p75_rep01.npz,20,2,8,box_factor_a0.75,box_factor,0.75,1,all,0.021555500105023384,0.6282789721668283,1.0638732789452634,0.25276748684030004,1.139621318295475,240,0.0,-0.30970000655373836,0.3098138132566505,0.6263986849668334,1.053679098605671,0.2397523330548492,1.1170529627385841,48,0.0,-0.271343482267934,0.27172356969233397,0.6282789721668283,1.0662644424453454,0.2560212752866628,1.1450647956644264,192,0.0,-0.31928913762518946,0.31933637414772975,0.6260205649420976,32880,30720,1920,2160,1920,32640,652800,1920,1920,1.0,0.384375,1.0,1.0,1.2568622294592722,1.477479605729412,0,7.367925782293137,-1.8832901976369956,1.8832901976369956,1.9305137313580796,0.5690363095553523,2.452326507192348,,,,,
repetitions/pilot/d020_n2_M008_box_factor_a1p25_rep00.npz,20,2,8,box_factor_a1.25,box_factor,1.25,0,all,0.0241888000164181,0.5232128662947059,1.2631082325289755,0.2893735090324438,1.3724242376794789,240,0.0,-0.2699948873267669,0.27383284820873083,0.5648608503151261,1.229327948259868,0.27557142327472256,1.3225642282919545,48,0.0,-0.2228045714602952,0.22789940415552157,0.5232128662947059,1.2709479711999772,0.29282403047187416,1.3843269480449079,192,0.0,-0.2817924662933848,0.28531620922203316,0.5728562664028193,32880,30720,1920,2160,1920,32640,652800,1920,1920,1.0,0.4010416666666667,1.0,1.0,1.2259604863721394,1.064537507430324,0,6.684349819513157,-1.7107249149735417,1.7107249149735417,1.817855078532643,0.8071752378525652,2.5179001528261065,,,,,
repetitions/pilot/d020_n2_M008_box_factor_a1p25_rep01.npz,20,2,8,box_factor_a1.25,box_factor,1.25,1,all,0.01927420007996261,0.6012122976014169,1.2689255805519515,0.29324989801551443,1.3770236480681624,240,0.0,-0.2806860719329475,0.282059296516821,0.5856872688530574,1.227784769110862,0.26825028744429413,1.3144552869322677,48,0.0,-0.25130190751642145,0.25251852313688533,0.6012122976014169,1.2784399547570495,0.2994998006583195,1.391875234184985,192,0.0,-0.28803211303707893,0.289444489861805,0.582520989930136,32880,30720,1920,2160,1920,32640,652800,1920,1920,1.0,0.384375,1.0,1.0,1.2568622294592722,1.0905918284216185,0,6.467852907982778,-1.6500905930140441,1.6500905930140441,1.7682738697564189,0.8022359141783034,2.452326507192348,,,,,
repetitions/pilot/d020_n2_M008_box_factor_a1p5_rep00.npz,20,2,8,box_factor_a1.5,box_factor,1.5,0,all,0.024517799960449338,0.5101378592050836,1.345389151179868,0.30481071854684333,1.4663170336827231,240,0.0,-0.2593081801144787,0.26495036960880136,0.5511206756954689,1.3012700620432434,0.28743476429153103,1.4031513867025536,48,0.0,-0.21272549439961108,0.22056441316912925,0.5101378592050836,1.3555899415351185,0.3091547071106714,1.481332565266555,192,0.0,-0.27095385154319557,0.2760468587187194,0.558985365340749,32880,30720,1920,2160,1920,32640,652800,1920,1920,1.0,0.4010416666666667,1.0,1.0,1.2259604863721394,0.9449418735799473,0,6.45728333832656,-1.6300398967209504,1.6300398967209504,1.7718760725541272,0.8878602561051561,2.5179001528261065,,,,,
repetitions/pilot/d020_n2_M008_box_factor_a1p5_rep01.npz,20,2,8,box_factor_a1.5,box_factor,1.5,1,all,0.022084200056269765,0.594304559061428,1.3549732873985012,0.30927885389346776,1.475152431532695,240,0.0,-0.27077386194468384,0.2741548805763817,0.5737023207581295,1.3021329921679528,0.27988514379867446,1.3977266314243515,48,0.0,-0.2445926443658589,0.24798960807761383,0.594304559061428,1.3671434923195376,0.3166272814171662,1.493449656455933,192,0.0,-0.27731916633939013,0.2806961987010737,0.569476913850026,32880,30720,1920,2160,1920,32640,652800,1920,1920,1.0,0.384375,1.0,1.0,1.2568622294592722,0.9658648097170058,0,6.253185735409923,-1.567460673296217,1.567460673296217,1.7240766674324575,0.8848658338961309,2.452326507192348,,,,,
repetitions/pilot/d020_n2_M008_box_factor_a2_rep00.npz,20,2,8,box_factor_a2,box_factor,2.0,0,all,0.022580499993637204,0.49595183970579393,1.466281312143419,0.32716283976362726,1.6033119836100058,240,0.0,-0.24526991791458402,0.2544702919515604,0.5352580717205064,1.4064212961570373,0.3044102586921879,1.5202093826265566,48,0.0,-0.19979514483755012,0.21106039225981657,0.49595183970579393,1.4800526460410357,0.33285098503148713,1.6229588119230225,192,0.0,-0.2566386111838425,0.26532276687449635,0.5428052960811988,32880,30720,1920,2160,1920,32640,652800,1920,1920,1.0,0.4010416666666667,1.0,1.0,1.2259604863721394,0.7925890273676541,0,6.262593716947196,-1.5196955842145565,1.5196955842145565,1.7353172080281865,0.9982045686115498,2.5179001528261065,,,,,
repetitions/pilot/d020_n2_M008_box_factor_a2_rep01.npz,20,2,8,box_factor_a2,box_factor,2.0,1,all,0.02202580007724464,0.5870731105959869,1.4846518044824086,0.3328055492255752,1.6220272476742235,240,0.0,-0.25753646125135654,0.2647585315091292,0.559868011598062,1.4163636683813872,0.29718799509234695,1.5249667570810375,48,0.0,-0.23582136930160782,0.24304293968676552,0.5870731105959869,1.5003116246991361,0.3417099377588824,1.6448589639475244,192,0.0,-0.26296523423879375,0.27018742946472013,0.5542460895228559,32880,30720,1920,2160,1920,32640,652800,1920,1920,1.0,0.384375,1.0,1.0,1.2568622294592722,0.8039541235547747,0,6.069412608665449,-1.4514026048617519,1.4514026048617519,1.6908649865917234,1.000923902330596,2.452326507192348,,,,,
repetitions/pilot/d020_n2_M008_f_zero_rep00.npz,20,2,8,f_zero,f_zero,0.0,0,all,0.007581999991089106,0.7277974701391889,0.8703774841040208,0.21152874834284963,0.8945910256139724,240,0.0,-0.3836296611274879,0.38378027393651565,0.7538077642385819,0.864326031756005,0.20684610903419584,0.8881737008551376,48,0.0,-0.3291414430612158,0.3291414430612158,0.7277974701391889,0.8717992338299791,0.2126994081700131,0.8961511138650795,192,0.0,-0.397251715644056,0.3974399816553406,0.7589215156378877,15600,15360,0,240,0,15360,307200,0,0,0.0,0.0,0.0,0.0,0.0,0.0,0,,,,,,,,,,,
repetitions/pilot/d020_n2_M008_f_zero_rep01.npz,20,2,8,f_zero,f_zero,0.0,1,all,0.008620699867606163,0.7299534514675462,0.8829971397666245,0.2139355000161827,0.9089379844544265,240,0.0,-0.386528937288279,0.38655362506220714,0.7574614658664741,0.8794035941094932,0.21227062335511865,0.9053145085432344,48,0.0,-0.32730998657579324,0.32743342544543425,0.7299534514675462,0.8838429269021096,0.2143517191814487,0.9098206216286229,192,0.0,-0.40133367496640043,0.40133367496640043,0.7628637563554208,15600,15360,0,240,0,15360,307200,0,0,0.0,0.0,0.0,0.0,0.0,0.0,0,,,,,,,,,,,
repetitions/pilot/d020_n2_M008_raw_rep00.npz,20,2,8,raw,raw,1.0,0,all,0.023011400131508708,0.5654135113552602,1.2499813222544687,0.2847153469721873,1.3531507946719399,240,0.0,-0.2899035335473677,0.29458344681109416,0.610454496061408,1.213339164049459,0.2718490300730824,1.3014526400860686,48,0.0,-0.24010060784558104,0.24283632905190666,0.5654135113552602,1.2584716895091084,0.28793192619696356,1.3654778394931375,192,0.0,-0.3023542649728144,0.307520226250891,0.6191010164080804,32880,30720,1920,2160,1920,32640,652800,1920,1920,1.0,0.4010416666666667,1.0,0.0,1.2259604863721394,1.2259604863721394,0,7.758822404433196,-1.7776727371637748,1.7776727371637748,1.9674750515479684,0.7402274156623317,2.5179001528261065,,,,,
repetitions/pilot/d020_n2_M008_raw_rep01.npz,20,2,8,raw,raw,1.0,1,all,0.023878399981185794,0.6338906759991227,1.312145039982841,0.295403081370724,1.4213981325350666,240,0.0,-0.2985563464690351,0.3034628992489897,0.6313840293719701,1.3302692681939756,0.2832244862475021,1.4256921987404865,48,0.0,-0.26129224942610835,0.26382203928981535,0.6338906759991227,1.3078319010507762,0.2984477301515295,1.4203475771853875,192,0.0,-0.3078723707297668,0.3133731142387833,0.6308796574411878,32880,30720,1920,2160,1920,32640,652800,1920,1920,1.0,0.384375,1.0,0.0,1.2568622294592722,1.2568622294592722,0,7.449179515453142,-1.6887648655772947,1.6887648655772947,1.8973080470037982,0.763561641615053,2.452326507192348,,,,,
repetitions/pilot/d020_n2_M008_sample_ball_rep00.npz,20,2,8,sample_ball,sample_ball,1.0,0,all,0.02132930001243949,0.6010176318045641,1.027836170995265,0.24402205404759533,1.096363380243021,240,0.0,-0.31578641217800413,0.3165439257610601,0.6415286774065863,1.012307457900653,0.23852120862531354,1.073472734635455,48,0.0,-0.265486251593649,0.2655373863764677,0.6010176318045641,1.0314661706065302,0.24539726540316575,1.101880891070442,192,0.0,-0.3283614523240929,0.32929556060720816,0.6493561507564171,32880,30720,1920,2160,1920,32640,652800,1920,1920,1.0,0.4010416666666667,0.4010416666666667,0.4010416666666667,1.2259604863721394,0.3275613635171728,0,8.196582793690622,-2.0110184899734174,2.0110184899734174,2.0585575357829446,0.5068816628526892,2.5179001528261065,,,,,
repetitions/pilot/d020_n2_M008_sample_ball_rep01.npz,20,2,8,sample_ball,sample_ball,1.0,1,all,0.021581799956038594,0.6530667309942415,1.0501172935255076,0.24962680407074497,1.1199295500714288,240,0.0,-0.32333094094853804,0.32359793539900167,0.6569514127149619,1.0425782932835401,0.23900695662585403,1.101796895132397,48,0.0,-0.28123498803104696,0.2818342813710368,0.6530667309942415,1.0518882848502635,0.25228176593196766,1.124313003106932,192,0.0,-0.3338549291779107,0.33403884890599295,0.6577284391666572,32880,30720,1920,2160,1920,32640,652800,1920,1920,1.0,0.384375,0.384375,0.384375,1.2568622294592722,0.36866935275045676,0,7.915495145854785,-1.9453076426418794,1.9453076426418794,1.9922762495382385,0.5070188645504681,2.452326507192348,,,,,
repetitions/pilot/d020_n2_M008_sample_box_rep00.npz,20,2,8,sample_box,sample_box,1.0,0,all,0.02178389998152852,0.5415765113644028,1.1662552272955617,0.2709930106950262,1.261047367869362,240,0.0,-0.2836618166700255,0.28532496855204165,0.583783942258367,1.1455985699207965,0.261421738407621,1.2281421499850782,48,0.0,-0.2354055689813274,0.23733067144592646,0.5415765113644028,1.1710761548346538,0.27338582876687756,1.268952994872979,192,0.0,-0.29572587859220006,0.2973235428285705,0.5918938388176073,32880,30720,1920,2160,1920,32640,652800,1920,1920,1.0,0.4010416666666667,1.0,1.0,1.2259604863721394,1.2259604863721394,0,7.046230827916707,-1.8127703582201982,1.8127703582201982,1.8882144462081485,0.7051297946059087,2.5179001528261065,,,,,
repetitions/pilot/d020_n2_M008_sample_box_rep01.npz,20,2,8,sample_box,sample_box,1.0,1,all,0.022514200070872903,0.6120254236173314,1.171131712167063,0.2743820508560975,1.264591306786565,240,0.0,-0.2933564513053773,0.29381803276589397,0.6025321623090152,1.1436696155566697,0.254608181271383,1.219607608691579,48,0.0,-0.260048681015243,0.2607248176368519,0.6120254236173314,1.1775181636386571,0.2793255182522761,1.2753350240911734,192,0.0,-0.3016833938779109,0.3020913365481545,0.6006084495854315,32880,30720,1920,2160,1920,32640,652800,1920,1920,1.0,0.384375,1.0,1.0,1.2568622294592722,1.2568622294592722,0,6.82140722343867,-1.7538772128408906,1.7538772128408906,1.8353579628793326,0.6984492943514571,2.452326507192348,,,,,
repetitions/pilot/d020_n2_M008_shrink_c0p1_rep00.npz,20,2,8,shrink_c0.1,shrink,0.1,0,all,0.024249800015240908,0.7084726275468349,0.8614180038989061,0.20928572417880792,0.8870591155887978,240,0.0,-0.3742570483694759,0.37443411863447856,0.7371709701074031,0.8603836209825569,0.206370397949107,0.886612756715162,48,0.0,-0.3202373595396523,0.3202373595396523,0.7084726275468349,0.861661891386435,0.21001455573623315,0.8871680794261269,192,0.0,-0.3877619705769318,0.3879833084081852,0.7427981197620391,32880,30720,1920,2160,1920,32640,652800,1920,1920,1.0,0.4010416666666667,1.0,1.0,1.2259604863721394,2.115389686645566,0,10.591748217744971,-2.4438774112598733,2.4438774112598733,2.4444488632142494,0.07402274156623316,2.5179001528261065,,,,,
repetitions/pilot/d020_n2_M008_shrink_c0p1_rep01.npz,20,2,8,shrink_c0.1,shrink,0.1,1,all,0.023037899984046817,0.7178475338883922,0.8762953506925709,0.21204799734569924,0.9037543193654214,240,0.0,-0.37773167820635456,0.3777641851136471,0.7425304190482409,0.8784413782189299,0.2117311530474489,0.9060615738390196,48,0.0,-0.3207082128608248,0.32087074739728777,0.7178475338883922,0.8757882164676963,0.2121272084202618,0.9031900073574353,192,0.0,-0.391987544542737,0.391987544542737,0.7473869043494111,32880,30720,1920,2160,1920,32640,652800,1920,1920,1.0,0.384375,1.0,1.0,1.2568622294592722,2.149107584883326,0,10.302734493153594,-2.3759703430308425,2.3759703430308425,2.376036081537193,0.0763561641615053,2.452326507192348,,,,,
repetitions/pilot/d020_n2_M008_shrink_c0p25_rep00.npz,20,2,8,shrink_c0.25,shrink,0.25,0,all,0.02236899989657104,0.6805254827573748,0.8710736700449099,0.21162072974142435,0.9029303456117133,240,0.0,-0.36019812923245786,0.360414885681423,0.7130217599444898,0.8735603509524926,0.20962559286774277,0.9059725408559748,48,0.0,-0.30688123425730707,0.30688123425730707,0.6805254827573748,0.8704858876848077,0.21211951395984474,0.9021859028210123,192,0.0,-0.37352735297624556,0.373798298537452,0.7193680096205284,32880,30720,1920,2160,1920,32640,652800,1920,1920,1.0,0.4010416666666667,1.0,1.0,1.2259604863721394,1.4690206157260872,0,9.830935456947715,-2.332843298910524,2.332843298910524,2.3360029703312177,0.18505685391558294,2.5179001528261065,,,,,
repetitions/pilot/d020_n2_M008_shrink_c0p25_rep01.npz,20,2,8,shrink_c0.25,shrink,0.25,1,all,0.023304900154471397,0.7006130163782639,0.8912756557702677,0.2157375107058676,0.9253923296586819,240,0.0,-0.364535789583468,0.3645800251908072,0.7209664925692897,0.9007429960472733,0.21660789065840483,0.9343208166386122,48,0.0,-0.310805552288372,0.311026730325068,0.7006130163782639,0.8890270820267407,0.2155199157177333,0.9231989333727469,192,0.0,-0.377968348907242,0.377968348907242,0.7249832869132204,32880,30720,1920,2160,1920,32640,652800,1920,1920,1.0,0.384375,1.0,1.0,1.2568622294592722,1.492435822835643,0,9.507861414108083,-2.2614360967885845,2.2614360967885845,2.262622390981612,0.19089041040376326,2.452326507192348,,,,,
repetitions/pilot/d020_n2_M008_shrink_c0p5_rep00.npz,20,2,8,shrink_c0.5,shrink,0.5,0,all,0.0241347998380661,0.6371217083699339,0.9451575812744457,0.2280242280548464,0.9960257222252537,240,0.0,-0.3367665973374278,0.33716317190098294,0.6751760877377568,0.9430336644355924,0.22386718108587905,0.9910862192560167,48,0.0,-0.28462102545339835,0.28462102545339835,0.6371217083699339,0.9456580359942978,0.22906348979708827,0.9972282001873743,192,0.0,-0.3498029903084352,0.3502987085128792,0.6825592933885424,32880,30720,1920,2160,1920,32640,652800,1920,1920,1.0,0.4010416666666667,1.0,1.0,1.2259604863721394,0.6528980514338166,0,8.81949948546662,-2.147786444994941,2.147786444994941,2.169799034825572,0.3701137078311659,2.5179001528261065,,,,,
repetitions/pilot/d020_n2_M008_shrink_c0p5_rep01.npz,20,2,8,shrink_c0.5,shrink,0.5,1,all,0.0236714999191463,0.6745603574353287,0.9778932385484981,0.2346144515847349,1.032204403429131,240,0.0,-0.342542641878657,0.34260642531940727,0.6874765017789736,0.995009869409093,0.2328442707865993,1.0454232216863812,48,0.0,-0.29430111800095077,0.29462003520470176,0.6745603574353287,0.9738106030535638,0.23505699678426886,1.0289506559305084,192,0.0,-0.3546030228480836,0.3546030228480836,0.6900400882459629,32880,30720,1920,2160,1920,32640,652800,1920,1920,1.0,0.384375,1.0,1.0,1.2568622294592722,0.6633048101491748,0,8.466877911487435,-2.070545686384821,2.070545686384821,2.0923248719590366,0.3817808208075265,2.452326507192348,,,,,
repetitions/pilot/d020_n2_M008_shrink_c0p75_rep00.npz,20,2,8,shrink_c0.75,shrink,0.75,0,all,0.023417399963364005,0.5984284195484023,1.077598027661707,0.2536238655402017,1.1535359526397992,240,0.0,-0.31333506544239775,0.31440543768506474,0.640791934501322,1.0609778064025757,0.2454550616531434,1.1283835653416678,48,0.0,-0.2623608166494897,0.2624717816493371,0.5984284195484023,1.0814824202237838,0.2556660665119663,1.1595951271377338,192,0.0,-0.32607862764062484,0.3273888516939967,0.6489625829545995,32880,30720,1920,2160,1920,32640,652800,1920,1920,1.0,0.4010416666666667,1.0,1.0,1.2259604863721394,0.16322451285845416,0,8.128795134628447,-1.962729591079358,1.962729591079358,2.045248255613655,0.5551705617467488,2.5179001528261065,,,,,
repetitions/pilot/d020_n2_M008_shrink_c0p75_rep01.npz,20,2,8,shrink_c0.75,shrink,0.75,1,all,0.02144609997048974,0.6521895986776164,1.1248967166484605,0.2624383425586333,1.205592451695917,240,0.0,-0.32054949417384615,0.3219237583306525,0.657450867779762,1.1443210944540605,0.2560773171679075,1.2163294502270123,48,0.0,-0.27779668371352956,0.279075636401187,0.6521895986776164,1.120264314152058,0.26402859890631475,1.202955987897492,192,0.0,-0.33123769678892523,0.332635788813019,0.6585019225558122,32880,30720,1920,2160,1920,32640,652800,1920,1920,1.0,0.384375,1.0,1.0,1.2568622294592722,0.1658262025372937,0,7.780650611935789,-1.8796552759810583,1.8796552759810583,1.9617218131035743,0.5726712312112897,2.452326507192348,,,,,
repetitions/pilot/d020_n2_M008_z_only_box_rep00.npz,20,2,8,z_only_box,z_only_box,1.0,0,all,0.019910600036382675,0.5415765113644028,1.1662552272955617,0.2709930106950262,1.261047367869362,240,0.0,-0.2836618166700255,0.28532496855204165,0.583783942258367,1.1455985699207965,0.261421738407621,1.2281421499850782,48,0.0,-0.2354055689813274,0.23733067144592646,0.5415765113644028,1.1710761548346538,0.27338582876687756,1.268952994872979,192,0.0,-0.29572587859220006,0.2973235428285705,0.5918938388176073,32880,30720,1920,2160,1920,32640,652800,1920,1920,1.0,0.4010416666666667,1.0,1.0,1.2259604863721394,1.2259604863721394,0,7.046230827916707,-1.8127703582201982,1.8127703582201982,1.8882144462081485,0.7051297946059087,2.5179001528261065,,,,,
repetitions/pilot/d020_n2_M008_z_only_box_rep01.npz,20,2,8,z_only_box,z_only_box,1.0,1,all,0.024603900033980608,0.6120254236173314,1.171131712167063,0.2743820508560975,1.264591306786565,240,0.0,-0.2933564513053773,0.29381803276589397,0.6025321623090152,1.1436696155566697,0.254608181271383,1.219607608691579,48,0.0,-0.260048681015243,0.2607248176368519,0.6120254236173314,1.1775181636386571,0.2793255182522761,1.2753350240911734,192,0.0,-0.3016833938779109,0.3020913365481545,0.6006084495854315,32880,30720,1920,2160,1920,32640,652800,1920,1920,1.0,0.384375,1.0,1.0,1.2568622294592722,1.2568622294592722,0,6.82140722343867,-1.7538772128408906,1.7538772128408906,1.8353579628793326,0.6984492943514571,2.452326507192348,,,,,
repetitions/pilot/d020_n2_M008_z_zero_rep00.npz,20,2,8,z_zero,z_zero,0.0,0,all,0.024272700073197484,0.7277974701391889,0.8703774841040208,0.21152874834284963,0.8945910256139724,240,0.0,-0.3836296611274879,0.38378027393651565,0.7538077642385819,0.864326031756005,0.20684610903419584,0.8881737008551376,48,0.0,-0.3291414430612158,0.3291414430612158,0.7277974701391889,0.8717992338299791,0.2126994081700131,0.8961511138650795,192,0.0,-0.397251715644056,0.3974399816553406,0.7589215156378877,32880,30720,1920,2160,1920,32640,652800,1920,1920,1.0,0.4010416666666667,1.0,1.0,1.2259604863721394,2.6115922057352665,0,11.16310304907173,-2.5179001528261065,2.5179001528261065,2.5179001528261065,0.0,2.5179001528261065,,,,,
repetitions/pilot/d020_n2_M008_z_zero_rep01.npz,20,2,8,z_zero,z_zero,0.0,1,all,0.022669600090011954,0.7299534514675462,0.8829971397666245,0.2139355000161827,0.9089379844544265,240,0.0,-0.386528937288279,0.38655362506220714,0.7574614658664741,0.8794035941094932,0.21227062335511865,0.9053145085432344,48,0.0,-0.32730998657579324,0.32743342544543425,0.7299534514675462,0.8838429269021096,0.2143517191814487,0.9098206216286229,192,0.0,-0.40133367496640043,0.40133367496640043,0.7628637563554208,32880,30720,1920,2160,1920,32640,652800,1920,1920,1.0,0.384375,1.0,1.0,1.2568622294592722,2.653219240596699,0,10.903601119797733,-2.452326507192348,2.452326507192348,2.452326507192348,0.0,2.452326507192348,,,,,
repetitions/pilot/d020_n2_M016_batch_box_rep00.npz,20,2,16,batch_box,batch_box,1.0,0,all,0.05676329997368157,0.6583842193863986,0.7508302987401565,0.18117737583596727,0.7672519178793081,240,0.0,-0.34058102242755767,0.34061966777989805,0.6732780728285079,0.7651014887712231,0.18511860577251268,0.7839563701896296,48,0.0,-0.29337359398218504,0.2935668207438869,0.6583842193863986,0.7474231975565201,0.1801920683518309,0.7631172529696667,192,0.0,-0.3523828795389008,0.3523828795389008,0.6762282582314879,126960,122880,3840,4080,3840,126720,2534400,3840,3840,0.9997395833333333,0.22057291666666667,0.9997395833333333,1.0,0.4980789673079189,0.4980789673079189,0,9.074707830172065,-2.199693305354406,2.199693305354406,2.2063499666065076,0.281579078062046,2.4812723834164516,0.42213466296267227,0.3615,0.2395,0.7145,0.9541666666666667
repetitions/pilot/d020_n2_M016_batch_box_rep01.npz,20,2,16,batch_box,batch_box,1.0,1,all,0.06427390011958778,0.6504855933809265,0.7526215750313702,0.18133901033289926,0.7694211415833861,240,0.0,-0.339144199562622,0.339144199562622,0.6731714721589452,0.7523031371399614,0.17728756489742145,0.7703383328606932,48,0.0,-0.28472186884536116,0.28472186884536116,0.6504855933809265,0.7526966926244107,0.18235187169176867,0.7691970032593315,192,0.0,-0.3527497822419372,0.3527497822419372,0.6776337992429228,126960,122880,3840,4080,3840,126720,2534400,3840,3840,0.9997395833333333,0.21510416666666668,0.9997395833333333,1.0,0.49450599565546693,0.49450599565546693,0,9.050472720523745,-2.198943000229398,2.198943000229398,2.206278767402855,0.28339246269809065,2.4823354629274883,0.42342927699518434,0.3585,0.2445,0.7475,0.9666666666666667
repetitions/pilot/d020_n2_M016_box_factor_a0p25_rep00.npz,20,2,16,box_factor_a0.25,box_factor,0.25,0,all,0.0680075001437217,0.6693304778833098,0.7527036388689848,0.18317259227407232,0.7668037922572946,240,0.0,-0.34799738524274015,0.3480222137840408,0.6867633262808116,0.7684158084511881,0.18722811362437064,0.7860362952139475,48,0.0,-0.2987263798398114,0.2988505225463147,0.6693304778833098,0.7489481999154548,0.18215871193649774,0.7620336051589338,192,0.0,-0.3603151365934724,0.3603151365934724,0.6902096472837421,126960,122880,3840,4080,3840,126720,2534400,3840,3840,0.9997395833333333,0.22057291666666667,0.9997395833333333,0.9997395833333333,0.4980789673079189,1.0965436878821204,0,9.385565900857886,-2.237880938556098,2.237880938556098,2.2437449509723715,0.2433914448603538,2.4812723834164516,,,,,
repetitions/pilot/d020_n2_M016_box_factor_a0p25_rep01.npz,20,2,16,box_factor_a0.25,box_factor,0.25,1,all,0.06547249993309379,0.6579235180868804,0.7556725809462683,0.18325730740984142,0.7706190024378277,240,0.0,-0.3464249729745429,0.3464249729745429,0.6855479933900628,0.7600927193794863,0.18185639105718507,0.7782005198458485,48,0.0,-0.29053601082377006,0.29053601082377006,0.6579235180868804,0.754625848845035,0.1836075364980055,0.7687562865922762,192,0.0,-0.36039721351223614,0.36039721351223614,0.6909601055256992,126960,122880,3840,4080,3840,126720,2534400,3840,3840,0.9997395833333333,0.21510416666666668,0.9997395833333333,0.9997395833333333,0.49450599565546693,1.0925212924203256,0,9.341859019396589,-2.233938013498343,2.233938013498343,2.240560558964918,0.24839744942914627,2.4823354629274883,,,,,
repetitions/pilot/d020_n2_M016_box_factor_a0p5_rep00.npz,20,2,16,box_factor_a0.5,box_factor,0.5,0,all,0.06347559997811913,0.6275451761628518,0.7897104308319243,0.19163759463939387,0.8197671681267247,240,0.0,-0.32100177595793017,0.321097402197413,0.6397870310788123,0.8022552139554924,0.19504961519899097,0.8316499824592526,48,0.0,-0.27774453715626296,0.2782226683536771,0.6275451761628518,0.7867212500802011,0.19078458949949456,0.816839202096444,192,0.0,-0.331816085658347,0.331816085658347,0.6422162777255028,126960,122880,3840,4080,3840,126720,2534400,3840,3840,0.9997395833333333,0.22057291666666667,0.9997395833333333,0.9997395833333333,0.4980789673079189,0.8194206365933692,0,8.227754509917348,-2.0418880920504985,2.0418880920504985,2.0677162603002497,0.43938429136595303,2.4812723834164516,,,,,
repetitions/pilot/d020_n2_M016_box_factor_a0p5_rep01.npz,20,2,16,box_factor_a0.5,box_factor,0.5,1,all,0.05926540005020797,0.6161067449571183,0.7963231053560416,0.19244325362663625,0.8279468758819282,240,0.0,-0.3183378112501574,0.3183378112501574,0.6376279870427972,0.7967397836387987,0.18749624505186524,0.8269594879276726,48,0.0,-0.2662514136873159,0.2662514136873159,0.6161067449571183,0.7962247559422894,0.19368000577032904,0.8281878108115301,192,0.0,-0.33135941064086777,0.33135941064086777,0.6418610961566547,126960,122880,3840,4080,3840,126720,2534400,3840,3840,0.9997395833333333,0.21510416666666668,0.9997395833333333,0.9997395833333333,0.49450599565546693,0.8154030716559534,0,8.159673317050965,-2.0342800564071175,2.0342800564071175,2.0616272834586775,0.4480554065203714,2.4823354629274883,,,,,
repetitions/pilot/d020_n2_M016_box_factor_a0p75_rep00.npz,20,2,16,box_factor_a0.75,box_factor,0.75,0,all,0.06365810008719563,0.5990755098996022,0.8500260989161148,0.204739947149328,0.8958993859118919,240,0.0,-0.30059676999167806,0.3009853235236868,0.6064004451894935,0.8522233561958871,0.2057693235931962,0.8927049073291963,48,0.0,-0.26230642599465487,0.2632352318698869,0.5990755098996022,0.8495068148240252,0.20448260303836097,0.896677728100609,192,0.0,-0.3101693559909338,0.31042284643713675,0.6078601784062737,126960,122880,3840,4080,3840,126720,2534400,3840,3840,0.9997395833333333,0.22057291666666667,0.9997395833333333,0.9997395833333333,0.4980789673079189,0.6282142825193998,0,7.470634258975233,-1.889244972858467,1.889244972858467,1.9439885663037055,0.592027410557985,2.4812723834164516,,,,,
repetitions/pilot/d020_n2_M016_box_factor_a0p75_rep01.npz,20,2,16,box_factor_a0.75,box_factor,0.75,1,all,0.06272240006364882,0.5874286800293517,0.8609870606942202,0.20630173273601604,0.9090680123821633,240,0.0,-0.29695250920021127,0.29695250920021127,0.6035396155867472,0.8555413390244887,0.1992002834789737,0.897961449578354,48,0.0,-0.24830941953055152,0.24830941953055152,0.5874286800293517,0.8622669947865582,0.20807709505027663,0.9117596106859951,192,0.0,-0.30911328161762625,0.30911328161762625,0.6067220885848424,126960,122880,3840,4080,3840,126720,2534400,3840,3840,0.9997395833333333,0.21510416666666668,0.9997395833333333,0.9997395833333333,0.49450599565546693,0.6245810953505943,0,7.390521460899546,-1.8787829451536269,1.8787829451536269,1.9377394195359636,0.6035525177738624,2.4823354629274883,,,,,
repetitions/pilot/d020_n2_M016_box_factor_a1p25_rep00.npz,20,2,16,box_factor_a1.25,box_factor,1.25,0,all,0.0594563998747617,0.5673898133642948,0.9674946387571933,0.22859663391465765,1.036653211671314,240,0.0,-0.2742086365472822,0.27577360687105007,0.5674491925799432,0.9500288633433617,0.22528843272995042,1.0070696692449594,48,0.0,-0.24295534917886674,0.2450576958544923,0.5673898133642948,0.9715700061041129,0.2294236842108344,1.0437499509045054,192,0.0,-0.2820219583893861,0.28345258462518946,0.5674611113167645,126960,122880,3840,4080,3840,126720,2534400,3840,3840,0.9997395833333333,0.22057291666666667,0.9997395833333333,0.9997395833333333,0.4980789673079189,0.4109161520602461,0,6.719325981341524,-1.6879198422045711,1.6879198422045711,1.8075718401367802,0.7933525412118805,2.4812723834164516,,,,,
repetitions/pilot/d020_n2_M016_box_factor_a1p25_rep01.npz,20,2,16,box_factor_a1.25,box_factor,1.25,1,all,0.05552469985559583,0.5552302215848018,0.9817824542791326,0.2308137469304276,1.0533584653089452,240,0.0,-0.26967055612716434,0.2704925110422245,0.5644090998746623,0.971672215730434,0.2217250505583241,1.0326677512597064,48,0.0,-0.22519928006344192,0.2267354631135103,0.5552302215848018,0.9841528780572455,0.23308592102345346,1.0583495569067918,192,0.0,-0.280788375143095,0.2814317730244031,0.566233690309585,126960,122880,3840,4080,3840,126720,2534400,3840,3840,0.9997395833333333,0.21510416666666668,0.9994791666666667,0.9994791666666667,0.49450599565546693,0.40713526717846876,0,6.626565417429331,-1.6746176266881616,1.6746176266881616,1.7955374318187483,0.807717836239327,2.4823354629274883,,,,,
repetitions/pilot/d020_n2_M016_box_factor_a1p5_rep00.npz,20,2,16,box_factor_a1.5,box_factor,1.5,0,all,0.057725500082597136,0.5593332973840879,1.0100815853778429,0.23711181077234608,1.086486252568524,240,0.0,-0.2664619498070439,0.2688783869996934,0.557312680828529,0.9863114399471049,0.23233655388872612,1.048664764938252,48,0.0,-0.2374037045470924,0.24005077395588517,0.5593332973840879,1.015609167703115,0.23830562499325106,1.0955236764264846,192,0.0,-0.2737265111220318,0.2760852902606455,0.5569061888668971,126960,122880,3840,4080,3840,126720,2534400,3840,3840,0.9997395833333333,0.22057291666666667,0.9997395833333333,0.9997395833333333,0.4980789673079189,0.3533740124228057,0,6.562511309525837,-1.6268849020251654,1.6268849020251654,1.775572092429839,0.8543874813912861,2.4812723834164516,,,,,
repetitions/pilot/d020_n2_M016_box_factor_a1p5_rep01.npz,20,2,16,box_factor_a1.5,box_factor,1.5,1,all,0.06012769998051226,0.5470572578553815,1.0251027115502358,0.23935620331343913,1.1039474559753222,240,0.0,-0.26172826417393913,0.263605379345754,0.5542183671837114,1.0153122282021831,0.2301808876258434,1.082367150680448,48,0.0,-0.21829706386019812,0.22220234410047687,0.5470572578553815,1.0273992278594868,0.24165003223533804,1.1091534443606137,192,0.0,-0.27258606425237436,0.27395613815707326,0.555644729897765,126960,122880,3840,4080,3840,126720,2534400,3840,3840,0.9997395833333333,0.21510416666666668,0.9994791666666667,0.9994791666666667,0.49450599565546693,0.34905451232836715,0,6.468716717191838,-1.6126449520340402,1.6126449520340402,1.7629232430013977,0.8696905108934484,2.4823354629274883,,,,,
repetitions/pilot/d020_n2_M016_box_factor_a2_rep00.npz,20,2,16,box_factor_a2,box_factor,2.0,0,all,0.06643630005419254,0.5507942235825618,1.0658988813178154,0.24815573011705538,1.1511704439951422,240,0.0,-0.2574576950001852,0.2617691734363953,0.5464364163966025,1.035048604646529,0.24125531850850637,1.1040728838162917,48,0.0,-0.23095960751751235,0.23424077444491662,0.5507942235825618,1.0730488570752175,0.24988083301919267,1.1623815053587707,192,0.0,-0.2640822168708534,0.26865127318426496,0.5455574570401959,126960,122880,3840,4080,3840,126720,2534400,3840,3840,0.9997395833333333,0.22057291666666667,0.9997395833333333,0.9997395833333333,0.4980789673079189,0.2920330662421083,0,6.445108448718851,-1.554137986250794,1.554137986250794,1.751617184651803,0.9271343971656575,2.4812723834164516,,,,,
repetitions/pilot/d020_n2_M016_box_factor_a2_rep01.npz,20,2,16,box_factor_a2,box_factor,2.0,1,all,0.07321289996616542,0.5394747268173176,1.0784785122008518,0.24974801888806913,1.1657335264420738,240,0.0,-0.2527731538958435,0.25643689813540427,0.5436858053102951,1.067383799254919,0.23983131565484914,1.1412287592047803,48,0.0,-0.21082773768369914,0.21751584540586566,0.5394747268173176,1.0810797704789838,0.2522271946963741,1.17163957758143,192,0.0,-0.2632595079488796,0.26616716131778895,0.5445271913714614,126960,122880,3840,4080,3840,126720,2534400,3840,3840,0.9997395833333333,0.21510416666666668,0.9994791666666667,0.9994791666666667,0.49450599565546693,0.28601099291720844,0,6.34777273385416,-1.539073757755319,1.539073757755319,1.7392544485167996,0.9432617051721695,2.4823354629274883,,,,,
repetitions/pilot/d020_n2_M016_f_zero_rep00.npz,20,2,16,f_zero,f_zero,0.0,0,all,0.025289699900895357,0.726762403416249,0.7750232280411924,0.18897103940087723,0.7803389792513874,240,0.0,-0.3830377206731293,0.3830377206731293,0.7510208007042901,0.7794786919970916,0.19012428949894614,0.7892107786488859,48,0.0,-0.32623907747648745,0.32623907747648745,0.726762403416249,0.773968195958286,0.18868272687636,0.7781571777565938,192,0.0,-0.3972373814722898,0.3972373814722898,0.7557964815529348,61680,61440,0,240,0,61440,1228800,0,0,0.0,0.0,0.0,0.0,0.0,0.0,0,,,,,,,,,,,
repetitions/pilot/d020_n2_M016_f_zero_rep01.npz,20,2,16,f_zero,f_zero,0.0,1,all,0.027661799918860197,0.7163850682989947,0.7764212027619035,0.18969380940665034,0.7819962411292201,240,0.0,-0.38264666360902727,0.38264666360902727,0.7512250105906717,0.7805500295853082,0.19011162179917024,0.7922914216727163,48,0.0,-0.3222180237307821,0.3222180237307821,0.7163850682989947,0.7754437769460225,0.1895893563085204,0.7794615679213202,192,0.0,-0.3977538235785885,0.3977538235785885,0.7580256507493652,61680,61440,0,240,0,61440,1228800,0,0,0.0,0.0,0.0,0.0,0.0,0.0,0,,,,,,,,,,,
repetitions/pilot/d020_n2_M016_raw_rep00.npz,20,2,16,raw,raw,1.0,0,all,0.061153699876740575,0.592807266831258,0.9981494913869073,0.23537507211103412,1.0684743749880723,240,0.0,-0.28365798930587877,0.2865972251285536,0.5936622874057431,0.9825241838297325,0.2323489481973061,1.0408614625202806,48,0.0,-0.2504258324010328,0.2533209571255461,0.592807266831258,1.0018008356097583,0.23613160308946615,1.0751095384646705,192,0.0,-0.29196602853209025,0.2949162921293055,0.5938337715792456,126960,122880,3840,4080,3840,126720,2534400,3840,3840,0.9997395833333333,0.22057291666666667,0.9997395833333333,0.0,0.4980789673079189,0.4980789673079189,0,7.356025667820417,-1.7174196344679953,1.7174196344679953,1.884057018428879,0.7638527489484566,2.4812723834164516,,,,,
repetitions/pilot/d020_n2_M016_raw_rep01.npz,20,2,16,raw,raw,1.0,1,all,0.06243210006505251,0.5763330803962444,0.9959219269673929,0.2354493990544756,1.0667191479100322,240,0.0,-0.2793857514090143,0.28150025333093964,0.5872968962329337,0.9909270590762704,0.2260907575641126,1.0520773331195272,48,0.0,-0.2329142211809946,0.23673833316159257,0.5763330803962444,0.9970968460512296,0.23778905942706635,1.0702641556854557,192,0.0,-0.2910036339660192,0.29269073337327645,0.589473142744601,126960,122880,3840,4080,3840,126720,2534400,3840,3840,0.9997395833333333,0.21510416666666668,0.9997395833333333,0.0,0.49450599565546693,0.49450599565546693,0,7.243685463149353,-1.6998896387325737,1.6998896387325737,1.869385356831607,0.7824458241949152,2.4823354629274883,,,,,
repetitions/pilot/d020_n2_M016_sample_ball_rep00.npz,20,2,16,sample_ball,sample_ball,1.0,0,all,0.059507800033316016,0.6020823710330041,0.902398660376592,0.21596409272857642,0.9559969818913618,240,0.0,-0.2985397261725089,0.2994067022040766,0.6107717752577785,0.9062512207418699,0.2178447897561599,0.9536775439805625,48,0.0,-0.2599358322303182,0.2613915625106182,0.6020823710330041,0.9014872260559685,0.21549391847168053,0.9565625192772491,192,0.0,-0.30819069965805657,0.30891048712744124,0.6125011864265418,126960,122880,3840,4080,3840,126720,2534400,3840,3840,0.9997395833333333,0.22057291666666667,0.22057291666666667,0.22057291666666667,0.4980789673079189,0.07380976859532641,0,7.5528308015497645,-1.8512987928592246,1.8512987928592246,1.9328901348188137,0.6299735905572272,2.4812723834164516,,,,,
repetitions/pilot/d020_n2_M016_sample_ball_rep01.npz,20,2,16,sample_ball,sample_ball,1.0,1,all,0.06687030009925365,0.5912199969170326,0.905060565711352,0.21652189498749352,0.9599490233262451,240,0.0,-0.2939069779083094,0.2941938007594127,0.6046679290943564,0.9071325800995347,0.209618655192138,0.9559804214801014,48,0.0,-0.24536199264354763,0.246081534891088,0.5912199969170326,0.9045709700318011,0.21824770493633242,0.9609156403594058,192,0.0,-0.30604322422449987,0.30622186722649397,0.6073315145129634,126960,122880,3840,4080,3840,126720,2534400,3840,3840,0.9997395833333333,0.21510416666666668,0.21510416666666668,0.21510416666666668,0.49450599565546693,0.07843410512501106,0,7.437569042201377,-1.838902519617129,1.838902519617129,1.9167120002862055,0.6434329433103602,2.4823354629274883,,,,,
repetitions/pilot/d020_n2_M016_sample_box_rep00.npz,20,2,16,sample_box,sample_box,1.0,0,all,0.062284199986606836,0.5799573122718022,0.9125324939139151,0.21763948179615047,0.9715545009204064,240,0.0,-0.2853210638395906,0.2862434230457235,0.5831489886911636,0.9045595581706347,0.21624759333019067,0.9543987104393066,48,0.0,-0.2509479670728924,0.2523510231080414,0.5799573122718022,0.9144036168186437,0.21798745391264043,0.9756980106444523,192,0.0,-0.2939143380312652,0.294716523030144,0.5837875668737889,126960,122880,3840,4080,3840,126720,2534400,3840,3840,0.9997395833333333,0.22057291666666667,0.9997395833333333,0.9997395833333333,0.4980789673079189,0.4980789673079189,0,6.998995277965113,-1.7733248904835353,1.7733248904835353,1.8603325691813006,0.7079474929329166,2.4812723834164516,,,,,
repetitions/pilot/d020_n2_M016_sample_box_rep01.npz,20,2,16,sample_box,sample_box,1.0,1,all,0.06206259992904961,0.5682728910021335,0.9261764103065376,0.21958330333436762,0.9876509056495728,240,0.0,-0.2811100120200909,0.28130941907967244,0.5801547354769186,0.9165232233001901,0.21097651755465685,0.969243068076387,48,0.0,-0.2351044354313229,0.2351044354313229,0.5682728910021335,0.9284395000183371,0.22173499977929534,0.9920940966544223,192,0.0,-0.29261140616728293,0.2928606649917599,0.5825106298626593,126960,122880,3840,4080,3840,126720,2534400,3840,3840,0.9997395833333333,0.21510416666666668,0.9997395833333333,0.9997395833333333,0.49450599565546693,0.49450599565546693,0,6.910738670313005,-1.7611064122206963,1.7611064122206963,1.8519925434742213,0.7212290507067921,2.4823354629274883,,,,,
repetitions/pilot/d020_n2_M016_shrink_c0p1_rep00.npz,20,2,16,shrink_c0.1,shrink,0.1,0,all,0.058920999988913536,0.7115354214390214,0.7617576421316886,0.18547359065818353,0.7680895479972548,240,0.0,-0.3730997475364043,0.3730997475364043,0.7330482673039288,0.7712924302348588,0.1879956524083038,0.7822586683561235,48,0.0,-0.318657752968942,0.318657752968942,0.7115354214390214,0.7594904003525865,0.18484307522065346,0.7645896527289087,192,0.0,-0.3867102461782698,0.3867102461782698,0.7372910039320466,126960,122880,3840,4080,3840,126720,2534400,3840,3840,0.9997395833333333,0.22057291666666667,1.0,1.0,0.4980789673079189,1.2113690191454765,0,10.482575707555691,-2.4048871085216064,2.4048871085216064,2.4050318100809096,0.07638527489484567,2.4812723834164516,,,,,
repetitions/pilot/d020_n2_M016_shrink_c0p1_rep01.npz,20,2,16,shrink_c0.1,shrink,0.1,1,all,0.06115050008520484,0.7001001735905316,0.7625636175385783,0.1855726250975859,0.7691487544000044,240,0.0,-0.372320572389026,0.372320572389026,0.7326783894431292,0.7657273020887696,0.1856198679314309,0.7777107197135028,48,0.0,-0.31328764347580335,0.31328764347580335,0.7001001735905316,0.7618152123668953,0.18556081438912464,0.7670434595155616,192,0.0,-0.38707880461733163,0.38707880461733163,0.7390449263230885,126960,122880,3840,4080,3840,126720,2534400,3840,3840,0.9997395833333333,0.21510416666666668,1.0,1.0,0.49450599565546693,1.2092373237803273,0,10.46188311687445,-2.404090880507997,2.404090880507997,2.404241966620837,0.0782445824194915,2.4823354629274883,,,,,
repetitions/pilot/d020_n2_M016_shrink_c0p25_rep00.npz,20,2,16,shrink_c0.25,shrink,0.25,0,all,0.05985270021483302,0.6893413612586247,0.758072956206665,0.1849700384624263,0.7691617262909745,240,0.0,-0.3581927878313167,0.35822270641950626,0.7068578492734761,0.7720401698907252,0.18835757923048124,0.7869449144321228,48,0.0,-0.30728576620762377,0.30743535914857145,0.6893413612586247,0.7547396234251937,0.18412315327041254,0.764756370621893,192,0.0,-0.3709195432372399,0.3709195432372399,0.7103219660528892,126960,122880,3840,4080,3840,126720,2534400,3840,3840,0.9997395833333333,0.22057291666666667,1.0,1.0,0.4980789673079189,0.8412284855176921,0,9.683966319088535,-2.2903091961793374,2.2903091961793374,2.2916869155234796,0.19096318723711414,2.4812723834164516,,,,,
repetitions/pilot/d020_n2_M016_shrink_c0p25_rep01.npz,20,2,16,shrink_c0.25,shrink,0.25,1,all,0.06163290003314614,0.6764665607782058,0.7580297145021783,0.184225333582642,0.769371788904364,240,0.0,-0.356831435559024,0.356831435559024,0.7055921070182813,0.7596291880501342,0.18251978065673793,0.7745958913527081,48,0.0,-0.2998920730933352,0.2998920730933352,0.6764665607782058,0.7576518172279005,0.18465172181411801,0.7680906992296264,192,0.0,-0.37106627617544624,0.37106627617544624,0.7112949103564041,126960,122880,3840,4080,3840,126720,2534400,3840,3840,0.9997395833333333,0.21510416666666668,1.0,1.0,0.49450599565546693,0.8397481415141163,0,9.638279882777113,-2.2867240068787598,2.2867240068787598,2.2895728264529063,0.1956114560487288,2.4823354629274883,,,,,
repetitions/pilot/d020_n2_M016_shrink_c0p5_rep00.npz,20,2,16,shrink_c0.5,shrink,0.5,0,all,0.063861999893561,0.654268265734707,0.7949545323057864,0.1936645819281178,0.8213534371101716,240,0.0,-0.33334785498950403,0.3334651816676664,0.6655226435983069,0.8073579203567841,0.19672562107720074,0.8335756325970829,48,0.0,-0.2883324549387601,0.2889190883295721,0.654268265734707,0.7919995583445385,0.1928993221408471,0.8183411260052819,192,0.0,-0.34460170500219006,0.34460170500219006,0.6677589319685386,126960,122880,3840,4080,3840,126720,2534400,3840,3840,0.9997395833333333,0.22057291666666667,1.0,1.0,0.4980789673079189,0.37387932689675196,0,8.599633085134778,-2.099346008942223,2.099346008942223,2.1187497569301215,0.3819263744742283,2.4812723834164516,,,,,
repetitions/pilot/d020_n2_M016_shrink_c0p5_rep01.npz,20,2,16,shrink_c0.5,shrink,0.5,1,all,0.06171469995751977,0.63945200290594,0.7937509282793265,0.19312592947348176,0.8204469283661222,240,0.0,-0.3310162075090207,0.3310162075090207,0.6626691440185863,0.7927224626831176,0.18758454911852443,0.8189098427685582,48,0.0,-0.27756612245588835,0.27756612245588835,0.63945200290594,0.7939934063519556,0.19451127456222111,0.8208218374785992,192,0.0,-0.34437872877230385,0.34437872877230385,0.6672322834449036,126960,122880,3840,4080,3840,126720,2534400,3840,3840,0.9997395833333333,0.21510416666666668,1.0,1.0,0.49450599565546693,0.37322139622849615,0,8.520929566816205,-2.0911125508300312,2.0911125508300312,2.1092593695493367,0.3912229120974576,2.4823354629274883,,,,,
repetitions/pilot/d020_n2_M016_shrink_c0p75_rep00.npz,20,2,16,shrink_c0.75,shrink,0.75,0,all,0.06518030003644526,0.6219404671157726,0.8789171226618515,0.2117790173957538,0.9262634856909987,240,0.0,-0.3085029221476914,0.3089767208106364,0.6275741814942495,0.8803007407649345,0.21177360146454885,0.9217113234970693,48,0.0,-0.26937914366989646,0.2706503345934384,0.6219404671157726,0.8785903323533365,0.21178037137855504,0.9273716998100464,192,0.0,-0.31828386676714016,0.3185583173649359,0.6286989810929869,126960,122880,3840,4080,3840,126720,2534400,3840,3840,0.9997395833333333,0.22057291666666667,1.0,1.0,0.4980789673079189,0.09346983172418799,0,7.823652868045406,-1.9083828217051093,1.9083828217051093,1.9747620056466744,0.5728895617113423,2.4812723834164516,,,,,
repetitions/pilot/d020_n2_M016_shrink_c0p75_rep01.npz,20,2,16,shrink_c0.75,shrink,0.75,1,all,0.06015839986503124,0.6058738602957948,0.8769973479585649,0.21138296426060965,0.9247263158636393,240,0.0,-0.3052009794590175,0.3053424149648709,0.6230164808256994,0.8737136528632633,0.20313563909224058,0.9162801448816611,48,0.0,-0.25524017181844144,0.25524017181844144,0.6058738602957948,0.8777703633349888,0.2134447955527019,0.9267771230357521,192,0.0,-0.3176911813691616,0.3178679757514783,0.6264010687335424,126960,122880,3840,4080,3840,126720,2534400,3840,3840,0.9997395833333333,0.21510416666666668,1.0,1.0,0.49450599565546693,0.09330534905712404,0,7.7227314269402845,-1.8955010947813027,1.8955010947813027,1.961242664677043,0.5868343681461864,2.4823354629274883,,,,,
repetitions/pilot/d020_n2_M016_z_only_box_rep00.npz,20,2,16,z_only_box,z_only_box,1.0,0,all,0.061134499963372946,0.5799573122718022,0.9125324939139151,0.21763948179615047,0.9715545009204064,240,0.0,-0.2853210638395906,0.2862434230457235,0.5831489886911636,0.9045595581706347,0.21624759333019067,0.9543987104393066,48,0.0,-0.2509479670728924,0.2523510231080414,0.5799573122718022,0.9144036168186437,0.21798745391264043,0.9756980106444523,192,0.0,-0.2939143380312652,0.294716523030144,0.5837875668737889,126960,122880,3840,4080,3840,126720,2534400,3840,3840,0.9997395833333333,0.22057291666666667,0.9997395833333333,0.9997395833333333,0.4980789673079189,0.4980789673079189,0,6.998995277965113,-1.7733248904835353,1.7733248904835353,1.8603325691813006,0.7079474929329166,2.4812723834164516,,,,,
repetitions/pilot/d020_n2_M016_z_only_box_rep01.npz,20,2,16,z_only_box,z_only_box,1.0,1,all,0.061527299927547574,0.5682728910021335,0.9261764103065376,0.21958330333436762,0.9876509056495728,240,0.0,-0.2811100120200909,0.28130941907967244,0.5801547354769186,0.9165232233001901,0.21097651755465685,0.969243068076387,48,0.0,-0.2351044354313229,0.2351044354313229,0.5682728910021335,0.9284395000183371,0.22173499977929534,0.9920940966544223,192,0.0,-0.29261140616728293,0.2928606649917599,0.5825106298626593,126960,122880,3840,4080,3840,126720,2534400,3840,3840,0.9997395833333333,0.21510416666666668,0.9997395833333333,0.9997395833333333,0.49450599565546693,0.49450599565546693,0,6.910738670313005,-1.7611064122206963,1.7611064122206963,1.8519925434742213,0.7212290507067921,2.4823354629274883,,,,,
repetitions/pilot/d020_n2_M016_z_zero_rep00.npz,20,2,16,z_zero,z_zero,0.0,0,all,0.06275069992989302,0.726762403416249,0.7750232280411924,0.18897103940087723,0.7803389792513874,240,0.0,-0.3830377206731293,0.3830377206731293,0.7510208007042901,0.7794786919970916,0.19012428949894614,0.7892107786488859,48,0.0,-0.32623907747648745,0.32623907747648745,0.726762403416249,0.773968195958286,0.18868272687636,0.7781571777565938,192,0.0,-0.3972373814722898,0.3972373814722898,0.7557964815529348,126960,122880,3840,4080,3840,126720,2534400,3840,3840,0.9997395833333333,0.22057291666666667,1.0,1.0,0.4980789673079189,1.4955173075870078,0,11.076652569906672,-2.4812723834164516,2.4812723834164516,2.4812723834164516,0.0,2.4812723834164516,,,,,
repetitions/pilot/d020_n2_M016_z_zero_rep01.npz,20,2,16,z_zero,z_zero,0.0,1,all,0.06725020008161664,0.7163850682989947,0.7764212027619035,0.18969380940665034,0.7819962411292201,240,0.0,-0.38264666360902727,0.38264666360902727,0.7512250105906717,0.7805500295853082,0.19011162179917024,0.7922914216727163,48,0.0,-0.3222180237307821,0.3222180237307821,0.7163850682989947,0.7754437769460225,0.1895893563085204,0.7794615679213202,192,0.0,-0.3977538235785885,0.3977538235785885,0.7580256507493652,126960,122880,3840,4080,3840,126720,2534400,3840,3840,0.9997395833333333,0.21510416666666668,1.0,1.0,0.49450599565546693,1.4928855849139846,0,11.074782374823009,-2.4823354629274883,2.4823354629274883,2.4823354629274883,0.0,2.4823354629274883,,,,,
repetitions/pilot/d020_n2_M024_batch_box_rep00.npz,20,2,24,batch_box,batch_box,1.0,0,all,0.1442835999187082,0.6481213818959415,0.7091059978763222,0.16990275582839193,0.7182261525781573,240,0.0,-0.33664629821197767,0.33669524159260794,0.6672037714278836,0.7245665761943771,0.17291256113634415,0.7383578301782726,48,0.0,-0.2868895879611249,0.2871343048642765,0.6481213818959415,0.7054085780322724,0.1691503045014039,0.7132238092622147,192,0.0,-0.34908547577469085,0.34908547577469085,0.6709688738283625,282480,276480,5760,6000,5760,282240,5644800,5760,5760,0.9982638888888888,0.13072916666666667,0.9982638888888888,1.0,0.2734913474544131,0.2734913474544131,0,8.689232164053495,-2.1395219145839897,2.1395219145839897,2.147025383685587,0.3108029387196455,2.450324853303635,0.4584697594375352,0.4105,0.2905,0.7015,0.9541666666666667
repetitions/pilot/d020_n2_M024_batch_box_rep01.npz,20,2,24,batch_box,batch_box,1.0,1,all,0.16373870009556413,0.639235844943372,0.7118590203675831,0.17120637165837743,0.7215096853009311,240,0.0,-0.33682003293882323,0.33682003293882323,0.6674279727196003,0.7271700151967805,0.17208921098371202,0.7428847659195174,48,0.0,-0.28349263680959114,0.28349263680959114,0.639235844943372,0.7081980378562931,0.17098566182704378,0.7161931232871783,192,0.0,-0.3501518819711312,0.3501518819711312,0.6729447973899289,282480,276480,5760,6000,5760,282240,5644800,5760,5760,0.9986111111111111,0.12760416666666666,0.9986111111111111,0.9998263888888889,0.273119778964093,0.273119778964093,0,8.951931445550748,-2.1946509224108914,2.1946509224108914,2.205252105433812,0.30648216043220494,2.5011330828430958,0.470751433454978,0.4015,0.2815,0.7825,0.95
repetitions/pilot/d020_n2_M024_box_factor_a0p25_rep00.npz,20,2,24,box_factor_a0.25,box_factor,0.25,0,all,0.13077330007217824,0.6568170080752949,0.7145215854408905,0.1724159906861151,0.721271243200502,240,0.0,-0.34599449486944,0.3459962899989758,0.6838181572040871,0.7324354033093313,0.17672690359868545,0.7460963747058966,48,0.0,-0.2929592641679503,0.29296823981562947,0.6568170080752949,0.7102288367529477,0.1713382624579725,0.7150781937308558,192,0.0,-0.3592533025448124,0.3592533025448124,0.68911074249409,282480,276480,5760,6000,5760,282240,5644800,5760,5760,0.9982638888888888,0.13072916666666667,0.9994791666666667,0.9994791666666667,0.2734913474544131,0.7399630637393912,0,9.06078196404105,-2.1906357485744845,2.1906357485744845,2.196493148902996,0.25968910472915024,2.450324853303635,,,,,
repetitions/pilot/d020_n2_M024_box_factor_a0p25_rep01.npz,20,2,24,box_factor_a0.25,box_factor,0.25,1,all,0.12683940003626049,0.652539704781891,0.7209070196795614,0.1748760499119617,0.729479419341219,240,0.0,-0.3450150274593971,0.3450150274593971,0.681633784845613,0.7327222331226931,0.1758571731711117,0.7471530251558743,48,0.0,-0.2901035168395013,0.2901035168395013,0.652539704781891,0.7180908062167564,0.17463076909717418,0.7250982015915022,192,0.0,-0.35874290511437096,0.35874290511437096,0.6873255822937901,282480,276480,5760,6000,5760,282240,5644800,5760,5760,0.9986111111111111,0.12760416666666666,0.9994791666666667,0.9994791666666667,0.273119778964093,0.7436241425054922,0,9.302133251990838,-2.239612583302052,2.239612583302052,2.248313975245248,0.26152049954104395,2.5011330828430958,,,,,
repetitions/pilot/d020_n2_M024_box_factor_a0p5_rep00.npz,20,2,24,box_factor_a0.5,box_factor,0.5,0,all,0.13464859989471734,0.6126270576632038,0.7266583157357446,0.1756470139853329,0.7458992631756151,240,0.0,-0.31754827240162975,0.3175851284723285,0.6344358784615781,0.7470717605511736,0.17948592856968304,0.7702359117665645,48,0.0,-0.269860947809351,0.270045228162845,0.6126270576632038,0.721757464944999,0.17468728533924535,0.7398348081299869,192,0.0,-0.32947010354969936,0.32947010354969936,0.638723936857633,282480,276480,5760,6000,5760,282240,5644800,5760,5760,0.9982638888888888,0.13072916666666667,0.9991319444444444,0.9991319444444444,0.2734913474544131,0.5114657850847919,0,7.854684085175561,-1.9858348839093092,1.9858348839093092,2.0107418160506687,0.46448996939432596,2.450324853303635,,,,,
repetitions/pilot/d020_n2_M024_box_factor_a0p5_rep01.npz,20,2,24,box_factor_a0.5,box_factor,0.5,1,all,0.13827300001867115,0.6047220876214293,0.7359439224097098,0.17909848007850798,0.7572490360049672,240,0.0,-0.31696343620681827,0.31696343620681827,0.632989886403478,0.7522032500308232,0.17892115375625797,0.777358527437917,48,0.0,-0.2645119483591356,0.2645119483591356,0.6047220876214293,0.7320547851170697,0.17914281165907048,0.7522567690181897,192,0.0,-0.330076308168739,0.330076308168739,0.6385134218720919,282480,276480,5760,6000,5760,282240,5644800,5760,5760,0.9986111111111111,0.12760416666666666,0.9989583333333333,0.9989583333333333,0.273119778964093,0.5132523931411352,0,8.099773912375184,-2.0344778401263692,2.0344778401263692,2.066317066789613,0.46665524271672704,2.5011330828430958,,,,,
repetitions/pilot/d020_n2_M024_box_factor_a0p75_rep00.npz,20,2,24,box_factor_a0.75,box_factor,0.75,0,all,0.13798550004139543,0.5848002457759535,0.7629855616379765,0.1844828412184788,0.7950848955086272,240,0.0,-0.2969065222172585,0.2969994956820411,0.6004813808514157,0.777827475041806,0.18575261904168544,0.8096828605029529,48,0.0,-0.2538864249618739,0.25417951490470836,0.5848002457759535,0.7594412336768004,0.18416539676267712,0.7914792665210809,192,0.0,-0.30766154653110467,0.30770449087637436,0.6035800375658409,282480,276480,5760,6000,5760,282240,5644800,5760,5760,0.9982638888888888,0.13072916666666667,0.9986111111111111,0.9986111111111111,0.2734913474544131,0.3649914978464269,0,7.1035669607121195,-1.8316606381247402,1.8316606381247402,1.8835990061458778,0.6186642151788947,2.450324853303635,,,,,
repetitions/pilot/d020_n2_M024_box_factor_a0p75_rep01.npz,20,2,24,box_factor_a0.75,box_factor,0.75,1,all,0.12942950008437037,0.5738152637985928,0.7731905713153108,0.18794133817431283,0.8072126679566912,240,0.0,-0.29665614637192006,0.29665614637192006,0.5996802340312174,0.7912343655626088,0.1874339375993672,0.8265072209725023,48,0.0,-0.2463684442091664,0.2463684442091664,0.5738152637985928,0.7688712920775892,0.18806818831804922,0.8024305877825226,192,0.0,-0.3092280719126085,0.3092280719126085,0.6047389326986369,282480,276480,5760,6000,5760,282240,5644800,5760,5760,0.9986111111111111,0.12760416666666666,0.9987847222222223,0.9987847222222223,0.273119778964093,0.36549141349072567,0,7.3504852281375,-1.8806481589806832,1.8806481589806832,1.939109912842108,0.6204849238624128,2.5011330828430958,,,,,
repetitions/pilot/d020_n2_M024_box_factor_a1p25_rep00.npz,20,2,24,box_factor_a1.25,box_factor,1.25,0,all,0.1341382001992315,0.5582320501762982,0.8363115648298425,0.20056903965508904,0.8862437749245732,240,0.0,-0.2731182453929926,0.27363482048592697,0.5642417467198465,0.8345386483596665,0.1958301637175676,0.8777499687587317,48,0.0,-0.236406166064165,0.2367622083124594,0.5582320501762982,0.8367293468198534,0.20175375863946937,0.888305569891953,192,0.0,-0.2822962652251996,0.2828529735292939,0.5654404054289743,282480,276480,5760,6000,5760,282240,5644800,5760,5760,0.9982638888888888,0.13072916666666667,0.9975694444444444,0.9975694444444444,0.2734913474544131,0.217908541635724,0,6.421934457835521,-1.6454095922773624,1.6454095922773624,1.7466985071451673,0.8049152610262726,2.450324853303635,,,,,
repetitions/pilot/d020_n2_M024_box_factor_a1p25_rep01.npz,20,2,24,box_factor_a1.25,box_factor,1.25,1,all,0.13258900004439056,0.5434646802632956,0.847584831267554,0.20391712591887814,0.8992975071072109,240,0.0,-0.27299735771240763,0.27375891724138074,0.5640843751407458,0.8641858431814637,0.2025366706423932,0.9130270775665689,48,0.0,-0.2257768715089706,0.2269439972524683,0.5434646802632956,0.8436200942045661,0.20426223973799934,0.8959128728138727,192,0.0,-0.28480247926326685,0.2854626472386088,0.5681332871418472,282480,276480,5760,6000,5760,282240,5644800,5760,5760,0.9986111111111111,0.12760416666666666,0.9979166666666667,0.9979166666666667,0.273119778964093,0.2169197606605303,0,6.672773551121462,-1.6941026902849892,1.6941026902849892,1.8032014035482027,0.8070303925581066,2.5011330828430958,,,,,
repetitions/pilot/d020_n2_M024_box_factor_a1p5_rep00.npz,20,2,24,box_factor_a1.5,box_factor,1.5,0,all,0.15309909987263381,0.5527426918948114,0.8613816218953497,0.20591431916413797,0.9163607861075346,240,0.0,-0.26708418532117706,0.26787517897076396,0.5558535826694733,0.8538252885599392,0.1992503098026061,0.9002450604348755,48,0.0,-0.23205530025023388,0.23242973920593477,0.5527426918948114,0.8631549361399342,0.2075803215045209,0.9202532701332836,192,0.0,-0.27584140658891293,0.27673653891197136,0.5564759514039668,282480,276480,5760,6000,5760,282240,5644800,5760,5760,0.9982638888888888,0.13072916666666667,0.9970486111111111,0.9970486111111111,0.2734913474544131,0.1851523433791784,0,6.29654914826224,-1.5953127272299528,1.5953127272299528,1.7179134629012136,0.855012126073682,2.450324853303635,,,,,
repetitions/pilot/d020_n2_M024_box_factor_a1p5_rep01.npz,20,2,24,box_factor_a1.5,box_factor,1.5,1,all,0.1424719998613,0.536486430115268,0.8723582112976185,0.20904281568407826,0.92898973889659,240,0.0,-0.2669990924200245,0.26831534620659003,0.5559385386002244,0.8870220495034248,0.20707860568827152,0.9395463060016424,48,0.0,-0.22045358149372754,0.22314900422675032,0.536486430115268,0.8688621090077825,0.20953386818302994,0.9263936192430057,192,0.0,-0.27863547015159873,0.27960693170154993,0.5597617982609997,282480,276480,5760,6000,5760,282240,5644800,5760,5760,0.9986111111111111,0.12760416666666666,0.9977430555555555,0.9977430555555555,0.273119778964093,0.1836301273649553,0,6.551052236626769,-1.644315782352,1.644315782352,1.7761563959667237,0.8568173004910953,2.5011330828430958,,,,,
repetitions/pilot/d020_n2_M024_box_factor_a2_rep00.npz,20,2,24,box_factor_a2,box_factor,2.0,0,all,0.14983020001091063,0.5479343481660873,0.8892267069803572,0.21183658205325065,0.9493931196518943,240,0.0,-0.2612392825995637,0.26263777733932225,0.5483049907462115,0.8750749286415568,0.20298294243727738,0.9248031240499934,48,0.0,-0.2279211936590442,0.22893868369075013,0.5479343481660873,0.8925331813372678,0.21404999195724397,0.9553016882951426,192,0.0,-0.26956880483469353,0.2710625507514653,0.5483793614864607,282480,276480,5760,6000,5760,282240,5644800,5760,5760,0.9982638888888888,0.13072916666666667,0.9961805555555555,0.9961805555555555,0.2734913474544131,0.15608387218490924,0,6.211723930503187,-1.5446637203049745,1.5446637203049745,1.6983905959235326,0.9056611329986606,2.450324853303635,,,,,
repetitions/pilot/d020_n2_M024_box_factor_a2_rep01.npz,20,2,24,box_factor_a2,box_factor,2.0,1,all,0.13380379998125136,0.5306889168491972,0.9004141229400506,0.21481117499625837,0.9621906239932885,240,0.0,-0.2611837377779904,0.2635283243743627,0.548616942356617,0.9107295625232474,0.21187758425510145,0.9668254585538346,48,0.0,-0.21555923018779954,0.22011509559130363,0.5306889168491972,0.8979628572114313,0.21554457268154767,0.9610554317791284,192,0.0,-0.2725898646755381,0.27438163157012746,0.5521455747880756,282480,276480,5760,6000,5760,282240,5644800,5760,5760,0.9986111111111111,0.12760416666666666,0.9973958333333334,0.9973958333333334,0.273119778964093,0.15356260311557254,0,6.471612032521227,-1.59327822173122,1.59327822173122,1.7596652261122052,0.9078548611118753,2.5011330828430958,,,,,
repetitions/pilot/d020_n2_M024_f_zero_rep00.npz,20,2,24,f_zero,f_zero,0.0,0,all,0.0625284998677671,0.7203791279536874,0.7545273654316615,0.18322306720880974,0.7550960195801267,240,0.0,-0.3836567184430336,0.3836567184430336,0.7520029257580944,0.7594176036975082,0.18370055033147784,0.7666955994171604,48,0.0,-0.32416685971092773,0.32416685971092773,0.7203791279536874,0.7533688571629289,0.18310369642814273,0.7522363055726549,192,0.0,-0.39852918312606006,0.39852918312606006,0.7581919843704202,138480,138240,0,240,0,138240,2764800,0,0,0.0,0.0,0.0,0.0,0.0,0.0,0,,,,,,,,,,,
repetitions/pilot/d020_n2_M024_f_zero_rep01.npz,20,2,24,f_zero,f_zero,0.0,1,all,0.06268319999799132,0.7218748082869545,0.7584007377299594,0.18460414529945973,0.760237818551308,240,0.0,-0.38264681302094405,0.38264681302094405,0.7502079420966195,0.7637893338293855,0.18438363848786044,0.7715871669346539,48,0.0,-0.3245522744397807,0.3245522744397807,0.7218748082869545,0.7571236754927578,0.18465927200235957,0.7574405478148539,192,0.0,-0.3971704476662348,0.3971704476662348,0.7557673947351637,138480,138240,0,240,0,138240,2764800,0,0,0.0,0.0,0.0,0.0,0.0,0.0,0,,,,,,,,,,,
repetitions/pilot/d020_n2_M024_raw_rep00.npz,20,2,24,raw,raw,1.0,0,all,0.126695099985227,0.5812843022042823,0.8445883160059539,0.20279811463859687,0.8922652467643684,240,0.0,-0.2828909720537007,0.28376602358769615,0.5886185639468692,0.8474527578995914,0.1995211781722261,0.8895460604871616,48,0.0,-0.24429217868342282,0.24514639733340685,0.5812843022042823,0.8439110168926999,0.20361734875518955,0.8929279965640243,192,0.0,-0.29254067039627013,0.2934209301512685,0.5900798208617027,282480,276480,5760,6000,5760,282240,5644800,5760,5760,0.9982638888888888,0.13072916666666667,0.9982638888888888,0.0,0.2734913474544131,0.2734913474544131,0,6.888246149053319,-1.6780746228254593,1.6780746228254593,1.8017180525832355,0.7722502304781755,2.450324853303635,,,,,
repetitions/pilot/d020_n2_M024_raw_rep01.npz,20,2,24,raw,raw,1.0,1,all,0.14076760015450418,0.5688855833137139,0.8589331436259451,0.20723423731645452,0.9092335387305824,240,0.0,-0.2818939958937096,0.2833197244901772,0.5862968478964861,0.8649812398528286,0.20329844221878848,0.9109454135342469,48,0.0,-0.23426862630394732,0.2366913872896769,0.5688855833137139,0.8574998406051477,0.208218186090871,0.9088150201167706,192,0.0,-0.2938003382911502,0.29497680879030236,0.5897299500813371,282480,276480,5760,6000,5760,282240,5644800,5760,5760,0.9986111111111111,0.12760416666666666,0.9986111111111111,0.0,0.273119778964093,0.273119778964093,0,7.149673998542177,-1.7205877430426284,1.7205877430426284,1.860906040413225,0.7805453398004675,2.5011330828430958,,,,,
repetitions/pilot/d020_n2_M024_sample_ball_rep00.npz,20,2,24,sample_ball,sample_ball,1.0,0,all,0.14444549987092614,0.5868557903543056,0.806262075032117,0.19408152885986815,0.8462940983602046,240,0.0,-0.290545189019762,0.2908852857295913,0.5974747571892965,0.8198357229440222,0.1941966531930394,0.8574043887349092,48,0.0,-0.24970681240012427,0.250057212672841,0.5868557903543056,0.8030258406041773,0.19405274777657538,0.8435588081351018,192,0.0,-0.30075478317467147,0.3010923039937789,0.599583690747954,282480,276480,5760,6000,5760,282240,5644800,5760,5760,0.9982638888888888,0.13072916666666667,0.13072916666666667,0.13072916666666667,0.2734913474544131,0.024548775106510132,0,6.996637222208074,-1.7557403528479143,1.7557403528479143,1.8339872901430516,0.6945845004557211,2.450324853303635,,,,,
repetitions/pilot/d020_n2_M024_sample_ball_rep01.npz,20,2,24,sample_ball,sample_ball,1.0,1,all,0.13797339983284473,0.5741227277986561,0.8210732616032874,0.19893673432620124,0.86393512910102,240,0.0,-0.28958934309424245,0.28986651625470755,0.5951459624549429,0.8337196169645543,0.19654338132294036,0.8748464585178927,48,0.0,-0.24011124553342986,0.2401811734297914,0.5741227277986561,0.8180607755970208,0.19953507257701647,0.8612496532544839,192,0.0,-0.30195886748444556,0.3022878519609366,0.5992771860852575,282480,276480,5760,6000,5760,282240,5644800,5760,5760,0.9986111111111111,0.12760416666666666,0.12760416666666666,0.12760416666666666,0.273119778964093,0.026867897986691484,0,7.2432218462880975,-1.8009816116538515,1.8009816116538515,1.8888762733130988,0.7001514711892441,2.5011330828430958,,,,,
repetitions/pilot/d020_n2_M024_sample_box_rep00.npz,20,2,24,sample_box,sample_box,1.0,0,all,0.1406668999698013,0.5680810033304324,0.8027467711197723,0.1932895968101297,0.8452203106360994,240,0.0,-0.28259942210405425,0.28292475588528276,0.5781942751274327,0.8090794662012467,0.19128190167003956,0.847597543867678,48,0.0,-0.24332229013249398,0.24366521936462995,0.5680810033304324,0.8012452374316937,0.1937915205951522,0.8446387892406386,192,0.0,-0.2924187050969443,0.2927396400154459,0.5802031185690827,282480,276480,5760,6000,5760,282240,5644800,5760,5760,0.9982638888888888,0.13072916666666667,0.9982638888888888,0.9982638888888888,0.2734913474544131,0.2734913474544131,0,6.664615535750287,-1.7213796456580108,1.7213796456580108,1.7994863841978148,0.728945207645624,2.450324853303635,,,,,
repetitions/pilot/d020_n2_M024_sample_box_rep01.npz,20,2,24,sample_box,sample_box,1.0,1,all,0.1384302000515163,0.5548351881553042,0.8137270034479899,0.19680221104271486,0.8580674351970975,240,0.0,-0.2824292643521824,0.28271294801990166,0.5777086965557995,0.8314168139697244,0.19600595341800392,0.8746263037188831,48,0.0,-0.23397593957775228,0.23402232046283888,0.5548351881553042,0.8094966254261757,0.1970012754488926,0.8539750916529003,192,0.0,-0.29454259554578993,0.2948856049091673,0.5821919170828689,282480,276480,5760,6000,5760,282240,5644800,5760,5760,0.9986111111111111,0.12760416666666666,0.9986111111111111,0.9986111111111111,0.273119778964093,0.273119778964093,0,6.91231495508849,-1.7699765048876501,1.7699765048876501,1.8547514114261658,0.731156577955446,2.5011330828430958,,,,,
repetitions/pilot/d020_n2_M024_shrink_c0p1_rep00.npz,20,2,24,shrink_c0.1,shrink,0.1,0,all,0.1402906000148505,0.7045195670567742,0.7382618252203592,0.17856616326952493,0.7391813412344708,240,0.0,-0.3735801438041004,0.3735801438041004,0.7341743074543129,0.7490750520044632,0.18106912451588142,0.757341198901922,48,0.0,-0.31617939160817726,0.31617939160817726,0.7045195670567742,0.7356872079789324,0.1779404229579358,0.7346786346593278,192,0.0,-0.38793033185308107,0.38793033185308107,0.7399838441685622,282480,276480,5760,6000,5760,282240,5644800,5760,5760,0.9982638888888888,0.13072916666666667,1.0,1.0,0.2734913474544131,0.8835693802767963,0,10.262935696010302,-2.3730998302558177,2.3730998302558177,2.373133236754067,0.07722502304781755,2.450324853303635,,,,,
repetitions/pilot/d020_n2_M024_shrink_c0p1_rep01.npz,20,2,24,shrink_c0.1,shrink,0.1,1,all,0.13189220009371638,0.7043007342620969,0.7422974191265873,0.17999203910694747,0.7445550354033116,240,0.0,-0.37257153130822057,0.37257153130822057,0.7322119406558179,0.7494993757471407,0.18046011862070307,0.757880667278997,48,0.0,-0.3155239096261973,0.3155239096261973,0.7043007342620969,0.740587864045348,0.17987501922850854,0.7412646120481245,192,0.0,-0.38683343672872644,0.38683343672872644,0.737687437365036,282480,276480,5760,6000,5760,282240,5644800,5760,5760,0.9986111111111111,0.12760416666666666,1.0,1.0,0.273119778964093,0.8888203523784739,0,10.505157471234787,-2.4230785488630495,2.4230785488630495,2.4232925554219884,0.07805453398004673,2.5011330828430958,,,,,
repetitions/pilot/d020_n2_M024_shrink_c0p25_rep00.npz,20,2,24,shrink_c0.25,shrink,0.25,0,all,0.129464500118047,0.6814120780444595,0.7243803050544014,0.1745002791599333,0.728039607004882,240,0.0,-0.3584652818457004,0.3584652818457004,0.7079412843681568,0.7416912048345184,0.17902510197551028,0.7527277875878614,48,0.0,-0.30419818945405147,0.30419818945405147,0.6814120780444595,0.7202350328239014,0.17336907345603905,0.72188266053394,192,0.0,-0.3720320549436125,0.3720320549436125,0.7131476990864847,282480,276480,5760,6000,5760,282240,5644800,5760,5760,0.9982638888888888,0.13072916666666667,1.0,1.0,0.2734913474544131,0.613589847414442,0,9.43467092594335,-2.2572622956840913,2.2572622956840913,2.2584441279690606,0.19306255761954388,2.450324853303635,,,,,
repetitions/pilot/d020_n2_M024_shrink_c0p25_rep01.npz,20,2,24,shrink_c0.25,shrink,0.25,1,all,0.1300333000253886,0.6787187553381614,0.7291091520537926,0.17645690257035654,0.7342755518414977,240,0.0,-0.35745860873913543,0.35745860873913543,0.7057660575989544,0.7383697217190023,0.1770628426131982,0.7492945132308718,48,0.0,-0.30198136240582235,0.30198136240582235,0.6787187553381614,0.7269068651778777,0.1763054175596461,0.7305611154201066,192,0.0,-0.3713279203224637,0.3713279203224637,0.7110714214251984,282480,276480,5760,6000,5760,282240,5644800,5760,5760,0.9986111111111111,0.12760416666666666,1.0,1.0,0.273119778964093,0.6172363558183847,0,9.67335958564369,-2.305996747892979,2.305996747892979,2.308567993499054,0.19513633495011687,2.5011330828430958,,,,,
repetitions/pilot/d020_n2_M024_shrink_c0p5_rep00.npz,20,2,24,shrink_c0.5,shrink,0.5,0,all,0.1409860998392105,0.6449331408311668,0.7306628724183384,0.17666815768899521,0.7445312428153269,240,0.0,-0.3332738452483672,0.3332846505223815,0.6657569012884704,0.7515403773900712,0.18051829797592062,0.7703482702525577,48,0.0,-0.28422951919717526,0.284283545567247,0.6449331408311668,0.7256491254569605,0.17570562261726386,0.7380897228001857,192,0.0,-0.3455349267611651,0.3455349267611651,0.6698589484854617,282480,276480,5760,6000,5760,282240,5644800,5760,5760,0.9982638888888888,0.13072916666666667,1.0,1.0,0.2734913474544131,0.2727065988508631,0,8.290510986712462,-2.0641997380645476,2.0641997380645476,2.075538292494455,0.38612511523908777,2.450324853303635,,,,,
repetitions/pilot/d020_n2_M024_shrink_c0p5_rep01.npz,20,2,24,shrink_c0.5,shrink,0.5,1,all,0.12940089986659586,0.6384348415156221,0.7376824467117623,0.17930588243090587,0.7534482612122604,240,0.0,-0.3322704044573268,0.3322704044573268,0.6633442983811885,0.748285693378973,0.1786127484047731,0.7676066069682066,48,0.0,-0.279410450371864,0.279410450371864,0.6384348415156221,0.7351582507420538,0.1794791659374391,0.7499502802718114,192,0.0,-0.3454853929786925,0.3454853929786925,0.6682326042292239,282480,276480,5760,6000,5760,282240,5644800,5760,5760,0.9986111111111111,0.12760416666666666,1.0,1.0,0.273119778964093,0.2743272692526153,0,8.529297012007259,-2.1108604129428623,2.1108604129428623,2.127296222625749,0.39027266990023374,2.5011330828430958,,,,,
repetitions/pilot/d020_n2_M024_shrink_c0p75_rep00.npz,20,2,24,shrink_c0.75,shrink,0.75,0,all,0.132440899964422,0.6113878442558134,0.7724867413263297,0.18694196976908822,0.8018885865671659,240,0.0,-0.30808240865103387,0.3081310050098665,0.6258295046175962,0.7879317123722452,0.1878223853332934,0.8175170628116649,48,0.0,-0.26426084894029905,0.26446306226169325,0.6113878442558134,0.7687971691231654,0.18672186587803694,0.7980257197563764,192,0.0,-0.3190377985787176,0.31904799069690976,0.6286884726354214,282480,276480,5760,6000,5760,282240,5644800,5760,5760,0.9982638888888888,0.13072916666666667,1.0,1.0,0.2734913474544131,0.06817664971271578,0,7.441702727749118,-1.8711371804450039,1.8711371804450039,1.9149258210655622,0.5791876728586315,2.450324853303635,,,,,
repetitions/pilot/d020_n2_M024_shrink_c0p75_rep01.npz,20,2,24,shrink_c0.75,shrink,0.75,1,all,0.1329438998363912,0.6016003099061797,0.7828776333013362,0.1907635655338572,0.8145751221530024,240,0.0,-0.30708220017551824,0.30708803398261514,0.6233552332282339,0.7922114903005995,0.18875491643869413,0.8238201640457136,48,0.0,-0.2568395383379056,0.2568395383379056,0.6016003099061797,0.7806589837860219,0.19126572780764792,0.8123015585493852,192,0.0,-0.31964286563492134,0.3196501578937925,0.6276313375754368,282480,276480,5760,6000,5760,282240,5644800,5760,5760,0.9986111111111111,0.12760416666666666,1.0,1.0,0.273119778964093,0.06858181731315383,0,7.688068482973424,-1.9157240779927454,1.9157240779927454,1.9685698721534661,0.5854090048503504,2.5011330828430958,,,,,
repetitions/pilot/d020_n2_M024_z_only_box_rep00.npz,20,2,24,z_only_box,z_only_box,1.0,0,all,0.13277370017021894,0.5680810033304324,0.8027467711197723,0.1932895968101297,0.8452203106360994,240,0.0,-0.28259942210405425,0.28292475588528276,0.5781942751274327,0.8090794662012467,0.19128190167003956,0.847597543867678,48,0.0,-0.24332229013249398,0.24366521936462995,0.5680810033304324,0.8012452374316937,0.1937915205951522,0.8446387892406386,192,0.0,-0.2924187050969443,0.2927396400154459,0.5802031185690827,282480,276480,5760,6000,5760,282240,5644800,5760,5760,0.9982638888888888,0.13072916666666667,0.9982638888888888,0.9982638888888888,0.2734913474544131,0.2734913474544131,0,6.664615535750287,-1.7213796456580108,1.7213796456580108,1.7994863841978148,0.728945207645624,2.450324853303635,,,,,
repetitions/pilot/d020_n2_M024_z_only_box_rep01.npz,20,2,24,z_only_box,z_only_box,1.0,1,all,0.1426347999367863,0.5548351881553042,0.8137270034479899,0.19680221104271486,0.8580674351970975,240,0.0,-0.2824292643521824,0.28271294801990166,0.5777086965557995,0.8314168139697244,0.19600595341800392,0.8746263037188831,48,0.0,-0.23397593957775228,0.23402232046283888,0.5548351881553042,0.8094966254261757,0.1970012754488926,0.8539750916529003,192,0.0,-0.29454259554578993,0.2948856049091673,0.5821919170828689,282480,276480,5760,6000,5760,282240,5644800,5760,5760,0.9986111111111111,0.12760416666666666,0.9986111111111111,0.9986111111111111,0.273119778964093,0.273119778964093,0,6.91231495508849,-1.7699765048876501,1.7699765048876501,1.8547514114261658,0.731156577955446,2.5011330828430958,,,,,
repetitions/pilot/d020_n2_M024_z_zero_rep00.npz,20,2,24,z_zero,z_zero,0.0,0,all,0.1301304001826793,0.7203791279536874,0.7545273654316615,0.18322306720880974,0.7550960195801267,240,0.0,-0.3836567184430336,0.3836567184430336,0.7520029257580944,0.7594176036975082,0.18370055033147784,0.7666955994171604,48,0.0,-0.32416685971092773,0.32416685971092773,0.7203791279536874,0.7533688571629289,0.18310369642814273,0.7522363055726549,192,0.0,-0.39852918312606006,0.39852918312606006,0.7581919843704202,282480,276480,5760,6000,5760,282240,5644800,5760,5760,0.9982638888888888,0.13072916666666667,1.0,1.0,0.2734913474544131,1.0908263954034525,0,10.874182545441784,-2.450324853303635,2.450324853303635,2.450324853303635,0.0,2.450324853303635,,,,,
repetitions/pilot/d020_n2_M024_z_zero_rep01.npz,20,2,24,z_zero,z_zero,0.0,1,all,0.14957639994099736,0.7218748082869545,0.7584007377299594,0.18460414529945973,0.760237818551308,240,0.0,-0.38264681302094405,0.38264681302094405,0.7502079420966195,0.7637893338293855,0.18438363848786044,0.7715871669346539,48,0.0,-0.3245522744397807,0.3245522744397807,0.7218748082869545,0.7571236754927578,0.18465927200235957,0.7574405478148539,192,0.0,-0.3971704476662348,0.3971704476662348,0.7557673947351637,282480,276480,5760,6000,5760,282240,5644800,5760,5760,0.9986111111111111,0.12760416666666666,1.0,1.0,0.273119778964093,1.0973090770104612,0,11.120256203882704,-2.5011330828430958,2.5011330828430958,2.5011330828430958,0.0,2.5011330828430958,,,,,
repetitions/pilot/d020_n2_M032_batch_box_rep00.npz,20,2,32,batch_box,batch_box,1.0,0,all,0.25938940001651645,0.6319313603582697,0.6955847434816245,0.1673594644931749,0.7013460314799095,240,0.0,-0.338102865345166,0.338102865345166,0.6694648084402067,0.7039078815414218,0.16956740249418178,0.7169187887096335,48,0.0,-0.2810242521869732,0.2810242521869732,0.6319313603582697,0.6936062882655772,0.1668074799929232,0.697490448422869,192,0.0,-0.3523725186347142,0.3523725186347142,0.6767482601157797,499440,491520,7680,7920,7680,499200,9984000,7680,7680,0.9944010416666667,0.08580729166666666,0.9944010416666667,0.9997395833333333,0.1786436242139889,0.1786436242139889,0,8.799265306955569,-2.1662108182654096,2.1662108182654096,2.1743666196702667,0.311672228655175,2.477883046920584,0.5012773870115412,0.4465,0.3165,0.8445,0.9458333333333333
repetitions/pilot/d020_n2_M032_batch_box_rep01.npz,20,2,32,batch_box,batch_box,1.0,1,all,0.26341939996927977,0.6345914833578989,0.6950366713840227,0.1672380626887632,0.7009686932066932,240,0.0,-0.3367746505462869,0.33679724721023885,0.6681232407783249,0.7036949944070214,0.16836874210464356,0.7162175005125057,48,0.0,-0.2807452280411488,0.280765610828826,0.6345914833578989,0.6929779164969282,0.16695539283479308,0.6971943695973639,192,0.0,-0.3507820061725713,0.3508051563055921,0.6746534171672591,499440,491520,7680,7920,7680,499200,9984000,7680,7680,0.9955729166666667,0.08671875,0.9955729166666667,0.9998697916666667,0.17668269561253128,0.17668269561253128,0,8.728215130681944,-2.158898195020146,2.158898195020146,2.167061637731429,0.31875539954738863,2.477653594567535,0.48978467499402467,0.4265,0.3185,0.7375,0.9541666666666667
repetitions/pilot/d020_n2_M032_box_factor_a0p25_rep00.npz,20,2,32,box_factor_a0.25,box_factor,0.25,0,all,0.25058029987849295,0.6509293565128685,0.7082067566646176,0.17189959555173465,0.7135370709566532,240,0.0,-0.3461889412693103,0.3461889412693103,0.684092853886378,0.7191098200424081,0.174592692592238,0.7314906215129638,48,0.0,-0.2905330775533233,0.2905330775533233,0.6509293565128685,0.705609550997329,0.17122632129160878,0.7090838782580776,192,0.0,-0.36010290719830707,0.36010290719830707,0.6905580166335644,499440,491520,7680,7920,7680,499200,9984000,7680,7680,0.9944010416666667,0.08580729166666666,0.9977864583333333,0.9977864583333333,0.1786436242139889,0.5760365760996042,0,9.166598697585313,-2.2120703521156972,2.2120703521156972,2.219931147624942,0.265812694804887,2.477883046920584,,,,,
repetitions/pilot/d020_n2_M032_box_factor_a0p25_rep01.npz,20,2,32,box_factor_a0.25,box_factor,0.25,1,all,0.2683814000338316,0.6515778783845362,0.7065465786264105,0.17157981195743555,0.7120655970116623,240,0.0,-0.34499030608734105,0.34499410882364173,0.6815587135394908,0.7149931865078868,0.17324169857268087,0.7265516948012992,48,0.0,-0.28957000245476366,0.2895890161362673,0.6515778783845362,0.7045387874536259,0.17116434030362424,0.7084831918363953,192,0.0,-0.3588453819954854,0.3588453819954854,0.6874193521746051,499440,491520,7680,7920,7680,499200,9984000,7680,7680,0.9955729166666667,0.08671875,0.9973958333333334,0.9973958333333334,0.17668269561253128,0.5696819773423534,0,9.124309658449144,-2.210681501593133,2.210681501593133,2.2194808552237073,0.2669720929744018,2.477653594567535,,,,,
repetitions/pilot/d020_n2_M032_box_factor_a0p5_rep00.npz,20,2,32,box_factor_a0.5,box_factor,0.5,0,all,0.24466109997592866,0.6027577557006523,0.7100828979936958,0.17229249194898602,0.7255242132900763,240,0.0,-0.31924911635992975,0.31924911635992975,0.6371890878987928,0.7222947192421847,0.17471234981373715,0.7430769015499598,48,0.0,-0.2657578112541359,0.2657578112541359,0.6027577557006523,0.7071707001315825,0.17168752748279822,0.7211730638607842,192,0.0,-0.3326219426363782,0.3326219426363782,0.6438788058070015,499440,491520,7680,7920,7680,499200,9984000,7680,7680,0.9944010416666667,0.08580729166666666,0.9963541666666667,0.9963541666666667,0.1786436242139889,0.3730625454173198,0,7.982244574405974,-2.0076257863216322,2.0076257863216322,2.0358271675119934,0.470257260598952,2.477883046920584,,,,,
repetitions/pilot/d020_n2_M032_box_factor_a0p5_rep01.npz,20,2,32,box_factor_a0.5,box_factor,0.5,1,all,0.26665330003015697,0.603296703600602,0.7084460387114653,0.17186997803271814,0.7242559707708527,240,0.0,-0.31734679319533304,0.31735709593015066,0.6336774040606322,0.7165830631243526,0.17178187266912073,0.7363693468329984,48,0.0,-0.2639412505156376,0.26396685482056054,0.603296703600602,0.7065123963475941,0.1718920043736175,0.7212670584279974,192,0.0,-0.33069817886525693,0.3307046562075482,0.6396019864074534,499440,491520,7680,7920,7680,499200,9984000,7680,7680,0.9955729166666667,0.08671875,0.9966145833333333,0.9966145833333333,0.17668269561253128,0.36878820777973087,0,7.932096458736278,-2.0051498035472353,2.0051498035472353,2.0344061598032006,0.47250379102029966,2.477653594567535,,,,,
repetitions/pilot/d020_n2_M032_box_factor_a0p75_rep00.npz,20,2,32,box_factor_a0.75,box_factor,0.75,0,all,0.2446328999940306,0.5717070065036869,0.7321875613957814,0.17708640270110204,0.7576968524393112,240,0.0,-0.3005565385980174,0.3006328402998331,0.6064023906449949,0.7463536984244181,0.1785380450048158,0.7754370508595653,48,0.0,-0.24884278554708147,0.24884278554708147,0.5717070065036869,0.7288048307754534,0.17672349212517358,0.7533013473949275,192,0.0,-0.31348497686075144,0.31358035398802103,0.6131304047701696,499440,491520,7680,7920,7680,499200,9984000,7680,7680,0.9944010416666667,0.08580729166666666,0.9954427083333334,0.9954427083333334,0.1786436242139889,0.25025874218234,0,7.269419787457472,-1.8591995715780236,1.8591995715780236,1.9124673106507322,0.618683475342561,2.477883046920584,,,,,
repetitions/pilot/d020_n2_M032_box_factor_a0p75_rep01.npz,20,2,32,box_factor_a0.75,box_factor,0.75,1,all,0.27179739996790886,0.5711505105177085,0.7305427788703411,0.17682935168588046,0.7564539177063324,240,0.0,-0.29822722948026315,0.2982796533994659,0.6024923786991417,0.7399518076037102,0.17459337870690034,0.7681668355929949,48,0.0,-0.2456474231417568,0.24567850182394088,0.5711505105177085,0.7283049403436404,0.1773883449306255,0.7535660426018542,192,0.0,-0.31137218106488973,0.3114299412933471,0.60858929840939,499440,491520,7680,7920,7680,499200,9984000,7680,7680,0.9955729166666667,0.08671875,0.99609375,0.99609375,0.17668269561253128,0.24752820108074242,0,7.2219613661549,-1.8563662799043656,1.8563662799043656,1.912679685978682,0.6212873146631688,2.477653594567535,,,,,
repetitions/pilot/d020_n2_M032_box_factor_a1p25_rep00.npz,20,2,32,box_factor_a1.25,box_factor,1.25,0,all,0.25884689996019006,0.5408087504834294,0.777995227766543,0.18694969933325534,0.8166820906672854,240,0.0,-0.28066936589723196,0.2810698025661714,0.5761616654815075,0.7988918550807219,0.18832217005122348,0.8394671682131458,48,0.0,-0.23058231800070103,0.23058231800070103,0.5408087504834294,0.7729821804548749,0.1866065816537633,0.8110208841565365,192,0.0,-0.2931911278713647,0.293691673707539,0.5829999312104434,499440,491520,7680,7920,7680,499200,9984000,7680,7680,0.9944010416666667,0.08580729166666666,0.9930989583333333,0.9930989583333333,0.1786436242139889,0.13846979626206904,0,6.664579698486411,-1.6923395785626802,1.6923395785626802,1.7874724846262784,0.7855434683579043,2.477883046920584,,,,,
repetitions/pilot/d020_n2_M032_box_factor_a1p25_rep01.npz,20,2,32,box_factor_a1.25,box_factor,1.25,1,all,0.25280870008282363,0.5393784389593861,0.7775787559583243,0.18702302176804322,0.8168605171594219,240,0.0,-0.2777948776114683,0.2782491757081372,0.5719729108324373,0.7932532399410632,0.1839668762364101,0.8332458306805396,48,0.0,-0.22558844568377712,0.2256267198892945,0.5393784389593861,0.7738339775697334,0.18778705815095148,0.812809153045997,192,0.0,-0.2908464855933911,0.29140478966284783,0.5782944030670345,499440,491520,7680,7920,7680,499200,9984000,7680,7680,0.9955729166666667,0.08671875,0.9946614583333333,0.9946614583333333,0.17668269561253128,0.13682697478806402,0,6.632963997662927,-1.688420212377359,1.688420212377359,1.793474905532011,0.7892333821901757,2.477653594567535,,,,,
repetitions/pilot/d020_n2_M032_box_factor_a1p5_rep00.npz,20,2,32,box_factor_a1.5,box_factor,1.5,0,all,0.25742759997956455,0.5343075245764718,0.7922252218749303,0.18993078163096191,0.8342426630111063,240,0.0,-0.27620710617065114,0.27680899341915577,0.5699640035593535,0.8150024180533367,0.19129205816043324,0.8585154658728014,48,0.0,-0.22634138724526254,0.22634138724526254,0.5343075245764718,0.7867546649792426,0.18959046249859404,0.8282073414760737,192,0.0,-0.2886735359019983,0.2894258949626291,0.5768559539963466,499440,491520,7680,7920,7680,499200,9984000,7680,7680,0.9944010416666667,0.08580729166666666,0.9916666666666667,0.9916666666666667,0.1786436242139889,0.11686556885988249,0,6.5669308670493045,-1.6521442917202849,1.6521442917202849,1.7653315702704397,0.8257387552002997,2.477883046920584,,,,,
repetitions/pilot/d020_n2_M032_box_factor_a1p5_rep01.npz,20,2,32,box_factor_a1.5,box_factor,1.5,1,all,0.19849390001036227,0.5333102066858716,0.7928211770481152,0.19030178056484043,0.8355858045806273,240,0.0,-0.27318878512073186,0.2738108971391034,0.5657316174801348,0.810329679103855,0.18720067758220935,0.8533455059918763,48,0.0,-0.22118447121936313,0.22141819210798194,0.5333102066858716,0.7886332686028391,0.19107705631049818,0.8311913571363557,192,0.0,-0.286189863596074,0.28690907339688376,0.5720183121673036,499440,491520,7680,7920,7680,499200,9984000,7680,7680,0.9955729166666667,0.08671875,0.9940104166666667,0.9940104166666667,0.17668269561253128,0.11530912585758096,0,6.539428620875329,-1.647990051840923,1.647990051840923,1.77205998899922,0.8296635427266115,2.477653594567535,,,,,
repetitions/pilot/d020_n2_M032_box_factor_a2_rep00.npz,20,2,32,box_factor_a2,box_factor,2.0,0,all,0.264106199843809,0.5296643100280648,0.8058991995903677,0.19273999464773264,0.8508628185925039,240,0.0,-0.27251378088962613,0.2733394836229188,0.5651973754964067,0.8306964025135158,0.1942365145908089,0.8768078456981457,48,0.0,-0.22308867851123548,0.22308867851123548,0.5296643100280648,0.7999360793941751,0.19236586466196356,0.8444061179302016,192,0.0,-0.2848700564842238,0.2859021849008397,0.5720641792196494,499440,491520,7680,7920,7680,499200,9984000,7680,7680,0.9944010416666667,0.08580729166666666,0.9885416666666667,0.9885416666666667,0.1786436242139889,0.10019695896506435,0,6.507677586205753,-1.61676666450876,1.61676666450876,1.7529609069147054,0.8611163824118245,2.477883046920584,,,,,
repetitions/pilot/d020_n2_M032_box_factor_a2_rep01.npz,20,2,32,box_factor_a2,box_factor,2.0,1,all,0.20008979993872344,0.528388740654981,0.8078474640047906,0.19354063495391644,0.8537660540246985,240,0.0,-0.2693713601202731,0.2702954763154789,0.5608884124109321,0.8284095247231213,0.1904348684263243,0.8743728153547926,48,0.0,-0.21747434396852283,0.2180740567314748,0.528388740654981,0.802918949162871,0.19431707658581449,0.8486580080237788,192,0.0,-0.28234561415821063,0.28335083121148,0.5671878527262392,499440,491520,7680,7920,7680,499200,9984000,7680,7680,0.9955729166666667,0.08671875,0.991015625,0.991015625,0.17668269561253128,0.0987890372711157,0,6.485756117958519,-1.6120043456831563,1.6120043456831563,1.7610103679584832,0.8656492488843784,2.477653594567535,,,,,
repetitions/pilot/d020_n2_M032_f_zero_rep00.npz,20,2,32,f_zero,f_zero,0.0,0,all,0.11488169990479946,0.719338101643642,0.7509798155795278,0.1826385843874666,0.7509625820443501,240,0.0,-0.38298792596779196,0.38298792596779196,0.7510561593062304,0.7598517587502117,0.18422576094020632,0.7673960680080303,48,0.0,-0.32415075292489093,0.32415075292489093,0.719338101643642,0.7488711039541018,0.1822417902492817,0.7468947051765021,192,0.0,-0.39769721922851725,0.39769721922851725,0.7572629942311009,246000,245760,0,240,0,245760,4915200,0,0,0.0,0.0,0.0,0.0,0.0,0.0,0,,,,,,,,,,,
repetitions/pilot/d020_n2_M032_f_zero_rep01.npz,20,2,32,f_zero,f_zero,0.0,1,all,0.12080900021828711,0.7210031383203688,0.7489344109785776,0.1822567898179803,0.7485273284423146,240,0.0,-0.38302479852006416,0.38302712420196344,0.7507352241026104,0.75558616795501,0.18186133149214115,0.7620554658968223,48,0.0,-0.32462326559219334,0.3246348940016899,0.7210031383203688,0.7473562582853184,0.1823556543994401,0.7451865375143417,192,0.0,-0.39762518175203193,0.39762518175203193,0.7565626927614946,246000,245760,0,240,0,245760,4915200,0,0,0.0,0.0,0.0,0.0,0.0,0.0,0,,,,,,,,,,,
repetitions/pilot/d020_n2_M032_raw_rep00.npz,20,2,32,raw,raw,1.0,0,all,0.2560515000950545,0.5579511045427958,0.7852072505740855,0.18923974642848218,0.8218684828895615,240,0.0,-0.28871274553482207,0.2892765872372024,0.5962659115901776,0.8145258068693977,0.1925003018654796,0.8550775202685389,48,0.0,-0.23647895490678414,0.23647895490678414,0.5579511045427958,0.7781283082097785,0.1884246075692328,0.8135531469866308,192,0.0,-0.3017711931918315,0.30247599531980696,0.6036640300835411,499440,491520,7680,7920,7680,499200,9984000,7680,7680,0.9944010416666667,0.08580729166666666,0.9944010416666667,0.0,0.1786436242139889,0.1786436242139889,0,7.0490779948087035,-1.718791665173716,1.718791665173716,1.8323415295569496,0.7590913817468689,2.477883046920584,,,,,
repetitions/pilot/d020_n2_M032_raw_rep01.npz,20,2,32,raw,raw,1.0,1,all,0.25693790009245276,0.5604054883057277,0.7875085151292748,0.19003131230427936,0.8250822208937544,240,0.0,-0.2863482467777983,0.2867452860914625,0.5930747821027248,0.8152521506725504,0.18874827527365248,0.8555940615143716,48,0.0,-0.23243665973987515,0.23266579038365734,0.5604054883057277,0.7808185184821917,0.1903520715619361,0.8174584380227601,192,0.0,-0.29982614353727904,0.3002651600184138,0.5994181102114721,499440,491520,7680,7920,7680,499200,9984000,7680,7680,0.9955729166666667,0.08671875,0.9955729166666667,0.0,0.17668269561253128,0.17668269561253128,0,7.025839214138512,-1.7147603814391823,1.7147603814391823,1.8392160188245321,0.762893213128352,2.477653594567535,,,,,
repetitions/pilot/d020_n2_M032_sample_ball_rep00.npz,20,2,32,sample_ball,sample_ball,1.0,0,all,0.2534618000499904,0.562006939354123,0.7694598439141498,0.18546064215790672,0.8027417421643557,240,0.0,-0.29258084628523245,0.29285521528681163,0.6002108064227453,0.7951865704920155,0.18848221751845778,0.8325672583655663,48,0.0,-0.23978901422492105,0.23978901422492105,0.562006939354123,0.7632630424798748,0.18470524831776897,0.7952886424368867,192,0.0,-0.3057788043003104,0.30612176555228426,0.6075902308124158,499440,491520,7680,7920,7680,499200,9984000,7680,7680,0.9944010416666667,0.08580729166666666,0.08580729166666666,0.08580729166666666,0.1786436242139889,0.012179768550913355,0,7.100257963789272,-1.7678739948808853,1.7678739948808853,1.8495813649462076,0.7100090520396992,2.477883046920584,,,,,
repetitions/pilot/d020_n2_M032_sample_ball_rep01.npz,20,2,32,sample_ball,sample_ball,1.0,1,all,0.25677520013414323,0.5652217070894917,0.7678049428338825,0.1855399610307325,0.8012429146473036,240,0.0,-0.2906624175810069,0.29093312486796036,0.5975693200036696,0.7807870948037774,0.18270833608148493,0.815729840619327,48,0.0,-0.23690160566551777,0.23693905204807972,0.5652217070894917,0.7647095940658225,0.18624786726804438,0.797665332870322,192,0.0,-0.3041026205598792,0.3044316430729305,0.6038538235193218,499440,491520,7680,7920,7680,499200,9984000,7680,7680,0.9955729166666667,0.08671875,0.08671875,0.08671875,0.17668269561253128,0.0115908836670158,0,7.064796511860551,-1.7656650420830433,1.7656650420830433,1.853363556090383,0.7119885524844912,2.477653594567535,,,,,
repetitions/pilot/d020_n2_M032_sample_box_rep00.npz,20,2,32,sample_box,sample_box,1.0,0,all,0.246135100023821,0.5522407734305147,0.7571680421195636,0.18258994188639005,0.7904785116186978,240,0.0,-0.2882801960459159,0.2885302624986874,0.5872926517712239,0.7746009831340993,0.18394652611707601,0.8103902635751661,48,0.0,-0.23768942438017146,0.23768942438017146,0.5522407734305147,0.7529957917592732,0.1822507958287186,0.7855395210808075,192,0.0,-0.3009278889623521,0.3012404720283164,0.5940796018629814,499440,491520,7680,7920,7680,499200,9984000,7680,7680,0.9944010416666667,0.08580729166666666,0.9944010416666667,0.9944010416666667,0.1786436242139889,0.1786436242139889,0,6.870039884884395,-1.757819176446551,1.757819176446551,1.8326977971859006,0.7200638704740333,2.477883046920584,,,,,
repetitions/pilot/d020_n2_M032_sample_box_rep01.npz,20,2,32,sample_box,sample_box,1.0,1,all,0.26046860008500516,0.550762045132789,0.7562874095697918,0.18245356753591346,0.7901263073171297,240,0.0,-0.2856301517996977,0.2858778987417075,0.5832165556493839,0.7692158101011028,0.17965471469026925,0.804446271288863,48,0.0,-0.23321474276423623,0.23324997563716898,0.550762045132789,0.7532045225218255,0.18315328074732454,0.7865898626747883,192,0.0,-0.2987340040585631,0.2990348795178421,0.5895160253226078,499440,491520,7680,7920,7680,499200,9984000,7680,7680,0.9955729166666667,0.08671875,0.9955729166666667,0.9955729166666667,0.17668269561253128,0.17668269561253128,0,6.831161851764145,-1.7544088454102353,1.7544088454102353,1.8367310901285137,0.7232447491572996,2.477653594567535,,,,,
repetitions/pilot/d020_n2_M032_shrink_c0p1_rep00.npz,20,2,32,shrink_c0.1,shrink,0.1,0,all,0.24500639992766082,0.7014735743221213,0.7350697742028877,0.17817443119317933,0.7352674867160687,240,0.0,-0.3735604079244949,0.3735604079244949,0.7341932223393786,0.7440858066882249,0.18006744729670554,0.752002006852882,48,0.0,-0.3153835731230803,0.3153835731230803,0.7014735743221213,0.7329262176947265,0.17770117716729777,0.7311228400230275,192,0.0,-0.3881046166248486,0.3881046166248486,0.7405870073679689,499440,491520,7680,7920,7680,499200,9984000,7680,7680,0.9944010416666667,0.08580729166666666,1.0,1.0,0.1786436242139889,0.7316761452847733,0,10.403978112859143,-2.4019739087458976,2.4019739087458976,2.402288144746025,0.07590913817468689,2.477883046920584,,,,,
repetitions/pilot/d020_n2_M032_shrink_c0p1_rep01.npz,20,2,32,shrink_c0.1,shrink,0.1,1,all,0.2581353997811675,0.7030848307400817,0.733084135659008,0.17771578465999263,0.7329568624169907,240,0.0,-0.3733571433458376,0.37336007207130034,0.733647719505641,0.7401222019996463,0.17840567493606987,0.7470328087821193,48,0.0,-0.31540460500696155,0.3154192486342758,0.7030848307400817,0.7314135885934222,0.17754331209097327,0.7294783478843009,192,0.0,-0.38784527793055656,0.38784527793055656,0.7396305761799095,499440,491520,7680,7920,7680,499200,9984000,7680,7680,0.9955729166666667,0.08671875,1.0,1.0,0.17668269561253128,0.7243433213307718,0,10.370751080874818,-2.4013642732546994,2.4013642732546994,2.4015989978549186,0.07628932131283521,2.477653594567535,,,,,
repetitions/pilot/d020_n2_M032_shrink_c0p25_rep00.npz,20,2,32,shrink_c0.25,shrink,0.25,0,all,0.24283439991995692,0.6752620166712339,0.7189610739832648,0.17407115578346136,0.721106558937548,240,0.0,-0.35941913085954946,0.35941913085954946,0.709378039027827,0.7290838973028994,0.1767194583617583,0.7389828849214441,48,0.0,-0.30223280342036424,0.30223280342036424,0.6752620166712339,0.716551683822759,0.17340908013888712,0.7166735416253576,192,0.0,-0.3737157127193458,0.3737157127193458,0.7160304488890146,499440,491520,7680,7920,7680,499200,9984000,7680,7680,0.9944010416666667,0.08580729166666666,1.0,1.0,0.1786436242139889,0.5081084342255371,0,9.594395672775086,-2.2881102014838675,2.2881102014838675,2.2902509639853736,0.1897728454367172,2.477883046920584,,,,,
repetitions/pilot/d020_n2_M032_shrink_c0p25_rep01.npz,20,2,32,shrink_c0.25,shrink,0.25,1,all,0.26957250013947487,0.6768382095120815,0.7172404541178258,0.17352939446445093,0.7192048103336146,240,0.0,-0.35885566058449764,0.3588594938753058,0.7084723983929221,0.7256921242075043,0.17561987081293898,0.7347128598460752,48,0.0,-0.3015766141291138,0.3015957805831546,0.6768382095120815,0.7152316717973239,0.17300677537732892,0.7153667752685361,192,0.0,-0.37317542219834365,0.37317542219834365,0.7146537510612101,499440,491520,7680,7920,7680,499200,9984000,7680,7680,0.9955729166666667,0.08671875,1.0,1.0,0.17668269561253128,0.5030161953685917,0,9.557729106502183,-2.2869302912854463,2.2869302912854463,2.2885881126689447,0.190723303282088,2.477653594567535,,,,,
repetitions/pilot/d020_n2_M032_shrink_c0p5_rep00.npz,20,2,32,shrink_c0.5,shrink,0.5,0,all,0.24602830014191568,0.6333505941818355,0.7141286746046877,0.17356944956977516,0.7238313292262971,240,0.0,-0.335850335751307,0.335850335751307,0.6694543290457672,0.7284498196718782,0.17700681910904342,0.7453447774621486,48,0.0,-0.2803148539158375,0.2803148539158375,0.6333505941818355,0.71070744071652,0.17271010718495805,0.7184800325729812,192,0.0,-0.3497342062101743,0.3497342062101743,0.6764694331368288,499440,491520,7680,7920,7680,499200,9984000,7680,7680,0.9944010416666667,0.08580729166666666,1.0,1.0,0.1786436242139889,0.22582597076690542,0,8.467698201887421,-2.0983373560471503,2.0983373560471503,2.110443276118299,0.3795456908734344,2.477883046920584,,,,,
repetitions/pilot/d020_n2_M032_shrink_c0p5_rep01.npz,20,2,32,shrink_c0.5,shrink,0.5,1,all,0.2650957000441849,0.6350062243479562,0.7133176428659241,0.1728101708714904,0.7231788230463344,240,0.0,-0.3346865226489312,0.3346918635486482,0.6678813119756581,0.7262847433635341,0.1752434710167818,0.7425496044232306,48,0.0,-0.27852996266603425,0.27855666716461935,0.6350062243479562,0.7102234605092012,0.17220184583516754,0.718369259281233,192,0.0,-0.3487256626446554,0.3487256626446554,0.6742873544047308,499440,491520,7680,7920,7680,499200,9984000,7680,7680,0.9955729166666667,0.08671875,1.0,1.0,0.17668269561253128,0.22356275349715185,0,8.42983618321438,-2.0962069880033583,2.0962069880033583,2.1087596515631626,0.381446606564176,2.477653594567535,,,,,
repetitions/pilot/d020_n2_M032_shrink_c0p75_rep00.npz,20,2,32,shrink_c0.75,shrink,0.75,0,all,0.24539500009268522,0.5940621654768342,0.737017569245331,0.17894890707979894,0.7587859850517717,240,0.0,-0.31228154064306446,0.3122890659869208,0.6316177987527624,0.7580251491188214,0.18227039449905819,0.7856374001051784,48,0.0,-0.2583969044113108,0.2583969044113108,0.5940621654768342,0.73197280170729,0.17811853522498414,0.7520834238576273,192,0.0,-0.3257526997010029,0.3257621063808233,0.6388905329777775,499440,491520,7680,7920,7680,499200,9984000,7680,7680,0.9944010416666667,0.08580729166666666,1.0,1.0,0.1786436242139889,0.056456492691726354,0,7.619258975898627,-1.908564510610433,1.908564510610433,1.948340526389581,0.5693185363101516,2.477883046920584,,,,,
repetitions/pilot/d020_n2_M032_shrink_c0p75_rep01.npz,20,2,32,shrink_c0.75,shrink,0.75,1,all,0.2636623000726104,0.5959986197829659,0.737609194458548,0.1788551382064059,0.7599271768478879,240,0.0,-0.3105173847133648,0.3105242332219907,0.6292855468811581,0.7572924567975315,0.17947025998047111,0.7845121534564752,48,0.0,-0.2554833112029547,0.2555175537460841,0.5959986197829659,0.7328877372048475,0.1787013577628896,0.7538018866115307,192,0.0,-0.32427590309096727,0.32427590309096727,0.6357573949954043,499440,491520,7680,7920,7680,499200,9984000,7680,7680,0.9955729166666667,0.08671875,1.0,1.0,0.17668269561253128,0.05589068837428796,0,7.585872885759822,-1.90548368472127,1.90548368472127,1.9504302082746687,0.572169909846264,2.477653594567535,,,,,
repetitions/pilot/d020_n2_M032_z_only_box_rep00.npz,20,2,32,z_only_box,z_only_box,1.0,0,all,0.2460713000036776,0.5522407734305147,0.7571680421195636,0.18258994188639005,0.7904785116186978,240,0.0,-0.2882801960459159,0.2885302624986874,0.5872926517712239,0.7746009831340993,0.18394652611707601,0.8103902635751661,48,0.0,-0.23768942438017146,0.23768942438017146,0.5522407734305147,0.7529957917592732,0.1822507958287186,0.7855395210808075,192,0.0,-0.3009278889623521,0.3012404720283164,0.5940796018629814,499440,491520,7680,7920,7680,499200,9984000,7680,7680,0.9944010416666667,0.08580729166666666,0.9944010416666667,0.9944010416666667,0.1786436242139889,0.1786436242139889,0,6.870039884884395,-1.757819176446551,1.757819176446551,1.8326977971859006,0.7200638704740333,2.477883046920584,,,,,
repetitions/pilot/d020_n2_M032_z_only_box_rep01.npz,20,2,32,z_only_box,z_only_box,1.0,1,all,0.2617619999218732,0.550762045132789,0.7562874095697918,0.18245356753591346,0.7901263073171297,240,0.0,-0.2856301517996977,0.2858778987417075,0.5832165556493839,0.7692158101011028,0.17965471469026925,0.804446271288863,48,0.0,-0.23321474276423623,0.23324997563716898,0.550762045132789,0.7532045225218255,0.18315328074732454,0.7865898626747883,192,0.0,-0.2987340040585631,0.2990348795178421,0.5895160253226078,499440,491520,7680,7920,7680,499200,9984000,7680,7680,0.9955729166666667,0.08671875,0.9955729166666667,0.9955729166666667,0.17668269561253128,0.17668269561253128,0,6.831161851764145,-1.7544088454102353,1.7544088454102353,1.8367310901285137,0.7232447491572996,2.477653594567535,,,,,
repetitions/pilot/d020_n2_M032_z_zero_rep00.npz,20,2,32,z_zero,z_zero,0.0,0,all,0.24264680012129247,0.719338101643642,0.7509798155795278,0.1826385843874666,0.7509625820443501,240,0.0,-0.38298792596779196,0.38298792596779196,0.7510561593062304,0.7598517587502117,0.18422576094020632,0.7673960680080303,48,0.0,-0.32415075292489093,0.32415075292489093,0.719338101643642,0.7488711039541018,0.1822417902492817,0.7468947051765021,192,0.0,-0.39769721922851725,0.39769721922851725,0.7572629942311009,499440,491520,7680,7920,7680,499200,9984000,7680,7680,0.9944010416666667,0.08580729166666666,1.0,1.0,0.1786436242139889,0.9033038830676217,0,10.999351388561623,-2.477883046920584,2.477883046920584,2.477883046920584,0.0,2.477883046920584,,,,,
repetitions/pilot/d020_n2_M032_z_zero_rep01.npz,20,2,32,z_zero,z_zero,0.0,1,all,0.2507423998322338,0.7210031383203688,0.7489344109785776,0.1822567898179803,0.7485273284423146,240,0.0,-0.38302479852006416,0.38302712420196344,0.7507352241026104,0.75558616795501,0.18186133149214115,0.7620554658968223,48,0.0,-0.32462326559219334,0.3246348940016899,0.7210031383203688,0.7473562582853184,0.1823556543994401,0.7451865375143417,192,0.0,-0.39762518175203193,0.39762518175203193,0.7565626927614946,499440,491520,7680,7920,7680,499200,9984000,7680,7680,0.9955729166666667,0.08671875,1.0,1.0,0.17668269561253128,0.8942510139886074,0,10.969551655623226,-2.477653594567535,2.477653594567535,2.477653594567535,0.0,2.477653594567535,,,,,
repetitions/pilot/d020_n3_M002_batch_box_rep00.npz,20,3,2,batch_box,batch_box,1.0,0,all,0.025337799917906523,0.6808505089541341,1.8411362948151966,0.42275522910672714,2.011530108995428,240,0.0,-0.33372820705477646,0.33761968341951476,0.693879689450736,1.9352206801652196,0.41577857739911456,2.0918904797097824,48,0.0,-0.279317976489913,0.2931940343150949,0.6808505089541341,1.8182267968707186,0.42449939203363035,1.991414063898665,192,0.0,-0.3473307646959923,0.3487260956956198,0.6964657275659938,11760,8640,2880,3120,2400,11040,220800,2400,2880,1.0,0.5322916666666667,1.0,1.0,5.867300668359079,5.867300668359079,0,8.259172989596932,-2.0060852187818843,2.0060852187818843,2.021637178257447,0.2886110867886116,2.294696305570496,0.42397456451140625,0.2755,0.1245,0.9995,0.8033333333333333
repetitions/pilot/d020_n3_M002_batch_box_rep01.npz,20,3,2,batch_box,batch_box,1.0,1,all,0.02143030008301139,0.6504512154855882,1.779516422943054,0.4090738903768833,1.9426891574198555,240,0.0,-0.3346120283674062,0.33793775736879544,0.6898729969379506,1.7575829482112144,0.3923081582435236,1.8978099064931444,48,0.0,-0.28337878327193394,0.28462633114969954,0.6504512154855882,1.7846524453476893,0.4132653234102232,1.9534917579733964,192,0.0,-0.3474203396412742,0.3512656139235694,0.6975178709976733,11760,8640,2880,3120,2400,11040,220800,2400,2880,1.0,0.5104166666666666,1.0,1.0,5.678204126525807,5.678204126525807,0,7.902829440842513,-1.9475033204073955,1.9475033204073955,1.960761556381765,0.2785159849328679,2.2260193053402633,0.4275586690671141,0.2695,0.1245,0.9995,0.8058333333333333
repetitions/pilot/d020_n3_M002_box_factor_a0p25_rep00.npz,20,3,2,box_factor_a0.25,box_factor,0.25,0,all,0.018073899904266,0.6868485346370147,1.6172534389131927,0.3796043956577978,1.7594078176937746,240,0.0,-0.3453357959627699,0.3474891189778108,0.6992621917725896,1.5738004254258355,0.3574920382986975,1.6918507089998596,48,0.0,-0.2951882390529203,0.30300165578765115,0.6868485346370147,1.6273372476698926,0.3851324849975729,1.775514379984257,192,0.0,-0.35787268519023235,0.35861098477535075,0.701727582526214,11760,8640,2880,3120,2400,11040,220800,2400,2880,1.0,0.5291666666666667,1.0,1.0,5.759749385907583,7.46635022112424,0,8.715329861372977,-2.0842087379759984,2.0842087379759984,2.09193765076507,0.21048756759449738,2.294696305570496,,,,,
repetitions/pilot/d020_n3_M002_box_factor_a0p25_rep01.npz,20,3,2,box_factor_a0.25,box_factor,0.25,1,all,0.015752499923110008,0.6719658625868319,1.6048848562032132,0.37319501561848784,1.7443967899952133,240,0.0,-0.3499024219753231,0.3522445538090405,0.7110317625890671,1.572912862043099,0.3562535089007734,1.692015690366071,48,0.0,-0.29860520276371255,0.2991789835603909,0.6719658625868319,1.6123363874757652,0.3774303922979165,1.7569506954692702,192,0.0,-0.36272672677822576,0.36551094637120296,0.7186177609140552,11760,8640,2880,3120,2400,11040,220800,2400,2880,1.0,0.5072916666666667,1.0,1.0,5.613587773954137,7.259113392763293,0,8.34486467198296,-2.020430370418443,2.020430370418443,2.026320969627403,0.20558893492181987,2.2260193053402633,,,,,
repetitions/pilot/d020_n3_M002_box_factor_a0p5_rep00.npz,20,3,2,box_factor_a0.5,box_factor,0.5,0,all,0.018311399966478348,0.6204894994242115,1.985372057673738,0.45298178658455013,2.176406951218844,240,0.0,-0.30603760953293757,0.31214422166511596,0.6476664721376622,2.022187498869848,0.44012837324840925,2.1912194334695525,48,0.0,-0.25382623560851353,0.27026025359396105,0.6204894994242115,1.9765852588244546,0.4561951399185854,2.172774498534723,192,0.0,-0.3190904530140435,0.3226152136829047,0.652985541938816,11760,8640,2880,3120,2400,11040,220800,2400,2880,1.0,0.5333333333333333,1.0,1.0,5.924868310672337,6.996972458528903,0,7.616120032533265,-1.8952071697665345,1.8952071697665345,1.923680905555865,0.39948913580396156,2.294696305570496,,,,,
repetitions/pilot/d020_n3_M002_box_factor_a0p5_rep01.npz,20,3,2,box_factor_a0.5,box_factor,0.5,1,all,0.016330800019204617,0.6088113608828123,1.918468180524718,0.43794653599709693,2.100546041922963,240,0.0,-0.3115049931615641,0.3177105520946254,0.6622665148332313,1.8510560864755632,0.4149938348014533,2.0034790790375068,48,0.0,-0.2637851315644128,0.26538119857764997,0.6088113608828123,1.9340318569200836,0.44368471129600795,2.1235752624947963,192,0.0,-0.32343495856085197,0.3307928904738693,0.6724849500490928,11760,8640,2880,3120,2400,11040,220800,2400,2880,1.0,0.5114583333333333,1.0,1.0,5.762119196773483,6.795410673168308,0,7.251788826166593,-1.8355072520043203,1.8355072520043203,1.861497271016866,0.390512053335943,2.2260193053402633,,,,,
repetitions/pilot/d020_n3_M002_box_factor_a0p75_rep00.npz,20,3,2,box_factor_a0.75,box_factor,0.75,0,all,0.021959499921649694,0.5712884155766759,2.5451850461252663,0.5525054721804685,2.802778284798605,240,0.0,-0.2648165295681778,0.28798605467074967,0.6122817499044935,2.7953506165248,0.5680213847098945,3.04197346375264,48,0.0,-0.2055220304425749,0.2351180227718398,0.5712884155766759,2.4824837994327718,0.5486264940481118,2.741199490660197,192,0.0,-0.2796401543495785,0.3012030626454771,0.6201840846529344,11760,8640,2880,3120,2400,11040,220800,2400,2880,1.0,0.5354166666666667,1.0,1.0,6.164423190792695,6.673176214722679,0,6.815967290985461,-1.7244718156161403,1.7244718156161403,1.793049821535248,0.5702244899543557,2.294696305570496,,,,,
repetitions/pilot/d020_n3_M002_box_factor_a0p75_rep01.npz,20,3,2,box_factor_a0.75,box_factor,0.75,1,all,0.018331400118768215,0.5605554304680199,2.3837951577397205,0.5281024022726755,2.6226197974020966,240,0.0,-0.27133102307510587,0.28439215561696446,0.6208497988127107,2.2854891318889203,0.48932827635468473,2.483413504442791,48,0.0,-0.22820190254049869,0.23408344870958833,0.5605554304680199,2.4064055049820268,0.537795933752173,2.6555047369298443,192,0.0,-0.2821133032087576,0.29696933234380857,0.6322604235715933,11760,8640,2880,3120,2400,11040,220800,2400,2880,1.0,0.5135416666666667,1.0,1.0,5.973419107895035,6.4636925251160555,0,6.447294825093287,-1.6681872897227021,1.6681872897227021,1.7304254904362337,0.5578320156175613,2.2260193053402633,,,,,
repetitions/pilot/d020_n3_M002_box_factor_a1p25_rep00.npz,20,3,2,box_factor_a1.25,box_factor,1.25,0,all,0.01695819990709424,0.5807683383167581,3.9349216579371027,0.7825501351029032,4.3468269448144605,240,0.0,-0.18175583275493817,0.2781302180101886,0.6089257782217585,4.571314280197029,0.8460681667476142,4.984961480937309,48,0.0,-0.10924407504602257,0.22390796908362418,0.5807683383167581,3.7691256371899606,0.7666706271917254,4.176212096455879,192,0.0,-0.19988377218216705,0.29168578024182973,0.6144224706077265,11760,8640,2880,3120,2400,11040,220800,2400,2880,1.0,0.5361111111111111,1.0,1.0,6.77700865453203,6.313425160178188,0,5.957594040121075,-1.4304060878731848,1.4304060878731848,1.6416422589064086,0.8642902176973111,2.294696305570496,,,,,
repetitions/pilot/d020_n3_M002_box_factor_a1p25_rep01.npz,20,3,2,box_factor_a1.25,box_factor,1.25,1,all,0.022028400097042322,0.5641073418934203,3.6685468836720725,0.7528952225802066,4.052111343864992,240,0.0,-0.1881582267670237,0.2593118977579423,0.5819730709882076,3.6751910290235923,0.6856790172065849,4.005345912060724,48,0.0,-0.1548341123743587,0.2257878649047734,0.5641073418934203,3.6669774042826564,0.769699273923612,4.063449399804976,192,0.0,-0.19648925536518994,0.26769290597123446,0.585493652321371,11760,8640,2880,3120,2400,11040,220800,2400,2880,1.0,0.5159722222222223,1.0,1.0,6.492674790687245,6.046509479441277,0,5.526468905271395,-1.377252085261111,1.377252085261111,1.5534801881481082,0.8487672200791526,2.2260193053402633,,,,,
repetitions/pilot/d020_n3_M002_box_factor_a1p5_rep00.npz,20,3,2,box_factor_a1.5,box_factor,1.5,0,all,0.01974499993957579,0.6323022700228765,4.696231513852962,0.9037098795341247,5.190214042382159,240,0.0,-0.13947085693597358,0.29051648355118204,0.64695354918709,5.502307835460516,0.9848677145284881,6.001621936210007,48,0.0,-0.06015943307707419,0.23099445362563112,0.6323022700228765,4.484957693888709,0.8834204207855338,4.9719980992587764,192,0.0,-0.15929871290069839,0.30539699103256973,0.6498547662027097,11760,8640,2880,3120,2400,11040,220800,2400,2880,1.0,0.5375,1.0,1.0,7.107243521008657,6.219310388881587,0,5.827269903477297,-1.3032684587448586,1.3032684587448586,1.6142906873266105,0.9914278468256371,2.294696305570496,,,,,
repetitions/pilot/d020_n3_M002_box_factor_a1p5_rep01.npz,20,3,2,box_factor_a1.5,box_factor,1.5,1,all,0.020136799896135926,0.6173518528855184,4.408310967714453,0.8728563158479794,4.872314853410357,240,0.0,-0.14731972773688812,0.2670046388391411,0.5962832666539848,4.490260440047318,0.7908348309633529,4.8954798738686005,48,0.0,-0.11975088408269957,0.23955210226882181,0.6173518528855184,4.388751399525257,0.8933616870691361,4.866641354596369,192,0.0,-0.15421193865043528,0.273867772981721,0.5919637030631647,11760,8640,2880,3120,2400,11040,220800,2400,2880,1.0,0.5166666666666667,1.0,1.0,6.776869788934751,5.922664195440162,0,5.3529636303051875,-1.250812019835566,1.250812019835566,1.5181901677800722,0.9752072855046977,2.2260193053402633,,,,,
repetitions/pilot/d020_n3_M002_box_factor_a2_rep00.npz,20,3,2,box_factor_a2,box_factor,2.0,0,all,0.019245099974796176,0.8016638562587816,6.272859537438575,1.144370284021237,6.9347914452463515,240,0.0,-0.05829927974049851,0.33427627206454547,0.7856279538628295,7.2813073202433,1.245298928960847,7.942754589803253,48,0.0,0.03172191804132707,0.2748660098162384,0.8016638562587816,6.010288364480549,1.1191381227863344,6.665538362423618,192,0.0,-0.0808045791859549,0.34912883762662233,0.7823693773836474,11760,8640,2880,3120,2400,11040,220800,2400,2880,1.0,0.5375,1.0,1.0,7.746637794866273,6.112636627675986,0,6.030809744452967,-1.0830384593437885,1.0830384593437885,1.6212643576156114,1.2116578462267076,2.294696305570496,,,,,
repetitions/pilot/d020_n3_M002_box_factor_a2_rep01.npz,20,3,2,box_factor_a2,box_factor,2.0,1,all,0.023582000052556396,0.7449055120127486,5.946887344913171,1.1098506237678905,6.575807439111299,240,0.0,-0.06885394707441846,0.2966550760622102,0.6884736951524335,5.8994918643295895,0.9762272942331831,6.433425435103174,48,0.0,-0.058324992085519896,0.26825534411361973,0.7449055120127486,5.9580156028886275,1.1432564561515675,6.610110320023165,192,0.0,-0.0714861858216431,0.3037550090493579,0.6765788491921856,11760,8640,2880,3120,2400,11040,220800,2400,2880,1.0,0.5173611111111112,1.0,1.0,7.340064318411332,5.76726806458676,0,5.467016129431791,-1.0317288958365223,1.0317288958365223,1.52056951399752,1.1942904095037412,2.2260193053402633,,,,,
repetitions/pilot/d020_n3_M002_f_zero_rep00.npz,20,3,2,f_zero,f_zero,0.0,0,all,0.002045400207862258,0.7392563982232705,1.5014844662978821,0.35284142417469355,1.6226055873500227,240,0.0,-0.38332731522913543,0.3840283054874333,0.7603204630049448,1.4557972623584317,0.3299221537724584,1.5561976747220534,48,0.0,-0.32829214118546596,0.3295231558844965,0.7392563982232705,1.5120633459399249,0.35857124177525235,1.6384131298110125,192,0.0,-0.3970861087400528,0.39765459288816746,0.764478815419828,2160,1920,0,240,0,1920,38400,0,0,0.0,0.0,0.0,0.0,0.0,0.0,0,,,,,,,,,,,
repetitions/pilot/d020_n3_M002_f_zero_rep01.npz,20,3,2,f_zero,f_zero,0.0,1,all,0.002138199983164668,0.7443792242047945,1.5016262378784042,0.352192400461881,1.6220019344668433,240,0.0,-0.386010760957776,0.38746291116301396,0.7675130453597662,1.4898070578822686,0.3366030620073899,1.5936531752094925,48,0.0,-0.33213129917794015,0.33224338591970415,0.7443792242047945,1.5044015010232916,0.3560897350755038,1.628849568728805,192,0.0,-0.399480626402735,0.4012677924738413,0.7720732804594472,2160,1920,0,240,0,1920,38400,0,0,0.0,0.0,0.0,0.0,0.0,0.0,0,,,,,,,,,,,
repetitions/pilot/d020_n3_M002_raw_rep00.npz,20,3,2,raw,raw,1.0,0,all,0.020321799907833338,1.9175859551551717,15.621561073228351,1.6536488514676275,17.27269477231368,240,0.0,-0.14972884875066772,0.5116308881192908,1.8479829903025178,13.149918667141005,1.637898735881464,14.333881684568295,48,0.0,0.038094957405480766,0.48178279180873046,1.9175859551551717,16.149694840633416,1.6575863803641682,17.91725709888008,192,0.0,-0.19668480028970484,0.5190929121969308,1.8336928711174838,11760,8640,2880,3120,2400,11040,220800,2400,2880,1.0,0.5354166666666667,1.0,0.0,7.5323319983245876,7.5323319983245876,0,16.826818537575313,-1.362875552875635,1.362875552875635,2.2034777143466675,0.9318207526948612,2.294696305570496,,,,,
repetitions/pilot/d020_n3_M002_raw_rep01.npz,20,3,2,raw,raw,1.0,1,all,0.01548300008289516,1.9086346163623522,9.072632865956567,1.1759537986489075,10.027464571415448,240,0.0,-0.1660618879900943,0.4117512252796268,1.2316367163288997,12.400913033165535,1.1735956889299881,13.514787842167854,48,0.0,-0.15086446899983416,0.4406074355877256,1.9086346163623522,8.090050576148077,1.1765433260786373,8.972284646441338,192,0.0,-0.16986124273765935,0.4045371727026021,1.0441144796666992,11760,8640,2880,3120,2400,11040,220800,2400,2880,1.0,0.5138888888888888,1.0,0.0,6.885456129447163,6.885456129447163,0,9.92048911723134,-1.421258573700737,1.421258573700737,1.9776153328183104,0.8047607316395262,2.2260193053402633,,,,,
repetitions/pilot/d020_n3_M002_sample_ball_rep00.npz,20,3,2,sample_ball,sample_ball,1.0,0,all,0.018219599965959787,0.6959312730627747,2.316499554135601,0.5071288470203276,2.5419287059855864,240,0.0,-0.3216379287806897,0.33883422401634605,0.7169699945875063,2.5755320904811354,0.5191238852620964,2.795643213026478,48,0.0,-0.24707903073016094,0.2851602025901872,0.6959312730627747,2.2510371406555643,0.5041300874598853,2.4760270417452275,192,0.0,-0.3402776532933218,0.3522527293728858,0.7211192329521057,11760,8640,2880,3120,2400,11040,220800,2400,2880,1.0,0.5340277777777778,0.5340277777777778,0.5340277777777778,5.960774767190629,3.5700278140261337,0,8.524924848106256,-1.99444938983816,1.99444938983816,2.034183442972671,0.3002469157323364,2.294696305570496,,,,,
repetitions/pilot/d020_n3_M002_sample_ball_rep01.npz,20,3,2,sample_ball,sample_ball,1.0,1,all,0.019669999834150076,0.6998210622957994,2.299447336909081,0.49704608615792706,2.521068895529032,240,0.0,-0.33337434738387123,0.34279524993350596,0.7446553426831132,1.9902311074966552,0.4371714641100521,2.1513783660915085,48,0.0,-0.2948835556559884,0.2968625189188078,0.6998210622957994,2.3665246067694663,0.5120147416698957,2.6033821091088645,192,0.0,-0.3429970453158419,0.35427843268718057,0.7533336513135752,11760,8640,2880,3120,2400,11040,220800,2400,2880,1.0,0.5118055555555555,0.5118055555555555,0.5118055555555555,5.727880651976917,3.3863540756739887,0,8.166749740624748,-1.9412419023247778,1.9412419023247778,1.9746223557932185,0.28477740301548554,2.2260193053402633,,,,,
repetitions/pilot/d020_n3_M002_sample_box_rep00.npz,20,3,2,sample_box,sample_box,1.0,0,all,0.02159849996678531,0.5615083619330627,3.212506271746312,0.6647492178149582,3.5452628980485597,240,0.0,-0.22330860721563173,0.27682730150285145,0.5983118705785604,3.6526596196339893,0.7049507925941466,3.980767141033955,48,0.0,-0.1579082294441803,0.22442604647877787,0.5615083619330627,3.0995488568616536,0.6546988241201613,3.430527054769193,192,0.0,-0.23965870165849457,0.28992761525886984,0.6054300605339474,11760,8640,2880,3120,2400,11040,220800,2400,2880,1.0,0.5354166666666667,1.0,1.0,6.456250140745125,6.456250140745125,0,6.277240923072785,-1.5702643143564141,1.5702643143564141,1.6987754949351819,0.724431991214082,2.294696305570496,,,,,
repetitions/pilot/d020_n3_M002_sample_box_rep01.npz,20,3,2,sample_box,sample_box,1.0,1,all,0.016044700052589178,0.543387766932633,2.9767319200003057,0.6350813207898625,3.2836417157403948,240,0.0,-0.23000379169968863,0.262960369347045,0.5906153928015839,2.9018627062677207,0.5814116930242155,3.159600566283128,48,0.0,-0.1918263869185639,0.2215114151615759,0.543387766932633,2.994124764762348,0.6484987277312743,3.3132263778208304,192,0.0,-0.2395481428949698,0.27332260789341234,0.5996475301127192,11760,8640,2880,3120,2400,11040,220800,2400,2880,1.0,0.5149305555555556,1.0,1.0,6.222827702701996,6.222827702701996,0,5.882549380053961,-1.516280441989812,1.516280441989812,1.623961523910949,0.7097388633504516,2.2260193053402633,,,,,
repetitions/pilot/d020_n3_M002_shrink_c0p1_rep00.npz,20,3,2,shrink_c0.1,shrink,0.1,0,all,0.016470300033688545,0.7402678864700865,1.5357401046373294,0.3614150776033831,1.662728074304268,240,0.0,-0.3739506529746264,0.37496293979654016,0.7477202033804905,1.4913792317651384,0.3388104656551094,1.5957731984932841,48,0.0,-0.3239426967823769,0.32661145486672555,0.7402678864700865,1.5460217125381568,0.36706623059045157,1.6786723848674132,192,0.0,-0.38645264202268875,0.3870508110289938,0.749207210630841,11760,8640,2880,3120,2400,11040,220800,2400,2880,1.0,0.5291666666666667,1.0,1.0,5.715501865322646,6.619818665628539,0,9.641864676626714,-2.2211682253524168,2.2211682253524168,2.2235090220305764,0.0735280802180795,2.294696305570496,,,,,
repetitions/pilot/d020_n3_M002_shrink_c0p1_rep01.npz,20,3,2,shrink_c0.1,shrink,0.1,1,all,0.0143329999409616,0.7397109804050913,1.5272070182360986,0.35795557968583597,1.6522084836534658,240,0.0,-0.3776574480998195,0.37925873926380443,0.7560746297754779,1.530992006635006,0.3457258818043311,1.6399372224389765,48,0.0,-0.32883873491473886,0.32904725372918725,0.7397109804050913,1.5263125599912022,0.36101300415621224,1.6551912259610069,192,0.0,-0.3898621263960897,0.39181161064745873,0.7593168889040217,11760,8640,2880,3120,2400,11040,220800,2400,2880,1.0,0.5041666666666667,1.0,1.0,5.565269113494121,6.42594134219046,0,9.281263488657533,-2.158864829752413,2.158864829752413,2.1594651996717307,0.0671544755878504,2.2260193053402633,,,,,
repetitions/pilot/d020_n3_M002_shrink_c0p25_rep00.npz,20,3,2,shrink_c0.25,shrink,0.25,0,all,0.019634499913081527,0.7347090489343114,1.8027685167131335,0.4126220929501181,1.9651754157954506,240,0.0,-0.3565866700296007,0.36029576892558557,0.7341256343597791,1.7187855309930626,0.3778008756324436,1.8489015679897725,48,0.0,-0.3109089415742235,0.3168540302053892,0.7347090489343114,1.8220204092391175,0.4213273972795368,1.9925382636967,192,0.0,-0.3680061021434449,0.3711562036056346,0.7340084667623434,11760,8640,2880,3120,2400,11040,220800,2400,2880,1.0,0.5305555555555556,1.0,1.0,5.7995806172120306,4.660545496107067,0,8.997918156707234,-2.1061801148512673,2.1061801148512673,2.124664175367899,0.1885161907192288,2.294696305570496,,,,,
repetitions/pilot/d020_n3_M002_shrink_c0p25_rep01.npz,20,3,2,shrink_c0.25,shrink,0.25,1,all,0.019263399997726083,0.7380579767687211,1.7130357460083445,0.3972007730173499,1.8637884879955569,240,0.0,-0.3616567213369693,0.36389507196587334,0.7386755650620654,1.7657114681026966,0.3897152998939586,1.9006420305191838,48,0.0,-0.3215094934203093,0.32280401038485096,0.7380579767687211,1.700368677930669,0.3990721412981977,1.8546778489428506,192,0.0,-0.3716935283161343,0.37416783736112896,0.7387994744180636,11760,8640,2880,3120,2400,11040,220800,2400,2880,1.0,0.5065972222222223,1.0,1.0,5.627266470334235,4.51004515958383,0,8.634276408615834,-2.0544888028517794,2.0544888028517794,2.0628942493113227,0.1715305024884841,2.2260193053402633,,,,,
repetitions/pilot/d020_n3_M002_shrink_c0p5_rep00.npz,20,3,2,shrink_c0.5,shrink,0.5,0,all,0.016997999977320433,0.7164486011174526,3.3851762617003147,0.6150421254036649,3.730009141467802,240,0.0,-0.31435634892177844,0.35332560896956,0.767876261261611,3.0354379645519844,0.5673937797322233,3.299502190349505,48,0.0,-0.2594817408345386,0.29159699126966787,0.7164486011174526,3.46255181084686,0.6269542118215252,3.8277878396807914,192,0.0,-0.3280750009435884,0.3687577633945331,0.7777898999345625,11760,8640,2880,3120,2400,11040,220800,2400,2880,1.0,0.5329861111111112,1.0,1.0,6.128060442380265,2.1698335440605225,0,8.472252927152796,-1.8958005356750978,1.8958005356750978,2.0204139236962497,0.3988957698953982,2.294696305570496,,,,,
repetitions/pilot/d020_n3_M002_shrink_c0p5_rep01.npz,20,3,2,shrink_c0.5,shrink,0.5,1,all,0.01799059985205531,0.7708528003441216,2.6245707564792666,0.5373452616977111,2.8853755630320053,240,0.0,-0.32179885568784067,0.3402696247593075,0.7225260148699157,2.8532356349070205,0.5287820664948865,3.0970855360048044,48,0.0,-0.29618105917095455,0.32065226489382576,0.7708528003441216,2.5676483020024317,0.5394860604984172,2.8312734986470733,192,0.0,-0.3282033048170622,0.34517396472567796,0.7124301783499748,11760,8640,2880,3120,2400,11040,220800,2400,2880,1.0,0.5097222222222222,1.0,1.0,5.866020045021033,2.0778555563807313,0,7.909294668215144,-1.8674215181664777,1.8674215181664777,1.9373554995239308,0.3585977871737861,2.2260193053402633,,,,,
repetitions/pilot/d020_n3_M002_shrink_c0p75_rep00.npz,20,3,2,shrink_c0.75,shrink,0.75,0,all,0.018490100046619773,0.9647444581626683,7.612389853541674,1.008427723444161,8.41271466203216,240,0.0,-0.2482118943480178,0.3988462488936183,1.0627940823196973,6.544776523018639,0.97164391200527,7.1337727591147795,48,0.0,-0.1508629656225807,0.3322001849209019,0.9647444581626683,7.843137341910378,1.017623676303884,8.696498223936429,192,0.0,-0.2725491265293771,0.4155077648867973,1.0814052215777863,11760,8640,2880,3120,2400,11040,220800,2400,2880,1.0,0.5347222222222222,1.0,1.0,6.703972306320861,0.5831660655845157,0,9.7593127477993,-1.6519136532729122,1.6519136532729122,2.0468649548590574,0.6427826522975838,2.294696305570496,,,,,
repetitions/pilot/d020_n3_M002_shrink_c0p75_rep01.npz,20,3,2,shrink_c0.75,shrink,0.75,1,all,0.017996100010350347,1.049200144873546,4.860969137490369,0.7882517893539147,5.36758130880912,240,0.0,-0.25905972443175934,0.3528777358229714,0.8197490047455677,5.9709706362932975,0.779211072929972,6.503508208569607,48,0.0,-0.24351103738056615,0.3589617470785605,1.049200144873546,4.5598261765503,0.7905119684599003,5.051539859657137,192,0.0,-0.26294689619455763,0.35135673300907405,0.7654454553047852,11760,8640,2880,3120,2400,11040,220800,2400,2880,1.0,0.5118055555555555,1.0,1.0,6.283515360272998,0.5497310963824167,0,7.9770484862245326,-1.6584629441581866,1.6584629441581866,1.9101296244138457,0.5675563611820765,2.2260193053402633,,,,,
repetitions/pilot/d020_n3_M002_z_only_box_rep00.npz,20,3,2,z_only_box,z_only_box,1.0,0,all,0.01994890021160245,0.5793757686329555,3.2866085624058115,0.6721781042928447,3.62742294799972,240,0.0,-0.22046305847758832,0.277723674472974,0.6019977675316293,3.838015095770785,0.7213249147282298,4.183058135516663,48,0.0,-0.15090631831257642,0.22825318021331778,0.5793757686329555,3.142424023962061,0.6598914016839986,3.478282832866062,192,0.0,-0.23785224351884127,0.290091298037888,0.6064371036048892,11760,8640,2880,3120,2400,11040,220800,2400,2880,1.0,0.5354166666666667,1.0,1.0,6.456250140745125,6.4562052859787755,0,6.28533733643891,-1.5686044480497552,1.5686044480497552,1.7004353612418406,0.7260918575207407,2.294696305570496,,,,,
repetitions/pilot/d020_n3_M002_z_only_box_rep01.npz,20,3,2,z_only_box,z_only_box,1.0,1,all,0.020724100060760975,0.5400689093373507,2.9805163520249893,0.6358894717946608,3.2878664136839526,240,0.0,-0.2297270072809,0.26271923838170774,0.5901314628361097,2.919196665024258,0.585109713971335,3.178689852150916,48,0.0,-0.19053159845824919,0.22021662670126116,0.5400689093373507,2.9948020100300137,0.6485844112504922,3.313980281830733,192,0.0,-0.2395258594865627,0.27334489130181944,0.5996773069018401,11760,8640,2880,3120,2400,11040,220800,2400,2880,1.0,0.5149305555555556,1.0,1.0,6.222827702701996,6.222818641761185,0,5.8854873457172285,-1.515902629926851,1.515902629926851,1.6243393359739098,0.7101166754134123,2.2260193053402633,,,,,
repetitions/pilot/d020_n3_M002_z_zero_rep00.npz,20,3,2,z_zero,z_zero,0.0,0,all,0.014940899796783924,0.7392563982232705,1.5014844662978821,0.35284142417469355,1.6226055873500227,240,0.0,-0.38332731522913543,0.3840283054874333,0.7603204630049448,1.4557972623584317,0.3299221537724584,1.5561976747220534,48,0.0,-0.32829214118546596,0.3295231558844965,0.7392563982232705,1.5120633459399249,0.35857124177525235,1.6384131298110125,192,0.0,-0.3970861087400528,0.39765459288816746,0.764478815419828,11760,8640,2880,3120,2400,11040,220800,2400,2880,1.0,0.5267361111111111,1.0,1.0,5.700850610490486,8.14889716653034,0,10.171054684009118,-2.294696305570496,2.294696305570496,2.294696305570496,0.0,2.294696305570496,,,,,
repetitions/pilot/d020_n3_M002_z_zero_rep01.npz,20,3,2,z_zero,z_zero,0.0,1,all,0.017550599994137883,0.7443792242047945,1.5016262378784042,0.352192400461881,1.6220019344668433,240,0.0,-0.386010760957776,0.38746291116301396,0.7675130453597662,1.4898070578822686,0.3366030620073899,1.5936531752094925,48,0.0,-0.33213129917794015,0.33224338591970415,0.7443792242047945,1.5044015010232916,0.3560897350755038,1.628849568728805,192,0.0,-0.399480626402735,0.4012677924738413,0.7720732804594472,11760,8640,2880,3120,2400,11040,220800,2400,2880,1.0,0.503125,1.0,1.0,5.55473271854108,7.915005049996987,0,9.785821009086801,-2.2260193053402633,2.2260193053402633,2.2260193053402633,0.0,2.2260193053402633,,,,,
repetitions/pilot/d020_n3_M003_batch_box_rep00.npz,20,3,3,batch_box,batch_box,1.0,0,all,0.035294099943712354,0.6492877330823144,1.2545742534095796,0.2877612277082516,1.3540592161760885,240,0.0,-0.32493269907199546,0.3253794199304936,0.6513253872068315,1.1408297909177634,0.25959623689708666,1.2127124058700016,48,0.0,-0.28034275266377295,0.2816663258118769,0.6492877330823144,1.2799398343927821,0.29480247541104276,1.3863877500006478,192,0.0,-0.336080185674051,0.3363076934601477,0.6517336478963359,34080,28080,5760,6000,5040,33120,662400,5040,5760,1.0,0.48663194444444446,1.0,1.0,3.4854853597525812,3.4854853597525812,0,8.126441829080113,-1.9990328993096433,1.9990328993096433,2.0169476954007424,0.2720643401216586,2.2710972394313016,0.41606069515413246,0.2795,0.1395,0.9995,0.8347222222222223
repetitions/pilot/d020_n3_M003_batch_box_rep01.npz,20,3,3,batch_box,batch_box,1.0,1,all,0.03299979981966317,0.6408098498650099,1.175598881441733,0.2750608095289701,1.2621459044800776,240,0.0,-0.3324386527035198,0.33261887439056737,0.6688387590999733,1.0867640339804208,0.247238708034798,1.1529014681000496,48,0.0,-0.2796152697113696,0.2796152697113696,0.6408098498650099,1.1955978925252069,0.2820163349025132,1.2874152341152016,192,0.0,-0.3456444984515574,0.3458697755603668,0.6743247509284838,34080,28080,5760,6000,5040,33120,662400,5040,5760,1.0,0.4699652777777778,1.0,1.0,3.3963902361070586,3.3963902361070586,0,7.985011428193562,-1.9425956672925948,1.9425956672925948,1.9605067624432917,0.26924290392301264,2.211838571215608,0.43237682263286914,0.2875,0.1415,0.9995,0.8055555555555556
repetitions/pilot/d020_n3_M003_box_factor_a0p25_rep00.npz,20,3,3,box_factor_a0.25,box_factor,0.25,0,all,0.029914499958977103,0.6757149533519237,1.0818685369369778,0.2565699811089065,1.153494893819025,240,0.0,-0.34190605754373404,0.3422753588176222,0.6790520086364265,1.048194178286707,0.2441983711337397,1.1055176469550732,48,0.0,-0.29582958575020374,0.29705820824185564,0.6757149533519237,1.0896624610472585,0.2596628836026982,1.1649104941729695,192,0.0,-0.35342517549211666,0.35357964646156387,0.6797198979546484,34080,28080,5760,6000,5040,33120,662400,5040,5760,1.0,0.48385416666666664,1.0,1.0,3.4523950833941317,4.809868623277506,0,8.44748016250788,-2.0502914721447207,2.0502914721447207,2.0604998329808355,0.22080576728658113,2.2710972394313016,,,,,
repetitions/pilot/d020_n3_M003_box_factor_a0p25_rep01.npz,20,3,3,box_factor_a0.25,box_factor,0.25,1,all,0.02756260009482503,0.6478237165259781,1.0611211224565313,0.252789775673632,1.1289349509865405,240,0.0,-0.34310163790951514,0.343189273063073,0.684118387641587,0.9973646350835499,0.2291514396149081,1.0513330184003014,48,0.0,-0.2858660489858576,0.2858660489858576,0.6478237165259781,1.0756139144576875,0.258699359688313,1.147087600388067,192,0.0,-0.35741053514042953,0.3575200790823769,0.6911743478342738,34080,28080,5760,6000,5040,33120,662400,5040,5760,1.0,0.46649305555555554,1.0,1.0,3.3737755499559112,4.700203022320962,0,8.338657469320989,-1.9962672190234056,1.9962672190234056,2.004628353144457,0.21557135219220208,2.211838571215608,,,,,
repetitions/pilot/d020_n3_M003_box_factor_a0p5_rep00.npz,20,3,3,box_factor_a0.5,box_factor,0.5,0,all,0.03172740014269948,0.607893946028835,1.369499465217989,0.31030454292326887,1.4889694953254458,240,0.0,-0.29620148736428487,0.29695518356871903,0.6021627497867664,1.2149868012285685,0.2774408235951773,1.299602311599979,48,0.0,-0.25819369554504407,0.2596578081536384,0.607893946028835,1.4034793761094797,0.31852047275529183,1.5316592220562286,192,0.0,-0.30570343531909505,0.3062795274224892,0.6010057118010027,34080,28080,5760,6000,5040,33120,662400,5040,5760,1.0,0.4892361111111111,1.0,1.0,3.532616003942113,4.368167969801133,0,7.32435648983827,-1.8545966617204552,1.8545966617204552,1.8911270814481895,0.4165005777108462,2.2710972394313016,,,,,
repetitions/pilot/d020_n3_M003_box_factor_a0p5_rep01.npz,20,3,3,box_factor_a0.5,box_factor,0.5,1,all,0.028218100080266595,0.5744464345808067,1.2796685402065546,0.2986129248122076,1.3856474670305634,240,0.0,-0.3047675320778501,0.3055305034880387,0.6214153282482835,1.166212861972353,0.26583663268854296,1.2482384356515057,48,0.0,-0.24967186134962546,0.24967186134962546,0.5744464345808067,1.305001561857512,0.3068069978431237,1.4171793668735604,192,0.0,-0.3185414497599063,0.319495164022642,0.630422043973471,34080,28080,5760,6000,5040,33120,662400,5040,5760,1.0,0.47291666666666665,1.0,1.0,3.4481429003878943,4.265112163376619,0,7.21683928441613,-1.805040915026707,1.805040915026707,1.8383187406706196,0.4067976561889003,2.211838571215608,,,,,
repetitions/pilot/d020_n3_M003_box_factor_a0p75_rep00.npz,20,3,3,box_factor_a0.75,box_factor,0.75,0,all,0.02996079996228218,0.5486083340424119,1.886829298671531,0.3961546691408185,2.0734145391193484,240,0.0,-0.24696721770130592,0.25576155716224425,0.5352826503399968,1.551256054590889,0.33316798010142,1.676662728557334,48,0.0,-0.21679427632733095,0.2227458341826062,0.5486083340424119,1.9576398671318975,0.41190134140066814,2.159252462052719,192,0.0,-0.2545104530447997,0.26401548790715373,0.532567537809984,34080,28080,5760,6000,5040,33120,662400,5040,5760,1.0,0.4913194444444444,1.0,1.0,3.647648673823036,4.036158213760308,0,6.511646683905895,-1.6807920653151494,1.6807920653151494,1.7556145685919138,0.590305174116152,2.2710972394313016,,,,,
repetitions/pilot/d020_n3_M003_box_factor_a0p75_rep01.npz,20,3,3,box_factor_a0.75,box_factor,0.75,1,all,0.030138400150462985,0.5007302478858361,1.6665333994315552,0.37007062142148167,1.8254914265029112,240,0.0,-0.26458854987824487,0.26816307321674215,0.5640735885153416,1.4709206443830332,0.3263149222507592,1.5910341509016555,48,0.0,-0.20998599993075961,0.21097927383794338,0.5007302478858361,1.7094284803309259,0.3810095462141623,1.8783037887283254,192,0.0,-0.2782391873651162,0.2824590230614418,0.5759498526335033,34080,28080,5760,6000,5040,33120,662400,5040,5760,1.0,0.4756944444444444,1.0,1.0,3.557030602470924,3.937260148032922,0,6.398401629435047,-1.6345693073817513,1.6345693073817513,1.7040567104480124,0.5772692638338563,2.211838571215608,,,,,
repetitions/pilot/d020_n3_M003_box_factor_a1p25_rep00.npz,20,3,3,box_factor_a1.25,box_factor,1.25,0,all,0.02484400011599064,0.5160339876634827,3.2696922779151105,0.6164634685978962,3.6123105892501477,240,0.0,-0.14569445087473956,0.2180341277025267,0.4948262703667687,2.448456270017005,0.473879273902508,2.663900344010776,48,0.0,-0.13371157419969612,0.2011144972956469,0.5160339876634827,3.4349561371280535,0.6521095172717433,3.8081926120776934,192,0.0,-0.1486901700435004,0.22226403530424665,0.490458635983957,34080,28080,5760,6000,5040,33120,662400,5040,5760,1.0,0.49461805555555555,1.0,1.0,3.9295252877520506,3.589118115722605,0,5.612896963471375,-1.389865934337518,1.389865934337518,1.586817021079922,0.8812313050937834,2.2710972394313016,,,,,
repetitions/pilot/d020_n3_M003_box_factor_a1p25_rep01.npz,20,3,3,box_factor_a1.25,box_factor,1.25,1,all,0.02784510003402829,0.40988981696372084,2.751599329473358,0.552603686192036,3.037265666755932,240,0.0,-0.18431529751072465,0.2205893475875132,0.4950787666886268,2.445309195279815,0.4893964690057402,2.664000584814248,48,0.0,-0.1293344319723876,0.16412805351799475,0.40988981696372084,2.819021842755399,0.5684054904886101,3.1216417154659806,192,0.0,-0.19806051389530888,0.2347046711048928,0.5104687178175417,34080,28080,5760,6000,5040,33120,662400,5040,5760,1.0,0.4786458333333333,1.0,1.0,3.8269140629310554,3.493391752310366,0,5.480412145427261,-1.3475363513018803,1.3475363513018803,1.5360289435380448,0.8643022199137272,2.211838571215608,,,,,
repetitions/pilot/d020_n3_M003_box_factor_a1p5_rep00.npz,20,3,3,box_factor_a1.5,box_factor,1.5,0,all,0.03090810007415712,0.5513515939758689,4.006135573581742,0.7343181407824788,4.4280057737117335,240,0.0,-0.09690749513803194,0.2257718119314868,0.5346702344251231,2.9666478509934353,0.5526401708462887,3.2302770856000813,48,0.0,-0.09256858649651722,0.20737742924800515,0.5513515939758689,4.214185348361034,0.7797376332665265,4.674089363498375,192,0.0,-0.0979922222984106,0.23037040760235716,0.5312585814240793,34080,28080,5760,6000,5040,33120,662400,5040,5760,1.0,0.49496527777777777,1.0,1.0,4.077163745131732,3.437165350888051,0,5.446992941212566,-1.2693055154869184,1.2693055154869184,1.5469879733172986,1.0017917239443836,2.2710972394313016,,,,,
repetitions/pilot/d020_n3_M003_box_factor_a1p5_rep01.npz,20,3,3,box_factor_a1.5,box_factor,1.5,1,all,0.027430899906903505,0.4143059537903829,3.3683527596736202,0.6519778331719103,3.721896650605834,240,0.0,-0.14501633809593853,0.2184981569543045,0.49039284818411155,3.0588322803360803,0.5865891187014097,3.3350240420653683,48,0.0,-0.08770102702928913,0.1639926922392157,0.4143059537903829,3.4373242076743042,0.6683250117895355,3.810406096172263,192,0.0,-0.15934516586260092,0.23212452313307672,0.5042845256728259,34080,28080,5760,6000,5040,33120,662400,5040,5760,1.0,0.4798611111111111,1.0,1.0,3.9700420601611084,3.342793297088353,0,5.299403910935622,-1.226897505379436,1.226897505379436,1.4983060668269905,0.9849410658361717,2.211838571215608,,,,,
repetitions/pilot/d020_n3_M003_box_factor_a2_rep00.npz,20,3,3,box_factor_a2,box_factor,2.0,0,all,0.026848699897527695,0.7074505545488455,5.52268923030654,0.9722572826081542,6.105283813012185,240,0.0,-0.0044068862857195076,0.2615320507292146,0.69856180048818,4.115986295985567,0.7200466701759759,4.483566578824486,48,0.0,-0.013040763984194043,0.24218298237705885,0.7074505545488455,5.805115114473369,1.0353099357161988,6.439550565022547,192,0.0,-0.0022484168611008725,0.26636931781725354,0.6967638509164084,34080,28080,5760,6000,5040,33120,662400,5040,5760,1.0,0.49600694444444443,1.0,1.0,4.356999358161365,3.218925253028767,0,5.512348695124409,-1.068669911110804,1.068669911110804,1.5393042514851571,1.2024273283204976,2.2710972394313016,,,,,
repetitions/pilot/d020_n3_M003_box_factor_a2_rep01.npz,20,3,3,box_factor_a2,box_factor,2.0,1,all,0.02861610008403659,0.515824950686961,4.652620351570244,0.8561969095660448,5.14471177789309,240,0.0,-0.0702777573145376,0.23911573456504834,0.536598084347917,4.418958843374961,0.7898568339918752,4.819799355256575,48,0.0,-0.0071242863329080515,0.19867152778617556,0.515824950686961,4.706062734340533,0.8727819284595869,5.220982539798013,192,0.0,-0.08606612505994497,0.2492267862597665,0.5406718017552046,34080,28080,5760,6000,5040,33120,662400,5040,5760,1.0,0.48038194444444443,1.0,1.0,4.2423359866999935,3.1265321512645055,0,5.351145079901294,-1.0242086565172444,1.0242086565172444,1.4956678539592736,1.1876299146983633,2.211838571215608,,,,,
repetitions/pilot/d020_n3_M003_f_zero_rep00.npz,20,3,3,f_zero,f_zero,0.0,0,all,0.004132699919864535,0.7391809063037158,1.0276003478299642,0.24634355503751068,1.0797043237593174,240,0.0,-0.3835136915291991,0.38376957085503477,0.7546708736175434,1.0190602457368516,0.24056716286306892,1.0644704041219322,48,0.0,-0.32893148536330996,0.32991986972821746,0.7391809063037158,1.0296051046789496,0.24778765308112108,1.0833918080736267,192,0.0,-0.39715924307067135,0.39723199613673915,0.7577420918430546,6720,6480,0,240,0,6480,129600,0,0,0.0,0.0,0.0,0.0,0.0,0.0,0,,,,,,,,,,,
repetitions/pilot/d020_n3_M003_f_zero_rep01.npz,20,3,3,f_zero,f_zero,0.0,1,all,0.004171600099653006,0.7189022512170631,1.0167515866040284,0.24239044989819475,1.0681075313107526,240,0.0,-0.3790661371520999,0.3790661371520999,0.7479570308708914,0.9546011423941531,0.22062575735633416,0.9935298170346542,48,0.0,-0.31990297952990243,0.31990297952990243,0.7189022512170631,1.030870111848481,0.2478316230336599,1.0855408755873772,192,0.0,-0.39385692655764926,0.39385692655764926,0.7536543630634668,6720,6480,0,240,0,6480,129600,0,0,0.0,0.0,0.0,0.0,0.0,0.0,0,,,,,,,,,,,
repetitions/pilot/d020_n3_M003_raw_rep00.npz,20,3,3,raw,raw,1.0,0,all,0.026391700142994523,1.2766439337428188,8.43352505544263,1.066496176654799,9.321203578345916,240,0.0,-0.09552868487864714,0.39433997028338863,1.1409563205549176,12.937962135306856,1.2022268105803462,14.115989541085636,48,0.0,-0.04595361492193667,0.3908655841289641,1.2766439337428188,6.957708704493323,1.0325635181734119,7.709945767837445,192,0.0,-0.10792245236782476,0.39520856682199473,1.1117250299833537,34080,28080,5760,6000,5040,33120,662400,5040,5760,1.0,0.4935763888888889,1.0,0.0,4.103426006483324,4.103426006483324,0,8.896187647538252,-1.4234689419597812,1.4234689419597812,1.8978128949029271,0.8476282974715204,2.2710972394313016,,,,,
repetitions/pilot/d020_n3_M003_raw_rep01.npz,20,3,3,raw,raw,1.0,1,all,0.028630099957808852,0.6313912642858184,5.173696056432335,0.851450013004654,5.7191269999528105,240,0.0,-0.16132675560213183,0.29658033011787427,0.6677544596513149,5.224589325325529,0.8137486054914355,5.698057235907851,48,0.0,-0.05246398530744411,0.21970777338964656,0.6313912642858184,5.161614328885072,0.8608753648829585,5.724260318945191,192,0.0,-0.18854244817580376,0.3157984692999312,0.6748177217357061,34080,28080,5760,6000,5040,33120,662400,5040,5760,1.0,0.47725694444444444,1.0,0.0,4.031012749329276,4.031012749329276,0,8.287889893871034,-1.3530212348396273,1.3530212348396273,1.8408909910071694,0.8588173363759799,2.211838571215608,,,,,
repetitions/pilot/d020_n3_M003_sample_ball_rep00.npz,20,3,3,sample_ball,sample_ball,1.0,0,all,0.029840199975296855,0.6096141690924696,1.8161680242617129,0.3879642579905156,1.989048362172363,240,0.0,-0.28654195361804313,0.29612773924672564,0.6197208525469486,1.6900695506149865,0.35827489157750975,1.825941060021079,48,0.0,-0.24377391962275663,0.249337773132475,0.6096141690924696,1.8446651926237005,0.395386599593767,2.0268851619075807,192,0.0,-0.2972339621168648,0.3078252307752883,0.6217298181834637,34080,28080,5760,6000,5040,33120,662400,5040,5760,1.0,0.48993055555555554,0.48993055555555554,0.48993055555555554,3.5355706558152113,1.7673445455224661,0,7.8390225402103155,-1.8932845894754413,1.8932845894754413,1.9435075219018403,0.3778126499558601,2.2710972394313016,,,,,
repetitions/pilot/d020_n3_M003_sample_ball_rep01.npz,20,3,3,sample_ball,sample_ball,1.0,1,all,0.022079600021243095,0.5256555634599366,1.5548443680169852,0.3502449411973181,1.6954833441837327,240,0.0,-0.296802497554024,0.29944495129070237,0.626404926798488,1.4367499107031199,0.3143029356367862,1.551776598816996,48,0.0,-0.2196480351730473,0.21989369545017512,0.5256555634599366,1.5814240309362588,0.35923044258745107,1.7287618275862624,192,0.0,-0.31609111314926813,0.31933276525083415,0.6447342965115167,34080,28080,5760,6000,5040,33120,662400,5040,5760,1.0,0.47465277777777776,0.47465277777777776,0.47465277777777776,3.4545603248031145,1.7395660076299078,0,7.71539635647734,-1.8383781879334584,1.8383781879334584,1.8891184609426732,0.37346038328214887,2.211838571215608,,,,,
repetitions/pilot/d020_n3_M003_sample_box_rep00.npz,20,3,3,sample_box,sample_box,1.0,0,all,0.025383499916642904,0.5158538191478458,2.5427212818813456,0.5012638261273678,2.8052955235334407,240,0.0,-0.19632183886870103,0.2269414067800254,0.4942448294533065,1.9888729810140502,0.4002730615495965,2.1598576419427995,48,0.0,-0.17529988852091138,0.20572921262420896,0.5158538191478458,2.6566213260119658,0.5265115172718106,2.9414706366380403,192,0.0,-0.2015773264556484,0.23224445531897953,0.4897922688565797,34080,28080,5760,6000,5040,33120,662400,5040,5760,1.0,0.4930555555555556,1.0,1.0,3.7835570628464064,3.7835570628464064,0,5.954199396848376,-1.5265740965289727,1.5265740965289727,1.6545191348657113,0.744523142902329,2.2710972394313016,,,,,
repetitions/pilot/d020_n3_M003_sample_box_rep01.npz,20,3,3,sample_box,sample_box,1.0,1,all,0.026312500005587935,0.4433967330998707,2.177957055206277,0.4569718741618763,2.3985556810883732,240,0.0,-0.2244034674546337,0.23873454538789365,0.5204433957462341,1.9121552042599594,0.40190493842738856,2.078828765479772,48,0.0,-0.1706150533365467,0.1756753153651641,0.4433967330998707,2.236072091677557,0.4707386080954983,2.4703526574411363,192,0.0,-0.2378505709841554,0.254499352893576,0.5345727651968397,34080,28080,5760,6000,5040,33120,662400,5040,5760,1.0,0.478125,1.0,1.0,3.686397374386349,3.686397374386349,0,5.835612112174946,-1.482989872461147,1.482989872461147,1.6026198147672497,0.7288486987544606,2.211838571215608,,,,,
repetitions/pilot/d020_n3_M003_shrink_c0p1_rep00.npz,20,3,3,shrink_c0.1,shrink,0.1,0,all,0.027968099806457758,0.7177650443131056,1.0421623522631371,0.24958110630731611,1.0997861063767844,240,0.0,-0.3719227155147394,0.3722325743866223,0.7343651496795903,1.0235192593861522,0.24253142964439878,1.0723596996046967,48,0.0,-0.31730769202555315,0.31839600059516565,0.7177650443131056,1.0465128697065336,0.25134352547304545,1.1063801803133235,192,0.0,-0.38557647138703594,0.38569171783448636,0.7376523523768209,34080,28080,5760,6000,5040,33120,662400,5040,5760,1.0,0.4800347222222222,1.0,1.0,3.428191918455534,4.391282771492114,0,9.398876675160961,-2.196472586383057,2.196472586383057,2.197670731499533,0.07462465304824467,2.2710972394313016,,,,,
repetitions/pilot/d020_n3_M003_shrink_c0p1_rep01.npz,20,3,3,shrink_c0.1,shrink,0.1,1,all,0.027261900017037988,0.6900702104350059,1.0288972351083177,0.24532800291758014,1.084753195885528,240,0.0,-0.36935871812868903,0.36937934697637875,0.7318449001533323,0.9574893342818872,0.22078352755806804,1.0007478795831575,48,0.0,-0.3067646446759993,0.3067646446759993,0.6900702104350059,1.0450350948679388,0.25146412175745814,1.1042963995311441,192,0.0,-0.3850072364918615,0.3850330225514736,0.7399463684731812,34080,28080,5760,6000,5040,33120,662400,5040,5760,1.0,0.4630208333333333,1.0,1.0,3.353312072556607,4.294313910279477,0,9.269931060019369,-2.1364689412176614,2.1364689412176614,2.1375984127856045,0.07536962999794627,2.211838571215608,,,,,
repetitions/pilot/d020_n3_M003_shrink_c0p25_rep00.npz,20,3,3,shrink_c0.25,shrink,0.25,0,all,0.028439800022169948,0.6789796796342878,1.1784532123275684,0.2767601775602348,1.2617910324787693,240,0.0,-0.3501756378615858,0.35085262874267975,0.6984270540669117,1.1406400574548534,0.26462331715163234,1.2093686421835472,48,0.0,-0.29619580090541797,0.2974411631644404,0.6789796796342878,1.1871998384019724,0.2797943926623854,1.2742646668346809,192,0.0,-0.36367059710062777,0.36420549513723954,0.7022659229992084,34080,28080,5760,6000,5040,33120,662400,5040,5760,1.0,0.48368055555555556,1.0,1.0,3.4596715227701256,3.0762378740084135,0,8.687578455654029,-2.0818361526461535,2.0818361526461535,2.0927965668920114,0.1892610867851479,2.2710972394313016,,,,,
repetitions/pilot/d020_n3_M003_shrink_c0p25_rep01.npz,20,3,3,shrink_c0.25,shrink,0.25,1,all,0.02575309993699193,0.6408383805447423,1.130452365129665,0.2675685488640049,1.206014205715955,240,0.0,-0.35138665720821294,0.35181057467271004,0.7041136212306273,1.0365558735846387,0.23893939651342883,1.0963893621017369,48,0.0,-0.2830142765003661,0.2830142765003661,0.6408383805447423,1.1514918636406197,0.2747258369516489,1.2313021025528772,192,0.0,-0.36847975238517455,0.369009649215796,0.7161417263839797,34080,28080,5760,6000,5040,33120,662400,5040,5760,1.0,0.46857638888888886,1.0,1.0,3.3825650446136657,3.008349156491884,0,8.549419099443396,-2.0204783658414516,2.0204783658414516,2.0312757206818097,0.19136020537415632,2.211838571215608,,,,,
repetitions/pilot/d020_n3_M003_shrink_c0p5_rep00.npz,20,3,3,shrink_c0.5,shrink,0.5,0,all,0.0256011001765728,0.6103461227459586,2.026789707650428,0.3995724302427302,2.2232426812022417,240,0.0,-0.29730809287792076,0.30662772680664807,0.6394841196853345,2.377487885084842,0.40152658325388596,2.5821699412702124,48,0.0,-0.24539047493291097,0.2496646687038364,0.6103461227459586,1.9347935069146387,0.39908389198994126,2.126411194845545,192,0.0,-0.3102874973641732,0.320868491332351,0.6451745619881893,34080,28080,5760,6000,5040,33120,662400,5040,5760,1.0,0.48819444444444443,1.0,1.0,3.580776289394176,1.4070147766310537,0,7.836117458858027,-1.8808661544206846,1.8808661544206846,1.9497554152258485,0.3902310850106169,2.2710972394313016,,,,,
repetitions/pilot/d020_n3_M003_shrink_c0p5_rep01.npz,20,3,3,shrink_c0.5,shrink,0.5,1,all,0.027881199959665537,0.5506046722450403,1.6424436448189492,0.35842869736898636,1.791989741748034,240,0.0,-0.30946312012296157,0.3134081123128495,0.6497916353222535,1.4954978850185618,0.32059394894675713,1.6150021874552705,48,0.0,-0.22975847499129076,0.23097105663886397,0.5506046722450403,1.6752378939775736,0.36788738447454367,1.8326141871389683,192,0.0,-0.32938928140587936,0.33401737623134586,0.6679291964947525,34080,28080,5760,6000,5040,33120,662400,5040,5760,1.0,0.4732638888888889,1.0,1.0,3.501463814174301,1.3772940522531112,0,7.693197394225861,-1.8167641031071753,1.8167641031071753,1.8861540375215693,0.39507446810843255,2.211838571215608,,,,,
repetitions/pilot/d020_n3_M003_shrink_c0p75_rep00.npz,20,3,3,shrink_c0.75,shrink,0.75,0,all,0.02612100006081164,0.7098777387110735,4.267375578011196,0.6520661469785496,4.712446337902024,240,0.0,-0.2155470955572569,0.3161132844156493,0.7102097358298091,6.031949146538113,0.699724116010928,6.578983640651704,48,0.0,-0.16561118656526017,0.27948518106160725,0.7098777387110735,3.7312538265197643,0.640151654720455,4.130442823681347,192,0.0,-0.2280310728052561,0.3252703102541598,0.7102763605629031,34080,28080,5760,6000,5040,33120,662400,5040,5760,1.0,0.49114583333333334,1.0,1.0,3.7943275033992676,0.36795116034370323,0,7.650372173438791,-1.6631046243326442,1.6631046243326442,1.8787424453832788,0.6079926150986575,2.2710972394313016,,,,,
repetitions/pilot/d020_n3_M003_shrink_c0p75_rep01.npz,20,3,3,shrink_c0.75,shrink,0.75,1,all,0.02447009994648397,0.5036319756339548,2.8857012965894153,0.5441189166892516,3.1816597344821833,240,0.0,-0.24790624616478746,0.2824878592393431,0.609894434061603,2.7459069594546444,0.5043719919020435,2.990138452848369,48,0.0,-0.15471517719590674,0.20348599619339616,0.5036319756339548,2.9177100780836964,0.5540556478860535,3.226701555096691,192,0.0,-0.27120401340700767,0.30223832500082976,0.6290654963376261,34080,28080,5760,6000,5040,33120,662400,5040,5760,1.0,0.4762152777777778,1.0,1.0,3.716262887873305,0.3609023878702275,0,7.436775264596921,-1.5958827403331197,1.5958827403331197,1.8122887108781134,0.6159558308824876,2.211838571215608,,,,,
repetitions/pilot/d020_n3_M003_z_only_box_rep00.npz,20,3,3,z_only_box,z_only_box,1.0,0,all,0.0282561001367867,0.5296431088174173,2.580529688402613,0.5054480856764005,2.8471795212579174,240,0.0,-0.19427618980176461,0.22723612353805692,0.4972675495240274,2.120202721993597,0.4101518416329535,2.30339151608143,48,0.0,-0.1698668007955584,0.20947650334642243,0.5296431088174173,2.677631763725393,0.5292721466872623,2.964856331951584,192,0.0,-0.20037853705331612,0.23167602858596548,0.4905111810221148,34080,28080,5760,6000,5040,33120,662400,5040,5760,1.0,0.4930555555555556,1.0,1.0,3.7835570628464064,3.783527950255041,0,5.961867491348155,-1.5258280265755395,1.5258280265755395,1.6552652048191447,0.7452692128557623,2.2710972394313016,,,,,
repetitions/pilot/d020_n3_M003_z_only_box_rep01.npz,20,3,3,z_only_box,z_only_box,1.0,1,all,0.023627999937161803,0.4433967330998707,2.1962783800113668,0.4596945520446015,2.419012490665323,240,0.0,-0.22364581497939626,0.23803115431713692,0.5190774092533931,1.9121552042599594,0.40190493842738856,2.078828765479772,48,0.0,-0.1706150533365467,0.1756753153651641,0.4433967330998707,2.258112065309022,0.47414195544890475,2.495047115135761,192,0.0,-0.23690350539010865,0.25362011405513013,0.532975639205026,34080,28080,5760,6000,5040,33120,662400,5040,5760,1.0,0.478125,1.0,1.0,3.686397374386349,3.6863846184717954,0,5.83859670737279,-1.482637068891017,1.482637068891017,1.60297261833738,0.7292015023245905,2.211838571215608,,,,,
repetitions/pilot/d020_n3_M003_z_zero_rep00.npz,20,3,3,z_zero,z_zero,0.0,0,all,0.027500499971210957,0.7391809063037158,1.0276003478299642,0.24634355503751068,1.0797043237593174,240,0.0,-0.3835136915291991,0.38376957085503477,0.7546708736175434,1.0190602457368516,0.24056716286306892,1.0644704041219322,48,0.0,-0.32893148536330996,0.32991986972821746,0.7391809063037158,1.0296051046789496,0.24778765308112108,1.0833918080736267,192,0.0,-0.39715924307067135,0.39723199613673915,0.7577420918430546,34080,28080,5760,6000,5040,33120,662400,5040,5760,1.0,0.4782986111111111,1.0,1.0,3.4222287390302895,5.4096432406381485,0,9.946565239223602,-2.2710972394313016,2.2710972394313016,2.2710972394313016,0.0,2.2710972394313016,,,,,
repetitions/pilot/d020_n3_M003_z_zero_rep01.npz,20,3,3,z_zero,z_zero,0.0,1,all,0.029576600063592196,0.7189022512170631,1.0167515866040284,0.24239044989819475,1.0681075313107526,240,0.0,-0.3790661371520999,0.3790661371520999,0.7479570308708914,0.9546011423941531,0.22062575735633416,0.9935298170346542,48,0.0,-0.31990297952990243,0.31990297952990243,0.7189022512170631,1.030870111848481,0.2478316230336599,1.0855408755873772,192,0.0,-0.39385692655764926,0.39385692655764926,0.7536543630634668,34080,28080,5760,6000,5040,33120,662400,5040,5760,1.0,0.46145833333333336,1.0,1.0,3.349259247372946,5.291438413509687,0,9.829443163977725,-2.211838571215608,2.211838571215608,2.211838571215608,0.0,2.211838571215608,,,,,
repetitions/pilot/d020_n3_M004_batch_box_rep00.npz,20,3,4,batch_box,batch_box,1.0,0,all,0.05478270002640784,0.612796760806867,0.9480165447313633,0.22397322277618228,1.002322942550324,240,0.0,-0.32628671057921255,0.3264806808565574,0.6553653727815507,0.938555085580152,0.2198573743779237,0.9889643876934306,48,0.0,-0.2686958734473092,0.2686958734473092,0.612796760806867,0.9502352932035362,0.22500218487574697,1.0055580566902274,192,0.0,-0.34068441986218834,0.34092688270886945,0.6635813659660694,75120,65280,9600,9840,8640,73920,1478400,8640,9600,1.0,0.443125,1.0,1.0,2.5011275729379174,2.5011275729379174,0,7.882845106238936,-1.9590560039005844,1.9590560039005844,1.9689331670910857,0.2667826237630603,2.2258386276636446,0.43228048253062995,0.2975,0.1515,0.9995,0.8232142857142857
repetitions/pilot/d020_n3_M004_batch_box_rep01.npz,20,3,4,batch_box,batch_box,1.0,1,all,0.0657489001750946,0.6418335520214228,1.0022105770615062,0.23486133715513627,1.0660957359703038,240,0.0,-0.32722649081063093,0.327369106375337,0.6473345375294306,0.9544208152688142,0.22069161214841884,1.0034211858978634,48,0.0,-0.2819118378635537,0.282624915687084,0.6418335520214228,1.0131582002088828,0.23840376840681568,1.0808485072737188,192,0.0,-0.3385551540474003,0.3385551540474003,0.6484331536281981,75120,65280,9600,9840,8640,73920,1478400,8640,9600,1.0,0.4401041666666667,1.0,1.0,2.4402974750565303,2.4402974750565303,0,7.8454398680618835,-1.943647697435014,1.943647697435014,1.9578072467401564,0.2650913300325446,2.208739027467559,0.4309648149119679,0.2995,0.1505,0.9995,0.8357142857142857
repetitions/pilot/d020_n3_M004_box_factor_a0p25_rep00.npz,20,3,4,box_factor_a0.25,box_factor,0.25,0,all,0.0487120000179857,0.6461095164375287,0.8738264611863468,0.2087077287710382,0.9129060672811063,240,0.0,-0.33864335681640084,0.33864335681640084,0.6739680354886184,0.8630338760862372,0.2030254770526126,0.8987601180230753,48,0.0,-0.2855987908096547,0.2855987908096547,0.6461095164375287,0.8763536524816692,0.2101282917006446,0.9163272426934405,192,0.0,-0.3519044983180874,0.3519044983180874,0.6794225659735794,75120,65280,9600,9840,8640,73920,1478400,8640,9600,1.0,0.43854166666666666,1.0,1.0,2.4872744511317624,3.650012960399046,0,8.16129089034423,-2.001288873533038,2.001288873533038,2.0074954303075967,0.22454975413060646,2.2258386276636446,,,,,
repetitions/pilot/d020_n3_M004_box_factor_a0p25_rep01.npz,20,3,4,box_factor_a0.25,box_factor,0.25,1,all,0.047391099855303764,0.6550989658230282,0.8803630594606738,0.21176223631902655,0.9213677905945575,240,0.0,-0.33985649841628335,0.33998156569993987,0.6691309024890496,0.8589402451139567,0.20539052038871458,0.8928137221810458,48,0.0,-0.2903974138877958,0.2910227503060781,0.6550989658230282,0.8853423112782594,0.21335516530160448,0.9282070800669687,192,0.0,-0.3522212695484052,0.3522212695484052,0.6719122886377904,75120,65280,9600,9840,8640,73920,1478400,8640,9600,1.0,0.43645833333333334,1.0,1.0,2.426225606547043,3.5756675096482704,0,8.149713413062557,-1.9858902440549828,1.9858902440549828,1.9966580606176414,0.2228487834125758,2.208739027467559,,,,,
repetitions/pilot/d020_n3_M004_box_factor_a0p5_rep00.npz,20,3,4,box_factor_a0.5,box_factor,0.5,0,all,0.04999089986085892,0.5697151392888857,1.0408602141424814,0.24275095167149843,1.116307209935452,240,0.0,-0.2948510540673254,0.29591144003757264,0.601965498763347,1.000255909469218,0.23379190354530474,1.0632364933133323,48,0.0,-0.24462369562283345,0.24463608979313425,0.5697151392888857,1.050212143391457,0.24499071370304684,1.1288877891494482,192,0.0,-0.3074078936784484,0.30873027759868227,0.6082332273175839,75120,65280,9600,9840,8640,73920,1478400,8640,9600,1.0,0.44614583333333335,1.0,1.0,2.526823693565555,3.2306569351456527,0,7.0125210817301555,-1.8047923612865149,1.8047923612865149,1.8309993384246253,0.42104626637712966,2.2258386276636446,,,,,
repetitions/pilot/d020_n3_M004_box_factor_a0p5_rep01.npz,20,3,4,box_factor_a0.5,box_factor,0.5,1,all,0.04308169987052679,0.5843800774748033,1.0758947280546636,0.2500509580469583,1.1580262591618244,240,0.0,-0.2945690223421794,0.2947482455293783,0.5871217090412922,1.0159812685874823,0.23418434787233297,1.079360851092628,48,0.0,-0.2543010549779854,0.2551494648844245,0.5843800774748033,1.0895513548447895,0.2540176105906147,1.176437033349443,192,0.0,-0.3046360141832279,0.3046479406906168,0.587670508967009,75120,65280,9600,9840,8640,73920,1478400,8640,9600,1.0,0.44395833333333334,1.0,1.0,2.4681105776267938,3.1640941093967183,0,7.019806064693355,-1.7918469944900828,1.7918469944900828,1.8262236711163478,0.4168920329774759,2.208739027467559,,,,,
repetitions/pilot/d020_n3_M004_box_factor_a0p75_rep00.npz,20,3,4,box_factor_a0.75,box_factor,0.75,0,all,0.05332309985533357,0.5056285436239275,1.3537661557203087,0.3008435672221053,1.4767431176911248,240,0.0,-0.2506908580673038,0.25607116686791953,0.5390512575130666,1.2789149411306286,0.28240749728156384,1.3787473035844593,48,0.0,-0.2034686892371953,0.20662715582815583,0.5056285436239275,1.370831896614791,0.30545258470724074,1.4997006245945572,192,0.0,-0.2624964002748309,0.26843216962786043,0.5455136365062266,75120,65280,9600,9840,8640,73920,1478400,8640,9600,1.0,0.45114583333333336,1.0,1.0,2.586403620874853,2.9083522871768595,0,6.185389474428102,-1.633022180829567,1.633022180829567,1.6937464626431677,0.5928164468340773,2.2258386276636446,,,,,
repetitions/pilot/d020_n3_M004_box_factor_a0p75_rep01.npz,20,3,4,box_factor_a0.75,box_factor,0.75,1,all,0.0422394999768585,0.5186161152656126,1.468798595883014,0.320619224187386,1.6078355853281918,240,0.0,-0.24819478563163264,0.24928662778307978,0.5121218386393661,1.3924802212405105,0.29516195323690064,1.503360777968467,48,0.0,-0.21703812998976935,0.21935496259404838,0.5186161152656126,1.4862350169990062,0.3269835419250073,1.6323321776034245,192,0.0,-0.2559839495420984,0.25676954408033764,0.5108082597745267,75120,65280,9600,9840,8640,73920,1478400,8640,9600,1.0,0.4476041666666667,1.0,1.0,2.5310425427383696,2.8496045656351665,0,6.199170536241685,-1.621750923850023,1.621750923850023,1.6928267496878073,0.586988103617536,2.208739027467559,,,,,
repetitions/pilot/d020_n3_M004_box_factor_a1p25_rep00.npz,20,3,4,box_factor_a1.25,box_factor,1.25,0,all,0.045335699804127216,0.4445309182374121,2.209165574917487,0.45375953764834037,2.4359859223730154,240,0.0,-0.16422559596063704,0.20379944194818045,0.46114946447884037,2.054071853478317,0.41061677910073335,2.2343748148456224,48,0.0,-0.12662583085772353,0.1703627149178423,0.4445309182374121,2.244198469392643,0.46454522728524217,2.4827322087417323,192,0.0,-0.17362553723636545,0.212158623705765,0.46441372621420646,75120,65280,9600,9840,8640,73920,1478400,8640,9600,1.0,0.4561458333333333,1.0,1.0,2.7353482063669916,2.4621322329634263,0,5.258981402047047,-1.3537376790287272,1.3537376790287272,1.5213494764790425,0.872100948634917,2.2258386276636446,,,,,
repetitions/pilot/d020_n3_M004_box_factor_a1p25_rep01.npz,20,3,4,box_factor_a1.25,box_factor,1.25,1,all,0.043034000089392066,0.43237822119915165,2.6284607535809235,0.5101682930922246,2.9030832095479377,240,0.0,-0.15812154665297756,0.1921235743200391,0.42297561437173953,2.5918911751719893,0.4724853858971759,2.8237532795048668,48,0.0,-0.14348430409180288,0.1795958738920543,0.43237822119915165,2.6370156065639447,0.5195890198909867,2.9221279190837604,192,0.0,-0.16178085729327127,0.19525549942703532,0.42106287900616185,75120,65280,9600,9840,8640,73920,1478400,8640,9600,1.0,0.4529166666666667,1.0,1.0,2.6864359465720917,2.415765514400346,0,5.272681239801445,-1.3430145918566552,1.3430145918566552,1.5222152217506286,0.8657244356109036,2.208739027467559,,,,,
repetitions/pilot/d020_n3_M004_box_factor_a1p5_rep00.npz,20,3,4,box_factor_a1.5,box_factor,1.5,0,all,0.05100989993661642,0.4511559698967813,2.702893357795749,0.5397785369513618,2.984512471833377,240,0.0,-0.12249242055173047,0.20473334092366915,0.4580566022381499,2.478135971899528,0.4839475245555961,2.698659408107135,48,0.0,-0.09064553495086018,0.1787268127440391,0.4511559698967813,2.7532520645267335,0.5537362900503031,3.0502491405890697,192,0.0,-0.13045414195194804,0.21123497296857666,0.4594293096389619,75120,65280,9600,9840,8640,73920,1478400,8640,9600,1.0,0.4571875,1.0,1.0,2.8133441862484405,2.3074348874493844,0,5.062231479900004,-1.240446861412721,1.240446861412721,1.4779254514180524,0.9853917662509235,2.2258386276636446,,,,,
repetitions/pilot/d020_n3_M004_box_factor_a1p5_rep01.npz,20,3,4,box_factor_a1.5,box_factor,1.5,1,all,0.043788000009953976,0.4215065331239994,3.3029755265643015,0.6163075830077306,3.651328797688031,240,0.0,-0.11456170506856127,0.18767652949946792,0.42092612974055343,3.287111312379126,0.5723319416934649,3.5844665116178116,48,0.0,-0.10788441259303068,0.17579881039127176,0.4215065331239994,3.3067076804256654,0.627301493336297,3.6674709632748774,192,0.0,-0.11623102818744392,0.19064595927651695,0.42080952600436455,75120,65280,9600,9840,8640,73920,1478400,8640,9600,1.0,0.455,1.0,1.0,2.766653980631406,2.265293182847276,0,5.088109432454862,-1.2297227284681966,1.2297227284681966,1.4801902211571762,0.9790162989993619,2.208739027467559,,,,,
repetitions/pilot/d020_n3_M004_box_factor_a2_rep00.npz,20,3,4,box_factor_a2,box_factor,2.0,0,all,0.04375439998693764,0.5217120815318893,3.6934890813863217,0.7102100370720993,4.081780572684755,240,0.0,-0.045745165288096024,0.22916420800870768,0.5164200788570533,3.391120249503565,0.6342359264348599,3.6957233701407874,48,0.0,-0.0248553669445052,0.21641947993651633,0.5217120815318893,3.7612920198291993,0.7292035647314091,4.1706280991889715,192,0.0,-0.05096761487399373,0.23235039002675553,0.5153512398199636,75120,65280,9600,9840,8640,73920,1478400,8640,9600,1.0,0.4583333333333333,1.0,1.0,2.960161908817744,2.0863340557096963,0,5.023953867288079,-1.0580187971821615,1.0580187971821615,1.4578808528348666,1.1678198304814833,2.2258386276636446,,,,,
repetitions/pilot/d020_n3_M004_box_factor_a2_rep01.npz,20,3,4,box_factor_a2,box_factor,2.0,1,all,0.04783189995214343,0.4567953081869819,4.563903374582539,0.8212893537404709,5.047433463843187,240,0.0,-0.03551501601460801,0.21508128302257282,0.4902088134690099,4.51434041937447,0.7590325290610431,4.925180362382974,48,0.0,-0.044590406073281415,0.19519393328197973,0.4567953081869819,4.575519752509536,0.8368535599103277,5.076839683910286,192,0.0,-0.03324616849993966,0.22005312045772107,0.49664522850981857,75120,65280,9600,9840,8640,73920,1478400,8640,9600,1.0,0.4560416666666667,1.0,1.0,2.9137152178949504,2.0471983064181005,0,5.089558049368074,-1.0485385407509966,1.0485385407509966,1.4548010670005336,1.160200486716562,2.208739027467559,,,,,
repetitions/pilot/d020_n3_M004_f_zero_rep00.npz,20,3,4,f_zero,f_zero,0.0,0,all,0.005841000005602837,0.727548652872783,0.8657458059434088,0.2086784272489327,0.8897630915769835,240,0.0,-0.38148763382109213,0.38148763382109213,0.7501506978577624,0.8593769699940694,0.20506325920171886,0.8824688451256174,48,0.0,-0.3263644655846241,0.3263644655846241,0.727548652872783,0.867241749163054,0.20958221926073614,0.8915352335048993,192,0.0,-0.3952684258802092,0.3952684258802092,0.7546061373560812,15600,15360,0,240,0,15360,307200,0,0,0.0,0.0,0.0,0.0,0.0,0.0,0,,,,,,,,,,,
repetitions/pilot/d020_n3_M004_f_zero_rep01.npz,20,3,4,f_zero,f_zero,0.0,1,all,0.006674599833786488,0.7233885416972385,0.8690061521860581,0.21110014267436428,0.8932169353133368,240,0.0,-0.3841159694344698,0.38419053844888146,0.7524339927976618,0.8561831721523567,0.20532928678177662,0.8794198002352596,48,0.0,-0.3245035851601972,0.32487643023225604,0.7233885416972385,0.8720043123460708,0.21254285664751119,0.8965538523957323,192,0.0,-0.3990190655030379,0.3990190655030379,0.7581303353304686,15600,15360,0,240,0,15360,307200,0,0,0.0,0.0,0.0,0.0,0.0,0.0,0,,,,,,,,,,,
repetitions/pilot/d020_n3_M004_raw_rep00.npz,20,3,4,raw,raw,1.0,0,all,0.0449328999966383,0.8496967505402777,5.600110417484406,0.7433432795646472,6.1912750175601,240,0.0,-0.12723431546828642,0.3014907362345139,0.6925836976322698,5.5731888176608555,0.7792670111706309,6.074002068381852,48,0.0,-0.026405075605739802,0.30494194127403157,0.8496967505402777,5.606443872309836,0.7343623466631513,6.219576409981301,192,0.0,-0.15244162543392306,0.3006279349746345,0.6565299731660312,75120,65280,9600,9840,8640,73920,1478400,8640,9600,1.0,0.4534375,1.0,0.0,2.868705912018269,2.868705912018269,0,8.360669247236496,-1.3646342402399616,1.3646342402399616,1.7863697145927657,0.8612043874236832,2.2258386276636446,,,,,
repetitions/pilot/d020_n3_M004_raw_rep01.npz,20,3,4,raw,raw,1.0,1,all,0.04307269980199635,0.6026585839436893,6.352782819674481,0.8821047078424238,7.025054500799506,240,0.0,-0.14419280108444696,0.2979626719530325,0.7172274046571729,5.352932429709417,0.7913365773575793,5.83894145512026,48,0.0,-0.1220674318303911,0.24935706397123222,0.6026585839436893,6.56654145048692,0.9047967404636348,7.285419220830861,192,0.0,-0.14972414339796092,0.31011407394848256,0.7380852580785957,75120,65280,9600,9840,8640,73920,1478400,8640,9600,1.0,0.4505208333333333,1.0,0.0,2.7515347890328594,2.7515347890328594,0,7.565426681859858,-1.3677918250204273,1.3677918250204273,1.757099760285588,0.8409472024471316,2.208739027467559,,,,,
repetitions/pilot/d020_n3_M004_sample_ball_rep00.npz,20,3,4,sample_ball,sample_ball,1.0,0,all,0.04749679984524846,0.5503887692856371,1.3966035317699568,0.31076239377322756,1.5204843207341354,240,0.0,-0.27252822590261055,0.27804777375782114,0.591223312430167,1.3363242236964505,0.29863713568694567,1.4390489434752034,48,0.0,-0.2171396094745628,0.22218343926770878,0.5503887692856371,1.410451179748264,0.31379370829479797,1.5397161515390732,192,0.0,-0.2863753800096225,0.2920138573803492,0.5990848933267233,75120,65280,9600,9840,8640,73920,1478400,8640,9600,1.0,0.4473958333333333,0.4473958333333333,0.4473958333333333,2.544427417163936,1.1418480208645876,0,7.250652602234965,-1.7942995123700114,1.7942995123700114,1.8412782577361448,0.43153911529363315,2.2258386276636446,,,,,
repetitions/pilot/d020_n3_M004_sample_ball_rep01.npz,20,3,4,sample_ball,sample_ball,1.0,1,all,0.05800329986959696,0.578303422887369,1.4543442046376298,0.32310411008971407,1.5857058538845483,240,0.0,-0.2805411818677014,0.28388009499682704,0.5881525652252598,1.467302296961841,0.3129963450408173,1.581967315063205,48,0.0,-0.23768756356913437,0.24067199229470757,0.578303422887369,1.4512697980595997,0.32563105135193826,1.586617442702677,192,0.0,-0.2912545864423431,0.29468212067235694,0.5901098220425605,75120,65280,9600,9840,8640,73920,1478400,8640,9600,1.0,0.44479166666666664,0.44479166666666664,0.44479166666666664,2.482268280729283,1.0974242723590244,0,7.203932859217713,-1.7794414292411946,1.7794414292411946,1.8319330565872425,0.42929759822636404,2.208739027467559,,,,,
repetitions/pilot/d020_n3_M004_sample_box_rep00.npz,20,3,4,sample_box,sample_box,1.0,0,all,0.0470892998855561,0.4633281054881225,1.7520093170372966,0.37281936573877206,1.9256569707159301,240,0.0,-0.20715267070868537,0.22197772834392146,0.4902173149845684,1.6375510905557296,0.3416732639842238,1.7764785210992466,48,0.0,-0.16453738346169758,0.18103379428620134,0.4633281054881225,1.777942278970814,0.3806058911774092,1.9603616226700131,192,0.0,-0.21780649252043235,0.2322137118583515,0.4954390753260167,75120,65280,9600,9840,8640,73920,1478400,8640,9600,0.9998958333333333,0.45427083333333335,0.9998958333333333,0.9998958333333333,2.6585280219714016,2.6585280219714016,0,5.618898405643094,-1.4836506600170642,1.4836506600170642,1.5921228454597398,0.7421879676465806,2.2258386276636446,,,,,
repetitions/pilot/d020_n3_M004_sample_box_rep01.npz,20,3,4,sample_box,sample_box,1.0,1,all,0.04564670007675886,0.46570896577320087,2.0018668942755395,0.40965995380386494,2.205738608113068,240,0.0,-0.20271354175780137,0.21028068015067133,0.45515908450224635,1.9406768427266254,0.37688453924624865,2.1091813911304693,48,0.0,-0.1797366127642266,0.1914989289596797,0.46570896577320087,2.01603424270049,0.41785380744326894,2.22868185020929,192,0.0,-0.20845777400619503,0.21497611794841923,0.45301174612188255,75120,65280,9600,9840,8640,73920,1478400,8640,9600,1.0,0.4508333333333333,1.0,1.0,2.605832997779041,2.605832997779041,0,5.631354019040034,-1.4729851526087139,1.4729851526087139,1.5912078220406574,0.7357538748588449,2.208739027467559,,,,,
repetitions/pilot/d020_n3_M004_shrink_c0p1_rep00.npz,20,3,4,shrink_c0.1,shrink,0.1,0,all,0.04676410020329058,0.701597823135688,0.8598421085721121,0.20655916192382867,0.8864098599391609,240,0.0,-0.36989281552874775,0.36989281552874775,0.7306110626688305,0.8494528110715902,0.20172222859888175,0.8750215230007617,48,0.0,-0.3133871489894814,0.3133871489894814,0.701597823135688,0.8622752699677477,0.2077683952550654,0.8891686606171176,192,0.0,-0.38401923216356443,0.38401923216356443,0.7362972697240452,75120,65280,9600,9840,8640,73920,1478400,8640,9600,1.0,0.43385416666666665,1.0,1.0,2.4760644183205294,3.4108613426529084,0,9.125094305439637,-2.148273363469456,2.148273363469456,2.1488332374820596,0.0775652641941882,2.2258386276636446,,,,,
repetitions/pilot/d020_n3_M004_shrink_c0p1_rep01.npz,20,3,4,shrink_c0.1,shrink,0.1,1,all,0.0581553999800235,0.7048799418404486,0.8715753098177426,0.21100127998928525,0.899840133084008,240,0.0,-0.3733747010173174,0.3734825826170763,0.7333672934527383,0.8549981761391807,0.20512631243858787,0.8809337023677273,48,0.0,-0.3149951161486478,0.31553452414744193,0.7048799418404486,0.8754410087532468,0.2124700218769596,0.9043969217216307,192,0.0,-0.3879695972344848,0.3879695972344848,0.7389533622072527,75120,65280,9600,9840,8640,73920,1478400,8640,9600,1.0,0.4309375,1.0,1.0,2.4146014759428094,3.346029787093606,0,9.089975123317826,-2.1327818898927875,2.1327818898927875,2.13398447075615,0.07595713757477111,2.208739027467559,,,,,
repetitions/pilot/d020_n3_M004_shrink_c0p25_rep00.npz,20,3,4,shrink_c0.25,shrink,0.25,0,all,0.03956740000285208,0.6566578034172557,0.9093790847657615,0.21856204290251394,0.9508239268000644,240,0.0,-0.3486954081079573,0.3486954081079573,0.6967196639618785,0.9005205132804661,0.21438868521908874,0.9401851091410874,48,0.0,-0.2897456037265019,0.2897456037265019,0.6566578034172557,0.9114567609686931,0.2196053823233703,0.953403823095566,192,0.0,-0.3634328592033212,0.3634328592033212,0.7044869791148549,75120,65280,9600,9840,8640,73920,1478400,8640,9600,1.0,0.43833333333333335,1.0,1.0,2.4926573805047707,2.384549780454071,0,8.362722377848018,-2.0296010829303373,2.0296010829303373,2.036072207039499,0.19623754473330723,2.2258386276636446,,,,,
repetitions/pilot/d020_n3_M004_shrink_c0p25_rep01.npz,20,3,4,shrink_c0.25,shrink,0.25,1,all,0.0560697999317199,0.6736612103508146,0.9400869941166994,0.2242406367265708,0.9861319921271134,240,0.0,-0.35394130001325935,0.3540995418784341,0.7005958107306979,0.9132760595707909,0.21619698107671734,0.952461661775231,48,0.0,-0.2979417520013605,0.2987329613272343,0.6736612103508146,0.9463024298899699,0.22625155063903415,0.994180854997434,192,0.0,-0.3679411870162341,0.3679411870162341,0.7058786780045505,75120,65280,9600,9840,8640,73920,1478400,8640,9600,1.0,0.43604166666666666,1.0,1.0,2.4282807513779927,2.338149524302235,0,8.328571558832392,-2.0167718592424393,2.0167718592424393,2.0246547557800505,0.1919671682251196,2.208739027467559,,,,,
repetitions/pilot/d020_n3_M004_shrink_c0p5_rep00.npz,20,3,4,shrink_c0.5,shrink,0.5,0,all,0.047918800031766295,0.5704535829087428,1.3588323555241295,0.295378237218324,1.4742800364451047,240,0.0,-0.29973918868688804,0.30263807948879135,0.6303991714861096,1.3911555817159786,0.2965791285873827,1.4982800259804099,48,0.0,-0.23402502321630334,0.23561782626626185,0.5704535829087428,1.3510927525348475,0.2950780143760593,1.4683598041265946,192,0.0,-0.3161677300545342,0.3193931427944237,0.6417578893514978,75120,65280,9600,9840,8640,73920,1478400,8640,9600,1.0,0.4451041666666667,1.0,1.0,2.5607965098067456,1.0840237679657074,0,7.422149765167291,-1.823410663035077,1.823410663035077,1.8759569484318532,0.40242796462856795,2.2258386276636446,,,,,
repetitions/pilot/d020_n3_M004_shrink_c0p5_rep01.npz,20,3,4,shrink_c0.5,shrink,0.5,1,all,0.05600439989939332,0.613577174285605,1.4749749868972966,0.31266718550199823,1.6049256359260295,240,0.0,-0.3087842639162401,0.310023536871609,0.6343647936413899,1.3768310476016694,0.29551606068414316,1.4791052922527128,48,0.0,-0.2590869309578175,0.2603029369731133,0.613577174285605,1.4971947966946872,0.31695496670646206,1.6341791980665468,192,0.0,-0.3212085971558457,0.32245368684623293,0.6384560333971416,75120,65280,9600,9840,8640,73920,1478400,8640,9600,1.0,0.4425,1.0,1.0,2.485812967284315,1.0609635980399248,0,7.357518328586846,-1.8155501253320272,1.8155501253320272,1.861881242351049,0.39318890213553176,2.208739027467559,,,,,
repetitions/pilot/d020_n3_M004_shrink_c0p75_rep00.npz,20,3,4,shrink_c0.75,shrink,0.75,0,all,0.051319500198587775,0.5575476769060204,2.7799757004849477,0.4621870853754835,3.06505984988065,240,0.0,-0.2280938622447194,0.2688977907488327,0.5882661623974912,2.8316943263899743,0.4753272928682393,3.0822739130551415,48,0.0,-0.14948431639554413,0.22406255287960106,0.5575476769060204,2.7676314738955687,0.4589020335022946,3.060841580112277,192,0.0,-0.2477462487070132,0.2801066002161406,0.5942410963094839,75120,65280,9600,9840,8640,73920,1478400,8640,9600,1.0,0.4505208333333333,1.0,1.0,2.6851978581857203,0.2809522204608327,0,7.133636806081854,-1.6031331285981794,1.6031331285981794,1.785737767890998,0.6227054990654656,2.2258386276636446,,,,,
repetitions/pilot/d020_n3_M004_shrink_c0p75_rep01.npz,20,3,4,shrink_c0.75,shrink,0.75,1,all,0.05512610008008778,0.564025308849172,3.1231987646404518,0.5220137693455115,3.4463354376510362,240,0.0,-0.24131228849082997,0.27497987993778233,0.5912943101896173,2.737286138435641,0.4811389727767043,2.9786192690105397,48,0.0,-0.20233139868301273,0.23045513403258636,0.564025308849172,3.2074937619023998,0.5322324684877132,3.5512030374203793,192,0.0,-0.2510575109427842,0.2861110664140813,0.5966179672174244,75120,65280,9600,9840,8640,73920,1478400,8640,9600,1.0,0.44645833333333335,1.0,1.0,2.5926400637537497,0.27413495721395104,0,6.9179541490720275,-1.6006860418775979,1.6006860418775979,1.7627491798010526,0.6080529855899608,2.208739027467559,,,,,
repetitions/pilot/d020_n3_M004_z_only_box_rep00.npz,20,3,4,z_only_box,z_only_box,1.0,0,all,0.045990799786522985,0.46326432880910623,1.7968641563217274,0.3751066109381013,1.9756440864178246,240,0.0,-0.20654603065295649,0.22194116263869823,0.4906722771099536,1.6391419207302684,0.34192577237989785,1.7782300695775617,48,0.0,-0.1644663739953132,0.1809627848198169,0.46326432880910623,1.8321008016617286,0.3834018205776522,2.020923902920982,192,0.0,-0.2170659448173673,0.23218575709341852,0.49599152102126653,75120,65280,9600,9840,8640,73920,1478400,8640,9600,0.9998958333333333,0.45427083333333335,0.9998958333333333,0.9998958333333333,2.6585280219714016,2.658513322365623,0,5.622098132701865,-1.4832426069317644,1.4832426069317644,1.5925308985450397,0.7425960207318805,2.2258386276636446,,,,,
repetitions/pilot/d020_n3_M004_z_only_box_rep01.npz,20,3,4,z_only_box,z_only_box,1.0,1,all,0.05650199996307492,0.46576904212123243,2.0071706294211373,0.4103092369232177,2.2116450522044877,240,0.0,-0.20231070520481134,0.2101042775090125,0.455019596986551,1.9458716100521565,0.3773526017059001,2.114877514729736,48,0.0,-0.17960031980233446,0.1916352219215718,0.46576904212123243,2.021363440546836,0.41854839572754704,2.2346385831719884,192,0.0,-0.20798830155543058,0.21472154140587266,0.452831056187645,75120,65280,9600,9840,8640,73920,1478400,8640,9600,1.0,0.4508333333333333,1.0,1.0,2.605832997779041,2.605831414703911,0,5.632190792188322,-1.4728769272868236,1.4728769272868236,1.5913160473625476,0.7358621001807352,2.208739027467559,,,,,
repetitions/pilot/d020_n3_M004_z_zero_rep00.npz,20,3,4,z_zero,z_zero,0.0,0,all,0.045731000136584044,0.727548652872783,0.8657458059434088,0.2086784272489327,0.8897630915769835,240,0.0,-0.38148763382109213,0.38148763382109213,0.7501506978577624,0.8593769699940694,0.20506325920171886,0.8824688451256174,48,0.0,-0.3263644655846241,0.3263644655846241,0.727548652872783,0.867241749163054,0.20958221926073614,0.8915352335048993,192,0.0,-0.3952684258802092,0.3952684258802092,0.7546061373560812,75120,65280,9600,9840,8640,73920,1478400,8640,9600,0.9998958333333333,0.43291666666666667,1.0,1.0,2.4734883046199254,4.20454914087321,0,9.708192997001232,-2.2258386276636446,2.2258386276636446,2.2258386276636446,0.0,2.2258386276636446,,,,,
repetitions/pilot/d020_n3_M004_z_zero_rep01.npz,20,3,4,z_zero,z_zero,0.0,1,all,0.05824899999424815,0.7233885416972385,0.8690061521860581,0.21110014267436428,0.8932169353133368,240,0.0,-0.3841159694344698,0.38419053844888146,0.7524339927976618,0.8561831721523567,0.20532928678177662,0.8794198002352596,48,0.0,-0.3245035851601972,0.32487643023225604,0.7233885416972385,0.8720043123460708,0.21254285664751119,0.8965538523957323,192,0.0,-0.3990190655030379,0.3990190655030379,0.7581303353304686,75120,65280,9600,9840,8640,73920,1478400,8640,9600,1.0,0.42885416666666665,1.0,1.0,2.4125889165600127,4.124726935222707,0,9.667342696741022,-2.208739027467559,2.208739027467559,2.208739027467559,0.0,2.208739027467559,,,,,
repetitions/pilot/d020_n3_M006_batch_box_rep00.npz,20,3,6,batch_box,batch_box,1.0,0,all,0.12833139998838305,0.6371423297152691,0.7977653396612174,0.1906016311799042,0.8272286616533364,240,0.0,-0.3280125934099955,0.32806298783667376,0.6513987517979885,0.7754279595860466,0.18298634794725074,0.799278116776927,48,0.0,-0.28249058127345117,0.2825292699972319,0.6371423297152691,0.8029453658408432,0.19250545198806757,0.8339117006357493,192,0.0,-0.3393930964441316,0.33944641729653413,0.6542230754963281,236400,216000,20160,20400,18720,234720,4694400,18720,20160,0.9995535714285714,0.3812003968253968,0.9995535714285714,0.9999007936507937,1.4934469822098264,1.4934469822098264,0,7.788872372447723,-1.918177334119174,1.918177334119174,1.9298184191285148,0.2527959248302023,2.170973258949376,0.4628796559685765,0.3325,0.1735,0.9995,0.8092592592592592
repetitions/pilot/d020_n3_M006_batch_box_rep01.npz,20,3,6,batch_box,batch_box,1.0,1,all,0.14111279998905957,0.6089084164328737,0.8052708506329038,0.1922781917083081,0.8364782568234173,240,0.0,-0.32711893476684956,0.32712023451837735,0.6492146195540058,0.8141393665292866,0.1904864743382682,0.8479239374147448,48,0.0,-0.26917901724791155,0.2691855160055506,0.6089084164328737,0.8031639947316144,0.19272612105081802,0.8336594240305002,192,0.0,-0.34160391414658414,0.34160391414658414,0.6570075537607893,236400,216000,20160,20400,18720,234720,4694400,18720,20160,0.9992063492063492,0.384375,0.9992063492063492,0.9999007936507937,1.5028340345500901,1.5028340345500901,0,7.920633417245475,-1.9457599927562692,1.9457599927562692,1.9559247106504176,0.2543801503792862,2.200140143135555,0.45701389756644123,0.3275,0.1725,0.9995,0.8171296296296297
repetitions/pilot/d020_n3_M006_box_factor_a0p25_rep00.npz,20,3,6,box_factor_a0.25,box_factor,0.25,0,all,0.14191629993729293,0.6614189968146568,0.7522036903028227,0.1828385372273702,0.7687842673183282,240,0.0,-0.340458315171577,0.3404654920484116,0.6738583760822595,0.7485375532589992,0.17918472146517347,0.7641499938105899,48,0.0,-0.2924762127211391,0.2925120971053119,0.6614189968146568,0.7530661337766116,0.1837519911679194,0.7699116894319065,192,0.0,-0.35245384078418646,0.35245384078418646,0.6763278224166228,236400,216000,20160,20400,18720,234720,4694400,18720,20160,0.9996031746031746,0.3787202380952381,0.9998015873015873,0.9998015873015873,1.4898734976631864,2.4171717257354324,0,7.991138817252406,-1.9457981313312753,1.9457981313312753,1.9541280767179348,0.22517512761810118,2.170973258949376,,,,,
repetitions/pilot/d020_n3_M006_box_factor_a0p25_rep01.npz,20,3,6,box_factor_a0.25,box_factor,0.25,1,all,0.13532100012525916,0.6422454801360127,0.75091171967409,0.18221640827426971,0.7687162834701204,240,0.0,-0.33688817355523437,0.3368882662936434,0.6663353381299445,0.7632764687064247,0.18269972869486073,0.7844091735933681,48,0.0,-0.28427772935916673,0.284278193051212,0.6422454801360127,0.7479643819206866,0.18209557816912197,0.7648352690060675,192,0.0,-0.35004078460425125,0.35004078460425125,0.6710668053198185,236400,216000,20160,20400,18720,234720,4694400,18720,20160,0.9990575396825396,0.38298611111111114,0.9996031746031746,0.9996031746031746,1.4989916104490522,2.4317214871026085,0,8.111564144308012,-1.9703995340492495,1.9703995340492495,1.9787900038665869,0.22974060908630614,2.200140143135555,,,,,
repetitions/pilot/d020_n3_M006_box_factor_a0p5_rep00.npz,20,3,6,box_factor_a0.5,box_factor,0.5,0,all,0.13579750014469028,0.5957053960087446,0.8236928061843856,0.19491286477791211,0.8662152831296844,240,0.0,-0.29899711429966797,0.29900545124102484,0.6000981329227079,0.7935966551407059,0.18439668851578564,0.826229763295574,48,0.0,-0.25913397303709823,0.2591756577438827,0.5957053960087446,0.83063517339712,0.19754190884344372,0.8757021743306115,192,0.0,-0.30896289961531037,0.30896289961531037,0.6009760394018155,236400,216000,20160,20400,18720,234720,4694400,18720,20160,0.9996527777777777,0.38551587301587303,0.999702380952381,0.999702380952381,1.5049188515011234,2.05041449879514,0,6.882883705490396,-1.7540504356781124,1.7540504356781124,1.7839355707271576,0.4169228232712641,2.170973258949376,,,,,
repetitions/pilot/d020_n3_M006_box_factor_a0p5_rep01.npz,20,3,6,box_factor_a0.5,box_factor,0.5,1,all,0.13503000000491738,0.5614551858962619,0.8378473696310066,0.19988642663864573,0.8847003434104443,240,0.0,-0.2933289836600849,0.2933597487846948,0.5868902170277013,0.8418472369173491,0.19566957977881494,0.885640335038347,48,0.0,-0.24274429723932736,0.2427513645493989,0.5614551858962619,0.8369007905935005,0.2009406383536034,0.8844706517683709,192,0.0,-0.30597515526527436,0.3060118448435187,0.5918642027402644,236400,216000,20160,20400,18720,234720,4694400,18720,20160,0.9992063492063492,0.38953373015873016,0.9993551587301587,0.9993551587301587,1.5167522972751952,2.065960116208627,0,6.983793072418237,-1.774270317370504,1.774270317370504,1.8053514170109244,0.4258698257650515,2.200140143135555,,,,,
repetitions/pilot/d020_n3_M006_box_factor_a0p75_rep00.npz,20,3,6,box_factor_a0.75,box_factor,0.75,0,all,0.11888800002634525,0.5319328664845111,1.011418852849564,0.22884611919760128,1.0908879072110584,240,0.0,-0.2589466486778816,0.2590554392804535,0.5318057614668111,0.9406564125345667,0.2115969604332004,1.0002780700574347,48,0.0,-0.226832180830136,0.22687849274132774,0.5319328664845111,1.0274052312044557,0.23315840888870146,1.1118931013531004,192,0.0,-0.266975265639818,0.267099675915235,0.5317802433824096,236400,216000,20160,20400,18720,234720,4694400,18720,20160,0.9996527777777777,0.3898809523809524,0.999702380952381,0.999702380952381,1.5281949057150994,1.7706106476220194,0,6.100264232692429,-1.5911713762456579,1.5911713762456579,1.6536899856007812,0.5798018827037185,2.170973258949376,,,,,
repetitions/pilot/d020_n3_M006_box_factor_a0p75_rep01.npz,20,3,6,box_factor_a0.75,box_factor,0.75,1,all,0.1350032000336796,0.4868967697825913,1.0629620866967948,0.24314818757582923,1.1512907086177047,240,0.0,-0.25109211325978315,0.25138876175957414,0.5132407570442836,1.0663185172589906,0.23400239437798245,1.144582296888383,48,0.0,-0.20128665752886685,0.20216727469553677,0.4868967697825913,1.0621685712035762,0.24543463587529088,1.152922929754682,192,0.0,-0.26354347719251225,0.2636941335255835,0.5183675932166005,236400,216000,20160,20400,18720,234720,4694400,18720,20160,0.9992559523809523,0.3942956349206349,0.9993055555555556,0.9993055555555556,1.5433954965363783,1.7877645671821194,0,6.191102178876549,-1.6081577284000512,1.6081577284000512,1.6737676522891187,0.5919824147355043,2.200140143135555,,,,,
repetitions/pilot/d020_n3_M006_box_factor_a1p25_rep00.npz,20,3,6,box_factor_a1.25,box_factor,1.25,0,all,0.1421936999540776,0.4271146621775293,1.6239591634087729,0.33908120100405287,1.7863881454190995,240,0.0,-0.18404435127449484,0.1966198646747812,0.42797949225784676,1.4815756059711787,0.31245861164287175,1.6068694427593557,48,0.0,-0.16465072143967355,0.17367879265366257,0.4271146621775293,1.6557709899055473,0.3457368483443481,1.8275485990375993,192,0.0,-0.1888927587332002,0.20235513268006086,0.42815288338167407,236400,216000,20160,20400,18720,234720,4694400,18720,20160,0.9996031746031746,0.3952380952380952,0.9995039682539683,0.9995039682539683,1.5855354326320845,1.3910904570552616,0,5.230564987710929,-1.337499086039515,1.337499086039515,1.4897797566988762,0.8334741729098614,2.170973258949376,,,,,
repetitions/pilot/d020_n3_M006_box_factor_a1p25_rep01.npz,20,3,6,box_factor_a1.25,box_factor,1.25,1,all,0.14314419985748827,0.3925500409055737,1.7962871822833957,0.3722198759085769,1.9795838504054928,240,0.0,-0.16877123223300242,0.18349020363022375,0.400583111263502,1.7882234319529113,0.35323115096909513,1.9449767371679063,48,0.0,-0.12167317003577664,0.1544529771186813,0.3925500409055737,1.798184597361604,0.3769670571434473,1.9879431653621071,192,0.0,-0.18054574778230884,0.19074951025810935,0.40217629303952185,236400,216000,20160,20400,18720,234720,4694400,18720,20160,0.9992559523809523,0.3985119047619048,0.9992063492063492,0.9992063492063492,1.6078215063725736,1.4114229433643921,0,5.315323629712367,-1.349073787711806,1.349073787711806,1.5074585852958853,0.8510663554237496,2.200140143135555,,,,,
repetitions/pilot/d020_n3_M006_box_factor_a1p5_rep00.npz,20,3,6,box_factor_a1.5,box_factor,1.5,0,all,0.12291739997453988,0.39529563797032186,1.9750958728594938,0.4021123619652107,2.1784120451798055,240,0.0,-0.14982142709686427,0.17956346266980752,0.3997321393545987,1.8261835832393616,0.37270311474120005,1.9864797198643065,48,0.0,-0.13538941619581854,0.15133429116266214,0.39529563797032186,2.008623443838027,0.40946467377121337,2.222764455685503,192,0.0,-0.1534294298221257,0.18662075554659388,0.4006167794498183,236400,216000,20160,20400,18720,234720,4694400,18720,20160,0.9996031746031746,0.3966765873015873,0.999454365079365,0.999454365079365,1.6142876506316253,1.263771784694896,0,5.037525476695401,-1.2410329141354792,1.2410329141354792,1.4474348482978847,0.929940344813897,2.170973258949376,,,,,
repetitions/pilot/d020_n3_M006_box_factor_a1p5_rep01.npz,20,3,6,box_factor_a1.5,box_factor,1.5,1,all,0.13225940009579062,0.38539710914993663,2.225087085718546,0.44529581924963785,2.4569571289605596,240,0.0,-0.12978648776548302,0.16972824485973734,0.37608932192768124,2.198372529711167,0.42120650733866066,2.3944681767285796,48,0.0,-0.0846693013268714,0.15512386293028854,0.38539710914993663,2.2313439008669196,0.4513181472273821,2.471976570497801,192,0.0,-0.14106578437513592,0.17337934034209956,0.3741930223561265,236400,216000,20160,20400,18720,234720,4694400,18720,20160,0.9992559523809523,0.3998015873015873,0.9990575396825396,0.9990575396825396,1.6396682998994607,1.2853925768898593,0,5.126212536106014,-1.2502260677403554,1.2502260677403554,1.4666869906197355,0.9499140753952001,2.200140143135555,,,,,
repetitions/pilot/d020_n3_M006_box_factor_a2_rep00.npz,20,3,6,box_factor_a2,box_factor,2.0,0,all,0.12925429991446435,0.38188328118619486,2.7054348995705437,0.5303483302985699,2.9892963664064682,240,0.0,-0.08907391795938698,0.171123072694956,0.39730295745690475,2.5547892481668413,0.49594954069875546,2.784568627382885,48,0.0,-0.08305536554309108,0.14125086908003845,0.38188328118619486,2.739773047162954,0.5389480276985235,3.0371938862136365,192,0.0,-0.09057855606346094,0.17859112359868537,0.40032665480307794,236400,216000,20160,20400,18720,234720,4694400,18720,20160,0.9996031746031746,0.398015873015873,0.999454365079365,0.999454365079365,1.6647264529781105,1.088643938128534,0,4.941812905174668,-1.095281037662707,1.095281037662707,1.4190201973495222,1.0756922212866689,2.170973258949376,,,,,
repetitions/pilot/d020_n3_M006_box_factor_a2_rep01.npz,20,3,6,box_factor_a2,box_factor,2.0,1,all,0.13355510006658733,0.44568570352207104,3.094411003560645,0.5903965871142407,3.420502513840673,240,0.0,-0.05924694143469907,0.17290936838664367,0.4044094941240521,3.0275926516497775,0.5538507801882593,3.3000760655030876,48,0.0,-0.016703699705648736,0.17390915023142087,0.44568570352207104,3.109967848304862,0.5995330388457362,3.449271216508131,192,0.0,-0.06988275186696165,0.17265942292544936,0.3956052426107332,236400,216000,20160,20400,18720,234720,4694400,18720,20160,0.9992063492063492,0.40133928571428573,0.9989087301587302,0.9989087301587302,1.695073475247581,1.1122004928467208,0,5.048980567595993,-1.100853296774242,1.100853296774242,1.444627055198699,1.0992868463613141,2.200140143135555,,,,,
repetitions/pilot/d020_n3_M006_f_zero_rep00.npz,20,3,6,f_zero,f_zero,0.0,0,all,0.025536900153383613,0.729367557806986,0.7825456767139481,0.19085221895281126,0.7891415275158279,240,0.0,-0.3838982814732911,0.38390411086164267,0.7526295737601504,0.7817854146733971,0.18907089669380164,0.7914658132770994,48,0.0,-0.32736702811271196,0.3273961750544701,0.729367557806986,0.7827249572032617,0.19129754951756367,0.7885729112416675,192,0.0,-0.3980310948134358,0.3980310948134358,0.7572129564005609,52080,51840,0,240,0,51840,1036800,0,0,0.0,0.0,0.0,0.0,0.0,0.0,0,,,,,,,,,,,
repetitions/pilot/d020_n3_M006_f_zero_rep01.npz,20,3,6,f_zero,f_zero,0.0,1,all,0.021041099913418293,0.7227568573503639,0.7809326478937287,0.19050823636498307,0.7880371378347948,240,0.0,-0.38171298475563725,0.38171298475563725,0.7486476136029774,0.7942145923478641,0.1940241569286652,0.8072288285042768,48,0.0,-0.32539546359507493,0.32539546359507493,0.7227568573503639,0.7777656246958167,0.18962925622406254,0.7832792207181518,192,0.0,-0.3957923650457779,0.3957923650457779,0.7537376226954697,52080,51840,0,240,0,51840,1036800,0,0,0.0,0.0,0.0,0.0,0.0,0.0,0,,,,,,,,,,,
repetitions/pilot/d020_n3_M006_raw_rep00.npz,20,3,6,raw,raw,1.0,0,all,0.11402089986950159,0.4974616918392678,3.114725235904589,0.5194115833446646,3.440973487840973,240,0.0,-0.178683813492746,0.2125954483012077,0.47561313032295705,2.896191654953911,0.5288706962868451,3.15484761850145,48,0.0,-0.15133644972632146,0.1922066862197079,0.4974616918392678,3.1640893930803142,0.5170468051091194,3.50729940972715,192,0.0,-0.1855206544343521,0.21769263882158266,0.4711052608921577,236400,216000,20160,20400,18720,234720,4694400,18720,20160,0.9996031746031746,0.39340277777777777,0.9996031746031746,0.0,1.601554987344427,1.601554987344427,0,6.489364829387752,-1.3625120546479423,1.3625120546479423,1.6512097247578736,0.8084612043014339,2.170973258949376,,,,,
repetitions/pilot/d020_n3_M006_raw_rep01.npz,20,3,6,raw,raw,1.0,1,all,0.1265928999055177,0.5681738404699893,3.583957444937172,0.5886505589273202,3.959953992825819,240,0.0,-0.13796695250649388,0.2279017422565657,0.527710469988533,3.2445442189245117,0.5409011258224845,3.533978187509522,48,0.0,-0.05915866703214184,0.20911438241391508,0.5681738404699893,3.659456472908344,0.6005879172035292,4.057186031397736,192,0.0,-0.1576690238750819,0.23259858221722837,0.5192081608010007,236400,216000,20160,20400,18720,234720,4694400,18720,20160,0.9992559523809523,0.39751984126984125,0.9992559523809523,0.0,1.623616439024835,1.623616439024835,0,6.573461967769412,-1.3850545651306685,1.3850545651306685,1.665665934739508,0.8150855780048868,2.200140143135555,,,,,
repetitions/pilot/d020_n3_M006_sample_ball_rep00.npz,20,3,6,sample_ball,sample_ball,1.0,0,all,0.14582509989850223,0.5618456923616355,1.1603354307843463,0.26356384665222854,1.257486535491057,240,0.0,-0.2648188295431202,0.2653909364930413,0.5529413143800934,1.1006936303246961,0.24863481541759105,1.176337344057166,48,0.0,-0.23484948086258037,0.2355089960547271,0.5618456923616355,1.1739665131002572,0.2672961044608879,1.2765192142689255,192,0.0,-0.2723111667132551,0.2728614216026199,0.5511365569534211,236400,216000,20160,20400,18720,234720,4694400,18720,20160,0.9996031746031746,0.3879464285714286,0.3879464285714286,0.3879464285714286,1.5173816349116682,0.5380005497369721,0,6.762410029713218,-1.6791252130985561,1.6791252130985561,1.7391795598098685,0.49184804585082,2.170973258949376,,,,,
repetitions/pilot/d020_n3_M006_sample_ball_rep01.npz,20,3,6,sample_ball,sample_ball,1.0,1,all,0.12504790001548827,0.48342433110513505,1.2708548500385721,0.28339884045568087,1.3842693904800318,240,0.0,-0.2536331130535939,0.254398455722299,0.5300933508972832,1.3091022264513537,0.27565063834102804,1.4136168480009628,48,0.0,-0.18980744929753837,0.19237947758766116,0.48342433110513505,1.2616611057005798,0.285335890984344,1.3770079182651067,192,0.0,-0.26958952899260774,0.26990320025595854,0.5389746751525066,236400,216000,20160,20400,18720,234720,4694400,18720,20160,0.9992559523809523,0.3912202380952381,0.3912202380952381,0.3912202380952381,1.5312159810037544,0.5362063197096366,0,6.865236018333096,-1.7024271644455768,1.7024271644455768,1.7611048956866693,0.4977129786899785,2.200140143135555,,,,,
repetitions/pilot/d020_n3_M006_sample_box_rep00.npz,20,3,6,sample_box,sample_box,1.0,0,all,0.1386826999951154,0.47445380707003965,1.2895309654221139,0.27920830061496604,1.409844572706749,240,0.0,-0.22074510542003742,0.22348240180119036,0.47336874281479174,1.1752954476674962,0.25665396793517453,1.266341350372421,48,0.0,-0.19556037200228724,0.1987269037457132,0.47445380707003965,1.3150392879612751,0.2848468837849139,1.4427203901827954,192,0.0,-0.22704128877447494,0.22967127631505965,0.47315063258098533,236400,216000,20160,20400,18720,234720,4694400,18720,20160,0.9996031746031746,0.392906746031746,0.9996031746031746,0.9996031746031746,1.5561555761467973,1.5561555761467973,0,5.568667181462698,-1.4532637014275318,1.4532637014275318,1.5574132151945264,0.7177095575218444,2.170973258949376,,,,,
repetitions/pilot/d020_n3_M006_sample_box_rep01.npz,20,3,6,sample_box,sample_box,1.0,1,all,0.11961039993911982,0.4273648859936822,1.398783695339018,0.3031881864352377,1.5338862466889858,240,0.0,-0.2092504616763361,0.21177176245117568,0.44865361872294846,1.4060281824013918,0.2892883510314004,1.5237762748052872,48,0.0,-0.16017322402693404,0.16645574749663936,0.4273648859936822,1.397068839564307,0.30666314528619704,1.5363449299782808,192,0.0,-0.22151977108868662,0.22310076618980976,0.45280640590186105,236400,216000,20160,20400,18720,234720,4694400,18720,20160,0.9992063492063492,0.3970238095238095,0.9992063492063492,0.9992063492063492,1.574880687303785,1.574880687303785,0,5.654192925067512,-1.4673900519582386,1.4673900519582386,1.5756039425960326,0.7327500911773169,2.200140143135555,,,,,
repetitions/pilot/d020_n3_M006_shrink_c0p1_rep00.npz,20,3,6,shrink_c0.1,shrink,0.1,0,all,0.12383180018514395,0.7123883735214804,0.7698194497795381,0.18742638242630374,0.7776243611433392,240,0.0,-0.373593424719602,0.37359955610202833,0.7342446422313501,0.7708494335367473,0.18632264461977294,0.7815885079987064,48,0.0,-0.31903254270771625,0.3190631996198483,0.7123883735214804,0.7695762182283574,0.18770231687793645,0.7766532683786416,192,0.0,-0.38723364522257336,0.38723364522257336,0.7385540150926128,236400,216000,20160,20400,18720,234720,4694400,18720,20160,0.999454365079365,0.37490079365079365,1.0,1.0,1.4858311156510038,2.3550869961025716,0,8.94032142179012,-2.0951068800226555,2.0951068800226555,2.095609751970612,0.07586637892672021,2.170973258949376,,,,,
repetitions/pilot/d020_n3_M006_shrink_c0p1_rep01.npz,20,3,6,shrink_c0.1,shrink,0.1,1,all,0.12459829985164106,0.7044726535699094,0.7682333368900482,0.1872698044429713,0.776968802094025,240,0.0,-0.37059869822984404,0.37059869822984404,0.7282739759528851,0.7823078348753026,0.19075041694689793,0.7964015096085657,48,0.0,-0.3156643937322628,0.3156643937322628,0.7044726535699094,0.7648746156418675,0.18639965131698968,0.7721491693972671,192,0.0,-0.3843322743542393,0.3843322743542393,0.7329585940990929,236400,216000,20160,20400,18720,234720,4694400,18720,20160,0.999156746031746,0.3784722222222222,1.0,1.0,1.4940157276768973,2.3680971916787334,0,9.08710870780665,-2.1241717835715863,2.1241717835715863,2.1245732517680396,0.07596835956396944,2.200140143135555,,,,,
repetitions/pilot/d020_n3_M006_shrink_c0p25_rep00.npz,20,3,6,shrink_c0.25,shrink,0.25,0,all,0.1365112999919802,0.6829449933621553,0.7746505820409133,0.18846388242908396,0.7902364862780017,240,0.0,-0.35508450013225107,0.35509108686836316,0.7014481275463511,0.7764695924645056,0.18678264535451777,0.7931883174588555,48,0.0,-0.3041956715585575,0.3042286052391181,0.6829449933621553,0.7742207529807462,0.1888841916977255,0.789513991631592,192,0.0,-0.3678067072756745,0.3678067072756745,0.7051038398156483,236400,216000,20160,20400,18720,234720,4694400,18720,20160,0.9996031746031746,0.37857142857142856,1.0,1.0,1.489866231907973,1.6417341013894715,0,8.177427094506648,-1.9798184502573353,1.9798184502573353,1.984414547783258,0.19115480869204124,2.170973258949376,,,,,
repetitions/pilot/d020_n3_M006_shrink_c0p25_rep01.npz,20,3,6,shrink_c0.25,shrink,0.25,1,all,0.12430000002495944,0.6660853935456849,0.7821094748057167,0.19029939805541582,0.8012986802092629,240,0.0,-0.3499687179810558,0.3499691928378821,0.6907138840858592,0.7871208576353828,0.19101233304626958,0.8083173278030781,48,0.0,-0.29579704437282195,0.2957994186569534,0.6660853935456849,0.7809223211219292,0.19012116430770234,0.7995754126507031,192,0.0,-0.3635116363831143,0.3635116363831143,0.6955525956513897,236400,216000,20160,20400,18720,234720,4694400,18720,20160,0.9991071428571429,0.3817956349206349,1.0,1.0,1.4987550372813443,1.6514188228172972,0,8.314621360088232,-2.008555901162011,2.008555901162011,2.012463775297089,0.19158424197354387,2.200140143135555,,,,,
repetitions/pilot/d020_n3_M006_shrink_c0p5_rep00.npz,20,3,6,shrink_c0.5,shrink,0.5,0,all,0.12570099998265505,0.6196709193124567,0.9584006282397437,0.223389027171112,1.017897602297585,240,0.0,-0.31395587960329874,0.3139744008838009,0.6305623877710862,0.9495422609699768,0.21921516058996632,1.0005773542395577,48,0.0,-0.2705262610628178,0.2705630208675984,0.6196709193124567,0.9604788975590518,0.22443249381639846,1.0220825083124438,192,0.0,-0.324813284238419,0.32482724588785156,0.6327260926516737,236400,216000,20160,20400,18720,234720,4694400,18720,20160,0.9996527777777777,0.3854166666666667,1.0,1.0,1.5084744834286294,0.7386225240660708,0,7.1737676774508765,-1.782658937571643,1.782658937571643,1.8165696458811844,0.38831432137773314,2.170973258949376,,,,,
repetitions/pilot/d020_n3_M006_shrink_c0p5_rep01.npz,20,3,6,shrink_c0.5,shrink,0.5,1,all,0.11940170009620488,0.5741010993957887,1.0449651533599948,0.23646003795915665,1.1201892035617718,240,0.0,-0.30224424923215726,0.30228601580687753,0.6085996706737654,1.009252911282893,0.22295007572939726,1.0728760125741865,48,0.0,-0.2454866448687547,0.24549816417346307,0.5741010993957887,1.0532151039395206,0.23983752851659645,1.131442263856901,192,0.0,-0.3164336503230079,0.3164829787152312,0.6152916745434178,236400,216000,20160,20400,18720,234720,4694400,18720,20160,0.9992559523809523,0.38898809523809524,1.0,1.0,1.5199141195267947,0.7437944427187124,0,7.281789530192284,-1.8102803860994885,1.8102803860994885,1.84004556699127,0.38985975703606696,2.200140143135555,,,,,
repetitions/pilot/d020_n3_M006_shrink_c0p75_rep00.npz,20,3,6,shrink_c0.75,shrink,0.75,0,all,0.13283329992555082,0.5432156082483867,1.662426922590027,0.32585689541117957,1.8222982928616218,240,0.0,-0.2564948430142063,0.2592054450466904,0.5436441308194074,1.590885875556315,0.3260721051057447,1.7206957850780287,48,0.0,-0.22126958949542752,0.22590632809298536,0.5432156082483867,1.678862972020615,0.3258030929875383,1.8462597721182936,192,0.0,-0.265301156393901,0.2675302242851167,0.5437301095879804,236400,216000,20160,20400,18720,234720,4694400,18720,20160,0.9996527777777777,0.3902777777777778,1.0,1.0,1.545128458393799,0.1882488910205079,0,6.558201805929471,-1.5775412844994592,1.5775412844994592,1.6986465226307943,0.5934319744499171,2.170973258949376,,,,,
repetitions/pilot/d020_n3_M006_shrink_c0p75_rep01.npz,20,3,6,shrink_c0.75,shrink,0.75,1,all,0.1330168000422418,0.48841903183749535,1.9108182353249075,0.36444837699600413,2.100916956138783,240,0.0,-0.23331764018271287,0.2449177427824922,0.5221309961985622,1.7833961154719702,0.33461510938969674,1.9354947346583862,48,0.0,-0.16857145558711428,0.18913938395729069,0.48841903183749535,1.9396640144425008,0.37190669389758096,2.1393697808075123,192,0.0,-0.24950418633161253,0.2588623324887926,0.5286391411002453,236400,216000,20160,20400,18720,234720,4694400,18720,20160,0.9992063492063492,0.39419642857142856,1.0,1.0,1.560934686603738,0.18987946322881719,0,6.633507891732986,-1.6031633550537772,1.6031633550537772,1.7149703888817553,0.5969767880817782,2.200140143135555,,,,,
repetitions/pilot/d020_n3_M006_z_only_box_rep00.npz,20,3,6,z_only_box,z_only_box,1.0,0,all,0.13402930018492043,0.47445380707003965,1.2955398628192225,0.2800291569357487,1.416612031082636,240,0.0,-0.22033648601180839,0.22320176982464332,0.47295552630496446,1.1752954476674962,0.25665396793517453,1.266341350372421,48,0.0,-0.19556037200228724,0.1987269037457132,0.47445380707003965,1.322318779488412,0.2858729541858923,1.4509448535205514,192,0.0,-0.2265305145141887,0.22932048634437585,0.47265419656846386,236400,216000,20160,20400,18720,234720,4694400,18720,20160,0.9996031746031746,0.392906746031746,0.9996031746031746,0.9996031746031746,1.5561555761467973,1.5561536752657519,0,5.569706123808052,-1.4531378547412133,1.4531378547412133,1.557539061880845,0.7178354042081629,2.170973258949376,,,,,
repetitions/pilot/d020_n3_M006_z_only_box_rep01.npz,20,3,6,z_only_box,z_only_box,1.0,1,all,0.11892809998244047,0.42707324609694947,1.4035695887243198,0.30389570789158477,1.5392535555650293,240,0.0,-0.20881949022021892,0.2114653115907781,0.44838003260675363,1.4155802177096035,0.29001827424822474,1.534299884607367,48,0.0,-0.15927942635790218,0.16597386075258402,0.42707324609694947,1.4007205953678716,0.3073650663024247,1.54046079011863,192,0.0,-0.22120450618579812,0.22283817430032662,0.45253616706814315,236400,216000,20160,20400,18720,234720,4694400,18720,20160,0.9992063492063492,0.3970238095238095,0.9992063492063492,0.9992063492063492,1.574880687303785,1.5748789301296775,0,5.654999134964353,-1.467294254092441,1.467294254092441,1.5756997404618303,0.7328458890431142,2.200140143135555,,,,,
repetitions/pilot/d020_n3_M006_z_zero_rep00.npz,20,3,6,z_zero,z_zero,0.0,0,all,0.12481559999287128,0.729367557806986,0.7825456767139481,0.19085221895281126,0.7891415275158279,240,0.0,-0.3838982814732911,0.38390411086164267,0.7526295737601504,0.7817854146733971,0.18907089669380164,0.7914658132770994,48,0.0,-0.32736702811271196,0.3273961750544701,0.729367557806986,0.7827249572032617,0.19129754951756367,0.7885729112416675,192,0.0,-0.3980310948134358,0.3980310948134358,0.7572129564005609,236400,216000,20160,20400,18720,234720,4694400,18720,20160,0.9994047619047619,0.3742559523809524,1.0,1.0,1.4853360910765783,2.904427174945789,0,9.51360561479996,-2.170973258949376,2.170973258949376,2.170973258949376,0.0,2.170973258949376,,,,,
repetitions/pilot/d020_n3_M006_z_zero_rep01.npz,20,3,6,z_zero,z_zero,0.0,1,all,0.13202839996665716,0.7227568573503639,0.7809326478937287,0.19050823636498307,0.7880371378347948,240,0.0,-0.38171298475563725,0.38171298475563725,0.7486476136029774,0.7942145923478641,0.1940241569286652,0.8072288285042768,48,0.0,-0.32539546359507493,0.32539546359507493,0.7227568573503639,0.7777656246958167,0.18962925622406254,0.7832792207181518,192,0.0,-0.3957923650457779,0.3957923650457779,0.7537376226954697,236400,216000,20160,20400,18720,234720,4694400,18720,20160,0.9992559523809523,0.3773809523809524,1.0,1.0,1.493380412061777,2.920105154062109,0,9.663068537672594,-2.200140143135555,2.200140143135555,2.200140143135555,0.0,2.200140143135555,,,,,
repetitions/pilot/d020_n3_M008_batch_box_rep00.npz,20,3,8,batch_box,batch_box,1.0,0,all,0.3061049999669194,0.6286098671505899,0.756950182718869,0.18072562679076906,0.7793657528596714,240,0.0,-0.32694101172202905,0.3269608234184167,0.6483888259788556,0.7766332633619777,0.18211181633174267,0.801967806204814,48,0.0,-0.2798856434363907,0.27988979656907215,0.6286098671505899,0.7522307515537523,0.18037907940552564,0.7737461866297387,192,0.0,-0.3387048537934387,0.33872858013075285,0.6522868804930988,541680,506880,34560,34800,32640,539520,10790400,32640,34560,0.9979745370370371,0.32705439814814813,0.9979745370370371,0.9996238425925926,1.0270755261596298,1.0270755261596298,0,7.579783805007538,-1.883207768735885,1.883207768735885,1.8915555631272107,0.2502763597311839,2.133484128467069,0.4871762702309251,0.3555,0.1885,0.9995,0.8041666666666667
repetitions/pilot/d020_n3_M008_batch_box_rep01.npz,20,3,8,batch_box,batch_box,1.0,1,all,0.33615210000425577,0.6193382527313229,0.749258541591573,0.17844067456741824,0.7712560215504748,240,0.0,-0.3226623987840977,0.32267182982632,0.6428128614007185,0.7505154402234147,0.1763975660685073,0.7731898069408355,48,0.0,-0.2735822195174977,0.27360994526954135,0.6193382527313229,0.7489616616185772,0.17895145169214596,0.7707830666372542,192,0.0,-0.3349324436007477,0.33493730096551455,0.6474224678067193,541680,506880,34560,34800,32640,539520,10790400,32640,34560,0.9976851851851852,0.3347222222222222,0.9976851851851852,0.9997106481481481,1.0556833087130353,1.0556833087130353,0,7.764991396474813,-1.9138093511766927,1.9138093511766927,1.9228191883247416,0.2548697090731312,2.1686790602498243,0.4881641075819014,0.3575,0.1875,0.9995,0.7977272727272727
repetitions/pilot/d020_n3_M008_box_factor_a0p25_rep00.npz,20,3,8,box_factor_a0.25,box_factor,0.25,0,all,0.3217136000748724,0.6475211742095857,0.7133719786443973,0.17217069851332625,0.7238712480671095,240,0.0,-0.3364626349433955,0.3364626349433955,0.6648664740209016,0.7242291784396453,0.17323641252640817,0.7380643590433668,48,0.0,-0.28869085645054654,0.28869085645054654,0.6475211742095857,0.7107859783789282,0.1719042700100558,0.7203629021984228,192,0.0,-0.34840557956660784,0.34840557956660784,0.6682940300619905,541680,506880,34560,34800,32640,539520,10790400,32640,34560,0.9976851851851852,0.3259548611111111,0.9989583333333333,0.9989583333333333,1.025308315539036,1.8087479527065118,0,7.7337362242993715,-1.9008997817276563,1.9008997817276563,1.9087521392617772,0.23258434673941325,2.133484128467069,,,,,
repetitions/pilot/d020_n3_M008_box_factor_a0p25_rep01.npz,20,3,8,box_factor_a0.25,box_factor,0.25,1,all,0.3271926997695118,0.6438489648294109,0.7091478403470413,0.17040955122355717,0.7189131768065352,240,0.0,-0.33569258987572953,0.33569744531948054,0.664160324584805,0.7207794286921332,0.17194568671389476,0.7346478135178908,48,0.0,-0.2863545416573698,0.28637881887612465,0.6438489648294109,0.7063753728812509,0.17002551735097277,0.7150182817937834,192,0.0,-0.34802710193031955,0.34802710193031955,0.6681631183542239,541680,506880,34560,34800,32640,539520,10790400,32640,34560,0.9974247685185185,0.33359375,0.9987268518518518,0.9987268518518518,1.053809144812061,1.8547712695442253,0,7.932273772997107,-1.9342121864061297,1.9342121864061297,1.9420196978971527,0.23446687384369422,2.1686790602498243,,,,,
repetitions/pilot/d020_n3_M008_box_factor_a0p5_rep00.npz,20,3,8,box_factor_a0.5,box_factor,0.5,0,all,0.3060435000807047,0.5778526513855787,0.7653495690379685,0.18285930372021672,0.7999782878646576,240,0.0,-0.2942037330893123,0.29424641023945525,0.5878929787035773,0.7608019415525793,0.17854187411623262,0.7911427158906372,48,0.0,-0.25331083893157946,0.2533297308687645,0.5778526513855787,0.7664186730387329,0.18393866112121274,0.8021210925845984,192,0.0,-0.30442695662874547,0.30447558008212794,0.5898878287365082,541680,506880,34560,34800,32640,539520,10790400,32640,34560,0.9981192129629629,0.3311631944444444,0.998755787037037,0.998755787037037,1.033745107420114,1.4842447622555046,0,6.621044301265198,-1.7060783489059812,1.7060783489059812,1.7360103337081578,0.42740577956108794,2.133484128467069,,,,,
repetitions/pilot/d020_n3_M008_box_factor_a0p5_rep01.npz,20,3,8,box_factor_a0.5,box_factor,0.5,1,all,0.3239502999931574,0.5744271874727533,0.7522830635145681,0.17776318446611677,0.7847373928710729,240,0.0,-0.29251993578271596,0.2925885960252905,0.5873132940686872,0.7567252129819891,0.17637967107108024,0.7869496036864025,48,0.0,-0.2497083410991416,0.2497403183384066,0.5744271874727533,0.7512310828614351,0.1781090628148759,0.7841962372571801,192,0.0,-0.3032228344536095,0.30330066544701145,0.5898660615748678,541680,506880,34560,34800,32640,539520,10790400,32640,34560,0.9977719907407407,0.338744212962963,0.9984664351851852,0.9984664351851852,1.0618034435492754,1.5231312128809267,0,6.778044337815977,-1.7372769790420424,1.7372769790420424,1.7649856287454795,0.4314020812077816,2.1686790602498243,,,,,
repetitions/pilot/d020_n3_M008_box_factor_a0p75_rep00.npz,20,3,8,box_factor_a0.75,box_factor,0.75,0,all,0.3302847999148071,0.5180522070816875,0.918060963924532,0.21232693841580969,0.9857327740713219,240,0.0,-0.2554831526762297,0.2558462935262514,0.5216087371998698,0.8843783743236802,0.20164477056143099,0.9385635046990671,48,0.0,-0.2205715709831756,0.22060998070282242,0.5180522070816875,0.9258298973796129,0.2149974803794043,0.9969122205336101,192,0.0,-0.2642110480994932,0.26465537173210857,0.5223197387279431,541680,506880,34560,34800,32640,539520,10790400,32640,34560,0.9984085648148148,0.3349537037037037,0.9986689814814815,0.9986689814814815,1.0469111869885317,1.242756782482686,0,5.857139347621778,-1.5446220119694503,1.5446220119694503,1.6073986891208873,0.5888621164976187,2.133484128467069,,,,,
repetitions/pilot/d020_n3_M008_box_factor_a0p75_rep01.npz,20,3,8,box_factor_a0.75,box_factor,0.75,1,all,0.31787779997102916,0.5173905821315526,0.9031722549575101,0.2080298858800824,0.9688777862291778,240,0.0,-0.25234422351773245,0.2532215100114596,0.5203693089602032,0.8828120914081689,0.19821000569596586,0.9368740954391662,48,0.0,-0.21620575953926577,0.217874998231915,0.5173905821315526,0.9079097772958599,0.21048485592611155,0.9765335609851349,192,0.0,-0.26137883951234914,0.26205813795634575,0.5209651910871471,541680,506880,34560,34800,32640,539520,10790400,32640,34560,0.9980034722222222,0.3427951388888889,0.9982349537037037,0.9982349537037037,1.0743905522884536,1.2751642110969459,0,5.982884360605167,-1.5732926031829901,1.5732926031829901,1.6312339345958502,0.595386457066834,2.1686790602498243,,,,,
repetitions/pilot/d020_n3_M008_box_factor_a1p25_rep00.npz,20,3,8,box_factor_a1.25,box_factor,1.25,0,all,0.3337100001517683,0.433284027729806,1.4403778977132515,0.3057464173546743,1.5820657764759538,240,0.0,-0.18411913199487476,0.19483124176411798,0.42127393133284785,1.327629584314222,0.2803400078513589,1.437147922691957,48,0.0,-0.16275070805412636,0.17522895468746458,0.433284027729806,1.4657173921325075,0.31209801973050305,1.6154801349204586,192,0.0,-0.18946123798006187,0.19973181353328137,0.41882158157816646,541680,506880,34560,34800,32640,539520,10790400,32640,34560,0.9985532407407407,0.3388599537037037,0.9983796296296297,0.9983796296296297,1.0789710261643422,0.928224955098048,0,5.048686364599213,-1.3036839043914212,1.3036839043914212,1.4496650456448994,0.8298002240756479,2.133484128467069,,,,,
repetitions/pilot/d020_n3_M008_box_factor_a1p25_rep01.npz,20,3,8,box_factor_a1.25,box_factor,1.25,1,all,0.30150249996222556,0.4454333265357178,1.4078163099435408,0.3017626483407474,1.5455333390420432,240,0.0,-0.18044678039178036,0.19261415801094717,0.42432961284015164,1.269738519293618,0.2647970706825747,1.3726132407317062,48,0.0,-0.15835950497975412,0.17746869564316714,0.4454333265357178,1.4384652057064096,0.31100404275529053,1.5848958559820558,192,0.0,-0.1859685992447869,0.19640052360289217,0.4199655747871375,541680,506880,34560,34800,32640,539520,10790400,32640,34560,0.9981770833333333,0.34699074074074077,0.9980324074074074,0.9980324074074074,1.1054980206637763,0.9507978592478983,0,5.131746710834838,-1.327540203877769,1.327540203877769,1.4644035889707316,0.8411388563720549,2.1686790602498243,,,,,
repetitions/pilot/d020_n3_M008_box_factor_a1p5_rep00.npz,20,3,8,box_factor_a1.5,box_factor,1.5,0,all,0.31925599998794496,0.4108031829928388,1.751197162139426,0.3591968136795618,1.9297354670552656,240,0.0,-0.1519519249214061,0.17820902295596977,0.3939561163316279,1.5923330494340227,0.32590879731372036,1.7293276807216744,48,0.0,-0.13743339743370447,0.16048128531973674,0.4108031829928388,1.786623456496307,0.36751881777102213,1.9755878248849592,192,0.0,-0.15558155679333155,0.18264095736502806,0.39048673492639546,541680,506880,34560,34800,32640,539520,10790400,32640,34560,0.9985532407407407,0.33993055555555557,0.9982638888888888,0.9982638888888888,1.0945836657251562,0.8279922580664186,0,4.879218168409291,-1.216248643228054,1.216248643228054,1.410975947265676,0.9172354852390149,2.133484128467069,,,,,
repetitions/pilot/d020_n3_M008_box_factor_a1p5_rep01.npz,20,3,8,box_factor_a1.5,box_factor,1.5,1,all,0.2810174999758601,0.42873437143000986,1.7018801006790696,0.3551357895474059,1.8746842564400152,240,0.0,-0.14846584631465987,0.17531108716834368,0.3978882282048268,1.4949079246119552,0.30343589496798024,1.6214425989644838,48,0.0,-0.13226879926003102,0.16545796504046562,0.42873437143000986,1.7471448327352965,0.3680607631922623,1.931486853230322,192,0.0,-0.15251510807831706,0.17777436770031316,0.39140347179066604,541680,506880,34560,34800,32640,539520,10790400,32640,34560,0.9982349537037037,0.34849537037037037,0.9979745370370371,0.9979745370370371,1.120890973056793,0.8472061004098974,0,4.948976996835213,-1.2381189293630208,1.2381189293630208,1.4240492169760328,0.9305601308868034,2.1686790602498243,,,,,
repetitions/pilot/d020_n3_M008_box_factor_a2_rep00.npz,20,3,8,box_factor_a2,box_factor,2.0,0,all,0.32449400005862117,0.40201618652098153,2.3786348077986226,0.465740935653792,2.62696729058522,240,0.0,-0.096023077146536,0.16717879567013907,0.38844972935272104,2.1276576973049863,0.41493010149452575,2.3165125123028742,48,0.0,-0.09397048404506615,0.14581159981802186,0.40201618652098153,2.4340837809096767,0.47844364419360846,2.6973556579381928,192,0.0,-0.09653622542190347,0.17252059463316835,0.38566895914389954,541680,506880,34560,34800,32640,539520,10790400,32640,34560,0.9985532407407407,0.34111689814814816,0.9980034722222222,0.9980034722222222,1.1209444290067752,0.6975905049985655,0,4.801966976471788,-1.0907100740649789,1.0907100740649789,1.388272011704461,1.04277405440209,2.133484128467069,,,,,
repetitions/pilot/d020_n3_M008_box_factor_a2_rep01.npz,20,3,8,box_factor_a2,box_factor,2.0,1,all,0.2755454001016915,0.4311566849215658,2.2920627819430055,0.46028708156801257,2.530850059562767,240,0.0,-0.09383874106393873,0.16886553874809038,0.3892032495128435,1.940938666146385,0.3800691328548112,2.1108803703514973,48,0.0,-0.08713384324788047,0.16138323607569946,0.4311566849215658,2.3673307454889265,0.480341568746313,2.6232097726566694,192,0.0,-0.09551496551795331,0.17073611441618808,0.380224263033746,541680,506880,34560,34800,32640,539520,10790400,32640,34560,0.9982638888888888,0.3496238425925926,0.9977719907407407,0.9977719907407407,1.1470744187128425,0.712387309371073,0,4.855262716113255,-1.1095672071506302,1.1095672071506302,1.400868019856768,1.0591118530991934,2.1686790602498243,,,,,
repetitions/pilot/d020_n3_M008_f_zero_rep00.npz,20,3,8,f_zero,f_zero,0.0,0,all,0.06401930004358292,0.7259823357788135,0.7548757981274113,0.18318861044241289,0.7556317786016779,240,0.0,-0.383167230206207,0.383167230206207,0.7515174852511273,0.762229065592687,0.18395024396898207,0.769002302560306,48,0.0,-0.3271481765483188,0.3271481765483188,0.7259823357788135,0.7531302840609624,0.18299820206077058,0.7523306861480055,192,0.0,-0.39717199362067906,0.39717199362067906,0.7565394212001262,123120,122880,0,240,0,122880,2457600,0,0,0.0,0.0,0.0,0.0,0.0,0.0,0,,,,,,,,,,,
repetitions/pilot/d020_n3_M008_f_zero_rep01.npz,20,3,8,f_zero,f_zero,0.0,1,all,0.06329470011405647,0.7212146702172141,0.7571620008028712,0.18423007866976368,0.7587138996516364,240,0.0,-0.3826295378825046,0.3826325937319661,0.7502481234637502,0.7619878780460329,0.18325186551455072,0.7695796442465804,48,0.0,-0.3253521907983233,0.32536747004563105,0.7212146702172141,0.7560188157187626,0.18447463195856695,0.7560368324764035,192,0.0,-0.39694887465354994,0.39694887465354994,0.7559417805217242,123120,122880,0,240,0,122880,2457600,0,0,0.0,0.0,0.0,0.0,0.0,0.0,0,,,,,,,,,,,
repetitions/pilot/d020_n3_M008_raw_rep00.npz,20,3,8,raw,raw,1.0,0,all,0.28635800001211464,0.480545438496833,2.593157367090112,0.47105915424720907,2.8622691169452628,240,0.0,-0.15991941359633585,0.21193678052885284,0.46942750821588897,2.0342103559837788,0.3732015622657813,2.211156687029805,48,0.0,-0.15739373947682045,0.19530909259496185,0.480545438496833,2.70827501485953,0.49552355224256595,2.9998743734177045,192,0.0,-0.1605508321262147,0.2160937025123256,0.46716386441469193,541680,506880,34560,34800,32640,539520,10790400,32640,34560,0.9983506944444445,0.3384548611111111,0.9983506944444445,0.0,1.0897550992224907,1.0897550992224907,0,6.0283762402733245,-1.3208603869966289,1.3208603869966289,1.5803466405262934,0.8126237414704407,2.133484128467069,,,,,
repetitions/pilot/d020_n3_M008_raw_rep01.npz,20,3,8,raw,raw,1.0,1,all,0.31540349987335503,0.5377349093483278,2.291374512506214,0.4425915908107754,2.5266178941525093,240,0.0,-0.16808031473269427,0.20989403326720055,0.4787207226053979,1.9819958426958615,0.3787877741585438,2.1512772754618905,48,0.0,-0.14020273256513696,0.1955659708462182,0.5377349093483278,2.3584638536029767,0.45854254497383323,2.6100869702220977,192,0.0,-0.1750497102745836,0.21347604887244617,0.4659746578843302,541680,506880,34560,34800,32640,539520,10790400,32640,34560,0.9981192129629629,0.34661458333333334,0.9981192129629629,0.0,1.1193023203236967,1.1193023203236967,0,6.097719998654809,-1.339323141514139,1.339323141514139,1.5968419620832983,0.8293559187356851,2.1686790602498243,,,,,
repetitions/pilot/d020_n3_M008_sample_ball_rep00.npz,20,3,8,sample_ball,sample_ball,1.0,0,all,0.30216670013032854,0.5256401261868991,1.0878390779028135,0.2507429238252963,1.178648459774793,240,0.0,-0.24976352849733052,0.2508194242421907,0.521125515074652,1.0277282726481685,0.2330931516497677,1.0982619930526858,48,0.0,-0.21767502094692315,0.21833109431061107,0.5256401261868991,1.1015443624036851,0.25515536686917845,1.197458815823546,192,0.0,-0.25778565538493237,0.2589415067250856,0.520214553026856,541680,506880,34560,34800,32640,539520,10790400,32640,34560,0.9982638888888888,0.3340856481481482,0.3340856481481482,0.3340856481481482,1.045203070080531,0.3064381414036419,0,6.279022439093762,-1.5863182433054848,1.5863182433054848,1.6523494305158253,0.5471658851615842,2.133484128467069,,,,,
repetitions/pilot/d020_n3_M008_sample_ball_rep01.npz,20,3,8,sample_ball,sample_ball,1.0,1,all,0.3274590999353677,0.5480381890355034,1.075093073494822,0.24467111413248835,1.1629723244512864,240,0.0,-0.2498280254272582,0.252549091415082,0.5333761517254584,1.0369937231127477,0.22857545718228092,1.1065100401901269,48,0.0,-0.21623901297646705,0.22128868638207025,0.5480381890355034,1.0838875717226062,0.24869502837004023,1.176348428917298,192,0.0,-0.25822527853995597,0.26036419267333494,0.5303841231651998,541680,506880,34560,34800,32640,539520,10790400,32640,34560,0.9981192129629629,0.34207175925925926,0.34207175925925926,0.34207175925925926,1.0733202557996953,0.31871095375030806,0,6.394034588232208,-1.6126542244173103,1.6126542244173103,1.6742786132341336,0.5560248358325136,2.1686790602498243,,,,,
repetitions/pilot/d020_n3_M008_sample_box_rep00.npz,20,3,8,sample_box,sample_box,1.0,0,all,0.3108902000822127,0.4697211155861577,1.1542806100288123,0.2553433422782615,1.2587038403256419,240,0.0,-0.21862286444778048,0.22116805057119007,0.46483551083167696,1.082538166653047,0.23691078246922445,1.1639512781445327,48,0.0,-0.1903840432710513,0.19478293748440012,0.4697211155861577,1.1705676749952785,0.2599514822305208,1.2807773668140683,192,0.0,-0.2256825697419628,0.22776432884288758,0.463848597547556,541680,506880,34560,34800,32640,539520,10790400,32640,34560,0.9984085648148148,0.33718171296296295,0.9984085648148148,0.9984085648148148,1.0626147545434692,1.0626147545434692,0,5.356499139753186,-1.4118833087468825,1.4118833087468825,1.5134850517475058,0.7216008197201864,2.133484128467069,,,,,
repetitions/pilot/d020_n3_M008_sample_box_rep01.npz,20,3,8,sample_box,sample_box,1.0,1,all,0.32113400008529425,0.47488361994181155,1.1333829165579996,0.25145904122161095,1.2351430211248082,240,0.0,-0.21514019897475997,0.2201045873643879,0.46559313551668713,1.0614389425018345,0.22883330065229784,1.1401365336421068,48,0.0,-0.18630245391034775,0.1955039683881791,0.47488361994181155,1.1497022371063474,0.25711547636393917,1.2572528377487002,192,0.0,-0.22234963524086301,0.22625474210844013,0.4637057785263499,541680,506880,34560,34800,32640,539520,10790400,32640,34560,0.9980902777777778,0.3453703703703704,0.9980902777777778,0.9980902777777778,1.089569752224141,1.089569752224141,0,5.457959419188414,-1.4380194250179112,1.4380194250179112,1.5326375592619177,0.7306596352319127,2.1686790602498243,,,,,
repetitions/pilot/d020_n3_M008_shrink_c0p1_rep00.npz,20,3,8,shrink_c0.1,shrink,0.1,0,all,0.29053650004789233,0.7075091439433496,0.741028848993111,0.17939047588710433,0.7432117369418594,240,0.0,-0.37229774876891003,0.37229774876891003,0.7312797848902882,0.7514189985696181,0.18111975066294714,0.7595705088757214,48,0.0,-0.3182402837978463,0.3182402837978463,0.7075091439433496,0.7385559202984229,0.17895815719314362,0.7391620336927511,192,0.0,-0.385812115011676,0.385812115011676,0.7359588628307947,541680,506880,34560,34800,32640,539520,10790400,32640,34560,0.9976273148148148,0.32384259259259257,1.0,1.0,1.0230829777694974,1.824022159434826,0,8.716279899456225,-2.0561995444116046,2.0561995444116046,2.0565226619762393,0.07728458405546465,2.133484128467069,,,,,
repetitions/pilot/d020_n3_M008_shrink_c0p1_rep01.npz,20,3,8,shrink_c0.1,shrink,0.1,1,all,0.3159010000526905,0.7059327250751719,0.7426676116601484,0.17984378153831013,0.7450106792379352,240,0.0,-0.37235058293945344,0.37235411679629726,0.7321971051147271,0.7534228338678647,0.18089358679373505,0.7622145287607951,48,0.0,-0.3173794612021248,0.3173971304863435,0.7059327250751719,0.7401070657995483,0.17958133022445388,0.7407489151061593,192,0.0,-0.3860933633737856,0.3860933633737856,0.7373565485987227,541680,506880,34560,34800,32640,539520,10790400,32640,34560,0.997193287037037,0.33174189814814814,1.0,1.0,1.051786114897163,1.867437890466841,0,8.937369580951566,-2.0897140702348733,2.0897140702348733,2.0900237878924437,0.07896499001495051,2.1686790602498243,,,,,
repetitions/pilot/d020_n3_M008_shrink_c0p25_rep00.npz,20,3,8,shrink_c0.25,shrink,0.25,0,all,0.309956599958241,0.6755598487875052,0.7361623554219974,0.17815676126007418,0.7451733373302736,240,0.0,-0.35257454789026377,0.35257454789026377,0.6948374303393097,0.7433929402256172,0.17904173090950667,0.7557374480091391,48,0.0,-0.3023578836599275,0.3023578836599275,0.6755598487875052,0.734445877925432,0.17793551884771602,0.7425708193603978,192,0.0,-0.36512871394784785,0.36512871394784785,0.6986430134976953,541680,506880,34560,34800,32640,539520,10790400,32640,34560,0.9976273148148148,0.32566550925925924,1.0,1.0,1.0251811802549267,1.2708432106437024,0,7.931937240447304,-1.9390579081285872,1.9390579081285872,1.9425194763126485,0.1944262203384818,2.133484128467069,,,,,
repetitions/pilot/d020_n3_M008_shrink_c0p25_rep01.npz,20,3,8,shrink_c0.25,shrink,0.25,1,all,0.31240090006031096,0.6788247504935622,0.7365352809094576,0.17735334123116672,0.744581055025449,240,0.0,-0.3535595872756385,0.3535638413025415,0.699778825784851,0.7523920664239442,0.1803805543121268,0.7657269172054315,48,0.0,-0.3022693258604526,0.30229059599496727,0.6788247504935622,0.7327437477284421,0.1765965379609267,0.7393255007227365,192,0.0,-0.3663821526294349,0.3663821526294349,0.7039098729683421,541680,506880,34560,34800,32640,539520,10790400,32640,34560,0.9974826388888889,0.33370949074074074,1.0,1.0,1.0539187066744393,1.3010800079926086,0,8.12197448739915,-1.9700294329624146,1.9700294329624146,1.9737730930952466,0.19864962728740926,2.1686790602498243,,,,,
repetitions/pilot/d020_n3_M008_shrink_c0p5_rep00.npz,20,3,8,shrink_c0.5,shrink,0.5,0,all,0.3057134998962283,0.610389359963682,0.8750816944752002,0.20610391178754592,0.9235443739467591,240,0.0,-0.3081780466547933,0.30819417235428886,0.6161182480292423,0.8212420473905919,0.1936940452185502,0.8558485306738036,48,0.0,-0.2676707544142634,0.2676707544142634,0.610389359963682,0.8873092368881729,0.2092063784297949,0.9393344210988341,192,0.0,-0.31830486971492583,0.3183250268392953,0.6172618284533689,541680,506880,34560,34800,32640,539520,10790400,32640,34560,0.9979166666666667,0.33098958333333334,1.0,1.0,1.0354720805406825,0.5705689381841357,0,6.891645999380593,-1.73979554963366,1.73979554963366,1.7670740775292693,0.3936885788334094,2.133484128467069,,,,,
repetitions/pilot/d020_n3_M008_shrink_c0p5_rep01.npz,20,3,8,shrink_c0.5,shrink,0.5,1,all,0.3079098998568952,0.6227558315254896,0.8463605362848063,0.19816760263934563,0.8879754798737886,240,0.0,-0.3109649328203796,0.31097039555782197,0.6297440760828007,0.8406882658473835,0.19261157793946196,0.8763998450455301,48,0.0,-0.26647579261398463,0.26650310630119634,0.6227558315254896,0.8476934063723325,0.19955660881431656,0.890779324065207,192,0.0,-0.32208721787197836,0.32208721787197836,0.6311375362028571,541680,506880,34560,34800,32640,539520,10790400,32640,34560,0.9977141203703703,0.3390625,1.0,1.0,1.0644302665755434,0.584073509621726,0,7.03969752429765,-1.7665141600574592,1.7665141600574592,1.7934681932354992,0.4021649001923647,2.1686790602498243,,,,,
repetitions/pilot/d020_n3_M008_shrink_c0p75_rep00.npz,20,3,8,shrink_c0.75,shrink,0.75,0,all,0.32867290009744465,0.5360353526961239,1.44354482095208,0.29880147470392976,1.5787146566824126,240,0.0,-0.24546418304256193,0.24819578460441027,0.5234429533386281,1.2058327762237633,0.25257926993332963,1.2955113973707724,48,0.0,-0.22028372696775242,0.22037780722575595,0.5360353526961239,1.4941298302214692,0.3103570258965798,1.6404606400756236,192,0.0,-0.25175929706126426,0.2551502789490739,0.5208785318824061,541680,506880,34560,34800,32640,539520,10790400,32640,34560,0.9982349537037037,0.3353009259259259,1.0,1.0,1.0565808591354267,0.1449132291783538,0,6.22235979998018,-1.5342215451878267,1.5342215451878267,1.638676696753714,0.5992625832792423,2.133484128467069,,,,,
repetitions/pilot/d020_n3_M008_shrink_c0p75_rep01.npz,20,3,8,shrink_c0.75,shrink,0.75,1,all,0.31365630007348955,0.5629132213656156,1.314660936460587,0.2809928803127899,1.4322988894319286,240,0.0,-0.25056527510873067,0.25422070478535935,0.5447199384290966,1.20626622095812,0.2523784373308685,1.2937995429859515,48,0.0,-0.2138330939013894,0.2263667402578856,0.5629132213656156,1.338958362676956,0.2881464910582702,1.464130635405859,192,0.0,-0.25974832041056595,0.2611841959172277,0.5409941808397727,541680,506880,34560,34800,32640,539520,10790400,32640,34560,0.9980034722222222,0.3436342592592593,1.0,1.0,1.085830064981377,0.1483063589183756,0,6.33597443574134,-1.5567423575647648,1.5567423575647648,1.658185899475659,0.6119367026850592,2.1686790602498243,,,,,
repetitions/pilot/d020_n3_M008_z_only_box_rep00.npz,20,3,8,z_only_box,z_only_box,1.0,0,all,0.30397469992749393,0.4697268233919895,1.1575261784451099,0.2557563455161519,1.2623576751935128,240,0.0,-0.2182828177561939,0.2212546541170077,0.46476500544768823,1.0838545628298084,0.23718054852376386,1.1654105240766164,48,0.0,-0.19034629304465667,0.19482068771079478,0.4697268233919895,1.1742356274044325,0.2604002947642489,1.2849208395245506,192,0.0,-0.22526694893407825,0.22786314571856095,0.46376259733501335,541680,506880,34560,34800,32640,539520,10790400,32640,34560,0.9984085648148148,0.33718171296296295,0.9984085648148148,0.9984085648148148,1.0626147545434692,1.0626135258304903,0,5.356971446910947,-1.4118266581335528,1.4118266581335528,1.513541702360835,0.721657470333516,2.133484128467069,,,,,
repetitions/pilot/d020_n3_M008_z_only_box_rep01.npz,20,3,8,z_only_box,z_only_box,1.0,1,all,0.316138899885118,0.47018754118816025,1.1409906651535213,0.2524292513991089,1.2437989743709632,240,0.0,-0.2143382793185647,0.2194396086722648,0.46440647123370715,1.0845396211044924,0.23165795964910837,1.1661344327214753,48,0.0,-0.18412428876080691,0.19401050805899903,0.47018754118816025,1.1539079863552557,0.2576220743366091,1.2620383147031353,192,0.0,-0.2218917769580041,0.22579688382558127,0.4632373136859939,541680,506880,34560,34800,32640,539520,10790400,32640,34560,0.9980902777777778,0.3453703703703704,0.9980902777777778,0.9980902777777778,1.089569752224141,1.0895671943418217,0,5.459033178250977,-1.4379075694074173,1.4379075694074173,1.5327494148724117,0.7307714908424067,2.1686790602498243,,,,,
repetitions/pilot/d020_n3_M008_z_zero_rep00.npz,20,3,8,z_zero,z_zero,0.0,0,all,0.28730259998701513,0.7259823357788135,0.7548757981274113,0.18318861044241289,0.7556317786016779,240,0.0,-0.383167230206207,0.383167230206207,0.7515174852511273,0.762229065592687,0.18395024396898207,0.769002302560306,48,0.0,-0.3271481765483188,0.3271481765483188,0.7259823357788135,0.7531302840609624,0.18299820206077058,0.7523306861480055,192,0.0,-0.39717199362067906,0.39717199362067906,0.7565394212001262,541680,506880,34560,34800,32640,539520,10790400,32640,34560,0.9977719907407407,0.3232638888888889,1.0,1.0,1.0228084634779355,2.249614865410446,0,9.304160454760543,-2.133484128467069,2.133484128467069,2.133484128467069,0.0,2.133484128467069,,,,,
repetitions/pilot/d020_n3_M008_z_zero_rep01.npz,20,3,8,z_zero,z_zero,0.0,1,all,0.30111950007267296,0.7212146702172141,0.7571620008028712,0.18423007866976368,0.7587138996516364,240,0.0,-0.3826295378825046,0.3826325937319661,0.7502481234637502,0.7619878780460329,0.18325186551455072,0.7695796442465804,48,0.0,-0.3253521907983233,0.32536747004563105,0.7212146702172141,0.7560188157187626,0.18447463195856695,0.7560368324764035,192,0.0,-0.39694887465354994,0.39694887465354994,0.7559417805217242,541680,506880,34560,34800,32640,539520,10790400,32640,34560,0.9972800925925925,0.3314525462962963,1.0,1.0,1.0515093513344103,2.3031130031938787,0,9.54842134939149,-2.1686790602498243,2.1686790602498243,2.1686790602498243,0.0,2.1686790602498243,,,,,
repetitions/pilot/d020_n3_M010_batch_box_rep00.npz,20,3,10,batch_box,batch_box,1.0,0,all,0.6609203000552952,0.599053153761609,0.7203724285373286,0.17437738865946487,0.7404516903568958,240,0.0,-0.31374722500173297,0.3142622825982856,0.6236888677799964,0.7479183044159634,0.180180928045867,0.7732622540991403,48,0.0,-0.2690094272237589,0.2690094272237589,0.599053153761609,0.7137178179868285,0.1729265038128643,0.7322162497238307,192,0.0,-0.3249316744462264,0.3255754964419172,0.6285177548975691,1037040,984000,52800,53040,50400,1034400,20688000,50400,52800,0.9965909090909091,0.3000378787878788,0.9965909090909091,0.9993560606060606,0.8055458862511266,0.8055458862511266,0,7.860550954475508,-1.9455499073515412,1.9455499073515412,1.953526403096821,0.2639951888703087,2.2095450962218495,0.49346438616022514,0.3645,0.2085,0.9995,0.8041666666666667
repetitions/pilot/d020_n3_M010_batch_box_rep01.npz,20,3,10,batch_box,batch_box,1.0,1,all,0.6435194998048246,0.6155006027117973,0.7206904139150777,0.17290487781750427,0.7384281844522134,240,0.0,-0.32073339525209005,0.32073339525209005,0.6361868348155485,0.7361336471180243,0.1758568998117807,0.7571275567645104,48,0.0,-0.27540090602580064,0.27540090602580064,0.6155006027117973,0.7169979943243561,0.17216687231893513,0.7337895327719466,192,0.0,-0.33206651755866234,0.33206651755866234,0.6402587436059475,1037040,984000,52800,53040,50400,1034400,20688000,50400,52800,0.9960416666666667,0.3006628787878788,0.9960416666666667,0.9992992424242424,0.8069875925434716,0.8069875925434716,0,7.800920208618727,-1.925577601551074,1.925577601551074,1.9333870116420422,0.25568038523332226,2.181257986784396,0.4949598245259909,0.3655,0.2015,0.9995,0.7980769230769231
repetitions/pilot/d020_n3_M010_box_factor_a0p25_rep00.npz,20,3,10,box_factor_a0.25,box_factor,0.25,0,all,0.6275083001237363,0.6326986079029417,0.6898380142224354,0.16690007031755688,0.6978962636438518,240,0.0,-0.3307431117832068,0.3308424467209162,0.6529429837597545,0.7172925176011824,0.17334306342018052,0.7324381121177914,48,0.0,-0.28195096808061987,0.28195096808061987,0.6326986079029417,0.6831991134121262,0.165289322041901,0.6891984277270934,192,0.0,-0.34294114770885353,0.34306531638099025,0.6569315578352561,1037040,984000,52800,53040,50400,1034400,20688000,50400,52800,0.9960795454545455,0.2995265151515151,0.998125,0.998125,0.8046070123321382,1.5266294295238378,0,8.025643180612613,-1.9633942402795646,1.9633942402795646,1.9714848428535632,0.24615085594228459,2.2095450962218495,,,,,
repetitions/pilot/d020_n3_M010_box_factor_a0p25_rep01.npz,20,3,10,box_factor_a0.25,box_factor,0.25,1,all,0.6458588000386953,0.6372530734413459,0.6913604302873427,0.16615692690779732,0.6978644751777542,240,0.0,-0.3346194555565877,0.3346194555565877,0.6617775786166092,0.7060347233653531,0.1699740575438839,0.7185048473261311,48,0.0,-0.28390083074331113,0.28390083074331113,0.6372530734413459,0.6878523005465895,0.16520264424877565,0.6927308110506529,192,0.0,-0.34729911175990685,0.34729911175990685,0.6665917756670446,1037040,984000,52800,53040,50400,1034400,20688000,50400,52800,0.9956628787878787,0.29982954545454543,0.9978598484848484,0.9978598484848484,0.8061073297956459,1.5242250034270348,0,7.9489049455472705,-1.9410857394767291,1.9410857394767291,1.9487049222838104,0.24017224730766681,2.181257986784396,,,,,
repetitions/pilot/d020_n3_M010_box_factor_a0p5_rep00.npz,20,3,10,box_factor_a0.5,box_factor,0.5,0,all,0.6420672999229282,0.5609666328859235,0.7182257928250309,0.17227258012088706,0.7474995431398156,240,0.0,-0.28528206192044253,0.2855938538698749,0.5707532604196708,0.7483088764442,0.17627698104788245,0.7791827800483535,48,0.0,-0.24514947357249137,0.24514947357249137,0.5609666328859235,0.7109419264606419,0.1712714798891382,0.7395565343212377,192,0.0,-0.2953152090074303,0.2957049489442207,0.5726976243366753,1037040,984000,52800,53040,50400,1034400,20688000,50400,52800,0.9968181818181818,0.30331439393939397,0.9978030303030303,0.9978030303030303,0.8096445150929295,1.2175432903063304,0,6.8473940820794414,-1.75919675530717,1.75919675530717,1.7904272728542006,0.45034834091468007,2.2095450962218495,,,,,
repetitions/pilot/d020_n3_M010_box_factor_a0p5_rep01.npz,20,3,10,box_factor_a0.5,box_factor,0.5,1,all,0.6150207999162376,0.564816402467942,0.7165431700221245,0.1705349424371194,0.7433815612274347,240,0.0,-0.29086796571326884,0.29086796571326884,0.5829655212309711,0.7218011726284288,0.1701491217426994,0.7482184166731822,48,0.0,-0.2477800609021473,0.2477800609021473,0.564816402467942,0.7152968784923162,0.1706313976107244,0.7421956438887618,192,0.0,-0.3016399419160492,0.3016399419160492,0.5865410092739654,1037040,984000,52800,53040,50400,1034400,20688000,50400,52800,0.9963068181818182,0.3038636363636364,0.9973863636363637,0.9973863636363637,0.8112021339379863,1.2173853488882982,0,6.776274269288866,-1.741493113821694,1.741493113821694,1.769176828742402,0.43976487296270206,2.181257986784396,,,,,
repetitions/pilot/d020_n3_M010_box_factor_a0p75_rep00.npz,20,3,10,box_factor_a0.75,box_factor,0.75,0,all,0.6686696999240667,0.5069793041334343,0.8364609704617227,0.19324703654526298,0.8948530360810552,240,0.0,-0.24374251611677622,0.24580727636577,0.5017898871511015,0.8356636803194007,0.18731817127285502,0.8849757649270698,48,0.0,-0.21456694764030312,0.21664771381636982,0.5069793041334343,0.8366489848313253,0.19472925286336498,0.8972484841895417,192,0.0,-0.2510364082358945,0.25309716700312007,0.5007417083597122,1037040,984000,52800,53040,50400,1034400,20688000,50400,52800,0.9973106060606061,0.3068181818181818,0.9976325757575758,0.9976325757575758,0.817780766314197,0.9918827237229807,0,6.053993920066048,-1.592424021126298,1.592424021126298,1.6561136391911024,0.6171210750955516,2.2095450962218495,,,,,
repetitions/pilot/d020_n3_M010_box_factor_a0p75_rep01.npz,20,3,10,box_factor_a0.75,box_factor,0.75,1,all,0.6086351999547333,0.5027973698355371,0.8447410609581569,0.19429855113642605,0.9028565365549833,240,0.0,-0.2506279896603757,0.2509725840836222,0.513461412264204,0.8272234372839735,0.18604474038695074,0.8759339852621392,48,0.0,-0.21523719143310127,0.21523719143310127,0.5027973698355371,0.8488217304657744,0.19636200382379487,0.909309766469117,192,0.0,-0.25947568921719427,0.2599064322462525,0.5155754770396124,1037040,984000,52800,53040,50400,1034400,20688000,50400,52800,0.9967803030303031,0.30736742424242425,0.9972537878787879,0.9972537878787879,0.8193136146724581,0.9929455354834235,0,5.9793849398650725,-1.5781199890445896,1.5781199890445896,1.6351327229639425,0.6031379977398064,2.181257986784396,,,,,
repetitions/pilot/d020_n3_M010_box_factor_a1p25_rep00.npz,20,3,10,box_factor_a1.25,box_factor,1.25,0,all,0.6260210999753326,0.43431624595789486,1.2574842973801312,0.2649370352126775,1.3780888324365168,240,0.0,-0.1700242467826408,0.19005316782545906,0.4160113379247935,1.1215438626841545,0.22906844576155747,1.2097263147236244,48,0.0,-0.16405288025982334,0.17654188036520205,0.43431624595789486,1.2874689424361634,0.2739041825754575,1.4161644591215994,192,0.0,-0.17151708841334523,0.1934309896905233,0.4122389592927843,1037040,984000,52800,53040,50400,1034400,20688000,50400,52800,0.9974621212121212,0.31077651515151516,0.9971969696969697,0.9971969696969697,0.8371097952493094,0.7079097754263967,0,5.231352085523171,-1.3518844601076088,1.3518844601076088,1.4954030251448505,0.8576606361142409,2.2095450962218495,,,,,
repetitions/pilot/d020_n3_M010_box_factor_a1p25_rep01.npz,20,3,10,box_factor_a1.25,box_factor,1.25,1,all,0.6207298999652267,0.406656131585229,1.3054445006763735,0.27795410460197273,1.4322130385434069,240,0.0,-0.17795924447971423,0.18846533545640545,0.40826459403860693,1.2229304223279462,0.2529401781585477,1.3233705918749024,48,0.0,-0.15314426512589344,0.16249525365182763,0.406656131585229,1.3241646285453899,0.284207586212829,1.4575574788577137,192,0.0,-0.1841629893181694,0.1949578559075499,0.40858670562320043,1037040,984000,52800,53040,50400,1034400,20688000,50400,52800,0.9970454545454546,0.3111742424242424,0.9967045454545455,0.9967045454545455,0.8386722000439518,0.7093739982468531,0,5.141285341454887,-1.3411906421000312,1.3411906421000312,1.4710062220150217,0.8400673446843651,2.181257986784396,,,,,
repetitions/pilot/d020_n3_M010_box_factor_a1p5_rep00.npz,20,3,10,box_factor_a1.5,box_factor,1.5,0,all,0.6303148998413235,0.41392540742758344,1.502579836733109,0.30696343313555025,1.6525383379457033,240,0.0,-0.1381270226902451,0.1709296529683958,0.40204786689424904,1.2996504594083238,0.2576333086781721,1.407446326867816,48,0.0,-0.14250608651486452,0.1617212085981948,0.41392540742758344,1.546584469595711,0.31929596424989476,1.7070508751812006,192,0.0,-0.13703225673409025,0.1732317640609461,0.39962108666195767,1037040,984000,52800,53040,50400,1034400,20688000,50400,52800,0.9975,0.311875,0.9970833333333333,0.9970833333333333,0.846111812682228,0.6214980648870161,0,5.06039315682371,-1.2686527153676463,1.2686527153676463,1.45699116406619,0.940892380854203,2.2095450962218495,,,,,
repetitions/pilot/d020_n3_M010_box_factor_a1p5_rep01.npz,20,3,10,box_factor_a1.5,box_factor,1.5,1,all,0.5693024999927729,0.3844674266296584,1.570293198107456,0.32612682525357417,1.7291477378316107,240,0.0,-0.14674140547099593,0.16851525629078726,0.3792101605698247,1.4570224957723208,0.2927528047009578,1.5819797724111038,48,0.0,-0.12643157298624721,0.1491113149811535,0.3844674266296584,1.5958481745650204,0.3344703303917283,1.763220188351257,192,0.0,-0.1518188635921831,0.17336624161819572,0.3781460350056919,1037040,984000,52800,53040,50400,1034400,20688000,50400,52800,0.9970454545454546,0.3120833333333333,0.9964583333333333,0.9964583333333333,0.8477734540743068,0.6226435776072513,0,4.961929984044096,-1.2585559919910112,1.2585559919910112,1.430714463878944,0.9227019947933848,2.181257986784396,,,,,
repetitions/pilot/d020_n3_M010_box_factor_a2_rep00.npz,20,3,10,box_factor_a2,box_factor,2.0,0,all,0.6367768000345677,0.4005634985417214,1.9866263588318995,0.38882667093590867,2.1903106346987915,240,0.0,-0.08425015637375875,0.16457000716017017,0.4213683149748139,1.6666931022234868,0.31438969372029707,1.8113826448861896,48,0.0,-0.10561505348565563,0.15292521964602632,0.4005634985417214,2.0548658490218608,0.40743591523981154,2.2732673459517896,192,0.0,-0.07890893209578455,0.16748120403870614,0.4254219707736596,1037040,984000,52800,53040,50400,1034400,20688000,50400,52800,0.9975189393939394,0.3131060606060606,0.9968181818181818,0.9968181818181818,0.8604986837884443,0.5147058603512189,0,4.965770650002591,-1.154821299796062,1.154821299796062,1.432238971622248,1.0547237964257874,2.2095450962218495,,,,,
repetitions/pilot/d020_n3_M010_box_factor_a2_rep01.npz,20,3,10,box_factor_a2,box_factor,2.0,1,all,0.5920203998684883,0.3831225735794705,2.070014103895818,0.4174482771963663,2.2852242917749916,240,0.0,-0.09558105215832714,0.15816183325025246,0.3640644821879063,1.9010877411681275,0.36898517037955414,2.069007053530198,48,0.0,-0.08263095785502998,0.147164545668332,0.3831225735794705,2.107900161490084,0.42956405390056934,2.334983615097375,192,0.0,-0.09881857573415143,0.16091115514573254,0.36011732709507666,1037040,984000,52800,53040,50400,1034400,20688000,50400,52800,0.997064393939394,0.3134469696969697,0.9961931818181818,0.9961931818181818,0.8622889261518374,0.5149295983978287,0,4.853626743926651,-1.1450017269503716,1.1450017269503716,1.4051897280501247,1.0362562598340241,2.181257986784396,,,,,
repetitions/pilot/d020_n3_M010_f_zero_rep00.npz,20,3,10,f_zero,f_zero,0.0,0,all,0.1291858998592943,0.7227469922363216,0.7462607566902375,0.18143110676997984,0.7453854371216919,240,0.0,-0.3826583584084442,0.3826583584084442,0.7501263356358483,0.7592975546362691,0.1834401803158869,0.7661251651798955,48,0.0,-0.32517453344423014,0.32517453344423014,0.7227469922363216,0.7431513027240483,0.18092883838350307,0.7402326613635876,192,0.0,-0.3970293146494977,0.3970293146494977,0.7555027593237189,240240,240000,0,240,0,240000,4800000,0,0,0.0,0.0,0.0,0.0,0.0,0.0,0,,,,,,,,,,,
repetitions/pilot/d020_n3_M010_f_zero_rep01.npz,20,3,10,f_zero,f_zero,0.0,1,all,0.13823399995453656,0.7220114705322246,0.7497310152330406,0.18211313529903228,0.749379719506208,240,0.0,-0.38327652630043024,0.38327652630043024,0.7512853594071726,0.7566538951068523,0.18301019636763324,0.7631342495116982,48,0.0,-0.32505316297698233,0.32505316297698233,0.7220114705322246,0.7480881806270532,0.181888870031882,0.7459824270423754,192,0.0,-0.3978323671312922,0.3978323671312922,0.7570252412030676,240240,240000,0,240,0,240000,4800000,0,0,0.0,0.0,0.0,0.0,0.0,0.0,0,,,,,,,,,,,
repetitions/pilot/d020_n3_M010_raw_rep00.npz,20,3,10,raw,raw,1.0,0,all,0.5197685000021011,0.4620800513173958,1.9051972841816789,0.3704467590737282,2.097620552272476,240,0.0,-0.1628525724773401,0.2054983153847414,0.4663250485430628,1.4582723700672553,0.2847600427290004,1.5793580600050274,48,0.0,-0.16800834427415304,0.18749481066234464,0.4620800513173958,1.996113635494625,0.3918684381599101,2.2057554219449025,192,0.0,-0.16156362952813685,0.20999919156534055,0.46717251944441435,1037040,984000,52800,53040,50400,1034400,20688000,50400,52800,0.9974053030303031,0.31018939393939393,0.9974053030303031,0.0,0.8425192787641334,0.8425192787641334,0,6.007216430092292,-1.3702359581694472,1.3702359581694472,1.6005823987832206,0.839309138052402,2.2095450962218495,,,,,
repetitions/pilot/d020_n3_M010_raw_rep01.npz,20,3,10,raw,raw,1.0,1,all,0.6358103998936713,0.44071201558907935,1.9132372909624902,0.3848133807745998,2.1068093229306077,240,0.0,-0.1697712184504633,0.20335301444479642,0.4615332678107875,1.9743598504173527,0.3801682981587789,2.1471438946911876,48,0.0,-0.1175700388198793,0.1741718696474499,0.44071201558907935,1.8985281571438914,0.38597465142855497,2.0968420203828515,192,0.0,-0.18282151335810928,0.21064830064413306,0.4656006226927894,1037040,984000,52800,53040,50400,1034400,20688000,50400,52800,0.996875,0.31073863636363636,0.996875,0.0,0.8431695584016898,0.8431695584016898,0,5.917247162901503,-1.356569921938016,1.356569921938016,1.5772830880950333,0.82468806484638,2.181257986784396,,,,,
repetitions/pilot/d020_n3_M010_sample_ball_rep00.npz,20,3,10,sample_ball,sample_ball,1.0,0,all,0.65204540011473,0.4929038124704751,1.0272401609981119,0.23433650877521045,1.1124249096092347,240,0.0,-0.23311894974402492,0.23647365358427003,0.4977336656908859,0.9530985858482858,0.21233986802111476,1.0180074973602098,48,0.0,-0.20342943769979183,0.20731655459192422,0.4929038124704751,1.0439667845133678,0.23983566896373437,1.1342877452866484,192,0.0,-0.2405413277550831,0.24376292833235647,0.4986975489135303,1037040,984000,52800,53040,50400,1034400,20688000,50400,52800,0.9972916666666667,0.306780303030303,0.306780303030303,0.306780303030303,0.8189452680178241,0.2037719005852434,0,6.311686271967168,-1.6002297536644872,1.6002297536644872,1.673092610001847,0.6093153425573623,2.2095450962218495,,,,,
repetitions/pilot/d020_n3_M010_sample_ball_rep01.npz,20,3,10,sample_ball,sample_ball,1.0,1,all,0.6475345999933779,0.47824255176984704,1.0631087753691422,0.2389991511683337,1.1515015779932374,240,0.0,-0.2391033099396284,0.24031531123802174,0.5127946329162857,1.0294113202750055,0.22661268328700598,1.1042896790748666,48,0.0,-0.19531916769953517,0.19566977781055608,0.47824255176984704,1.0709052801132797,0.24209576813866562,1.1627392408181028,192,0.0,-0.2500493454996517,0.25147669459488814,0.5194535421492076,1037040,984000,52800,53040,50400,1034400,20688000,50400,52800,0.9967234848484848,0.30740530303030306,0.30740530303030306,0.30740530303030306,0.8204899601264016,0.20489564304607474,0,6.2387945351491565,-1.5862733630876482,1.5862733630876482,1.6526534342017112,0.5949846236967479,2.181257986784396,,,,,
repetitions/pilot/d020_n3_M010_sample_box_rep00.npz,20,3,10,sample_box,sample_box,1.0,0,all,0.6071824999526143,0.4648978211078291,1.0258284429580917,0.22559226244989092,1.115511057147121,240,0.0,-0.20530608553451685,0.2143140802040121,0.4489309423569882,0.9636230477558626,0.20485746095040058,1.032253655710551,48,0.0,-0.1878437383688635,0.19484972902994904,0.4648978211078291,1.0399637503782235,0.23077596282476348,1.1349145122531146,192,0.0,-0.20967167232593012,0.21918016799752782,0.4456568952818179,1037040,984000,52800,53040,50400,1034400,20688000,50400,52800,0.9973484848484848,0.309375,0.9973484848484848,0.9973484848484848,0.8273709340229575,0.8273709340229575,0,5.541824013385693,-1.4582477786227102,1.4582477786227102,1.5597865559195723,0.7512973175991394,2.2095450962218495,,,,,
repetitions/pilot/d020_n3_M010_sample_box_rep01.npz,20,3,10,sample_box,sample_box,1.0,1,all,0.6453706999309361,0.4471719105868112,1.0531326624435342,0.2322257826621363,1.145825811631001,240,0.0,-0.21285956706302203,0.21525670809704173,0.4539628435499166,1.003665133644269,0.21584601234612472,1.0782281852217048,48,0.0,-0.18300152824703755,0.1842283261066305,0.4471719105868112,1.0644696558005338,0.23632072524113923,1.1617353552270295,192,0.0,-0.22032407676701812,0.2230138035946445,0.4553138150831325,1037040,984000,52800,53040,50400,1034400,20688000,50400,52800,0.9968939393939394,0.3097348484848485,0.9968939393939394,0.9968939393939394,0.8289058881066478,0.8289058881066478,0,5.460418581154721,-1.4462325412952621,1.4462325412952621,1.5378760933373745,0.7350254454891337,2.181257986784396,,,,,
repetitions/pilot/d020_n3_M010_shrink_c0p1_rep00.npz,20,3,10,shrink_c0.1,shrink,0.1,0,all,0.6517858000006527,0.7053152588049517,0.7306899075661718,0.17682851685392012,0.7306232486391075,240,0.0,-0.372011707248985,0.372011707248985,0.7309851486671758,0.7470349165320681,0.18021383886070128,0.7547919530770473,48,0.0,-0.31641481106904484,0.31641481106904484,0.7053152588049517,0.7267796106638751,0.17598218635222482,0.724598955569267,192,0.0,-0.3859109312939701,0.3859109312939701,0.7360301085406853,1037040,984000,52800,53040,50400,1034400,20688000,50400,52800,0.9953787878787879,0.2985227272727273,1.0,1.0,0.8033993737699056,1.583017275495778,0,9.082080720819667,-2.128542324028597,2.128542324028597,2.12879912157114,0.08100277219325269,2.2095450962218495,,,,,
repetitions/pilot/d020_n3_M010_shrink_c0p1_rep01.npz,20,3,10,shrink_c0.1,shrink,0.1,1,all,0.6278140000067651,0.7004643323721879,0.732980456092586,0.17718338393693292,0.7331824973677332,240,0.0,-0.37259538524425984,0.37259538524425984,0.7320846965517037,0.7415796625630015,0.1791044503946283,0.7492262001930521,48,0.0,-0.31502602769171456,0.31502602769171456,0.7004643323721879,0.7309366727730494,0.17670311732250907,0.7292111081429827,192,0.0,-0.3869877246323961,0.3869877246323961,0.7382688129810935,1037040,984000,52800,53040,50400,1034400,20688000,50400,52800,0.9949431818181819,0.2988068181818182,1.0,1.0,0.8048562862094858,1.5785677440903096,0,8.99116183760405,-2.101909743531948,2.101909743531948,2.102275709429619,0.07934824325244816,2.181257986784396,,,,,
repetitions/pilot/d020_n3_M010_shrink_c0p25_rep00.npz,20,3,10,shrink_c0.25,shrink,0.25,0,all,0.6508493998553604,0.6744428285718462,0.7153978185736142,0.17297671026768166,0.7198460387629161,240,0.0,-0.35238977216189654,0.35238977216189654,0.6953489931162243,0.7358890255143087,0.17757418136772182,0.7471240743800289,48,0.0,-0.30086380763604853,0.30086380763604853,0.6744428285718462,0.7104766301539803,0.17182734249267165,0.7130264058785055,192,0.0,-0.3652712632933586,0.3652712632933586,0.6994702913964927,1037040,984000,52800,53040,50400,1034400,20688000,50400,52800,0.9960037878787878,0.2993939393939394,1.0,1.0,0.8044512651291914,1.1021057199558573,0,8.239804319140056,-2.0060883916917263,2.0060883916917263,2.0088821754445236,0.20345670453012338,2.2095450962218495,,,,,
repetitions/pilot/d020_n3_M010_shrink_c0p25_rep01.npz,20,3,10,shrink_c0.25,shrink,0.25,1,all,0.6458383998833597,0.6614506258885442,0.717516349660969,0.1726226358190001,0.7219541252735467,240,0.0,-0.35318375262948565,0.35318375262948565,0.6975164586039894,0.7281927453925662,0.17544116609576318,0.7403357069055723,48,0.0,-0.29654144342566024,0.29654144342566024,0.6614506258885442,0.7149739467931591,0.1719180032498093,0.7173939169268251,192,0.0,-0.3673443299304419,0.3673443299304419,0.7045336677188468,1037040,984000,52800,53040,50400,1034400,20688000,50400,52800,0.9952651515151515,0.2998863636363636,1.0,1.0,0.8059267668503036,1.099091696076987,0,8.159193907544251,-1.9818841329365615,1.9818841329365615,1.9849867961679744,0.19937385384783476,2.181257986784396,,,,,
repetitions/pilot/d020_n3_M010_shrink_c0p5_rep00.npz,20,3,10,shrink_c0.5,shrink,0.5,0,all,0.6509940000250936,0.6103538406218968,0.7766249484242059,0.18694716934684658,0.8083878228354462,240,0.0,-0.30804486001591136,0.30841591614592134,0.6165293538039459,0.7693452627808354,0.18342505759480318,0.7962837281332847,48,0.0,-0.2676487275543254,0.2676487275543254,0.6103538406218968,0.7783327038093358,0.1878276972848574,0.8113161324433824,192,0.0,-0.3181438931313078,0.31860771329382037,0.6177615554886996,1037040,984000,52800,53040,50400,1034400,20688000,50400,52800,0.9966666666666667,0.30369318181818183,1.0,1.0,0.8101743163139297,0.4936077239765536,0,7.112243515871716,-1.7989852670796254,1.7989852670796254,1.821377042769645,0.4105598291422244,2.2095450962218495,,,,,
repetitions/pilot/d020_n3_M010_shrink_c0p5_rep01.npz,20,3,10,shrink_c0.5,shrink,0.5,1,all,0.639523700112477,0.578808083749895,0.7866258771068381,0.1865809015350644,0.8189754406409134,240,0.0,-0.3099145168156406,0.3099145168156406,0.6234356627551786,0.8060353821551545,0.18982713739372187,0.8427302968237479,48,0.0,-0.2547309624368837,0.2547309624368837,0.578808083749895,0.7819758480036083,0.18576934257040006,0.8130692338138885,192,0.0,-0.32371040541032975,0.32371040541032975,0.6320143235494667,1037040,984000,52800,53040,50400,1034400,20688000,50400,52800,0.9958712121212121,0.304280303030303,1.0,1.0,0.8115504396783783,0.49228820478659174,0,7.039100899330505,-1.7786381463203635,1.7786381463203635,1.7997052310185113,0.4026198404640324,2.181257986784396,,,,,
repetitions/pilot/d020_n3_M010_shrink_c0p75_rep00.npz,20,3,10,shrink_c0.75,shrink,0.75,0,all,0.6440940999891609,0.5342432940115744,1.12975611493166,0.24726290183449265,1.2258447222078646,240,0.0,-0.2460552505834165,0.25026351473351305,0.5230514254177695,0.9731565862255591,0.2144696541209208,1.0364558317349613,48,0.0,-0.22390500312503536,0.22513316952749532,0.5342432940115744,1.1636376862090294,0.2554612137628856,1.2678016903582336,192,0.0,-0.25159281244801185,0.25654610103501746,0.5207758402907148,1037040,984000,52800,53040,50400,1034400,20688000,50400,52800,0.997064393939394,0.3075,1.0,1.0,0.8225568170033223,0.12488443659193131,0,6.350856569173084,-1.5873347725255356,1.5873347725255356,1.675524803037241,0.6222103236963137,2.2095450962218495,,,,,
repetitions/pilot/d020_n3_M010_shrink_c0p75_rep01.npz,20,3,10,shrink_c0.75,shrink,0.75,1,all,0.6194651999976486,0.4866295098839022,1.147249280867921,0.2521815319456566,1.2445314783067059,240,0.0,-0.24994995878169857,0.25143705797860044,0.5341964024313085,1.1867715571617041,0.25441473900791994,1.2781587194129853,48,0.0,-0.19621080067888066,0.19949382273638863,0.4866295098839022,1.1377235981552907,0.2516232301800908,1.23618097022722,192,0.0,-0.26338474830740305,0.26442286678915344,0.5432430288959877,1037040,984000,52800,53040,50400,1034400,20688000,50400,52800,0.9963636363636363,0.3079545454545455,1.0,1.0,0.8236640115035485,0.12454825718137019,0,6.273928178685806,-1.5705300637245874,1.5705300637245874,1.654746092542069,0.6107279230598088,2.181257986784396,,,,,
repetitions/pilot/d020_n3_M010_z_only_box_rep00.npz,20,3,10,z_only_box,z_only_box,1.0,0,all,0.6099604000337422,0.4650753756228423,1.0389308655228926,0.22665540409113888,1.1302092919562523,240,0.0,-0.2042777981183595,0.21426626779909264,0.4496791375248233,0.9686513894924588,0.2054124529099545,1.0378343250442452,48,0.0,-0.1874998349650047,0.19492710871668759,0.4650753756228423,1.054831154883938,0.23196614188643494,1.1516416134668235,192,0.0,-0.2084722889066982,0.21910105756969386,0.4465246015396397,1037040,984000,52800,53040,50400,1034400,20688000,50400,52800,0.9973484848484848,0.309375,0.9973484848484848,0.9973484848484848,0.8273709340229575,0.8273671815760593,0,5.542766435882655,-1.458142857075947,1.458142857075947,1.5598914774663357,0.7514022391459028,2.2095450962218495,,,,,
repetitions/pilot/d020_n3_M010_z_only_box_rep01.npz,20,3,10,z_only_box,z_only_box,1.0,1,all,0.6501964998897165,0.4471857957636569,1.0556799611868883,0.23257354980351844,1.1488139091355702,240,0.0,-0.21224493601774846,0.21466997100187946,0.4526321880664776,1.0051342907518657,0.21603480548543397,1.0798575363004839,48,0.0,-0.18293576775542375,0.18429408659824434,0.4471857957636569,1.067257495932522,0.23670823588303957,1.1650327588980758,192,0.0,-0.21957222808332966,0.22226394210278821,0.4537175905574907,1037040,984000,52800,53040,50400,1034400,20688000,50400,52800,0.9968939393939394,0.3097348484848485,0.9968939393939394,0.9968939393939394,0.8289058881066478,0.8289018650106773,0,5.46107942818711,-1.4461490813981555,1.4461490813981555,1.5379595532344812,0.7351089053862404,2.181257986784396,,,,,
repetitions/pilot/d020_n3_M010_z_zero_rep00.npz,20,3,10,z_zero,z_zero,0.0,0,all,0.6423999001272023,0.7227469922363216,0.7462607566902375,0.18143110676997984,0.7453854371216919,240,0.0,-0.3826583584084442,0.3826583584084442,0.7501263356358483,0.7592975546362691,0.1834401803158869,0.7661251651798955,48,0.0,-0.32517453344423014,0.32517453344423014,0.7227469922363216,0.7431513027240483,0.18092883838350307,0.7402326613635876,192,0.0,-0.3970293146494977,0.3970293146494977,0.7555027593237189,1037040,984000,52800,53040,50400,1034400,20688000,50400,52800,0.9952462121212121,0.2984090909090909,1.0,1.0,0.803278639144788,1.952755470850165,0,9.711403590920895,-2.2095450962218495,2.2095450962218495,2.2095450962218495,0.0,2.2095450962218495,,,,,
repetitions/pilot/d020_n3_M010_z_zero_rep01.npz,20,3,10,z_zero,z_zero,0.0,1,all,0.632162399822846,0.7220114705322246,0.7497310152330406,0.18211313529903228,0.749379719506208,240,0.0,-0.38327652630043024,0.38327652630043024,0.7512853594071726,0.7566538951068523,0.18301019636763324,0.7631342495116982,48,0.0,-0.32505316297698233,0.32505316297698233,0.7220114705322246,0.7480881806270532,0.181888870031882,0.7459824270423754,192,0.0,-0.3978323671312922,0.3978323671312922,0.7570252412030676,1037040,984000,52800,53040,50400,1034400,20688000,50400,52800,0.9948863636363636,0.29854166666666665,1.0,1.0,0.8047161695402256,1.9471360365400856,0,9.611138417170235,-2.181257986784396,2.181257986784396,2.181257986784396,0.0,2.181257986784396,,,,,
repetitions/pilot/d020_n4_M002_batch_box_rep00.npz,20,4,2,batch_box,batch_box,1.0,0,all,0.06348520005121827,0.6437553151954892,1.5280940292958356,0.3499034383687043,1.6615052092859726,240,0.0,-0.3204398370500864,0.32297320479125713,0.6707343687329524,1.4884977229043812,0.3313680210821133,1.6006051279770765,48,0.0,-0.27230203467466413,0.2729063624096842,0.6437553151954892,1.5372882949720685,0.35453729269035195,1.6760404914504268,192,0.0,-0.332474287643942,0.3354899153866504,0.676020263004788,52080,38400,13440,13680,11040,49440,988800,11040,13440,0.9999255952380952,0.4681547619047619,0.9999255952380952,0.9999255952380952,5.047194588127736,5.047194588127736,0,6.900948374965939,-1.7222896222046358,1.7222896222046358,1.7436794578203392,0.2812899347135629,2.003579556918199,0.48926480018312923,0.3205,0.1255,0.9995,0.7283730158730158
repetitions/pilot/d020_n4_M002_batch_box_rep01.npz,20,4,2,batch_box,batch_box,1.0,1,all,0.0631844000890851,0.6158949610401234,1.5880715354110826,0.36181583884370194,1.729832219583098,240,0.0,-0.32480317560265026,0.3264662482601976,0.661982743030094,1.4559727316503022,0.3268634051688686,1.5666851029805768,48,0.0,-0.2664272395541469,0.2679211711818676,0.6158949610401234,1.617668827976247,0.37055394726241025,1.7673853617120843,192,0.0,-0.3393971596147762,0.34110251752978016,0.6708527022832091,52080,38400,13440,13680,11040,49440,988800,11040,13440,1.0,0.4630208333333333,1.0,1.0,5.130933373862115,5.130933373862115,0,6.713050182546785,-1.687692376564163,1.687692376564163,1.7121935872288225,0.27736259959455417,1.9650549761587166,0.4914806570472287,0.3255,0.1245,0.9995,0.7271825396825397
repetitions/pilot/d020_n4_M002_box_factor_a0p25_rep00.npz,20,4,2,box_factor_a0.25,box_factor,0.25,0,all,0.051997700007632375,0.6480108437666268,1.2492429104554776,0.2935414730743112,1.344746200006559,240,0.0,-0.33559930935879106,0.336201367096023,0.680505444385476,1.2097781097279885,0.2733677376297738,1.2900469194298323,48,0.0,-0.2858608436594086,0.2863360362455393,0.6480108437666268,1.2583743948126398,0.29858490693544565,1.3577686952604824,192,0.0,-0.3480339257836366,0.3486676998086439,0.6868430023317476,52080,38400,13440,13680,11040,49440,988800,11040,13440,0.9999255952380952,0.46279761904761907,0.9999255952380952,0.9999255952380952,4.95715677440683,6.490236275991641,0,7.303269591419619,-1.7914369680086346,1.7914369680086346,1.799832169613856,0.21214258890956447,2.003579556918199,,,,,
repetitions/pilot/d020_n4_M002_box_factor_a0p25_rep01.npz,20,4,2,box_factor_a0.25,box_factor,0.25,1,all,0.05033300002105534,0.6637568929301084,1.2817534978909066,0.3014417119321169,1.3815492237254843,240,0.0,-0.3414125823500696,0.34235539533632886,0.6822012494141526,1.2395613279549633,0.28346238560834275,1.3218262593145458,48,0.0,-0.29051477105744034,0.2919944847799237,0.6637568929301084,1.291508008784858,0.3059365435130603,1.3957450279367873,192,0.0,-0.354137035173227,0.3549456229754302,0.6858439014595533,52080,38400,13440,13680,11040,49440,988800,11040,13440,1.0,0.45714285714285713,1.0,1.0,5.029054012681485,6.55712041779242,0,7.0793137174498755,-1.7569882545667843,1.7569882545667843,1.766688217656037,0.20806672159193235,1.9650549761587166,,,,,
repetitions/pilot/d020_n4_M002_box_factor_a0p5_rep00.npz,20,4,2,box_factor_a0.5,box_factor,0.5,0,all,0.04732819995842874,0.5945045350500997,1.7149726783053678,0.3875498175822789,1.8765005646592858,240,0.0,-0.2836556206104231,0.2864573453447522,0.6091420173467487,1.6147225755216998,0.349928999346408,1.7437537645083219,48,0.0,-0.24865761199406336,0.24920845760681246,0.5945045350500997,1.7377841759975299,0.3969550221412466,1.9075136201460945,192,0.0,-0.292405122764513,0.2957695672792371,0.612038084964381,52080,38400,13440,13680,11040,49440,988800,11040,13440,0.9999255952380952,0.4694940476190476,0.9999255952380952,0.9999255952380952,5.139444158496235,6.107707780960595,0,6.205272304919797,-1.5998158336849726,1.5998158336849726,1.6335561078013079,0.40376372323322623,2.003579556918199,,,,,
repetitions/pilot/d020_n4_M002_box_factor_a0p5_rep01.npz,20,4,2,box_factor_a0.5,box_factor,0.5,1,all,0.05377599992789328,0.5770302393406777,1.7618945382643383,0.3980897601397933,1.9298234028141088,240,0.0,-0.28856824965343847,0.29102576956829035,0.598139175626434,1.649763145326899,0.36632220023338974,1.783534670126962,48,0.0,-0.24205683739053555,0.2454995708076443,0.5770302393406777,1.7873270953643958,0.40603165011639425,1.9638914882866176,192,0.0,-0.30019610271916425,0.3024073192584518,0.602287324293237,52080,38400,13440,13680,11040,49440,988800,11040,13440,1.0,0.46383928571428573,1.0,1.0,5.222433081083818,6.189374975924422,0,6.041862102340246,-1.569139049571754,1.569139049571754,1.6063521516005248,0.39591592658696256,1.9650549761587166,,,,,
repetitions/pilot/d020_n4_M002_box_factor_a0p75_rep00.npz,20,4,2,box_factor_a0.75,box_factor,0.75,0,all,0.05364990001544356,0.5533673779041026,2.5403358269282545,0.5392653901499841,2.800378148808461,240,0.0,-0.2242543098845698,0.24258273257991414,0.5482283743690182,2.2541376389405805,0.4705471747876704,2.449325186707288,48,0.0,-0.20430349999999506,0.2193390069596537,0.5533673779041026,2.6032820368274496,0.5564449439905625,2.879608981648831,192,0.0,-0.2292420123557135,0.24839366398497928,0.5471909801657395,52080,38400,13440,13680,11040,49440,988800,11040,13440,0.9999255952380952,0.4728422619047619,0.9999255952380952,0.9999255952380952,5.4192911857043,5.882494768745841,0,5.396886341439317,-1.4249351616635233,1.4249351616635233,1.5027267583654238,0.5786443952546754,2.003579556918199,,,,,
repetitions/pilot/d020_n4_M002_box_factor_a0p75_rep01.npz,20,4,2,box_factor_a0.75,box_factor,0.75,1,all,0.05224099988117814,0.5109304921723404,2.6520046757320905,0.5570799317751236,2.9253179073913653,240,0.0,-0.22598553170792363,0.24606940205502117,0.5290411235986457,2.4294030050763755,0.5077574383200469,2.643211021244166,48,0.0,-0.17815607203748698,0.21087107786834589,0.5109304921723404,2.701855906362385,0.5694105551388927,2.99016612594591,192,0.0,-0.23794289662553272,0.25486898310169,0.5326023488363106,52080,38400,13440,13680,11040,49440,988800,11040,13440,1.0,0.4680803571428571,1.0,1.0,5.520355790776377,5.983886897371792,0,5.291845010014656,-1.39631776588738,1.39631776588738,1.4810979609880004,0.5687372102713367,1.9650549761587166,,,,,
repetitions/pilot/d020_n4_M002_box_factor_a1p25_rep00.npz,20,4,2,box_factor_a1.25,box_factor,1.25,0,all,0.04587960010394454,0.5998590224361707,4.868852103472218,0.9502687907878086,5.382977096100092,240,0.0,-0.07983758368710099,0.24108002735239545,0.5960070771063006,3.8558901578860976,0.7519215881482885,4.202059318022657,48,0.0,-0.10931821091472334,0.22647062385662922,0.5998590224361707,5.078489702788611,0.9998555914476884,5.633871071456038,192,0.0,-0.0724674268801954,0.244732378226337,0.5952308528428067,52080,38400,13440,13680,11040,49440,988800,11040,13440,0.9999255952380952,0.4763392857142857,0.9999255952380952,0.9999255952380952,6.220881651199371,5.789699030085356,0,4.517552781865384,-1.114682602791877,1.114682602791877,1.3418355679979053,0.8888969541263217,2.003579556918199,,,,,
repetitions/pilot/d020_n4_M002_box_factor_a1p25_rep01.npz,20,4,2,box_factor_a1.25,box_factor,1.25,1,all,0.05536340014077723,0.6419601050104765,5.107517206831916,0.9938238132164059,5.648282300999926,240,0.0,-0.07764662447752486,0.24262443075525056,0.5647382251464618,4.879712836376861,0.9189376065829655,5.3207644620956485,48,0.0,-0.03126886390251954,0.24374235018974644,0.6419601050104765,5.159802614350217,1.0125453648747662,5.725414615899552,192,0.0,-0.08924106462127619,0.24234495089662658,0.5479270683915578,52080,38400,13440,13680,11040,49440,988800,11040,13440,1.0,0.47232142857142856,1.0,1.0,6.366276463931854,5.933113243410403,0,4.540235142938556,-1.0889648148693072,1.0889648148693072,1.3376703484591488,0.8760901612894096,1.9650549761587166,,,,,
repetitions/pilot/d020_n4_M002_box_factor_a1p5_rep00.npz,20,4,2,box_factor_a1.5,box_factor,1.5,0,all,0.04941449989564717,0.7127324977745051,6.112292711873518,1.1783892037938097,6.758893665812924,240,0.0,-0.004454410675764313,0.2794148352879022,0.6996128999930383,4.853505643718298,0.9159054364228473,5.2903664528890655,48,0.0,-0.05388283087810956,0.2645527865669063,0.7127324977745051,6.373159466346136,1.2440101456365502,7.0713200176337905,192,0.0,0.007902694374821993,0.28313034746815113,0.6969495752177162,52080,38400,13440,13680,11040,49440,988800,11040,13440,0.9999255952380952,0.4773809523809524,0.9999255952380952,0.9999255952380952,6.7144110015343434,5.877928363414288,0,4.398347146766238,-0.9773294914246025,0.9773294914246025,1.3113229779078062,1.026250065493596,2.003579556918199,,,,,
repetitions/pilot/d020_n4_M002_box_factor_a1p5_rep01.npz,20,4,2,box_factor_a1.5,box_factor,1.5,1,all,0.0514442001003772,0.8166675465842077,6.492940541267591,1.245282165290031,7.180819619743621,240,0.0,0.0018839910552039263,0.28675040467767443,0.698589786308509,6.331247229235708,1.1581614537383624,6.903868742674786,48,0.0,0.04564912305231881,0.29141221228475644,0.8166675465842077,6.5305092585627955,1.267062343177948,7.246841550642282,192,0.0,-0.009057291944074794,0.28558495277590396,0.6723931513005836,52080,38400,13440,13680,11040,49440,988800,11040,13440,1.0,0.4733630952380952,1.0,1.0,6.886143084409093,6.044472042092305,0,4.493541049163662,-0.9530565912086889,0.9530565912086889,1.318207197956404,1.0119983849500278,1.9650549761587166,,,,,
repetitions/pilot/d020_n4_M002_box_factor_a2_rep00.npz,20,4,2,box_factor_a2,box_factor,2.0,0,all,0.06696750014089048,1.0552471715061253,8.761601238071737,1.6646502956991356,9.688491460380366,240,0.0,0.15274714272816425,0.3927210771448663,1.001699235674905,6.88977360630948,1.245857000890548,7.508766711776246,48,0.0,0.06246035075423128,0.3614040361873827,1.0552471715061253,9.147588429408652,1.7693486194012822,10.149903064660554,192,0.0,0.1753188407216475,0.4005503373842372,0.990601512931703,52080,38400,13440,13680,11040,49440,988800,11040,13440,0.9999255952380952,0.4784970238095238,0.9999255952380952,0.9999255952380952,7.829924685631716,6.246240788140743,0,4.704524749121172,-0.7327541678722084,0.7327541678722084,1.3280833357350579,1.2708253890459904,2.003579556918199,,,,,
repetitions/pilot/d020_n4_M002_box_factor_a2_rep01.npz,20,4,2,box_factor_a2,box_factor,2.0,1,all,0.05698440014384687,1.1985744753356538,9.421035344480192,1.7717747304109257,10.417874295880447,240,0.0,0.16576438638756782,0.41430036325319997,1.0690412654009869,9.235011583074696,1.6352606420830975,10.070092638965928,48,0.0,0.1898189676665306,0.4030732441025913,1.1985744753356538,9.464395579799762,1.8059032524928829,10.50105073855063,192,0.0,0.1597507410678272,0.4171071430408521,1.0410989536624817,52080,38400,13440,13680,11040,49440,988800,11040,13440,1.0,0.4746279761904762,1.0,1.0,8.060714589374602,6.4616177189362585,0,4.949349300632028,-0.7114078069927485,0.7114078069927485,1.3545618092227523,1.2536471691659685,1.9650549761587166,,,,,
repetitions/pilot/d020_n4_M002_f_zero_rep00.npz,20,4,2,f_zero,f_zero,0.0,0,all,0.003906100057065487,0.7288829793033538,1.1569197501047193,0.2744546216205605,1.2297334677792038,240,0.0,-0.3807327204071187,0.38108690187267275,0.7540381359943901,1.1079526772518105,0.25666880807784526,1.1668042407848094,48,0.0,-0.32732330328445985,0.32764540758259253,0.7288829793033538,1.168174550548245,0.27890107500623934,1.2446171228997365,192,0.0,-0.3940850746877833,0.3944472754451928,0.7589871870848831,4080,3840,0,240,0,3840,76800,0,0,0.0,0.0,0.0,0.0,0.0,0.0,0,,,,,,,,,,,
repetitions/pilot/d020_n4_M002_f_zero_rep01.npz,20,4,2,f_zero,f_zero,0.0,1,all,0.002498200163245201,0.7292799260104622,1.178108785316639,0.27895976860025723,1.2541730676622103,240,0.0,-0.38248371677504356,0.38305091729235663,0.7538600030829521,1.1520320578041376,0.266149073761716,1.2165906959810462,48,0.0,-0.32493151520505,0.32614390187556785,0.7292799260104622,1.1841780086867397,0.28216244230989257,1.2631805898964241,192,0.0,-0.3968717671675419,0.39727767114655393,0.7586981199315979,4080,3840,0,240,0,3840,76800,0,0,0.0,0.0,0.0,0.0,0.0,0.0,0,,,,,,,,,,,
repetitions/pilot/d020_n4_M002_raw_rep00.npz,20,4,2,raw,raw,1.0,0,all,0.04653900000266731,6.4638992941835385,167.82778731344658,8.060764640785019,185.67662747725353,240,0.0,0.7650271357477403,1.628803782072833,14.59479645004167,60.16660328881889,4.009574722495601,65.63532198456178,48,0.0,0.4471542800259571,1.0553470227931065,6.4638992941835385,184.27688240725683,9.073562120357371,204.55462688485767,192,0.0,0.8444953496781858,1.7721679718927648,15.728291354877646,52080,38400,13440,13680,11040,49440,988800,11040,13440,0.9999255952380952,0.4757440476190476,0.9999255952380952,0.0,16.2888421104566,16.2888421104566,0,159.55366264560618,-0.8788795881564877,0.8788795881564877,2.0662902002378254,1.1246999687617105,2.003579556918199,,,,,
repetitions/pilot/d020_n4_M002_raw_rep01.npz,20,4,2,raw,raw,1.0,1,all,0.05073770019225776,5.997979990420916,315.2498658937854,16.36418617627048,348.652910014266,240,0.0,1.3766373783619084,3.274593347269068,33.706008170933174,152.94070410877424,8.434246804698377,166.97670711069551,48,0.0,0.9059632279786335,1.2691190806194639,5.997979990420916,342.51004945339247,18.346671019163505,380.04516033433947,192,0.0,1.4943059159577272,3.7759619139314684,36.83649544168793,52080,38400,13440,13680,11040,49440,988800,11040,13440,1.0,0.47098214285714285,1.0,0.0,14.999780210923085,14.999780210923085,0,793.8512356930123,-0.5661293876827365,0.5661293876827365,2.479777379225173,1.3989255884759806,1.9650549761587166,,,,,
repetitions/pilot/d020_n4_M002_sample_ball_rep00.npz,20,4,2,sample_ball,sample_ball,1.0,0,all,0.05459040007553995,0.7769413683195124,2.4608980320204488,0.5076162394672816,2.702759132838242,240,0.0,-0.29229982621439843,0.32679126894851657,0.723299310594227,2.5019361096838733,0.4982701782635315,2.7105631454883605,48,0.0,-0.2601858569148146,0.29962002902909174,0.7769413683195124,2.451114677964502,0.5099527547682191,2.7008500178439787,192,0.0,-0.3003283185392945,0.3335840789283728,0.7120446229562576,52080,38400,13440,13680,11040,49440,988800,11040,13440,0.9999255952380952,0.47180059523809526,0.47180059523809526,0.47180059523809526,5.2052345164947305,3.13186709847211,0,6.982553018565466,-1.6812364699445717,1.6812364699445717,1.7330008114869155,0.32234308697362696,2.003579556918199,,,,,
repetitions/pilot/d020_n4_M002_sample_ball_rep01.npz,20,4,2,sample_ball,sample_ball,1.0,1,all,0.05338219995610416,0.5861639146387702,2.2758646542100496,0.4990716360900118,2.4999587235614293,240,0.0,-0.2993119100584113,0.3094951150410247,0.661952465406239,2.106949546765376,0.45266187161160826,2.2861960468097355,48,0.0,-0.2353586990939467,0.24631114802418055,0.5861639146387702,2.3139238287251414,0.5106740772096128,2.549436866410767,192,0.0,-0.3153002127995274,0.3252911067952357,0.676142867037769,52080,38400,13440,13680,11040,49440,988800,11040,13440,1.0,0.4648065476190476,0.4648065476190476,0.4648065476190476,5.303577100266288,3.2251550817718684,0,6.796141533648779,-1.6533192894266011,1.6533192894266011,1.7041126008550997,0.31173568673211577,1.9650549761587166,,,,,
repetitions/pilot/d020_n4_M002_sample_box_rep00.npz,20,4,2,sample_box,sample_box,1.0,0,all,0.05441199988126755,0.5541244233815559,3.6526416487930615,0.7331391213904467,4.035881530760514,240,0.0,-0.15440665195854944,0.22621855679118213,0.5365720466217606,2.945340885585279,0.5960576070406406,3.2068543793355193,48,0.0,-0.1585854098559029,0.2078842622156881,0.5541244233815559,3.8003867182106372,0.7674094999778982,4.213618569925819,192,0.0,-0.15336196248421108,0.23080213043505568,0.5329790122160679,52080,38400,13440,13680,11040,49440,988800,11040,13440,0.9999255952380952,0.475,0.9999255952380952,0.9999255952380952,5.783876314115272,5.783876314115272,0,4.841843376241088,-1.2636267466728768,1.2636267466728768,1.4055006807745332,0.7399528102453218,2.003579556918199,,,,,
repetitions/pilot/d020_n4_M002_sample_box_rep01.npz,20,4,2,sample_box,sample_box,1.0,1,all,0.06263729999773204,0.532883158846345,3.8444999693585755,0.7618559564763467,4.249465233443865,240,0.0,-0.15401473940964477,0.22908512341920995,0.5088141271123682,3.5638401611170782,0.6990258987898688,3.8843697532419577,48,0.0,-0.10525208010866564,0.2173817951808981,0.532883158846345,3.9077851295668578,0.7775634708979662,4.333949509192602,192,0.0,-0.16620540423488953,0.23201095547878792,0.5038440820961861,52080,38400,13440,13680,11040,49440,988800,11040,13440,1.0,0.4709077380952381,1.0,1.0,5.905639441932041,5.905639441932041,0,4.799491771474808,-1.236389024064687,1.236389024064687,1.3912880001495807,0.7286659520940301,1.9650549761587166,,,,,
repetitions/pilot/d020_n4_M002_shrink_c0p1_rep00.npz,20,4,2,shrink_c0.1,shrink,0.1,0,all,0.05598059995099902,0.7060358790648603,1.1958077224713552,0.2828843467624802,1.2761139003353745,240,0.0,-0.371404610828244,0.37179713318736307,0.7419629837423299,1.1525449860494608,0.26574723410743745,1.2198019427614304,48,0.0,-0.3140262914440168,0.31436001262106666,0.7060358790648603,1.2057894939359641,0.2871686249262409,1.289491398130136,192,0.0,-0.38574919067430075,0.3861564133289372,0.7489671461337712,52080,38400,13440,13680,11040,49440,988800,11040,13440,0.9999255952380952,0.459672619047619,1.0,1.0,4.910475130544785,5.766600961218512,0,8.199564214687161,-1.9273799273631556,1.9273799273631556,1.93014389292576,0.07619962955504302,2.003579556918199,,,,,
repetitions/pilot/d020_n4_M002_shrink_c0p1_rep01.npz,20,4,2,shrink_c0.1,shrink,0.1,1,all,0.05061500007286668,0.6985048385358892,1.201408411701855,0.28393956051356856,1.2836611277255154,240,0.0,-0.3695551443177447,0.3703660914164986,0.7333670112332862,1.1801369958117818,0.27104205626505756,1.2516744044603998,48,0.0,-0.3114435923110584,0.3128331374268268,0.6985048385358892,1.206372834028605,0.2871639365756963,1.2913517231347902,192,0.0,-0.3840830323194164,0.3847493299139166,0.7401672072794382,52080,38400,13440,13680,11040,49440,988800,11040,13440,1.0,0.45364583333333336,1.0,1.0,4.980379951839921,5.815888404495057,0,7.92924310008242,-1.889224080277265,1.889224080277265,1.8925264755312936,0.07583089588145167,1.9650549761587166,,,,,
repetitions/pilot/d020_n4_M002_shrink_c0p25_rep00.npz,20,4,2,shrink_c0.25,shrink,0.25,0,all,0.05807029991410673,0.6814720408316316,1.6141644861542803,0.3550071527182829,1.7537624603345285,240,0.0,-0.351131596171394,0.3532480628515825,0.7229314483998271,1.5023943795047179,0.3321646219257051,1.6130348178909597,48,0.0,-0.28901519048669405,0.29412707810463734,0.6814720408316316,1.639426532143516,0.36071778541642735,1.7864439589858094,192,0.0,-0.366660697592569,0.36802830903831873,0.7309704652967747,52080,38400,13440,13680,11040,49440,988800,11040,13440,0.9999255952380952,0.4646577380952381,1.0,1.0,5.027319439882756,4.0901226915652895,0,7.524847795592241,-1.8082836906460633,1.8082836906460633,1.8295766272593894,0.19529586627213538,2.003579556918199,,,,,
repetitions/pilot/d020_n4_M002_shrink_c0p25_rep01.npz,20,4,2,shrink_c0.25,shrink,0.25,1,all,0.062407199991866946,0.6381713234859718,1.5958147502089115,0.3540614249835526,1.735531364623513,240,0.0,-0.34056321825146735,0.3428809820038737,0.6961322330851655,1.5557944199034914,0.3332114373095357,1.6755815916677916,48,0.0,-0.27829626034225874,0.2799505586855104,0.6381713234859718,1.6051122832884763,0.35927392190205687,1.7498587327500628,192,0.0,-0.3561299577287695,0.3586135878334645,0.7071947517763951,52080,38400,13440,13680,11040,49440,988800,11040,13440,1.0,0.45863095238095236,1.0,1.0,5.110839320040103,4.134134638514403,0,7.2852084271699065,-1.7700848139060998,1.7700848139060998,1.7943719850633775,0.19497016225261699,1.9650549761587166,,,,,
repetitions/pilot/d020_n4_M002_shrink_c0p5_rep00.npz,20,4,2,shrink_c0.5,shrink,0.5,0,all,0.06268480001017451,0.7716771214964013,7.013201831246718,0.8323400799782168,7.754974444962067,240,0.0,-0.2698757560169643,0.3526002777052728,0.8083943413219946,4.048868820445329,0.6389024689631936,4.408030934437181,48,0.0,-0.21206693344137525,0.323117937762746,0.7716771214964013,7.544692138401267,0.8806994827319727,8.371408306398427,192,0.0,-0.28432796166086144,0.35997086269090445,0.8155655815285543,52080,38400,13440,13680,11040,49440,988800,11040,13440,0.9999255952380952,0.4701636904761905,1.0,1.0,5.66741765256872,2.0011293971304775,0,7.060363485793376,-1.5864376958904558,1.5864376958904558,1.7212271701231643,0.41714186102774276,2.003579556918199,,,,,
repetitions/pilot/d020_n4_M002_shrink_c0p5_rep01.npz,20,4,2,shrink_c0.5,shrink,0.5,1,all,0.057232300052419305,0.7017305428469106,10.315930974541455,1.0054522891198974,11.411223964484977,240,0.0,-0.22231291636398734,0.3574818809108879,0.9948091666545025,6.309826126052257,0.8002490042004439,6.882885240009572,48,0.0,-0.15699775488076628,0.28699885025095634,0.7017305428469106,11.051432024507525,1.056753110349761,12.26562247759591,192,0.0,-0.2386417067347926,0.37510263857587073,1.043769432804597,52080,38400,13440,13680,11040,49440,988800,11040,13440,1.0,0.4641369047619048,1.0,1.0,5.78942296322168,2.0318744801767967,0,7.558871349272339,-1.53917202001375,1.53917202001375,1.7068549280436736,0.4258829561449667,1.9650549761587166,,,,,
repetitions/pilot/d020_n4_M002_shrink_c0p75_rep00.npz,20,4,2,shrink_c0.75,shrink,0.75,0,all,0.05845889984630048,1.9207509855227192,35.834890456130175,2.50868197448112,39.650173425510836,240,0.0,-0.015247702131757265,0.5920466941961959,2.8718726742970575,16.497331181668354,1.5359823349038835,17.993894360946854,48,0.0,-0.020481679032862243,0.4739743507879024,1.9207509855227192,39.02462330152422,2.751856884375429,43.32408945181636,192,0.0,-0.013939207906481038,0.6215647800482695,3.026991348891517,52080,38400,13440,13680,11040,49440,988800,11040,13440,0.9999255952380952,0.47358630952380953,1.0,1.0,8.073386658295647,0.6585568563820581,0,13.817203700375932,-1.304326964584134,1.304326964584134,1.7591204359937218,0.6992525923340648,2.003579556918199,,,,,
repetitions/pilot/d020_n4_M002_shrink_c0p75_rep01.npz,20,4,2,shrink_c0.75,shrink,0.75,1,all,0.06212019990198314,1.8908122443927577,67.7021608310039,4.120015582353495,74.89260839277705,240,0.0,0.16719641545953104,0.8784832325656938,6.417217645238825,34.488542729603296,2.587457957528469,37.64924207638159,48,0.0,0.1474139538406877,0.5330918317801289,1.8908122443927577,73.3787794049259,4.503154988559752,81.43969987256733,192,0.0,0.17214203086424176,0.9648310827620851,6.98064637820023,52080,38400,13440,13680,11040,49440,988800,11040,13440,1.0,0.46785714285714286,1.0,1.0,8.022779053253881,0.6557695063890469,0,46.32117248018249,-1.200865787227933,1.200865787227933,1.837159897513565,0.7641891889307839,1.9650549761587166,,,,,
repetitions/pilot/d020_n4_M002_z_only_box_rep00.npz,20,4,2,z_only_box,z_only_box,1.0,0,all,0.047530199866741896,0.5698777913966395,3.877143147022909,0.7602916750688788,4.28436942048973,240,0.0,-0.15440166914274567,0.2323322727425943,0.5549889383702423,3.0403884655017728,0.6090374035206771,3.31041170816176,48,0.0,-0.15519234582809818,0.21797327094396166,0.5698777913966395,4.0494463762084045,0.7981052429559292,4.490224925146682,192,0.0,-0.15420399997140752,0.23592202319225244,0.5519518250831262,52080,38400,13440,13680,11040,49440,988800,11040,13440,0.9999255952380952,0.475,0.9999255952380952,0.9999255952380952,5.789316043010139,5.789162758174801,0,4.854980998878478,-1.262547621433253,1.262547621433253,1.407491581084205,0.7410319354849455,2.003579556918199,,,,,
repetitions/pilot/d020_n4_M002_z_only_box_rep01.npz,20,4,2,z_only_box,z_only_box,1.0,1,all,0.05577179999090731,0.5385710736252338,4.160599417462403,0.8054788227042956,4.599462453917754,240,0.0,-0.15206083891111366,0.23309803743278207,0.5279414083700193,3.681223224726233,0.7145099860476524,4.0126197168038225,48,0.0,-0.10379594665564368,0.2209814910515112,0.5385710736252338,4.265863125685925,0.8282210318684563,4.731722079807523,192,0.0,-0.1641270619749812,0.23612717402809977,0.5257817649146558,52080,38400,13440,13680,11040,49440,988800,11040,13440,1.0,0.4709077380952381,1.0,1.0,5.910929550231239,5.910671262897019,0,4.8220694984340104,-1.2342915640348904,1.2342915640348904,1.3944109401559395,0.7307634121238265,1.9650549761587166,,,,,
repetitions/pilot/d020_n4_M002_z_zero_rep00.npz,20,4,2,z_zero,z_zero,0.0,0,all,0.057234000181779265,0.7288829793033538,1.1569197501047193,0.2744546216205605,1.2297334677792038,240,0.0,-0.3807327204071187,0.38108690187267275,0.7540381359943901,1.1079526772518105,0.25666880807784526,1.1668042407848094,48,0.0,-0.32732330328445985,0.32764540758259253,0.7288829793033538,1.168174550548245,0.27890107500623934,1.2446171228997365,192,0.0,-0.3940850746877833,0.3944472754451928,0.7589871870848831,52080,38400,13440,13680,11040,49440,988800,11040,13440,0.9999255952380952,0.4566220238095238,1.0,1.0,4.890980292839576,7.089151274770487,0,8.74621989926579,-2.003579556918199,2.003579556918199,2.003579556918199,0.0,2.003579556918199,,,,,
repetitions/pilot/d020_n4_M002_z_zero_rep01.npz,20,4,2,z_zero,z_zero,0.0,1,all,0.049988399958238006,0.7292799260104622,1.178108785316639,0.27895976860025723,1.2541730676622103,240,0.0,-0.38248371677504356,0.38305091729235663,0.7538600030829521,1.1520320578041376,0.266149073761716,1.2165906959810462,48,0.0,-0.32493151520505,0.32614390187556785,0.7292799260104622,1.1841780086867397,0.28216244230989257,1.2631805898964241,192,0.0,-0.3968717671675419,0.39727767114655393,0.7586981199315979,52080,38400,13440,13680,11040,49440,988800,11040,13440,1.0,0.45022321428571427,1.0,1.0,4.960187605451912,7.148409137034476,0,8.45620733396511,-1.9650549761587166,1.9650549761587166,1.9650549761587166,0.0,1.9650549761587166,,,,,
repetitions/pilot/d020_n4_M003_batch_box_rep00.npz,20,4,3,batch_box,batch_box,1.0,0,all,0.1471046998631209,0.6383095147609609,1.0186577047295382,0.23616004118243178,1.0833482033722952,240,0.0,-0.3305820717164151,0.3307218929035225,0.6597287398761074,0.9937672405788688,0.22462308494468275,1.0483862458759925,48,0.0,-0.276647937072617,0.27689971640144323,0.6383095147609609,1.0244425731717939,0.239044280241869,1.09171561259707,192,0.0,-0.3440656053773647,0.3441774370290423,0.6639450576289752,219840,181440,38160,38400,33120,214560,4291200,33120,38160,0.9999213836477987,0.4197327044025157,0.9999213836477987,1.0,3.168813265503227,3.168813265503227,0,6.8180447688116095,-1.7034667740207643,1.7034667740207643,1.718543282410616,0.2558997648152156,1.9593665388359798,0.503539190670141,0.3415,0.1385,0.9995,0.7158333333333333
repetitions/pilot/d020_n4_M003_batch_box_rep01.npz,20,4,3,batch_box,batch_box,1.0,1,all,0.14736329996958375,0.6559176301705082,1.0531750085336922,0.2411747521923646,1.1231948667091085,240,0.0,-0.3279863709093887,0.3288228456348091,0.6588316606961377,1.128046754248144,0.24955721366599962,1.197676150668311,48,0.0,-0.2826244282713737,0.28335628892399134,0.6559176301705082,1.0347189128164096,0.23907913682395582,1.1042441118504935,192,0.0,-0.33932685656889233,0.3401894848125136,0.6594150566348621,219840,181440,38160,38400,33120,214560,4291200,33120,38160,0.999895178197065,0.4236373165618449,0.999895178197065,1.0,3.1692684421620188,3.1692684421620188,0,6.8964488029045174,-1.7171151405516356,1.7171151405516356,1.7336650674337981,0.26032211881694267,1.9774372593685783,0.4999424062093554,0.3375,0.1375,0.9995,0.7204761904761905
repetitions/pilot/d020_n4_M003_box_factor_a0p25_rep00.npz,20,4,3,box_factor_a0.25,box_factor,0.25,0,all,0.11782679986208677,0.6495001378058424,0.854169105839591,0.2049945391025365,0.8901541241491264,240,0.0,-0.33952026964702164,0.3396036985953881,0.671953625591005,0.8534310380870779,0.20314423128032746,0.8872841074555889,48,0.0,-0.28637716166908295,0.2865657437743685,0.6495001378058424,0.8543431641620688,0.20545711605808878,0.8908535590774308,192,0.0,-0.35280604664150633,0.352863187300643,0.6763710016613084,219840,181440,38160,38400,33120,214560,4291200,33120,38160,0.999895178197065,0.41506813417190774,0.9999213836477987,0.9999213836477987,3.1401162046492104,4.386377385061675,0,7.06410062402889,-1.744462715127196,1.744462715127196,1.7529081743165151,0.21490382370878383,1.9593665388359798,,,,,
repetitions/pilot/d020_n4_M003_box_factor_a0p25_rep01.npz,20,4,3,box_factor_a0.25,box_factor,0.25,1,all,0.12382059986703098,0.6478647755881679,0.8645677754586578,0.2075087838343596,0.9026941346753705,240,0.0,-0.3381726248317271,0.3382471038767525,0.6700537069256299,0.8717681016961801,0.20530074769587195,0.9085144278521674,48,0.0,-0.29006565998893846,0.29006565998893846,0.6478647755881679,0.8628600561730719,0.20806079286898152,0.901267146806869,192,0.0,-0.35019936604242424,0.35029246484870596,0.6744198276011646,219840,181440,38160,38400,33120,214560,4291200,33120,38160,0.999895178197065,0.4186320754716981,0.9999475890985325,0.9999475890985325,3.142642827110324,4.3907953805741915,0,7.133377625776797,-1.7572471566969752,1.7572471566969752,1.7664169563456849,0.2201901026716024,1.9774372593685783,,,,,
repetitions/pilot/d020_n4_M003_box_factor_a0p5_rep00.npz,20,4,3,box_factor_a0.5,box_factor,0.5,0,all,0.12480570003390312,0.5721101708510618,1.1029808397885295,0.25664401433107864,1.1882803127234336,240,0.0,-0.2924136632482559,0.2928389553454834,0.5922061518888603,1.1306212135834097,0.2538657343672105,1.208779828698508,48,0.0,-0.24238630848507328,0.24283424493278635,0.5721101708510618,1.0963573299929494,0.25733858432204565,1.183220511841606,192,0.0,-0.30492050193905157,0.30534013294865764,0.5961584849611057,219840,181440,38160,38400,33120,214560,4291200,33120,38160,0.9998689727463312,0.4228511530398323,0.9999213836477987,0.9999213836477987,3.2133694477797423,3.982979248693966,0,5.973939312808894,-1.5539809284395112,1.5539809284395112,1.5851902095706896,0.40538561039646825,1.9593665388359798,,,,,
repetitions/pilot/d020_n4_M003_box_factor_a0p5_rep01.npz,20,4,3,box_factor_a0.5,box_factor,0.5,1,all,0.12119059986434877,0.5775611167354366,1.0975304513792667,0.25372944864421365,1.1826154795530728,240,0.0,-0.2896783242449565,0.2899019958120124,0.5874360488976226,1.0911275221821788,0.24759026132968906,1.1641856744759267,48,0.0,-0.25196248333443744,0.2522839575227532,0.5775611167354366,1.099035819691335,0.2552642454728448,1.1870724530048402,192,0.0,-0.2991072844725862,0.2993065053843272,0.5893983547153033,219840,181440,38160,38400,33120,214560,4291200,33120,38160,0.999895178197065,0.42641509433962266,0.999895178197065,0.999895178197065,3.2142889920232482,3.9848898549324665,0,6.023687865331895,-1.561998401363901,1.561998401363901,1.5962503571665483,0.41543885800467684,1.9774372593685783,,,,,
repetitions/pilot/d020_n4_M003_box_factor_a0p75_rep00.npz,20,4,3,box_factor_a0.75,box_factor,0.75,0,all,0.1252073000650853,0.5111481939619997,1.6739807186249813,0.3619926192115425,1.8367035172799258,240,0.0,-0.24146078044917066,0.24562023357713586,0.5209247271731695,1.819385503161941,0.36390870765301386,1.9739207806020576,48,0.0,-0.19510940961481035,0.20641282413671566,0.5111481939619997,1.6377903515529624,0.3615135971011746,1.8016090178540236,192,0.0,-0.2530486231577607,0.2554220859372409,0.5228651895385196,219840,181440,38160,38400,33120,214560,4291200,33120,38160,0.9999213836477987,0.4279088050314465,0.9999213836477987,0.9999213836477987,3.326347910170525,3.686129746802952,0,5.187441271455799,-1.3843354894121296,1.3843354894121296,1.452050730851324,0.5750310494238504,1.9593665388359798,,,,,
repetitions/pilot/d020_n4_M003_box_factor_a0p75_rep01.npz,20,4,3,box_factor_a0.75,box_factor,0.75,1,all,0.12212780001573265,0.5202717831904076,1.5908097858443684,0.3461654776954125,1.7446114914083533,240,0.0,-0.23653341546147644,0.2415947922026612,0.5079349311727168,1.5063060179369532,0.31903556152312773,1.6288521066556347,48,0.0,-0.21333249595160772,0.22118667880335274,0.5202717831904076,1.6101023630013813,0.3529479567384837,1.7717305924256228,192,0.0,-0.24233364533894364,0.2466968205524883,0.5054222040998524,219840,181440,38160,38400,33120,214560,4291200,33120,38160,0.999895178197065,0.43160377358490565,0.999895178197065,0.999895178197065,3.325671067124821,3.685851008877597,0,5.227429555301321,-1.387744101107091,1.387744101107091,1.4640292059838649,0.5896931582614869,1.9774372593685783,,,,,
repetitions/pilot/d020_n4_M003_box_factor_a1p25_rep00.npz,20,4,3,box_factor_a1.25,box_factor,1.25,0,all,0.1267268001101911,0.5079481493966518,3.415631176752191,0.6678036585099428,3.774971487346641,240,0.0,-0.12422489682706978,0.20294548131879658,0.46838990263589186,3.867108998930552,0.6808976638525888,4.216655150945221,48,0.0,-0.09233249505489129,0.19492177219203133,0.5079481493966518,3.3001083312870505,0.6645301571742814,3.6590247982692135,192,0.0,-0.1321979972701144,0.2049514086004879,0.4600394222615397,219840,181440,38160,38400,33120,214560,4291200,33120,38160,0.9999213836477987,0.4329140461215933,0.9999213836477987,0.9999213836477987,3.649303925435423,3.329372479914144,0,4.327149837313759,-1.0957165793253718,1.0957165793253718,1.284886370408545,0.8636499595106076,1.9593665388359798,,,,,
repetitions/pilot/d020_n4_M003_box_factor_a1p25_rep01.npz,20,4,3,box_factor_a1.25,box_factor,1.25,1,all,0.11730969999916852,0.4772605099025221,3.280251263287532,0.6438167016708461,3.6254792991807925,240,0.0,-0.11195715139939498,0.19143155206900836,0.4451474661527945,2.72632850455603,0.5358177702302362,2.9695394402701565,48,0.0,-0.12701900173041994,0.1798918407860675,0.4772605099025221,3.3978104338632376,0.6708164345309986,3.7683505261272385,192,0.0,-0.10819168881663876,0.19431647988974357,0.43841787146134714,219840,181440,38160,38400,33120,214560,4291200,33120,38160,0.999895178197065,0.4368448637316562,0.999895178197065,0.999895178197065,3.641887204499901,3.3215950630868827,0,4.377253337434636,-1.0926240730137615,1.0926240730137615,1.2971513852560548,0.8848131863548162,1.9774372593685783,,,,,
repetitions/pilot/d020_n4_M003_box_factor_a1p5_rep00.npz,20,4,3,box_factor_a1.5,box_factor,1.5,0,all,0.11794919986277819,0.5685563876067832,4.433995473015715,0.848374953514309,4.902766874011543,240,0.0,-0.05980482235502804,0.21914107298861182,0.5196767609602532,5.128369434920005,0.8763538879685467,5.594163388457423,48,0.0,-0.039150777781505,0.20247965261249481,0.5685563876067832,4.253657680909857,0.8413802199007495,4.718567409729582,192,0.0,-0.0649683334984088,0.2233064280826411,0.5092998670108064,219840,181440,38160,38400,33120,214560,4291200,33120,38160,0.9999213836477987,0.4343815513626834,0.9999213836477987,0.9999213836477987,3.8467697648067163,3.2399023438110515,0,4.18441283592359,-0.973324952467047,0.973324952467047,1.2480731770475575,0.986041586368933,1.9593665388359798,,,,,
repetitions/pilot/d020_n4_M003_box_factor_a1p5_rep01.npz,20,4,3,box_factor_a1.5,box_factor,1.5,1,all,0.12200429989024997,0.5333277083766627,4.259711378687867,0.824141466366065,4.70979237781414,240,0.0,-0.04401897408531435,0.20729146952675073,0.510194047811233,3.6252514261967694,0.688482352235612,3.95153292143577,48,0.0,-0.07371390032471047,0.19621303718270297,0.5333277083766627,4.396084054407551,0.8580562448986783,4.877078334257845,192,0.0,-0.03659524252546532,0.2100610776127627,0.5054227221310087,219840,181440,38160,38400,33120,214560,4291200,33120,38160,0.999895178197065,0.4382075471698113,0.999895178197065,0.999895178197065,3.833479641646212,3.225833207210347,0,4.2477269827140045,-0.967416052295775,0.967416052295775,1.2603622942550678,1.010021207072803,1.9774372593685783,,,,,
repetitions/pilot/d020_n4_M003_box_factor_a2_rep00.npz,20,4,3,box_factor_a2,box_factor,2.0,0,all,0.12674059998244047,0.7964505314608008,6.5082009947608785,1.230305800956158,7.196663122921114,240,0.0,0.07171345480534962,0.2902401584983289,0.7458167760700039,7.431850280123563,1.283386863059625,8.107390313237548,48,0.0,0.0699369859668836,0.2674106789178367,0.7964505314608008,6.270453012019453,1.2170355354302913,6.95617963406982,192,0.0,0.07215757201496614,0.295947528393452,0.7352326918904208,219840,181440,38160,38400,33120,214560,4291200,33120,38160,0.9999213836477987,0.43603249475890987,0.9999213836477987,0.9999213836477987,4.2860910067304285,3.1851528100565254,0,4.321984294223844,-0.7659042738073533,0.7659042738073533,1.2474362302041115,1.1934622650286264,1.9593665388359798,,,,,
repetitions/pilot/d020_n4_M003_box_factor_a2_rep01.npz,20,4,3,box_factor_a2,box_factor,2.0,1,all,0.12505279993638396,0.7801348035721538,6.399572886023738,1.2168150992161428,7.075334547182234,240,0.0,0.10105136269357448,0.2922925286900631,0.7833595487010466,5.708139038047307,1.0413380590310524,6.223377443468264,48,0.0,0.041658606950843884,0.265506910219709,0.7801348035721538,6.552089683123359,1.2606843592624157,7.268222284979958,192,0.0,0.11589955162925714,0.2989889333076517,0.7840052693521309,219840,181440,38160,38400,33120,214560,4291200,33120,38160,0.999895178197065,0.4396750524109015,0.9998689727463312,0.9998689727463312,4.251843437746936,3.1494587432559693,0,4.429874398817122,-0.7548700903094294,0.7548700903094294,1.264225703267761,1.2225671690591482,1.9774372593685783,,,,,
repetitions/pilot/d020_n4_M003_f_zero_rep00.npz,20,4,3,f_zero,f_zero,0.0,0,all,0.005697699962183833,0.7329471900363098,0.8379598700223241,0.20470725334748527,0.8563727121117012,240,0.0,-0.3832014212843792,0.3832240910178823,0.7509759079709948,0.8434924963517791,0.20643607544523251,0.8631254208107544,48,0.0,-0.3281044571836915,0.3281997885421637,0.7329471900363098,0.8366490804367448,0.20427504782304845,0.8547156398095653,192,0.0,-0.39697566230955106,0.39698016663681185,0.7545429899100137,19680,19440,0,240,0,19440,388800,0,0,0.0,0.0,0.0,0.0,0.0,0.0,0,,,,,,,,,,,
repetitions/pilot/d020_n4_M003_f_zero_rep01.npz,20,4,3,f_zero,f_zero,0.0,1,all,0.00621069991029799,0.7289086750338152,0.846819662512603,0.20523534042183314,0.86702740760119,240,0.0,-0.38235419979760593,0.38240525521015223,0.7507806177434465,0.8432096662058891,0.2027006420229788,0.8634534208476078,48,0.0,-0.32841679658947126,0.32841679658947126,0.7289086750338152,0.8476692199721283,0.2058690150215467,0.8678979162965861,192,0.0,-0.3958385505996396,0.3959023698653225,0.7550947347895535,19680,19440,0,240,0,19440,388800,0,0,0.0,0.0,0.0,0.0,0.0,0.0,0,,,,,,,,,,,
repetitions/pilot/d020_n4_M003_raw_rep00.npz,20,4,3,raw,raw,1.0,0,all,0.11485219979658723,7.1657151811969175,67.8654922235926,5.142410243544448,75.09040978596126,240,0.0,0.3939694029823817,0.9201733957582978,5.476161731190771,74.69067816325322,5.154001353619404,81.4949179494201,48,0.0,0.645806502198094,1.0141814214997347,7.1657151811969175,66.15245009281249,5.1395124660257085,73.44167522867575,192,0.0,0.3310101281784537,0.8966713893229387,5.069597956077979,219840,181440,38160,38400,33120,214560,4291200,33120,38160,0.9999213836477987,0.4312631027253669,0.9999213836477987,0.0,5.696407733785804,5.696407733785804,0,34.724565983350104,-0.9790015018353679,0.9790015018353679,1.6911846168163234,0.9803650370006122,1.9593665388359798,,,,,
repetitions/pilot/d020_n4_M003_raw_rep01.npz,20,4,3,raw,raw,1.0,1,all,0.1100598000921309,2.5793791226891902,70.51429877843422,4.820759792474933,78.00733750856602,240,0.0,0.4236157981541369,0.9896522063269365,6.477796384081439,36.28410081573602,3.5399873560368658,39.60280992271628,48,0.0,0.2763132449347845,0.5955892428716315,2.5793791226891902,76.38623414417748,5.14095290158445,84.78271545589742,192,0.0,0.460441436458975,1.0881679471907628,7.003536748869171,219840,181440,38160,38400,33120,214560,4291200,33120,38160,0.9999737945492663,0.435377358490566,0.9999737945492663,0.0,4.599265438830598,4.599265438830598,0,30.421547346569877,-0.9780972001151994,0.9780972001151994,1.6968371943166194,0.9993400592533783,1.9774372593685783,,,,,
repetitions/pilot/d020_n4_M003_sample_ball_rep00.npz,20,4,3,sample_ball,sample_ball,1.0,0,all,0.11225049989297986,0.5452552894424699,1.8618429574579145,0.39164323854957805,2.043012253374315,240,0.0,-0.26842254259481385,0.2724072894145995,0.5764889960115505,2.010085140226053,0.3889971025247949,2.1817704986351867,48,0.0,-0.2042159351810822,0.2136522201058293,0.5452552894424699,1.8251094810012278,0.39230477255577384,2.007672057539453,192,0.0,-0.28447419444824673,0.2870960567417921,0.5825569155067756,219840,181440,38160,38400,33120,214560,4291200,33120,38160,0.9999213836477987,0.42541928721174005,0.42541928721174005,0.42541928721174005,3.2481541233368456,1.7220591815136734,0,6.300900915052855,-1.5663953576975165,1.5663953576975165,1.6138866024279022,0.3929711811384634,1.9593665388359798,,,,,
repetitions/pilot/d020_n4_M003_sample_ball_rep01.npz,20,4,3,sample_ball,sample_ball,1.0,1,all,0.11287089996039867,0.5731221380990845,1.7961119710938198,0.38504708627532863,1.9692696670218222,240,0.0,-0.2665205643418812,0.27386209380442966,0.5809376145318693,1.9142729552961566,0.3817378265965336,2.0750509906369965,48,0.0,-0.22560115630183697,0.23709058340328784,0.5731221380990845,1.7670794739482383,0.3858744011950274,1.9425636942677553,192,0.0,-0.2767504163518922,0.2830549714047152,0.582493816709401,219840,181440,38160,38400,33120,214560,4291200,33120,38160,0.9999737945492663,0.4294287211740042,0.4294287211740042,0.4294287211740042,3.244222258980559,1.7119175750983093,0,6.350942160908777,-1.5726799204588324,1.5726799204588324,1.6253029749823535,0.40475733890974525,1.9774372593685783,,,,,
repetitions/pilot/d020_n4_M003_sample_box_rep00.npz,20,4,3,sample_box,sample_box,1.0,0,all,0.11686920002102852,0.48868760455233884,2.4818896541862805,0.5036900117457388,2.73858335259087,240,0.0,-0.1854403793978429,0.21050287414933957,0.4722226959918305,2.809546169428428,0.5132349019333154,3.0602775434054355,48,0.0,-0.14506789083217428,0.1968757363772122,0.48868760455233884,2.3980580737921597,0.5013037891988446,2.6541110626726163,192,0.0,-0.19553350153926016,0.21390965859237143,0.46884793508383854,219840,181440,38160,38400,33120,214560,4291200,33120,38160,0.9999213836477987,0.4307651991614256,0.9999213836477987,0.9999213836477987,3.473435361403364,3.473435361403364,0,4.65094166859703,-1.2322483358539986,1.2322483358539986,1.3516682456901092,0.7271182029819812,1.9593665388359798,,,,,
repetitions/pilot/d020_n4_M003_sample_box_rep01.npz,20,4,3,sample_box,sample_box,1.0,1,all,0.1314560999162495,0.4827957193123946,2.360496993552643,0.48102417483869886,2.6046575275476154,240,0.0,-0.17649761116993334,0.20158461557138838,0.44855798187688983,2.0345101677834867,0.4131849041468474,2.211391301500295,48,0.0,-0.173628010221295,0.19275721883026198,0.4827957193123946,2.4310498145624186,0.49798399251166175,2.691977116829306,192,0.0,-0.17721501140709295,0.2037914647566699,0.44136531104426135,219840,181440,38160,38400,33120,214560,4291200,33120,38160,0.999895178197065,0.4345911949685535,0.999895178197065,0.999895178197065,3.4702959071545,3.4702959071545,0,4.692672955818661,-1.232050249090242,1.232050249090242,1.364980633708441,0.7453870102783359,1.9774372593685783,,,,,
repetitions/pilot/d020_n4_M003_shrink_c0p1_rep00.npz,20,4,3,shrink_c0.1,shrink,0.1,0,all,0.12074150005355477,0.713671605455829,0.8454518470357378,0.20533914778254053,0.868665082930398,240,0.0,-0.37361241139192086,0.3736322041697575,0.7338318475236965,0.8428872460600346,0.204622953793099,0.8655228522723155,48,0.0,-0.31832205682239056,0.3184210207115738,0.713671605455829,0.8460558457092393,0.2055181962799009,0.8694306701815886,192,0.0,-0.3874350000343034,0.3874350000343034,0.7378123288659975,219840,181440,38160,38400,33120,214560,4291200,33120,38160,0.999895178197065,0.4105083857442348,1.0,1.0,3.120027768231506,4.009355084147209,0,7.933107388536636,-1.880473520976021,1.880473520976021,1.8816111758391973,0.0788930178599587,1.9593665388359798,,,,,
repetitions/pilot/d020_n4_M003_shrink_c0p1_rep01.npz,20,4,3,shrink_c0.1,shrink,0.1,1,all,0.11632590019144118,0.7129705004313143,0.8485415814150761,0.20501025087355926,0.8725713051005182,240,0.0,-0.3723033170021364,0.37233145847879595,0.7326650332889632,0.855861444430476,0.20351069148985537,0.8806813017447447,48,0.0,-0.32054253756585854,0.32054253756585854,0.7129705004313143,0.8468051917647567,0.2053851407194852,0.8705794194813137,192,0.0,-0.3852435118612059,0.3852786887070303,0.7365549538181511,219840,181440,38160,38400,33120,214560,4291200,33120,38160,0.9999475890985325,0.41464884696016774,1.0,1.0,3.1234100123446282,4.0149439881830995,0,8.02418022869418,-1.8966298610189054,1.8966298610189054,1.8976720265965454,0.08080739834967217,1.9774372593685783,,,,,
repetitions/pilot/d020_n4_M003_shrink_c0p25_rep00.npz,20,4,3,shrink_c0.25,shrink,0.25,0,all,0.12477659992873669,0.6727965541920397,0.9984819495923309,0.2352177911237458,1.054645913973357,240,0.0,-0.3529879662631835,0.3530100270162901,0.6972149478571428,1.0193918845729264,0.23122097963448235,1.0732776925970053,48,0.0,-0.2969307489355808,0.29703513025148437,0.6727965541920397,0.9934839608711757,0.23621699399606166,1.0500459333928003,192,0.0,-0.36700227059508417,0.36700375120749157,0.7020142214890617,219840,181440,38160,38400,33120,214560,4291200,33120,38160,0.9998689727463312,0.4163784067085954,1.0,1.0,3.155294883143894,2.815129459683502,0,7.177416494093188,-1.7588270387261498,1.7588270387261498,1.768704478524854,0.20053950010983032,1.9593665388359798,,,,,
repetitions/pilot/d020_n4_M003_shrink_c0p25_rep01.npz,20,4,3,shrink_c0.25,shrink,0.25,1,all,0.11494539980776608,0.6804602764378075,0.9728578556084512,0.22937574676775174,1.024099265941948,240,0.0,-0.352949291065573,0.352949291065573,0.7022257140865796,0.9928795174490753,0.22891861112346978,1.042268440145263,48,0.0,-0.3024432685500822,0.3024432685500822,0.6804602764378075,0.9680732518351487,0.22949003067882223,1.0196132878195063,192,0.0,-0.3655757966944457,0.3655757966944457,0.7065139954042468,219840,181440,38160,38400,33120,214560,4291200,33120,38160,0.9999475890985325,0.42036163522012576,1.0,1.0,3.1565399351777583,2.818124389935411,0,7.250219502988806,-1.7721041484291633,1.7721041484291633,1.7828200424400782,0.2053331109394144,1.9774372593685783,,,,,
repetitions/pilot/d020_n4_M003_shrink_c0p5_rep00.npz,20,4,3,shrink_c0.5,shrink,0.5,0,all,0.11958539998158813,0.5973809174052253,2.868971363049936,0.48965480658381544,3.1626266087391772,240,0.0,-0.28730547760788266,0.29714264954444,0.6197834682014735,2.9051855969809113,0.47940240327946015,3.1613667188858963,48,0.0,-0.22790988282024957,0.24174266440561687,0.5973809174052253,2.8603595525811767,0.4922179074099043,3.1629341894640604,192,0.0,-0.3021543763047909,0.3109926458291457,0.6241835515034585,219840,181440,38160,38400,33120,214560,4291200,33120,38160,0.9998689727463312,0.4234538784067086,1.0,1.0,3.33188884052172,1.3080644274661632,0,6.313125407869211,-1.54273234170203,1.54273234170203,1.6176274982665813,0.4166341971339497,1.9593665388359798,,,,,
repetitions/pilot/d020_n4_M003_shrink_c0p5_rep01.npz,20,4,3,shrink_c0.5,shrink,0.5,1,all,0.13638250017538667,0.6131103960619791,2.641544344123301,0.46771943225988477,2.90812407180392,240,0.0,-0.29253768879404757,0.30434773138098614,0.6508063529684049,2.5495720721266775,0.4415397543400276,2.7708910665478665,48,0.0,-0.24192809758882117,0.26177353529967856,0.6131103960619791,2.6627825528545346,0.47426435173984915,2.940662755239401,192,0.0,-0.3051900865953541,0.3149912804013131,0.6581130883759465,219840,181440,38160,38400,33120,214560,4291200,33120,38160,0.9999475890985325,0.42777777777777776,1.0,1.0,3.3081492700396784,1.303377120313367,0,6.375083487466056,-1.5509307598561604,1.5509307598561604,1.6314703538049558,0.4265064995124175,1.9774372593685783,,,,,
repetitions/pilot/d020_n4_M003_shrink_c0p75_rep00.npz,20,4,3,shrink_c0.75,shrink,0.75,0,all,0.12619700003415346,1.259988291658737,14.181773690452195,1.5300458168579942,15.691341427502662,240,0.0,-0.1163924128610763,0.37307134539795617,1.1573318318498935,13.457761966985226,1.4827249905070343,14.684269406189548,48,0.0,-0.033937437703479435,0.36909551501784255,1.259988291658737,14.347281857443598,1.5418760234457343,15.927591802306901,192,0.0,-0.1370061566504755,0.37406530299298457,1.1356072719240702,219840,181440,38160,38400,33120,214560,4291200,33120,38160,0.9999213836477987,0.4279350104821803,1.0,1.0,3.9058872832510816,0.36715779038854907,0,7.18895068401847,-1.2960506335360558,1.2960506335360558,1.5714290698759485,0.6633159052999241,1.9593665388359798,,,,,
repetitions/pilot/d020_n4_M003_shrink_c0p75_rep01.npz,20,4,3,shrink_c0.75,shrink,0.75,1,all,0.11728999996557832,0.851867215759577,13.079722669265312,1.4281039704316758,14.469042811242678,240,0.0,-0.12181433792962815,0.3806806671567055,1.2314102507013753,10.154472303592476,1.2227543266899028,11.081471898257934,48,0.0,-0.09397562833490809,0.3049976810415935,0.851867215759577,13.67903769173855,1.4794413813671192,15.181869829410724,192,0.0,-0.12877401532830815,0.39960141368548346,1.2942530816771254,219840,181440,38160,38400,33120,214560,4291200,33120,38160,0.9999737945492663,0.43254716981132074,1.0,1.0,3.686594782927511,0.353810106880722,0,6.976170796811835,-1.2987897908494124,1.2987897908494124,1.5835060434281834,0.6786474685191655,1.9774372593685783,,,,,
repetitions/pilot/d020_n4_M003_z_only_box_rep00.npz,20,4,3,z_only_box,z_only_box,1.0,0,all,0.10899149999022484,0.5235030089009977,2.6076672804817265,0.5173276338165409,2.8780239742908855,240,0.0,-0.18093534220980143,0.21411118409849764,0.47904858346939605,3.216600254217048,0.5552287470199868,3.504727408900124,48,0.0,-0.13014243394356387,0.21130095735855767,0.5235030089009977,2.4419440706162514,0.5078523555156794,2.7030030192757883,192,0.0,-0.1936335692763608,0.21481374078348262,0.4696181617708358,219840,181440,38160,38400,33120,214560,4291200,33120,38160,0.9999213836477987,0.4307651991614256,0.9999213836477987,0.9999213836477987,3.475548954075385,3.4755148518799754,0,4.6581273488603445,-1.231423991917678,1.231423991917678,1.3524110146086525,0.7279425469183014,1.9593665388359798,,,,,
repetitions/pilot/d020_n4_M003_z_only_box_rep01.npz,20,4,3,z_only_box,z_only_box,1.0,1,all,0.11071770009584725,0.4889575409309186,2.7938224886040417,0.5164857707884729,3.085543809872772,240,0.0,-0.17297936928961213,0.20453325895165753,0.45497144084634483,2.201771263462659,0.43813238215777633,2.3945560432024564,48,0.0,-0.16760030190578057,0.19744970350490165,0.4889575409309186,2.9160449028765503,0.536074117946147,3.231913345289333,192,0.0,-0.17432413613557005,0.20630414781334652,0.44783852060032364,219840,181440,38160,38400,33120,214560,4291200,33120,38160,0.999895178197065,0.4345911949685535,0.999895178197065,0.999895178197065,3.4827425909754766,3.4825828692972096,0,4.7146804637048945,-1.2305267934556336,1.2305267934556336,1.3665807839398092,0.7469104659129441,1.9774372593685783,,,,,
repetitions/pilot/d020_n4_M003_z_zero_rep00.npz,20,4,3,z_zero,z_zero,0.0,0,all,0.12047279998660088,0.7329471900363098,0.8379598700223241,0.20470725334748527,0.8563727121117012,240,0.0,-0.3832014212843792,0.3832240910178823,0.7509759079709948,0.8434924963517791,0.20643607544523251,0.8631254208107544,48,0.0,-0.3281044571836915,0.3281997885421637,0.7329471900363098,0.8366490804367448,0.20427504782304845,0.8547156398095653,192,0.0,-0.39697566230955106,0.39698016663681185,0.7545429899100137,219840,181440,38160,38400,33120,214560,4291200,33120,38160,0.9998689727463312,0.40841194968553457,1.0,1.0,3.1139063407986924,4.9373279169691076,0,8.520855827247974,-1.9593665388359798,1.9593665388359798,1.9593665388359798,0.0,1.9593665388359798,,,,,
repetitions/pilot/d020_n4_M003_z_zero_rep01.npz,20,4,3,z_zero,z_zero,0.0,1,all,0.11035129986703396,0.7289086750338152,0.846819662512603,0.20523534042183314,0.86702740760119,240,0.0,-0.38235419979760593,0.38240525521015223,0.7507806177434465,0.8432096662058891,0.2027006420229788,0.8634534208476078,48,0.0,-0.32841679658947126,0.32841679658947126,0.7289086750338152,0.8476692199721283,0.2058690150215467,0.8678979162965861,192,0.0,-0.3958385505996396,0.3959023698653225,0.7550947347895535,219840,181440,38160,38400,33120,214560,4291200,33120,38160,0.9999475890985325,0.412604821802935,1.0,1.0,3.1181597705059745,4.9449953839597525,0,8.628993657934029,-1.9774372593685783,1.9774372593685783,1.9774372593685783,0.0,1.9774372593685783,,,,,
repetitions/pilot/d020_n4_M004_batch_box_rep00.npz,20,4,4,batch_box,batch_box,1.0,0,all,0.3789347999263555,0.6125512350416566,0.8657741181704038,0.20016933779156923,0.9084076131093648,240,0.0,-0.32166022569717173,0.32166732400049397,0.643789035559286,0.8147313455130536,0.19015601072181926,0.8480973733421175,48,0.0,-0.2693423043159942,0.26937779583260546,0.6125512350416566,0.8773850645758092,0.20267266955900673,0.9225362279946372,192,0.0,-0.3347397060424661,0.3347397060424661,0.6498786257078344,635760,552960,82560,82800,73920,626880,12537600,73920,82560,0.9995881782945737,0.39106104651162793,0.9995881782945737,0.9999273255813953,2.251173800312361,2.251173800312361,0,6.805397056532297,-1.7049464001979655,1.7049464001979655,1.7203111716443438,0.25239520914706054,1.9573416093450262,0.5004946624391603,0.3445,0.1515,0.9995,0.7386006289308176
repetitions/pilot/d020_n4_M004_batch_box_rep01.npz,20,4,4,batch_box,batch_box,1.0,1,all,0.34572250000201166,0.6354569687671741,0.8553000819116071,0.1999882977625338,0.8945288313273744,240,0.0,-0.32524983783794803,0.32524983783794803,0.6537824246973133,0.8423567003195457,0.19347460074334352,0.8765569421813517,48,0.0,-0.2751633635590007,0.2751633635590007,0.6354569687671741,0.8583256863326661,0.20161672201733136,0.8988628655873331,192,0.0,-0.33777145640768486,0.33777145640768486,0.6573994244991649,635760,552960,82560,82800,73920,626880,12537600,73920,82560,0.9996002906976744,0.38897771317829455,0.9996002906976744,0.9998667635658914,2.213190609632082,2.213190609632082,0,6.764130800893955,-1.6919611141427169,1.6919611141427169,1.7063604660332727,0.24830547048296034,1.9402665846256772,0.5082399740100954,0.3535,0.1525,0.9995,0.727122641509434
repetitions/pilot/d020_n4_M004_box_factor_a0p25_rep00.npz,20,4,4,box_factor_a0.25,box_factor,0.25,0,all,0.379238200141117,0.6312416633546856,0.7474294174316142,0.17983534969054762,0.7661984094852644,240,0.0,-0.3321038338004228,0.33210965394180525,0.6578686858900528,0.7481583737293304,0.17823742429138784,0.7686017929899933,48,0.0,-0.28014052566405206,0.2801696263709639,0.6312416633546856,0.7472573123446232,0.18023483104033758,0.7656103726413832,192,0.0,-0.34509466083451557,0.34509466083451557,0.6630848137560842,635760,552960,82560,82800,73920,626880,12537600,73920,82560,0.9995518410852713,0.3871487403100775,0.9998304263565891,0.9998304263565891,2.2387557428266676,3.318978446159569,0,6.9840192292746055,-1.7327211449815616,1.7327211449815616,1.7431179770341256,0.2246204643634646,1.9573416093450262,,,,,
repetitions/pilot/d020_n4_M004_box_factor_a0p25_rep01.npz,20,4,4,box_factor_a0.25,box_factor,0.25,1,all,0.35558170010335743,0.6463573669929739,0.7431785422586062,0.179202294948647,0.7594772656827622,240,0.0,-0.3358693681585544,0.3358693681585544,0.6661921614699792,0.7531646732913453,0.1805010243263094,0.7720083317515847,48,0.0,-0.28620462701452004,0.28620462701452004,0.6463573669929739,0.7408026290558468,0.1788776126042314,0.7563857236451085,192,0.0,-0.348285553444563,0.348285553444563,0.6701029477605097,635760,552960,82560,82800,73920,626880,12537600,73920,82560,0.9995760658914729,0.38498062015503876,0.9998062015503876,0.9998062015503876,2.200075269976893,3.265488025156266,0,6.936609362074883,-1.7192846118022094,1.7192846118022094,1.7283046531571324,0.22098197282346796,1.9402665846256772,,,,,
repetitions/pilot/d020_n4_M004_box_factor_a0p5_rep00.npz,20,4,4,box_factor_a0.5,box_factor,0.5,0,all,0.3853273999411613,0.5438616384766722,0.9203069977276762,0.20922025267816066,0.9824133308152432,240,0.0,-0.2811271393443213,0.2811343824745832,0.5687184027116806,0.8368869899615942,0.19481521800389068,0.88213931754845,48,0.0,-0.2354836827841534,0.23551989843546306,0.5438616384766722,0.938910309454908,0.21282151134672814,1.0053814624368722,192,0.0,-0.2925380034843634,0.2925380034843634,0.5735782209062593,635760,552960,82560,82800,73920,626880,12537600,73920,82560,0.9996124031007751,0.3952640503875969,0.9997698643410853,0.9997698643410853,2.2794333512453604,2.9344077485041757,0,5.895039629031888,-1.5377166734691101,1.5377166734691101,1.5753581708364297,0.41962493587591554,1.9573416093450262,,,,,
repetitions/pilot/d020_n4_M004_box_factor_a0p5_rep01.npz,20,4,4,box_factor_a0.5,box_factor,0.5,1,all,0.3531430000439286,0.5819574378117163,0.8859691912314523,0.20482940664352436,0.9406532413130831,240,0.0,-0.28946699933288433,0.2894975535097799,0.5851655872566907,0.8635570125355736,0.1951142466810388,0.9077411507958947,48,0.0,-0.2498231856454207,0.24984149343397774,0.5819574378117163,0.8911752884465138,0.20725819663414574,0.9485166935773763,192,0.0,-0.29937795275475027,0.2994115685287304,0.5858074577144157,635760,552960,82560,82800,73920,626880,12537600,73920,82560,0.9996366279069767,0.39278100775193797,0.9997577519379846,0.9997577519379846,2.238587185370986,2.883984753088677,0,5.849168797841204,-1.5272869460983536,1.5272869460983536,1.5595679456112226,0.4129796385273237,1.9402665846256772,,,,,
repetitions/pilot/d020_n4_M004_box_factor_a0p75_rep00.npz,20,4,4,box_factor_a0.75,box_factor,0.75,0,all,0.32691500009968877,0.4611275909271928,1.3386212530663946,0.2816968646635056,1.4639351644519434,240,0.0,-0.2275137510001572,0.23030307313142948,0.4858127182740101,1.045209434973447,0.22998979838978795,1.1232201334742198,48,0.0,-0.18952954592587337,0.18993147745609265,0.4611275909271928,1.3989083901401627,0.29462363123193486,1.5356948086280886,192,0.0,-0.23700980226872814,0.24039597205026367,0.4906182284196943,635760,552960,82560,82800,73920,626880,12537600,73920,82560,0.9996487403100776,0.40056928294573646,0.999733527131783,0.999733527131783,2.3424953592445728,2.643110975088039,0,5.12269027546844,-1.3679148990184857,1.3679148990184857,1.4462543359761308,0.5894267103265404,1.9573416093450262,,,,,
repetitions/pilot/d020_n4_M004_box_factor_a0p75_rep01.npz,20,4,4,box_factor_a0.75,box_factor,0.75,1,all,0.37460619979538023,0.5321668158640895,1.3102235189398976,0.27912373348397146,1.4305671344213489,240,0.0,-0.23828079935409713,0.2392051018439497,0.5054049956179204,1.2067453449080006,0.2493953070944188,1.2968304609140904,48,0.0,-0.21266223196677814,0.21375543702572478,0.5321668158640895,1.3334694033380223,0.2865558400813596,1.4613667137314654,192,0.0,-0.24468544120092692,0.24556751804850596,0.49986031961984184,635760,552960,82560,82800,73920,626880,12537600,73920,82560,0.9996366279069767,0.3983890503875969,0.9996971899224806,0.9996971899224806,2.2992013149681516,2.595167542183154,0,5.075982937675534,-1.3598288075517977,1.3598288075517977,1.428410197646923,0.5804377770738794,1.9402665846256772,,,,,
repetitions/pilot/d020_n4_M004_box_factor_a1p25_rep00.npz,20,4,4,box_factor_a1.25,box_factor,1.25,0,all,0.36089070001617074,0.37143822043014996,2.707296192024992,0.5333155102201392,2.991418239780406,240,0.0,-0.10863400529227822,0.15978931605812335,0.39539400517430867,1.7353152158556713,0.35776923198682964,1.8877945722709388,48,0.0,-0.10164805361119121,0.13378340231721428,0.37143822043014996,2.8893495756201055,0.5772020797784665,3.2036729005099587,192,0.0,-0.11038049321254996,0.16629079449335066,0.4000299170019572,635760,552960,82560,82800,73920,626880,12537600,73920,82560,0.9997456395348837,0.4072674418604651,0.9997214147286821,0.9997214147286821,2.5164527283185283,2.2585620986238752,0,4.286464176068467,-1.0899481344071058,1.0899481344071058,1.2824391436608267,0.8673934749379203,1.9573416093450262,,,,,
repetitions/pilot/d020_n4_M004_box_factor_a1p25_rep01.npz,20,4,4,box_factor_a1.25,box_factor,1.25,1,all,0.36176180001348257,0.5160350772585568,2.7644538169894695,0.5387789377546665,3.0545435221102424,240,0.0,-0.12469663821871312,0.16960087793369968,0.40477449480848954,2.4879780399799936,0.4629480921887022,2.7072074159805144,48,0.0,-0.1306163196196969,0.18735866930315778,0.5160350772585568,2.825748174312352,0.5577366491461574,3.133517496407224,192,0.0,-0.12321671786846715,0.16516143009133516,0.37851965771788737,635760,552960,82560,82800,73920,626880,12537600,73920,82560,0.9996608527131783,0.4047359496124031,0.9996487403100776,0.9996487403100776,2.468766131036697,2.215359926799337,0,4.232870435927065,-1.0857228165387516,1.0857228165387516,1.2638111450468807,0.8545437680869254,1.9402665846256772,,,,,
repetitions/pilot/d020_n4_M004_box_factor_a1p5_rep00.npz,20,4,4,box_factor_a1.5,box_factor,1.5,0,all,0.3656848999671638,0.37796707453294986,3.5754082974299495,0.6980152218298095,3.9531366736769367,240,0.0,-0.04186281675026867,0.16586751112941747,0.4302401664500601,2.1872645027788455,0.44201075970128206,2.3825377572946675,48,0.0,-0.05679196921972623,0.1353353429106552,0.37796707453294986,3.8302810500650266,0.7620163373619413,4.2493777731116795,192,0.0,-0.03813052863290429,0.17350055318410806,0.4399853976494168,635760,552960,82560,82800,73920,626880,12537600,73920,82560,0.9997577519379846,0.40892684108527133,0.9997214147286821,0.9997214147286821,2.6189931103330757,2.1381288728917425,0,4.135110178782841,-0.9765539944941573,0.9765539944941573,1.244267421421334,0.9807876148508691,1.9573416093450262,,,,,
repetitions/pilot/d020_n4_M004_box_factor_a1p5_rep01.npz,20,4,4,box_factor_a1.5,box_factor,1.5,1,all,0.35464769997633994,0.5764733768490871,3.6685526323141793,0.7020574400561337,4.056446636600671,240,0.0,-0.06327635303289277,0.1668537940562778,0.4280023648543325,3.3016212632408566,0.5972890100697879,3.5961992036115356,48,0.0,-0.08514670726103064,0.19571564545939416,0.5764733768490871,3.7499003899508443,0.7282495475527201,4.161109944338311,192,0.0,-0.05780876447585829,0.15963833120549872,0.3914706972306224,635760,552960,82560,82800,73920,626880,12537600,73920,82560,0.9996729651162791,0.4062378875968992,0.9996124031007751,0.9996124031007751,2.5699598272254565,2.097902621762071,0,4.0764750784630674,-0.9742192938142555,0.9742192938142555,1.2252160824734735,0.9660472908114215,1.9402665846256772,,,,,
repetitions/pilot/d020_n4_M004_box_factor_a2_rep00.npz,20,4,4,box_factor_a2,box_factor,2.0,0,all,0.38363070017658174,0.5058926376787535,5.483280003614393,1.0566215115214632,6.062696379901928,240,0.0,0.09890631050782354,0.2505969185121117,0.6545661258652327,3.2200300561628334,0.6323919662493753,3.508977135657124,48,0.0,0.03898542314037438,0.184183585727456,0.5058926376787535,5.891872356925115,1.1626788978394853,6.536451610344263,192,0.0,0.11388653234968582,0.2672002517082756,0.6805068031907936,635760,552960,82560,82800,73920,626880,12537600,73920,82560,0.999781976744186,0.41114341085271316,0.9997093023255814,0.9997093023255814,2.837207840792176,1.9931015228835764,0,4.202770776902773,-0.7909546370708128,0.7909546370708128,1.2364001829127829,1.1663869722742133,1.9573416093450262,,,,,
repetitions/pilot/d020_n4_M004_box_factor_a2_rep01.npz,20,4,4,box_factor_a2,box_factor,2.0,1,all,0.3715133999940008,0.7920934559218846,5.569128155424291,1.0537464868726083,6.158430294958203,240,0.0,0.0685711416006233,0.22640573414482168,0.630517180170216,5.0879540781568595,0.8867654257484242,5.544718439105472,48,0.0,0.016007466324847546,0.23887468244206755,0.7920934559218846,5.6767198657667315,1.0954917521536545,6.299218196000536,192,0.0,0.08171206041956723,0.22328849707051024,0.5927992462302261,635760,552960,82560,82800,73920,626880,12537600,73920,82560,0.9996971899224806,0.40816375968992247,0.9996124031007751,0.9996124031007751,2.7901202595384014,1.962660999554405,0,4.129979231428939,-0.7926356290530694,0.7926356290530694,1.2158970698620357,1.1476309555726074,1.9402665846256772,,,,,
repetitions/pilot/d020_n4_M004_f_zero_rep00.npz,20,4,4,f_zero,f_zero,0.0,0,all,0.025051699951291084,0.7264528437844111,0.7745876699815042,0.18783610198539957,0.7797748204132191,240,0.0,-0.38287002145440946,0.38287436326254076,0.7511766829140167,0.7855801128868941,0.1891032188769738,0.7964453507407081,48,0.0,-0.32669607145213114,0.3267177804927874,0.7264528437844111,0.7719711167547337,0.18751932276250602,0.775649558145174,192,0.0,-0.39691350895497907,0.39691350895497907,0.7560421910592028,61680,61440,0,240,0,61440,1228800,0,0,0.0,0.0,0.0,0.0,0.0,0.0,0,,,,,,,,,,,
repetitions/pilot/d020_n4_M004_f_zero_rep01.npz,20,4,4,f_zero,f_zero,0.0,1,all,0.026587000116705894,0.726184529827498,0.7744266105542813,0.18855013722867672,0.7795638363933272,240,0.0,-0.3824973192725822,0.3824973192725822,0.7512450882897244,0.7827949505964402,0.1901113888886748,0.7932163018105378,48,0.0,-0.3260788817715315,0.3260788817715315,0.726184529827498,0.7724388335045203,0.1881598243136772,0.7761935142896906,192,0.0,-0.3966019286478448,0.3966019286478448,0.7561755336647059,61680,61440,0,240,0,61440,1228800,0,0,0.0,0.0,0.0,0.0,0.0,0.0,0,,,,,,,,,,,
repetitions/pilot/d020_n4_M004_raw_rep00.npz,20,4,4,raw,raw,1.0,0,all,0.376325799850747,1.7561641652548297,26.168823890745188,2.337187809261601,28.950765321817627,240,0.0,0.05283172266093294,0.48575081382392166,2.34064011825049,7.706314044060652,0.906225698931915,8.379289263732458,48,0.0,-0.25284458431133466,0.342221736586352,1.7561641652548297,28.850975318509775,2.6949283368440224,32.02610518170259,192,0.0,0.1292507994039998,0.5216330831333139,2.4411580811150255,635760,552960,82560,82800,73920,626880,12537600,73920,82560,0.9997577519379846,0.40564437984496127,0.9997577519379846,0.0,3.201863624647034,3.201863624647034,0,8.304706107707439,-1.0615028087921163,1.0615028087921163,1.5334311452468603,0.8958388005529103,1.9573416093450262,,,,,
repetitions/pilot/d020_n4_M004_raw_rep01.npz,20,4,4,raw,raw,1.0,1,all,0.31397589994594455,1.4916316396755032,45.56804491690715,3.762987849243729,50.37731125615433,240,0.0,0.47667001820879573,0.860200494899313,5.676362948512105,17.126167273040664,1.750629653287072,18.688784406068216,48,0.0,0.11018083456394993,0.41748730355389596,1.4916316396755032,49.971882452093276,4.266077398232892,55.42847787289463,192,0.0,0.568292314120007,0.9708787927356674,6.184041489085146,635760,552960,82560,82800,73920,626880,12537600,73920,82560,0.9997093023255814,0.4035125968992248,0.9997093023255814,0.0,3.020517162721156,3.020517162721156,0,13.964169980949451,-1.0353796313205506,1.0353796313205506,1.536528812398752,0.9048869533051265,1.9402665846256772,,,,,
repetitions/pilot/d020_n4_M004_sample_ball_rep00.npz,20,4,4,sample_ball,sample_ball,1.0,0,all,0.3670751000754535,0.5298700866533982,1.5030792739000165,0.32218078939799627,1.6451923236963024,240,0.0,-0.23802105993546807,0.24162110105139392,0.5264190848353396,1.229562857603194,0.25726469098202037,1.3223149799144582,48,0.0,-0.2110306354922277,0.21140320114253308,0.5298700866533982,1.5606427850452185,0.33840981400199016,1.7148264032699108,192,0.0,-0.24476866604627814,0.2491755760286091,0.5257236179975628,635760,552960,82560,82800,73920,626880,12537600,73920,82560,0.9997093023255814,0.39778343023255813,0.39778343023255813,0.39778343023255813,2.3048965785772806,1.0728474248419348,0,5.985850678658765,-1.507929300820115,1.507929300820115,1.5678364646861485,0.4494123085249114,1.9573416093450262,,,,,
repetitions/pilot/d020_n4_M004_sample_ball_rep01.npz,20,4,4,sample_ball,sample_ball,1.0,1,all,0.348992699990049,0.6114532284583684,1.5669967318126974,0.3287259973391474,1.7134475142349572,240,0.0,-0.255500853123583,0.26197106888056365,0.5719202272495507,1.3526122761554877,0.29023681083118286,1.4523909321537403,48,0.0,-0.22334497652421645,0.2282272503029156,0.6114532284583684,1.6134335642965387,0.33834829396613864,1.7713608610859573,192,0.0,-0.2635398222734246,0.2704070235249757,0.5636505135749599,635760,552960,82560,82800,73920,626880,12537600,73920,82560,0.9996729651162791,0.3959665697674419,0.3959665697674419,0.3959665697674419,2.2658908719388036,1.0516686767831542,0,5.948830259593937,-1.4967920293161567,1.4967920293161567,1.5516499963286081,0.4434745553095205,1.9402665846256772,,,,,
repetitions/pilot/d020_n4_M004_sample_box_rep00.npz,20,4,4,sample_box,sample_box,1.0,0,all,0.37792910006828606,0.40250682346043226,1.9578087174250682,0.392155632549893,2.158235702534807,240,0.0,-0.17010443670952302,0.18666519967634407,0.4221684192124922,1.3528496478652638,0.284760742212283,1.466608097267743,48,0.0,-0.14495751411722438,0.152814366574099,0.40250682346043226,2.0749915858362775,0.4190043551342955,2.2956883096901115,192,0.0,-0.17639116735759766,0.19512790795190535,0.426005842335503,635760,552960,82560,82800,73920,626880,12537600,73920,82560,0.999733527131783,0.4047843992248062,0.999733527131783,0.999733527131783,2.4230164070930544,2.4230164070930544,0,4.602667026262184,-1.2195590620955612,1.2195590620955612,1.3491620484992193,0.737782547249465,1.9573416093450262,,,,,
repetitions/pilot/d020_n4_M004_sample_box_rep01.npz,20,4,4,sample_box,sample_box,1.0,1,all,0.3467164998874068,0.5033419271043077,1.964392121168013,0.39493464038454296,2.164819832897935,240,0.0,-0.1825189913974151,0.1955534774341777,0.4385685473037011,1.775377331089793,0.34397612927203197,1.9259466713711944,48,0.0,-0.17198749525567356,0.19130065848479108,0.5033419271043077,2.0063964775182486,0.4076742681626707,2.219248649056601,192,0.0,-0.18515186543285042,0.19661668217152437,0.42437646503411286,635760,552960,82560,82800,73920,626880,12537600,73920,82560,0.9996608527131783,0.40207122093023256,0.9996608527131783,0.9996608527131783,2.3773203332098514,2.3773203332098514,0,4.553265985892366,-1.213553067292025,1.213553067292025,1.3307726023558857,0.7267135173336523,1.9402665846256772,,,,,
repetitions/pilot/d020_n4_M004_shrink_c0p1_rep00.npz,20,4,4,shrink_c0.1,shrink,0.1,0,all,0.40063340007327497,0.7071353347546135,0.7626880649210906,0.18487296999508432,0.7696023287957973,240,0.0,-0.37164690111197923,0.37165183013391145,0.7312703526687233,0.7754426528687787,0.18608408805117846,0.7878974012037577,48,0.0,-0.3162557840092312,0.31628042911889237,0.7071353347546135,0.7596473212039166,0.1845701904810608,0.7650683332312723,192,0.0,-0.38549468038766627,0.38549468038766627,0.736019723653582,635760,552960,82560,82800,73920,626880,12537600,73920,82560,0.9994791666666667,0.38240067829457364,1.0,1.0,2.227292674813862,3.1112154099973877,0,7.880757071602302,-1.8778779357204651,1.8778779357204651,1.8786893793930475,0.07946367362456114,1.9573416093450262,,,,,
repetitions/pilot/d020_n4_M004_shrink_c0p1_rep01.npz,20,4,4,shrink_c0.1,shrink,0.1,1,all,0.33780759992077947,0.7154554536799546,0.76256793595836,0.1850058654959464,0.7688431996707947,240,0.0,-0.3722969396360873,0.3722969396360873,0.7341221499333895,0.7748633140875286,0.18780533075648506,0.7857708238108704,48,0.0,-0.31842045754545883,0.31842045754545883,0.7154554536799546,0.7596377530186261,0.18430599918081172,0.7646526581291958,192,0.0,-0.3857660601587443,0.3857660601587443,0.7378122956876288,635760,552960,82560,82800,73920,626880,12537600,73920,82560,0.9994549418604651,0.3801235465116279,1.0,1.0,2.1893366541468886,3.06347841995708,0,7.83375066975718,-1.8619031932096133,1.8619031932096133,1.8626778609789403,0.07836339141606388,1.9402665846256772,,,,,
repetitions/pilot/d020_n4_M004_shrink_c0p25_rep00.npz,20,4,4,shrink_c0.25,shrink,0.25,0,all,0.3843612000346184,0.6720211083637001,0.797731535055989,0.1915436041697586,0.8188904468848761,240,0.0,-0.35102278471116827,0.35102859268952064,0.6963012315809375,0.814988812139267,0.19014822149244354,0.8396913389854677,48,0.0,-0.29690458052247676,0.2969336204142387,0.6720211083637001,0.7936048642728823,0.19189244983908738,0.8137302326924186,192,0.0,-0.36455233575834106,0.36455233575834106,0.7010737695510503,635760,552960,82560,82800,73920,626880,12537600,73920,82560,0.9995760658914729,0.3872819767441861,1.0,1.0,2.2423648741775946,2.1766194394223297,0,7.109497115195357,-1.7562721420012182,1.7562721420012182,1.764214497773762,0.20106946734380818,1.9573416093450262,,,,,
repetitions/pilot/d020_n4_M004_shrink_c0p25_rep01.npz,20,4,4,shrink_c0.25,shrink,0.25,1,all,0.344139700056985,0.6953350352956065,0.7957901419777343,0.19084653559910914,0.8153040660363164,240,0.0,-0.35302186554096965,0.35302186554096965,0.7028520778274637,0.8028342959292629,0.19205690545968437,0.8218928336801067,48,0.0,-0.3033665308984987,0.3033665308984987,0.6953350352956065,0.794118922519203,0.19054394313396533,0.8136870267725826,192,0.0,-0.36543569920158747,0.36543569920158747,0.7043513430883918,635760,552960,82560,82800,73920,626880,12537600,73920,82560,0.999515503875969,0.38508963178294575,1.0,1.0,2.203676323077701,2.142765475256736,0,7.069909689176246,-1.7419716695797662,1.7419716695797662,1.749612787934478,0.19829491504591099,1.9402665846256772,,,,,
repetitions/pilot/d020_n4_M004_shrink_c0p5_rep00.npz,20,4,4,shrink_c0.5,shrink,0.5,0,all,0.3435953001026064,0.6105572202372628,1.569822547352452,0.3071173391693478,1.7121085425724407,240,0.0,-0.3002181754264313,0.3013578454658063,0.6289251966369479,1.2055659790414532,0.23812969636218478,1.2888577442298428,48,0.0,-0.2558662669126896,0.2583040644878623,0.6105572202372628,1.6440447305645547,0.3243642498711386,1.8004113039293415,192,0.0,-0.31130615255486677,0.31212129071029227,0.6325480162323945,635760,552960,82560,82800,73920,626880,12537600,73920,82560,0.9996124031007751,0.3953730620155039,1.0,1.0,2.3162291893779803,0.9945398007927575,0,6.1574735419766515,-1.5448732779815684,1.5448732779815684,1.6017066484092972,0.4124683313634579,1.9573416093450262,,,,,
repetitions/pilot/d020_n4_M004_shrink_c0p5_rep01.npz,20,4,4,shrink_c0.5,shrink,0.5,1,all,0.3595951001625508,0.6511384000290571,1.7898004651214012,0.33690728918012186,1.9586453327870819,240,0.0,-0.29641973286833534,0.300714022211421,0.6320354469644004,1.2960475480310374,0.2725960376183618,1.3860661791951785,48,0.0,-0.2620468976145122,0.2623240377325158,0.6511384000290571,1.887564245051364,0.35298510207056183,2.0745962348808473,192,0.0,-0.3050129416817911,0.31031151833114734,0.6281308049659182,635760,552960,82560,82800,73920,626880,12537600,73920,82560,0.9995881782945737,0.3933624031007752,1.0,1.0,2.2730748957870133,0.9781389444361468,0,6.125432609230175,-1.532900594037764,1.532900594037764,1.587475864985748,0.4073659905879131,1.9402665846256772,,,,,
repetitions/pilot/d020_n4_M004_shrink_c0p75_rep00.npz,20,4,4,shrink_c0.75,shrink,0.75,0,all,0.33903839997947216,0.662006301274198,6.018362627623122,0.799983887429194,6.654111042064135,240,0.0,-0.20029701117960216,0.2790736199572429,0.7270059818465293,2.4365674587828603,0.4096370733965364,2.6446283747503183,48,0.0,-0.21918631484992715,0.24428624080503414,0.662006301274198,6.585311734601836,0.8975705909373582,7.3062640471161915,192,0.0,-0.19557468526202096,0.28777046474529505,0.7393653538440582,635760,552960,82560,82800,73920,626880,12537600,73920,82560,0.9996850775193798,0.40159883720930234,1.0,1.0,2.5390337577923687,0.2654518903160031,0,5.838037469089302,-1.317282093258496,1.317282093258496,1.513363567755894,0.6400595160865303,1.9573416093450262,,,,,
repetitions/pilot/d020_n4_M004_shrink_c0p75_rep01.npz,20,4,4,shrink_c0.75,shrink,0.75,1,all,0.35424589994363487,0.6364985157297289,9.411122220441335,1.0623495920268706,10.4065838585932,240,0.0,-0.1272579652712408,0.34032475237237103,1.0820015148275908,4.131578702486128,0.6143200909037603,4.502668959390252,48,0.0,-0.16589744740077503,0.2267387030475557,0.6364985157297289,10.268392483890493,1.1743569673076482,11.392612768407977,192,0.0,-0.11759809473885724,0.3687212647035749,1.150829856935093,635760,552960,82560,82800,73920,626880,12537600,73920,82560,0.9996971899224806,0.3994307170542636,1.0,1.0,2.4705589303314297,0.2597168686380807,0,6.00614082259611,-1.3044109151124055,1.3044109151124055,1.5020505596077345,0.6358556695132717,1.9402665846256772,,,,,
repetitions/pilot/d020_n4_M004_z_only_box_rep00.npz,20,4,4,z_only_box,z_only_box,1.0,0,all,0.363318599993363,0.3901917811021104,2.046276941093448,0.4024482820557762,2.2566141462589027,240,0.0,-0.16539281116956772,0.18526828744431093,0.42146886903100683,1.4447485653004384,0.29787838406737976,1.5682294101593661,48,0.0,-0.13287136890515236,0.14747890020400276,0.3901917811021104,2.163965044868553,0.42859075655287526,2.3948403252639587,192,0.0,-0.17352317173567156,0.19471563425438798,0.42747156903806566,635760,552960,82560,82800,73920,626880,12537600,73920,82560,0.999733527131783,0.404796511627907,0.999733527131783,0.999733527131783,2.4247686610455323,2.424731226171243,0,4.610125962127902,-1.2188055508818783,1.2188055508818783,1.3499035270236641,0.7385360584631477,1.9573416093450262,,,,,
repetitions/pilot/d020_n4_M004_z_only_box_rep01.npz,20,4,4,z_only_box,z_only_box,1.0,1,all,0.3156135999597609,0.5005785539289047,2.0329255085503486,0.40271797494986683,2.241121502174287,240,0.0,-0.17929026394925243,0.1945972915902138,0.4365716060045008,1.7908408476639728,0.34575518859738835,1.9430782339466475,48,0.0,-0.1703927262420449,0.19044304299082845,0.5005785539289047,2.085954089481211,0.41695867153798644,2.3080625317477255,192,0.0,-0.18151464837605427,0.1956358537400602,0.42255633443968654,635760,552960,82560,82800,73920,626880,12537600,73920,82560,0.9996608527131783,0.40207122093023256,0.9996608527131783,0.9996608527131783,2.3780508275123267,2.3780242525425375,0,4.558644062243475,-1.212999123702534,1.212999123702534,1.3313205569173863,0.7272674609231433,1.9402665846256772,,,,,
repetitions/pilot/d020_n4_M004_z_zero_rep00.npz,20,4,4,z_zero,z_zero,0.0,0,all,0.3722208000253886,0.7264528437844111,0.7745876699815042,0.18783610198539957,0.7797748204132191,240,0.0,-0.38287002145440946,0.38287436326254076,0.7511766829140167,0.7855801128868941,0.1891032188769738,0.7964453507407081,48,0.0,-0.32669607145213114,0.3267177804927874,0.7264528437844111,0.7719711167547337,0.18751932276250602,0.775649558145174,192,0.0,-0.39691350895497907,0.39691350895497907,0.7560421910592028,635760,552960,82560,82800,73920,626880,12537600,73920,82560,0.9994307170542636,0.38092296511627904,1.0,1.0,2.2248736484022023,3.8340051763766603,0,8.47240014660871,-1.9573416093450262,1.9573416093450262,1.9573416093450262,0.0,1.9573416093450262,,,,,
repetitions/pilot/d020_n4_M004_z_zero_rep01.npz,20,4,4,z_zero,z_zero,0.0,1,all,0.33517710003070533,0.726184529827498,0.7744266105542813,0.18855013722867672,0.7795638363933272,240,0.0,-0.3824973192725822,0.3824973192725822,0.7512450882897244,0.7827949505964402,0.1901113888886748,0.7932163018105378,48,0.0,-0.3260788817715315,0.3260788817715315,0.726184529827498,0.7724388335045203,0.1881598243136772,0.7761935142896906,192,0.0,-0.3966019286478448,0.3966019286478448,0.7561755336647059,635760,552960,82560,82800,73920,626880,12537600,73920,82560,0.9994307170542636,0.3786942829457364,1.0,1.0,2.187143289202442,3.7755166383235355,0,8.41896277010935,-1.9402665846256772,1.9402665846256772,1.9402665846256772,0.0,1.9402665846256772,,,,,
repetitions/pilot/d020_n5_M002_batch_box_rep00.npz,20,5,2,batch_box,batch_box,1.0,0,all,0.17464060010388494,0.6389847716085071,1.3647131964578558,0.3129318839004772,1.4766185660471882,240,0.0,-0.33523820620119626,0.33582248123502895,0.673651018801128,1.2732248972752822,0.28651087611030246,1.36172040976205,48,0.0,-0.27813705763562807,0.27909193406174454,0.6389847716085071,1.3854197086904951,0.3195371358480209,1.5033425311145954,192,0.0,-0.34951349334258835,0.3500051180283501,0.6803969217371318,231600,170880,60480,60720,49440,220320,4406400,49440,60480,0.9999834656084656,0.4197420634920635,0.9999834656084656,0.9999834656084656,4.764620985166126,4.764620985166126,0,5.968631952319387,-1.5148617891249196,1.5148617891249196,1.5372873850268938,0.28016549841886673,1.7950272875437865,0.5394690550488951,0.3955,0.1255,0.9995,0.6577838827838828
repetitions/pilot/d020_n5_M002_batch_box_rep01.npz,20,5,2,batch_box,batch_box,1.0,1,all,0.19031849992461503,0.6867677532661705,1.4468207509744158,0.32730036373400123,1.5700339210851704,240,0.0,-0.328699439174159,0.32967793279117696,0.6682086442428549,1.3980114639205188,0.3214436616025822,1.4965046454942557,48,0.0,-0.2862138993677878,0.28704190406055596,0.6867677532661705,1.4580993565952778,0.328764539266856,1.5874720029986555,192,0.0,-0.3393208241257519,0.34033693997383224,0.6644207090854007,231600,170880,60480,60720,49440,220320,4406400,49440,60480,1.0,0.42212301587301587,1.0,1.0,4.68847367345493,4.68847367345493,0,5.997298608603909,-1.5162024528715252,1.5162024528715252,1.5397662457005976,0.2675356965555568,1.783738149427081,0.5408288338118756,0.3915,0.1275,0.9995,0.6558608058608059
repetitions/pilot/d020_n5_M002_box_factor_a0p25_rep00.npz,20,5,2,box_factor_a0.25,box_factor,0.25,0,all,0.1803896001074463,0.6353161660154991,1.0800724245705224,0.2554881245375258,1.1506225262590435,240,0.0,-0.3447627391577558,0.3448867413520642,0.6850883343072431,1.0547611527107452,0.24512486500522568,1.117505144708194,48,0.0,-0.28472958556109323,0.2852951043746979,0.6353161660154991,1.0859587432967628,0.2580789394206008,1.158565777670866,192,0.0,-0.3597710275569214,0.3597846505964058,0.6946497010797432,231600,170880,60480,60720,49440,220320,4406400,49440,60480,1.0,0.41435185185185186,1.0,1.0,4.678034639868755,6.124584227687796,0,6.317615245849286,-1.5800150748359387,1.5800150748359387,1.589417855910868,0.21501221270784754,1.7950272875437865,,,,,
repetitions/pilot/d020_n5_M002_box_factor_a0p25_rep01.npz,20,5,2,box_factor_a0.25,box_factor,0.25,1,all,0.15643400000408292,0.666817385483784,1.083799266632655,0.2569609746567194,1.1556078642093093,240,0.0,-0.3412726078935011,0.3416169571905424,0.6798542294142111,1.0918611279532613,0.2523025103764313,1.155803995299185,48,0.0,-0.28844132525459437,0.2892131110642087,0.666817385483784,1.0818882647480785,0.2581255907267914,1.1555599652073554,192,0.0,-0.35448042855322787,0.3547179187221259,0.6824411669449367,231600,170880,60480,60720,49440,220320,4406400,49440,60480,1.0,0.41716269841269843,1.0,1.0,4.597778361496696,6.025252128091839,0,6.336071372478969,-1.5794042636576973,1.5794042636576973,1.5894841644095832,0.20433388576938477,1.783738149427081,,,,,
repetitions/pilot/d020_n5_M002_box_factor_a0p5_rep00.npz,20,5,2,box_factor_a0.5,box_factor,0.5,0,all,0.16898399987258017,0.550370562031475,1.5701384498419932,0.35191054983052406,1.7147349496288822,240,0.0,-0.2926892464208643,0.2935221601516076,0.6008826402031225,1.3299359635000805,0.30026213697600285,1.4319769974774794,48,0.0,-0.23643201938428748,0.23720945620856773,0.550370562031475,1.6216358085420126,0.3648226530441543,1.7769606242035592,192,0.0,-0.3067535531800085,0.30760033613736754,0.6105187354319856,231600,170880,60480,60720,49440,220320,4406400,49440,60480,1.0,0.4219907407407407,1.0,1.0,4.852558108699965,5.768549659210019,0,5.235244567691043,-1.3864659024804808,1.3864659024804808,1.4234262104981976,0.4085613850633054,1.7950272875437865,,,,,
repetitions/pilot/d020_n5_M002_box_factor_a0p5_rep01.npz,20,5,2,box_factor_a0.5,box_factor,0.5,1,all,0.15578910009935498,0.6157548180133127,1.6699175179602355,0.36922791009994493,1.8265053805450358,240,0.0,-0.2889174836182098,0.29023015920297607,0.6025665726610117,1.5088704459962459,0.3407882039154681,1.625276173690013,48,0.0,-0.2526934280878714,0.2536811853443955,0.6157548180133127,1.7057017269279802,0.37633783664606413,1.8723617593216408,192,0.0,-0.29797349750079444,0.2993674026676212,0.5998842895980346,231600,170880,60480,60720,49440,220320,4406400,49440,60480,1.0,0.4239252645502645,1.0,1.0,4.7708367605385815,5.673812865475114,0,5.302563778412112,-1.3951249288374654,1.3951249288374654,1.4305543093427295,0.38861322058961645,1.783738149427081,,,,,
repetitions/pilot/d020_n5_M002_box_factor_a0p75_rep00.npz,20,5,2,box_factor_a0.75,box_factor,0.75,0,all,0.17192210000939667,0.5029680416642305,2.5517215968733615,0.5352447279571849,2.814385670400832,240,0.0,-0.22424405498904107,0.23523022007215022,0.5166720287200471,1.837662748709025,0.4067202448466162,1.9944047304363652,48,0.0,-0.1885665982006888,0.19757675669818608,0.5029680416642305,2.692737279315205,0.567375848734827,2.980545297134112,192,0.0,-0.23316341918612915,0.24464358591564128,0.5193793238989033,231600,170880,60480,60720,49440,220320,4406400,49440,60480,1.0,0.4264550264550265,1.0,1.0,5.137633613990415,5.577508052493019,0,4.457124262162148,-1.2094378831464074,1.2094378831464074,1.2943328300837935,0.5855894043973787,1.7950272875437865,,,,,
repetitions/pilot/d020_n5_M002_box_factor_a0p75_rep01.npz,20,5,2,box_factor_a0.75,box_factor,0.75,1,all,0.15569050004705787,0.5789675455522799,2.788178485800169,0.5755052632413972,3.0758171614212855,240,0.0,-0.2236605982075253,0.24164637076276183,0.549018639417706,2.313251562486628,0.5073427359743337,2.5130714267093146,48,0.0,-0.21353491658934234,0.2223774866510182,0.5789675455522799,2.888877685048431,0.5925458950581631,3.1982291942766654,192,0.0,-0.22619201861207103,0.24646359179069774,0.5428077439682463,231600,170880,60480,60720,49440,220320,4406400,49440,60480,1.0,0.42840608465608465,1.0,1.0,5.054560638408592,5.487804187055118,0,4.55165485883966,-1.2263571941329354,1.2263571941329354,1.3031466335081439,0.5573809552941464,1.783738149427081,,,,,
repetitions/pilot/d020_n5_M002_box_factor_a1p25_rep00.npz,20,5,2,box_factor_a1.25,box_factor,1.25,0,all,0.18248429987579584,0.648385646999527,5.34605049454085,1.0606182123842964,5.911717603346379,240,0.0,-0.05057806622112821,0.24070890154784635,0.6065524134205111,3.660046892856957,0.769196274441083,3.9863146937645104,48,0.0,-0.05767442589066522,0.22471320472015063,0.648385646999527,5.671250398510785,1.1334736968700994,6.293025685330701,192,0.0,-0.048803976303743946,0.24470782575477026,0.5978023266821927,231600,170880,60480,60720,49440,220320,4406400,49440,60480,1.0,0.430869708994709,1.0,1.0,6.027295690835575,5.6136106370071,0,3.6743413811155814,-0.8961695103835211,0.8961695103835211,1.1377835642108431,0.898857777160265,1.7950272875437865,,,,,
repetitions/pilot/d020_n5_M002_box_factor_a1p25_rep01.npz,20,5,2,box_factor_a1.25,box_factor,1.25,1,all,0.1664225000422448,0.7160491812078286,6.040022803544899,1.1924771182495781,6.677524883096569,240,0.0,-0.05235060636403867,0.28005522052267673,0.7509784736396972,5.068732774583,1.0253991222418795,5.525684828795724,48,0.0,-0.14489210325784055,0.24486020773447126,0.7160491812078286,6.247223053867468,1.234246617251503,6.92977333955886,192,0.0,-0.029215232140588198,0.28885397371972815,0.7577959998938482,231600,170880,60480,60720,49440,220320,4406400,49440,60480,1.0,0.4328042328042328,1.0,1.0,5.949968561817594,5.542877849623446,0,3.7733851907737703,-0.926607409148261,0.926607409148261,1.1493836437859166,0.8571307402788211,1.783738149427081,,,,,
repetitions/pilot/d020_n5_M002_box_factor_a1p5_rep00.npz,20,5,2,box_factor_a1.5,box_factor,1.5,0,all,0.15429560001939535,0.8660930737969842,6.9188040600552725,1.3636689224785983,7.65047030606047,240,0.0,0.04764003160158993,0.29718770070464523,0.8026857301687736,4.874409355714401,1.003196550312641,5.3088483338371155,48,0.0,0.01753039668436299,0.2854940738696423,0.8660930737969842,7.318383542224917,1.4537870155200876,8.12034176455779,192,0.0,0.05516744033089666,0.3001111074133959,0.7893440599297026,231600,170880,60480,60720,49440,220320,4406400,49440,60480,1.0,0.43196097883597884,1.0,1.0,6.621509010884973,5.8139812578440395,0,3.6180860195580586,-0.7572603620197761,0.7572603620197761,1.1135774401448062,1.0377669255240103,1.7950272875437865,,,,,
repetitions/pilot/d020_n5_M002_box_factor_a1p5_rep01.npz,20,5,2,box_factor_a1.5,box_factor,1.5,1,all,0.15907630021683872,0.8531522037986584,8.068637287848368,1.5737137140060586,8.920385277413317,240,0.0,0.045459884976677654,0.3649076658282321,0.9979447035001453,7.024540773985825,1.349070859663301,7.661035175917241,48,0.0,-0.10987094732605451,0.286029954352909,0.8531522037986584,8.29585866653141,1.629874427591748,9.201764909290386,192,0.0,0.08429259305236071,0.3846270936970629,1.0245465405515577,231600,170880,60480,60720,49440,220320,4406400,49440,60480,1.0,0.433912037037037,1.0,1.0,6.546895886308308,5.752369671447556,0,3.699977851522053,-0.7929582901116531,0.7929582901116531,1.125468803454893,0.9907798593154287,1.783738149427081,,,,,
repetitions/pilot/d020_n5_M002_box_factor_a2_rep00.npz,20,5,2,box_factor_a2,box_factor,2.0,0,all,0.15470079984515905,1.4863766635110105,10.321361875070163,2.0170972050567144,11.409379150804213,240,0.0,0.2492254271941012,0.4737707792855177,1.3359534945806462,7.822888933122486,1.556532994415985,8.516986603043787,48,0.0,0.19418553925303939,0.46042987241626054,1.4863766635110105,10.827145144671825,2.1322382577168972,12.010328718573287,192,0.0,0.2629853991793667,0.47710600600283204,1.3036682628048257,231600,170880,60480,60720,49440,220320,4406400,49440,60480,1.0,0.43344907407407407,1.0,1.0,8.061278495579243,6.509934159834412,0,4.055570334967084,-0.5107140632825556,0.5107140632825556,1.150714474412067,1.2843132242612307,1.7950272875437865,,,,,
repetitions/pilot/d020_n5_M002_box_factor_a2_rep01.npz,20,5,2,box_factor_a2,box_factor,2.0,1,all,0.17047529993578792,1.193114039324738,12.329273305665039,2.373756519642513,13.629435423827653,240,0.0,0.24523513745739506,0.5625837358007983,1.5774827572105745,10.90870240643446,2.0559026584035647,11.899822099866759,48,0.0,-0.018881082122548104,0.3911286137491686,1.193114039324738,12.641208776870656,2.45321998495225,14.019417154832116,192,0.0,0.3112641923523809,0.6054475163137057,1.643843270878238,231600,170880,60480,60720,49440,220320,4406400,49440,60480,1.0,0.4354166666666667,1.0,1.0,7.986154819935906,6.460187031721009,0,4.091525907484673,-0.554335077832278,0.554335077832278,1.1576451512779076,1.2294030715948037,1.783738149427081,,,,,
repetitions/pilot/d020_n5_M002_f_zero_rep00.npz,20,5,2,f_zero,f_zero,0.0,0,all,0.003776900004595518,0.7233176400966229,0.9833975587677208,0.23562405063416383,1.0267578791447767,240,0.0,-0.38775585995902767,0.38782264203675176,0.7621861729984614,0.9594820143083373,0.22779908062027285,0.9985067730875675,48,0.0,-0.3269794129858626,0.32731332337448305,0.7233176400966229,0.9889562405921332,0.23758029313763657,1.0335393131047836,192,0.0,-0.4029499717023189,0.4029499717023189,0.7697519537593531,7920,7680,0,240,0,7680,153600,0,0,0.0,0.0,0.0,0.0,0.0,0.0,0,,,,,,,,,,,
repetitions/pilot/d020_n5_M002_f_zero_rep01.npz,20,5,2,f_zero,f_zero,0.0,1,all,0.00462880008853972,0.7289021106866873,0.9861365361131027,0.2374466907435606,1.0305054388577337,240,0.0,-0.38546415816385937,0.38565685500353636,0.7589897059894849,1.0063047207910554,0.24031344674886318,1.0512834282834556,48,0.0,-0.3233281779499581,0.32387466014000604,0.7289021106866873,0.9813172993079411,0.23673000174223494,1.0253676284451654,192,0.0,-0.4009981532173346,0.4011024037194189,0.7648867197528998,7920,7680,0,240,0,7680,153600,0,0,0.0,0.0,0.0,0.0,0.0,0.0,0,,,,,,,,,,,
repetitions/pilot/d020_n5_M002_raw_rep00.npz,20,5,2,raw,raw,1.0,0,all,0.16458830004557967,74174.02831111797,116756.88402341484,2759.3363744425733,128452.58447299911,240,0.0,1206.4517457722538,1381.7773744484969,30442.335182011975,262477.45083906304,10006.075905892827,284750.2251472372,48,0.0,5831.120454512329,5833.183181679481,74174.02831111797,24346.018973473943,947.6514915800088,27007.533694448146,192,0.0,50.284568587234965,268.92592264075085,2891.8959370069106,231600,170880,60480,60720,49440,220320,4406400,49440,60480,1.0,0.430489417989418,1.0,0.0,3609.3589901419195,3609.3589901419195,0,10893522.127085144,17.342775812942815,17.342775812942815,21.98004053995855,19.1378031004866,1.7950272875437865,,,,,
repetitions/pilot/d020_n5_M002_raw_rep01.npz,20,5,2,raw,raw,1.0,1,all,0.18730260012671351,949.5289594029396,671248.8865940262,11356.531795698285,740787.8113768509,240,0.0,4830.14180338017,4842.675576571449,124757.01696985455,7485.278054080486,313.6396822657775,8162.635206800372,48,0.0,61.40726676054621,86.3267307945873,949.5289594029396,746242.323295488,14117.254824056408,826290.2425087208,192,0.0,6022.325437535076,6031.762788015665,136705.648774183,231600,170880,60480,60720,49440,220320,4406400,49440,60480,1.0,0.4324404761904762,1.0,0.0,2063.5654409507233,2063.5654409507233,0,466308244.2252951,92.25148159628918,92.25148159628918,95.74022128904632,94.03521974571626,1.783738149427081,,,,,
repetitions/pilot/d020_n5_M002_sample_ball_rep00.npz,20,5,2,sample_ball,sample_ball,1.0,0,all,0.15914869983680546,0.6205777519353072,2.719735204250589,0.5480358252732576,2.994641869595343,240,0.0,-0.28368847365099364,0.2986787599855338,0.6613810576270277,2.571614805122756,0.4832573504540599,2.7947549122509576,48,0.0,-0.20228946212784926,0.23920574768751002,0.6205777519353072,2.7535234677265366,0.564230443978057,3.041458001159843,192,0.0,-0.30403822653177975,0.3135470130600397,0.6692719777842842,231600,170880,60480,60720,49440,220320,4406400,49440,60480,1.0,0.4242063492063492,0.4242063492063492,0.4242063492063492,4.933724392721004,3.057422502531253,0,5.843534871362634,-1.4474972188359327,1.4474972188359327,1.5012834756045863,0.34753006870785363,1.7950272875437865,,,,,
repetitions/pilot/d020_n5_M002_sample_ball_rep01.npz,20,5,2,sample_ball,sample_ball,1.0,1,all,0.1414340001065284,0.7563800024788039,2.892294891965059,0.5927744775153871,3.1863070007824903,240,0.0,-0.27916330791237415,0.2992831523899225,0.6691369283002944,2.556980305771724,0.5467319892727469,2.7722224786479654,48,0.0,-0.28679366649846244,0.2923137664810686,0.7563800024788039,2.9658916145802827,0.6042850995760473,3.2794907421682096,192,0.0,-0.2772557182658521,0.301025498867136,0.6502149845551128,231600,170880,60480,60720,49440,220320,4406400,49440,60480,1.0,0.42647156084656085,0.42647156084656085,0.42647156084656085,4.856860378581457,2.98483460980288,0,5.927534817961385,-1.4591876904398777,1.4591876904398777,1.507174474760981,0.3245504589872042,1.783738149427081,,,,,
repetitions/pilot/d020_n5_M002_sample_box_rep00.npz,20,5,2,sample_box,sample_box,1.0,0,all,0.1416313999798149,0.5129087140954591,3.845560666237614,0.7792216028713642,4.251006448113616,240,0.0,-0.13995800771942982,0.21391198425567856,0.4951207755701169,2.6549451314039665,0.5731427708382172,2.890222906503874,48,0.0,-0.12258745019309514,0.1883726298751054,0.5129087140954591,4.076093762940725,0.830741310879651,4.521509417125692,192,0.0,-0.1443006471010135,0.2202968228508219,0.49147253263755125,231600,170880,60480,60720,49440,220320,4406400,49440,60480,1.0,0.4292493386243386,1.0,1.0,5.528547040763201,5.528547040763201,0,3.9463355563424036,-1.0465468596881056,1.0465468596881056,1.1987512664999753,0.7484804278556807,1.7950272875437865,,,,,
repetitions/pilot/d020_n5_M002_sample_box_rep01.npz,20,5,2,sample_box,sample_box,1.0,1,all,0.1455721000675112,0.6174962541321926,4.277952186157022,0.8575309958283603,4.727963737164845,240,0.0,-0.1440848362725702,0.23121965946379,0.5883861422605255,3.4805681937587414,0.7428625121425766,3.790808369604222,48,0.0,-0.17864906449693044,0.22028890906862442,0.6174962541321926,4.4452918447290175,0.8861981167498064,4.929821393872993,192,0.0,-0.13544377921648018,0.23395234706258136,0.5823673907890953,231600,170880,60480,60720,49440,220320,4406400,49440,60480,1.0,0.43133267195767194,1.0,1.0,5.45062420114713,5.45062420114713,0,4.050748688343426,-1.0706976242170474,1.0706976242170474,1.2087361431958947,0.7130405252100342,1.783738149427081,,,,,
repetitions/pilot/d020_n5_M002_shrink_c0p1_rep00.npz,20,5,2,shrink_c0.1,shrink,0.1,0,all,0.14357999991625547,0.7049664498453402,1.0074297905516927,0.24072669876919225,1.0580000478828875,240,0.0,-0.3763751352184209,0.37645257112091834,0.7430885070529142,1.0009471612237129,0.23608710655338327,1.0483195823324294,48,0.0,-0.3179336437149042,0.31832082322739125,0.7049664498453402,1.0089533305041705,0.24188659682314448,1.0603505294659576,192,0.0,-0.39098550809430016,0.39098550809430016,0.7505076075861411,231600,170880,60480,60720,49440,220320,4406400,49440,60480,1.0,0.41101190476190474,1.0,1.0,4.636421204303195,5.442402752809701,0,7.161943050619538,-1.7117231825087167,1.7117231825087167,1.7143147524459104,0.08330410503506934,1.7950272875437865,,,,,
repetitions/pilot/d020_n5_M002_shrink_c0p1_rep01.npz,20,5,2,shrink_c0.1,shrink,0.1,1,all,0.1391827999614179,0.717264511721052,1.0221508035660833,0.24546682077157286,1.0760881590899058,240,0.0,-0.37319970496891947,0.37338093655460514,0.7371621767688741,1.0627120035866493,0.25146870903742274,1.116950871758348,48,0.0,-0.317861287533825,0.31831508385906876,0.717264511721052,1.0123432126525524,0.24396634870511036,1.065871794640835,192,0.0,-0.3870343093276931,0.38714739972848927,0.741091953779703,231600,170880,60480,60720,49440,220320,4406400,49440,60480,1.0,0.41395502645502646,1.0,1.0,4.555811245270337,5.356414248504081,0,7.143464155257225,-1.7060912319065527,1.7060912319065527,1.7082325389938113,0.0776469175205293,1.783738149427081,,,,,
repetitions/pilot/d020_n5_M002_shrink_c0p25_rep00.npz,20,5,2,shrink_c0.25,shrink,0.25,0,all,0.14380780002102256,0.6628790406269635,1.7861779488729637,0.3316438900557454,1.9474910928101172,240,0.0,-0.35680609987405726,0.3569306055336055,0.7225997251592705,1.4201753496228804,0.30552736028081207,1.523219089894695,48,0.0,-0.2936383153389812,0.2942249956013184,0.6628790406269635,1.8620777703295672,0.3381730224994787,2.0377199726540454,192,0.0,-0.3725980460078262,0.3726070080166773,0.7340024007724093,231600,170880,60480,60720,49440,220320,4406400,49440,60480,1.0,0.4172949735449735,1.0,1.0,4.767222638942011,3.8749374588279535,0,6.422076606914751,-1.581282229772557,1.581282229772557,1.6034467485725576,0.21374505777122907,1.7950272875437865,,,,,
repetitions/pilot/d020_n5_M002_shrink_c0p25_rep01.npz,20,5,2,shrink_c0.25,shrink,0.25,1,all,0.14515320002101362,0.7273725949379188,1.702090844884053,0.3444970952721674,1.8536506374243031,240,0.0,-0.34914383957237555,0.3506787925211637,0.7138841798007097,1.5385909392680817,0.33853658862316466,1.6494498086873495,48,0.0,-0.3183404553193545,0.3186503034262065,0.7273725949379188,1.7384287876214313,0.3459872219344181,1.9001844959287908,192,0.0,-0.3568446856356308,0.358685914794903,0.7111457516088733,231600,170880,60480,60720,49440,220320,4406400,49440,60480,1.0,0.4193452380952381,1.0,1.0,4.679305449221147,3.8103375614062274,0,6.454603561491258,-1.5844654291337985,1.5844654291337985,1.6027854074597863,0.19927272029328333,1.783738149427081,,,,,
repetitions/pilot/d020_n5_M002_shrink_c0p5_rep00.npz,20,5,2,shrink_c0.5,shrink,0.5,0,all,0.15799689991399646,5.919600486333169,138.31411856937964,4.4309682737362,153.02555843357123,240,0.0,-0.6651615264969176,1.164984527987668,11.946718895714836,22.471818294348154,1.8496096402180129,24.3995188577241,48,0.0,0.35739237043957434,0.8639659894078534,5.919600486333169,153.38077513597904,5.076307932115745,170.26356253241178,192,0.0,-0.9208000007310405,1.240239162632622,12.81950549878427,231600,170880,60480,60720,49440,220320,4406400,49440,60480,1.0,0.4234126984126984,1.0,1.0,6.736287011065943,2.2446416223094086,0,20.269554752783225,-1.3208082655430067,1.3208082655430067,1.5163325509378476,0.47421902200077964,1.7950272875437865,,,,,
repetitions/pilot/d020_n5_M002_shrink_c0p5_rep01.npz,20,5,2,shrink_c0.5,shrink,0.5,1,all,0.15819139988161623,1.4670216559020217,32.88841726989786,2.19041574640128,36.311053296622354,240,0.0,0.052519499876533406,0.7507893641434852,5.689683794593136,8.760636424526494,1.2675417009672088,9.544169826104227,48,0.0,-0.38864498030608274,0.4570049832816468,1.4670216559020217,36.31473115912194,2.4211342577597974,40.227056648713265,192,0.0,0.1628106199221874,0.8242354593589449,6.199901841735764,231600,170880,60480,60720,49440,220320,4406400,49440,60480,1.0,0.42584325396825395,1.0,1.0,6.052166178429652,2.06478890178906,0,7.224203914936222,-1.349934331862844,1.349934331862844,1.5060044307353557,0.4338038175642375,1.783738149427081,,,,,
repetitions/pilot/d020_n5_M002_shrink_c0p75_rep00.npz,20,5,2,shrink_c0.75,shrink,0.75,0,all,0.1495569001417607,1303.3007280434954,3136.5072328209308,105.35438811388592,3461.737362321516,240,0.0,15.868267831060768,38.10953360654626,575.0128743048765,4613.412818376306,184.3890669011275,5004.909033818769,48,0.0,104.59636281486972,105.2432738829293,1303.3007280434954,2671.507470995126,85.59571841707553,2965.3191394083146,192,0.0,-6.31375591489147,21.32609853745049,236.735700407714,231600,170880,60480,60720,49440,220320,4406400,49440,60480,1.0,0.42769510582010584,1.0,1.0,100.06999950632297,6.408641053214292,0,7752.826873409683,-0.42141316875581497,0.42141316875581497,2.348898082830176,1.3736141187879716,1.7950272875437865,,,,,
repetitions/pilot/d020_n5_M002_shrink_c0p75_rep01.npz,20,5,2,shrink_c0.75,shrink,0.75,1,all,0.1642468001227826,35.28232397721452,9911.136517498506,185.54912886000886,10937.965772109563,240,0.0,73.77504435014878,75.7305840781702,1840.1740357903857,276.18485251579773,16.11412090660212,301.17179423279754,48,0.0,1.0711521998214784,4.270952576259206,35.28232397721452,11017.745036385642,227.90788084836058,12199.673760695296,192,0.0,91.95101738773057,93.59549195364794,2016.3649253538656,231600,170880,60480,60720,49440,220320,4406400,49440,60480,1.0,0.4298445767195767,1.0,1.0,55.31341056139877,3.6066172457938213,0,101942.33534924213,0.3994316583890192,0.3994316583890192,3.1039059657501387,2.183169807816101,1.783738149427081,,,,,
repetitions/pilot/d020_n5_M002_z_only_box_rep00.npz,20,5,2,z_only_box,z_only_box,1.0,0,all,0.16704229987226427,0.5709908679368204,4.472969687360605,0.8639859167270405,4.944663902761282,240,0.0,-0.1376881733898001,0.22998254093038256,0.5721092514160921,3.1825203189782676,0.6499907189634258,3.465993323988988,48,0.0,-0.11008652155395438,0.2008491270712415,0.5709908679368204,4.72635900904766,0.9174847161679442,5.24276991452358,192,0.0,-0.14458858634876157,0.23726589439516785,0.5723334867271058,231600,170880,60480,60720,49440,220320,4406400,49440,60480,1.0,0.4292989417989418,1.0,1.0,5.565722723485848,5.56552774155281,0,3.9715605107466447,-1.0446404464325623,1.0446404464325623,1.201611317609222,0.750386841111224,1.7950272875437865,,,,,
repetitions/pilot/d020_n5_M002_z_only_box_rep01.npz,20,5,2,z_only_box,z_only_box,1.0,1,all,0.17580810002982616,0.5810837180798754,5.141112893760283,0.9421899114290689,5.68324654483209,240,0.0,-0.14280854863096984,0.24787031276624524,0.6583014958840581,3.859179242059888,0.7894208342663752,4.2061645149024205,48,0.0,-0.16490769005922334,0.21163328446371862,0.5810837180798754,5.399393130594672,0.9803821807197425,5.9888514273073685,192,0.0,-0.13728376327390648,0.2569295698418769,0.6727345043338833,231600,170880,60480,60720,49440,220320,4406400,49440,60480,1.0,0.43133267195767194,1.0,1.0,5.4782529350642895,5.478085595622549,0,4.072013188964431,-1.0692961860003154,1.0692961860003154,1.2111921614480514,0.7144419634267665,1.783738149427081,,,,,
repetitions/pilot/d020_n5_M002_z_zero_rep00.npz,20,5,2,z_zero,z_zero,0.0,0,all,0.18884900002740324,0.7233176400966229,0.9833975587677208,0.23562405063416383,1.0267578791447767,240,0.0,-0.38775585995902767,0.38782264203675176,0.7621861729984614,0.9594820143083373,0.22779908062027285,0.9985067730875675,48,0.0,-0.3269794129858626,0.32731332337448305,0.7233176400966229,0.9889562405921332,0.23758029313763657,1.0335393131047836,192,0.0,-0.4029499717023189,0.4029499717023189,0.7697519537593531,231600,170880,60480,60720,49440,220320,4406400,49440,60480,1.0,0.4082671957671958,1.0,1.0,4.617046934230198,6.688480376867306,0,7.7695785788194645,-1.7950272875437865,1.7950272875437865,1.7950272875437865,0.0,1.7950272875437865,,,,,
repetitions/pilot/d020_n5_M002_z_zero_rep01.npz,20,5,2,z_zero,z_zero,0.0,1,all,0.1538257000502199,0.7289021106866873,0.9861365361131027,0.2374466907435606,1.0305054388577337,240,0.0,-0.38546415816385937,0.38565685500353636,0.7589897059894849,1.0063047207910554,0.24031344674886318,1.0512834282834556,48,0.0,-0.3233281779499581,0.32387466014000604,0.7289021106866873,0.9813172993079411,0.23673000174223494,1.0253676284451654,192,0.0,-0.4009981532173346,0.4011024037194189,0.7648867197528998,231600,170880,60480,60720,49440,220320,4406400,49440,60480,1.0,0.41124338624338624,1.0,1.0,4.537263753554703,6.5832443813292825,0,7.702472617500139,-1.783738149427081,1.783738149427081,1.783738149427081,0.0,1.783738149427081,,,,,
