d,n,M,method,method_transform,method_factor,point_subset,wall_clock_seconds_mean,wall_clock_seconds_std,selection_value_relative_l2_mean,selection_value_relative_l2_std,all_full_state_relative_l2_mean,all_full_state_relative_l2_std,all_gradient_mae_mean,all_gradient_mae_std,all_gradient_relative_l2_mean,all_gradient_relative_l2_std,all_n_points_mean,all_n_points_std,all_nonfinite_state_fraction_mean,all_nonfinite_state_fraction_std,all_value_bias_mean,all_value_bias_std,all_value_mae_mean,all_value_mae_std,all_value_relative_l2_mean,all_value_relative_l2_std,validation_full_state_relative_l2_mean,validation_full_state_relative_l2_std,validation_gradient_mae_mean,validation_gradient_mae_std,validation_gradient_relative_l2_mean,validation_gradient_relative_l2_std,validation_n_points_mean,validation_n_points_std,validation_nonfinite_state_fraction_mean,validation_nonfinite_state_fraction_std,validation_value_bias_mean,validation_value_bias_std,validation_value_mae_mean,validation_value_mae_std,validation_value_relative_l2_mean,validation_value_relative_l2_std,test_full_state_relative_l2_mean,test_full_state_relative_l2_std,test_gradient_mae_mean,test_gradient_mae_std,test_gradient_relative_l2_mean,test_gradient_relative_l2_std,test_n_points_mean,test_n_points_std,test_nonfinite_state_fraction_mean,test_nonfinite_state_fraction_std,test_value_bias_mean,test_value_bias_std,test_value_mae_mean,test_value_mae_std,test_value_relative_l2_mean,test_value_relative_l2_std,terminal_g_evals_mean,terminal_samples_mean,f_evals_mean,recursively_evaluated_states_mean,transition_samples_mean,total_stochastic_samples_mean,standard_normal_variates_mean,time_uniform_variates_mean,correction_opportunities_mean,pre_box_violation_rate_mean,pre_box_violation_rate_std,pre_ball_violation_rate_mean,pre_ball_violation_rate_std,method_geometry_violation_rate_mean,method_geometry_violation_rate_std,projection_activation_rate_mean,projection_activation_rate_std,mean_box_overshoot_energy_mean,mean_box_overshoot_energy_std,mean_method_overshoot_energy_mean,mean_method_overshoot_energy_std,nonfinite_generator_values_mean,nonfinite_generator_values_std,generator_mse_mean,generator_mse_std,generator_bias_mean,generator_bias_std,generator_absolute_bias_mean,generator_absolute_bias_std,generator_mae_mean,generator_mae_std,generator_mean_estimate_mean,generator_mean_estimate_std,generator_mean_truth_mean,generator_mean_truth_std,batch_alpha_mean_mean,batch_alpha_mean_std,batch_alpha_median_mean,batch_alpha_median_std,batch_alpha_p10_mean,batch_alpha_p10_std,batch_alpha_p90_mean,batch_alpha_p90_std,batch_alpha_activation_rate_mean,batch_alpha_activation_rate_std,repetitions,nonlinear_correction_variance,method_win_fraction,paired_win_fraction_vs_raw,paired_win_fraction_vs_sample_box,paired_win_fraction_vs_z_zero,paired_win_fraction_vs_f_zero
20,2,2,batch_box,batch_box,1.0,all,0.03572329999879002,0.004212313148203415,0.7136783663079089,0.013018199671299021,2.15673923681068,0.021336263913775612,0.49125015049159726,0.00467013561473864,2.3714055903395814,0.024112599126725,1200.0,0.0,0.0,0.0,-0.3411311821191183,0.0039912383257896455,0.348009632688622,0.0033336558361216568,0.700693914226196,0.005484401496523291,2.1205958746442755,0.040514860381154504,0.48482891507617126,0.009134449380643865,2.319177685522157,0.045392013447431254,240.0,0.0,0.0,0.0,-0.3390239836457161,0.0064734819439645095,0.3460138371800685,0.007719159830724977,0.7136783663079089,0.013018199671299021,2.165507253426571,0.03218025186359284,0.4928554593454537,0.006842605458987986,2.384250645628719,0.03638379582403171,960.0,0.0,0.0,0.0,-0.34165798173746886,0.004967379362762158,0.34850858156576037,0.004437555876570901,0.6975462525989783,0.007617123858908143,13200.0,9600.0,2400.0,3600.0,2400.0,12000.0,240000.0,2400.0,2400.0,1.0,0.0,0.5490833333333333,0.008812168915065938,1.0,0.0,1.0,0.0,6.563353648850104,0.18057314446876851,6.563353648850104,0.18057314446876851,0.0,0.0,9.152794259377663,0.2199919258528337,-2.186431143823082,0.04069563475485676,2.186431143823082,0.04069563475485676,2.2090191398199712,0.04113472540121625,0.29819796821451633,0.006435983638182058,2.484629112037598,0.041079893971274366,0.39849707935309514,0.007486839149340053,0.2597,0.007269418439218134,0.1244,0.0020248456731316606,0.9995,0.0,0.8524166666666666,0.010536898716790494,10,0.005025881406575808,0.0,1.0,0.0,1.0,1.0
20,2,2,box_factor_a0.875,box_factor,0.875,all,0.031009270017966627,0.003076939781358492,0.678455802664619,0.018937996352213365,2.615330192762523,0.030786483665431713,0.5713931127914804,0.005553084199615404,2.887025104233747,0.034457835825629266,1200.0,0.0,0.0,0.0,-0.30092098288809244,0.004963739061171911,0.32294631004219154,0.004081566995074038,0.6642594127861361,0.005386760053268362,2.561256920934878,0.08342944748321915,0.5604399175277148,0.015886796622155305,2.812219200588184,0.09322452717725695,240.0,0.0,0.0,0.0,-0.3017934614779068,0.010079198297766557,0.3224767357444907,0.011944973284676605,0.678455802664619,0.018937996352213365,2.628019912351078,0.05782320811667589,0.5741314116074218,0.010179619514063326,2.9049168228048416,0.06487667053989474,960.0,0.0,0.0,0.0,-0.3007028632406388,0.007434166204808589,0.32306370361661674,0.005206609860719881,0.6607793103713988,0.007881277195161724,13200.0,9600.0,2400.0,3600.0,2400.0,12000.0,240000.0,2400.0,2400.0,1.0,0.0,0.5490833333333333,0.008812168915065938,1.0,0.0,1.0,0.0,6.563353648850104,0.18057314446876851,6.816912120402658,0.18534414200575847,0.0,0.0,7.5270811589784925,0.2266101384190707,-1.8646709398592212,0.04311361079125026,1.8646709398592212,0.04311361079125026,1.9562774256467292,0.04339391943662411,0.6199581721783767,0.00892152355646283,2.484629112037598,0.041079893971274366,,,,,,,,,,,10,0.01807760286637845,0.0,1.0,0.0,1.0,1.0
20,2,2,f_zero,f_zero,0.0,all,0.009358199988491833,0.0011999561311903716,0.767068549489321,0.011702416183650324,1.9878187960653093,0.014831878870433692,0.4554020504019228,0.0031888848767964158,2.1771777285891756,0.016742305318924882,1200.0,0.0,0.0,0.0,-0.381046522365153,0.002926282027602271,0.38426269748681013,0.00298951823542758,0.7587649723985167,0.0050902875144627335,1.9676403450883388,0.026009917716477454,0.4522001673467037,0.006132985418589248,2.144189655224346,0.029158786017208227,240.0,0.0,0.0,0.0,-0.37517473992880723,0.00623700667121378,0.3785900811893782,0.006245506045897555,0.767068549489321,0.011702416183650324,1.9927796432955058,0.018892479961830844,0.45620252116572757,0.003987589807433925,2.185394272666664,0.02130378322681775,960.0,0.0,0.0,0.0,-0.3825144679742395,0.003017133537205639,0.38568085156116816,0.0030968332903703925,0.7567681427193519,0.0055169591720292425,6000.0,4800.0,0.0,1200.0,0.0,4800.0,96000.0,0.0,0.0,0.0,0.0,0.0,0.0,0.0,0.0,0.0,0.0,0.0,0.0,0.0,0.0,0.0,0.0,,,,,,,,,,,,,,,,,,,,,,,10,0.0,0.0,0.9,0.0,0.0,0.0
20,2,2,raw,raw,1.0,all,0.0317652799654752,0.004567593634595544,0.7999125106503774,0.0727873204951655,3.5875465623640976,0.16156233549102383,0.6640516095070079,0.015606540119484067,3.9665119141789775,0.17961808878251895,1200.0,0.0,0.0,0.0,-0.29768916223027037,0.006726537954300568,0.36582014629375914,0.004996817411634667,0.7854356569937584,0.024318424159840372,3.480790587188433,0.21174449464583697,0.6474206858617013,0.01962765486180661,3.827883778671122,0.23340665861667248,240.0,0.0,0.0,0.0,-0.3026941699894386,0.01042342699512615,0.36403354269086136,0.01488429249228078,0.7999125106503774,0.0727873204951655,3.6099590182199877,0.22801055792734287,0.6682093404183347,0.022003226669543303,3.996628880339542,0.25388311959296667,960.0,0.0,0.0,0.0,-0.2964379102904783,0.009840205346044606,0.3662667971944836,0.006044067621198002,0.7812036090117391,0.028443501458529537,13200.0,9600.0,2400.0,3600.0,2400.0,12000.0,240000.0,2400.0,2400.0,1.0,0.0,0.5490833333333333,0.008812168915065938,1.0,0.0,0.0,0.0,6.563353648850104,0.18057314446876851,6.563353648850104,0.18057314446876851,0.0,0.0,10.163807155792025,0.17654311276951187,-1.7435852206938027,0.06298675085914995,1.7435852206938027,0.06298675085914995,2.219286516286831,0.034229865745352556,0.7410438913437952,0.03198330799917423,2.484629112037598,0.041079893971274366,,,,,,,,,,,10,0.07477824630723347,0.0,0.0,0.0,0.1,0.1
20,2,2,sample_ball,sample_ball,1.0,all,0.03209273002576083,0.0026438487032099923,0.7425579748922289,0.015447361520920763,2.269010545634255,0.029996581278252922,0.5082138869408029,0.0049024527815888785,2.4954299746115702,0.03373629749633294,1200.0,0.0,0.0,0.0,-0.34917299273244184,0.004458097921079223,0.3598877469910534,0.0035904042092477287,0.7287258060019084,0.005721010451117856,2.237002283190657,0.08106339162930153,0.5013662917501522,0.013290502022540592,2.447166124301108,0.09030243139760673,240.0,0.0,0.0,0.0,-0.3479100132561758,0.008257510483592091,0.35812029444183163,0.009551923159164045,0.7425579748922289,0.015447361520920763,2.2762839231339536,0.05338955319607543,0.5099257857384656,0.008537386979405679,2.5067530540708716,0.06005514525127098,960.0,0.0,0.0,0.0,-0.34948873760150834,0.005469294941753951,0.3603296101283589,0.004461400682802515,0.725372861157476,0.0070474683158087085,13200.0,9600.0,2400.0,3600.0,2400.0,12000.0,240000.0,2400.0,2400.0,1.0,0.0,0.5490833333333333,0.008812168915065938,0.5490833333333333,0.008812168915065938,0.5490833333333333,0.008812168915065938,6.563353648850104,0.18057314446876851,3.9084793447621626,0.15067863295112646,0.0,0.0,9.640361535483896,0.2239947905741268,-2.211088631314319,0.0415570470296248,2.211088631314319,0.0415570470296248,2.2570224185177885,0.04271834120703677,0.27354048072327874,0.00844603215547217,2.484629112037598,0.041079893971274366,,,,,,,,,,,10,0.009067684265070177,0.0,1.0,0.0,1.0,1.0
20,2,2,sample_box,sample_box,1.0,all,0.02896892004646361,0.0049825355413194725,0.6751003157188689,0.020674476114973223,2.7449940229612078,0.0355158669620676,0.5921322693115483,0.006242048269198877,3.032051492090543,0.039676206303857715,1200.0,0.0,0.0,0.0,-0.2925044043933319,0.005287092105144277,0.32028183102306856,0.004299954089632574,0.6610467527246531,0.0056673371863243975,2.684804614202524,0.09329730696568805,0.5800149810636919,0.017197666298318575,2.9497463074002086,0.10413017897983855,240.0,0.0,0.0,0.0,-0.2941067038324138,0.01091038746334316,0.3198066445916865,0.012742918225689593,0.6751003157188689,0.020674476114973223,2.759039421234948,0.06613380858866366,0.5951615913735123,0.011255175223352495,3.051636788804445,0.07406999688356798,960.0,0.0,0.0,0.0,-0.29210382953356145,0.008047624117080727,0.3204006276309141,0.005074080072948976,0.657592727793112,0.007837194765508633,13200.0,9600.0,2400.0,3600.0,2400.0,12000.0,240000.0,2400.0,2400.0,1.0,0.0,0.5490833333333333,0.008812168915065938,1.0,0.0,1.0,0.0,6.563353648850104,0.18057314446876851,6.563353648850104,0.18057314446876851,0.0,0.0,7.288976335364284,0.22707218145859567,-1.7984416800561476,0.04369262022429425,1.7984416800561476,0.04369262022429425,1.9152229143270438,0.043494906974097663,0.6861874319814503,0.010068823371758837,2.484629112037598,0.041079893971274366,,,,,,,,,,,10,0.022391170175952137,0.5,1.0,0.0,1.0,1.0
20,2,2,shrink_c0.25,shrink,0.25,all,0.03187635997310281,0.005100970064490046,0.7486487247482756,0.013525050071894628,2.1151598363688557,0.024275745370782482,0.4795430593979309,0.004579141828200056,2.3222170208992554,0.027372384040826776,1200.0,0.0,0.0,0.0,-0.36020718233143234,0.0032887997254372027,0.36754712001483714,0.002884354709473937,0.7357018600005032,0.00516470485213139,2.085666780012338,0.031260840019639434,0.47414825683496753,0.00648370651830508,2.277697845690065,0.03469407922852491,240.0,0.0,0.0,0.0,-0.35705459744396506,0.005938825629302642,0.36489306764220825,0.008096260558241681,0.7486487247482756,0.013525050071894628,2.122320045129452,0.03505176526025781,0.48089176003867173,0.006637967994158321,2.333186858779242,0.03952572198469223,960.0,0.0,0.0,0.0,-0.36099532855329913,0.0038300628178590756,0.3682106331079944,0.00359118695333709,0.7325725860680369,0.006426647976493275,13200.0,9600.0,2400.0,3600.0,2400.0,12000.0,240000.0,2400.0,2400.0,1.0,0.0,0.5490833333333333,0.008812168915065938,1.0,0.0,1.0,0.0,6.563353648850104,0.18057314446876851,5.18298637989144,0.12476318903314502,0.0,0.0,9.997616011615444,0.23905676927593852,-2.299368139201649,0.0454499858551643,2.299368139201649,0.0454499858551643,2.3214139958195785,0.04508479162143602,0.1852609728359488,0.007995826999793558,2.484629112037598,0.041079893971274366,,,,,,,,,,,10,0.004673640394202092,0.0,0.9,0.0,1.0,1.0
20,2,2,z_only_box,z_only_box,1.0,all,0.031616519950330255,0.004152275193367859,0.6751003157188689,0.020674476114973223,2.7449940229612078,0.0355158669620676,0.5921322693115483,0.006242048269198877,3.032051492090543,0.039676206303857715,1200.0,0.0,0.0,0.0,-0.2925044043933319,0.005287092105144277,0.32028183102306856,0.004299954089632574,0.6610467527246531,0.0056673371863243975,2.684804614202524,0.09329730696568805,0.5800149810636919,0.017197666298318575,2.9497463074002086,0.10413017897983855,240.0,0.0,0.0,0.0,-0.2941067038324138,0.01091038746334316,0.3198066445916865,0.012742918225689593,0.6751003157188689,0.020674476114973223,2.759039421234948,0.06613380858866366,0.5951615913735123,0.011255175223352495,3.051636788804445,0.07406999688356798,960.0,0.0,0.0,0.0,-0.29210382953356145,0.008047624117080727,0.3204006276309141,0.005074080072948976,0.657592727793112,0.007837194765508633,13200.0,9600.0,2400.0,3600.0,2400.0,12000.0,240000.0,2400.0,2400.0,1.0,0.0,0.5490833333333333,0.008812168915065938,1.0,0.0,1.0,0.0,6.563353648850104,0.18057314446876851,6.563353648850104,0.18057314446876851,0.0,0.0,7.288976335364284,0.22707218145859567,-1.7984416800561476,0.04369262022429425,1.7984416800561476,0.04369262022429425,1.9152229143270438,0.043494906974097663,0.6861874319814503,0.010068823371758837,2.484629112037598,0.041079893971274366,,,,,,,,,,,10,0.022391170175952137,0.5,1.0,0.0,1.0,1.0
20,2,2,z_zero,z_zero,0.0,all,0.0306312799686566,0.0031952419985358804,0.767068549489321,0.011702416183650324,1.9878187960653093,0.014831878870433692,0.4554020504019228,0.0031888848767964158,2.1771777285891756,0.016742305318924882,1200.0,0.0,0.0,0.0,-0.381046522365153,0.002926282027602271,0.38426269748681013,0.00298951823542758,0.7587649723985167,0.0050902875144627335,1.9676403450883388,0.026009917716477454,0.4522001673467037,0.006132985418589248,2.144189655224346,0.029158786017208227,240.0,0.0,0.0,0.0,-0.37517473992880723,0.00623700667121378,0.3785900811893782,0.006245506045897555,0.767068549489321,0.011702416183650324,1.9927796432955058,0.018892479961830844,0.45620252116572757,0.003987589807433925,2.185394272666664,0.02130378322681775,960.0,0.0,0.0,0.0,-0.3825144679742395,0.003017133537205639,0.38568085156116816,0.0030968332903703925,0.7567681427193519,0.0055169591720292425,13200.0,9600.0,2400.0,3600.0,2400.0,12000.0,240000.0,2400.0,2400.0,1.0,0.0,0.5490833333333333,0.008812168915065938,1.0,0.0,1.0,0.0,6.563353648850104,0.18057314446876851,9.214198008695892,0.2218012249478147,0.0,0.0,11.190481743380062,0.22838490400129646,-2.484629112037598,0.041079893971274366,2.484629112037598,0.041079893971274366,2.484629112037598,0.041079893971274366,0.0,0.0,2.484629112037598,0.041079893971274366,,,,,,,,,,,10,0.0,0.0,0.9,0.0,0.0,0.0
20,2,8,batch_box,batch_box,1.0,all,0.09193549999035895,0.004999485834432846,0.6821285301616704,0.0022863952293199936,0.899829434465806,0.0029397387531460884,0.21653146172440732,0.0007699568464690903,0.9448315123976354,0.0034249280130085047,1200.0,0.0,0.0,0.0,-0.3401790594963998,0.0006144988610579053,0.34040654819924765,0.0005794947328230779,0.6740779402491188,0.0005722878948229557,0.8900772695007735,0.00825751879249605,0.2151317654346597,0.0020194975366787226,0.9297964237701839,0.009679481245764244,240.0,0.0,0.0,0.0,-0.335842388752866,0.001399338460280767,0.3360089754341869,0.0014820554259161545,0.6821285301616704,0.0022863952293199936,0.9022426512308165,0.004231156439572902,0.2168813857968442,0.0009867323830660363,0.9485901178107927,0.004990903768245716,960.0,0.0,0.0,0.0,-0.34126322718228325,0.0005083962484317601,0.3415059413905128,0.0004159655498539014,0.6721578246019544,0.0005848471904000704,164400.0,153600.0,9600.0,10800.0,9600.0,163200.0,3264000.0,9600.0,9600.0,1.0,0.0,0.3795208333333333,0.003701655973269889,1.0,0.0,1.0,0.0,1.2332879790613078,0.0060868823354312904,1.2332879790613078,0.0060868823354312904,0.0,0.0,9.140096580383394,0.05460913132706232,-2.2074715095586903,0.010589592669738263,2.2074715095586903,0.010589592669738263,2.220185181063654,0.010001874480570876,0.29117816923906775,0.0027675970357329883,2.498649678797759,0.00996929992920371,0.3810273954791262,0.004566011079846896,0.3087,0.004438468204234436,0.19090000000000001,0.0025099800796022265,0.7045,0.02731300056749535,0.9478333333333333,0.004844813951249589,5,0.0010320090082120614,0.0,0.0,0.0,1.0,1.0
20,2,8,box_factor_a0.9,box_factor,0.9,all,0.08353048004209995,0.007135177956820207,0.61022797593714,0.004201438093241478,1.157796920455393,0.008325555949778681,0.2696050294763433,0.0013571613277172686,1.2525181281301379,0.0093478754301748,1200.0,0.0,0.0,0.0,-0.2908994629553353,0.0008120805137641756,0.29319251572177957,0.0006476808154578633,0.6027438171691661,0.0015329215063388084,1.1294729110347417,0.012479705087766437,0.2658780214304228,0.00346310934167681,1.2146771904000884,0.014291558450466537,240.0,0.0,0.0,0.0,-0.28858751403433824,0.0028222629809152755,0.2906309298066191,0.003034376612852851,0.61022797593714,0.004201438093241478,1.1647576191040652,0.010216148739852165,0.2705367814878234,0.0013303196308724118,1.2619048322561948,0.01157754181043319,960.0,0.0,0.0,0.0,-0.2914774501855845,0.00034325272443178024,0.2938329122005697,0.0003493268581504819,0.6009561487940964,0.001703451527118163,164400.0,153600.0,9600.0,10800.0,9600.0,163200.0,3264000.0,9600.0,9600.0,1.0,0.0,0.3795208333333333,0.003701655973269889,1.0,0.0,1.0,0.0,1.2332879790613078,0.0060868823354312904,1.3125114187757458,0.006463515492894049,0.0,0.0,7.056023643941451,0.04239408229848399,-1.7972769970042841,0.009510953990696942,1.7972769970042841,0.009510953990696942,1.8867748361932315,0.008383147163301154,0.7013726817934742,0.002717505132429009,2.498649678797759,0.00996929992920371,,,,,,,,,,,5,0.004287630442624681,0.0,1.0,0.0,1.0,1.0
20,2,8,box_factor_a2,box_factor,2.0,all,0.08700418006628752,0.005033835678328374,0.5647414217622895,0.007443464109756653,1.5456981760960313,0.019992734351215284,0.340219169130555,0.003184334793410991,1.695488325865351,0.022284961363639975,1200.0,0.0,0.0,0.0,-0.24689761065665783,0.0011981155131925497,0.2604247852654252,0.0013021456925163739,0.5578292380214898,0.003299207302744379,1.501430588890559,0.03742669670566836,0.33370674511355014,0.006637346376157797,1.637745180989849,0.04173277028672068,240.0,0.0,0.0,0.0,-0.24738332441635294,0.004770459966918306,0.2593412032203706,0.005365996284994999,0.5647414217622895,0.007443464109756653,1.556492377436683,0.022045979036699935,0.34184727513480617,0.0031170537309038473,1.7097137897000483,0.024694207017792288,960.0,0.0,0.0,0.0,-0.24677618221673403,0.00047386792859671384,0.2606956807766888,0.000867600555660509,0.556175410769802,0.002796173165659756,164400.0,153600.0,9600.0,10800.0,9600.0,163200.0,3264000.0,9600.0,9600.0,1.0,0.0,0.3795208333333333,0.003701655973269889,0.9999583333333334,5.705443307345992e-05,0.9999583333333334,5.705443307345992e-05,1.2332879790613078,0.0060868823354312904,0.7891859889641268,0.004351680835410724,0.0,0.0,6.109588964996631,0.03514480590928073,-1.427313680294258,0.011582211999093737,1.427313680294258,0.011582211999093737,1.7038109145162292,0.004274236757450064,1.0713359985034996,0.0051456715905660675,2.498649678797759,0.00996929992920371,,,,,,,,,,,5,0.010685481134147893,1.0,1.0,1.0,1.0,1.0
20,2,8,f_zero,f_zero,0.0,all,0.029646980063989758,0.009200115599735518,0.7470771205770251,0.003522020690495114,0.87298719563825,0.004171666060470986,0.21144337629767912,0.0011802811854029832,0.9011546174206255,0.005065309749012842,1200.0,0.0,0.0,0.0,-0.3798639924483153,0.00037808368250378334,0.3798945571106944,0.00037907018868421573,0.7404062814125374,0.0007312979621425651,0.8711766047869738,0.006391717767436184,0.21236377273058338,0.001582348373325087,0.8962964383015202,0.00755958843278946,240.0,0.0,0.0,0.0,-0.3736311595259977,0.0018635870676241121,0.3736428372792407,0.0018768193202647794,0.7470771205770251,0.003522020690495114,0.8734364998124701,0.004303078572835234,0.21121327718945304,0.0013394134826549343,0.9023777445792144,0.00518168054010981,960.0,0.0,0.0,0.0,-0.38142220067889476,0.0005639926225732905,0.38145748706855787,0.0005467000362638797,0.7388170062992435,0.0009259158607221193,78000.0,76800.0,0.0,1200.0,0.0,76800.0,1536000.0,0.0,0.0,0.0,0.0,0.0,0.0,0.0,0.0,0.0,0.0,0.0,0.0,0.0,0.0,0.0,0.0,,,,,,,,,,,,,,,,,,,,,,,5,0.0,0.0,0.0,0.0,0.0,0.0
20,2,8,raw,raw,1.0,all,0.08505492005497217,0.005419051116166423,0.6267769160520661,0.005358747212709344,1.3703491800181438,0.025026441391070502,0.3054816605541939,0.003754206877745725,1.4924477284683646,0.028267457571733354,1200.0,0.0,0.0,0.0,-0.28553556221138765,0.0021146559517411143,0.29395534025995695,0.0012328761169355972,0.6178010893256254,0.0011399997310054147,1.33793047635051,0.07489396780141311,0.2994719977655035,0.009417845189925236,1.4487075031414007,0.0846465358039951,240.0,0.0,0.0,0.0,-0.28372341566993986,0.006648600202422055,0.29229181063877113,0.004788211060382082,0.6267769160520661,0.005358747212709344,1.3779254297339953,0.028570911087518653,0.3069840762513665,0.0038663458490001542,1.5028366016007546,0.03235475279105734,960.0,0.0,0.0,0.0,-0.2859885988467496,0.0014662721392744368,0.29437122266525345,0.0014595681268165126,0.6156538159618441,0.0008532865538887179,164400.0,153600.0,9600.0,10800.0,9600.0,163200.0,3264000.0,9600.0,9600.0,1.0,0.0,0.3795208333333333,0.003701655973269889,1.0,0.0,0.0,0.0,1.2332879790613078,0.0060868823354312904,1.2332879790613078,0.0060868823354312904,0.0,0.0,7.459336952244908,0.046681551875790366,-1.6741094970381234,0.012847315184175234,1.6741094970381234,0.012847315184175234,1.91091172328372,0.005008913759171474,0.824540181759635,0.0067391808712413,2.498649678797759,0.00996929992920371,,,,,,,,,,,5,0.008407681887810837,0.0,0.0,0.0,1.0,1.0
20,2,8,sample_ball,sample_ball,1.0,all,0.08610923993401229,0.00727838125855196,0.6517948562034687,0.004954592360109742,1.078580882404667,0.007585024825006579,0.25493594950186105,0.0012548766505185635,1.1568499771110727,0.008705733294909994,1200.0,0.0,0.0,0.0,-0.31367273933441797,0.0010507044279974003,0.3150511760877194,0.0008675148914062832,0.6437766143951934,0.00045187262881221424,1.051928491408464,0.017050447388946434,0.25065319971307665,0.0038769144869901465,1.1212758728546024,0.01987478986914706,240.0,0.0,0.0,0.0,-0.31043202005423565,0.0033520899052455195,0.31169176737553095,0.0034740766255617977,0.6517948562034687,0.004954592360109742,1.0851123801884044,0.009798846777458596,0.2560066369490571,0.0012456827951121143,1.1656483111628915,0.011328765172402703,960.0,0.0,0.0,0.0,-0.3144829191544636,0.0006874746043495509,0.3158910282657665,0.0006513323978604277,0.6418602775395027,0.000952251564509073,164400.0,153600.0,9600.0,10800.0,9600.0,163200.0,3264000.0,9600.0,9600.0,1.0,0.0,0.3795208333333333,0.003701655973269889,0.3795208333333333,0.003701655973269889,0.3795208333333333,0.003701655973269889,1.2332879790613078,0.0060868823354312904,0.3558201656867531,0.004986507499968534,0.0,0.0,7.955603755161297,0.050711093842486184,-1.9424682738794234,0.00999794741744197,1.9424682738794234,0.00999794741744197,2.0124282645057177,0.00927521867680511,0.5561814049183347,0.0024132226002686716,2.498649678797759,0.00996929992920371,,,,,,,,,,,5,0.0034233448168157357,0.0,0.0,0.0,1.0,1.0
20,2,8,sample_box,sample_box,1.0,all,0.08444421999156475,0.006612485031429836,0.6025184133453492,0.004447459061995845,1.2044748716094265,0.009727091806691976,0.2784328853939151,0.0016080271804858005,1.3065182400494149,0.010911618228357312,1200.0,0.0,0.0,0.0,-0.28467562807267843,0.0008410585739599021,0.28770599744112535,0.0006216223453016225,0.5950239289061083,0.001726079868176098,1.1737058310139021,0.014635939751143046,0.27437591612748946,0.003876804764160576,1.2656654504334384,0.01668059860291447,240.0,0.0,0.0,0.0,-0.28272478309275517,0.0029837600950975316,0.28539981825786975,0.0031052838961005943,0.6025184133453492,0.004447459061995845,1.2120291375378782,0.011632462753144798,0.2794471277105215,0.0015729003730063514,1.3166427824727465,0.013150407327447905,960.0,0.0,0.0,0.0,-0.28516333931765925,0.000352581981797334,0.2882825422369393,0.0004022177386417671,0.5932333620606038,0.0018648104961017464,164400.0,153600.0,9600.0,10800.0,9600.0,163200.0,3264000.0,9600.0,9600.0,1.0,0.0,0.3795208333333333,0.003701655973269889,1.0,0.0,1.0,0.0,1.2332879790613078,0.0060868823354312904,1.2332879790613078,0.0060868823354312904,0.0,0.0,6.8604989751466094,0.041110803229067606,-1.7461408566376129,0.009679030165593763,1.7461408566376129,0.009679030165593763,1.8516286983831727,0.00781743726762663,0.7525088221601454,0.0029708962008533203,2.498649678797759,0.00996929992920371,,,,,,,,,,,5,0.004963683806786395,0.0,1.0,0.0,1.0,1.0
20,2,8,z_only_box,z_only_box,1.0,all,0.08675594003871083,0.00441369527924684,0.6025184133453492,0.004447459061995845,1.2044748716094265,0.009727091806691976,0.2784328853939151,0.0016080271804858005,1.3065182400494149,0.010911618228357312,1200.0,0.0,0.0,0.0,-0.28467562807267843,0.0008410585739599021,0.28770599744112535,0.0006216223453016225,0.5950239289061083,0.001726079868176098,1.1737058310139021,0.014635939751143046,0.27437591612748946,0.003876804764160576,1.2656654504334384,0.01668059860291447,240.0,0.0,0.0,0.0,-0.28272478309275517,0.0029837600950975316,0.28539981825786975,0.0031052838961005943,0.6025184133453492,0.004447459061995845,1.2120291375378782,0.011632462753144798,0.2794471277105215,0.0015729003730063514,1.3166427824727465,0.013150407327447905,960.0,0.0,0.0,0.0,-0.28516333931765925,0.000352581981797334,0.2882825422369393,0.0004022177386417671,0.5932333620606038,0.0018648104961017464,164400.0,153600.0,9600.0,10800.0,9600.0,163200.0,3264000.0,9600.0,9600.0,1.0,0.0,0.3795208333333333,0.003701655973269889,1.0,0.0,1.0,0.0,1.2332879790613078,0.0060868823354312904,1.2332879790613078,0.0060868823354312904,0.0,0.0,6.8604989751466094,0.041110803229067606,-1.7461408566376129,0.009679030165593763,1.7461408566376129,0.009679030165593763,1.8516286983831727,0.00781743726762663,0.7525088221601454,0.0029708962008533203,2.498649678797759,0.00996929992920371,,,,,,,,,,,5,0.004963683806786395,0.0,1.0,0.0,1.0,1.0
20,2,8,z_zero,z_zero,0.0,all,0.08431558008305728,0.006394706338503731,0.7470771205770251,0.003522020690495114,0.87298719563825,0.004171666060470986,0.21144337629767912,0.0011802811854029832,0.9011546174206255,0.005065309749012842,1200.0,0.0,0.0,0.0,-0.3798639924483153,0.00037808368250378334,0.3798945571106944,0.00037907018868421573,0.7404062814125374,0.0007312979621425651,0.8711766047869738,0.006391717767436184,0.21236377273058338,0.001582348373325087,0.8962964383015202,0.00755958843278946,240.0,0.0,0.0,0.0,-0.3736311595259977,0.0018635870676241121,0.3736428372792407,0.0018768193202647794,0.7470771205770251,0.003522020690495114,0.8734364998124701,0.004303078572835234,0.21121327718945304,0.0013394134826549343,0.9023777445792144,0.00518168054010981,960.0,0.0,0.0,0.0,-0.38142220067889476,0.0005639926225732905,0.38145748706855787,0.0005467000362638797,0.7388170062992435,0.0009259158607221193,164400.0,153600.0,9600.0,10800.0,9600.0,163200.0,3264000.0,9600.0,9600.0,1.0,0.0,0.3795208333333333,0.003701655973269889,1.0,0.0,1.0,0.0,1.2332879790613078,0.0060868823354312904,2.600085323870266,0.012914452023727159,0.0,0.0,11.237144966905785,0.052248450882890804,-2.498649678797759,0.00996929992920371,2.498649678797759,0.00996929992920371,2.498649678797759,0.00996929992920371,0.0,0.0,2.498649678797759,0.00996929992920371,,,,,,,,,,,5,0.0,0.0,0.0,0.0,0.0,0.0
20,2,24,batch_box,batch_box,1.0,all,0.6470793800428509,0.010167748746691109,0.6702771736775865,0.002455181627690829,0.7209779079005655,0.0011026570997856463,0.1738764825649854,0.0004582917904141955,0.7332878805087331,0.00141749439948666,1200.0,0.0,0.0,0.0,-0.33636912071514863,0.0007243104391438755,0.33638588518719975,0.0007275726685183365,0.6657196818202719,0.0016302866088003616,0.7157131078350663,0.004379646436074202,0.17339127348950503,0.0017341648703264683,0.7253742722272711,0.004993872957248606,240.0,0.0,0.0,0.0,-0.33000122483251676,0.0011004878982920094,0.33000122483251676,0.0011004878982920094,0.6702771736775865,0.002455181627690829,0.7222861157209575,0.0016211775172161925,0.17399778483385547,0.0006600863984240854,0.7352754806390774,0.0021759713681202045,960.0,0.0,0.0,0.0,-0.3379610946858066,0.0007185984192113265,0.33798205027587047,0.0007186015915191468,0.6646362541676876,0.0015073512994161408,1412400.0,1382400.0,28800.0,30000.0,28800.0,1411200.0,28224000.0,28800.0,28800.0,0.9987013888888889,0.00019885862587886553,0.1336388888888889,0.001557166824241548,0.9987013888888889,0.00019885862587886553,0.9999166666666668,3.958942448263868e-05,0.2720443458135792,0.0012227107216258646,0.2720443458135792,0.0012227107216258646,0.0,0.0,8.921267676847659,0.04572493381957858,-2.1801113674395287,0.00797474403483012,2.1801113674395287,0.00797474403483012,2.190521309451814,0.008358609862703413,0.3248705204040375,0.003142740458472819,2.504981887843566,0.007742060150621499,0.47038391093493237,0.003775729223972311,0.41229999999999994,0.001923538406167134,0.28209999999999996,0.0018165902124584591,0.7706999999999999,0.02292814863873661,0.9446666666666668,0.005020790110464023,5,0.00043824998095831874,0.0,0.0,0.0,1.0,1.0
20,2,24,box_factor_a0.9,box_factor,0.9,all,0.6377287400420755,0.026093420892391275,0.5991287974690327,0.004796779968097963,0.8124074544745115,0.0026733579086414476,0.1958580456667433,0.0008123764678718377,0.8551786681418273,0.0032360028961070856,1200.0,0.0,0.0,0.0,-0.28942935026240113,0.0011875106754768712,0.2903817300914757,0.0013100763790725202,0.5955816980871415,0.0023680154067671723,0.8009003418935482,0.0036656284965414826,0.19422049863231286,0.0017977521167985213,0.8389886782718904,0.0039028756705314052,240.0,0.0,0.0,0.0,-0.2843731330303641,0.002491208759733368,0.28544369467397673,0.0029307374236297802,0.5991287974690327,0.004796779968097963,0.815255662872804,0.004211079558814053,0.1962674324253509,0.0012196739069561756,0.8592263715263639,0.00500222891847304,960.0,0.0,0.0,0.0,-0.2906934045704104,0.0011835769830052761,0.2916162389458505,0.0011838651752027166,0.5947376760106644,0.0019076249753320433,1412400.0,1382400.0,28800.0,30000.0,28800.0,1411200.0,28224000.0,28800.0,28800.0,0.9987013888888889,0.00019885862587886553,0.1336388888888889,0.001557166824241548,0.9987638888888888,0.00023110501794850613,0.9987638888888888,0.00023110501794850613,0.2720443458135792,0.0012227107216258646,0.30362565540557696,0.0013384917979386746,0.0,0.0,6.911629195313466,0.04310652925411263,-1.7684551100941164,0.008291985257023344,1.7684551100941164,0.008291985257023344,1.8552086603509346,0.008727213510155216,0.7365267777494499,0.0036211911239649804,2.504981887843566,0.007742060150621499,,,,,,,,,,,5,0.001596937726422177,0.0,1.0,0.0,1.0,1.0
20,2,24,box_factor_a2,box_factor,2.0,all,0.6336321800015867,0.025194824896018483,0.5675507582096287,0.004808604043806516,0.9176352406350224,0.00503258889837593,0.21727423801493492,0.00110347337768231,0.9819213445825212,0.005862760926778451,1200.0,0.0,0.0,0.0,-0.2641929333165434,0.0013473407452012794,0.2677480028298744,0.0013283971477591504,0.5651283795018813,0.002841668778946383,0.901053652662388,0.006809206140867883,0.21487707905742534,0.002077138489656632,0.959267795769757,0.007581435490832116,240.0,0.0,0.0,0.0,-0.2595665057310669,0.0027422109940830088,0.2628145802176439,0.002892880472973121,0.5675507582096287,0.004808604043806516,0.9217230683074298,0.007382877095466068,0.21787352775431232,0.0018393685123228923,0.9875624262417,0.008558693256846404,960.0,0.0,0.0,0.0,-0.26534954021291257,0.0014329582222506925,0.26898135848293203,0.0012644930940910561,0.5645525346983229,0.002442108930756656,1412400.0,1382400.0,28800.0,30000.0,28800.0,1411200.0,28224000.0,28800.0,28800.0,0.9987013888888889,0.00019885862587886553,0.1336388888888889,0.001557166824241548,0.9972569444444443,0.00029154263235673235,0.9972569444444443,0.00029154263235673235,0.2720443458135792,0.0012227107216258646,0.15168125308063907,0.0008260176116820732,0.0,0.0,6.304834184211552,0.04597597241123624,-1.5364390977656668,0.00998950781649239,1.5364390977656668,0.00998950781649239,1.7274574495069976,0.010209454701980855,0.9685427900778993,0.004279216388581329,2.504981887843566,0.007742060150621499,,,,,,,,,,,5,0.002926807789041352,1.0,1.0,1.0,1.0,1.0
20,2,24,f_zero,f_zero,0.0,all,0.2969551199581474,0.012658636703202625,0.7455199972653211,0.0010060083641874136,0.7600521049386014,0.0008769688667939208,0.18517512010821474,0.00034086417182165735,0.7648691698322454,0.0011165855924844042,1200.0,0.0,0.0,0.0,-0.37961225349309613,0.0001582154315931716,0.3796128316979456,0.0001583288295576617,0.7390790611135692,0.0003285965848778761,0.7578809254120034,0.001276602152875558,0.18615623434918477,0.00036820838755037663,0.7605867688697086,0.001531212687752003,240.0,0.0,0.0,0.0,-0.37310316731025067,0.0006173188407853389,0.37310316731025067,0.0006173188407853389,0.7455199972653211,0.0010060083641874136,0.7605943722136347,0.0008481286907087854,0.18492984154797223,0.00035745569918296105,0.7659506734413073,0.0010818633135449903,960.0,0.0,0.0,0.0,-0.38123952503880754,0.00015784769058185705,0.38124024779486937,0.00015867073865371818,0.737546374568665,0.0002807817994088037,692400.0,691200.0,0.0,1200.0,0.0,691200.0,13824000.0,0.0,0.0,0.0,0.0,0.0,0.0,0.0,0.0,0.0,0.0,0.0,0.0,0.0,0.0,0.0,0.0,,,,,,,,,,,,,,,,,,,,,,,5,0.0,0.0,0.0,0.0,0.0,0.0
20,2,24,raw,raw,1.0,all,0.6216593999881297,0.019016812898763436,0.6025090054958254,0.0049343316597157145,0.8807809972720616,0.003971405383648727,0.2113548140859974,0.0007773669091153806,0.934426473379222,0.004708325942030967,1200.0,0.0,0.0,0.0,-0.283739187522903,0.0012444567653945074,0.28597989249894706,0.0013285375816395268,0.5991431009983561,0.0025911923156738607,0.8657575233995853,0.009338310622793482,0.2090216244191537,0.0026295325625450227,0.9137793892235113,0.010718481186625401,240.0,0.0,0.0,0.0,-0.27864867971563895,0.0023767551715279346,0.2807071652842222,0.002729243068221553,0.6025090054958254,0.0049343316597157145,0.8844805005156801,0.0065085612168671635,0.2119381115027083,0.0015375053810450785,0.9395623937497725,0.007606070139307147,960.0,0.0,0.0,0.0,-0.285011814474719,0.001372377750214929,0.28729807430262827,0.001283549464441706,0.5983422787256184,0.0021716239950525596,1412400.0,1382400.0,28800.0,30000.0,28800.0,1411200.0,28224000.0,28800.0,28800.0,0.9987013888888889,0.00019885862587886553,0.1336388888888889,0.001557166824241548,0.9987013888888889,0.00019885862587886553,0.0,0.0,0.2720443458135792,0.0012227107216258646,0.2720443458135792,0.0012227107216258646,0.0,0.0,6.935794562420405,0.05115051875892564,-1.663168391465407,0.009639189754957207,1.663168391465407,0.009639189754957207,1.8226393954342002,0.010969968365088952,0.8418134963781594,0.0037038181645539276,2.504981887843566,0.007742060150621499,,,,,,,,,,,5,0.0024464806342679737,0.0,0.0,0.0,1.0,1.0
20,2,24,sample_ball,sample_ball,1.0,all,0.6345183799974621,0.01224064178309674,0.6100139338841845,0.004378963182479774,0.8386013763383234,0.0027736244398221714,0.20234554685229728,0.0006299889999114526,0.8841100842117575,0.003376947456205207,1200.0,0.0,0.0,0.0,-0.2914762172384242,0.0012630271732924831,0.29271032965392285,0.001362719298826339,0.6063712224456482,0.0025637737605198403,0.8256648346468263,0.007086824847989561,0.20037005651518172,0.0023300463890399995,0.8661272103781515,0.008077814118397432,240.0,0.0,0.0,0.0,-0.2862396167976249,0.0022122239104359277,0.2875196859113631,0.002681891652501879,0.6100139338841845,0.004378963182479774,0.8417943214553378,0.004992136745241738,0.20283941943657618,0.0012401015092346373,0.88859346709972,0.005909132928731655,960.0,0.0,0.0,0.0,-0.29278536734862404,0.0014222290305230532,0.2940079905895628,0.0013858482572177587,0.6055049083981281,0.002258780721595284,1412400.0,1382400.0,28800.0,30000.0,28800.0,1411200.0,28224000.0,28800.0,28800.0,0.9987013888888889,0.00019885862587886553,0.1336388888888889,0.001557166824241548,0.1336388888888889,0.001557166824241548,0.1336388888888889,0.001557166824241548,0.2720443458135792,0.0012227107216258646,0.02696834071910295,0.0006549658362040768,0.0,0.0,7.042587412266203,0.048573940636061734,-1.7504900149795315,0.008945958155786523,1.7504900149795315,0.008945958155786523,1.8529744549538596,0.009409791500379024,0.7544918728640344,0.0038863023864185112,2.504981887843566,0.007742060150621499,,,,,,,,,,,5,0.0018911968325149265,0.0,0.0,0.0,1.0,1.0
20,2,24,sample_box,sample_box,1.0,all,0.6286228999961168,0.012484433645960722,0.592530870043006,0.004867165365238626,0.828432794066513,0.0030673690367755057,0.19920251430720617,0.0008796890926886082,0.874939060289732,0.0036785289786455742,1200.0,0.0,0.0,0.0,-0.2846657442867684,0.001230845487269472,0.28588903447713393,0.0013324060298939048,0.5892616020013858,0.002463939276258303,0.8162588174436853,0.0037597748349548327,0.1974471172114886,0.0018062930325488196,0.8578865750100485,0.004040401925174265,240.0,0.0,0.0,0.0,-0.2796517278675909,0.002566396906709264,0.2809539023623916,0.003021945800790297,0.592530870043006,0.004867165365238626,0.8314446094829446,0.004720208768025002,0.19964136358113554,0.0013421775175574996,0.8792003283677605,0.0055735586870310095,960.0,0.0,0.0,0.0,-0.2859192483915628,0.0012406389386493341,0.28712281750581947,0.0012041088207615036,0.5884837713940577,0.0020071417963435836,1412400.0,1382400.0,28800.0,30000.0,28800.0,1411200.0,28224000.0,28800.0,28800.0,0.9987013888888889,0.00019885862587886553,0.1336388888888889,0.001557166824241548,0.9987013888888889,0.00019885862587886553,0.9987013888888889,0.00019885862587886553,0.2720443458135792,0.0012227107216258646,0.2720443458135792,0.0012227107216258646,0.0,0.0,6.759614286304489,0.04380844611282369,-1.72625694017037,0.008538682853061605,1.72625694017037,0.008538682853061605,1.8253403942524238,0.008781764865220542,0.7787249476731964,0.0037957504753126734,2.504981887843566,0.007742060150621499,,,,,,,,,,,5,0.0017987696365064927,0.0,1.0,0.0,1.0,1.0
20,2,24,z_only_box,z_only_box,1.0,all,0.6305908799637109,0.017637528000315268,0.592530870043006,0.004867165365238626,0.828432794066513,0.0030673690367755057,0.19920251430720617,0.0008796890926886082,0.874939060289732,0.0036785289786455742,1200.0,0.0,0.0,0.0,-0.2846657442867684,0.001230845487269472,0.28588903447713393,0.0013324060298939048,0.5892616020013858,0.002463939276258303,0.8162588174436853,0.0037597748349548327,0.1974471172114886,0.0018062930325488196,0.8578865750100485,0.004040401925174265,240.0,0.0,0.0,0.0,-0.2796517278675909,0.002566396906709264,0.2809539023623916,0.003021945800790297,0.592530870043006,0.004867165365238626,0.8314446094829446,0.004720208768025002,0.19964136358113554,0.0013421775175574996,0.8792003283677605,0.0055735586870310095,960.0,0.0,0.0,0.0,-0.2859192483915628,0.0012406389386493341,0.28712281750581947,0.0012041088207615036,0.5884837713940577,0.0020071417963435836,1412400.0,1382400.0,28800.0,30000.0,28800.0,1411200.0,28224000.0,28800.0,28800.0,0.9987013888888889,0.00019885862587886553,0.1336388888888889,0.001557166824241548,0.9987013888888889,0.00019885862587886553,0.9987013888888889,0.00019885862587886553,0.2720443458135792,0.0012227107216258646,0.2720443458135792,0.0012227107216258646,0.0,0.0,6.759614286304489,0.04380844611282369,-1.72625694017037,0.008538682853061605,1.72625694017037,0.008538682853061605,1.8253403942524238,0.008781764865220542,0.7787249476731964,0.0037957504753126734,2.504981887843566,0.007742060150621499,,,,,,,,,,,5,0.0017987696365064927,0.0,1.0,0.0,1.0,1.0
20,2,24,z_zero,z_zero,0.0,all,0.6343162200413645,0.009604579455075668,0.7455199972653211,0.0010060083641874136,0.7600521049386014,0.0008769688667939208,0.18517512010821474,0.00034086417182165735,0.7648691698322454,0.0011165855924844042,1200.0,0.0,0.0,0.0,-0.37961225349309613,0.0001582154315931716,0.3796128316979456,0.0001583288295576617,0.7390790611135692,0.0003285965848778761,0.7578809254120034,0.001276602152875558,0.18615623434918477,0.00036820838755037663,0.7605867688697086,0.001531212687752003,240.0,0.0,0.0,0.0,-0.37310316731025067,0.0006173188407853389,0.37310316731025067,0.0006173188407853389,0.7455199972653211,0.0010060083641874136,0.7605943722136347,0.0008481286907087854,0.18492984154797223,0.00035745569918296105,0.7659506734413073,0.0010818633135449903,960.0,0.0,0.0,0.0,-0.38123952503880754,0.00015784769058185705,0.38124024779486937,0.00015867073865371818,0.737546374568665,0.0002807817994088037,1412400.0,1382400.0,28800.0,30000.0,28800.0,1411200.0,28224000.0,28800.0,28800.0,0.9987013888888889,0.00019885862587886553,0.1336388888888889,0.001557166824241548,1.0,0.0,1.0,0.0,0.2720443458135792,0.0012227107216258646,1.0812193060204331,0.002521679443269648,0.0,0.0,11.287145324396414,0.036150565815998625,-2.504981887843566,0.007742060150621499,2.504981887843566,0.007742060150621499,2.504981887843566,0.007742060150621499,0.0,0.0,2.504981887843566,0.007742060150621499,,,,,,,,,,,5,0.0,0.0,0.0,0.0,0.0,0.0
20,2,32,batch_box,batch_box,1.0,all,1.2681898199487478,0.049379938735484796,0.6711233487363998,0.0029675276531342196,0.7053885035958042,0.0008345304531356717,0.16996102970441954,0.00035549518031512616,0.71504440016796,0.000804334570823238,1200.0,0.0,0.0,0.0,-0.3349482578163857,0.0007820124333075603,0.33496186299035935,0.000781913441626575,0.6624710451657206,0.0014035500966765556,0.7030427597956674,0.002004339824769377,0.17068542048254087,0.0006186041857222304,0.7099053763299622,0.0024518375529182087,240.0,0.0,0.0,0.0,-0.33056849042800474,0.0018460311798737983,0.3305721675053447,0.0018425777641168616,0.6711233487363998,0.0029675276531342196,0.7059736230551521,0.0010226267216205305,0.1697799320098892,0.0003834109087510411,0.7163400506170766,0.001058978063983484,960.0,0.0,0.0,0.0,-0.33604319966348106,0.0005434072122888932,0.33605928686161307,0.0005453168596745656,0.6604062834432953,0.0010552083547655966,2497200.0,2457600.0,38400.0,39600.0,38400.0,2496000.0,49920000.0,38400.0,38400.0,0.9957916666666666,0.00021756873514798956,0.09196875,0.001224872220872564,0.9957916666666666,0.00021756873514798956,0.9998072916666667,5.995241892304019e-05,0.17833940712338606,0.001307156531561859,0.17833940712338606,0.001307156531561859,0.0,0.0,8.842847247668,0.045588614456336704,-2.1652522875842695,0.009104393962602039,2.1652522875842695,0.009104393962602039,2.178188244004911,0.008308565321443806,0.33915148218459706,0.0030662416477526297,2.5044037697688664,0.0067824871626678725,0.49759539757913673,0.0021956244948601,0.4441,0.002701851217221255,0.3095,0.003741657386773932,0.7895,0.011022703842524337,0.9441666666666666,0.0028259708263022334,5,0.00036134047812438474,0.0,0.0,0.0,1.0,1.0
20,2,32,box_factor_a0.9,box_factor,0.9,all,1.2029125000350178,0.1353419567103478,0.602887176191677,0.003548887278951077,0.77065273965893,0.0004199961481046338,0.18648093024542636,0.00039437020830665844,0.8064469369239496,0.0006876523714726489,1200.0,0.0,0.0,0.0,-0.2888909508309447,0.0008868663231478155,0.2897334343425873,0.0007837359428679306,0.5935372266901661,0.0012432178615827873,0.7619548197992859,0.006489236713896873,0.18609732310801894,0.0016640221866048336,0.7928221069115875,0.00815140345991618,240.0,0.0,0.0,0.0,-0.2866167859743916,0.00253492023328747,0.2875445203709116,0.0026435894732464295,0.602887176191677,0.003548887278951077,0.7728079985695118,0.0011517556966405512,0.1865768320297782,0.0007017149252859302,0.8098549856642896,0.0013109759927090383,960.0,0.0,0.0,0.0,-0.2894594920450829,0.000711338446034485,0.29028066283550624,0.0006329928215204056,0.5913016315507167,0.0007832107905387948,2497200.0,2457600.0,38400.0,39600.0,38400.0,2496000.0,49920000.0,38400.0,38400.0,0.9957916666666666,0.00021756873514798956,0.09196875,0.001224872220872564,0.9961249999999999,0.0001969549000123947,0.9961249999999999,0.0001969549000123947,0.17833940712338606,0.001307156531561859,0.2026282092769837,0.001434231786670593,0.0,0.0,6.898382239873264,0.04485368602203168,-1.758914171896206,0.00888307622403568,1.758914171896206,0.00888307622403568,1.8494611840665711,0.007819008738043382,0.745489597872661,0.0035327497867334084,2.5044037697688664,0.0067824871626678725,,,,,,,,,,,5,0.001277685124729195,0.0,1.0,0.0,1.0,1.0
20,2,32,box_factor_a2,box_factor,2.0,all,1.2197097199968994,0.14004226338282963,0.578039454231362,0.0044005503540988,0.839685216956451,0.002436863834243689,0.200902719545173,0.00046248791237729755,0.8912733389744216,0.0030577751774777005,1200.0,0.0,0.0,0.0,-0.26803770337821264,0.0013837678282604122,0.27080546605088707,0.0010627386612062665,0.568207948323119,0.0018223245627308176,0.8271054492910755,0.012939589891165787,0.19983595339873578,0.0025188153881663027,0.8726142604741641,0.015600342812782003,240.0,0.0,0.0,0.0,-0.26684200414644965,0.0035389733032799345,0.2690755773492048,0.003467815157711638,0.578039454231362,0.0044005503540988,0.8427871628741469,0.0008297440899124437,0.20116941108178232,0.0007910471788467611,0.895918244277072,0.0009088993358855996,960.0,0.0,0.0,0.0,-0.26833662818615345,0.0011830191846571544,0.2712379382263076,0.0008119777648487984,0.5658547161679158,0.0012523929678835723,2497200.0,2457600.0,38400.0,39600.0,38400.0,2496000.0,49920000.0,38400.0,38400.0,0.9957916666666666,0.00021756873514798956,0.09196875,0.001224872220872564,0.9913697916666667,0.00031659641490480614,0.9913697916666667,0.00031659641490480614,0.17833940712338606,0.001307156531561859,0.09682197696690856,0.000825731993924832,0.0,0.0,6.388192639193053,0.04471013732495294,-1.563849416401472,0.010857351195146714,1.563849416401472,0.010857351195146714,1.7385293668299098,0.00790251106662163,0.9405543533673949,0.0057691557327263715,2.5044037697688664,0.0067824871626678725,,,,,,,,,,,5,0.0021325261932285183,1.0,1.0,1.0,1.0,1.0
20,2,32,f_zero,f_zero,0.0,all,0.5859786600340158,0.043868140279884504,0.7461602358334145,0.00073751072519233,0.7528737231846814,0.0009045131288511493,0.18330174782635994,0.0003376554536755156,0.7560240568541561,0.0010823912082661554,1200.0,0.0,0.0,0.0,-0.37980081704189084,0.00010634388437379834,0.379801262142663,0.000106246612565495,0.7392378345316528,0.00019003962194812687,0.7507015587200978,0.0009679200220375669,0.18459857728688966,0.00035317169307387574,0.7517019673493867,0.0010766297795961558,240.0,0.0,0.0,0.0,-0.373501928252294,0.00045647656320989136,0.373501928252294,0.00045647656320989136,0.7461602358334145,0.00073751072519233,0.7534162292072721,0.0009736376410839719,0.1829775404612275,0.00035943861257318625,0.7571155027966545,0.0011731577382727556,960.0,0.0,0.0,0.0,-0.3813755392392901,0.00016212758319102862,0.38137609561525526,0.00016173022131240665,0.7375899560608021,0.0002094983744950259,1230000.0,1228800.0,0.0,1200.0,0.0,1228800.0,24576000.0,0.0,0.0,0.0,0.0,0.0,0.0,0.0,0.0,0.0,0.0,0.0,0.0,0.0,0.0,0.0,0.0,,,,,,,,,,,,,,,,,,,,,,,5,0.0,0.0,0.0,0.0,0.0,0.0
20,2,32,raw,raw,1.0,all,1.26151687996462,0.02517609814601282,0.6060866380267335,0.004733714854093934,0.8210603701844805,0.0017447391293972496,0.19831015347431524,0.0006321731359124418,0.8653101424132096,0.0022917288440243333,1200.0,0.0,0.0,0.0,-0.28334630270804007,0.0014117085553870645,0.2851455385045197,0.0011971219871568025,0.5956029928521507,0.001968858704061045,0.8113519997723234,0.010224784183518375,0.19767221658420997,0.0019555692287053787,0.8500573058462797,0.012668031240349053,240.0,0.0,0.0,0.0,-0.28165588635921807,0.00353034009725363,0.28316878988618,0.0035035321387308646,0.6060866380267335,0.004733714854093934,0.8234599479080049,0.0015158797172489125,0.19846963769684156,0.0009845328449485991,0.8691165763338489,0.0016950426020226547,960.0,0.0,0.0,0.0,-0.2837689067952456,0.001196366988010491,0.2856397256591046,0.0009659007096227799,0.5930931590375815,0.0013576267134350042,2497200.0,2457600.0,38400.0,39600.0,38400.0,2496000.0,49920000.0,38400.0,38400.0,0.9957916666666666,0.00021756873514798956,0.09196875,0.001224872220872564,0.9957916666666666,0.00021756873514798956,0.0,0.0,0.17833940712338606,0.001307156531561859,0.17833940712338606,0.001307156531561859,0.0,0.0,6.883624295490092,0.04805870733092739,-1.6622580913477818,0.011467505693623918,1.6622580913477818,0.011467505693623918,1.8116288593316807,0.008489562516202856,0.8421456784210847,0.006151621162861474,2.5044037697688664,0.0067824871626678725,,,,,,,,,,,5,0.0018764519525002869,0.0,0.0,0.0,1.0,1.0
20,2,32,sample_ball,sample_ball,1.0,all,1.2560999799519776,0.022523562756353935,0.6101461944331344,0.004546410616732181,0.7989455995563339,0.0011085797772890497,0.1933593966844449,0.0005768859260399009,0.8386611272307076,0.0015669779532634545,1200.0,0.0,0.0,0.0,-0.2881794916564687,0.001221076091278414,0.2893935202078297,0.0010840894658446015,0.599946721043693,0.0018030337900115856,0.7896065264026744,0.007882092242983552,0.19289626046096245,0.0018145155782638416,0.8240159306566621,0.009938653898299255,240.0,0.0,0.0,0.0,-0.2862312429476031,0.003168095236718882,0.2872949158931184,0.0032671914864892833,0.6101461944331344,0.004546410616732181,0.8012584279071511,0.0006228475347190836,0.19347518074031553,0.0008219480043025731,0.8423220504064254,0.0005752817667341496,960.0,0.0,0.0,0.0,-0.28866655383368517,0.000937554784347947,0.2899181712865076,0.0007957337105502328,0.597505852005345,0.0011799777865064657,2497200.0,2457600.0,38400.0,39600.0,38400.0,2496000.0,49920000.0,38400.0,38400.0,0.9957916666666666,0.00021756873514798956,0.09196875,0.001224872220872564,0.09196875,0.001224872220872564,0.09196875,0.001224872220872564,0.17833940712338606,0.001307156531561859,0.0131299540773863,0.0005928710874392402,0.0,0.0,6.942601403428955,0.05003015599774624,-1.7192416758916191,0.010743363422076407,1.7192416758916191,0.010743363422076407,1.831092010672808,0.008940284723211003,0.7851620938772477,0.0052212621062022,2.5044037697688664,0.0067824871626678725,,,,,,,,,,,5,0.0015752801017871875,0.0,0.0,0.0,1.0,1.0
20,2,32,sample_box,sample_box,1.0,all,1.2663360599894076,0.021213266332115514,0.5972230987747491,0.0036908424086163545,0.7821266611135133,0.0006948713792112777,0.18892018402500885,0.00042226007404252036,0.8209254497237236,0.0010151994661030369,1200.0,0.0,0.0,0.0,-0.28455177175449287,0.0009604135460243057,0.28562543630932735,0.0008333248016578517,0.5878016981777098,0.001334617415853757,0.7726826108430884,0.007555895662149585,0.18843703912656723,0.001868332746300247,0.8063316308676824,0.009389949821921493,240.0,0.0,0.0,0.0,-0.2824946957353802,0.0026877655693194505,0.2835788921367674,0.0027975947714763486,0.5972230987747491,0.0036908424086163545,0.7844646278942156,0.00107073959788657,0.18904097024961924,0.0007453065588453273,0.824572438308168,0.0012026343750072461,960.0,0.0,0.0,0.0,-0.285066040759271,0.0007823501256206206,0.2861370723524673,0.0006758197038905851,0.5855485969360165,0.000846080401343619,2497200.0,2457600.0,38400.0,39600.0,38400.0,2496000.0,49920000.0,38400.0,38400.0,0.9957916666666666,0.00021756873514798956,0.09196875,0.001224872220872564,0.9957916666666666,0.00021756873514798956,0.9957916666666666,0.00021756873514798956,0.17833940712338606,0.001307156531561859,0.17833940712338606,0.001307156531561859,0.0,0.0,6.762503421532654,0.045072373366847066,-1.7198992238792776,0.009178340436996406,1.7198992238792776,0.009178340436996406,1.821976760280895,0.007842555664564915,0.784504545889589,0.0038696159508131516,2.5044037697688664,0.0067824871626678725,,,,,,,,,,,5,0.0014241995327791742,0.0,1.0,0.0,1.0,1.0
20,2,32,z_only_box,z_only_box,1.0,all,1.2525959799531847,0.026387259434122217,0.5972230987747491,0.0036908424086163545,0.7821266611135133,0.0006948713792112777,0.18892018402500885,0.00042226007404252036,0.8209254497237236,0.0010151994661030369,1200.0,0.0,0.0,0.0,-0.28455177175449287,0.0009604135460243057,0.28562543630932735,0.0008333248016578517,0.5878016981777098,0.001334617415853757,0.7726826108430884,0.007555895662149585,0.18843703912656723,0.001868332746300247,0.8063316308676824,0.009389949821921493,240.0,0.0,0.0,0.0,-0.2824946957353802,0.0026877655693194505,0.2835788921367674,0.0027975947714763486,0.5972230987747491,0.0036908424086163545,0.7844646278942156,0.00107073959788657,0.18904097024961924,0.0007453065588453273,0.824572438308168,0.0012026343750072461,960.0,0.0,0.0,0.0,-0.285066040759271,0.0007823501256206206,0.2861370723524673,0.0006758197038905851,0.5855485969360165,0.000846080401343619,2497200.0,2457600.0,38400.0,39600.0,38400.0,2496000.0,49920000.0,38400.0,38400.0,0.9957916666666666,0.00021756873514798956,0.09196875,0.001224872220872564,0.9957916666666666,0.00021756873514798956,0.9957916666666666,0.00021756873514798956,0.17833940712338606,0.001307156531561859,0.17833940712338606,0.001307156531561859,0.0,0.0,6.762503421532654,0.045072373366847066,-1.7198992238792776,0.009178340436996406,1.7198992238792776,0.009178340436996406,1.821976760280895,0.007842555664564915,0.784504545889589,0.0038696159508131516,2.5044037697688664,0.0067824871626678725,,,,,,,,,,,5,0.0014241995327791742,0.0,1.0,0.0,1.0,1.0
20,2,32,z_zero,z_zero,0.0,all,1.2301169998943806,0.034945202631548274,0.7461602358334145,0.00073751072519233,0.7528737231846814,0.0009045131288511493,0.18330174782635994,0.0003376554536755156,0.7560240568541561,0.0010823912082661554,1200.0,0.0,0.0,0.0,-0.37980081704189084,0.00010634388437379834,0.379801262142663,0.000106246612565495,0.7392378345316528,0.00019003962194812687,0.7507015587200978,0.0009679200220375669,0.18459857728688966,0.00035317169307387574,0.7517019673493867,0.0010766297795961558,240.0,0.0,0.0,0.0,-0.373501928252294,0.00045647656320989136,0.373501928252294,0.00045647656320989136,0.7461602358334145,0.00073751072519233,0.7534162292072721,0.0009736376410839719,0.1829775404612275,0.00035943861257318625,0.7571155027966545,0.0011731577382727556,960.0,0.0,0.0,0.0,-0.3813755392392901,0.00016212758319102862,0.38137609561525526,0.00016173022131240665,0.7375899560608021,0.0002094983744950259,2497200.0,2457600.0,38400.0,39600.0,38400.0,2496000.0,49920000.0,38400.0,38400.0,0.9957916666666666,0.00021756873514798956,0.09196875,0.001224872220872564,1.0,0.0,1.0,0.0,0.17833940712338606,0.001307156531561859,0.8936932346663863,0.003894458692753499,0.0,0.0,11.28843567078867,0.036139610247186205,-2.5044037697688664,0.0067824871626678725,2.5044037697688664,0.0067824871626678725,2.5044037697688664,0.0067824871626678725,0.0,0.0,2.5044037697688664,0.0067824871626678725,,,,,,,,,,,5,0.0,0.0,0.0,0.0,0.0,0.0
20,3,3,batch_box,batch_box,1.0,all,0.13907186002470553,0.010265185583859752,0.6676354160863414,0.007214601457780655,1.194302287884187,0.006164531372372471,0.2784294243778815,0.0016082452555406508,1.2875731242537727,0.00750347638941984,1200.0,0.0,0.0,0.0,-0.3294853695134744,0.002750921027142786,0.3302717302193733,0.0021914407720049073,0.6599369466603018,0.004827120467220798,1.167678211730238,0.00680491972949116,0.27356591531998986,0.0013774674084919146,1.2515577327149927,0.00731581045394856,240.0,0.0,0.0,0.0,-0.3237620490674217,0.00432934526747797,0.3251437711114383,0.0027982163124969433,0.6676354160863414,0.007214601457780655,1.2008661511492114,0.007406944181434624,0.2796453016423544,0.001988973225620512,1.2965354334657841,0.008963569773597158,960.0,0.0,0.0,0.0,-0.33091619962498753,0.002404720315711307,0.331553719996357,0.002170388157129499,0.6580994298853365,0.004515649921663082,170400.0,140400.0,28800.0,30000.0,25200.0,165600.0,3312000.0,25200.0,28800.0,0.9999930555555556,1.5528249843738554e-05,0.46286111111111106,0.0035106038388390787,0.9999930555555556,1.5528249843738554e-05,0.9999930555555556,1.5528249843738554e-05,3.4726144265727483,0.05129064596093001,3.4726144265727483,0.05129064596093001,0.0,0.0,8.08960551702902,0.09300232150757597,-1.964381256905634,0.019144292569784862,1.964381256905634,0.019144292569784862,1.9831691300521161,0.01884671668464064,0.2814108399669997,0.001815084705423571,2.245792096872634,0.019980424311638337,0.4372137931652116,0.0027785696911663185,0.29189999999999994,0.0050299105359837195,0.13730000000000003,0.0013038404810405315,0.9995,0.0,0.8091111111111111,0.005064780960006042,5,0.0033164366448785207,0.0,1.0,0.0,1.0,1.0
20,3,3,box_factor_a0.9,box_factor,0.9,all,0.12274473998695612,0.004315559461650787,0.5511804113095236,0.01047031659967635,2.012531111453221,0.0575927059138726,0.4246683583870766,0.008870805268516897,2.2198398336207177,0.06485835678376672,1200.0,0.0,0.0,0.0,-0.2382089614653939,0.004430918375386335,0.2540682222276583,0.004398817011762522,0.5425713138497505,0.010981908123585741,1.999230636036464,0.0489811740595359,0.4187281750442403,0.006322390688121783,2.1939737886261717,0.054267092117650385,240.0,0.0,0.0,0.0,-0.23504848976446846,0.004177500910599831,0.2527323946148936,0.005550682898367982,0.5511804113095236,0.01047031659967635,2.015559128189134,0.07064638098626885,0.4261534042227856,0.011133557291861544,2.2260220764809637,0.07962866486870869,960.0,0.0,0.0,0.0,-0.23899907939062523,0.004629864566147475,0.25440217913084945,0.004234018230120056,0.5405125842431966,0.011170951258595253,170400.0,140400.0,28800.0,30000.0,25200.0,165600.0,3312000.0,25200.0,28800.0,0.9999930555555556,1.5528249843738554e-05,0.46989583333333335,0.003177320498130362,0.9999930555555556,1.5528249843738554e-05,0.9999930555555556,1.5528249843738554e-05,3.69307719668985,0.05661448064529209,3.839364357802853,0.05812339768734824,0.0,0.0,5.99603175662348,0.0645779927709986,-1.5373209807769166,0.016012089273608178,1.5373209807769166,0.016012089273608178,1.6492703175064125,0.014185696394243176,0.708471116095717,0.0049108555336885166,2.245792096872634,0.019980424311638337,,,,,,,,,,,5,0.017524463171081906,0.0,1.0,0.0,1.0,1.0
20,3,3,box_factor_a1.25,box_factor,1.25,all,0.12824568003416062,0.00860333077899504,0.5327872811600334,0.02175098489623967,2.821632203022696,0.10045218365975055,0.5554175010544137,0.01509118296230222,3.123800931907362,0.1122605149311941,1200.0,0.0,0.0,0.0,-0.18219719301194753,0.006502876022680729,0.23462137670242905,0.00579007064753328,0.5211274070920222,0.014545523742191882,2.82238093002961,0.08321684604159733,0.5482706020041646,0.008736202879775081,3.1087654760470347,0.09180712119833584,240.0,0.0,0.0,0.0,-0.18160986145660765,0.006242951408429458,0.23394927908875154,0.009260908593700636,0.5327872811600334,0.02175098489623967,2.820911957345949,0.12099990536299343,0.557204225816976,0.018763568462100387,3.1270043928678675,0.1353493032823749,960.0,0.0,0.0,0.0,-0.18234402590078252,0.006655397674689266,0.2347894011058484,0.005000192597352063,0.518314081660074,0.013026244456031085,170400.0,140400.0,28800.0,30000.0,25200.0,165600.0,3312000.0,25200.0,28800.0,0.9999930555555556,1.5528249843738554e-05,0.4721805555555555,0.0031467606555721267,0.9999930555555556,1.5528249843738554e-05,0.9999930555555556,1.5528249843738554e-05,3.878433872933246,0.060246181079852426,3.544261300687124,0.05666068704268975,0.0,0.0,5.44325765306311,0.057258191367951516,-1.336228239102667,0.014381432726070132,1.336228239102667,0.014381432726070132,1.5435621279629363,0.012519375716723263,0.9095638577699671,0.006976273937839911,2.245792096872634,0.019980424311638337,,,,,,,,,,,5,0.03721064657513213,1.0,1.0,1.0,1.0,1.0
20,3,3,f_zero,f_zero,0.0,all,0.015908700041472913,0.002812400519619454,0.7455018252954465,0.007784458467074432,1.0233601885033259,0.0036651552946382346,0.24449815076049236,0.0013327243280087562,1.0787428801597985,0.004183610948546569,1200.0,0.0,0.0,0.0,-0.3790337547738839,0.0015350080142228354,0.37912696166543347,0.001544973729225335,0.7409219225485553,0.0026334495269098104,1.0122354815943297,0.014555985573774376,0.24322974791167754,0.0040938380766460045,1.0622082448058503,0.01592737941456639,240.0,0.0,0.0,0.0,-0.3719674681314013,0.003978757226299096,0.3720284517410791,0.004014023875206228,0.7455018252954465,0.007784458467074432,1.0261083759584557,0.0026373877203611433,0.2448152514726961,0.0008245958186242964,1.0828743358002237,0.003140640969517385,960.0,0.0,0.0,0.0,-0.3808003264345045,0.0012002431751479583,0.38090158914652206,0.0011820386394676707,0.7398284087933986,0.002079226684282388,33600.0,32400.0,0.0,1200.0,0.0,32400.0,648000.0,0.0,0.0,0.0,0.0,0.0,0.0,0.0,0.0,0.0,0.0,0.0,0.0,0.0,0.0,0.0,0.0,,,,,,,,,,,,,,,,,,,,,,,5,0.0,0.0,1.0,0.0,0.0,0.0
20,3,3,raw,raw,1.0,all,0.11531357998028398,0.004871075707778266,1.0914977231631877,0.24229243723308774,9.975856872633159,1.6151954695057529,1.0336216537438214,0.04363575237541834,11.063630889435192,1.7897523706867136,1200.0,0.0,0.0,0.0,-0.13159919428522387,0.0105998104043314,0.371899600830073,0.012859553245149261,1.2446148699768602,0.284822958589547,10.289851951004751,4.721256999284156,1.0259059924564085,0.06724462745162219,11.358538920730313,5.217604627920121,240.0,0.0,0.0,0.0,-0.1449947058019422,0.030039468398161337,0.35867462447042564,0.01576214128423512,1.0914977231631877,0.24229243723308774,9.746635442101741,1.159418276877488,1.0355505690656746,0.048903141079039016,10.821188374059892,1.2854416272692868,960.0,0.0,0.0,0.0,-0.12825031640604428,0.008039101896133107,0.3752058449199849,0.014356543199434992,1.2751006904907658,0.3102089626887798,170400.0,140400.0,28800.0,30000.0,25200.0,165600.0,3312000.0,25200.0,28800.0,0.9999930555555556,1.5528249843738554e-05,0.47081944444444446,0.00308555350498071,0.9999930555555556,1.5528249843738554e-05,0.0,0.0,4.1513868743266285,0.0604854053091853,4.1513868743266285,0.0604854053091853,0.0,0.0,9.886602894652722,0.5766063604696511,-1.3154650376057693,0.01884337537983216,1.3154650376057693,0.01884337537983216,1.8779476230237464,0.014384288637415974,0.9303270592668647,0.011267466676833109,2.245792096872634,0.019980424311638337,,,,,,,,,,,5,0.5434401081651715,0.0,0.0,0.0,0.0,0.0
20,3,3,sample_ball,sample_ball,1.0,all,0.12577571999281645,0.0061623289167875815,0.6389224665947749,0.011868024522757573,1.6734065213795475,0.04544130011380886,0.3667608643861575,0.00563443069636545,1.8331017099050393,0.05145896612850268,1200.0,0.0,0.0,0.0,-0.29825241106857464,0.0037772904776771166,0.30402888588259136,0.002778757019402037,0.6349498569030755,0.006538612127310898,1.6385064735020998,0.03465596586813923,0.3607676222786356,0.003735254095667892,1.7855012207303322,0.03899584445430302,240.0,0.0,0.0,0.0,-0.29349826769639165,0.005728088325695431,0.29947481732677217,0.005152544845549223,0.6389224665947749,0.011868024522757573,1.6819400485931506,0.051436563174188474,0.36825917491303795,0.006437032587303428,1.8448709047690097,0.058286203836877264,960.0,0.0,0.0,0.0,-0.29944094691162043,0.0036051427392932026,0.3051674030215462,0.0028089312544307206,0.633996930359215,0.005827521584646721,170400.0,140400.0,28800.0,30000.0,25200.0,165600.0,3312000.0,25200.0,28800.0,0.9999930555555556,1.5528249843738554e-05,0.46654166666666663,0.0033360087642733565,0.46654166666666663,0.0033360087642733565,0.46654166666666663,0.0033360087642733565,3.5358502308494772,0.05354742171754759,1.826165079415837,0.03540447311226567,0.0,0.0,7.667040723461932,0.07889370233245524,-1.8421115052008772,0.017061014691239346,1.8421115052008772,0.017061014691239346,1.8974804504720129,0.01652225446716226,0.40368059167175635,0.004438553108840052,2.245792096872634,0.019980424311638337,,,,,,,,,,,5,0.012592721245458752,0.0,1.0,0.0,1.0,1.0
20,3,3,sample_box,sample_box,1.0,all,0.12223708000965416,0.003067611532730607,0.5410237543423093,0.013021746811481362,2.232394454746111,0.06957499831758635,0.46075977943225616,0.01063325764955095,2.46613201996229,0.0781302276832719,1200.0,0.0,0.0,0.0,-0.22205972933693624,0.005041700418484377,0.24575703007509583,0.005155515818899674,0.5314979105760956,0.01218214528081324,2.224038094640052,0.06089339171094023,0.45451006398513966,0.007262167682442085,2.4444484419022197,0.06735908649489826,240.0,0.0,0.0,0.0,-0.21957884695229338,0.004562830071314723,0.24475755688653128,0.007154417770098022,0.5410237543423093,0.013021746811481362,2.2340944518101633,0.08533203350485626,0.46232220829403536,0.013330348830932391,2.4711613569235307,0.09590320050983853,960.0,0.0,0.0,0.0,-0.22267994993309698,0.005247784984216631,0.246006898372237,0.004741344892993314,0.5292165977827342,0.012072302400402643,170400.0,140400.0,28800.0,30000.0,25200.0,165600.0,3312000.0,25200.0,28800.0,0.9999930555555556,1.5528249843738554e-05,0.47068055555555555,0.0031946897550736903,0.9999930555555556,1.5528249843738554e-05,0.9999930555555556,1.5528249843738554e-05,3.7442177938935486,0.057629047165647394,3.7442177938935486,0.057629047165647394,0.0,0.0,5.795349418453446,0.06156091482215648,-1.4763502669669315,0.015529356147882607,1.4763502669669315,0.015529356147882607,1.6124729703823164,0.013608978468393054,0.7694418299057025,0.005475125589268751,2.245792096872634,0.019980424311638337,,,,,,,,,,,5,0.022284549353216717,0.0,1.0,0.0,1.0,1.0
20,3,3,shrink_c0.5,shrink,0.5,all,0.11738514001481234,0.010125033725378346,0.6655371703044553,0.016523733321204725,2.102720540378506,0.14228677094443415,0.39311289028506624,0.007091198715927241,2.31335382367915,0.1588891920656831,1200.0,0.0,0.0,0.0,-0.30444502782829297,0.0017704147114911172,0.3164958749073556,0.004163397187711312,0.6626968111917501,0.010804601173083274,2.1254612366484773,0.4261067474480258,0.38630550692703347,0.007676267621388149,2.327128214214473,0.47483685740858694,240.0,0.0,0.0,0.0,-0.3039386857537708,0.006691924728272063,0.3135105117505772,0.0064247790161071645,0.6655371703044553,0.016523733321204725,2.090741375314024,0.1122134212794584,0.3948147361245744,0.00904848822374268,2.3027029490778177,0.12530828932378285,960.0,0.0,0.0,0.0,-0.3045716133469235,0.0011218482510591953,0.3172422156965502,0.00500479334378556,0.6619598878161007,0.013560372475400335,170400.0,140400.0,28800.0,30000.0,25200.0,165600.0,3312000.0,25200.0,28800.0,0.9999930555555556,1.5528249843738554e-05,0.4648680555555556,0.003585849138378483,1.0,0.0,1.0,0.0,3.5878788048321275,0.052050610296462636,1.3990399509681823,0.017116617844513196,0.0,0.0,7.652496743030942,0.08144073116700466,-1.81731532165144,0.01723423008665787,1.81731532165144,0.01723423008665787,1.8964606264697736,0.01700577358194072,0.4284767752211941,0.004741672206333546,2.245792096872634,0.019980424311638337,,,,,,,,,,,5,0.02277318486403794,0.0,1.0,0.0,1.0,1.0
20,3,3,z_only_box,z_only_box,1.0,all,0.11925088004209101,0.010386442434662928,0.5425019748085227,0.01619982284041965,2.276847709055699,0.08318770581137055,0.4642084633942026,0.01117056839402685,2.515715862799833,0.09319120460806289,1200.0,0.0,0.0,0.0,-0.2208394946281283,0.005060331488368699,0.24608560797873918,0.005396013336476623,0.5324969060949817,0.01302791719188072,2.2716947140723383,0.08470330085836868,0.4578285662987701,0.007676449365556334,2.4973138924169267,0.09370376581815702,240.0,0.0,0.0,0.0,-0.21830226522964818,0.004802649561451737,0.24523429616467415,0.008197013901294686,0.5425019748085227,0.01619982284041965,2.2776274911218612,0.09873627775174848,0.46580343766806065,0.013961305555521112,2.519786067082756,0.11075997315227254,960.0,0.0,0.0,0.0,-0.22147380197774832,0.005264417756993642,0.24629843593225545,0.004746868059925314,0.5300974758795468,0.012369108030611878,170400.0,140400.0,28800.0,30000.0,25200.0,165600.0,3312000.0,25200.0,28800.0,0.9999930555555556,1.5528249843738554e-05,0.47068055555555555,0.0031946897550736903,0.9999930555555556,1.5528249843738554e-05,0.9999930555555556,1.5528249843738554e-05,3.7442177938935486,0.057629047165647394,3.7441833913474754,0.05763171263822811,0.0,0.0,5.801249173635379,0.06257209447972897,-1.475697007190718,0.015553868196701194,1.475697007190718,0.015553868196701194,1.6131252939171958,0.013634341050442858,0.7700950896819154,0.005517195839921823,2.245792096872634,0.019980424311638337,,,,,,,,,,,5,0.023312917133911853,0.0,1.0,0.0,1.0,1.0
20,3,3,z_zero,z_zero,0.0,all,0.11368971997871995,0.006169457372887996,0.7455018252954465,0.007784458467074432,1.0233601885033259,0.0036651552946382346,0.24449815076049236,0.0013327243280087562,1.0787428801597985,0.004183610948546569,1200.0,0.0,0.0,0.0,-0.3790337547738839,0.0015350080142228354,0.37912696166543347,0.001544973729225335,0.7409219225485553,0.0026334495269098104,1.0122354815943297,0.014555985573774376,0.24322974791167754,0.0040938380766460045,1.0622082448058503,0.01592737941456639,240.0,0.0,0.0,0.0,-0.3719674681314013,0.003978757226299096,0.3720284517410791,0.004014023875206228,0.7455018252954465,0.007784458467074432,1.0261083759584557,0.0026373877203611433,0.2448152514726961,0.0008245958186242964,1.0828743358002237,0.003140640969517385,960.0,0.0,0.0,0.0,-0.3808003264345045,0.0012002431751479583,0.38090158914652206,0.0011820386394676707,0.7398284087933986,0.002079226684282388,170400.0,140400.0,28800.0,30000.0,25200.0,165600.0,3312000.0,25200.0,28800.0,0.9999930555555556,1.5528249843738554e-05,0.45476388888888886,0.0038566214654910786,1.0,0.0,1.0,0.0,3.421093141716392,0.05059643133995077,5.366949846957297,0.06760194919459839,0.0,0.0,10.03047830737838,0.11239940435328179,-2.245792096872634,0.019980424311638337,2.245792096872634,0.019980424311638337,2.245792096872634,0.019980424311638337,0.0,0.0,2.245792096872634,0.019980424311638337,,,,,,,,,,,5,0.0,0.0,1.0,0.0,0.0,0.0
20,3,6,batch_box,batch_box,1.0,all,0.6320401199627668,0.02452193822278588,0.651200248047393,0.0049788370833296425,0.8125607002414151,0.00393177015211185,0.19424888755239625,0.0008396038298221834,0.8468772643108107,0.00460597832647789,1200.0,0.0,0.0,0.0,-0.3254195463031658,0.0008044221342526654,0.32552804477286934,0.0008820431998036558,0.6453750863388674,0.001568973950995459,0.8065575510188179,0.011938646683437217,0.19363316948164172,0.0031274658569355957,0.8370118844283363,0.014106372932105173,240.0,0.0,0.0,0.0,-0.3197675283855713,0.002022655562843647,0.3198672588879602,0.0019453783292844684,0.651200248047393,0.0049788370833296425,0.814039528125757,0.004151275981649389,0.1944028170700849,0.0005715121053614761,0.8493380689192712,0.004661151126564059,960.0,0.0,0.0,0.0,-0.32683255078256435,0.0009577870368957892,0.3269432412440966,0.0010364267274326482,0.6439849753083441,0.0018058088863672145,1182000.0,1080000.0,100800.0,102000.0,93600.0,1173600.0,23472000.0,93600.0,100800.0,0.9995039682539681,0.00011354685657001828,0.3740833333333333,0.0011114343704935335,0.9995039682539681,0.00011354685657001828,0.9999107142857143,5.009675068635043e-05,1.499965900020021,0.0071217699779015965,1.499965900020021,0.0071217699779015965,0.0,0.0,7.996458863325275,0.034805632478109756,-1.9515700615611418,0.007295981613749012,1.9515700615611418,0.007295981613749012,1.9642581881177286,0.007341436009455432,0.27130986053560135,0.0016681878588260088,2.2228799220967437,0.008491851532752804,0.4712342807500932,0.0021455934504775007,0.33710000000000007,0.002792848008753789,0.1709,0.0008944271909999185,0.9995,0.0,0.8021851851851853,0.0025320307459066674,5,0.0011979139503135684,0.0,0.0,0.0,1.0,1.0
20,3,6,box_factor_a0.9,box_factor,0.9,all,0.6232567799277604,0.02186713427698147,0.4976154200663213,0.009202055417642914,1.2189853887042055,0.012348518619390812,0.2682262358167452,0.001983182287884798,1.3322632409094235,0.013770922664560061,1200.0,0.0,0.0,0.0,-0.23299916422584205,0.0007268026162341434,0.23764586034722052,0.0011458612080283823,0.498954798233204,0.003516433168192841,1.208440058388421,0.0231601171098398,0.2670568363865121,0.0022811513449514185,1.3147031219798155,0.026164958826375564,240.0,0.0,0.0,0.0,-0.22792526880555858,0.003971235197792694,0.23150525539788144,0.0037326421416277334,0.4976154200663213,0.009202055417642914,1.2215328634513034,0.017092113928649642,0.2685185856743035,0.002424027288484339,1.3365872342725624,0.0191143668259485,960.0,0.0,0.0,0.0,-0.23426763808091292,0.0011366561198443762,0.23918101158455526,0.0015414835342456978,0.49925626918536886,0.003736381129149741,1182000.0,1080000.0,100800.0,102000.0,93600.0,1173600.0,23472000.0,93600.0,100800.0,0.9995595238095237,9.633748719297403e-05,0.38482142857142854,0.0009884856116731107,0.9995833333333334,0.00010261984556339243,0.9995833333333334,0.00010261984556339243,1.554425479067594,0.006998732545110942,1.6449988246543434,0.00745238567284555,0.0,0.0,5.749789735298348,0.031251260113610776,-1.500437334840628,0.006845678016988412,1.500437334840628,0.006845678016988412,1.6006160954213602,0.006837104414932799,0.7224425872561154,0.002433919887687891,2.2228799220967437,0.008491851532752804,,,,,,,,,,,5,0.00556603146438844,0.0,1.0,0.0,1.0,1.0
20,3,6,box_factor_a1.5,box_factor,1.5,all,0.6132832400035113,0.031112836226598176,0.41315441887001736,0.012343821953478336,2.0934977322005226,0.025243645734472193,0.4170400078473489,0.005662698895983576,2.3162155361900396,0.027973242302734132,1200.0,0.0,0.0,0.0,-0.1465526584374359,0.0009638080760790787,0.18720357613325408,0.002574191691190279,0.4232135244860329,0.006844815369945868,2.104372824605211,0.05575923027973008,0.4184231164711575,0.0037794724859407415,2.3172851962268224,0.06176185847517183,240.0,0.0,0.0,0.0,-0.1422564863912687,0.004911567326489533,0.17768682653314624,0.004019406276652692,0.41315441887001736,0.012343821953478336,2.0904506849936344,0.0409183419798975,0.41669423069139677,0.006988018893568192,2.315590758989747,0.04539883594944383,960.0,0.0,0.0,0.0,-0.1476267014489777,0.0016737991189170656,0.1895827635332811,0.002519826324499283,0.42552774898517465,0.007452258399859691,1182000.0,1080000.0,100800.0,102000.0,93600.0,1173600.0,23472000.0,93600.0,100800.0,0.9995833333333334,0.0001059233953574685,0.38922222222222225,0.0011363263438989566,0.9995198412698413,9.785789917187756e-05,0.9995198412698413,9.785789917187756e-05,1.6287909615920182,0.007836596258984035,1.27614713618753,0.005877202265284097,0.0,0.0,5.025823153110306,0.031432365563590255,-1.2156623851586434,0.006333117498362507,1.2156623851586434,0.006333117498362507,1.452236015429771,0.0063885701676713496,1.0072175369380998,0.00338348679696639,2.2228799220967437,0.008491851532752804,,,,,,,,,,,5,0.01856297714661586,1.0,1.0,1.0,1.0,1.0
20,3,6,f_zero,f_zero,0.0,all,0.10815019998699427,0.004408109010626068,0.7457482493255352,0.00175323985225121,0.7849220337399726,0.0007092714310542838,0.1914120570070994,0.0003329529704302518,0.7952282819283246,0.0008805482980225447,1200.0,0.0,0.0,0.0,-0.37970825865798596,0.00033684807205290953,0.37971180894405154,0.0003340540080115048,0.739187562669086,0.0005786222332226322,0.7830970138142087,0.0018278889289623454,0.19246579069681827,0.0006439599452616452,0.791117320742837,0.0019967988936806197,240.0,0.0,0.0,0.0,-0.3731475297830841,0.0007566197401048501,0.37314832817347005,0.0007550512325978305,0.7457482493255352,0.00175323985225121,0.7853775393796063,0.0009136084295873979,0.1911486235846697,0.0003121356030956579,0.7962661890483267,0.0011474723110626907,960.0,0.0,0.0,0.0,-0.38134844087671144,0.00028234005905902976,0.3813526791366969,0.00028102032711396503,0.7376259960620384,0.0005455283716069948,260400.0,259200.0,0.0,1200.0,0.0,259200.0,5184000.0,0.0,0.0,0.0,0.0,0.0,0.0,0.0,0.0,0.0,0.0,0.0,0.0,0.0,0.0,0.0,0.0,,,,,,,,,,,,,,,,,,,,,,,5,0.0,0.0,0.0,0.0,0.0,0.0
20,3,6,raw,raw,1.0,all,0.5868087200447917,0.02809041138665443,0.5402077259299283,0.04612776548485176,3.42525436473744,0.2147469472000949,0.5608980941835499,0.014904038045863937,3.7949316954814094,0.2382823000180782,1200.0,0.0,0.0,0.0,-0.15821130845130899,0.002461738470569251,0.2390798680255343,0.006358356598839202,0.5548781841188258,0.02801916239254236,3.415776106194987,0.31539216265887365,0.5624883169679029,0.027347139864754736,3.766006223464278,0.34809313749517257,240.0,0.0,0.0,0.0,-0.1524313590781517,0.004583057072690004,0.2289503844382111,0.011056109863633387,0.5402077259299283,0.04612776548485176,3.4254220719977737,0.22717989128956387,0.5605005384874616,0.019828677722514818,3.799780849723038,0.25241574676230116,960.0,0.0,0.0,0.0,-0.15965629579459834,0.003237617682090121,0.24161223892236508,0.006191584000444234,0.5580389456410069,0.028686313676873798,1182000.0,1080000.0,100800.0,102000.0,93600.0,1173600.0,23472000.0,93600.0,100800.0,0.9995714285714286,9.780759955445146e-05,0.38620238095238096,0.001188643596084835,0.9995714285714286,9.780759955445146e-05,0.0,0.0,1.6298527249691641,0.008978566211447723,1.6298527249691641,0.008978566211447723,0.0,0.0,6.504450849018693,0.05792041459259978,-1.325206478513417,0.004082409973498754,1.325206478513417,0.004082409973498754,1.6580701847897283,0.007951357631697834,0.8976734435833263,0.005458423358442089,2.2228799220967437,0.008491851532752804,,,,,,,,,,,5,0.059957965769058506,0.0,0.0,0.0,1.0,1.0
20,3,6,sample_ball,sample_ball,1.0,all,0.6078162800054997,0.011448731521348926,0.5597969882735414,0.012751772317876137,1.1998279381932015,0.016541208415105303,0.2713411501299,0.0027694932977733507,1.3050990168900185,0.018405440221640833,1200.0,0.0,0.0,0.0,-0.2617665168986207,0.001745638202982075,0.2646796075302214,0.0017130239192516858,0.5575996459965775,0.004123288187398415,1.1836952539437071,0.03796012548082954,0.2699013131699034,0.005289018698090517,1.281243529365818,0.04266218252338259,240.0,0.0,0.0,0.0,-0.2566293679689827,0.003537435370333417,0.2592983005018175,0.003552912909340967,0.5597969882735414,0.012751772317876137,1.203641462413573,0.023506041965857764,0.2717011093698992,0.004148244182366609,1.3108530862605356,0.026369951689862524,960.0,0.0,0.0,0.0,-0.26305080413103016,0.002100965176849426,0.2660249342873223,0.0020974605679600876,0.5570489328660146,0.0048472024690866785,1182000.0,1080000.0,100800.0,102000.0,93600.0,1173600.0,23472000.0,93600.0,100800.0,0.999563492063492,9.146373469536612e-05,0.3810039682539682,0.0011044122040490723,0.3810039682539682,0.0011044122040490723,0.3810039682539682,0.0011044122040490723,1.528127063873479,0.006817287532887806,0.5572331217075905,0.004293317255772887,0.0,0.0,6.747760265503027,0.03485772459692748,-1.6789522578372444,0.00649651902038591,1.6789522578372444,0.00649651902038591,1.746344375886893,0.0070590373301021555,0.5439276642594988,0.0029104201465400656,2.2228799220967437,0.008491851532752804,,,,,,,,,,,5,0.006045993939226569,0.0,0.2,0.0,1.0,1.0
20,3,6,sample_box,sample_box,1.0,all,0.6213575799018145,0.007359586767024558,0.47682430436120005,0.009741323138249134,1.3489676460973157,0.014992375592792578,0.290752243089907,0.0025495471960660433,1.480237435986569,0.016674077429055273,1200.0,0.0,0.0,0.0,-0.21785862543189963,0.0007322003182369485,0.2250375022911098,0.00130678703573486,0.47969615041859265,0.004005412551502479,1.340606081255174,0.026327047484729554,0.2899904081321757,0.0019302577720725254,1.4643488488247407,0.029541304025806247,240.0,0.0,0.0,0.0,-0.21287383652113742,0.004224132634637122,0.21848871280797874,0.0037004401250350814,0.47682430436120005,0.009741323138249134,1.3509405534607033,0.021997999007429877,0.29094270182933984,0.003208254521265773,1.4841095142063376,0.02454103735865512,960.0,0.0,0.0,0.0,-0.21910482265959014,0.0012205323515597556,0.22667469966189255,0.001604045249728082,0.48035675979113596,0.004153961926774571,1182000.0,1080000.0,100800.0,102000.0,93600.0,1173600.0,23472000.0,93600.0,100800.0,0.999563492063492,9.541361141704835e-05,0.38583531746031746,0.0010222924267891695,0.999563492063492,9.541361141704835e-05,0.999563492063492,9.541361141704835e-05,1.5666340085410178,0.007094686663443281,1.5666340085410178,0.007094686663443281,0.0,0.0,5.555248025447169,0.03122546028195566,-1.4441352649245232,0.006731672439423788,1.4441352649245232,0.006731672439423788,1.5639318438317293,0.006801296140673235,0.7787446571722201,0.002611700322628609,2.2228799220967437,0.008491851532752804,,,,,,,,,,,5,0.007140514366802358,0.0,1.0,0.0,1.0,1.0
20,3,6,shrink_c0.875,shrink,0.875,all,0.6093889600131661,0.02327534840532103,0.5283510960615599,0.026578218736696985,2.5195074452843595,0.13331240567440159,0.44364906303195173,0.009666974089121977,2.7863857872082773,0.14818910780279274,1200.0,0.0,0.0,0.0,-0.204779194265532,0.0019954939074748853,0.24104332513861423,0.003735264519360129,0.5356159611414437,0.013354093753365194,2.502401936313622,0.20839732438441422,0.4434292606096569,0.018083791191428267,2.7540602648574195,0.2302404878506031,240.0,0.0,0.0,0.0,-0.19919711335442042,0.0034728650150652575,0.23091373697567114,0.00673436901844721,0.5283510960615599,0.026578218736696985,2.5224238535657397,0.14086113316936758,0.4437040136375254,0.01342770851262288,2.793016708342014,0.15680123102978746,960.0,0.0,0.0,0.0,-0.20617471449330993,0.002487670596683783,0.24357572217935003,0.004330324741111861,0.5372207939979114,0.013706475909308607,1182000.0,1080000.0,100800.0,102000.0,93600.0,1173600.0,23472000.0,93600.0,100800.0,0.999563492063492,8.388657998655534e-05,0.3847559523809524,0.0012046036739682673,1.0,0.0,1.0,0.0,1.593527927939756,0.008384223386710283,0.04785691958173262,0.00022031561179582066,0.0,0.0,6.414486963895489,0.04235226981948728,-1.4455220934488795,0.004677089504632637,1.4455220934488795,0.004677089504632637,1.668199725321657,0.0069939140267459435,0.7773578286478637,0.004682234126756953,2.2228799220967437,0.008491851532752804,,,,,,,,,,,5,0.03230907521411966,0.0,1.0,0.0,1.0,1.0
20,3,6,z_only_box,z_only_box,1.0,all,0.6006092599127442,0.023000253943601372,0.4761426786914241,0.009844840875044879,1.3656420270740757,0.017661442502181438,0.2924369933661264,0.0025845066328747516,1.4990072961128766,0.019657728063213274,1200.0,0.0,0.0,0.0,-0.21708999872139087,0.0007580125226330217,0.2247324563475513,0.0014476007045117092,0.4793340724945148,0.004238626580817446,1.3583069094540705,0.027437874182477208,0.2918411152608334,0.0021445431919368068,1.4841828585918768,0.030724590593448894,240.0,0.0,0.0,0.0,-0.21203432113916704,0.004261404802572849,0.21805073556325844,0.0036801348677741263,0.4761426786914241,0.009844840875044879,1.3673622930848606,0.023973128405641284,0.29258596289244965,0.003234049285038143,1.502616547715529,0.026726872545059333,960.0,0.0,0.0,0.0,-0.21835391811694685,0.0011531252447142806,0.2264028865436245,0.0017686870833093363,0.4800692872776534,0.0044335064056464455,1182000.0,1080000.0,100800.0,102000.0,93600.0,1173600.0,23472000.0,93600.0,100800.0,0.999563492063492,9.541361141704835e-05,0.38583531746031746,0.0010222924267891695,0.999563492063492,9.541361141704835e-05,0.999563492063492,9.541361141704835e-05,1.5666340085410178,0.007094686663443281,1.5666250112729974,0.007095559146307344,0.0,0.0,5.557414720477991,0.03106657737424983,-1.4439146678719692,0.006745377804993984,1.4439146678719692,0.006745377804993984,1.564152440884283,0.006787360096804476,0.7789652542247739,0.0026044077987359233,2.2228799220967437,0.008491851532752804,,,,,,,,,,,5,0.00749698628452211,0.0,1.0,0.8,1.0,1.0
20,3,6,z_zero,z_zero,0.0,all,0.605214080074802,0.016721413624106715,0.7457482493255352,0.00175323985225121,0.7849220337399726,0.0007092714310542838,0.1914120570070994,0.0003329529704302518,0.7952282819283246,0.0008805482980225447,1200.0,0.0,0.0,0.0,-0.37970825865798596,0.00033684807205290953,0.37971180894405154,0.0003340540080115048,0.739187562669086,0.0005786222332226322,0.7830970138142087,0.0018278889289623454,0.19246579069681827,0.0006439599452616452,0.791117320742837,0.0019967988936806197,240.0,0.0,0.0,0.0,-0.3731475297830841,0.0007566197401048501,0.37314832817347005,0.0007550512325978305,0.7457482493255352,0.00175323985225121,0.7853775393796063,0.0009136084295873979,0.1911486235846697,0.0003121356030956579,0.7962661890483267,0.0011474723110626907,960.0,0.0,0.0,0.0,-0.38134844087671144,0.00028234005905902976,0.3813526791366969,0.00028102032711396503,0.7376259960620384,0.0005455283716069948,1182000.0,1080000.0,100800.0,102000.0,93600.0,1173600.0,23472000.0,93600.0,100800.0,0.999484126984127,8.180765130195346e-05,0.36746626984126984,0.0009597054244733899,1.0,0.0,1.0,0.0,1.4907025544703116,0.007086449407137591,2.89809720963649,0.012488530941375597,0.0,0.0,9.917290385157013,0.04170581902363797,-2.2228799220967437,0.008491851532752804,2.2228799220967437,0.008491851532752804,2.2228799220967437,0.008491851532752804,0.0,0.0,2.2228799220967437,0.008491851532752804,,,,,,,,,,,5,0.0,0.0,0.0,0.0,0.0,0.0
20,3,10,batch_box,batch_box,1.0,all,3.0920564599800855,0.15049013114712342,0.6411684405883932,0.0037893153857111134,0.7279461090082041,0.0038404836737029532,0.17504595695270936,0.0010861722309893182,0.748220249566212,0.004729371063388434,1200.0,0.0,0.0,0.0,-0.31898452929061927,0.0006995321069833072,0.31901148624599857,0.0006927118499596125,0.63387076211772,0.0014499501494033935,0.720375734668699,0.006100223132180904,0.1737465033160058,0.0015885355756961265,0.7367360027052905,0.0071486638004667515,240.0,0.0,0.0,0.0,-0.3143875643116931,0.001726278177147328,0.31440243440134436,0.0017210366372305014,0.6411684405883932,0.0037893153857111134,0.7298249775493666,0.0038022172859061946,0.17537082036188528,0.0011091972613280687,0.7510988436030861,0.0047176661640549716,960.0,0.0,0.0,0.0,-0.32013377053535075,0.0005724599238856476,0.3201637492071621,0.0005764458759761962,0.6321295111148362,0.0013179517706666444,5185200.0,4920000.0,264000.0,265200.0,252000.0,5172000.0,103440000.0,252000.0,264000.0,0.9965624999999999,3.953653614104033e-05,0.2900628787878788,0.0010317058186494173,0.9965624999999999,3.953653614104033e-05,0.9993174242424242,6.081089124015101e-05,0.7900746008195867,0.0032433588072389593,0.7900746008195867,0.0032433588072389593,0.0,0.0,7.843581330041604,0.03276406128832476,-1.9252974728040442,0.006828583734929145,1.9252974728040442,0.006828583734929145,1.9357116994169101,0.006946137442830789,0.2731496081562346,0.0013557852327140732,2.198447080960279,0.007866014080870171,0.5082263060327172,0.001651308850053271,0.381,0.0033747427885527687,0.20350000000000001,0.0006666666666666584,0.9995,0.0,0.7880705128205128,0.0023454590069112565,10,0.0007941665762783959,0.0,0.0,0.0,1.0,1.0
20,3,10,box_factor_a0.9,box_factor,0.9,all,3.030726950056851,0.32378449546443844,0.49243682363893837,0.007443273422195144,0.9430255937218304,0.012810325217015908,0.2132019113234247,0.002227269423747238,1.020367425733852,0.014808457660620921,1200.0,0.0,0.0,0.0,-0.22963094194374872,0.0015934246438782135,0.23308584812354932,0.0014403746692345427,0.4891588042739185,0.0032626554525276496,0.9177534720847416,0.023779696346461866,0.20938074578902185,0.004305378679912734,0.9873414905414778,0.027129559983911818,240.0,0.0,0.0,0.0,-0.22781536094967025,0.0030928132048226435,0.2303270140411135,0.0029046588812762742,0.49243682363893837,0.007443273422195144,0.9491645222643946,0.01524594713198885,0.2141572027070254,0.002826293738090341,1.0284725281309228,0.017619176848596516,960.0,0.0,0.0,0.0,-0.23008483719226835,0.0015791860212254873,0.2337755566441583,0.001452653867805033,0.48837157666703934,0.0029937118942298994,5185200.0,4920000.0,264000.0,265200.0,252000.0,5172000.0,103440000.0,252000.0,264000.0,0.9972299242424242,6.860256449971067e-05,0.29822689393939394,0.0011097191263485138,0.9973223484848486,6.41446451902215e-05,0.9973223484848486,6.41446451902215e-05,0.8082831523147134,0.003536394917050654,0.8706173518801996,0.003784806910022148,0.0,0.0,5.570583888793658,0.024680814267822128,-1.4663251059275482,0.005686813204304843,1.4663251059275482,0.005686813204304843,1.5616428935305033,0.006182406321470151,0.7321219750327305,0.003053560192057094,2.198447080960279,0.007866014080870171,,,,,,,,,,,10,0.0028619068696976685,0.0,0.0,0.0,1.0,1.0
20,3,10,box_factor_a2,box_factor,2.0,all,2.9927940399618818,0.3237342637525421,0.38420590956756884,0.01363928643331774,1.9952119806381,0.03807425798021939,0.39634458323919014,0.00635471666263441,2.207728278066034,0.04247714091582369,1200.0,0.0,0.0,0.0,-0.10345814646649361,0.0036877838777809933,0.17190642467317924,0.003106486592786591,0.39724160253821983,0.006185967895156908,1.936545249663034,0.09440088344112947,0.38671384667406,0.012766890880935244,2.13231268300661,0.10444706100553168,240.0,0.0,0.0,0.0,-0.10501467493000023,0.008832464853879583,0.16343559246937195,0.005031390391786371,0.38420590956756884,0.01363928643331774,2.0090353012514193,0.047071706902494716,0.3987522673804727,0.008022483255122552,2.2257782018146473,0.05250687141380842,960.0,0.0,0.0,0.0,-0.10306901435061695,0.003606356998845582,0.17402413272413103,0.0029042004393593046,0.40022870550842854,0.005934349285731632,5185200.0,4920000.0,264000.0,265200.0,252000.0,5172000.0,103440000.0,252000.0,264000.0,0.9974140151515151,6.386068567420646e-05,0.3024159090909091,0.0010765705658462754,0.9968594696969697,4.782837615852939e-05,0.9968594696969697,4.782837615852939e-05,0.846190199855401,0.004110645818424258,0.5032808571254643,0.002515965421043695,0.0,0.0,4.833187599500414,0.022701790624404496,-1.0979366985059906,0.004968672784880209,1.0979366985059906,0.004968672784880209,1.3992271682557669,0.005634400640551886,1.1005103824542881,0.0049071973782704595,2.198447080960279,0.007866014080870171,,,,,,,,,,,10,0.016517649605283867,1.0,1.0,1.0,1.0,1.0
20,3,10,f_zero,f_zero,0.0,all,0.6548387499758974,0.039551679690777226,0.746665720565144,0.0007673968630926609,0.7529250524940857,0.0003418117763415185,0.18337287489421186,0.00017361626550914838,0.7561023843653603,0.00045267112698937976,1200.0,0.0,0.0,0.0,-0.3797342559753269,0.00011417791249866603,0.3797344004983677,0.0001141135858834916,0.7391711767528161,0.00026824497475862137,0.7510399932723886,0.0015560379066876422,0.18474330040600156,0.0006787839040828689,0.7520031429330902,0.001982880843498745,240.0,0.0,0.0,0.0,-0.3737678708137409,0.00036095211849528536,0.3737679627672807,0.00036088750767557557,0.746665720565144,0.0007673968630926609,0.7533956457769075,0.00044514614700760216,0.18303026851626442,0.000151356383077959,0.7571372443996445,0.0005249727339036349,960.0,0.0,0.0,0.0,-0.38122585226572336,0.000124691165372742,0.3812260099311395,0.00012469102943125517,0.7373862369701479,0.00029552909732527457,1201200.0,1200000.0,0.0,1200.0,0.0,1200000.0,24000000.0,0.0,0.0,0.0,0.0,0.0,0.0,0.0,0.0,0.0,0.0,0.0,0.0,0.0,0.0,0.0,0.0,,,,,,,,,,,,,,,,,,,,,,,10,0.0,0.0,0.0,0.0,0.0,0.0
20,3,10,raw,raw,1.0,all,3.014313670038246,0.16393039083093264,0.46197398006829954,0.010840033133403532,1.974497768297282,0.052030845834141,0.3791048979782183,0.005263796137999362,2.1814777625807906,0.05824387611002999,1200.0,0.0,0.0,0.0,-0.16917521025978657,0.003074966417077063,0.20536858078912937,0.0027883994892375997,0.4654433542533448,0.0053955989923650735,1.889517984107308,0.13851526218880278,0.36890944541922355,0.015290514512135419,2.0766106062995004,0.15385170311246715,240.0,0.0,0.0,0.0,-0.169042208417787,0.007970695773627827,0.20067702615154942,0.005012409872779949,0.46197398006829954,0.010840033133403532,1.9940874499402725,0.059184582072825384,0.381653761117967,0.006925819358250075,2.2060126072977084,0.06632358279618797,960.0,0.0,0.0,0.0,-0.16920846072028645,0.0031817669705229467,0.2065414694485243,0.0026758059828498808,0.4662389443738208,0.005540243729620871,5185200.0,4920000.0,264000.0,265200.0,252000.0,5172000.0,103440000.0,252000.0,264000.0,0.9972439393939394,5.61322228873961e-05,0.3001465909090909,0.0011016384113298706,0.9972439393939394,5.61322228873961e-05,0.0,0.0,0.8290273721529082,0.003690523281051973,0.8290273721529082,0.003690523281051973,0.0,0.0,5.825137325899589,0.023737362051372203,-1.307025706507829,0.005767987361943409,1.307025706507829,0.005767987361943409,1.5598564329544558,0.006231883730003669,0.8914213744524497,0.00394650762471223,2.198447080960279,0.007866014080870171,,,,,,,,,,,10,0.018579214343851066,0.0,0.0,0.8,1.0,1.0
20,3,10,sample_ball,sample_ball,1.0,all,3.0912168599665164,0.1707151271111222,0.5231668379764114,0.006880523535467171,1.0207733870754452,0.015959013239545995,0.2330710368593209,0.002552307976462931,1.105699275122105,0.018274957316099436,1200.0,0.0,0.0,0.0,-0.24039016372893757,0.0013747872571724773,0.2426694039169423,0.0012324806740615316,0.5185919340043037,0.002731437508904811,0.9951014727336602,0.025105166943727105,0.22901362240258671,0.004631016631978026,1.071736133804009,0.0284931673189944,240.0,0.0,0.0,0.0,-0.23804542459507166,0.002754445453837886,0.23951141089365988,0.0028400640472738153,0.5231668379764114,0.006880523535467171,1.0270257793040307,0.017995100522924027,0.23408539047350446,0.0031093042172078175,1.114057196859765,0.020627379875346477,960.0,0.0,0.0,0.0,-0.24097634851240404,0.0014972469536824354,0.2434589021727629,0.0011484856191904891,0.517494781044032,0.002793823424573874,5185200.0,4920000.0,264000.0,265200.0,252000.0,5172000.0,103440000.0,252000.0,264000.0,0.9971799242424243,5.579179569514305e-05,0.29701098484848487,0.0010839563000096268,0.29701098484848487,0.0010839563000096268,0.29701098484848487,0.0010839563000096268,0.8039701832636178,0.0034391101984127576,0.20657478884052924,0.0012762060230441395,0.0,0.0,6.1216046367284225,0.028073887022591754,-1.5527999783561217,0.005960739201607882,1.5527999783561217,0.005960739201607882,1.6354134442839132,0.006435988989090727,0.6456471026041571,0.0027081840275717107,2.198447080960279,0.007866014080870171,,,,,,,,,,,10,0.0040603017042467795,0.0,0.0,0.0,1.0,1.0
20,3,10,sample_box,sample_box,1.0,all,3.0528601199854166,0.14856928098013397,0.47190634502928824,0.008108935180350283,1.0264942605438334,0.015518763467423034,0.2280120057886637,0.002647570947702429,1.117258438818304,0.017785354337138234,1200.0,0.0,0.0,0.0,-0.21563701657132744,0.001788671620435533,0.22088829861335793,0.001612223478745929,0.46989049653405435,0.0035019818285721314,0.9977408762900272,0.029826290917211812,0.223639553086684,0.004960183319357326,1.0799560288446703,0.03378522167067033,240.0,0.0,0.0,0.0,-0.21417746777918767,0.003520266440724704,0.21777720406891393,0.003145578063718473,0.47190634502928824,0.008108935180350283,1.0334473986586241,0.01863860420898594,0.22910511896415858,0.0033508236219737587,1.1263776663679876,0.021345758675632424,960.0,0.0,0.0,0.0,-0.2160019037693624,0.0017764992543300845,0.2216660722494689,0.0016039605262486965,0.4694022471587041,0.0031511236713603775,5185200.0,4920000.0,264000.0,265200.0,252000.0,5172000.0,103440000.0,252000.0,264000.0,0.9972719696969697,6.649618544938302e-05,0.29900757575757575,0.0010947501239527196,0.9972719696969697,6.649618544938302e-05,0.9972719696969697,6.649618544938302e-05,0.8122700927123774,0.0036005203044868644,0.8122700927123774,0.0036005203044868644,0.0,0.0,5.391051193647879,0.02408665167273964,-1.4142869070033977,0.005546584551848898,1.4142869070033977,0.005546584551848898,1.5265948530581963,0.006078786296969449,0.7841601739568811,0.0032974649041716837,2.198447080960279,0.007866014080870171,,,,,,,,,,,10,0.003653355361289523,0.0,0.2,0.0,1.0,1.0
20,3,10,z_only_box,z_only_box,1.0,all,3.1123054900672287,0.14409072819389562,0.47092707516869164,0.008558645228299541,1.03575580923745,0.01602669258902166,0.2290886653990177,0.0026317990784337315,1.127818112030357,0.018345985822247855,1200.0,0.0,0.0,0.0,-0.21499226663531484,0.0017802020190232995,0.2205013676310207,0.0015883128600259883,0.4692264559441188,0.0035149221472466153,1.0057225193433077,0.03298044126910883,0.2246915844376777,0.005234767372858342,1.0890451086777109,0.03742141272408025,240.0,0.0,0.0,0.0,-0.21352264039699706,0.0037109973008947355,0.2172424861915414,0.0032976157425376896,0.47092707516869164,0.008558645228299541,1.043026618456067,0.017404708936607855,0.23018793563935272,0.0032025201124004864,1.1373048397347945,0.019932187815115396,960.0,0.0,0.0,0.0,-0.21535967319489427,0.0017273444420687544,0.2213160879908905,0.0015346600592500551,0.46881194072574905,0.00308881225290348,5185200.0,4920000.0,264000.0,265200.0,252000.0,5172000.0,103440000.0,252000.0,264000.0,0.9972719696969697,6.649618544938302e-05,0.29900757575757575,0.0010947501239527196,0.9972719696969697,6.649618544938302e-05,0.9972719696969697,6.649618544938302e-05,0.8122700927123774,0.0036005203044868644,0.8122662663968567,0.0036006322050957137,0.0,0.0,5.392131862187025,0.02415790589479283,-1.4141726346212327,0.005545921178980522,1.4141726346212327,0.005545921178980522,1.5267091190606439,0.006082066214910215,0.7842744463390461,0.0033000183909818186,2.198447080960279,0.007866014080870171,,,,,,,,,,,10,0.003753699048250477,0.0,0.3,1.0,1.0,1.0
20,3,10,z_zero,z_zero,0.0,all,3.0788337300065907,0.17835042452221214,0.746665720565144,0.0007673968630926609,0.7529250524940857,0.0003418117763415185,0.18337287489421186,0.00017361626550914838,0.7561023843653603,0.00045267112698937976,1200.0,0.0,0.0,0.0,-0.3797342559753269,0.00011417791249866603,0.3797344004983677,0.0001141135858834916,0.7391711767528161,0.00026824497475862137,0.7510399932723886,0.0015560379066876422,0.18474330040600156,0.0006787839040828689,0.7520031429330902,0.001982880843498745,240.0,0.0,0.0,0.0,-0.3737678708137409,0.00036095211849528536,0.3737679627672807,0.00036088750767557557,0.746665720565144,0.0007673968630926609,0.7533956457769075,0.00044514614700760216,0.18303026851626442,0.000151356383077959,0.7571372443996445,0.0005249727339036349,960.0,0.0,0.0,0.0,-0.38122585226572336,0.000124691165372742,0.3812260099311395,0.00012469102943125517,0.7373862369701479,0.00029552909732527457,5185200.0,4920000.0,264000.0,265200.0,252000.0,5172000.0,103440000.0,252000.0,264000.0,0.9953481060606061,0.00012005511033437192,0.28807310606060604,0.0009767653427995933,1.0,0.0,1.0,0.0,0.7877333333153731,0.003201742068287292,1.9060258661591647,0.006542332663904139,0.0,0.0,9.797068694910681,0.0406142318712366,-2.198447080960279,0.007866014080870171,2.198447080960279,0.007866014080870171,2.198447080960279,0.007866014080870171,0.0,0.0,2.198447080960279,0.007866014080870171,,,,,,,,,,,10,0.0,0.0,0.0,0.0,0.0,0.0
20,3,16,f_zero,f_zero,0.0,all,3.029489339934662,0.06658343625168046,0.7462491472870741,0.00029588724018469586,0.7462809627941844,0.00024232238892225657,0.18144988471804632,0.00011857003011151448,0.7479285355489249,0.00028614111302534983,1200.0,0.0,0.0,0.0,-0.3797674837328387,7.694919768837546e-05,0.3797674837328387,7.694919768837546e-05,0.7391876253752806,0.00015345956442139948,0.7445203338404032,0.0005078502687092905,0.1831353978446126,0.00017344171435964436,0.7441374728055298,0.0006093895893893749,240.0,0.0,0.0,0.0,-0.3735121979641076,8.240541467068202e-05,0.3735121979641076,8.240541467068202e-05,0.7462491472870741,0.00029588724018469586,0.7467208782301793,0.0002210042681184241,0.18102850643640475,0.0001250824358078176,0.7488863333571776,0.00026153150354303416,960.0,0.0,0.0,0.0,-0.38133130517502145,8.400214416655817e-05,0.38133130517502145,8.400214416655817e-05,0.7375064986203609,0.00013525887915214358,4916400.0,4915200.0,0.0,1200.0,0.0,4915200.0,98304000.0,0.0,0.0,0.0,0.0,0.0,0.0,0.0,0.0,0.0,0.0,0.0,0.0,0.0,0.0,0.0,0.0,,,,,,,,,,,,,,,,,,,,,,,5,0.0,0.0,0.0,0.0,0.0,0.0
20,3,16,raw,raw,1.0,all,13.642969920067117,0.18099635640041914,0.4423576095206968,0.028801996962206474,1.345248343882766,0.03348656711005446,0.2794941532392915,0.0027158055806004978,1.47893944656371,0.037942444613303435,1200.0,0.0,0.0,0.0,-0.17282827641141812,0.004838529396791341,0.1933477057289247,0.0036965268332091903,0.43978628890097654,0.007819316011052787,1.3158759776624378,0.08503103499167983,0.27469535266545136,0.008896231013929105,1.438982419372416,0.09608061567530132,240.0,0.0,0.0,0.0,-0.17456295228927768,0.013580731443768446,0.1890531005470822,0.013164018885845315,0.4423576095206968,0.028801996962206474,1.3521893269660539,0.025277452909654545,0.28069385338275155,0.0016590077659093237,1.4885328443069,0.028608806717165473,960.0,0.0,0.0,0.0,-0.17239460744195326,0.0030908753166706588,0.19442135702438537,0.0021306808069128888,0.43905319065334397,0.0036874246510137463,20622000.0,19968000.0,652800.0,654000.0,633600.0,20601600.0,412032000.0,633600.0,652800.0,0.9948982843137255,5.138708869537841e-05,0.20590318627450982,0.0007302356125008683,0.9948982843137255,5.138708869537841e-05,0.0,0.0,0.43391346452049734,0.0013159879682332458,0.43391346452049734,0.0013159879682332458,0.0,0.0,5.498597135577176,0.005793579699023971,-1.2972031746643848,0.0034691637624034996,1.2972031746643848,0.0034691637624034996,1.501566455899115,0.0014433081626963155,0.8830884475263414,0.0025208898047471982,2.180291622190726,0.0013138078134796358,,,,,,,,,,,5,0.008774366061937792,1.0,0.0,1.0,1.0,1.0
20,3,16,sample_box,sample_box,1.0,all,13.645439800014719,0.15560172191018215,0.46591658829431637,0.01602264170525817,0.8476608481914475,0.013118726846900635,0.19119106133116628,0.0018530526471335178,0.914590111411415,0.01559118163531982,1200.0,0.0,0.0,0.0,-0.21203371272066368,0.002863625532916274,0.2168682847896873,0.0028130134076864255,0.46213933553085,0.005823172471551794,0.8367043718312555,0.021617064281587953,0.18921770728873125,0.004057484191302486,0.8981780362076057,0.02651317449361786,240.0,0.0,0.0,0.0,-0.21138112830894257,0.0068226516584605325,0.21439660129718902,0.00690665619213521,0.46591658829431637,0.01602264170525817,0.8503586050252562,0.012037130084683021,0.19168439984177504,0.0016222413488563606,0.918672279340428,0.014065223788497281,960.0,0.0,0.0,0.0,-0.212196858823594,0.0022188657047443883,0.21748620566281188,0.002089134299075227,0.4612131498062153,0.0036230856968029385,20622000.0,19968000.0,652800.0,654000.0,633600.0,20601600.0,412032000.0,633600.0,652800.0,0.9949267769607844,5.81038588393629e-05,0.20482751225490198,0.0007195015975343012,0.9949267769607844,5.81038588393629e-05,0.9949267769607844,5.81038588393629e-05,0.4291250963669146,0.0013251192522170138,0.4291250963669146,0.0013251192522170138,0.0,0.0,5.291098905677357,0.007082530988296611,-1.3928111242098804,0.0027875658473750296,1.3928111242098804,0.0027875658473750296,1.500476922657704,0.0016558273648739075,0.7874804979808456,0.0019418422141435192,2.180291622190726,0.0013138078134796358,,,,,,,,,,,5,0.0023037592259612127,0.0,0.0,0.0,1.0,1.0
20,3,16,z_zero,z_zero,0.0,all,13.640067239943892,0.20848060230431242,0.7462491472870741,0.00029588724018469586,0.7462809627941844,0.00024232238892225657,0.18144988471804632,0.00011857003011151448,0.7479285355489249,0.00028614111302534983,1200.0,0.0,0.0,0.0,-0.3797674837328387,7.694919768837546e-05,0.3797674837328387,7.694919768837546e-05,0.7391876253752806,0.00015345956442139948,0.7445203338404032,0.0005078502687092905,0.1831353978446126,0.00017344171435964436,0.7441374728055298,0.0006093895893893749,240.0,0.0,0.0,0.0,-0.3735121979641076,8.240541467068202e-05,0.3735121979641076,8.240541467068202e-05,0.7462491472870741,0.00029588724018469586,0.7467208782301793,0.0002210042681184241,0.18102850643640475,0.0001250824358078176,0.7488863333571776,0.00026153150354303416,960.0,0.0,0.0,0.0,-0.38133130517502145,8.400214416655817e-05,0.38133130517502145,8.400214416655817e-05,0.7375064986203609,0.00013525887915214358,20622000.0,19968000.0,652800.0,654000.0,633600.0,20601600.0,412032000.0,633600.0,652800.0,0.9895563725490195,2.564669476931798e-05,0.19910386029411764,0.0006517441423513746,1.0,0.0,1.0,0.0,0.42079057385537827,0.0012617698250894612,1.3284869012363596,0.0029490221551923025,0.0,0.0,9.707956693089418,0.00806899677229546,-2.180291622190726,0.0013138078134796358,2.180291622190726,0.0013138078134796358,2.180291622190726,0.0013138078134796358,0.0,0.0,2.180291622190726,0.0013138078134796358,,,,,,,,,,,5,0.0,0.0,0.0,0.0,0.0,0.0
20,4,2,batch_box,batch_box,1.0,all,0.3215618200134486,0.01974899396150314,0.6746475806540382,0.023071788061223217,1.5925595466398217,0.02561501743727621,0.3598899660661948,0.004762149286688301,1.739368633880375,0.028888541710077986,1200.0,0.0,0.0,0.0,-0.32641582738749303,0.0016527755872282354,0.3281484565016445,0.0021015265829213573,0.6652113693789719,0.0015426717886211517,1.5704056617458297,0.05762109304344762,0.3563977809174133,0.009202269214261233,1.7060577883453867,0.06491459425853219,240.0,0.0,0.0,0.0,-0.32268152083885454,0.012756057452448935,0.3241788369999147,0.013307791333393427,0.6746475806540382,0.023071788061223217,1.5978526321654585,0.028273504169452093,0.36076301235339014,0.004972118966827167,1.7474733355763477,0.03186082023295672,960.0,0.0,0.0,0.0,-0.3273494040246526,0.002475960520098468,0.32914086137707704,0.0024831936008292838,0.6628698585550838,0.004881728451131971,260400.0,192000.0,67200.0,68400.0,55200.0,247200.0,4944000.0,55200.0,67200.0,0.9999940476190476,8.150633296242766e-06,0.453452380952381,0.002162658593269666,0.9999940476190476,8.150633296242766e-06,0.9999970238095237,6.6549642187779e-06,5.091109518344516,0.022679936197985355,5.091109518344516,0.022679936197985355,0.0,0.0,6.992784132058562,0.054871621872717845,-1.7267240828606218,0.008034750755966746,1.7267240828606218,0.008034750755966746,1.753923842733131,0.007439256819524711,0.2988042104830324,0.0020515051823607865,2.0255282933436543,0.00861753599530762,0.4990059807544703,0.001958929064665268,0.33290000000000003,0.004159326868617087,0.12469999999999999,0.0008366600265340765,0.9995,0.0,0.7117777777777778,0.002198785138356216,5,0.008061766795862523,0.0,1.0,0.0,1.0,1.0
20,4,2,box_factor_a0.875,box_factor,0.875,all,0.28553439998067914,0.01096284669565004,0.5798462016158332,0.031660092740250015,3.188487179423449,0.06718388602964466,0.6427842315860647,0.013434248011230871,3.5307239240350476,0.07493871719600895,1200.0,0.0,0.0,0.0,-0.2099023059666918,0.0024983868659253098,0.2506706411649323,0.004083580014628179,0.5690159681403462,0.011883381872443552,3.120882907048716,0.14801470591028756,0.6286915292100093,0.010972403359593777,3.43790995826629,0.16305320539939167,240.0,0.0,0.0,0.0,-0.210265273130481,0.01642502293876893,0.2532482241254573,0.01127376486151318,0.5798462016158332,0.031660092740250015,3.2037123889742594,0.10923060520568295,0.6463074071800785,0.01689476800184006,3.5522260067089597,0.1218405930369635,960.0,0.0,0.0,0.0,-0.20981156417574448,0.0036596009030222896,0.2500262454248011,0.004901459691927078,0.5661771261969352,0.016876365295906557,260400.0,192000.0,67200.0,68400.0,55200.0,247200.0,4944000.0,55200.0,67200.0,0.9999940476190476,8.150633296242766e-06,0.4604315476190476,0.0021340292282164483,0.9999940476190476,8.150633296242766e-06,0.9999940476190476,8.150633296242766e-06,5.661884096543044,0.018066335354121613,5.888173193629884,0.01806883214468105,0.0,0.0,5.090701468644681,0.03651026742033562,-1.3229710075439183,0.009133625079404163,1.3229710075439183,0.009133625079404163,1.448044665471548,0.006869263377490044,0.7025572857997363,0.004759725700947117,2.0255282933436543,0.00861753599530762,,,,,,,,,,,5,0.04701778118134931,1.0,1.0,1.0,1.0,1.0
20,4,2,f_zero,f_zero,0.0,all,0.011826379923149943,0.0005461861802536059,0.7544146089714557,0.005216505153922436,1.1782518377979883,0.00427775139294794,0.2782620866322617,0.0011362738822838147,1.2581842453256031,0.0049355940057578375,1200.0,0.0,0.0,0.0,-0.38025813569469447,0.0010138512445974088,0.38049887477191524,0.0010315718993740553,0.7447890937137613,0.0028194413381134324,1.1691557741188754,0.016420410691390226,0.27597372834483186,0.003495442719127109,1.2422958326997278,0.01910940543031078,240.0,0.0,0.0,0.0,-0.3754352404982989,0.0032579716301142855,0.37555271093953296,0.0032212906519416703,0.7544146089714557,0.005216505153922436,1.1804903839640342,0.005854037817559162,0.27883417620411916,0.0014321019801163456,1.262145867808945,0.006648908904027371,960.0,0.0,0.0,0.0,-0.3814638594937933,0.0009999681497881285,0.3817354157300108,0.0010558825223617972,0.7424905154004076,0.0027605937877234056,20400.0,19200.0,0.0,1200.0,0.0,19200.0,384000.0,0.0,0.0,0.0,0.0,0.0,0.0,0.0,0.0,0.0,0.0,0.0,0.0,0.0,0.0,0.0,0.0,,,,,,,,,,,,,,,,,,,,,,,5,0.0,0.0,1.0,0.0,0.0,0.0
20,4,2,raw,raw,1.0,all,0.25395720000378785,0.016774688392905895,127.61535595792994,230.08995285584038,1076.5200377688118,587.6757784541243,21.870896191246448,9.112802665315252,1192.552198582761,650.8685320404996,1200.0,0.0,0.0,0.0,4.178200968022914,2.388443485886631,6.444765413572287,2.490419852156042,171.8713121151223,115.97069035223699,723.4080126446914,1042.7551054785333,18.113610826655442,16.395683705652182,796.9189457369995,1147.3926933608916,240.0,0.0,0.0,0.0,5.22922284465961,8.844831520183053,6.388258164300701,8.811734389948443,127.61535595792994,230.08995285584038,1023.6158605427902,705.2529979244912,22.810217532394198,12.368605594900263,1135.8356626679847,782.1548507340298,960.0,0.0,0.0,0.0,3.9154454988637397,2.679290083030288,6.458892225890182,3.450129468062341,148.77613067477608,131.45522249974354,260400.0,192000.0,67200.0,68400.0,55200.0,247200.0,4944000.0,55200.0,67200.0,0.9999970238095237,6.6549642187779e-06,0.4619970238095238,0.0017725644299846426,0.9999970238095237,6.6549642187779e-06,0.0,0.0,21.091114012945837,6.0613012898882905,21.091114012945837,6.0613012898882905,0.0,0.0,7317.233995035043,5962.730383511512,-0.3866762551380635,0.19489247869646653,0.3866762551380635,0.19489247869646653,2.67513655937827,0.3311085593832618,1.6388520382055904,0.19428946834117608,2.0255282933436543,0.00861753599530762,,,,,,,,,,,5,14329.357530372317,0.0,0.0,0.0,0.0,0.0
20,4,2,sample_ball,sample_ball,1.0,all,0.26224632002413273,0.016341506975267765,0.6893716059242999,0.014248757670953367,2.451119263372238,0.08952528095464375,0.512742247842954,0.01472172141489137,2.702801695403588,0.10005084683877186,1200.0,0.0,0.0,0.0,-0.297698098969882,0.004244760862586974,0.3133711119707074,0.0021169360030790585,0.6749583456061252,0.006471631939557986,2.411367646988343,0.07347581545199607,0.5071538341902346,0.015160567921861856,2.644844807443639,0.08214465051073509,240.0,0.0,0.0,0.0,-0.29384387754839747,0.008318665999032642,0.31171511651715045,0.009844180308174702,0.6893716059242999,0.014248757670953367,2.4605305706014384,0.10653947324053283,0.5141393512561339,0.017210241541835113,2.7167943571897974,0.11932267203741766,960.0,0.0,0.0,0.0,-0.2986616543252532,0.0064598238162648786,0.31378511083409666,0.003609706012483965,0.6714483693145776,0.009678101024227346,260400.0,192000.0,67200.0,68400.0,55200.0,247200.0,4944000.0,55200.0,67200.0,0.9999970238095237,6.6549642187779e-06,0.4571130952380952,0.0018992899451948679,0.4571130952380952,0.0018992899451948679,0.4571130952380952,0.0018992899451948679,5.251885485468302,0.021020299719178234,3.207817077458793,0.02092971629635658,0.0,0.0,6.9602976002729005,0.05179997982082174,-1.673159763614302,0.00877952034880915,1.673159763614302,0.00877952034880915,1.7292527607911576,0.00802652957087727,0.3523685297293522,0.0035641269356073554,2.0255282933436543,0.00861753599530762,,,,,,,,,,,5,0.03160749162940559,0.0,1.0,0.0,1.0,1.0
20,4,2,sample_box,sample_box,1.0,all,0.2687819800339639,0.005964016647125493,0.5935175415546565,0.03613706060823791,3.79167166164952,0.084984311801262,0.7455660906149422,0.01623848514658826,4.202006008035712,0.09476433227698713,1200.0,0.0,0.0,0.0,-0.17807522365281667,0.0031741971198490583,0.24838488735250758,0.006277393683246031,0.5806388618341172,0.01784175093942198,3.707748773344119,0.17910011487598096,0.7279894318084754,0.01583570859064976,4.087702493632211,0.1973221247296332,240.0,0.0,0.0,0.0,-0.1798664883631929,0.019272823591134643,0.2503952135065597,0.011065916472666835,0.5935175415546565,0.03613706060823791,3.8104763868823044,0.13848475834453486,0.7499602553165589,0.02042372523640134,4.228362750534268,0.15441916909511605,960.0,0.0,0.0,0.0,-0.1776274074752226,0.004927073602454983,0.24788230581399456,0.006827085477803192,0.5772497921950703,0.02272318608712988,260400.0,192000.0,67200.0,68400.0,55200.0,247200.0,4944000.0,55200.0,67200.0,0.9999940476190476,8.150633296242766e-06,0.4614464285714286,0.0021117167284225853,0.9999940476190476,8.150633296242766e-06,0.9999940476190476,8.150633296242766e-06,5.867402969651492,0.022802276952175148,5.867402969651492,0.022802276952175148,0.0,0.0,4.852818495567108,0.032689656764766546,-1.2397221004763583,0.009516224738549585,1.2397221004763583,0.009516224738549585,1.402911051411808,0.006254730764021385,0.7858061928672961,0.005303922782943726,2.0255282933436543,0.00861753599530762,,,,,,,,,,,5,0.06797143303334828,0.0,1.0,0.0,1.0,1.0
20,4,2,shrink_c0.375,shrink,0.375,all,0.24940464003011584,0.008048610221597413,0.8412248297031976,0.20797372281962795,4.194032697919795,1.1210238580527871,0.5580820637777909,0.037132028938799445,4.640292678012729,1.246228972597119,1200.0,0.0,0.0,0.0,-0.3097168835237122,0.0066882257104746235,0.3465092365054496,0.0065161123592483135,0.8356421316282614,0.10077824366435151,3.412843792672459,1.0758118045056424,0.5258451500697886,0.011300243327133867,3.750413711557065,1.1852832438754766,240.0,0.0,0.0,0.0,-0.30733133942564256,0.019394589755063713,0.34919757926310285,0.015987020206792962,0.8412248297031976,0.20797372281962795,4.311031564792756,1.377137691126997,0.5661412922047914,0.04641677696302346,4.776794848068956,1.532795222190575,960.0,0.0,0.0,0.0,-0.3103132695482297,0.010470175559497329,0.34583715081603633,0.006476414682628339,0.829147508952054,0.11432033717791969,260400.0,192000.0,67200.0,68400.0,55200.0,247200.0,4944000.0,55200.0,67200.0,0.9999970238095237,6.6549642187779e-06,0.4535565476190476,0.002109187995615921,1.0,0.0,1.0,0.0,5.318648520331808,0.017908306786723734,2.96202390118242,0.006949500710762841,0.0,0.0,7.148291391643317,0.07833091362508414,-1.6893148247671224,0.008360695204209859,1.6893148247671224,0.008360695204209859,1.756710598973616,0.0073827744828335,0.33621346857653217,0.0024521096446436337,2.0255282933436543,0.00861753599530762,,,,,,,,,,,5,0.11032242488476086,0.0,1.0,0.0,0.2,0.2
20,4,2,z_only_box,z_only_box,1.0,all,0.2646982400212437,0.014062647496687702,0.6211364610354233,0.035692636376038554,4.252288096899281,0.15362401054488728,0.788520311758327,0.017447060333202626,4.7137810570479255,0.1714831556296436,1200.0,0.0,0.0,0.0,-0.17432798664234153,0.00324549830591039,0.2558982401228298,0.005948331014662926,0.6086384653044367,0.020297442309397323,4.122302911995636,0.2779383733110694,0.7665026746410115,0.015244890421658119,4.545943669801219,0.3068189616201442,240.0,0.0,0.0,0.0,-0.17811737543273026,0.018455781840770256,0.2565978149540666,0.010396932407268302,0.6211364610354233,0.035692636376038554,4.280726696300893,0.21760450002402879,0.7940247210376559,0.02384207770442979,4.751513444758479,0.24279387367911615,960.0,0.0,0.0,0.0,-0.17338063944474433,0.005304466861716848,0.2557233464150206,0.006724674174215037,0.6053588014237101,0.02525840204540884,260400.0,192000.0,67200.0,68400.0,55200.0,247200.0,4944000.0,55200.0,67200.0,0.9999940476190476,8.150633296242766e-06,0.4614464285714286,0.0021117167284225853,0.9999940476190476,8.150633296242766e-06,0.9999940476190476,8.150633296242766e-06,5.886850814020839,0.023794814042641953,5.886573641129969,0.02377099375762464,0.0,0.0,4.8849860500411095,0.033319802944604904,-1.2371348450181077,0.009652849335882946,1.2371348450181077,0.009652849335882946,1.4063724523310357,0.006121340617661379,0.7883934483255469,0.004996710897614745,2.0255282933436543,0.00861753599530762,,,,,,,,,,,5,0.08192021767701846,0.0,1.0,0.0,1.0,1.0
20,4,2,z_zero,z_zero,0.0,all,0.24881037999875844,0.011316596733664681,0.7544146089714557,0.005216505153922436,1.1782518377979883,0.00427775139294794,0.2782620866322617,0.0011362738822838147,1.2581842453256031,0.0049355940057578375,1200.0,0.0,0.0,0.0,-0.38025813569469447,0.0010138512445974088,0.38049887477191524,0.0010315718993740553,0.7447890937137613,0.0028194413381134324,1.1691557741188754,0.016420410691390226,0.27597372834483186,0.003495442719127109,1.2422958326997278,0.01910940543031078,240.0,0.0,0.0,0.0,-0.3754352404982989,0.0032579716301142855,0.37555271093953296,0.0032212906519416703,0.7544146089714557,0.005216505153922436,1.1804903839640342,0.005854037817559162,0.27883417620411916,0.0014321019801163456,1.262145867808945,0.006648908904027371,960.0,0.0,0.0,0.0,-0.3814638594937933,0.0009999681497881285,0.3817354157300108,0.0010558825223617972,0.7424905154004076,0.0027605937877234056,260400.0,192000.0,67200.0,68400.0,55200.0,247200.0,4944000.0,55200.0,67200.0,0.9999970238095237,6.6549642187779e-06,0.4418958333333333,0.002211101220721633,1.0,0.0,1.0,0.0,4.926000766606552,0.02800086663603878,7.096736295886723,0.03171952273919308,0.0,0.0,8.965220755967351,0.07516134397139834,-2.0255282933436543,0.00861753599530762,2.0255282933436543,0.00861753599530762,2.0255282933436543,0.00861753599530762,0.0,0.0,2.0255282933436543,0.00861753599530762,,,,,,,,,,,5,0.0,0.0,1.0,0.0,0.0,0.0
20,4,3,batch_box,batch_box,1.0,all,0.6037100400310009,0.012731994007458388,0.6540496518086506,0.007203155361857662,1.0238102082523006,0.011473289850631676,0.23738029067977834,0.0018685644741996263,1.0929513671114983,0.013597351324421279,1200.0,0.0,0.0,0.0,-0.32606750509037913,0.0021011416218617613,0.3262740160718375,0.002093226747755094,0.6493703635163166,0.003548227459293486,1.0166245852332927,0.007889859448298942,0.23646421662530454,0.001891440790544727,1.0804873352199553,0.0091878564388929,240.0,0.0,0.0,0.0,-0.3193879405080603,0.003700815068485764,0.31963264758325644,0.0037912233133470356,0.6540496518086506,0.007203155361857662,1.0255943342314908,0.012836732438662901,0.2376093091933968,0.002027452170430687,1.096081296370198,0.015121042433126206,960.0,0.0,0.0,0.0,-0.3277373962359589,0.0019085114247559467,0.3279343581939827,0.0018922377918216082,0.6482539840161019,0.0031274155319186954,1099200.0,907200.0,190800.0,192000.0,165600.0,1072800.0,21456000.0,165600.0,190800.0,0.9999454926624738,1.3667090996218198e-05,0.41130083857442346,0.0018342295534511074,0.9999454926624738,1.3667090996218198e-05,0.9999863731656184,5.975762186046229e-06,3.106286675931936,0.02083671618134934,3.106286675931936,0.02083671618134934,0.0,0.0,6.936170228143451,0.03584405898731156,-1.7137352454252048,0.00706050304862684,1.7137352454252048,0.00706050304862684,1.7334892563984738,0.006898327382660968,0.2744206953895799,0.0014221311181859884,1.988155940814785,0.008272432255556609,0.5101677820143062,0.0017963375637185587,0.3499,0.001816590212458497,0.1385,0.0007071067811865482,0.9995,0.0,0.7103333333333334,0.002379165996521104,5,0.0028434182316748667,0.0,1.0,0.0,1.0,1.0
20,4,3,box_factor_a0.9,box_factor,0.9,all,0.5602905800100416,0.030756761480770792,0.4934401036320608,0.016005434020686535,2.1302869581572867,0.049179760048761664,0.4325846710728423,0.00657383103716466,2.354826889264417,0.05473324816237648,1200.0,0.0,0.0,0.0,-0.20221488079548178,0.003272956557028671,0.21729533783030455,0.0019289670104708707,0.47707668496875344,0.005700130234363039,2.138981334174722,0.0612325185304626,0.4337919899904642,0.009185040941959823,2.3522463560376186,0.06746397644268831,240.0,0.0,0.0,0.0,-0.20116981849801757,0.005084734193831273,0.22002570697464216,0.004570900560228997,0.4934401036320608,0.016005434020686535,2.128026225105338,0.050083856579000496,0.43228284134343686,0.006672203492384433,2.3553920503896144,0.05587728669338955,960.0,0.0,0.0,0.0,-0.20247614636984781,0.0036436472193747647,0.21661274554422016,0.0028857037090023693,0.4730742085957738,0.005926836282730797,1099200.0,907200.0,190800.0,192000.0,165600.0,1072800.0,21456000.0,165600.0,190800.0,0.9999475890985325,1.5280272261108813e-05,0.42179035639413,0.0018991254856713833,0.9999517819706499,1.5458994972488375e-05,0.9999517819706499,1.5458994972488375e-05,3.352410063268272,0.02061613096436607,3.4885232803635895,0.02132982288347752,0.0,0.0,4.8086261157456756,0.03076988050804497,-1.2711696697631774,0.005764516920084292,1.2711696697631774,0.005764516920084292,1.3881749435971777,0.006589444167592599,0.7169862710516075,0.0029897425151171526,1.988155940814785,0.008272432255556609,,,,,,,,,,,5,0.019468716426812964,0.0,1.0,0.0,1.0,1.0
20,4,3,box_factor_a1.25,box_factor,1.25,all,0.5560787001159042,0.01544818841650435,0.49483913234394483,0.04054988186896056,3.423203536182227,0.08846335641232612,0.6589869946891552,0.012757320079670129,3.7955206812108395,0.09820731302715885,1200.0,0.0,0.0,0.0,-0.11416905582606622,0.00604786238571817,0.19312436914889994,0.003472524449361436,0.4634399156813366,0.010888733445643242,3.4362172724644466,0.12677475469545899,0.6576864896021425,0.020547289005011342,3.7900082440666525,0.1396628792569624,240.0,0.0,0.0,0.0,-0.11688620133678665,0.00859196437495602,0.19989630781274653,0.01443028918392495,0.49483913234394483,0.04054988186896056,3.419584120914005,0.09379669681998952,0.6593121209609085,0.013809796861476806,3.7965215449091807,0.10437890639977417,960.0,0.0,0.0,0.0,-0.11348976944838611,0.006837959102465459,0.19143138448293828,0.0037033421296831645,0.4554365513637843,0.006979373920229182,1099200.0,907200.0,190800.0,192000.0,165600.0,1072800.0,21456000.0,165600.0,190800.0,0.9999507337526206,2.0162876374918017e-05,0.42507651991614254,0.0019822292115865203,0.9999454926624738,2.1159988719281308e-05,0.9999454926624738,2.1159988719281308e-05,3.5932203336199655,0.022237438889759483,3.278810652727514,0.020614708854858263,0.0,0.0,4.299332822405527,0.03206368175632463,-1.065188568325575,0.004587788970732003,1.065188568325575,0.004587788970732003,1.2836862942716274,0.006860222907662954,0.9229673724892098,0.004410551662240776,1.988155940814785,0.008272432255556609,,,,,,,,,,,5,0.05088059398361394,0.8,1.0,0.8,1.0,1.0
20,4,3,f_zero,f_zero,0.0,all,0.0317968999966979,0.0023902534780915986,0.7483203847880456,0.0007116962827026855,0.8475384350184584,0.0013924230257008677,0.20568256514181388,0.0004815449486436936,0.8706300384398016,0.0016635921697568422,1200.0,0.0,0.0,0.0,-0.38009320908142025,0.0003023756927342508,0.3801137582774341,0.0002934331373712158,0.7406113279701504,0.0003537085153998737,0.84396025754011,0.002775259289092851,0.2059150827990818,0.0009917756216166643,0.8636789522305144,0.0032864314542438776,240.0,0.0,0.0,0.0,-0.37452236730857213,0.0008218789712282053,0.3745464120538646,0.0008245601091968728,0.7483203847880456,0.0007116962827026855,0.848430596198335,0.0015471590445873846,0.20562443572749695,0.0005435927243497938,0.8723818933657818,0.001806712088514684,960.0,0.0,0.0,0.0,-0.38148591952463223,0.00024235127125679393,0.38150559483332647,0.00024464204641936845,0.738774962271782,0.0005006073412130134,98400.0,97200.0,0.0,1200.0,0.0,97200.0,1944000.0,0.0,0.0,0.0,0.0,0.0,0.0,0.0,0.0,0.0,0.0,0.0,0.0,0.0,0.0,0.0,0.0,,,,,,,,,,,,,,,,,,,,,,,5,0.0,0.0,1.0,0.0,0.0,0.0
20,4,3,raw,raw,1.0,all,0.5384699599351734,0.039772997172520225,27.423939662054067,11.498964015188804,300.333407340043,144.71422430769036,8.006480002383727,2.103174835903262,333.1776082496739,160.6581151076293,1200.0,0.0,0.0,0.0,1.1144672527002712,0.21940586245160706,1.8931579978668203,0.35309531430933594,33.00563989417584,13.042691360656672,224.40560839805676,140.34769130185177,7.371695178869575,2.492739516320946,247.59263050292094,155.09554357351868,240.0,0.0,0.0,0.0,0.7878992946500327,1.3415145021877681,2.0331747968475193,0.473785996654348,27.423939662054067,11.498964015188804,308.5769411457601,165.65649345651445,8.165176208262263,2.330548708554492,342.7753202427328,184.1045458746684,960.0,0.0,0.0,0.0,1.1961092422128305,0.3399665754453655,1.8581537981216456,0.42630113183920326,33.44712535728529,15.56246077451461,1099200.0,907200.0,190800.0,192000.0,165600.0,1072800.0,21456000.0,165600.0,190800.0,0.9999517819706499,1.904182612640563e-05,0.4236698113207547,0.0017241848380206083,0.9999517819706499,1.904182612640563e-05,0.0,0.0,6.375276059682389,1.1277061593350222,6.375276059682389,1.1277061593350222,0.0,0.0,374.77163904053594,363.3804309075968,-0.907671932221324,0.030136669513273904,0.907671932221324,0.030136669513273904,1.7455305638045502,0.035143415794269925,1.080484008593461,0.034135181571801856,1.988155940814785,0.008272432255556609,,,,,,,,,,,5,435.0869576615367,0.0,0.0,0.0,0.0,0.0
20,4,3,sample_ball,sample_ball,1.0,all,0.55348229999654,0.036666361476497746,0.5924037261685215,0.009382206310627328,1.7754864459352944,0.02800005898050433,0.37513156234453676,0.004288426173417397,1.9516216800291617,0.03153882971106972,1200.0,0.0,0.0,0.0,-0.2665755716049391,0.0021734591117934794,0.2739199029487184,0.0016562090367193362,0.5852018618463919,0.0024967193708939146,1.7243358826430228,0.06754597728035708,0.3693261186701191,0.010324166105089882,1.8849697878614784,0.07526809174991522,240.0,0.0,0.0,0.0,-0.2619048652201771,0.003852024040698177,0.27117325936795716,0.003674427495821984,0.5924037261685215,0.009382206310627328,1.787898852778446,0.023416807630251574,0.3765829232631412,0.003920579867993638,1.9679766010980209,0.02639829734906432,960.0,0.0,0.0,0.0,-0.26774324820112966,0.0022777432453884405,0.2746065638439087,0.001902323149242099,0.5834649060203928,0.003915310494030735,1099200.0,907200.0,190800.0,192000.0,165600.0,1072800.0,21456000.0,165600.0,190800.0,0.9999496855345912,1.416064579255062e-05,0.4171614255765199,0.0017377695690017675,0.4171614255765199,0.0017377695690017675,0.4171614255765199,0.0017377695690017675,3.1872476722716003,0.019496653919533712,1.6899992163057918,0.01546419879842441,0.0,0.0,6.312958296834462,0.03805452548641787,-1.5592629598612548,0.007188875420701375,1.5592629598612548,0.007188875420701375,1.6179113103005374,0.00744496017827503,0.42889298095353007,0.002131428028604981,1.988155940814785,0.008272432255556609,,,,,,,,,,,5,0.01637316250406263,0.0,1.0,0.0,1.0,1.0
20,4,3,sample_box,sample_box,1.0,all,0.5691058000549674,0.04724597130032328,0.48206196142832713,0.02337533845042194,2.47151939376102,0.06023520810451168,0.49202214580250514,0.008166821226878703,2.7360088617505762,0.06695356526934067,1200.0,0.0,0.0,0.0,-0.17805994560133478,0.003970180089992352,0.2046407180491519,0.0021922716944463155,0.4617142670693634,0.007121608647710399,2.4835037367582187,0.06962224182543707,0.4930966687621264,0.010816857789004132,2.734992367050681,0.07659204409898493,240.0,0.0,0.0,0.0,-0.17795406052683518,0.005435332024557861,0.20901326933927195,0.006840549560242627,0.48206196142832713,0.02337533845042194,2.468411039637963,0.06278436358222018,0.4917535150625998,0.008566826542537603,2.7361547418467485,0.06997276128239278,960.0,0.0,0.0,0.0,-0.17808641686995969,0.004497810812710866,0.20354758022662187,0.0032075496367372056,0.4566717600039828,0.006405298781308005,1099200.0,907200.0,190800.0,192000.0,165600.0,1072800.0,21456000.0,165600.0,190800.0,0.9999517819706499,1.7144053704195117e-05,0.42293605870020967,0.0019226887592440748,0.9999517819706499,1.7144053704195117e-05,0.9999517819706499,1.7144053704195117e-05,3.4159923527449214,0.02093876773524045,3.4159923527449214,0.02093876773524045,0.0,0.0,4.618611245702726,0.030818620378182608,-1.2089460398026932,0.005415209785891714,1.2089460398026932,0.005415209785891714,1.3515344951177508,0.006644544889222674,0.7792099010120915,0.003386650068792155,1.988155940814785,0.008272432255556609,,,,,,,,,,,5,0.026444918465336725,0.2,1.0,0.0,1.0,1.0
20,4,3,shrink_c0.375,shrink,0.375,all,0.5600045999512077,0.015166479630487012,0.6784353928302902,0.0100089556719785,1.7051124076365736,0.19069102078132463,0.31009763026612325,0.007803772306928519,1.8661335132912462,0.2143114784788306,1200.0,0.0,0.0,0.0,-0.3234305416114308,0.0013924786262066934,0.3262517447128384,0.0018988609061455738,0.6651680024576352,0.006000292588642542,1.5423439544651434,0.16256719052339655,0.30502410644671635,0.013258525960321501,1.6738819614680192,0.1836328995448857,240.0,0.0,0.0,0.0,-0.32214586894517694,0.004766134604220879,0.3245176661590506,0.004206174044474339,0.6784353928302902,0.0100089556719785,1.7373980207266435,0.25546643982271944,0.31136601122097496,0.009722124800291004,1.9047527274544138,0.28741885276357887,960.0,0.0,0.0,0.0,-0.3237517097779943,0.0014898168437402952,0.32668526435128536,0.0016067095109509992,0.6619834758269724,0.005494858429891038,1099200.0,907200.0,190800.0,192000.0,165600.0,1072800.0,21456000.0,165600.0,190800.0,0.9999423480083858,1.528027226113896e-05,0.41223689727463314,0.0018287176711284654,1.0,0.0,1.0,0.0,3.1591815973553525,0.022801247827556593,1.9515570406294713,0.012491755746011792,0.0,0.0,6.73542643746365,0.037062634555745815,-1.6578358223611684,0.007076035680459818,1.6578358223611684,0.007076035680459818,1.6937077485437115,0.007130089925002894,0.3303201184536168,0.0028334827120113223,1.988155940814785,0.008272432255556609,,,,,,,,,,,5,0.012580540513044752,0.0,1.0,0.0,1.0,1.0
20,4,3,z_only_box,z_only_box,1.0,all,0.5436878600623458,0.027570447017807576,0.4883471588605962,0.03066587909056216,2.642315764761262,0.0635456000435065,0.509038490112118,0.008293427902194008,2.926088096486601,0.07048959155972412,1200.0,0.0,0.0,0.0,-0.1737200412035713,0.004141271493170551,0.20630626251693712,0.003096957468291982,0.46745462245094255,0.010795539628156397,2.6228448269519777,0.12796059488902917,0.5083666590769395,0.013565235999944976,2.8892326993175166,0.14102432943555387,240.0,0.0,0.0,0.0,-0.17426685012323784,0.006121290468583848,0.2109464602491565,0.009314362741924494,0.4883471588605962,0.03066587909056216,2.64670546676163,0.06322590448490469,0.5092064478709126,0.008418063344223275,2.9348442938782555,0.07029628901144327,960.0,0.0,0.0,0.0,-0.17358333897365466,0.004640135598221495,0.2051462130838823,0.003902582561627468,0.46222725504032214,0.009421686122399521,1099200.0,907200.0,190800.0,192000.0,165600.0,1072800.0,21456000.0,165600.0,190800.0,0.9999517819706499,1.7144053704195117e-05,0.4229350104821803,0.0019214975873785704,0.9999517819706499,1.7144053704195117e-05,0.9999517819706499,1.7144053704195117e-05,3.420885809773222,0.020561745118305844,3.420824460836876,0.020566702745653163,0.0,0.0,4.629818127359869,0.03168372677490895,-1.2078763357670894,0.005397505770264736,1.2078763357670894,0.005397505770264736,1.352711068366834,0.006708609206895199,0.7802796050476954,0.003391749416096808,1.988155940814785,0.008272432255556609,,,,,,,,,,,5,0.029890264566581455,0.0,1.0,0.0,1.0,1.0
20,4,3,z_zero,z_zero,0.0,all,0.5222512800246477,0.02919262549737932,0.7483203847880456,0.0007116962827026855,0.8475384350184584,0.0013924230257008677,0.20568256514181388,0.0004815449486436936,0.8706300384398016,0.0016635921697568422,1200.0,0.0,0.0,0.0,-0.38009320908142025,0.0003023756927342508,0.3801137582774341,0.0002934331373712158,0.7406113279701504,0.0003537085153998737,0.84396025754011,0.002775259289092851,0.2059150827990818,0.0009917756216166643,0.8636789522305144,0.0032864314542438776,240.0,0.0,0.0,0.0,-0.37452236730857213,0.0008218789712282053,0.3745464120538646,0.0008245601091968728,0.7483203847880456,0.0007116962827026855,0.848430596198335,0.0015471590445873846,0.20562443572749695,0.0005435927243497938,0.8723818933657818,0.001806712088514684,960.0,0.0,0.0,0.0,-0.38148591952463223,0.00024235127125679393,0.38150559483332647,0.00024464204641936845,0.738774962271782,0.0005006073412130134,1099200.0,907200.0,190800.0,192000.0,165600.0,1072800.0,21456000.0,165600.0,190800.0,0.9999423480083858,1.9957476692535948e-05,0.4006509433962265,0.0016048924927638292,1.0,0.0,1.0,0.0,3.051790582944192,0.021012923136265776,4.838812510315232,0.029887728332176393,0.0,0.0,8.794339080070623,0.047988985816377935,-1.988155940814785,0.008272432255556609,1.988155940814785,0.008272432255556609,1.988155940814785,0.008272432255556609,0.0,0.0,1.988155940814785,0.008272432255556609,,,,,,,,,,,5,0.0,0.0,1.0,0.0,0.0,0.0
20,4,6,f_zero,f_zero,0.0,all,0.9501165200024844,0.01163289055273161,0.7460323470556436,0.0005941458188170103,0.7506940210476873,0.000318189166634656,0.18272469213990317,0.00012349837105602742,0.75341949337407,0.00040754398602693,1200.0,0.0,0.0,0.0,-0.37960705166647324,0.00014325710048827402,0.37960737505544223,0.00014294038520653172,0.738914976534782,0.00017109937452071188,0.749114537239587,0.0005354544927936164,0.18418176671158518,0.00017087531915943062,0.7497943128576117,0.0006090435844270604,240.0,0.0,0.0,0.0,-0.3735713111113285,0.0004260545798645204,0.3735713111113285,0.0004260545798645204,0.7460323470556436,0.0005941458188170103,0.751088724892284,0.00034001921586399383,0.18236042349698267,0.00013628169287189208,0.754335523352438,0.0004279891307059759,960.0,0.0,0.0,0.0,-0.3811159868052593,0.00011917513000566537,0.38111639104147066,0.00011903934784888268,0.7372204439489507,0.00011341887898774074,1556400.0,1555200.0,0.0,1200.0,0.0,1555200.0,31104000.0,0.0,0.0,0.0,0.0,0.0,0.0,0.0,0.0,0.0,0.0,0.0,0.0,0.0,0.0,0.0,0.0,,,,,,,,,,,,,,,,,,,,,,,5,0.0,0.0,1.0,0.0,0.0,0.0
20,4,6,raw,raw,1.0,all,10.34233880005777,0.1514201882841169,1.2116386014388862,0.29927398621595885,27.193622329184166,26.28028113147758,1.572560062510504,0.24898891168275838,30.17949844146841,29.169793828803055,1200.0,0.0,0.0,0.0,0.08474924993493164,0.04205752272557379,0.36714890451250426,0.04725941773961152,2.4848966051208694,2.2351083821545994,14.06512741049167,6.094841036355932,1.4100114105820882,0.1852225818710448,15.53185372145614,6.734404296333085,240.0,0.0,0.0,0.0,0.05877713663205801,0.020217703192096214,0.32008589184972186,0.01941115307834613,1.2116386014388862,0.29927398621595885,29.38907738054744,29.46766610898066,1.613197225492608,0.28211804445509964,32.65774748891748,32.74934826299916,960.0,0.0,0.0,0.0,0.09124227826065005,0.05304613834055172,0.3789146576781999,0.05757697549338992,2.6788606605114698,2.5094289002797034,14746800.0,13478400.0,1267200.0,1268400.0,1173600.0,14652000.0,293040000.0,1173600.0,1267200.0,0.99875,1.8107313613630156e-05,0.347458648989899,0.0009931890371542578,0.99875,1.8107313613630156e-05,0.0,0.0,1.5374616202350662,0.01079941210028124,1.5374616202350662,0.01079941210028124,0.0,0.0,7.621698926179407,4.147263095599658,-1.016963577354763,0.0038065926318137733,1.016963577354763,0.0038065926318137733,1.3854993567502598,0.004158314139475329,0.9321476199413951,0.004637341733845472,1.9491111972961583,0.005484439513652298,,,,,,,,,,,5,3.5995072781904742,0.0,0.0,0.0,0.0,0.0
20,4,6,sample_box,sample_box,1.0,all,10.421676700003445,0.19797299930221524,0.38849036771771434,0.007703962616484779,1.3927992952199617,0.026984999317968415,0.2846265859192452,0.003510979960821179,1.5353206132263904,0.030457647471410096,1200.0,0.0,0.0,0.0,-0.166429172856343,0.0027087000109688696,0.17832604532556112,0.001963358664204918,0.3919076012620647,0.005060354105226833,1.3825963753092396,0.03541829181640814,0.2795436442348777,0.0027800450697200016,1.5168531115036727,0.0397130661696181,240.0,0.0,0.0,0.0,-0.16594850805231331,0.0033613420637215257,0.174381978253142,0.0025410732305648706,0.38849036771771434,0.007703962616484779,1.3953197984883263,0.025882377293614336,0.285897321340337,0.003966253718272278,1.5399424640259916,0.029229804425881387,960.0,0.0,0.0,0.0,-0.16654933905735042,0.002695989902123876,0.17931206209366593,0.00199381952823883,0.3927062560172858,0.004822415963842651,14746800.0,13478400.0,1267200.0,1268400.0,1173600.0,14652000.0,293040000.0,1173600.0,1267200.0,0.9987010732323233,3.1173583041536066e-05,0.34612421085858586,0.0010294694707498968,0.9987010732323233,3.1173583041536066e-05,0.9987010732323233,3.1173583041536066e-05,1.4233567425400835,0.002666437735944358,1.4233567425400835,0.002666437735944358,0.0,0.0,4.362748881477815,0.016768559416035743,-1.1698757731679348,0.0034992824127166523,1.1698757731679348,0.0034992824127166523,1.2926880445180469,0.0037101292106304666,0.7792354241282234,0.0032587026836818716,1.9491111972961583,0.005484439513652298,,,,,,,,,,,5,0.0071488612785717736,1.0,1.0,0.0,1.0,1.0
20,4,6,z_zero,z_zero,0.0,all,10.40359874004498,0.14920334415104092,0.7460323470556436,0.0005941458188170103,0.7506940210476873,0.000318189166634656,0.18272469213990317,0.00012349837105602742,0.75341949337407,0.00040754398602693,1200.0,0.0,0.0,0.0,-0.37960705166647324,0.00014325710048827402,0.37960737505544223,0.00014294038520653172,0.738914976534782,0.00017109937452071188,0.749114537239587,0.0005354544927936164,0.18418176671158518,0.00017087531915943062,0.7497943128576117,0.0006090435844270604,240.0,0.0,0.0,0.0,-0.3735713111113285,0.0004260545798645204,0.3735713111113285,0.0004260545798645204,0.7460323470556436,0.0005941458188170103,0.751088724892284,0.00034001921586399383,0.18236042349698267,0.00013628169287189208,0.754335523352438,0.0004279891307059759,960.0,0.0,0.0,0.0,-0.3811159868052593,0.00011917513000566537,0.38111639104147066,0.00011903934784888268,0.7372204439489507,0.00011341887898774074,14746800.0,13478400.0,1267200.0,1268400.0,1173600.0,14652000.0,293040000.0,1173600.0,1267200.0,0.9975735479797979,3.6923048902737524e-05,0.32771890782828283,0.0009436992399865165,1.0,0.0,1.0,0.0,1.350060564309101,0.002684026179032794,2.667020718146171,0.005099597623547175,0.0,0.0,8.598316789450655,0.031982984008924575,-1.9491111972961583,0.005484439513652298,1.9491111972961583,0.005484439513652298,1.9491111972961583,0.005484439513652298,0.0,0.0,1.9491111972961583,0.005484439513652298,,,,,,,,,,,5,0.0,0.0,1.0,0.0,0.0,0.0
20,5,2,batch_box,batch_box,1.0,all,0.9128331699874253,0.022882110041292827,0.6674869597908162,0.012669698863067411,1.4364019805422077,0.009285046808752088,0.3226170353258907,0.001051622466997556,1.563071255447743,0.01048749669867388,1200.0,0.0,0.0,0.0,-0.327088433758537,0.0022546860497383416,0.3280915954409199,0.002132969016621762,0.6610816409099305,0.004004124817608212,1.4518759795833955,0.06199174789408216,0.32415593290389966,0.006264204519880172,1.5733288485276153,0.06964534814167374,240.0,0.0,0.0,0.0,-0.32165273813690654,0.004577542682937192,0.3226770785151426,0.0041644420150405296,0.6674869597908162,0.012669698863067411,1.432168561805918,0.014574050901528962,0.3222323109313885,0.002186502420082222,1.5600658209478995,0.016658329697408436,960.0,0.0,0.0,0.0,-0.3284473576639447,0.0031829431056947213,0.3294452246723643,0.0029768932582581297,0.6595266842760665,0.0050696477014644335,1158000.0,854400.0,302400.0,303600.0,247200.0,1101600.0,22032000.0,247200.0,302400.0,0.9999950396825398,2.810306169304508e-06,0.4084312169312169,0.0021663629877289696,0.9999950396825398,2.810306169304508e-06,0.9999963624338625,2.4400290587472085e-06,4.619854585752709,0.03346427186100673,4.619854585752709,0.03346427186100673,0.0,0.0,5.99481847845831,0.03723661555577773,-1.5076393462061306,0.00831720007537318,1.5076393462061306,0.00831720007537318,1.5347955939896756,0.008328038244464911,0.2912055640529362,0.0025410254589064343,1.7988449102590667,0.00928181066865037,0.5506829256793925,0.0021753994865515557,0.4143,0.0046380072349136115,0.1271,0.0005163977794943218,0.9995,0.0,0.6442545787545788,0.00270532102055495,10,0.006892833562329562,0.0,1.0,0.0,1.0,1.0
20,5,2,box_factor_a0.75,box_factor,0.75,all,0.7968238000292331,0.03374591834645504,0.5518746125147607,0.02090860650054299,2.748211182796871,0.047690667324426006,0.561982312499106,0.00616174888834845,3.040713998282477,0.05276132980787317,1200.0,0.0,0.0,0.0,-0.22671078773577902,0.0033808841559413564,0.24571785272225047,0.0033840709353477948,0.5524643043453731,0.010817233331106709,2.7691969040562743,0.1802818396527139,0.5602583438595538,0.021345107140107886,3.049027036949343,0.19953442527633797,240.0,0.0,0.0,0.0,-0.2231975318637406,0.004529379351335308,0.239591526366124,0.006482650529522615,0.5518746125147607,0.02090860650054299,2.741842865645466,0.0369191267112063,0.5624133046589941,0.005521914722788888,3.0373779134820365,0.04088158095277918,960.0,0.0,0.0,0.0,-0.2275891017037886,0.004278450821606813,0.2472494343112821,0.00396523963530499,0.5525209116841141,0.011957772848572306,1158000.0,854400.0,302400.0,303600.0,247200.0,1101600.0,22032000.0,247200.0,302400.0,0.999994708994709,2.788604638611118e-06,0.4148515211640212,0.0022167841793974304,0.9999950396825398,2.81030616933194e-06,0.9999950396825398,2.81030616933194e-06,4.97428603835864,0.03638895848738601,5.399865383678561,0.03916089972836567,0.0,0.0,4.432475373310291,0.03247668534511963,-1.192634128594085,0.00809093334514438,1.192634128594085,0.00809093334514438,1.28466868907905,0.007818870184001597,0.6062107816649819,0.005224542337859677,1.7988449102590667,0.00928181066865037,,,,,,,,,,,10,0.033175242112208306,1.0,1.0,1.0,1.0,1.0
20,5,2,f_zero,f_zero,0.0,all,0.017255450040102004,0.0025219076240750714,0.7472362923917749,0.003186374191847632,0.9855805308344342,0.00365737909053672,0.23616939613131435,0.000966019941323778,1.0343223753415762,0.004150197966827977,1200.0,0.0,0.0,0.0,-0.37984897912815374,0.0008289002066256589,0.37992991152688804,0.000821439619051076,0.7415996539669003,0.0015483373787489063,0.9798601904540607,0.007251232906935194,0.23609097517595026,0.0018385566811309677,1.024186974982954,0.008265828641480292,240.0,0.0,0.0,0.0,-0.3727009091316331,0.0017868375335855073,0.3727527320293338,0.0017574099646759588,0.7472362923917749,0.003186374191847632,0.9870001500255249,0.004266518693706689,0.2361890013701554,0.0011177471167805471,1.0368673241873134,0.004818017025990478,960.0,0.0,0.0,0.0,-0.3816359966272839,0.0010453154886281464,0.38172420640127663,0.0010234228272166246,0.7402571805700424,0.002039903665740662,39600.0,38400.0,0.0,1200.0,0.0,38400.0,768000.0,0.0,0.0,0.0,0.0,0.0,0.0,0.0,0.0,0.0,0.0,0.0,0.0,0.0,0.0,0.0,0.0,,,,,,,,,,,,,,,,,,,,,,,10,0.0,0.0,1.0,0.0,0.0,0.0
20,5,2,raw,raw,1.0,all,0.7491785000311211,0.03460945435817283,80753.5846260137,170158.47799769958,152424166.83902013,320286331.77779233,1191271.8335572532,2483287.705517039,169085315.3957436,355388195.69880015,1200.0,0.0,0.0,0.0,52852.046367293646,642666.9305620837,282217.4727036239,577285.9694006905,16244109.917413626,33412511.39044485,916242.695103256,1725465.8128831421,16606.83954704394,31207.686292805294,1011676.4162092967,1905094.2388521482,240.0,0.0,0.0,0.0,-1319.1516567473768,6088.656934812086,3424.162233669843,7175.252093549051,80753.5846260137,170158.47799769958,170140099.33274043,358278728.303284,1484938.0820598057,3105903.5639110245,188980170.6898162,398055180.565777,960.0,0.0,0.0,0.0,66394.84587330393,803369.1803684754,351915.80032111245,721966.0872282479,18035205.502534702,37172166.14710591,1158000.0,854400.0,302400.0,303600.0,247200.0,1101600.0,22032000.0,247200.0,302400.0,0.9999950396825398,3.571836804685655e-06,0.4189927248677249,0.0022014876823729344,0.9999950396825398,3.571836804685655e-06,0.0,0.0,135871.39809129128,319567.9316643362,135871.39809129128,319567.9316643362,0.0,0.0,77778368610206.16,186707377765298.7,-1552.7052430027622,16782.299540721793,7203.164886462431,15055.686606622272,7288.681390788481,15125.925971812003,-1550.9063980924998,16782.29931130998,1.7988449102590667,0.00928181066865037,,,,,,,,,,,10,452101291725679.25,0.0,0.0,0.0,0.0,0.0
20,5,2,sample_ball,sample_ball,1.0,all,0.7649354099994525,0.023416941269682565,0.6707909990800034,0.03036385925341222,2.6879513958659804,0.06560861542022396,0.5503941749681018,0.008521245885681407,2.968426410165624,0.07280811302863344,1200.0,0.0,0.0,0.0,-0.2823577794698986,0.004799927968145417,0.29927005933768464,0.003971015418425798,0.6592918283220098,0.013327897463173293,2.69640314068323,0.15270895044405575,0.5470282055548347,0.021377715549866456,2.9627846651868666,0.17039515474256076,240.0,0.0,0.0,0.0,-0.27976985812892563,0.01331260099153098,0.29616687196434677,0.009918660123534942,0.6707909990800034,0.03036385925341222,2.684918851159806,0.07068678687845105,0.5512356673214186,0.00920937945729565,2.968807454711726,0.07871177138318058,960.0,0.0,0.0,0.0,-0.28300475980514184,0.005694123837046344,0.30004585618101914,0.004949432446544913,0.65635285900961,0.016606054417020177,1158000.0,854400.0,302400.0,303600.0,247200.0,1101600.0,22032000.0,247200.0,302400.0,0.9999953703703705,3.881573382198171e-06,0.4129007936507937,0.0022370780137262684,0.4129007936507937,0.0022370780137262684,0.4129007936507937,0.0022370780137262684,4.78692690996363,0.03422654604776843,2.9684745601174907,0.02488543660608327,0.0,0.0,5.825132742024062,0.042223359040488385,-1.4344473956246278,0.008943719133081614,1.4344473956246278,0.008943719133081614,1.491701824628839,0.008860759328036143,0.36439751463443903,0.0033160716858967065,1.7988449102590667,0.00928181066865037,,,,,,,,,,,10,0.03751488534762782,0.0,1.0,0.0,1.0,1.0
20,5,2,sample_box,sample_box,1.0,all,0.7534315900411457,0.02326648481080912,0.5700615586018962,0.02898806604874954,4.255027469246741,0.07394647290020555,0.8360422491464868,0.011011560783412266,4.7177899072754546,0.0818063053843893,1200.0,0.0,0.0,0.0,-0.15322898776641783,0.005363535226991953,0.2343718951804315,0.00394719019741276,0.5769672087077365,0.018457789861713175,4.257856754479063,0.25576506151133926,0.8309485965782702,0.032152788463360706,4.69745049644385,0.2827651382907792,240.0,0.0,0.0,0.0,-0.1503748971232433,0.0044644429127096465,0.22453805699967283,0.006994319698713261,0.5700615586018962,0.02898806604874954,4.2525821140446585,0.08297798565499821,0.837315662288541,0.012540289676968039,4.720990301715176,0.09213679611802922,960.0,0.0,0.0,0.0,-0.15394251042721147,0.006313740118932596,0.23683035472562114,0.004637563149421404,0.5784055842442783,0.021421027607040795,1158000.0,854400.0,302400.0,303600.0,247200.0,1101600.0,22032000.0,247200.0,302400.0,0.9999950396825398,3.571836804692657e-06,0.41764087301587305,0.0022509839640195944,0.9999950396825398,3.571836804692657e-06,0.9999950396825398,3.571836804692657e-06,5.354844065985871,0.04044348095478196,5.354844065985871,0.04044348095478196,0.0,0.0,3.9251142216861075,0.028940123662855425,-1.0265693182624722,0.008237992985213414,1.0265693182624722,0.008237992985213414,1.1887968618389133,0.007069012764095912,0.7722755919965943,0.006575432046209066,1.7988449102590667,0.00928181066865037,,,,,,,,,,,10,0.08053455316990549,0.0,1.0,0.0,1.0,1.0
20,5,2,shrink_c0.25,shrink,0.25,all,0.7621014199918136,0.024711439114521627,0.7121213071549273,0.018249566274187595,1.9573449018183962,0.718824344443719,0.34156969154454087,0.010944571518509751,2.145215301824554,0.8036956756780672,1200.0,0.0,0.0,0.0,-0.34529508700122047,0.0038701792323142365,0.34815018606873255,0.0030956757725799726,0.7066657315163271,0.014793171361539558,1.7181202312869441,0.14524607367124454,0.3385338257543728,0.012658484894937953,1.868615556539104,0.1630766303990254,240.0,0.0,0.0,0.0,-0.3405761948679848,0.0072963555331454315,0.343518213082023,0.006162679889931947,0.7121213071549273,0.018249566274187595,1.9954292036039925,0.8473160681105535,0.3423286579920829,0.013667860857111545,2.1901560675077656,0.9481989999632375,960.0,0.0,0.0,0.0,-0.34647481003452935,0.004277885875289444,0.34930817931541,0.0036147000473428187,0.7052555485651254,0.019201382514889127,1158000.0,854400.0,302400.0,303600.0,247200.0,1101600.0,22032000.0,247200.0,302400.0,0.9999950396825398,3.571836804647273e-06,0.405270171957672,0.002253155473777591,1.0,0.0,1.0,0.0,4.617829584107015,0.03686906955555087,3.7531307143458634,0.027635033819880327,0.0,0.0,6.4458489449731555,0.04166424465132924,-1.577589921725261,0.00879688057028017,1.577589921725261,0.00879688057028017,1.599083130616855,0.008720615336052166,0.2212549885338057,0.002332030520453218,1.7988449102590667,0.00928181066865037,,,,,,,,,,,10,0.013695255157895093,0.0,1.0,0.0,0.9,0.9
20,5,2,z_only_box,z_only_box,1.0,all,0.7690295099513605,0.024399412744910177,0.638697851125119,0.052784056561537646,5.162206868023536,0.20939464392318213,0.9373190138728301,0.020341926491730066,5.725152704550735,0.23226464071119068,1200.0,0.0,0.0,0.0,-0.14742620543179744,0.004428750994691484,0.25215502062974543,0.005370091829825234,0.6444835072051392,0.028825429753520617,5.318001097543853,0.5624431609121444,0.9451751839408933,0.057341337208429266,5.868906427138411,0.6214225302056097,240.0,0.0,0.0,0.0,-0.14436885892220896,0.007244243470107038,0.24281887407044406,0.008323550659940719,0.638697851125119,0.052784056561537646,5.118024990855002,0.1622865278537842,0.9353549713558144,0.017187220476954045,5.683175043421223,0.18020520014814406,960.0,0.0,0.0,0.0,-0.14819054205919455,0.005809873014494871,0.2544890572695707,0.005721781410678382,0.6456048211859334,0.026703654345050277,1158000.0,854400.0,302400.0,303600.0,247200.0,1101600.0,22032000.0,247200.0,302400.0,0.9999950396825398,3.571836804692657e-06,0.41766765873015876,0.00225206751229667,0.9999950396825398,3.571836804692657e-06,0.9999950396825398,3.571836804692657e-06,5.398870899561437,0.047456324809100336,5.398594008335604,0.04743298839344197,0.0,0.0,3.9567377751301316,0.03020405834630204,-1.0241553566914743,0.008229624697142076,1.0241553566914743,0.008229624697142076,1.1922509282235352,0.007167081907528948,0.7746895535675924,0.006688883134153195,1.7988449102590667,0.00928181066865037,,,,,,,,,,,10,0.11118373669257939,0.0,1.0,0.0,1.0,1.0
20,5,2,z_zero,z_zero,0.0,all,0.7545401999959722,0.02407773503736882,0.7472362923917749,0.003186374191847632,0.9855805308344342,0.00365737909053672,0.23616939613131435,0.000966019941323778,1.0343223753415762,0.004150197966827977,1200.0,0.0,0.0,0.0,-0.37984897912815374,0.0008289002066256589,0.37992991152688804,0.000821439619051076,0.7415996539669003,0.0015483373787489063,0.9798601904540607,0.007251232906935194,0.23609097517595026,0.0018385566811309677,1.024186974982954,0.008265828641480292,240.0,0.0,0.0,0.0,-0.3727009091316331,0.0017868375335855073,0.3727527320293338,0.0017574099646759588,0.7472362923917749,0.003186374191847632,0.9870001500255249,0.004266518693706689,0.2361890013701554,0.0011177471167805471,1.0368673241873134,0.004818017025990478,960.0,0.0,0.0,0.0,-0.3816359966272839,0.0010453154886281464,0.38172420640127663,0.0010234228272166246,0.7402571805700424,0.002039903665740662,1158000.0,854400.0,302400.0,303600.0,247200.0,1101600.0,22032000.0,247200.0,302400.0,0.9999960317460317,3.038811453291438e-06,0.3958898809523809,0.0021525909217313312,1.0,0.0,1.0,0.0,4.473960254923702,0.03265240221813642,6.479713901816709,0.04460839270269048,0.0,0.0,7.874690658950087,0.04557401339701373,-1.7988449102590667,0.00928181066865037,1.7988449102590667,0.00928181066865037,1.7988449102590667,0.00928181066865037,0.0,0.0,1.7988449102590667,0.00928181066865037,,,,,,,,,,,10,0.0,0.0,1.0,0.0,0.0,0.0
40,2,2,batch_box,batch_box,1.0,all,0.03791176998056471,0.004055669467682695,0.8271375855153981,0.007337090354037003,2.795666488562948,0.02950681844541871,0.5368570982842092,0.004043714479436121,2.9758453534173017,0.03171984176309978,1200.0,0.0,0.0,0.0,-0.4107746342975861,0.0022126276731716673,0.4154828043918529,0.0022396481512909757,0.8233069994033275,0.003346308370569997,2.834579896053237,0.04385313343019203,0.5314059681329668,0.005949893415972146,3.0229888445300546,0.047222074176186304,240.0,0.0,0.0,0.0,-0.4050560273811481,0.005024268373886286,0.41067043282654997,0.003960228666190687,0.8271375855153981,0.007337090354037003,2.7861488576077322,0.03315091067268204,0.5382198808220198,0.004706330389753551,2.964366235079575,0.03560409843239107,960.0,0.0,0.0,0.0,-0.4122042860266955,0.0020927329948787353,0.4166858972831786,0.0024125238815428246,0.8223444039274126,0.0039006067761444287,13200.0,9600.0,2400.0,3600.0,2400.0,12000.0,480000.0,2400.0,2400.0,1.0,0.0,0.464375,0.006747913486386226,1.0,0.0,1.0,0.0,18.0221558071041,0.534417616041204,18.0221558071041,0.534417616041204,0.0,0.0,28.568991232445928,0.6856060880894479,-3.3957869367198845,0.06713625727626575,3.3957869367198845,0.06713625727626575,3.4266752860421774,0.06833295761681575,0.29873148736656646,0.011199874402386135,3.6945184240864513,0.07063654352514014,0.443119471944782,0.0064379256818240084,0.2552,0.00884496090061078,0.0975,0.0023094010767585054,0.9995,0.0,0.74875,0.00823319463071051,10,0.003943377024372078,0.0,1.0,0.0,1.0,1.0
40,2,2,box_factor_a0.9,box_factor,0.9,all,0.034434739989228545,0.0031545038593194397,0.803985664298526,0.011866302611636568,3.5799116106982716,0.06644146892248114,0.6347611123811534,0.007466101173738694,3.819681453695337,0.07128542899965265,1200.0,0.0,0.0,0.0,-0.375259664979249,0.0033722026553019762,0.39685713052648164,0.003668267271670576,0.7984821924003093,0.005602531739307111,3.484020609256105,0.08724486340839788,0.6157684113487152,0.011630317653923994,3.7234037013461396,0.09398437166788967,240.0,0.0,0.0,0.0,-0.3757350349983285,0.006842588127581632,0.39323888186171796,0.0072642977679790895,0.803985664298526,0.011866302611636568,3.6021999179286417,0.08241471833671211,0.639509287639263,0.009629059261230205,3.841943253998301,0.0883599802521294,960.0,0.0,0.0,0.0,-0.3751408224744791,0.0034667625338872404,0.39776169269267253,0.003848319612417315,0.7970901115687783,0.006105235168418918,13200.0,9600.0,2400.0,3600.0,2400.0,12000.0,480000.0,2400.0,2400.0,1.0,0.0,0.464375,0.006747913486386226,1.0,0.0,1.0,0.0,18.0221558071041,0.534417616041204,18.41926843048359,0.5431912676627761,0.0,0.0,24.602372658463164,0.6216184811331743,-2.9381822048155968,0.06574494973090582,2.9381822048155968,0.06574494973090582,3.1182219884783877,0.06644780506359085,0.7563362192708545,0.01985493320689561,3.6945184240864513,0.07063654352514014,,,,,,,,,,,10,0.019788045851101124,0.1,1.0,0.1,1.0,1.0
40,2,2,box_factor_a1.5,box_factor,1.5,all,0.03294092998839915,0.0053954757380549325,0.8033182495362396,0.021034049133578446,4.499971747493775,0.09563321776239031,0.7340437613402891,0.010985550177488188,4.806849828180051,0.10247903917166999,1200.0,0.0,0.0,0.0,-0.3471957613023068,0.004332750290315179,0.3956030904690393,0.004597245932034398,0.8035125371367593,0.011232179748108646,4.287831777077705,0.16378856463170657,0.7023920985650205,0.01917339397415752,4.587898161400135,0.17618046558220485,240.0,0.0,0.0,0.0,-0.35222787222628094,0.009236188836947365,0.38993322489897375,0.009142981299153979,0.8033182495362396,0.021034049133578446,4.548531646990233,0.1218672561795303,0.7419566770341064,0.014089634485635258,4.856732595276484,0.1304775617956289,960.0,0.0,0.0,0.0,-0.3459377335713132,0.00469483188819586,0.39702055686155563,0.004924510194032007,0.8035146435277216,0.0114020007292268,13200.0,9600.0,2400.0,3600.0,2400.0,12000.0,480000.0,2400.0,2400.0,1.0,0.0,0.464375,0.006747913486386226,1.0,0.0,1.0,0.0,18.0221558071041,0.534417616041204,16.288280831085686,0.492841134887969,0.0,0.0,23.194820894867206,0.5872324721422524,-2.5770725966465124,0.06655133719036861,2.5770725966465124,0.06655133719036861,3.001939520856154,0.06045617737597644,1.1174458274399384,0.03135588346989726,3.6945184240864513,0.07063654352514014,,,,,,,,,,,10,0.04328349447787028,0.0,1.0,0.0,1.0,1.0
40,2,2,f_zero,f_zero,0.0,all,0.01179504997562617,0.0018487829813900768,0.8560729314626346,0.005780849452520495,2.598459137514761,0.020050104213201622,0.5045039871843842,0.0026664070481925268,2.762003718511737,0.021526439855542437,1200.0,0.0,0.0,0.0,-0.435692525752264,0.0021528147771930455,0.4377323217674606,0.0019789604055506574,0.8570360762995115,0.003307838345854819,2.664533215406607,0.042207457996884586,0.5022519746348859,0.005607123061497969,2.8382478153368984,0.045429653086780625,240.0,0.0,0.0,0.0,-0.42687171897424186,0.004495117319328601,0.4292603519128229,0.0034715906988748995,0.8560729314626346,0.005780849452520495,2.582250118860217,0.02116225438856522,0.5050669903217587,0.0031782463222112664,2.7433690718466304,0.022708932048840183,960.0,0.0,0.0,0.0,-0.43789772744676947,0.0021360709825604647,0.43985031423112,0.0021694526559343625,0.857270633572468,0.0037574661497051004,6000.0,4800.0,0.0,1200.0,0.0,4800.0,192000.0,0.0,0.0,0.0,0.0,0.0,0.0,0.0,0.0,0.0,0.0,0.0,0.0,0.0,0.0,0.0,0.0,,,,,,,,,,,,,,,,,,,,,,,10,0.0,0.0,0.9,0.0,0.0,0.0
40,2,2,raw,raw,1.0,all,0.032803830015473066,0.005642486905154599,0.8640200408568062,0.03757124502212078,4.6525598712662966,0.2041165130840265,0.6993148311297646,0.012212370851226804,4.968533004018375,0.21879167104173944,1200.0,0.0,0.0,0.0,-0.3811226405337499,0.004934863207362341,0.4301755622789748,0.004611264667963997,0.8821964144684351,0.028724777216272084,4.421885789887976,0.41329531033163924,0.6724273917462711,0.024109991828721027,4.730318788053014,0.4439971629102522,240.0,0.0,0.0,0.0,-0.38316725729292345,0.007151466458746037,0.4212572890761104,0.00992257257417887,0.8640200408568062,0.03757124502212078,4.703153197979767,0.20985884131941562,0.706036690975638,0.012511504645192644,5.020440896928093,0.22463895023213573,960.0,0.0,0.0,0.0,-0.38061148634395653,0.005879354687696816,0.4324051305796909,0.004576787660848905,0.8864635022589891,0.03251003060659001,13200.0,9600.0,2400.0,3600.0,2400.0,12000.0,480000.0,2400.0,2400.0,1.0,0.0,0.464375,0.006747913486386226,1.0,0.0,0.0,0.0,18.0221558071041,0.534417616041204,18.0221558071041,0.534417616041204,0.0,0.0,30.95753629317097,1.3137138862750584,-2.8660868701429343,0.08431970825728156,2.8660868701429343,0.08431970825728156,3.4592083462968923,0.07579902017248998,0.8284315539435163,0.06979243997219828,3.6945184240864513,0.07063654352514014,,,,,,,,,,,10,0.05841133405917636,0.0,0.0,0.0,0.1,0.1
40,2,2,sample_ball,sample_ball,1.0,all,0.03133501000702381,0.005257905867008948,0.8452254340645847,0.004506038633946052,2.8588266133280023,0.05131449284342395,0.5415844112174819,0.004649910772243822,3.0429942336016778,0.05511497844841815,1200.0,0.0,0.0,0.0,-0.4187310653653184,0.002810536485435987,0.42536048894586764,0.002771126582609331,0.8438905004606226,0.0040080182275370035,2.837828210347435,0.048402999785411335,0.530933547379697,0.006532630650054912,3.0257412945711324,0.05215013878191744,240.0,0.0,0.0,0.0,-0.41364712794226416,0.00410392275671634,0.4191805656591228,0.0028613754712577067,0.8452254340645847,0.004506038633946052,2.863537308059277,0.06868242885266425,0.544247127176928,0.0070019788849207286,3.0467662145655963,0.07373117954010033,960.0,0.0,0.0,0.0,-0.42000204972108196,0.002685120427879318,0.42690546976755384,0.0031598787984927286,0.8435537809059799,0.004877734850399268,13200.0,9600.0,2400.0,3600.0,2400.0,12000.0,480000.0,2400.0,2400.0,1.0,0.0,0.464375,0.006747913486386226,0.464375,0.006747913486386226,0.464375,0.006747913486386226,18.0221558071041,0.534417616041204,11.927639374954941,0.4265382344449044,0.0,0.0,29.79974645251935,0.7087442701300789,-3.4610677517248893,0.06780941623998821,3.4610677517248893,0.06780941623998821,3.5045450353876753,0.07021962015794661,0.23345067236156164,0.014960421941747714,3.6945184240864513,0.07063654352514014,,,,,,,,,,,10,0.006238579950154646,0.0,1.0,0.0,1.0,1.0
40,2,2,sample_box,sample_box,1.0,all,0.034130909969098865,0.005811688578793734,0.8026150768267499,0.013051273810640513,3.7363925331800054,0.07255176145102911,0.6522685768819555,0.00811056247558426,3.9877043870804365,0.07781535394027725,1200.0,0.0,0.0,0.0,-0.3700435599382926,0.0035565494878982157,0.39583371692774183,0.003913045590717272,0.7977669740751778,0.006477687521080994,3.618489845953184,0.10025530370025836,0.6310176436806827,0.012933378251084385,3.8681403791652036,0.10796695951531696,240.0,0.0,0.0,0.0,-0.3713803252822517,0.00726244596210405,0.39194767802607255,0.007786503915031926,0.8026150768267499,0.013051273810640513,3.763709180677936,0.09054406585208684,0.6575813101822737,0.010465993224961933,4.015266979045889,0.09704258333990759,960.0,0.0,0.0,0.0,-0.3697093686023028,0.003693204929855987,0.3968052266531592,0.004106634040019792,0.7965364436564524,0.006909446964072406,13200.0,9600.0,2400.0,3600.0,2400.0,12000.0,480000.0,2400.0,2400.0,1.0,0.0,0.464375,0.006747913486386226,1.0,0.0,1.0,0.0,18.0221558071041,0.534417616041204,18.0221558071041,0.534417616041204,0.0,0.0,24.22075703582847,0.6153524928141983,-2.8715150821541635,0.06572474425918741,2.8715150821541635,0.06572474425918741,3.0871832440862503,0.0654031035772142,0.8230033419322877,0.021752724413969842,3.6945184240864513,0.07063654352514014,,,,,,,,,,,10,0.023441879924615102,0.45,1.0,0.0,1.0,1.0
40,2,2,shrink_c0.5,shrink,0.5,all,0.030302310059778393,0.0026626296238027583,0.8441404405085848,0.009319033034172601,3.2338640239631964,0.07461082081412097,0.5784466467693538,0.0052105336318958,3.4463925604673307,0.08015735224824946,1200.0,0.0,0.0,0.0,-0.4084075831430069,0.003114220468011946,0.4233003198918503,0.0034997999332418567,0.8440767750033522,0.0079515316991565,3.1917967152609625,0.13438555867148166,0.5657841365594081,0.010122273223802155,3.4073423955926345,0.14473865147286388,240.0,0.0,0.0,0.0,-0.4050194881335826,0.005134839306880958,0.41670894721736296,0.005103817771110732,0.8441404405085848,0.009319033034172601,3.24330865092909,0.08261040287208979,0.5816122743218403,0.006505249231206333,3.455035135661214,0.08861405070914925,960.0,0.0,0.0,0.0,-0.40925460689536297,0.0033429255321411363,0.4249481630604722,0.0038069827147039887,0.8440442523722342,0.009417328224217482,13200.0,9600.0,2400.0,3600.0,2400.0,12000.0,480000.0,2400.0,2400.0,1.0,0.0,0.464375,0.006747913486386226,1.0,0.0,1.0,0.0,18.0221558071041,0.534417616041204,5.751134725208321,0.15707457268253572,0.0,0.0,28.8580671085222,0.8047861934495238,-3.2803026471146928,0.06951202105799947,3.2803026471146928,0.06951202105799947,3.428814460297935,0.07496451684002042,0.41421577697175815,0.03489621998609914,3.6945184240864513,0.07063654352514014,,,,,,,,,,,10,0.01460283351479409,0.0,1.0,0.0,0.9,0.9
40,2,2,z_only_box,z_only_box,1.0,all,0.0320061300182715,0.004543331326354803,0.8026150768267499,0.013051273810640513,3.7363925331800054,0.07255176145102911,0.6522685768819555,0.00811056247558426,3.9877043870804365,0.07781535394027725,1200.0,0.0,0.0,0.0,-0.3700435599382926,0.0035565494878982157,0.39583371692774183,0.003913045590717272,0.7977669740751778,0.006477687521080994,3.618489845953184,0.10025530370025836,0.6310176436806827,0.012933378251084385,3.8681403791652036,0.10796695951531696,240.0,0.0,0.0,0.0,-0.3713803252822517,0.00726244596210405,0.39194767802607255,0.007786503915031926,0.8026150768267499,0.013051273810640513,3.763709180677936,0.09054406585208684,0.6575813101822737,0.010465993224961933,4.015266979045889,0.09704258333990759,960.0,0.0,0.0,0.0,-0.3697093686023028,0.003693204929855987,0.3968052266531592,0.004106634040019792,0.7965364436564524,0.006909446964072406,13200.0,9600.0,2400.0,3600.0,2400.0,12000.0,480000.0,2400.0,2400.0,1.0,0.0,0.464375,0.006747913486386226,1.0,0.0,1.0,0.0,18.0221558071041,0.534417616041204,18.0221558071041,0.534417616041204,0.0,0.0,24.22075703582847,0.6153524928141983,-2.8715150821541635,0.06572474425918741,2.8715150821541635,0.06572474425918741,3.0871832440862503,0.0654031035772142,0.8230033419322877,0.021752724413969842,3.6945184240864513,0.07063654352514014,,,,,,,,,,,10,0.023441879924615102,0.45,1.0,0.0,1.0,1.0
40,2,2,z_zero,z_zero,0.0,all,0.03204439994879067,0.00352957960236837,0.8560729314626346,0.005780849452520495,2.598459137514761,0.020050104213201622,0.5045039871843842,0.0026664070481925268,2.762003718511737,0.021526439855542437,1200.0,0.0,0.0,0.0,-0.435692525752264,0.0021528147771930455,0.4377323217674606,0.0019789604055506574,0.8570360762995115,0.003307838345854819,2.664533215406607,0.042207457996884586,0.5022519746348859,0.005607123061497969,2.8382478153368984,0.045429653086780625,240.0,0.0,0.0,0.0,-0.42687171897424186,0.004495117319328601,0.4292603519128229,0.0034715906988748995,0.8560729314626346,0.005780849452520495,2.582250118860217,0.02116225438856522,0.5050669903217587,0.0031782463222112664,2.7433690718466304,0.022708932048840183,960.0,0.0,0.0,0.0,-0.43789772744676947,0.0021360709825604647,0.43985031423112,0.0021694526559343625,0.857270633572468,0.0037574661497051004,13200.0,9600.0,2400.0,3600.0,2400.0,12000.0,480000.0,2400.0,2400.0,1.0,0.0,0.464375,0.006747913486386226,1.0,0.0,1.0,0.0,18.0221558071041,0.534417616041204,23.004538900833285,0.6282982907301429,0.0,0.0,32.36846442458064,0.7733998616452108,-3.6945184240864513,0.07063654352514014,3.6945184240864513,0.07063654352514014,3.6945184240864513,0.07063654352514014,0.0,0.0,3.6945184240864513,0.07063654352514014,,,,,,,,,,,10,0.0,0.0,0.9,0.0,0.0,0.0
40,2,8,batch_box,batch_box,1.0,all,0.11216556001454592,0.005430669396734464,0.8103097101444288,0.0026701354956514757,1.117950235915544,0.003312993932725321,0.24009484600703793,0.0009076097667425154,1.1560126890112947,0.0037737024132903237,1200.0,0.0,0.0,0.0,-0.4122014189508496,0.0012342272318201296,0.41227161384115824,0.0011879748880762528,0.8097576939579954,0.0020023810231802413,1.1072527734776556,0.006457782775845659,0.231270505519695,0.0007602064351215484,1.145204523696032,0.007443872058493028,240.0,0.0,0.0,0.0,-0.40374080413424007,0.0017527129908519105,0.40382553333945126,0.0017466229187250812,0.8103097101444288,0.0026701354956514757,1.1205052152331902,0.0032800576874575135,0.24230093112887366,0.0009805251677443493,1.158581301716859,0.0037574509866986497,960.0,0.0,0.0,0.0,-0.414316572655002,0.0014098027245882901,0.414383133966585,0.0013688529596504791,0.8096188229147605,0.0025625730412347216,164400.0,153600.0,9600.0,10800.0,9600.0,163200.0,6528000.0,9600.0,9600.0,1.0,0.0,0.349125,0.004538487993141404,1.0,0.0,1.0,0.0,3.6001638615611697,0.04994541417293877,3.6001638615611697,0.04994541417293877,0.0,0.0,28.545302045914582,0.2312631337010713,-3.4151854497885012,0.02858575972124823,3.4151854497885012,0.02858575972124823,3.4320050492891716,0.028380586692205917,0.2877438589430038,0.0071784057233690215,3.7029293087315054,0.03407541838768366,0.3935139972742829,0.003717103523972721,0.2847,0.0035637059362410585,0.14909999999999998,0.0023021728866442675,0.9995,0.0,0.89,0.006508541396588895,5,0.0006590418900130385,0.0,0.0,0.0,1.0,1.0
40,2,8,box_factor_a0.9,box_factor,0.9,all,0.12265081997029484,0.01503326853072323,0.7643385524362885,0.004392677303158359,1.5400292942461393,0.019463494699875704,0.30188422132386084,0.002637797063839129,1.6227374215289707,0.021311364627953366,1200.0,0.0,0.0,0.0,-0.3729925190276339,0.0029297295918736385,0.37563133444513797,0.0024962941553434907,0.7589793831665655,0.004007936965992258,1.4898970137715053,0.040406796386606644,0.2878086209710461,0.0053974502950184895,1.5701220156924893,0.04441354062318971,240.0,0.0,0.0,0.0,-0.36791688128059014,0.003337958530184888,0.3707752950877392,0.002976413700684691,0.7643385524362885,0.004392677303158359,1.5517659848887213,0.019561373775591237,0.3054031214120645,0.0025061516659593574,1.6349895875898586,0.02143417719522004,960.0,0.0,0.0,0.0,-0.3742614284643949,0.0029923386434342596,0.37684534428448757,0.0027935191914728727,0.7576358526596945,0.0051585485407107615,164400.0,153600.0,9600.0,10800.0,9600.0,163200.0,6528000.0,9600.0,9600.0,1.0,0.0,0.349125,0.004538487993141404,1.0,0.0,1.0,0.0,3.6001638615611697,0.04994541417293877,3.7550378375432514,0.05158812178342972,0.0,0.0,23.828103111349282,0.27733591297261206,-2.8807063211352246,0.024353774300626626,2.8807063211352246,0.024353774300626626,3.0628100747697506,0.030614425124911783,0.8222229875962803,0.01333368180554143,3.7029293087315054,0.03407541838768366,,,,,,,,,,,5,0.00391100077668487,0.0,1.0,0.0,1.0,1.0
40,2,8,box_factor_a2,box_factor,2.0,all,0.11665362003259361,0.012559174130735633,0.73404954274173,0.005361367862243209,2.1928771826184623,0.028167761228728334,0.3850645696469776,0.004183071453400534,2.330662277640341,0.030478168694529774,1200.0,0.0,0.0,0.0,-0.3346957439379875,0.004272911279482637,0.35249634862522344,0.0038474400765479114,0.7283155359596415,0.00493235961056435,2.0893677813932205,0.0722274355063493,0.3639682484352663,0.010090538370672135,2.222585033443491,0.07830460181566484,240.0,0.0,0.0,0.0,-0.33337854345630946,0.0052673824075759705,0.34851882898588643,0.003820719214922086,0.73404954274173,0.005361367862243209,2.21682408374516,0.03139832527032992,0.3903386499499054,0.004520222978615593,2.355544955272223,0.034020599196052485,960.0,0.0,0.0,0.0,-0.33502504405840694,0.004371273472592088,0.35349072853505764,0.00500299053990805,0.7268688669430919,0.007086889469638755,164400.0,153600.0,9600.0,10800.0,9600.0,163200.0,6528000.0,9600.0,9600.0,1.0,0.0,0.349125,0.004538487993141404,1.0,0.0,1.0,0.0,3.6001638615611697,0.04994541417293877,2.6231477088450887,0.03491089372337394,0.0,0.0,21.9896114712009,0.3609994597507365,-2.351921368799201,0.01860660860197652,2.351921368799201,0.01860660860197652,2.8861293511580888,0.03840168289408973,1.351007939932305,0.020388895239237724,3.7029293087315054,0.03407541838768366,,,,,,,,,,,5,0.010915509948701321,1.0,1.0,1.0,1.0,1.0
40,2,8,f_zero,f_zero,0.0,all,0.042449100082740186,0.0031546335573215496,0.843554791699135,0.0013246575027435494,1.0606188737739093,0.0033922685954138714,0.2302719519997268,0.0007757212561109895,1.0882567922242294,0.0038326135019541704,1200.0,0.0,0.0,0.0,-0.4355586144927253,0.0005352563011232809,0.4355648416891845,0.0005379830948323742,0.8469065188166199,0.0006520593328986472,1.0628019793103731,0.00423736635563047,0.22376541611417827,0.0011275253875981973,1.0919252383479903,0.004638085892616557,240.0,0.0,0.0,0.0,-0.42495463663951794,0.0010762388087111197,0.42496907460434485,0.0010591758271000847,0.843554791699135,0.0013246575027435494,1.0600911485012436,0.003909658650844348,0.23189858597111393,0.0008546692558991713,1.08737463174053,0.004389415065851384,960.0,0.0,0.0,0.0,-0.4382096089560272,0.0007535472543575184,0.4382137834603944,0.0007566960137928458,0.847736851227344,0.0010307379970183267,78000.0,76800.0,0.0,1200.0,0.0,76800.0,3072000.0,0.0,0.0,0.0,0.0,0.0,0.0,0.0,0.0,0.0,0.0,0.0,0.0,0.0,0.0,0.0,0.0,,,,,,,,,,,,,,,,,,,,,,,5,0.0,0.0,0.0,0.0,0.0,0.0
40,2,8,raw,raw,1.0,all,0.10741704003885388,0.006464930422895131,0.7846632562628725,0.004817999478928532,1.7854668216214307,0.030283004575222074,0.32690880576959835,0.003652287458923439,1.8877554477018315,0.032943811092523916,1200.0,0.0,0.0,0.0,-0.37538498366975503,0.003243935374261911,0.3833907295740369,0.0033600444958206493,0.7801910493494761,0.004883128347762857,1.7430083937794432,0.024200151459036343,0.31387016289901704,0.0045383118908484624,1.8443828658392594,0.026594849633419796,240.0,0.0,0.0,0.0,-0.37011264874287503,0.004724738521469509,0.3767007558639747,0.0036455762405081483,0.7846632562628725,0.004817999478928532,1.795467352761784,0.03565119304326436,0.3301684664872437,0.003898264048424395,1.8979215346347638,0.03871630045685858,960.0,0.0,0.0,0.0,-0.3767030674014751,0.003107470710062573,0.3850632230015525,0.0036352440931400614,0.7790719361470074,0.005615541846140381,164400.0,153600.0,9600.0,10800.0,9600.0,163200.0,6528000.0,9600.0,9600.0,1.0,0.0,0.349125,0.004538487993141404,1.0,0.0,0.0,0.0,3.6001638615611697,0.04994541417293877,3.6001638615611697,0.04994541417293877,0.0,0.0,25.05568985011982,0.34211349909684863,-2.78323543917075,0.029892496670047116,2.78323543917075,0.029892496670047116,3.1204762383713858,0.035741742033496324,0.9196938695607548,0.011757955583020969,3.7029293087315054,0.03407541838768366,,,,,,,,,,,5,0.0072212431309154525,0.0,0.0,0.0,1.0,1.0
40,2,8,sample_ball,sample_ball,1.0,all,0.11820600004866719,0.013140311874261313,0.8048309638732647,0.002663602266400676,1.2658397181352843,0.013878540646851376,0.26367320864256216,0.002072340664644289,1.319870336112593,0.015496344621961086,1200.0,0.0,0.0,0.0,-0.40216140699869635,0.002188840704109004,0.4026895217119379,0.001984633511127587,0.802052032043264,0.003597213924603807,1.2565770727537344,0.01208207769577337,0.2549566432922062,0.001857451165077204,1.3110276603949953,0.013344190366882017,240.0,0.0,0.0,0.0,-0.3943522974337279,0.0024929468632134445,0.39516180543166096,0.0019478890255002009,0.8048309638732647,0.002663602266400676,1.2680396687731383,0.016118055451159217,0.26585234998015117,0.00231049668391415,1.3219577436629948,0.017947407166594855,960.0,0.0,0.0,0.0,-0.4041136843899384,0.0022705920532184705,0.40457145078200707,0.002170814724212353,0.8013585622214686,0.004161404776967366,164400.0,153600.0,9600.0,10800.0,9600.0,163200.0,6528000.0,9600.0,9600.0,1.0,0.0,0.349125,0.004538487993141404,0.349125,0.004538487993141404,0.349125,0.004538487993141404,3.6001638615611697,0.04994541417293877,1.314844121841604,0.044279478956685166,0.0,0.0,26.87727174431775,0.2747368579441587,-3.208980631594156,0.027335152582440153,3.208980631594156,0.027335152582440153,3.2876234691438255,0.03026039001449096,0.49394867713734963,0.010311429170957077,3.7029293087315054,0.03407541838768366,,,,,,,,,,,5,0.0017664116372610539,0.0,0.0,0.0,1.0,1.0
40,2,8,sample_box,sample_box,1.0,all,0.11891250000335277,0.010755099267079118,0.7595673501894298,0.0046020022350974354,1.612315629048761,0.021463228679836147,0.3115194189967062,0.0028922511626240702,1.7016072527268746,0.023443564250995516,1200.0,0.0,0.0,0.0,-0.368131620345153,0.0031271022628267067,0.37173465048445786,0.0027096200468195364,0.7538877908375609,0.004163851420583597,1.5557907505265365,0.04493885267373307,0.29661820146100465,0.005991618116157927,1.642312447529808,0.04927241851147581,240.0,0.0,0.0,0.0,-0.36352986105090035,0.003576461852090291,0.3670749766955079,0.003230289648442315,0.7595673501894298,0.0046020022350974354,1.625521761204962,0.021733171807120324,0.3152447233806316,0.002784915382295191,1.7153871926757756,0.023757941389141706,960.0,0.0,0.0,0.0,-0.3692820601687162,0.0031974770495833134,0.37289956893169535,0.003087498391463673,0.7524628644884626,0.005437430982324605,164400.0,153600.0,9600.0,10800.0,9600.0,163200.0,6528000.0,9600.0,9600.0,1.0,0.0,0.349125,0.004538487993141404,1.0,0.0,1.0,0.0,3.6001638615611697,0.04994541417293877,3.6001638615611697,0.04994541417293877,0.0,0.0,23.420612723633127,0.2833070009557753,-2.8146460072533617,0.023534456440533775,2.8146460072533617,0.023534456440533775,3.0283036921911686,0.03137483435777077,0.8882833014781427,0.014383863284168102,3.7029293087315054,0.03407541838768366,,,,,,,,,,,5,0.004576358086678833,0.0,1.0,0.0,1.0,1.0
40,2,8,z_only_box,z_only_box,1.0,all,0.12168902000412345,0.01980207824705326,0.7595673501894298,0.0046020022350974354,1.612315629048761,0.021463228679836147,0.3115194189967062,0.0028922511626240702,1.7016072527268746,0.023443564250995516,1200.0,0.0,0.0,0.0,-0.368131620345153,0.0031271022628267067,0.37173465048445786,0.0027096200468195364,0.7538877908375609,0.004163851420583597,1.5557907505265365,0.04493885267373307,0.29661820146100465,0.005991618116157927,1.642312447529808,0.04927241851147581,240.0,0.0,0.0,0.0,-0.36352986105090035,0.003576461852090291,0.3670749766955079,0.003230289648442315,0.7595673501894298,0.0046020022350974354,1.625521761204962,0.021733171807120324,0.3152447233806316,0.002784915382295191,1.7153871926757756,0.023757941389141706,960.0,0.0,0.0,0.0,-0.3692820601687162,0.0031974770495833134,0.37289956893169535,0.003087498391463673,0.7524628644884626,0.005437430982324605,164400.0,153600.0,9600.0,10800.0,9600.0,163200.0,6528000.0,9600.0,9600.0,1.0,0.0,0.349125,0.004538487993141404,1.0,0.0,1.0,0.0,3.6001638615611697,0.04994541417293877,3.6001638615611697,0.04994541417293877,0.0,0.0,23.420612723633127,0.2833070009557753,-2.8146460072533617,0.023534456440533775,2.8146460072533617,0.023534456440533775,3.0283036921911686,0.03137483435777077,0.8882833014781427,0.014383863284168102,3.7029293087315054,0.03407541838768366,,,,,,,,,,,5,0.004576358086678833,0.0,1.0,0.0,1.0,1.0
40,2,8,z_zero,z_zero,0.0,all,0.10521390000358224,0.004628826208890857,0.843554791699135,0.0013246575027435494,1.0606188737739093,0.0033922685954138714,0.2302719519997268,0.0007757212561109895,1.0882567922242294,0.0038326135019541704,1200.0,0.0,0.0,0.0,-0.4355586144927253,0.0005352563011232809,0.4355648416891845,0.0005379830948323742,0.8469065188166199,0.0006520593328986472,1.0628019793103731,0.00423736635563047,0.22376541611417827,0.0011275253875981973,1.0919252383479903,0.004638085892616557,240.0,0.0,0.0,0.0,-0.42495463663951794,0.0010762388087111197,0.42496907460434485,0.0010591758271000847,0.843554791699135,0.0013246575027435494,1.0600911485012436,0.003909658650844348,0.23189858597111393,0.0008546692558991713,1.08737463174053,0.004389415065851384,960.0,0.0,0.0,0.0,-0.4382096089560272,0.0007535472543575184,0.4382137834603944,0.0007566960137928458,0.847736851227344,0.0010307379970183267,164400.0,153600.0,9600.0,10800.0,9600.0,163200.0,6528000.0,9600.0,9600.0,1.0,0.0,0.349125,0.004538487993141404,1.0,0.0,1.0,0.0,3.6001638615611697,0.04994541417293877,6.000196305182829,0.06675681936108899,0.0,0.0,32.42760532616266,0.27599449257770303,-3.7029293087315054,0.03407541838768366,3.7029293087315054,0.03407541838768366,3.7029293087315054,0.03407541838768366,0.0,0.0,3.7029293087315054,0.03407541838768366,,,,,,,,,,,5,0.0,0.0,0.0,0.0,0.0,0.0
40,2,24,batch_box,batch_box,1.0,all,1.6784263600129634,0.07004061892757381,0.8073476863818512,0.0018387940981381004,0.8954330217101114,0.0014217733096365654,0.19776392513843152,0.0004825473954311816,0.9075369344475239,0.0016230904129868773,1200.0,0.0,0.0,0.0,-0.41129109601721553,0.0005692781358848472,0.4113320404202391,0.0005422626144942945,0.8074686476007837,0.001112585502623846,0.8794247451165547,0.004101898739427074,0.18847339156274243,0.0009085939885039271,0.8897407392774894,0.004769355116317309,240.0,0.0,0.0,0.0,-0.40167711960560537,0.0009701475024741991,0.401833005082877,0.0008419400894061422,0.8073476863818512,0.0018387940981381004,0.8992391994962773,0.0012274426706870578,0.20008655853235383,0.00047359130361521797,0.911743110659808,0.0013969185963019245,960.0,0.0,0.0,0.0,-0.4136945901201181,0.0006368072821675247,0.4137067992545796,0.0006409902086011546,0.8074983236115395,0.0012116637108142826,1412400.0,1382400.0,28800.0,30000.0,28800.0,1411200.0,56448000.0,28800.0,28800.0,1.0,0.0,0.1681875,0.0010509998546357816,1.0,0.0,1.0,0.0,0.8919974552938701,0.006787452307823447,0.8919974552938701,0.006787452307823447,0.0,0.0,28.16387644000546,0.44569542529381645,-3.387057862026333,0.04256674683697098,3.387057862026333,0.04256674683697098,3.403423209079726,0.04100131619977289,0.3045450853046977,0.0037520564434406515,3.69160294733103,0.03959237509873424,0.4661534995998384,0.0038596419949884276,0.38570000000000004,0.004207136793592535,0.22210000000000002,0.0023021728866442683,0.9915,0.01151086443322134,0.899,0.0037914377220258314,5,0.0002511176791867939,0.0,0.0,0.0,1.0,1.0
40,2,24,box_factor_a0.9,box_factor,0.9,all,1.6905737400520593,0.07381803322812795,0.7656447339333122,0.004266731787035261,1.065182429403339,0.003391403357313601,0.2281038757441151,0.0005969192471994541,1.1027547882789086,0.0038616820107135286,1200.0,0.0,0.0,0.0,-0.3746324297766114,0.0010062727851949504,0.3762971419242713,0.0007543861619013339,0.7586176517051008,0.002103285995421432,1.0319740439092542,0.016546954770228817,0.21551065805391664,0.00224410568950343,1.0662184314051109,0.01870420658535039,240.0,0.0,0.0,0.0,-0.369213906968364,0.0022468836505880867,0.37132977278618456,0.0018047995072606805,0.7656447339333122,0.004266731787035261,1.0729919073611902,0.003556734033290278,0.2312521801666647,0.000650010371783076,1.1112925613735232,0.003925855932553067,960.0,0.0,0.0,0.0,-0.3759870604786732,0.0010605786320590947,0.37753898420879295,0.0008343093760078737,0.7568597112790629,0.0020605279473033577,1412400.0,1382400.0,28800.0,30000.0,28800.0,1411200.0,56448000.0,28800.0,28800.0,1.0,0.0,0.1681875,0.0010509998546357816,1.0,0.0,1.0,0.0,0.8919974552938701,0.006787452307823447,0.9542436255657517,0.007094997885517342,0.0,0.0,23.625090976473082,0.40856662025852725,-2.86022816038678,0.040809768616616886,2.86022816038678,0.040809768616616886,3.0390018217513424,0.03779342540842804,0.8313747869442507,0.0044775923280650064,3.69160294733103,0.03959237509873424,,,,,,,,,,,5,0.0012682947636904957,0.0,1.0,0.0,1.0,1.0
40,2,24,box_factor_a2,box_factor,2.0,all,1.6969041400123388,0.07806847483801173,0.7446809125590043,0.0056297343632974355,1.2736251391869657,0.007876332527948796,0.2581857886609994,0.0009712464632793456,1.3340820409991279,0.008813018673220761,1200.0,0.0,0.0,0.0,-0.3503514603943082,0.0013893225716684317,0.3580590159825333,0.0016951079383052008,0.7348106600196241,0.003438329105815158,1.2260534280252768,0.031524983274299145,0.24315894253364084,0.004142413070202615,1.2827989072983792,0.03495138499150169,240.0,0.0,0.0,0.0,-0.3479445216109401,0.003416531404302855,0.35466145103347985,0.0020340122099599227,0.7446809125590043,0.0056297343632974355,1.2847435230378779,0.00554829188107266,0.261942500192839,0.0007952068084646569,1.3459973609765885,0.0061456439658797565,960.0,0.0,0.0,0.0,-0.3509531950901502,0.0012542208743888993,0.35890840721979667,0.0017794990224841046,0.7323341555186114,0.0035923240144851384,1412400.0,1382400.0,28800.0,30000.0,28800.0,1411200.0,56448000.0,28800.0,28800.0,1.0,0.0,0.1681875,0.0010509998546357816,1.0,0.0,1.0,0.0,0.8919974552938701,0.006787452307823447,0.5988122731965971,0.00508804759238836,0.0,0.0,22.154645856335673,0.378185823096077,-2.502558292167922,0.04155214963769282,2.502558292167922,0.04155214963769282,2.8964159673430165,0.03514079254607365,1.1890446551631084,0.006179427687404463,3.69160294733103,0.03959237509873424,,,,,,,,,,,5,0.0027192636504458642,1.0,1.0,1.0,1.0,1.0
40,2,24,f_zero,f_zero,0.0,all,0.7840327399782836,0.027997629937943788,0.8415625856180687,0.0003252748632997885,0.8937257979311102,0.0005073605883862548,0.19745933860454334,0.00010722754374914769,0.9003985431479269,0.0005668174511034282,1200.0,0.0,0.0,0.0,-0.4355131589708668,0.00019931999723094408,0.4355138589747088,0.00019969776105591933,0.8465058819528195,0.0002487214189584598,0.8833859678759799,0.000453292201499516,0.18993518237000867,0.0002657415292242931,0.8894955879509003,0.0005215378553984348,240.0,0.0,0.0,0.0,-0.42371102014944667,0.00020516913965007682,0.42371102014944667,0.00020516913965007682,0.8415625856180687,0.0003252748632997885,0.8961947322055007,0.000586480702699347,0.19934037766317703,0.00011086197503846413,0.902988593436503,0.0006494642406739117,960.0,0.0,0.0,0.0,-0.43846369367622184,0.00020159462784756453,0.43846456868102435,0.00020208057004027745,0.8477297262277558,0.00025081431858173356,692400.0,691200.0,0.0,1200.0,0.0,691200.0,27648000.0,0.0,0.0,0.0,0.0,0.0,0.0,0.0,0.0,0.0,0.0,0.0,0.0,0.0,0.0,0.0,0.0,,,,,,,,,,,,,,,,,,,,,,,5,0.0,0.0,0.0,0.0,0.0,0.0
40,2,24,raw,raw,1.0,all,1.6545483600813895,0.07795598090555236,0.7766159761966174,0.004167622505852833,1.1496647928758583,0.006413039973096431,0.24166172446638842,0.0008891705566161872,1.1949844229139757,0.007221468010333392,1200.0,0.0,0.0,0.0,-0.37472884129770667,0.0012103225105786776,0.37808861814222844,0.001306059423388992,0.7696362895779053,0.003047919323390917,1.1227537845476245,0.023795860161792356,0.22994837507088678,0.0027174418971357426,1.1658634098054268,0.026621572807684128,240.0,0.0,0.0,0.0,-0.3694417443568491,0.0029820541001897454,0.3727674763763476,0.0021892039103204564,0.7766159761966174,0.004167622505852833,1.1560026025336219,0.005755488653678311,0.24459006181526383,0.0010490072068003336,1.201801257027233,0.006407470272514348,960.0,0.0,0.0,0.0,-0.376050615532921,0.0011947255607159886,0.3794189035836987,0.0013744996833770769,0.7678907475357446,0.0031495174936864334,1412400.0,1382400.0,28800.0,30000.0,28800.0,1411200.0,56448000.0,28800.0,28800.0,1.0,0.0,0.1681875,0.0010509998546357816,1.0,0.0,0.0,0.0,0.8919974552938701,0.006787452307823447,0.8919974552938701,0.006787452307823447,0.0,0.0,23.854900374874816,0.40590028550992746,-2.762930929499599,0.04166050807057699,2.762930929499599,0.04166050807057699,3.0222969947367235,0.03810181126694351,0.9286720178314323,0.007771420743009995,3.69160294733103,0.03959237509873424,,,,,,,,,,,5,0.0019186019512776938,0.0,0.0,0.0,1.0,1.0
40,2,24,sample_ball,sample_ball,1.0,all,1.6536995800212027,0.09182940524289308,0.7849021890904251,0.003520988868153798,1.042851087728317,0.003906514962474151,0.22552738444510095,0.0007564743704308631,1.0758429757531673,0.004407994018021396,1200.0,0.0,0.0,0.0,-0.3858995085139262,0.0009480459487788578,0.3871134295456547,0.0007161189662093614,0.7795743606346475,0.002027296488350669,1.0172952944546634,0.016063936829218327,0.2143445977298623,0.001841623142345294,1.0477325836339095,0.01816696606471907,240.0,0.0,0.0,0.0,-0.3793110222200228,0.0021200864222603744,0.3810221034100262,0.0016625128357476173,0.7849021890904251,0.003520988868153798,1.0488807972894516,0.004349905735052234,0.2283230811239106,0.0009095353927799946,1.0824339668287277,0.004839025406474741,960.0,0.0,0.0,0.0,-0.3875466300874021,0.0010823308234974174,0.3886362610795618,0.0009191597828603495,0.7782436087103695,0.002105187517714086,1412400.0,1382400.0,28800.0,30000.0,28800.0,1411200.0,56448000.0,28800.0,28800.0,1.0,0.0,0.1681875,0.0010509998546357816,0.1681875,0.0010509998546357816,0.1681875,0.0010509998546357816,0.8919974552938701,0.006787452307823447,0.11371176258234379,0.0022424173724186086,0.0,0.0,24.67318090062703,0.4255350088548469,-2.952474034801118,0.041010474292638224,2.952474034801118,0.041010474292638224,3.10817594838448,0.03962711297345188,0.7391289125299126,0.004853836993546702,3.69160294733103,0.03959237509873424,,,,,,,,,,,5,0.0011466094048483925,0.0,0.0,0.0,1.0,1.0
40,2,24,sample_box,sample_box,1.0,all,1.6616085200104862,0.08721069005746739,0.7618770738271585,0.004516775866940964,1.0926343294221401,0.0038743468416589173,0.23228322393167405,0.000617190566856402,1.1335287117523891,0.004402715860086946,1200.0,0.0,0.0,0.0,-0.3708144373530583,0.0010663842945757378,0.3730615242694672,0.0008515640391448713,0.7542918679414037,0.0022868372506198963,1.0569729828904966,0.018603418446542664,0.21930384561877755,0.0025042877399238644,1.094414250343566,0.02096028672152344,240.0,0.0,0.0,0.0,-0.3658645808180666,0.0024238543468554684,0.36842798885095235,0.0019355323005228484,0.7618770738271585,0.004516775866940964,1.1010097098013336,0.0039015239600328545,0.23552806850989821,0.0006714927709100804,1.1426572806062694,0.004304147163301523,960.0,0.0,0.0,0.0,-0.3720519014868063,0.0011040262479263354,0.3742199081240959,0.000911196988622324,0.7523933033542101,0.0022497235919649427,1412400.0,1382400.0,28800.0,30000.0,28800.0,1411200.0,56448000.0,28800.0,28800.0,1.0,0.0,0.1681875,0.0010509998546357816,1.0,0.0,1.0,0.0,0.8919974552938701,0.006787452307823447,0.8919974552938701,0.006787452307823447,0.0,0.0,23.290434163584184,0.40598359034919124,-2.8052834549018577,0.04094955441851831,2.8052834549018577,0.04094955441851831,3.0096079845445103,0.03794279100412511,0.8863194924291733,0.00480543732509602,3.69160294733103,0.03959237509873424,,,,,,,,,,,5,0.0014497313043863242,0.0,1.0,0.0,1.0,1.0
40,2,24,z_only_box,z_only_box,1.0,all,1.661708140047267,0.09077256975581968,0.7618770738271585,0.004516775866940964,1.0926343294221401,0.0038743468416589173,0.23228322393167405,0.000617190566856402,1.1335287117523891,0.004402715860086946,1200.0,0.0,0.0,0.0,-0.3708144373530583,0.0010663842945757378,0.3730615242694672,0.0008515640391448713,0.7542918679414037,0.0022868372506198963,1.0569729828904966,0.018603418446542664,0.21930384561877755,0.0025042877399238644,1.094414250343566,0.02096028672152344,240.0,0.0,0.0,0.0,-0.3658645808180666,0.0024238543468554684,0.36842798885095235,0.0019355323005228484,0.7618770738271585,0.004516775866940964,1.1010097098013336,0.0039015239600328545,0.23552806850989821,0.0006714927709100804,1.1426572806062694,0.004304147163301523,960.0,0.0,0.0,0.0,-0.3720519014868063,0.0011040262479263354,0.3742199081240959,0.000911196988622324,0.7523933033542101,0.0022497235919649427,1412400.0,1382400.0,28800.0,30000.0,28800.0,1411200.0,56448000.0,28800.0,28800.0,1.0,0.0,0.1681875,0.0010509998546357816,1.0,0.0,1.0,0.0,0.8919974552938701,0.006787452307823447,0.8919974552938701,0.006787452307823447,0.0,0.0,23.290434163584184,0.40598359034919124,-2.8052834549018577,0.04094955441851831,2.8052834549018577,0.04094955441851831,3.0096079845445103,0.03794279100412511,0.8863194924291733,0.00480543732509602,3.69160294733103,0.03959237509873424,,,,,,,,,,,5,0.0014497313043863242,0.0,1.0,0.0,1.0,1.0
40,2,24,z_zero,z_zero,0.0,all,1.6656779600307345,0.07755219425382229,0.8415625856180687,0.0003252748632997885,0.8937257979311102,0.0005073605883862548,0.19745933860454334,0.00010722754374914769,0.9003985431479269,0.0005668174511034282,1200.0,0.0,0.0,0.0,-0.4355131589708668,0.00019931999723094408,0.4355138589747088,0.00019969776105591933,0.8465058819528195,0.0002487214189584598,0.8833859678759799,0.000453292201499516,0.18993518237000867,0.0002657415292242931,0.8894955879509003,0.0005215378553984348,240.0,0.0,0.0,0.0,-0.42371102014944667,0.00020516913965007682,0.42371102014944667,0.00020516913965007682,0.8415625856180687,0.0003252748632997885,0.8961947322055007,0.000586480702699347,0.19934037766317703,0.00011086197503846413,0.902988593436503,0.0006494642406739117,960.0,0.0,0.0,0.0,-0.43846369367622184,0.00020159462784756453,0.43846456868102435,0.00020208057004027745,0.8477297262277558,0.00025081431858173356,1412400.0,1382400.0,28800.0,30000.0,28800.0,1411200.0,56448000.0,28800.0,28800.0,1.0,0.0,0.1681875,0.0010509998546357816,1.0,0.0,1.0,0.0,0.8919974552938701,0.006787452307823447,2.202690150464867,0.013447027240877953,0.0,0.0,32.28883474207042,0.44102131433563146,-3.69160294733103,0.03959237509873424,3.69160294733103,0.03959237509873424,3.69160294733103,0.03959237509873424,0.0,0.0,3.69160294733103,0.03959237509873424,,,,,,,,,,,5,0.0,0.0,0.0,0.0,0.0,0.0
40,2,32,batch_box,batch_box,1.0,all,2.8363572200294582,0.15699684658806773,0.8057975365816128,0.0025247767887484644,0.8780385111728808,0.0010735271058159802,0.19386684596372408,0.0002659248753584645,0.8880232700368905,0.0012244509622653446,1200.0,0.0,0.0,0.0,-0.41037311649398134,0.0004407967128090549,0.4104130707692688,0.0004148281469188636,0.8061718699755515,0.000936356707293901,0.8633128046567915,0.001071749475655302,0.18528398685079317,0.0002354483095584438,0.8716199568854002,0.001326812873735452,240.0,0.0,0.0,0.0,-0.4008033951873819,0.0013593809950414473,0.40099021472224133,0.0012464879084251141,0.8057975365816128,0.0025247767887484644,0.8815432670049355,0.0012009282805977989,0.19601256074195678,0.00031226038008679447,0.8919045567636104,0.0012810143963042989,960.0,0.0,0.0,0.0,-0.41276554682063116,0.0006492966299748362,0.41276878478102574,0.0006480598619764315,0.806263821967349,0.0012646608952144767,2497200.0,2457600.0,38400.0,39600.0,38400.0,2496000.0,99840000.0,38400.0,38400.0,1.0,0.0,0.12010416666666668,0.0014333566116690097,1.0,0.0,1.0,0.0,0.608136645546821,0.003350026773131041,0.608136645546821,0.003350026773131041,0.0,0.0,28.027426992992957,0.09055879164740968,-3.373417951697801,0.0068025583944753614,3.373417951697801,0.0068025583944753614,3.392245791450505,0.0063250244381330275,0.3184947213153345,0.003968889148652532,3.691912673013136,0.006924894631405432,0.4969286317320337,0.0022191832875449883,0.4237,0.004658325879540844,0.2499,0.004393176527297768,0.9995,0.0,0.8943333333333333,0.0043060035609212765,5,0.00020586812061160352,0.0,0.0,0.0,1.0,1.0
40,2,32,box_factor_a0.9,box_factor,0.9,all,2.7283538199495525,0.31149620746284035,0.7644313741860511,0.004585796789635143,1.0101361524366816,0.0031675068140290925,0.21843140365539923,0.0005441416701331374,1.0417026393859037,0.00358612226028522,1200.0,0.0,0.0,0.0,-0.37452329318274596,0.0006306970025193088,0.3764235734825174,0.0006474280660700908,0.7588096679997681,0.0015187300182143155,0.9880589971346614,0.007208678367458897,0.2079342028967881,0.001031885099795456,1.017393138080506,0.008533153585404121,240.0,0.0,0.0,0.0,-0.36872575533176183,0.002475228603874733,0.37085733801797366,0.002349584633981229,0.7644313741860511,0.004585796789635143,1.0153710777580691,0.0027955049039748046,0.22105570384505202,0.0005659718348139741,1.047433153753288,0.0031139053961595537,960.0,0.0,0.0,0.0,-0.375972677645492,0.0011294850734295107,0.3778151323486533,0.0010750105902287148,0.7574029575464832,0.001996699380453277,2497200.0,2457600.0,38400.0,39600.0,38400.0,2496000.0,99840000.0,38400.0,38400.0,1.0,0.0,0.12010416666666668,0.0014333566116690097,1.0,0.0,1.0,0.0,0.608136645546821,0.003350026773131041,0.6560232547179184,0.0036181497355528692,0.0,0.0,23.64409852069707,0.06025025312606072,-2.8546156908720475,0.006359723665594752,2.8546156908720475,0.006359723665594752,3.036059943562373,0.004604140839752528,0.8372969821410885,0.003248679537730333,3.691912673013136,0.006924894631405432,,,,,,,,,,,5,0.000976263136613387,0.0,1.0,0.0,1.0,1.0
40,2,32,box_factor_a2,box_factor,2.0,all,2.692223079968244,0.29346117890983114,0.7451055104454452,0.005825498997545184,1.1566035738506806,0.005033342284481641,0.24042495767093647,0.0009852086560318105,1.20548652113941,0.005593538706382592,1200.0,0.0,0.0,0.0,-0.35375766815125853,0.0005962000170085836,0.36075719961699304,0.0009831906214738258,0.7383524746029659,0.0017944484659158603,1.1293937729606518,0.016191827347622163,0.22868932635886607,0.0021595026128975224,1.1762875648206497,0.01833839960257381,240.0,0.0,0.0,0.0,-0.35014217964927297,0.0033052691881816556,0.35587193471058304,0.002836761872906534,0.7451055104454452,0.005825498997545184,1.163038822598673,0.0029355663622459066,0.24335886549895408,0.0010094388832311144,1.2123537379098364,0.0032438786373263657,960.0,0.0,0.0,0.0,-0.354661540276755,0.001269853295695982,0.36197851584359564,0.0012069973712489027,0.7366597149854129,0.002251407241204975,2497200.0,2457600.0,38400.0,39600.0,38400.0,2496000.0,99840000.0,38400.0,38400.0,1.0,0.0,0.12010416666666668,0.0014333566116690097,1.0,0.0,1.0,0.0,0.608136645546821,0.003350026773131041,0.4047533146998162,0.0018904064405529271,0.0,0.0,22.358283574666707,0.05986498451482564,-2.5428377285751536,0.004719126838911047,2.5428377285751536,0.004719126838911047,2.9064425645615093,0.0028762214347722867,1.1490749444379822,0.004230504852081439,3.691912673013136,0.006924894631405432,,,,,,,,,,,5,0.001913244257211569,1.0,1.0,1.0,1.0,1.0
40,2,32,f_zero,f_zero,0.0,all,1.2927222800441087,0.11577134806338245,0.8418972020111797,0.0007773476041051147,0.8829925285996637,0.00029126928891426266,0.1949160770162013,9.748282508684218e-05,0.8881820354066944,0.0003271176013915639,1200.0,0.0,0.0,0.0,-0.4354418292176061,0.0001649126254322445,0.4354419865471953,0.0001649240740872334,0.8465136967377163,0.0004379580733002287,0.8723740211644818,0.0008665639926734511,0.18731903227879623,0.0003169875416711361,0.876858345096539,0.0009408742116494037,240.0,0.0,0.0,0.0,-0.42376530831760384,0.0003538287303236052,0.42376530831760384,0.0003538287303236052,0.8418972020111797,0.0007773476041051147,0.8855272290942577,0.0003563910065702715,0.19681533820055258,9.687689961744491e-05,0.8908709033083488,0.0003842980107057033,960.0,0.0,0.0,0.0,-0.43836095944260667,0.00019385853533637474,0.4383611561045931,0.00019379088287922968,0.8476568444893673,0.00048552283917157013,1230000.0,1228800.0,0.0,1200.0,0.0,1228800.0,49152000.0,0.0,0.0,0.0,0.0,0.0,0.0,0.0,0.0,0.0,0.0,0.0,0.0,0.0,0.0,0.0,0.0,,,,,,,,,,,,,,,,,,,,,,,5,0.0,0.0,0.0,0.0,0.0,0.0
40,2,32,raw,raw,1.0,all,2.8219577999785543,0.13409330200267647,0.7728928389044863,0.005339701176288049,1.074890522748079,0.004689967285771957,0.22972871168456704,0.0010032684702015481,1.1125525363591646,0.005259412639786047,1200.0,0.0,0.0,0.0,-0.374262520254044,0.0003505960169861741,0.3776611868415002,0.0007759910990111749,0.7680481132065101,0.0015174521714718518,1.0597104347516841,0.012891183653592422,0.22011420894006822,0.0018676895963345974,1.0963033192624296,0.014681626155287323,240.0,0.0,0.0,0.0,-0.36830410370103184,0.002830814327367411,0.371271904623908,0.0027579691885298396,0.7728928389044863,0.005339701176288049,1.0785016149685054,0.0029341883409907325,0.23213233737069175,0.0009003913441876656,1.1163967353425996,0.00323962706361269,960.0,0.0,0.0,0.0,-0.37575212439229705,0.0007690604925472642,0.3792585073958983,0.0008160096244742159,0.766836281728572,0.001425342409026922,2497200.0,2457600.0,38400.0,39600.0,38400.0,2496000.0,99840000.0,38400.0,38400.0,1.0,0.0,0.12010416666666668,0.0014333566116690097,1.0,0.0,0.0,0.0,0.608136645546821,0.003350026773131041,0.608136645546821,0.003350026773131041,0.0,0.0,23.799479260875522,0.05676610241549947,-2.760931377019891,0.004725829034745581,2.760931377019891,0.004725829034745581,3.0134228947763866,0.004167008792007786,0.9309812959932448,0.0035232344523673,3.691912673013136,0.006924894631405432,,,,,,,,,,,5,0.0013762413521236781,0.0,0.0,0.0,1.0,1.0
40,2,32,sample_ball,sample_ball,1.0,all,2.846807139972225,0.1155409112975691,0.7789450493841478,0.004735397804902085,1.0146548191418918,0.0031348292843296167,0.22011385994469124,0.0006814193199799363,1.0450722574289237,0.0035735908432859734,1200.0,0.0,0.0,0.0,-0.38170284412878364,0.0003210279010233451,0.38350064532633743,0.0005010314817999597,0.7742589463329859,0.0013823052411452942,0.9963669632374458,0.008640385405028494,0.21041544772806292,0.0013422347353362952,1.0250297529420798,0.010027804250584915,240.0,0.0,0.0,0.0,-0.37529795027840834,0.0024365797870778754,0.37721944730550117,0.002333133379620375,0.7789450493841478,0.004735397804902085,1.018999544660516,0.002442621712634879,0.22253846299884833,0.0006600815941460575,1.0498066887040653,0.0027287414849318163,960.0,0.0,0.0,0.0,-0.3833040675913775,0.0007329388812978473,0.38507094483154647,0.0007651354044079719,0.7730874920474425,0.0013808212972540026,2497200.0,2457600.0,38400.0,39600.0,38400.0,2496000.0,99840000.0,38400.0,38400.0,1.0,0.0,0.12010416666666668,0.0014333566116690097,0.12010416666666668,0.0014333566116690097,0.12010416666666668,0.0014333566116690097,0.608136645546821,0.003350026773131041,0.051501453670653785,0.001333140011192464,0.0,0.0,24.314240908154197,0.056759511545346246,-2.894040474136312,0.005253952182047625,2.894040474136312,0.005253952182047625,3.07438731875949,0.005193469430874183,0.7978721988768236,0.0027119335336489928,3.691912673013136,0.006924894631405432,,,,,,,,,,,5,0.0009823097402518598,0.0,0.0,0.0,1.0,1.0
40,2,32,sample_box,sample_box,1.0,all,2.854466939950362,0.13409167050308135,0.7607702876927835,0.0048455984654465906,1.0309618313707998,0.0034724528595360374,0.2217051022673131,0.0006045754487368182,1.065232126050907,0.003922049086021588,1200.0,0.0,0.0,0.0,-0.3709854631151751,0.0006334276330225299,0.37349066459765595,0.0007384477359005136,0.7548408996150441,0.00157779736349239,1.0078243609732418,0.008633221150496832,0.2109733228402689,0.0012226418496133153,1.0398540385885042,0.010112614798435983,240.0,0.0,0.0,0.0,-0.3655613101106801,0.002631133968829655,0.36802290965479034,0.002514747755864523,0.7607702876927835,0.0048455984654465906,1.036444950358375,0.002935476357114624,0.22438804712407415,0.0006153776537403022,1.0712111699743514,0.0032700459407403975,960.0,0.0,0.0,0.0,-0.37234150136629884,0.0011611825757955913,0.37485760333337237,0.0011056746700291926,0.7533566312761123,0.0020515548153979767,2497200.0,2457600.0,38400.0,39600.0,38400.0,2496000.0,99840000.0,38400.0,38400.0,1.0,0.0,0.12010416666666668,0.0014333566116690097,1.0,0.0,1.0,0.0,0.608136645546821,0.003350026773131041,0.608136645546821,0.003350026773131041,0.0,0.0,23.338566238238954,0.05931123300960937,-2.802960593004058,0.006191598051827752,2.802960593004058,0.006191598051827752,3.0083119950705353,0.004321834536620078,0.8889520800090773,0.0033690488151924404,3.691912673013136,0.006924894631405432,,,,,,,,,,,5,0.0011050640446422068,0.0,1.0,0.0,1.0,1.0
40,2,32,z_only_box,z_only_box,1.0,all,2.8813701599836348,0.12055957702122673,0.7607702876927835,0.0048455984654465906,1.0309618313707998,0.0034724528595360374,0.2217051022673131,0.0006045754487368182,1.065232126050907,0.003922049086021588,1200.0,0.0,0.0,0.0,-0.3709854631151751,0.0006334276330225299,0.37349066459765595,0.0007384477359005136,0.7548408996150441,0.00157779736349239,1.0078243609732418,0.008633221150496832,0.2109733228402689,0.0012226418496133153,1.0398540385885042,0.010112614798435983,240.0,0.0,0.0,0.0,-0.3655613101106801,0.002631133968829655,0.36802290965479034,0.002514747755864523,0.7607702876927835,0.0048455984654465906,1.036444950358375,0.002935476357114624,0.22438804712407415,0.0006153776537403022,1.0712111699743514,0.0032700459407403975,960.0,0.0,0.0,0.0,-0.37234150136629884,0.0011611825757955913,0.37485760333337237,0.0011056746700291926,0.7533566312761123,0.0020515548153979767,2497200.0,2457600.0,38400.0,39600.0,38400.0,2496000.0,99840000.0,38400.0,38400.0,1.0,0.0,0.12010416666666668,0.0014333566116690097,1.0,0.0,1.0,0.0,0.608136645546821,0.003350026773131041,0.608136645546821,0.003350026773131041,0.0,0.0,23.338566238238954,0.05931123300960937,-2.802960593004058,0.006191598051827752,2.802960593004058,0.006191598051827752,3.0083119950705353,0.004321834536620078,0.8889520800090773,0.0033690488151924404,3.691912673013136,0.006924894631405432,,,,,,,,,,,5,0.0011050640446422068,0.0,1.0,0.0,1.0,1.0
40,2,32,z_zero,z_zero,0.0,all,2.804376900056377,0.1113783641966229,0.8418972020111797,0.0007773476041051147,0.8829925285996637,0.00029126928891426266,0.1949160770162013,9.748282508684218e-05,0.8881820354066944,0.0003271176013915639,1200.0,0.0,0.0,0.0,-0.4354418292176061,0.0001649126254322445,0.4354419865471953,0.0001649240740872334,0.8465136967377163,0.0004379580733002287,0.8723740211644818,0.0008665639926734511,0.18731903227879623,0.0003169875416711361,0.876858345096539,0.0009408742116494037,240.0,0.0,0.0,0.0,-0.42376530831760384,0.0003538287303236052,0.42376530831760384,0.0003538287303236052,0.8418972020111797,0.0007773476041051147,0.8855272290942577,0.0003563910065702715,0.19681533820055258,9.687689961744491e-05,0.8908709033083488,0.0003842980107057033,960.0,0.0,0.0,0.0,-0.43836095944260667,0.00019385853533637474,0.4383611561045931,0.00019379088287922968,0.8476568444893673,0.00048552283917157013,2497200.0,2457600.0,38400.0,39600.0,38400.0,2496000.0,99840000.0,38400.0,38400.0,1.0,0.0,0.12010416666666668,0.0014333566116690097,1.0,0.0,1.0,0.0,0.608136645546821,0.003350026773131041,1.734615525441967,0.005969548327200659,0.0,0.0,32.29941566306956,0.10220907575834379,-3.691912673013136,0.006924894631405432,3.691912673013136,0.006924894631405432,3.691912673013136,0.006924894631405432,0.0,0.0,3.691912673013136,0.006924894631405432,,,,,,,,,,,5,0.0,0.0,0.0,0.0,0.0,0.0
40,3,3,batch_box,batch_box,1.0,all,0.2035710999276489,0.019477084551779773,0.7943244669992936,0.00745988382376024,1.5018414924386485,0.010164027772143393,0.3049147358464098,0.0014069934450946133,1.5783972609086807,0.011211541582696176,1200.0,0.0,0.0,0.0,-0.40439525868781223,0.0018471248600003083,0.4049401207283445,0.001618801267468504,0.7980554498088571,0.002844595506391123,1.5239731415987212,0.02191454564879393,0.299847828996452,0.0026791650215984724,1.6051277156557204,0.024105146637555582,240.0,0.0,0.0,0.0,-0.39365485104224984,0.0035179401841593455,0.3941641612824999,0.003461648822129402,0.7943244669992936,0.00745988382376024,1.4963873204345333,0.017936417662392,0.3061814625588992,0.002227869789265472,1.5718368650302283,0.019755514573898684,960.0,0.0,0.0,0.0,-0.4070803605992028,0.0018276512443553697,0.4076341105898057,0.0015735865754056878,0.798973120287659,0.003110773205374281,170400.0,140400.0,28800.0,30000.0,25200.0,165600.0,6624000.0,25200.0,28800.0,1.0,0.0,0.3748888888888889,0.0016355235574881772,1.0,0.0,1.0,0.0,9.261912887273962,0.07472905829553099,9.261912887273962,0.07472905829553099,0.0,0.0,24.231399598982208,0.22086487425452592,-2.9185188480681497,0.023812173739695873,2.9185188480681497,0.023812173739695873,2.9442495177067247,0.02231555046765029,0.27921077962994645,0.0032941890286327506,3.197729627698096,0.025056928300827393,0.4985702613271944,0.005100072013243231,0.3205,0.006324555320336769,0.1101,0.000894427190999917,0.9995,0.0,0.6910000000000001,0.0075547129840653066,5,0.002421739693212911,0.0,1.0,0.0,1.0,1.0
40,3,3,box_factor_a0.9,box_factor,0.9,all,0.17887815996073186,0.02402395713131387,0.7110730473094733,0.010958565747990425,2.9861685028863603,0.10314914013528678,0.4905323733193545,0.01089325633721788,3.1847248492918485,0.11083401933756414,1200.0,0.0,0.0,0.0,-0.32412744337589017,0.0056443092820472026,0.34214186606687474,0.001196668726686288,0.7116766770022397,0.002980662375829814,3.2168843025969145,0.10905107832891303,0.4958028442077632,0.01387694188154999,3.4389003788131247,0.11744999179691512,240.0,0.0,0.0,0.0,-0.3144475880305849,0.009616319069709939,0.33344023482733254,0.004355834451948482,0.7110730473094733,0.010958565747990425,2.926281370157322,0.15064911716018559,0.48921475559725236,0.013717296843836076,3.118989163590373,0.1618539079602256,960.0,0.0,0.0,0.0,-0.3265474072122165,0.005773231155107186,0.34431727387676025,0.0012722923074789583,0.7118081240151287,0.003756411318004054,170400.0,140400.0,28800.0,30000.0,25200.0,165600.0,6624000.0,25200.0,28800.0,1.0,0.0,0.377875,0.001747428390503691,1.0,0.0,1.0,0.0,9.970030619598475,0.07338343744180784,10.24578587712452,0.0747396333661474,0.0,0.0,19.49554127347695,0.17477732178749752,-2.361411624044682,0.02347156253286951,2.361411624044682,0.02347156253286951,2.5724778504724743,0.01762496529966846,0.8363180036534142,0.009091854440635826,3.197729627698096,0.025056928300827393,,,,,,,,,,,5,0.022187710834404958,0.0,1.0,0.0,1.0,1.0
40,3,3,box_factor_a1.25,box_factor,1.25,all,0.18072692002169788,0.01790638073202329,0.7133072695747236,0.025592535312481297,4.360928878639792,0.18118063481587435,0.6457310627743847,0.018948997768351208,4.659945144671907,0.1941060199905886,1200.0,0.0,0.0,0.0,-0.2735535638315856,0.00832928895233655,0.3316390855688545,0.002484395915156488,0.7088721629332574,0.010400060942951268,4.670892117848259,0.23508561738077746,0.6552062345363555,0.02608042015900748,5.001634896642174,0.2523111266670999,240.0,0.0,0.0,0.0,-0.2644013585039672,0.014700592135699948,0.32384390759918114,0.006919422854744897,0.7133072695747236,0.025592535312481297,4.279331158205048,0.2590190583849234,0.6433622698338921,0.022868550209554094,4.570393340161513,0.2774995775821233,960.0,0.0,0.0,0.0,-0.27584161516349026,0.00822801542766874,0.33358788006127293,0.0030176175098390926,0.7076887475613407,0.010422563844131184,170400.0,140400.0,28800.0,30000.0,25200.0,165600.0,6624000.0,25200.0,28800.0,1.0,0.0,0.3786875,0.001773962377118534,1.0,0.0,1.0,0.0,10.564355213915897,0.07994884084857241,9.918365471202861,0.07657149919369945,0.0,0.0,18.489858455592806,0.15490101136134196,-2.1020735615120776,0.023488094820167272,2.1020735615120776,0.023488094820167272,2.4781780329131693,0.016076485810425093,1.0956560661860184,0.012051050294608099,3.197729627698096,0.025056928300827393,,,,,,,,,,,5,0.05102322616814554,0.4,1.0,0.4,1.0,1.0
40,3,3,f_zero,f_zero,0.0,all,0.026063820021227,0.003424691027299169,0.8419590684143916,0.00219287940594536,1.2798842335810479,0.005405004727677622,0.269842849842298,0.0011334063381371225,1.3312082233502989,0.0059244634913028435,1200.0,0.0,0.0,0.0,-0.4355014085286407,0.0006035170157928159,0.435572192527342,0.0006254048233813416,0.8474927970574969,0.0011436927276175118,1.286008167564938,0.005260673035365289,0.2632100968861901,0.0016826880215569,1.3400322226443357,0.005850130792755394,240.0,0.0,0.0,0.0,-0.42374326273670376,0.0007364149317252609,0.42377493770029806,0.0007285448788728391,0.8419590684143916,0.00219287940594536,1.2784017676197856,0.006812322196398031,0.271501038081325,0.0012439573162744153,1.3290813446270016,0.007470930128870266,960.0,0.0,0.0,0.0,-0.4384409449766249,0.000822270003452348,0.4385215062341029,0.0008550068860397112,0.8488615720349939,0.0013579487067156878,33600.0,32400.0,0.0,1200.0,0.0,32400.0,1296000.0,0.0,0.0,0.0,0.0,0.0,0.0,0.0,0.0,0.0,0.0,0.0,0.0,0.0,0.0,0.0,0.0,,,,,,,,,,,,,,,,,,,,,,,5,0.0,0.0,1.0,0.0,0.0,0.0
40,3,3,raw,raw,1.0,all,0.1693468200042844,0.012035549761687674,1.6024810245162517,0.8449679857393723,21.23140155151746,11.372693503120859,1.1394691888538098,0.1346055973382097,22.717817018634662,12.174607426677106,1200.0,0.0,0.0,0.0,-0.24380276123472636,0.027404501988646256,0.4509307087601795,0.02193891937947636,1.4332479466553618,0.3530429658158001,18.730420950317118,10.30906923682817,1.1835078797342629,0.2902655471559285,20.076894858201268,11.053071309080837,240.0,0.0,0.0,0.0,-0.21715872811214174,0.053177883030221584,0.4462044571454863,0.05551953390837979,1.6024810245162517,0.8449679857393723,21.11446697474903,13.081287300969791,1.1284595161336965,0.1341139575101399,22.58260388880536,13.99736121118403,960.0,0.0,0.0,0.0,-0.25046376951537247,0.024228476278508406,0.4521122716638528,0.016111968290173452,1.3658418087283812,0.23339855825639044,170400.0,140400.0,28800.0,30000.0,25200.0,165600.0,6624000.0,25200.0,28800.0,1.0,0.0,0.3806527777777778,0.0017895255293988897,1.0,0.0,0.0,0.0,10.98762537739411,0.13160811205834372,10.98762537739411,0.13160811205834372,0.0,0.0,34.366866044281366,7.352989035021005,-2.1553791188509743,0.03902875060471619,2.1553791188509743,0.03902875060471619,2.8834859640025883,0.01715061933680785,1.0423505088471223,0.017897258685773118,3.197729627698096,0.025056928300827393,,,,,,,,,,,5,0.6865076518359966,0.0,0.0,0.0,0.0,0.0
40,3,3,sample_ball,sample_ball,1.0,all,0.1797389999963343,0.014787035049243008,0.7886978457366898,0.008562653104840343,1.8437305832976485,0.04052992700707187,0.3526409815816799,0.004290784155258391,1.9500189071381342,0.044070021047019334,1200.0,0.0,0.0,0.0,-0.39377192441685854,0.0030245045242485937,0.39599275169742604,0.0022627622564275695,0.7945064482498665,0.003849069278144143,1.8588166215807447,0.038842374505671864,0.34593303674322035,0.004810353337330962,1.969906407060255,0.04214631971212797,240.0,0.0,0.0,0.0,-0.3824403488658058,0.004662217569149354,0.3841429887049509,0.004681093653267846,0.7886978457366898,0.008562653104840343,1.8400727547627809,0.04154662476622528,0.3543179677912948,0.004706727868350142,1.9452171839504266,0.0451422582015538,960.0,0.0,0.0,0.0,-0.3966048183046217,0.0033014332814932236,0.3989551924455448,0.0025483563579881095,0.7959312258513788,0.004911162929001455,170400.0,140400.0,28800.0,30000.0,25200.0,165600.0,6624000.0,25200.0,28800.0,1.0,0.0,0.3788333333333333,0.0017171885443694312,0.3788333333333333,0.0017171885443694312,0.3788333333333333,0.0017171885443694312,9.324335732483737,0.07050774974007495,5.479087614139156,0.05898587406137997,0.0,0.0,23.93454283982161,0.21416585860083606,-2.8552709841349455,0.024775057136571275,2.8552709841349455,0.024775057136571275,2.909347061071478,0.021341617222263617,0.3424586435631506,0.0028492582069877346,3.197729627698096,0.025056928300827393,,,,,,,,,,,5,0.006589453173267108,0.0,1.0,0.0,1.0,1.0
40,3,3,sample_box,sample_box,1.0,all,0.18876757994294166,0.02533936305874918,0.7067763553318549,0.012683816115079303,3.361153830243211,0.12445188246974073,0.5331497572164713,0.013160464817310761,3.5875461846131187,0.1335571516182353,1200.0,0.0,0.0,0.0,-0.30981755601093874,0.006381785874649387,0.3368274884322192,0.0012787273211185344,0.7063484587496991,0.0039907841374574975,3.6217568040492503,0.1469037276789805,0.5401174266423028,0.017639946802854904,3.8744570529680886,0.15797165216927672,240.0,0.0,0.0,0.0,-0.30018814152289297,0.011019223509947928,0.32857941229805887,0.004467284982649679,0.7067763553318549,0.012683816115079303,3.2931419335508103,0.18072679908498607,0.5314078398600135,0.016245489218574275,3.5129581999833506,0.19393739136370747,960.0,0.0,0.0,0.0,-0.31222490963295024,0.006453357251327757,0.3388895074657593,0.001521566427960193,0.7062178093389088,0.004773289644271495,170400.0,140400.0,28800.0,30000.0,25200.0,165600.0,6624000.0,25200.0,28800.0,1.0,0.0,0.37822916666666667,0.0017985306717319277,1.0,0.0,1.0,0.0,10.131433885031964,0.07451622327926466,10.131433885031964,0.07451622327926466,0.0,0.0,19.10646089204669,0.16782274218440432,-2.2840853671571795,0.023460847054964477,2.2840853671571795,0.023460847054964477,2.5384831706407067,0.01735653260432978,0.9136442605409169,0.009971716557518554,3.197729627698096,0.025056928300827393,,,,,,,,,,,5,0.02903905320559403,0.6,1.0,0.0,1.0,1.0
40,3,3,shrink_c0.5,shrink,0.5,all,0.17627225997857748,0.019963671462126065,0.79747324798722,0.02050159025166932,3.5393038992076526,1.1839450218398662,0.4321497136158306,0.01722405232475374,3.7750666326062623,1.270727498864348,1200.0,0.0,0.0,0.0,-0.382484423088669,0.005540013624554032,0.39473010363635197,0.0024101003154477826,0.8010478349837076,0.0081092607698663,3.2311250105740954,1.00197634916167,0.42359650977621505,0.03282497678143613,3.450428926081911,1.0784413897159084,240.0,0.0,0.0,0.0,-0.37207115106366795,0.009424394987130434,0.38392925277320045,0.005108658128148946,0.79747324798722,0.02050159025166932,3.564107303106352,1.3800065803427382,0.4342880145757345,0.017560316028420328,3.7998018512539984,1.480017082251107,960.0,0.0,0.0,0.0,-0.38508774109491917,0.005914309574444044,0.3974303163521398,0.0027460707196932874,0.8019044108258241,0.006012252494591516,170400.0,140400.0,28800.0,30000.0,25200.0,165600.0,6624000.0,25200.0,28800.0,1.0,0.0,0.3781319444444445,0.0017773572636340044,1.0,0.0,1.0,0.0,9.576979546858913,0.08125147236933834,3.277649383795102,0.024190083765202857,0.0,0.0,23.144392966726972,0.2235690940098425,-2.7241228892388887,0.024752863623381475,2.7241228892388887,0.024752863623381475,2.8428408971286454,0.0199261244767102,0.47360673845920764,0.003472805977488467,3.197729627698096,0.025056928300827393,,,,,,,,,,,5,0.022825355204080657,0.0,1.0,0.0,1.0,1.0
40,3,3,z_only_box,z_only_box,1.0,all,0.1816907800268382,0.025713292997728735,0.7143841580200562,0.01538682034913173,3.5717088338305727,0.17269690224780554,0.5435085545159827,0.013071258675445905,3.813384398574919,0.18515439200107556,1200.0,0.0,0.0,0.0,-0.30722503659900485,0.0069801665805041425,0.33831190134400047,0.0021090998320411553,0.7111063091903043,0.008350134696661555,3.9722062432639604,0.2535333944085584,0.5544000671121955,0.015448954603437096,4.250940774027116,0.27251209211776656,240.0,0.0,0.0,0.0,-0.29715363176057463,0.011834264562905934,0.33061155225773486,0.00295695569052455,0.7143841580200562,0.01538682034913173,3.4655193970119518,0.21757911280404146,0.5407856763669294,0.0166664518236295,3.6977782885197756,0.23328974097571806,960.0,0.0,0.0,0.0,-0.30974288780861237,0.007022462395961155,0.3402369886155669,0.0023096537114296817,0.7102752052119335,0.0073185561523759326,170400.0,140400.0,28800.0,30000.0,25200.0,165600.0,6624000.0,25200.0,28800.0,1.0,0.0,0.37822916666666667,0.0017985306717319277,1.0,0.0,1.0,0.0,10.131433885031964,0.07451622327926466,10.131338706047428,0.07446398141266311,0.0,0.0,19.163870445622802,0.18247155673137316,-2.2814374855707706,0.023260540511826973,2.2814374855707706,0.023260540511826973,2.5411310522271155,0.017779955547137856,0.9162921421273257,0.00978545369467074,3.197729627698096,0.025056928300827393,,,,,,,,,,,5,0.0332993235951241,0.0,1.0,0.0,1.0,1.0
40,3,3,z_zero,z_zero,0.0,all,0.167000799998641,0.009552220344817132,0.8419590684143916,0.00219287940594536,1.2798842335810479,0.005405004727677622,0.269842849842298,0.0011334063381371225,1.3312082233502989,0.0059244634913028435,1200.0,0.0,0.0,0.0,-0.4355014085286407,0.0006035170157928159,0.435572192527342,0.0006254048233813416,0.8474927970574969,0.0011436927276175118,1.286008167564938,0.005260673035365289,0.2632100968861901,0.0016826880215569,1.3400322226443357,0.005850130792755394,240.0,0.0,0.0,0.0,-0.42374326273670376,0.0007364149317252609,0.42377493770029806,0.0007285448788728391,0.8419590684143916,0.00219287940594536,1.2784017676197856,0.006812322196398031,0.271501038081325,0.0012439573162744153,1.3290813446270016,0.007470930128870266,960.0,0.0,0.0,0.0,-0.4384409449766249,0.000822270003452348,0.4385215062341029,0.0008550068860397112,0.8488615720349939,0.0013579487067156878,170400.0,140400.0,28800.0,30000.0,25200.0,165600.0,6624000.0,25200.0,28800.0,1.0,0.0,0.3716388888888889,0.0016757564626824991,1.0,0.0,1.0,0.0,9.1451551919193,0.0775535448769868,12.577438741092264,0.09428173287169217,0.0,0.0,27.83389444560883,0.2604268507998048,-3.197729627698096,0.025056928300827393,3.197729627698096,0.025056928300827393,3.197729627698096,0.025056928300827393,0.0,0.0,3.197729627698096,0.025056928300827393,,,,,,,,,,,5,0.0,0.0,1.0,0.0,0.0,0.0
40,3,6,batch_box,batch_box,1.0,all,1.2896416999865323,0.03825334721749746,0.7951746340782131,0.002337130104391079,0.9988017372492639,0.003375715152265693,0.21662174271519233,0.0009868671638075966,1.0252150305107908,0.0036330397172694507,1200.0,0.0,0.0,0.0,-0.4035367176525452,0.0005169460018909232,0.4036572032475726,0.0005385782889553698,0.7941338128807797,0.001688718665451435,0.9820318122834284,0.008654771738135605,0.20710797939351838,0.0016601856744610825,1.0070961174996615,0.009464332682764877,240.0,0.0,0.0,0.0,-0.39491842806990035,0.0009678924140084884,0.3953390484544596,0.001078976564314991,0.7951746340782131,0.002337130104391079,1.0027866986818128,0.003497273392391346,0.21900018354561085,0.0011006804218597758,1.0294969645898318,0.0037778886611122935,960.0,0.0,0.0,0.0,-0.40569129004820637,0.000568083320645922,0.4057367419458508,0.0005942945261184496,0.7938744912428047,0.0017789316260031437,1182000.0,1080000.0,100800.0,102000.0,93600.0,1173600.0,46944000.0,93600.0,100800.0,1.0,0.0,0.3148888888888889,0.001864939521099685,1.0,0.0,1.0,0.0,4.159696905187036,0.030038829253091422,4.159696905187036,0.030038829253091422,0.0,0.0,23.70283014128711,0.11595413424902068,-2.864494772817585,0.013124290568893342,2.864494772817585,0.013124290568893342,2.882477764140015,0.013372869171712577,0.26499613859384985,0.0026386136727381284,3.1294909114114344,0.015669248896535173,0.5342633881527628,0.003645579159577357,0.38130000000000003,0.0071554175279993385,0.1359,0.0011401754250991367,0.9995,0.0,0.6759074074074074,0.0037154905038903683,5,0.0007460797309066504,0.0,0.2,0.0,1.0,1.0
40,3,6,box_factor_a0.9,box_factor,0.9,all,1.2991238800343126,0.05219804799561687,0.6998643149880909,0.007159346282723385,1.7155260027422337,0.018371705656173177,0.3156155777099575,0.003024207297172821,1.8172982528084816,0.019947465993516333,1200.0,0.0,0.0,0.0,-0.32643732416613724,0.002306239165880799,0.3341259869303143,0.0020046416447787787,0.6892493083254644,0.004261985792030242,1.576480082303044,0.05657443141643617,0.28885850171900024,0.0059452710433051045,1.6687805583890587,0.06127460898001838,240.0,0.0,0.0,0.0,-0.32855924416266385,0.002504212532563945,0.3340977656877219,0.003951188166516844,0.6998643149880909,0.007159346282723385,1.7470492734132104,0.028622643517696653,0.3223048467076969,0.004495109036427986,1.8507835556172956,0.031034697749946268,960.0,0.0,0.0,0.0,-0.32590684416700555,0.002758448314106087,0.33413304224096246,0.002276063786749611,0.6865797840413697,0.004579959103235021,1182000.0,1080000.0,100800.0,102000.0,93600.0,1173600.0,46944000.0,93600.0,100800.0,1.0,0.0,0.32077182539682536,0.0018765399529819158,1.0,0.0,1.0,0.0,4.336921205525812,0.03256342018147453,4.50719030701854,0.033668881171296176,0.0,0.0,18.715111996854123,0.09388929862492586,-2.2905810564296205,0.011852551389484826,2.2905810564296205,0.011852551389484826,2.4854288592863503,0.010347007606728862,0.8389098549818146,0.0068696986068326775,3.1294909114114344,0.015669248896535173,,,,,,,,,,,5,0.006880259544897087,0.0,1.0,0.0,1.0,1.0
40,3,6,box_factor_a1.5,box_factor,1.5,all,1.3095911000855267,0.047668140362873125,0.6445475324168167,0.013522577938666052,3.1310612270436042,0.057923827173130014,0.4903010159891714,0.008604888709167787,3.3422120011173546,0.06218407322271915,1200.0,0.0,0.0,0.0,-0.2477577057447316,0.004673909990952889,0.3022971145259005,0.003643219927780125,0.6492382960439055,0.003286116642442475,2.8239883626788567,0.15915924357873842,0.44267896319960887,0.013937128853621245,3.0182323030195577,0.17124114461350778,240.0,0.0,0.0,0.0,-0.2602669489538254,0.00516997663101115,0.2946891249467489,0.008400242891170952,0.6445475324168167,0.013522577938666052,3.199605543576361,0.073459462335226,0.5022065291865621,0.010949091675986608,3.414213398586168,0.07876636224076407,960.0,0.0,0.0,0.0,-0.24463039494245814,0.005502410641605157,0.3041991119206885,0.0038097233662162657,0.6503702457601347,0.0037655467490977233,1182000.0,1080000.0,100800.0,102000.0,93600.0,1173600.0,46944000.0,93600.0,100800.0,1.0,0.0,0.3231706349206349,0.0018584926752439675,1.0,0.0,1.0,0.0,4.585358120592547,0.03742832573807094,3.879649251171441,0.03222919346219671,0.0,0.0,17.37468000293341,0.0862470516565781,-1.9120917504749304,0.01068064428733562,1.9120917504749304,0.01068064428733562,2.348549045403113,0.01031418665916883,1.2173991609365038,0.010690174877269996,3.1294909114114344,0.015669248896535173,,,,,,,,,,,5,0.026920036898816377,1.0,1.0,1.0,1.0,1.0
40,3,6,f_zero,f_zero,0.0,all,0.2457656000275165,0.02107164193678842,0.8422557246530209,0.0010160198225640739,0.9303501628045115,0.0011188032817928309,0.20541370466683767,0.0002749971587812407,0.9419109054368071,0.0012589580307671951,1200.0,0.0,0.0,0.0,-0.4354220380590192,0.00020768687343973086,0.4354237422597464,0.0002085020777291016,0.8467479809665452,0.0003524786220913299,0.9228749868969794,0.0018640397817508085,0.1980292687964947,0.0003700118172478939,0.9343787371780181,0.002041232386956529,240.0,0.0,0.0,0.0,-0.4238639549631877,0.00044358718100687627,0.42386597348620014,0.00044337034587034696,0.8422557246530209,0.0010160198225640739,0.932138539020061,0.0013596941242415132,0.20725981363442333,0.0003599913303831185,0.9437042184024168,0.001535752209051641,960.0,0.0,0.0,0.0,-0.43831155883297707,0.000195691346441586,0.4383131844531329,0.00019663968013129744,0.8478604021514318,0.0004238593052416936,260400.0,259200.0,0.0,1200.0,0.0,259200.0,10368000.0,0.0,0.0,0.0,0.0,0.0,0.0,0.0,0.0,0.0,0.0,0.0,0.0,0.0,0.0,0.0,0.0,,,,,,,,,,,,,,,,,,,,,,,5,0.0,0.0,0.0,0.0,0.0,0.0
40,3,6,raw,raw,1.0,all,1.2333011000417173,0.03916495320229839,0.7893221600870485,0.049901732000002315,5.1586449205267675,0.4534171454399429,0.5886411545463088,0.013703860257998747,5.513847486293595,0.4856958628656843,1200.0,0.0,0.0,0.0,-0.2777480952602255,0.0044598615497158725,0.35487913856734443,0.0030429964737112136,0.7673856802826755,0.016649953099373817,4.789916112101425,1.094627978366721,0.5390984740352391,0.05000011871111107,5.127431174901163,1.1758670224001364,240.0,0.0,0.0,0.0,-0.28391099146637644,0.015514001865679136,0.3529028577734862,0.006634229446167228,0.7893221600870485,0.049901732000002315,5.19826499180053,0.7461467857632123,0.6010268246740763,0.017937260385141793,5.553849496073754,0.7989089695507424,960.0,0.0,0.0,0.0,-0.27620737120868766,0.007341047781526199,0.35537320876580897,0.005087002734588792,0.761427725845012,0.022503631476652925,1182000.0,1080000.0,100800.0,102000.0,93600.0,1173600.0,46944000.0,93600.0,100800.0,1.0,0.0,0.3216785714285714,0.0018192588963912451,1.0,0.0,0.0,0.0,4.513073710672961,0.03880487641860302,4.513073710672961,0.03880487641860302,0.0,0.0,20.958508458883234,0.1366936026079502,-2.136133988718033,0.011151203515213424,2.136133988718033,0.011151203515213424,2.5854779764052047,0.010758735588866484,0.9933569226934017,0.008811703872239401,3.1294909114114344,0.015669248896535173,,,,,,,,,,,5,0.0707407524974951,0.0,0.0,0.0,1.0,1.0
40,3,6,sample_ball,sample_ball,1.0,all,1.2388892800081521,0.034032729571776554,0.7639605511656146,0.002568521745531861,1.3722568877261985,0.009422148331788466,0.274932821690994,0.002298259505935214,1.4401713076179201,0.010442636832968033,1200.0,0.0,0.0,0.0,-0.37146569762870696,0.0017774980101624778,0.37276390101771867,0.0017427010353510135,0.7563046046157073,0.002953442551728783,1.3200541527362384,0.023633542602105973,0.25818759066353864,0.0029333885934401194,1.3843842390292094,0.025890649767327693,240.0,0.0,0.0,0.0,-0.3684230678746863,0.0019468725100339956,0.36935531210114625,0.002170408773357843,0.7639605511656146,0.002568521745531861,1.3844479677422632,0.014798557748897047,0.2791191294478578,0.0029610836834996017,1.4531254479919409,0.016383864632464034,960.0,0.0,0.0,0.0,-0.37222635506721213,0.002460146338107063,0.37361604824686173,0.0023053592592397073,0.7543874383705511,0.0037992214259868957,1182000.0,1080000.0,100800.0,102000.0,93600.0,1173600.0,46944000.0,93600.0,100800.0,1.0,0.0,0.3181706349206349,0.0018144404626473023,0.3181706349206349,0.0018144404626473023,0.3181706349206349,0.0018144404626473023,4.2001072327943,0.03019577823521242,1.868814837545284,0.018054697100956578,0.0,0.0,21.886866616548332,0.1109767978476717,-2.6522422436117723,0.014168275087528463,2.6522422436117723,0.014168275087528463,2.72570990724785,0.012102685871733876,0.47724866779966213,0.0036382083754550125,3.1294909114114344,0.015669248896535173,,,,,,,,,,,5,0.0036058132446414454,0.0,0.4,0.0,1.0,1.0
40,3,6,sample_box,sample_box,1.0,all,1.2436418999917804,0.04157648573119057,0.6867981759472744,0.008238738656933324,1.9232547115506875,0.02366252454336909,0.3416794215156081,0.0038061530743701832,2.042312534094501,0.025612850010789865,1200.0,0.0,0.0,0.0,-0.31335148445130445,0.002684894615760603,0.3251478174089132,0.0020851666920657843,0.6768483365954344,0.00442897553149743,1.7581136659880499,0.0729790240850076,0.31156731741378707,0.006862322674830251,1.86658453832147,0.0788917642577815,240.0,0.0,0.0,0.0,-0.31720971185463037,0.0028212541735671533,0.32512012065305484,0.004565529304315696,0.6867981759472744,0.008238738656933324,1.9605130562639026,0.036071715733506385,0.3492074475410634,0.005493360125428236,2.081752347406133,0.038987306664506845,960.0,0.0,0.0,0.0,-0.31238692760047293,0.0031955371840449876,0.32515474159787777,0.0024429300409072856,0.6743447995888099,0.004668897436069044,1182000.0,1080000.0,100800.0,102000.0,93600.0,1173600.0,46944000.0,93600.0,100800.0,1.0,0.0,0.3213373015873016,0.0018813850508666641,1.0,0.0,1.0,0.0,4.375992426915868,0.033200697936030525,4.375992426915868,0.033200697936030525,0.0,0.0,18.32391957418797,0.09122389615530856,-2.21909774798189,0.011578193246839385,2.21909774798189,0.011578193246839385,2.450767515488154,0.01011466181148438,0.9103931634295452,0.007561622304633779,3.1294909114114344,0.015669248896535173,,,,,,,,,,,5,0.00915828019823512,0.0,1.0,0.0,1.0,1.0
40,3,6,shrink_c0.875,shrink,0.875,all,1.2522568399552256,0.04176558877105911,0.7542592461779366,0.02489316882999409,3.7239409203561293,0.2781568944615765,0.4745707167337307,0.008731377826296766,3.975977835258766,0.29829957092645315,1200.0,0.0,0.0,0.0,-0.3123089850737215,0.003266677478602145,0.35102495675416673,0.003222989543889234,0.738384414732208,0.007119599564082388,3.474198524135031,0.6805604748099727,0.4366277070429594,0.03249029302790281,3.7140055596948907,0.7323791622066606,240.0,0.0,0.0,0.0,-0.3152217288524598,0.010696419478266397,0.34933099379485794,0.007137876459448549,0.7542592461779366,0.02489316882999409,3.7572580067814023,0.4620146600860584,0.4840564691564236,0.011696563138197315,4.009973052422213,0.4952510239661742,960.0,0.0,0.0,0.0,-0.3115807991290369,0.005423890502435732,0.35144844749399395,0.004572418186316511,0.7342983463494395,0.008442944418175037,1182000.0,1080000.0,100800.0,102000.0,93600.0,1173600.0,46944000.0,93600.0,100800.0,1.0,0.0,0.3208115079365079,0.0018306918328663715,1.0,0.0,1.0,0.0,4.41850525631173,0.036365872749673636,0.10803677725321517,0.0007967515099019767,0.0,0.0,20.503988389143508,0.11136202863459,-2.2698167428968783,0.011847459708830062,2.2698167428968783,0.011847459708830062,2.5837297275669,0.010391976122260307,0.8596741685145567,0.00764204607013625,3.1294909114114344,0.015669248896535173,,,,,,,,,,,5,0.036515398281797666,0.0,1.0,0.0,1.0,1.0
40,3,6,z_only_box,z_only_box,1.0,all,1.2532098599709571,0.032450203759191075,0.6872141100247913,0.008640686380977298,1.962308690450198,0.030937360297605358,0.34438362589396493,0.003918660922823859,2.08442440143797,0.03344422857926011,1200.0,0.0,0.0,0.0,-0.31243150697760746,0.0027682849957079525,0.32534521046351034,0.002131587925514247,0.6771729331892311,0.004350905188918907,1.7807276496954152,0.07299747723484865,0.31327499997280206,0.006736053768238792,1.891058937143465,0.07883231511080721,240.0,0.0,0.0,0.0,-0.3164829511658494,0.002626421834165292,0.32561949441493415,0.005070664815001633,0.6872141100247913,0.008640686380977298,2.0030481083348617,0.047955532998455376,0.35216078237425563,0.005861867600091465,2.1275792674884464,0.05176226932937319,960.0,0.0,0.0,0.0,-0.311418645930547,0.0032627953730712898,0.3252766394756544,0.002499738570449643,0.6746456807850063,0.004504687907369265,1182000.0,1080000.0,100800.0,102000.0,93600.0,1173600.0,46944000.0,93600.0,100800.0,1.0,0.0,0.3213373015873016,0.0018813850508666641,1.0,0.0,1.0,0.0,4.375992426915868,0.033200697936030525,4.375978323763166,0.03319897368042318,0.0,0.0,18.33649760667554,0.09399741398105096,-2.2184660138252754,0.0115301242682765,2.2184660138252754,0.0115301242682765,2.451399249644768,0.010181547048061828,0.9110248975861595,0.007543634607046591,3.1294909114114344,0.015669248896535173,,,,,,,,,,,5,0.009539185061430169,0.0,1.0,0.0,1.0,1.0
40,3,6,z_zero,z_zero,0.0,all,1.2340245999395847,0.03141838921243625,0.8422557246530209,0.0010160198225640739,0.9303501628045115,0.0011188032817928309,0.20541370466683767,0.0002749971587812407,0.9419109054368071,0.0012589580307671951,1200.0,0.0,0.0,0.0,-0.4354220380590192,0.00020768687343973086,0.4354237422597464,0.0002085020777291016,0.8467479809665452,0.0003524786220913299,0.9228749868969794,0.0018640397817508085,0.1980292687964947,0.0003700118172478939,0.9343787371780181,0.002041232386956529,240.0,0.0,0.0,0.0,-0.4238639549631877,0.00044358718100687627,0.42386597348620014,0.00044337034587034696,0.8422557246530209,0.0010160198225640739,0.932138539020061,0.0013596941242415132,0.20725981363442333,0.0003599913303831185,0.9437042184024168,0.001535752209051641,960.0,0.0,0.0,0.0,-0.43831155883297707,0.000195691346441586,0.4383131844531329,0.00019663968013129744,0.8478604021514318,0.0004238593052416936,1182000.0,1080000.0,100800.0,102000.0,93600.0,1173600.0,46944000.0,93600.0,100800.0,1.0,0.0,0.3104166666666667,0.0019314051989300562,1.0,0.0,1.0,0.0,4.1383890646585995,0.029843506615561857,6.536270288354045,0.042494671886578496,0.0,0.0,27.227650518707897,0.1477009857311402,-3.1294909114114344,0.015669248896535173,3.1294909114114344,0.015669248896535173,3.1294909114114344,0.015669248896535173,0.0,0.0,3.1294909114114344,0.015669248896535173,,,,,,,,,,,5,0.0,0.0,0.0,0.0,0.0,0.0
40,3,10,batch_box,batch_box,1.0,all,6.491058740043082,0.27566463515905987,0.7899068648955869,0.0034628042518875823,0.9055512301168693,0.003136790576853779,0.19925155845493772,0.0006391554524765869,0.9213922099398479,0.0036411043159970844,1200.0,0.0,0.0,0.0,-0.4003428818542213,0.000527302131418793,0.4004066120771997,0.0005458615176415531,0.7882657188525475,0.0011757380361325821,0.8880174112689936,0.007096721450553497,0.18990420633970728,0.0015936697452516363,0.9018210294400019,0.008222148619196859,240.0,0.0,0.0,0.0,-0.39194229433605626,0.0016890626625232774,0.39208841930325533,0.001624296490831324,0.7899068648955869,0.0034628042518875823,0.9097110180519662,0.003704381653605247,0.20158839648374532,0.0007548406474656718,0.9260063488057929,0.0042996114802536884,960.0,0.0,0.0,0.0,-0.40244302873376253,0.0005984582202329655,0.40248616027068573,0.0006475968487020851,0.7878554731416467,0.0014517609022596826,5185200.0,4920000.0,264000.0,265200.0,252000.0,5172000.0,206880000.0,252000.0,264000.0,0.9999303030303031,1.9413263731112377e-05,0.2662,0.0009410027496665966,0.9999303030303031,1.9413263731112377e-05,0.9999776515151515,1.2169778545473988e-05,2.2795470905301407,0.009956603759491749,2.2795470905301407,0.009956603759491749,0.0,0.0,23.43827776047286,0.13546370326152007,-2.841838182291757,0.011723336182951127,2.841838182291757,0.011723336182951127,2.857427331723211,0.011537148956909563,0.2649873270424698,0.0014855361438848834,3.106825509334227,0.011541817923512868,0.5653914584376208,0.0015733259409338972,0.4384,0.0033149493041204807,0.1619,0.0006992058987801032,0.9995,0.0,0.6590064102564102,0.00244230862701974,10,0.0004772375701498314,0.0,0.0,0.0,1.0,1.0
40,3,10,box_factor_a0.9,box_factor,0.9,all,6.247327759978361,0.7995065326822804,0.6998356965195597,0.009634854714896186,1.31500508663812,0.010671895451699281,0.25829524477880506,0.0015193232095851781,1.3829961973231402,0.011694982537665153,1200.0,0.0,0.0,0.0,-0.32613145405702443,0.0013194186463424144,0.33330569878032107,0.0012621717044111684,0.6856170221991633,0.002341645169492906,1.2259487369515216,0.043196382973558475,0.23865910038612048,0.0037936579409961345,1.2864453584441216,0.047700691229119935,240.0,0.0,0.0,0.0,-0.3279621838841659,0.004283418248087178,0.3340226807435347,0.004653257887703907,0.6998356965195597,0.009634854714896186,1.3353589739591745,0.014947052272693844,0.2632042808769762,0.0022481993686198627,1.404916545023209,0.016313908138787067,960.0,0.0,0.0,0.0,-0.325673771600239,0.0011957441159207937,0.3331264532895177,0.0013046707825058452,0.6820220094190235,0.002819676897523453,5185200.0,4920000.0,264000.0,265200.0,252000.0,5172000.0,206880000.0,252000.0,264000.0,0.999939393939394,1.9722852716957678e-05,0.2715882575757576,0.00101139602906549,0.9999405303030302,1.988786670607213e-05,0.9999405303030302,1.988786670607213e-05,2.340252831263033,0.01045327991332244,2.4578762804921555,0.010951068869749702,0.0,0.0,18.410593987458448,0.12020776774205372,-2.264525512605837,0.012304733730887123,2.264525512605837,0.012304733730887123,2.4525150969216454,0.011456923297475234,0.84229999672839,0.004349980886814027,3.106825509334227,0.011541817923512868,,,,,,,,,,,10,0.003274390423072621,0.0,0.9,0.0,1.0,1.0
40,3,10,box_factor_a2,box_factor,2.0,all,6.241409060033038,0.8150704251733301,0.6310578137556195,0.019918691743318125,3.1007641435239375,0.04230068409443466,0.4896484026573861,0.005232627652100252,3.3097999767223625,0.045436461727369315,1200.0,0.0,0.0,0.0,-0.20190524622637446,0.0032996995893304257,0.2957347419647721,0.003113255201310554,0.645488490884948,0.006768409567270686,2.796922194192223,0.12862200835563983,0.44365719699025813,0.014218330472690758,2.9895288198410364,0.13861487763564953,240.0,0.0,0.0,0.0,-0.2226516990255391,0.010869478008350135,0.28579839293116427,0.009628444856823355,0.6310578137556195,0.019918691743318125,3.1687978990025334,0.05625589659945748,0.5011462040741681,0.0071077896608218475,3.3812046935322635,0.0603702117614116,960.0,0.0,0.0,0.0,-0.19671863302658327,0.0031150740954257023,0.2982188292231741,0.004235206484074838,0.6489275767370066,0.00991834241661084,5185200.0,4920000.0,264000.0,265200.0,252000.0,5172000.0,206880000.0,252000.0,264000.0,0.9999435606060606,1.9019192160602953e-05,0.27403106060606064,0.0009935910841620522,0.9999348484848485,1.9625615381578366e-05,0.9999348484848485,1.9625615381578366e-05,2.482002969594329,0.01192961091619247,1.735744139282233,0.00803328636223664,0.0,0.0,17.091430222520945,0.10844293502883613,-1.7370379092065236,0.013737523624717956,1.7370379092065236,0.013737523624717956,2.2982570704483694,0.01098865952367121,1.3697876001277034,0.00797757313679379,3.106825509334227,0.011541817923512868,,,,,,,,,,,10,0.02467002771723226,1.0,1.0,1.0,1.0,1.0
40,3,10,f_zero,f_zero,0.0,all,1.3391093099256977,0.1202080610384398,0.841432255492775,0.0005214569691866373,0.8832241723716437,0.0005564395289178513,0.1949472329331358,0.0001247151953584659,0.8884462418174619,0.0006472430659927972,1200.0,0.0,0.0,0.0,-0.4354844236997003,0.00015192235593041614,0.43548457601617807,0.0001517575490617787,0.8465108797383927,0.0002739277764048206,0.8720885141372874,0.0007546200470420848,0.18724784039587017,0.0002673365401898233,0.8765986480491852,0.0008719957753856922,240.0,0.0,0.0,0.0,-0.4235621894344373,0.00028349698943043016,0.4235621894344373,0.00028349698943043016,0.841432255492775,0.0005214569691866373,0.8858813845896213,0.0006194364491384869,0.19687208106745216,0.00014516319092682472,0.8912585024599583,0.0007237614777514375,960.0,0.0,0.0,0.0,-0.4384649822660161,0.00017194339571623905,0.4384651726616132,0.00017169878208696384,0.8477680760852954,0.0002945990255153863,1201200.0,1200000.0,0.0,1200.0,0.0,1200000.0,48000000.0,0.0,0.0,0.0,0.0,0.0,0.0,0.0,0.0,0.0,0.0,0.0,0.0,0.0,0.0,0.0,0.0,,,,,,,,,,,,,,,,,,,,,,,10,0.0,0.0,0.0,0.0,0.0,0.0
40,3,10,raw,raw,1.0,all,6.270179879991337,0.24721865064010864,0.7114540176694655,0.01866881519627137,2.935275975778026,0.1424204503524224,0.432289119532882,0.006742129117669837,3.1304486011260453,0.1528082906857383,1200.0,0.0,0.0,0.0,-0.2849872021793953,0.002253698409411807,0.3271496172569755,0.0036610977292003194,0.6993411607470071,0.010365136746093934,2.668155243751675,0.4494213479455592,0.39081853268953165,0.027287855281155494,2.847885581182159,0.4836149086785278,240.0,0.0,0.0,0.0,-0.2960709481994645,0.006695146195837081,0.32714856947393656,0.007278247571406747,0.7114540176694655,0.01866881519627137,2.9896777013024827,0.13573831880296644,0.44265676624371963,0.00763633447733916,3.187570226586311,0.14564149743282837,960.0,0.0,0.0,0.0,-0.282216265674378,0.002850309929762687,0.32714987920273525,0.004673827523331164,0.6962410453361152,0.011689986263573683,5185200.0,4920000.0,264000.0,265200.0,252000.0,5172000.0,206880000.0,252000.0,264000.0,0.9999378787878788,1.9495211177380516e-05,0.27234583333333334,0.001012997819059978,0.9999378787878788,1.9495211177380516e-05,0.0,0.0,2.3939342376866164,0.010585169150483515,2.3939342376866164,0.010585169150483515,0.0,0.0,19.308438309365936,0.1267758341650671,-2.1179228098146665,0.01393082017184916,2.1179228098146665,0.01393082017184916,2.4773664672960356,0.011562946478139647,0.9889026995195602,0.007630503981407397,3.106825509334227,0.011541817923512868,,,,,,,,,,,10,0.027314708323586838,0.0,0.0,0.0,1.0,1.0
40,3,10,sample_ball,sample_ball,1.0,all,6.33943650003057,0.2640431206653295,0.7457469775954507,0.006540129328279131,1.229586957320532,0.010123790911033338,0.2524497879315216,0.001471107144660785,1.2859632380982355,0.011111637589687362,1200.0,0.0,0.0,0.0,-0.3563897085508986,0.0012502125738246817,0.35803595109142705,0.0013690881681255136,0.7337664691193603,0.002597738653540266,1.1770546862510904,0.029597106457137878,0.23686963388201118,0.0035220959602584472,1.2287852518086675,0.03267024984855659,240.0,0.0,0.0,0.0,-0.354007280931871,0.002696811377125668,0.3560833394386461,0.0028970275984417817,0.7457469775954507,0.006540129328279131,1.2418091854165376,0.011775573339468087,0.25634482644389933,0.0020380536952741652,1.2991815523384176,0.013002621404019159,960.0,0.0,0.0,0.0,-0.35698531545565554,0.0015101796842189044,0.35852410400462226,0.0016154534634984683,0.7307502969645722,0.0034680289088874303,5185200.0,4920000.0,264000.0,265200.0,252000.0,5172000.0,206880000.0,252000.0,264000.0,0.9999356060606062,1.996387411721609e-05,0.26997045454545454,0.0009511671284448676,0.26997045454545454,0.0009511671284448676,0.26997045454545454,0.0009511671284448676,2.303512144578045,0.010005550319271068,0.7577671383386522,0.005558850251096762,0.0,0.0,20.634169307273588,0.13128910307630784,-2.5202463332041316,0.012342106588486463,2.5202463332041316,0.012342106588486463,2.6188114477682696,0.011713597898369623,0.5865791761300949,0.003475801060661498,3.106825509334227,0.011541817923512868,,,,,,,,,,,10,0.002778193554927295,0.0,0.0,0.0,1.0,1.0
40,3,10,sample_box,sample_box,1.0,all,6.3808355199871585,0.29129361048426994,0.6874013041142112,0.010868808307175232,1.447099876349397,0.013814352145847473,0.2759761041353367,0.0018461098054926262,1.5274851107674956,0.01506077367910253,1200.0,0.0,0.0,0.0,-0.31402390872856956,0.0014877089087081976,0.3243714327439648,0.001324435294460547,0.6728922463222121,0.002487199969775818,1.3401782495461694,0.05266890652259971,0.25426350287905974,0.004626295461696929,1.412317720729763,0.05785554730113685,240.0,0.0,0.0,0.0,-0.3175849432559589,0.004925808900593171,0.3256181433807782,0.005418424479440754,0.6874013041142112,0.010868808307175232,1.471412130668533,0.019202574307263118,0.28140425444940587,0.0026933718775372633,1.5535080028449308,0.020869037053404423,960.0,0.0,0.0,0.0,-0.3131336500967222,0.0013526007520359954,0.3240597550847614,0.0016227190966093383,0.6692170139038358,0.0031461211618186843,5185200.0,4920000.0,264000.0,265200.0,252000.0,5172000.0,206880000.0,252000.0,264000.0,0.9999405303030302,2.0363151599589932e-05,0.2720026515151515,0.000999387709831261,0.9999405303030302,2.0363151599589932e-05,0.9999405303030302,2.0363151599589932e-05,2.353391247366546,0.010579571219335487,2.353391247366546,0.010579571219335487,0.0,0.0,18.037190371042264,0.11874932232191479,-2.198083711033665,0.01241922870125002,2.198083711033665,0.01241922870125002,2.4185912892601364,0.011423538691482117,0.9087417983005619,0.004754886624224166,3.106825509334227,0.011541817923512868,,,,,,,,,,,10,0.004321313884460127,0.0,1.0,0.0,1.0,1.0
40,3,10,z_only_box,z_only_box,1.0,all,6.437636569910683,0.2268557259116452,0.6872180748959146,0.011058906812988392,1.4769444215789764,0.018699413961401398,0.27836734862403983,0.0020460802218783603,1.5598739000794366,0.02032846698053179,1200.0,0.0,0.0,0.0,-0.31297044787442846,0.0014446791281957593,0.3242423223463672,0.0013006963710395479,0.6727941246084619,0.0024359971140705183,1.3661523042249484,0.0747367916485756,0.25599167870670336,0.005320293454617117,1.4406359318970303,0.08177240511560786,240.0,0.0,0.0,0.0,-0.3168550343476566,0.0049998659639700965,0.3254170802275753,0.005530685926163654,0.6872180748959146,0.011058906812988392,1.5019072918537826,0.02533011013167691,0.28396126610337397,0.0030279307029722757,1.586562239655653,0.027497414857681708,960.0,0.0,0.0,0.0,-0.3119993012561214,0.0013959122419655238,0.3239486328760651,0.001832460978870832,0.669138691899283,0.0033747324606592027,5185200.0,4920000.0,264000.0,265200.0,252000.0,5172000.0,206880000.0,252000.0,264000.0,0.9999405303030302,2.0363151599589932e-05,0.2720026515151515,0.000999387709831261,0.9999405303030302,2.0363151599589932e-05,0.9999405303030302,2.0363151599589932e-05,2.353391247366546,0.010579571219335487,2.353383758521889,0.010579792294644143,0.0,0.0,18.0449451651153,0.11873171229159266,-2.1976947252812113,0.012421687687398198,2.1976947252812113,0.012421687687398198,2.41898027501259,0.011421223373337551,0.9091307840530151,0.004762813295769864,3.106825509334227,0.011541817923512868,,,,,,,,,,,10,0.004664235906545572,0.0,1.0,0.6,1.0,1.0
40,3,10,z_zero,z_zero,0.0,all,6.345348110003397,0.26962787163585344,0.841432255492775,0.0005214569691866373,0.8832241723716437,0.0005564395289178513,0.1949472329331358,0.0001247151953584659,0.8884462418174619,0.0006472430659927972,1200.0,0.0,0.0,0.0,-0.4354844236997003,0.00015192235593041614,0.43548457601617807,0.0001517575490617787,0.8465108797383927,0.0002739277764048206,0.8720885141372874,0.0007546200470420848,0.18724784039587017,0.0002673365401898233,0.8765986480491852,0.0008719957753856922,240.0,0.0,0.0,0.0,-0.4235621894344373,0.00028349698943043016,0.4235621894344373,0.00028349698943043016,0.841432255492775,0.0005214569691866373,0.8858813845896213,0.0006194364491384869,0.19687208106745216,0.00014516319092682472,0.8912585024599583,0.0007237614777514375,960.0,0.0,0.0,0.0,-0.4384649822660161,0.00017194339571623905,0.4384651726616132,0.00017169878208696384,0.8477680760852954,0.0002945990255153863,5185200.0,4920000.0,264000.0,265200.0,252000.0,5172000.0,206880000.0,252000.0,264000.0,0.9999204545454546,2.6545197022252233e-05,0.2638106060606061,0.0009500824262513986,1.0,0.0,1.0,0.0,2.273731131014968,0.009874284296046849,4.129504258399221,0.015735716722623146,0.0,0.0,27.003547152383156,0.1416541779972741,-3.106825509334227,0.011541817923512868,3.106825509334227,0.011541817923512868,3.106825509334227,0.011541817923512868,0.0,0.0,3.106825509334227,0.011541817923512868,,,,,,,,,,,10,0.0,0.0,0.0,0.0,0.0,0.0
40,3,16,f_zero,f_zero,0.0,all,5.638621320016682,0.07852459646260068,0.8416904839382628,0.0003278896613010901,0.8732412961385065,0.00026809243226880847,0.19240926233350442,8.601143111566213e-05,0.8770845842620826,0.000317059782502075,1200.0,0.0,0.0,0.0,-0.43544487324031794,6.074697724526069e-05,0.43544487324031794,6.074697724526069e-05,0.8463902145467348,0.00016659091553313215,0.8622025506937334,0.0006108429168086239,0.1848045301754852,0.00018671393255806823,0.8652402338169389,0.0007085073587002038,240.0,0.0,0.0,0.0,-0.4237673013179126,0.00015863923927858417,0.4237673013179126,0.00015863923927858417,0.8416904839382628,0.0003278896613010901,0.8758753730103963,0.00022956494787802642,0.1943104453730092,7.73819444790838e-05,0.879895843578075,0.0002678034610263071,960.0,0.0,0.0,0.0,-0.43836426622091934,7.793483172072959e-05,0.43836426622091934,7.793483172072959e-05,0.8475539536111285,0.00021476721026701697,4916400.0,4915200.0,0.0,1200.0,0.0,4915200.0,196608000.0,0.0,0.0,0.0,0.0,0.0,0.0,0.0,0.0,0.0,0.0,0.0,0.0,0.0,0.0,0.0,0.0,,,,,,,,,,,,,,,,,,,,,,,5,0.0,0.0,0.0,0.0,0.0,0.0
40,3,16,raw,raw,1.0,all,25.883002379955723,0.1686327899650417,0.6828648671197048,0.008680595629565174,1.945849095107831,0.05426097166026093,0.3329246347609746,0.005265821331973061,2.0666108499111764,0.05849082283900508,1200.0,0.0,0.0,0.0,-0.29246105916215265,0.0023391328160568053,0.3179532796163397,0.0009260522640610382,0.6783186471899615,0.0035202947954841215,1.735660055372086,0.11195912709416307,0.30222458005223796,0.009667962897838623,1.8424201631860413,0.12155133709513767,240.0,0.0,0.0,0.0,-0.29914507981830746,0.004396771209618415,0.31490232594184003,0.0036950100959774546,0.6828648671197048,0.008680595629565174,1.9925974943735028,0.05588590839308232,0.34059964843815876,0.005734304240945235,2.116199567687292,0.060217618150677,960.0,0.0,0.0,0.0,-0.290790053998114,0.00254296554491574,0.3187160180349645,0.0014301787758606893,0.6771637878379059,0.005603860960924597,20622000.0,19968000.0,652800.0,654000.0,633600.0,20601600.0,824064000.0,633600.0,652800.0,0.9991994485294118,3.838225707739201e-05,0.21371568627450982,0.0004176013499069798,0.9991994485294118,3.838225707739201e-05,0.0,0.0,1.3172297811032467,0.0030982509901485984,1.3172297811032467,0.0030982509901485984,0.0,0.0,18.4920760666923,0.03413112483202727,-2.102145905943896,0.005924148565950494,2.102145905943896,0.005924148565950494,2.406375287110345,0.003273863709045956,0.9837742660382339,0.00308370155634448,3.0859201719821305,0.003670018253475326,,,,,,,,,,,5,0.009602734680256837,0.0,0.0,0.0,1.0,1.0
40,3,16,sample_box,sample_box,1.0,all,26.07927370001562,0.3100148970514683,0.6850173409017848,0.006343865288828546,1.1895985144682766,0.015750580370048242,0.23802176688691667,0.0016140786635950295,1.2470930704256566,0.017309906391145068,1200.0,0.0,0.0,0.0,-0.31552663600747344,0.001236227128786919,0.3248347172913101,0.0011188352245920816,0.6733811782664353,0.0016905340807121226,1.0821311655805423,0.02450831699382073,0.21718254098717601,0.004453997140000737,1.1297395382299853,0.027552789330176665,240.0,0.0,0.0,0.0,-0.31844137295777497,0.0026428486672818922,0.32510291529221075,0.002921775086588164,0.6850173409017848,0.006343865288828546,1.2139508419665523,0.019820871285864478,0.24323157336185183,0.002141091543855213,1.2734901590165089,0.021716694067767838,960.0,0.0,0.0,0.0,-0.3147979517698981,0.0014084450312230763,0.32476766779108496,0.0011413527346244847,0.6704530464135109,0.001632856233546018,20622000.0,19968000.0,652800.0,654000.0,633600.0,20601600.0,824064000.0,633600.0,652800.0,0.99921875,4.473983414987669e-05,0.2133406862745098,0.0003967279049300083,0.99921875,4.473983414987669e-05,0.99921875,4.473983414987669e-05,1.3047131543478234,0.002930335251329473,1.3047131543478234,0.002930335251329473,0.0,0.0,17.823077266021475,0.03633878042525153,-2.179695455838062,0.005514545317261254,2.179695455838062,0.005514545317261254,2.3902959489154614,0.003705269340263758,0.9062247161440679,0.002338729033742944,3.0859201719821305,0.003670018253475326,,,,,,,,,,,5,0.002164207055535514,1.0,1.0,0.0,1.0,1.0
40,3,16,z_zero,z_zero,0.0,all,26.25914818001911,0.21666101549776248,0.8416904839382628,0.0003278896613010901,0.8732412961385065,0.00026809243226880847,0.19240926233350442,8.601143111566213e-05,0.8770845842620826,0.000317059782502075,1200.0,0.0,0.0,0.0,-0.43544487324031794,6.074697724526069e-05,0.43544487324031794,6.074697724526069e-05,0.8463902145467348,0.00016659091553313215,0.8622025506937334,0.0006108429168086239,0.1848045301754852,0.00018671393255806823,0.8652402338169389,0.0007085073587002038,240.0,0.0,0.0,0.0,-0.4237673013179126,0.00015863923927858417,0.4237673013179126,0.00015863923927858417,0.8416904839382628,0.0003278896613010901,0.8758753730103963,0.00022956494787802642,0.1943104453730092,7.73819444790838e-05,0.879895843578075,0.0002678034610263071,960.0,0.0,0.0,0.0,-0.43836426622091934,7.793483172072959e-05,0.43836426622091934,7.793483172072959e-05,0.8475539536111285,0.00021476721026701697,20622000.0,19968000.0,652800.0,654000.0,633600.0,20601600.0,824064000.0,633600.0,652800.0,0.9985101102941176,4.398073714903235e-05,0.20862714460784315,0.0003973381483908445,1.0,0.0,1.0,0.0,1.2763046022159419,0.0026630878533180054,2.73952291985172,0.005566724210895832,0.0,0.0,26.831912783549477,0.05366490135249085,-3.0859201719821305,0.003670018253475326,3.0859201719821305,0.003670018253475326,3.0859201719821305,0.003670018253475326,0.0,0.0,3.0859201719821305,0.003670018253475326,,,,,,,,,,,5,0.0,0.0,0.0,0.0,0.0,0.0
40,4,2,batch_box,batch_box,1.0,all,0.3631184999831021,0.015246611720433824,0.7994474289867691,0.0076550857444225625,2.002346685667267,0.03067889621816614,0.3864985561539629,0.002833200905629108,2.121429253371452,0.033288394532317654,1200.0,0.0,0.0,0.0,-0.40134644580083567,0.002711101985154161,0.4025524199699689,0.002698095392572869,0.7990866814812924,0.003511245006208593,2.081473200417541,0.08187081547857467,0.38334230562306926,0.006851542795760487,2.210651547538202,0.08835253913560168,240.0,0.0,0.0,0.0,-0.3915668573925678,0.005706485349128458,0.3939980893647065,0.00540785870530533,0.7994474289867691,0.0076550857444225625,1.9824793997505907,0.03701749848648424,0.3872876187866863,0.004590871323023156,2.099112531396963,0.0399960545047655,960.0,0.0,0.0,0.0,-0.40379134290290264,0.00382683698557674,0.40469100262128455,0.0038716747924388904,0.798983464946878,0.005282127166747438,260400.0,192000.0,67200.0,68400.0,55200.0,247200.0,9888000.0,55200.0,67200.0,1.0,0.0,0.35257440476190477,0.0036724309205501664,1.0,0.0,1.0,0.0,12.862833716340635,0.19482649183787215,12.862833716340635,0.19482649183787215,0.0,0.0,20.327093691678314,0.3452759404180432,-2.477406661832384,0.03232176094943843,2.477406661832384,0.03232176094943843,2.510965210605908,0.03347339867832395,0.2939672469498164,0.003920478436254125,2.7713739087822007,0.036165094242395154,0.5832169599954569,0.0036130157653044797,0.5483,0.015368799562750507,0.10190000000000002,0.0005477225575051592,0.9995,0.0,0.5661904761904761,0.0027008917184104682,5,0.005996665872764482,0.0,1.0,0.0,1.0,1.0
40,4,2,box_factor_a0.75,box_factor,0.75,all,0.3202219200786203,0.011966378618282092,0.7692134761289403,0.01490893883017032,4.094291260610165,0.10963291941563193,0.6537202411240844,0.008886746439669349,4.373315153364699,0.11758629345929157,1200.0,0.0,0.0,0.0,-0.32126431440522357,0.0025762826508284094,0.34700241237727913,0.0026536282425414373,0.7387012053186185,0.005029617830714507,4.312046379479133,0.26707303059100995,0.65183872038971,0.03475695924381969,4.614790393053757,0.2870307161355644,240.0,0.0,0.0,0.0,-0.32018541846554366,0.012812121033230288,0.3454685822033131,0.007526022738105608,0.7692134761289403,0.01490893883017032,4.037102302088158,0.16949758768447845,0.6541906213076779,0.016371946404983125,4.310212637276749,0.18166208888264795,960.0,0.0,0.0,0.0,-0.32153403839014355,0.002956287255376443,0.34738586992077064,0.004801572504838671,0.7309003578002877,0.0039651026296370195,260400.0,192000.0,67200.0,68400.0,55200.0,247200.0,9888000.0,55200.0,67200.0,1.0,0.0,0.35516369047619045,0.003728977829369248,1.0,0.0,1.0,0.0,14.210467188795002,0.24983718260273613,15.04149665854943,0.2611788064333669,0.0,0.0,16.55233079338342,0.3101488827855444,-2.0470689264816775,0.026160316927465798,2.0470689264816775,0.026160316927465798,2.2141713546284443,0.032789299236094645,0.724304982300523,0.010319421150177267,2.7713739087822007,0.036165094242395154,,,,,,,,,,,5,0.044149119937695144,1.0,1.0,1.0,1.0,1.0
40,4,2,f_zero,f_zero,0.0,all,0.016123139997944236,0.0016173517812811007,0.8422716914562391,0.0046399819557986464,1.496025662254129,0.0018406804404641926,0.3075303494137162,0.0005503657141553165,1.5682207990003334,0.0022410548058367855,1200.0,0.0,0.0,0.0,-0.43505102369615634,0.0018027380678878075,0.43524915572589756,0.001834236695722685,0.8482969633304691,0.0035712723328356916,1.5030618456191467,0.02244300911721473,0.3001178325108792,0.004221962678027257,1.5785628754776284,0.02449650544720022,240.0,0.0,0.0,0.0,-0.4222272928525145,0.0026955941648870558,0.4225830372090841,0.0028520087338283185,0.8422716914562391,0.0046399819557986464,1.4942918436180324,0.004470560304260577,0.3093834786394255,0.00046139262921109493,1.5656943989134882,0.0047631183801042165,960.0,0.0,0.0,0.0,-0.43825695640706674,0.0022111761529798736,0.43841568535510084,0.002282401757677183,0.8497838795671748,0.004276112163911465,20400.0,19200.0,0.0,1200.0,0.0,19200.0,768000.0,0.0,0.0,0.0,0.0,0.0,0.0,0.0,0.0,0.0,0.0,0.0,0.0,0.0,0.0,0.0,0.0,,,,,,,,,,,,,,,,,,,,,,,5,0.0,0.0,1.0,0.0,0.0,0.0
40,4,2,raw,raw,1.0,all,0.30101834000088273,0.038184224948041856,115.91572336991422,201.0141488719964,2886.889235146292,1302.232043396729,42.03148683598388,14.468933712080561,3088.4603853406898,1393.404628975914,1200.0,0.0,0.0,0.0,7.105978482100153,2.1445569064388432,8.482723796170111,2.3851233807899437,256.30113448046393,101.19285044064253,1585.1027134181138,2351.2674653994573,29.453374305302287,36.24611020380397,1699.2816183017271,2520.4579619421497,240.0,0.0,0.0,0.0,3.9018464970755105,8.554647665857246,5.759538459681508,7.91987116515735,115.91572336991422,201.0141488719964,2862.6545572356154,1642.6661710969015,45.17601496865427,18.63714398880609,3061.136547976598,1756.6196260564484,960.0,0.0,0.0,0.0,7.907011478356313,3.8851591300588253,9.16352013029226,3.94020315670838,248.35398270860165,154.8789803138346,260400.0,192000.0,67200.0,68400.0,55200.0,247200.0,9888000.0,55200.0,67200.0,1.0,0.0,0.3594791666666667,0.0034896229944948692,1.0,0.0,0.0,0.0,66.88856515363008,19.318559300801997,66.88856515363008,19.318559300801997,0.0,0.0,49790.5569957527,40734.89778501471,0.012256017137929764,0.6912210177584671,0.5728158679676771,0.26043566305654736,4.4928846659945965,0.7983952395736258,2.7836299259201303,0.7127430005612997,2.7713739087822007,0.036165094242395154,,,,,,,,,,,5,27303.089910269846,0.0,0.0,0.0,0.0,0.0
40,4,2,sample_ball,sample_ball,1.0,all,0.3103270599618554,0.007742802917515579,0.8141318443716654,0.015075764536260243,2.58385809312295,0.07900729636607882,0.4621693315318077,0.005729461942910008,2.7481473637944527,0.08466305124735611,1200.0,0.0,0.0,0.0,-0.39238074076457075,0.00217939099044317,0.3993836031000495,0.0026639951083839873,0.8144811529168207,0.010753751343446612,2.565733204049849,0.07383932939403472,0.4513281932320279,0.011834783318434995,2.733452608874196,0.0796576472499899,240.0,0.0,0.0,0.0,-0.38372504498739046,0.0074512486476339965,0.39320518156163475,0.007043410877302792,0.8141318443716654,0.015075764536260243,2.588177397970004,0.08103749928308306,0.46487961610675266,0.004673943630572936,2.751630999533062,0.08669128336489816,960.0,0.0,0.0,0.0,-0.39454466470886584,0.0025287201086272026,0.40092820848465316,0.0026345541614169834,0.814513088971059,0.014127012349683546,260400.0,192000.0,67200.0,68400.0,55200.0,247200.0,9888000.0,55200.0,67200.0,1.0,0.0,0.3573154761904762,0.0036613282247473086,0.3573154761904762,0.0036613282247473086,0.3573154761904762,0.0036613282247473086,13.01447319402954,0.21462998142910422,8.683547995446423,0.15987494106315267,0.0,0.0,20.67066273536588,0.34292115707450965,-2.4776591986292305,0.03148112561990334,2.4776591986292305,0.03148112561990334,2.5262826891517567,0.032790859301563155,0.2937147101529705,0.005347129996220927,2.7713739087822007,0.036165094242395154,,,,,,,,,,,5,0.01941162664136835,0.0,1.0,0.0,1.0,1.0
40,4,2,sample_box,sample_box,1.0,all,0.3121241200249642,0.029867614710157066,0.8102869445739731,0.026761514126305258,6.002025267295275,0.12445228803858381,0.8942180320498097,0.013091512848444412,6.417649835447506,0.1334345074794347,1200.0,0.0,0.0,0.0,-0.26500510288453166,0.00401402117984036,0.34328905035901247,0.0031266701273637136,0.7698516153332327,0.012578470383774014,6.243232390171771,0.547120904099483,0.8841402645929455,0.06538209687712575,6.688139296008269,0.5870576807634654,240.0,0.0,0.0,0.0,-0.27278091181550895,0.01897770747583711,0.34296795821514736,0.01111448401073992,0.8102869445739731,0.026761514126305258,5.934632404411185,0.2546108560982887,0.8967374739140258,0.027991162012859123,6.342704428981993,0.27272725631861644,960.0,0.0,0.0,0.0,-0.26306115065178737,0.003965338738421606,0.3433693233949787,0.006230520464520382,0.759430472430128,0.009756355228315753,260400.0,192000.0,67200.0,68400.0,55200.0,247200.0,9888000.0,55200.0,67200.0,1.0,0.0,0.35609523809523813,0.0036050562191137225,1.0,0.0,1.0,0.0,15.496464033610545,0.29637247200206235,15.496464033610545,0.29637247200206235,0.0,0.0,15.515238970092671,0.30168705169071003,-1.833711510259855,0.023075140850874254,1.833711510259855,0.023075140850874254,2.1232762855108147,0.032006756791295256,0.9376623985223451,0.013609666329472806,2.7713739087822007,0.036165094242395154,,,,,,,,,,,5,0.10027621033163728,0.0,1.0,0.0,1.0,1.0
40,4,2,shrink_c0.1,shrink,0.1,all,0.30357736004516483,0.0070301821661442904,0.834072142022148,0.0034807194235107466,1.5608954119366216,0.007856815528394179,0.31864298651693407,0.000837513669463823,1.6397520873701048,0.008408562826852045,1200.0,0.0,0.0,0.0,-0.42795755465383206,0.00148058033822829,0.42825497652638533,0.001531673587565133,0.8390346517652867,0.002792959110052339,1.566875791016068,0.018697225145902992,0.311683489524783,0.0036902833979529097,1.6490159522527594,0.020264561645517633,240.0,0.0,0.0,0.0,-0.4157816666252806,0.0028553637282128937,0.41623054556100547,0.0031498935508473837,0.834072142022148,0.0034807194235107466,1.5594248663135393,0.010240684966559043,0.32038286076497186,0.001180484938939558,1.6374953583829281,0.010905549239308105,960.0,0.0,0.0,0.0,-0.43100152666096997,0.002075287017548592,0.43126108426773035,0.0021465707879368217,0.8402599816914023,0.003673030027289183,260400.0,192000.0,67200.0,68400.0,55200.0,247200.0,9888000.0,55200.0,67200.0,1.0,0.0,0.3507113095238095,0.0038792419498091275,1.0,0.0,1.0,0.0,12.562951419738221,0.19430226751481733,13.206956835132871,0.19564622291326786,0.0,0.0,22.657115166031144,0.37332307254833785,-2.6798779597486497,0.034482252049699444,2.6798779597486497,0.034482252049699444,2.6837176272850134,0.03443420022417878,0.0914959490335504,0.002106027125794319,2.7713739087822007,0.036165094242395154,,,,,,,,,,,5,0.000911647018362467,0.0,1.0,0.0,1.0,1.0
40,4,2,z_only_box,z_only_box,1.0,all,0.3171256800647825,0.01597469809453943,0.9132694199415703,0.06630570123601362,8.360693217900728,0.8624695689326992,1.0107703144030669,0.01984753926553018,8.942825120131737,0.9232698302398727,1200.0,0.0,0.0,0.0,-0.25399518154345235,0.005474726398825076,0.36080365791149244,0.004824518968591089,0.8707733267932326,0.04658077723522641,8.93756915427595,2.2517497290605375,1.0030415977520033,0.09830989628835006,9.578147548944326,2.41663719975766,240.0,0.0,0.0,0.0,-0.2656769904007928,0.025893037828839352,0.36254882036157177,0.012007573836314048,0.9132694199415703,0.06630570123601362,8.17050695367287,0.7958373287788081,1.0127024935658326,0.03225239294771524,8.735286448950529,0.8510412018460276,960.0,0.0,0.0,0.0,-0.25107472932911723,0.008047230060949475,0.3603673672989726,0.008559886103129558,0.8583355830774231,0.07036296626057123,260400.0,192000.0,67200.0,68400.0,55200.0,247200.0,9888000.0,55200.0,67200.0,1.0,0.0,0.35609523809523813,0.0036050562191137225,1.0,0.0,1.0,0.0,15.751156844326928,0.36082201654669604,15.750469536598791,0.36076509006897717,0.0,0.0,15.75811629672375,0.29159053386348005,-1.8257215977216235,0.023192059480003184,1.8257215977216235,0.023192059480003184,2.1329574606394286,0.031988683049292296,0.945652311060577,0.013757334433355518,2.7713739087822007,0.036165094242395154,,,,,,,,,,,5,0.16916875520207825,0.0,1.0,0.0,0.8,0.8
40,4,2,z_zero,z_zero,0.0,all,0.3048733199946582,0.007706460461857571,0.8422716914562391,0.0046399819557986464,1.496025662254129,0.0018406804404641926,0.3075303494137162,0.0005503657141553165,1.5682207990003334,0.0022410548058367855,1200.0,0.0,0.0,0.0,-0.43505102369615634,0.0018027380678878075,0.43524915572589756,0.001834236695722685,0.8482969633304691,0.0035712723328356916,1.5030618456191467,0.02244300911721473,0.3001178325108792,0.004221962678027257,1.5785628754776284,0.02449650544720022,240.0,0.0,0.0,0.0,-0.4222272928525145,0.0026955941648870558,0.4225830372090841,0.0028520087338283185,0.8422716914562391,0.0046399819557986464,1.4942918436180324,0.004470560304260577,0.3093834786394255,0.00046139262921109493,1.5656943989134882,0.0047631183801042165,960.0,0.0,0.0,0.0,-0.43825695640706674,0.0022111761529798736,0.43841568535510084,0.002282401757677183,0.8497838795671748,0.004276112163911465,260400.0,192000.0,67200.0,68400.0,55200.0,247200.0,9888000.0,55200.0,67200.0,1.0,0.0,0.3464285714285714,0.00403434392997115,1.0,0.0,1.0,0.0,12.508275610714104,0.18949739959764528,16.23199701976558,0.23634892854415315,0.0,0.0,23.965393391042415,0.39648072046771443,-2.7713739087822007,0.036165094242395154,2.7713739087822007,0.036165094242395154,2.7713739087822007,0.036165094242395154,0.0,0.0,2.7713739087822007,0.036165094242395154,,,,,,,,,,,5,0.0,0.0,1.0,0.0,0.0,0.0
40,4,3,batch_box,batch_box,1.0,all,0.9046467401087284,0.02327731744159872,0.792111038735909,0.006893202983331934,1.2766333393943055,0.017931544781339796,0.26197699628075444,0.0016935394764165626,1.3325977755030496,0.01983673764447661,1200.0,0.0,0.0,0.0,-0.4014874061319628,0.0010605236320676203,0.4017935381547567,0.0011296474132123228,0.7920516708464523,0.002817869100271307,1.2838995676580802,0.01597370837541045,0.25524830019200495,0.0029113970206617453,1.3422594646970019,0.017844049718253284,240.0,0.0,0.0,0.0,-0.3915774268078081,0.002406387844235439,0.39236408995311606,0.002732772902316361,0.792111038735909,0.006893202983331934,1.2748663904471016,0.019484308847960628,0.2636591703029418,0.0021992164365585176,1.330260067449568,0.021462210365167423,960.0,0.0,0.0,0.0,-0.40396490096300147,0.0011538963860025764,0.404150900205167,0.0011886673457009664,0.792032353274663,0.0026731294672779292,1099200.0,907200.0,190800.0,192000.0,165600.0,1072800.0,42912000.0,165600.0,190800.0,1.0,0.0,0.32213312368972746,0.0020197892590419503,1.0,0.0,1.0,0.0,8.040393333957834,0.033889682753095236,8.040393333957834,0.033889682753095236,0.0,0.0,20.051300088010287,0.19922911461116363,-2.4491414170816044,0.020881288189860386,2.4491414170816044,0.020881288189860386,2.473986066340932,0.02114499251992481,0.27019233842821955,0.0028589542362421616,2.7193337555098243,0.023034974666014306,0.5935437661386629,0.002294502671515467,0.5769,0.01137101578575991,0.1127,0.00044721359549995774,0.9995,0.0,0.5636619047619048,0.002911603963749745,5,0.0023135133153700787,0.0,1.0,0.0,1.0,1.0
40,4,3,box_factor_a0.9,box_factor,0.9,all,0.8630928200203926,0.025668000573781314,0.6859279914915819,0.022831520437882336,3.4655110398646145,0.1545588828144663,0.5493067841593096,0.013389957212843561,3.7006247812666606,0.16595151188174953,1200.0,0.0,0.0,0.0,-0.2859054945393896,0.004026470320469945,0.310322637994138,0.002602249927570603,0.666314913012785,0.009705604725825262,3.554988476429254,0.4003715371887377,0.5425248953326007,0.04239572849469826,3.803171245627694,0.4302575364560082,240.0,0.0,0.0,0.0,-0.291747149008693,0.00891359108035201,0.3115626873577584,0.006919836098967443,0.6859279914915819,0.022831520437882336,3.4394469404554244,0.1649181396038935,0.5510022563659869,0.014014926878461485,3.6711386199262854,0.17694248274512586,960.0,0.0,0.0,0.0,-0.2844450809220638,0.005286088109924275,0.31001262565323284,0.0037901483585413877,0.6612843284421838,0.009931338590200546,1099200.0,907200.0,190800.0,192000.0,165600.0,1072800.0,42912000.0,165600.0,190800.0,1.0,0.0,0.32737945492662474,0.001967214404709647,1.0,0.0,1.0,0.0,8.853369382484344,0.04185133804819329,9.10158200271447,0.04312049445635234,0.0,0.0,15.231109240079585,0.14860987635775882,-1.8750817168646172,0.01732728046620759,1.8750817168646172,0.01732728046620759,2.0881154833882483,0.017372260068559357,0.8442520386452067,0.00832651842103011,2.7193337555098243,0.023034974666014306,,,,,,,,,,,5,0.031145254994418607,0.0,1.0,0.0,1.0,1.0
40,4,3,f_zero,f_zero,0.0,all,0.05103942002169788,0.002333766612014628,0.8422074695286227,0.0017493591613414008,1.0255362369244687,0.001909517514583232,0.2239129249178869,0.0007053557822559823,1.0489749356178395,0.002127027166421329,1200.0,0.0,0.0,0.0,-0.4357811846727067,0.0004525345729261185,0.4357855096796436,0.00044689493923571257,0.8473313834626524,0.0008108813071591867,1.0158495193164572,0.004100208482069009,0.2151340389434091,0.0009886574272012594,1.0394171711665499,0.004797890083573831,240.0,0.0,0.0,0.0,-0.4236963237665405,0.0008699142254669479,0.42369923838398316,0.0008685234659574682,0.8422074695286227,0.0017493591613414008,1.0278506456469743,0.0021787333513933354,0.22610764641150632,0.0007700853917804877,1.0512475379646116,0.002399441573019567,960.0,0.0,0.0,0.0,-0.4388023998992482,0.0003746584292023823,0.4388070775035587,0.00036830636694269156,0.8485996087472888,0.0006604855107886404,98400.0,97200.0,0.0,1200.0,0.0,97200.0,3888000.0,0.0,0.0,0.0,0.0,0.0,0.0,0.0,0.0,0.0,0.0,0.0,0.0,0.0,0.0,0.0,0.0,,,,,,,,,,,,,,,,,,,,,,,5,0.0,0.0,1.0,0.0,0.0,0.0
40,4,3,raw,raw,1.0,all,0.8123845999594778,0.01680991991786068,12.947308405949347,7.733920673986419,1043.2557222639894,902.9272412918349,18.426380738319786,13.136486222223503,1115.909644745177,966.1077902718424,1200.0,0.0,0.0,0.0,1.4817688413812138,1.7061698888070005,4.322543481372833,3.0516614385979377,104.67203391968106,74.62360337404364,157.35203247035406,71.02162142752306,6.927510067763928,2.1086156107784144,168.67283438892338,76.11954624006492,240.0,0.0,0.0,0.0,0.03353809137308141,0.6105049326371613,1.4976027101849225,0.590776054393689,12.947308405949347,7.733920673986419,1158.3879988147223,1006.5023744556133,21.301098405958744,16.339133651387183,1238.480939911182,1076.4307216432128,960.0,0.0,0.0,0.0,1.8438265288832476,2.269863798702152,5.028778674169809,3.8178858076642515,116.72141987613152,83.39027673673986,1099200.0,907200.0,190800.0,192000.0,165600.0,1072800.0,42912000.0,165600.0,190800.0,1.0,0.0,0.3298553459119497,0.0019543279528012577,1.0,0.0,0.0,0.0,29.94818516344422,21.82769859553226,29.94818516344422,21.82769859553226,0.0,0.0,7877.6410654987,12322.132994218166,-1.3709325909638101,0.13773018535731854,1.3709325909638101,0.13773018535731854,2.8093279959850554,0.3338403038049401,1.3484011645460137,0.13524453948467238,2.7193337555098243,0.023034974666014306,,,,,,,,,,,5,5664.042429435058,0.0,0.0,0.0,0.0,0.0
40,4,3,sample_ball,sample_ball,1.0,all,0.8402894800528884,0.04575322641836416,0.7784130686616125,0.016016026757824868,1.9353554023784647,0.08134786709599852,0.3529741586680339,0.007777626182222028,2.050630156794454,0.08800097008140294,1200.0,0.0,0.0,0.0,-0.37421476092547623,0.0032084194704480166,0.37788817210763226,0.0020275855925967327,0.7686378198088453,0.006254064064170601,1.9125737570972405,0.19356459793495523,0.34226102272169107,0.02069364576247367,2.0287218915632956,0.20887271401229351,240.0,0.0,0.0,0.0,-0.3690676582861224,0.0024702853975303854,0.37205458794246304,0.003163589235641057,0.7784130686616125,0.016016026757824868,1.939808060700011,0.06311356822153269,0.3556524426546196,0.006451300336207309,2.054761049926251,0.0685240681868787,960.0,0.0,0.0,0.0,-0.3755015365853147,0.004068295708209659,0.3793465681489246,0.0028826778939259378,0.7661499344878586,0.0078024258676806235,1099200.0,907200.0,190800.0,192000.0,165600.0,1072800.0,42912000.0,165600.0,190800.0,1.0,0.0,0.3264538784067086,0.002063491139808121,0.3264538784067086,0.002063491139808121,0.3264538784067086,0.002063491139808121,8.140847154860356,0.037201255172579654,4.876198364612835,0.018634201988101166,0.0,0.0,19.34834814772435,0.1938326758662476,-2.351647740209797,0.020166445670179493,2.351647740209797,0.020166445670179493,2.4071837783762295,0.021088703860143033,0.36768601530002704,0.003552608572936176,2.7193337555098243,0.023034974666014306,,,,,,,,,,,5,0.00975768166258718,0.0,1.0,0.0,1.0,1.0
40,4,3,sample_box,sample_box,1.0,all,0.8565008200705051,0.05444103067494164,0.679963594106925,0.02781860588951705,4.085832436325026,0.17541571589177452,0.6299176621256113,0.01574240904722937,4.366030359949417,0.18819243149692716,1200.0,0.0,0.0,0.0,-0.26185723043584375,0.0047861181094408295,0.3021651296339836,0.0032267051659730615,0.6616984936558469,0.012127467935891837,4.157719453722325,0.4631675590955844,0.619179159127942,0.050060042293622944,4.451074259596133,0.4973461396242899,240.0,0.0,0.0,0.0,-0.2714515592171046,0.010490915399253939,0.3026840248961168,0.0060391300298938575,0.679963594106925,0.02781860588951705,4.063626705266272,0.18608904309793262,0.6326022878750286,0.016451750323853122,4.340351254193732,0.19952989947756736,960.0,0.0,0.0,0.0,-0.2594586482405285,0.006321181673192083,0.30203540581845034,0.00432083434162004,0.6569887786518898,0.011963457392601937,1099200.0,907200.0,190800.0,192000.0,165600.0,1072800.0,42912000.0,165600.0,190800.0,1.0,0.0,0.327916142557652,0.0020073566841459127,1.0,0.0,1.0,0.0,9.060173533116131,0.045049725986001904,9.060173533116131,0.045049725986001904,0.0,0.0,14.858335033554535,0.14419346252478016,-1.7962811103629015,0.016855624023502186,1.7962811103629015,0.016855624023502186,2.0541831900136245,0.016885734724624152,0.9230526451469228,0.0090469448607506,2.7193337555098243,0.023034974666014306,,,,,,,,,,,5,0.04382911733603081,1.0,1.0,0.0,1.0,1.0
40,4,3,shrink_c0.25,shrink,0.25,all,0.8518004400189966,0.08621843842670912,0.8366343991595,0.030472982725146067,1.3796399051799906,0.09962008457225931,0.26548777837499404,0.0035574045964346596,1.442981454180604,0.10841121290185493,1200.0,0.0,0.0,0.0,-0.4156033577796464,0.0026268710984406252,0.4158319542522199,0.002628098340360325,0.8209985885606679,0.008954754360557513,1.45086662155973,0.3541719919840825,0.25969334659635634,0.014016165212877163,1.5208091556703764,0.38473367576693795,240.0,0.0,0.0,0.0,-0.41018584876836384,0.006353804236491248,0.41042567488713494,0.006796674246850622,0.8366343991595,0.030472982725146067,1.3561198918312,0.044328414954402824,0.2669363863196535,0.0018499444323602033,1.4171820312439283,0.04861988898373245,960.0,0.0,0.0,0.0,-0.416957735032467,0.002390306951226262,0.41718352409349124,0.0022727861038183417,0.8169895110750527,0.005249865767318958,1099200.0,907200.0,190800.0,192000.0,165600.0,1072800.0,42912000.0,165600.0,190800.0,1.0,0.0,0.3223930817610063,0.002010187313192161,1.0,0.0,1.0,0.0,8.046165039659053,0.03562754859830208,6.254071351478773,0.029087085312953592,0.0,0.0,20.394447483227204,0.21333138913963406,-2.480596049749621,0.021372391375872202,2.480596049749621,0.021372391375872202,2.500176495024038,0.022084486287370808,0.238737705760203,0.0019916868603696704,2.7193337555098243,0.023034974666014306,,,,,,,,,,,5,0.003442646602123077,0.0,1.0,0.0,1.0,1.0
40,4,3,z_only_box,z_only_box,1.0,all,0.8640429200604558,0.06730937032211701,0.7131467411009516,0.055312072015972095,4.734661294741661,0.4157360895052182,0.6759797128618237,0.028461979242285978,5.06075748809326,0.4451785430068147,1200.0,0.0,0.0,0.0,-0.2542130382424646,0.007634270271370341,0.31132487589545754,0.004960128363336324,0.7000674717899095,0.03237371729508431,4.962214492968824,0.9003017704720545,0.6733260219600435,0.07196967786801955,5.314405435194994,0.9661450855231776,240.0,0.0,0.0,0.0,-0.264302679005051,0.01532023916196275,0.3129156400970062,0.008598549222129695,0.7131467411009516,0.055312072015972095,4.667890298554253,0.3753445198490154,0.6766431355872686,0.026523295853071505,4.986984177937611,0.4017705207247685,960.0,0.0,0.0,0.0,-0.25169062805181797,0.008742233679432467,0.3109271848450704,0.0052002064220866735,0.6965694840052788,0.030231117992414385,1099200.0,907200.0,190800.0,192000.0,165600.0,1072800.0,42912000.0,165600.0,190800.0,1.0,0.0,0.327916142557652,0.0020073566841459127,1.0,0.0,1.0,0.0,9.09143710907409,0.04308380229316431,9.091313624171589,0.04308043316579995,0.0,0.0,14.930904481620075,0.14219412834371525,-1.793186487865786,0.016925495527465598,1.793186487865786,0.016925495527465598,2.0577177672640063,0.0168156887846822,0.9261472676440381,0.00917784759309262,2.7193337555098243,0.023034974666014306,,,,,,,,,,,5,0.06587037782150763,0.0,1.0,0.0,1.0,1.0
40,4,3,z_zero,z_zero,0.0,all,0.9004899599589408,0.03460097953473369,0.8422074695286227,0.0017493591613414008,1.0255362369244687,0.001909517514583232,0.2239129249178869,0.0007053557822559823,1.0489749356178395,0.002127027166421329,1200.0,0.0,0.0,0.0,-0.4357811846727067,0.0004525345729261185,0.4357855096796436,0.00044689493923571257,0.8473313834626524,0.0008108813071591867,1.0158495193164572,0.004100208482069009,0.2151340389434091,0.0009886574272012594,1.0394171711665499,0.004797890083573831,240.0,0.0,0.0,0.0,-0.4236963237665405,0.0008699142254669479,0.42369923838398316,0.0008685234659574682,0.8422074695286227,0.0017493591613414008,1.0278506456469743,0.0021787333513933354,0.22610764641150632,0.0007700853917804877,1.0512475379646116,0.002399441573019567,960.0,0.0,0.0,0.0,-0.4388023998992482,0.0003746584292023823,0.4388070775035587,0.00036830636694269156,0.8485996087472888,0.0006604855107886404,1099200.0,907200.0,190800.0,192000.0,165600.0,1072800.0,42912000.0,165600.0,190800.0,1.0,0.0,0.31672641509433963,0.001980035025084464,1.0,0.0,1.0,0.0,7.923770450378482,0.03253186345910015,10.952080622367255,0.04790921036224706,0.0,0.0,23.504779766851637,0.2383287392478749,-2.7193337555098243,0.023034974666014306,2.7193337555098243,0.023034974666014306,2.7193337555098243,0.023034974666014306,0.0,0.0,2.7193337555098243,0.023034974666014306,,,,,,,,,,,5,0.0,0.0,1.0,0.0,0.0,0.0
40,4,6,f_zero,f_zero,0.0,all,1.8448781800456344,0.07025452761765129,0.8415904621718081,0.00022607300574463518,0.8804747240187185,0.0007162721997889062,0.19425353516998473,0.00021443347043089206,0.885285335071835,0.0008072344765866179,1200.0,0.0,0.0,0.0,-0.43561216220482263,4.8607931717811767e-05,0.4356122642349276,4.867925456979535e-05,0.8467173904946763,0.00010330739232857705,0.8696054336857303,0.0006885974808797183,0.18659249711008927,0.00022970394087915098,0.8737340374901177,0.0008011255472220466,240.0,0.0,0.0,0.0,-0.4236371767620558,0.00022703801004379383,0.4236371767620558,0.00022703801004379383,0.8415904621718081,0.00022607300574463518,0.8830687856977046,0.0008376207691631084,0.19616879468495857,0.0002434790104851618,0.8880277374692043,0.00094436056021283,960.0,0.0,0.0,0.0,-0.4386059085655144,4.1046827279054397e-05,0.4386060361031455,4.114285036419248e-05,0.8479865275928544,0.00010792870560144031,1556400.0,1555200.0,0.0,1200.0,0.0,1555200.0,62208000.0,0.0,0.0,0.0,0.0,0.0,0.0,0.0,0.0,0.0,0.0,0.0,0.0,0.0,0.0,0.0,0.0,,,,,,,,,,,,,,,,,,,,,,,5,0.0,0.0,1.0,0.0,0.0,0.0
40,4,6,raw,raw,1.0,all,21.33407092001289,0.2719800101163952,14.33697851061182,24.919069266240466,116.07304385891257,128.60522731566434,2.987264130829844,0.897057523849219,124.19132691148562,137.6029245980423,1200.0,0.0,0.0,0.0,0.1864630220768048,0.18706500629821063,0.6982274340307282,0.18586798138756658,8.99831193372811,10.142411755555761,203.43066811536005,322.26456973513507,4.826098896130547,4.925936567965507,218.0915133140662,345.48150447543736,240.0,0.0,0.0,0.0,0.5309929741500486,1.0300423763793383,1.0289423750586706,1.0159273775186797,14.33697851061182,24.919069266240466,52.7884785591595,22.511190240074654,2.5275554395046687,0.3776426379828898,56.44841368635284,24.057301606013148,960.0,0.0,0.0,0.0,0.10033053405849382,0.11966421504517925,0.6155486987737426,0.12772980784248683,4.224671843465646,3.7867572308936412,14746800.0,13478400.0,1267200.0,1268400.0,1173600.0,14652000.0,586080000.0,1173600.0,1267200.0,0.9999008838383838,8.399816345155519e-06,0.2787840909090909,0.0014105972199977342,0.9999008838383838,8.399816345155519e-06,0.0,0.0,4.2761754254214255,0.07587417113242638,4.2761754254214255,0.07587417113242638,0.0,0.0,57.279029220406144,73.04235273537866,-1.5998272428419662,0.009736395784688625,1.5998272428419662,0.009736395784688625,2.1029147002452104,0.013078737156450346,1.0459211110653501,0.0050937007435493025,2.645748353907316,0.014331984465193005,,,,,,,,,,,5,59.97246274930298,0.0,0.0,0.0,0.0,0.0
40,4,6,sample_box,sample_box,1.0,all,21.4548466200009,0.2740849866195988,0.6127630292585748,0.008459976788645995,2.197030737582256,0.03670102176287007,0.3709747351476135,0.0032585180047631683,2.3401083794320288,0.03927831698929572,1200.0,0.0,0.0,0.0,-0.26718493913535785,0.004471342657302635,0.28591739286668033,0.0037196382791734595,0.6091431825473863,0.009137161587349502,2.108265654034069,0.137942441726437,0.3498305614370368,0.01685247786785111,2.2484529688716512,0.14880237050275702,240.0,0.0,0.0,0.0,-0.26941149206333215,0.00870430511628272,0.2825618022481987,0.0058553342748516755,0.6127630292585748,0.008459976788645995,2.2172397218414255,0.021750637759539324,0.37626077857525764,0.0027902431224058025,2.360854994806095,0.022997124413403108,960.0,0.0,0.0,0.0,-0.2666283009033642,0.0049548625909364786,0.2867562905213007,0.0042544302799667685,0.6082234670261506,0.010590394261970257,14746800.0,13478400.0,1267200.0,1268400.0,1173600.0,14652000.0,586080000.0,1173600.0,1267200.0,0.9998975694444445,7.4321872967804835e-06,0.2783113952020202,0.0014403427812036064,0.9998975694444445,7.4321872967804835e-06,0.9998975694444445,7.4321872967804835e-06,3.886322332625243,0.027845863780567855,3.886322332625243,0.027845863780567855,0.0,0.0,14.104731868215955,0.09159223558956493,-1.7346521090338936,0.010503360574893764,1.7346521090338936,0.010503360574893764,1.9662311536273847,0.011576438761946035,0.9110962448734228,0.005688310329804637,2.645748353907316,0.014331984465193005,,,,,,,,,,,5,0.011368908620270119,1.0,1.0,0.0,1.0,1.0
40,4,6,z_zero,z_zero,0.0,all,21.277376880031078,0.15437665258638691,0.8415904621718081,0.00022607300574463518,0.8804747240187185,0.0007162721997889062,0.19425353516998473,0.00021443347043089206,0.885285335071835,0.0008072344765866179,1200.0,0.0,0.0,0.0,-0.43561216220482263,4.8607931717811767e-05,0.4356122642349276,4.867925456979535e-05,0.8467173904946763,0.00010330739232857705,0.8696054336857303,0.0006885974808797183,0.18659249711008927,0.00022970394087915098,0.8737340374901177,0.0008011255472220466,240.0,0.0,0.0,0.0,-0.4236371767620558,0.00022703801004379383,0.4236371767620558,0.00022703801004379383,0.8415904621718081,0.00022607300574463518,0.8830687856977046,0.0008376207691631084,0.19616879468495857,0.0002434790104851618,0.8880277374692043,0.00094436056021283,960.0,0.0,0.0,0.0,-0.4386059085655144,4.1046827279054397e-05,0.4386060361031455,4.114285036419248e-05,0.8479865275928544,0.00010792870560144031,14746800.0,13478400.0,1267200.0,1268400.0,1173600.0,14652000.0,586080000.0,1173600.0,1267200.0,0.9998052398989898,1.1427574229302538e-05,0.26698121843434347,0.0013068630467872539,1.0,0.0,1.0,0.0,3.648886260394298,0.023860684323967127,5.81335032714941,0.034362221167086406,0.0,0.0,22.866775162060453,0.14892853318353524,-2.645748353907316,0.014331984465193005,2.645748353907316,0.014331984465193005,2.645748353907316,0.014331984465193005,0.0,0.0,2.645748353907316,0.014331984465193005,,,,,,,,,,,5,0.0,0.0,1.0,0.0,0.0,0.0
40,5,2,batch_box,batch_box,1.0,all,1.186892109992914,0.02969308311693837,0.793900565405423,0.010178577710854678,1.796553672213048,0.04324819793484887,0.3480177906352583,0.004693354034320901,1.898888098184465,0.046770975871492086,1200.0,0.0,0.0,0.0,-0.4002080263750559,0.002615910406147862,0.4012535681161148,0.002680915549539083,0.7946970447208885,0.006621346124958319,1.8087491809771958,0.12254191689756426,0.3398127228773805,0.011352056134148443,1.9151625552277203,0.13259644945931637,240.0,0.0,0.0,0.0,-0.3899277130576343,0.003557546098095177,0.39203453015964584,0.004209388535459221,0.793900565405423,0.010178577710854678,1.7927887031580911,0.044435295611434215,0.35006905757472767,0.0056709401058452295,1.8940652304719001,0.04817486187847423,960.0,0.0,0.0,0.0,-0.4027781047044113,0.0027906971338664765,0.40355832760523197,0.002833234688411982,0.7948811435955069,0.00729190039279516,1158000.0,854400.0,302400.0,303600.0,247200.0,1101600.0,44064000.0,247200.0,302400.0,1.0,0.0,0.30770138888888887,0.0020059526414127836,1.0,0.0,1.0,0.0,11.51703170006925,0.10403267221251672,11.51703170006925,0.10403267221251672,0.0,0.0,17.019786460628342,0.1730620653111939,-2.1002863177805686,0.020029898733897312,2.1002863177805686,0.020029898733897312,2.1335726442298255,0.019103878989670444,0.29016358988556734,0.001849073214011167,2.3904499076661363,0.021025253917442442,0.6443517439488262,0.002255976573274097,0.9995,0.0,0.1052,0.00048304589153964943,0.9995,0.0,0.48519505494505494,0.0025530827870258372,10,0.005762843020900122,0.0,1.0,0.5,1.0,1.0
40,5,2,box_factor_a0.75,box_factor,0.75,all,1.1014454799704254,0.03833324648877633,0.724927468118308,0.03560469301171794,4.637317051338191,0.15606208082255293,0.7350030907880158,0.014154389235139602,4.956006284473608,0.16698211828723925,1200.0,0.0,0.0,0.0,-0.3000181552383626,0.008290351780731921,0.3312722663977515,0.007530572538678185,0.7205605923218303,0.024689130915970487,4.775039410290328,0.4302817337627473,0.7322103392252897,0.04890440563248095,5.1132132063098386,0.4618769522515364,240.0,0.0,0.0,0.0,-0.30038364041447474,0.010905485193028691,0.3267708081336666,0.010354938648730817,0.724927468118308,0.03560469301171794,4.597225161440089,0.2250551541710205,0.7357012786786974,0.022010883584901934,4.910808291244276,0.24089806144579679,960.0,0.0,0.0,0.0,-0.29992678394433453,0.009024140354352617,0.3323976309637727,0.009090388828888955,0.7192268209550832,0.0289305014592277,1158000.0,854400.0,302400.0,303600.0,247200.0,1101600.0,44064000.0,247200.0,302400.0,1.0,0.0,0.31119179894179894,0.0020345698189708286,1.0,0.0,1.0,0.0,12.764007393131376,0.12688780577118391,13.515869332518907,0.13268890599205171,0.0,0.0,13.204843520249415,0.13695136684584971,-1.671226002271799,0.018536727575461008,1.671226002271799,0.018536727575461008,1.8331727900464585,0.016459324124521803,0.7192239053943368,0.004895652234428169,2.3904499076661363,0.021025253917442442,,,,,,,,,,,10,0.05458309139896276,1.0,1.0,1.0,1.0,1.0
40,5,2,f_zero,f_zero,0.0,all,0.02332781997974962,0.0015533282728231212,0.8423718700201048,0.0021851295910089523,1.2247007819162439,0.004717247192854951,0.2597868337021531,0.0010324390001040765,1.2703310405289578,0.005169728702001656,1200.0,0.0,0.0,0.0,-0.4354722583974041,0.0006262257384577717,0.43550252086376356,0.0006294128184888926,0.8476025953231403,0.000845889607335827,1.2239808178993328,0.008936956150681453,0.2517836957635287,0.0018721346165535735,1.2714232678033301,0.009786505823495906,240.0,0.0,0.0,0.0,-0.42328324730219125,0.0018776164402420682,0.42331688783712956,0.0018602282194780276,0.8423718700201048,0.0021851295910089523,1.2248666011652147,0.005309183859235491,0.26178761818680923,0.0012148406161212578,1.2700610971323578,0.005818179194274777,960.0,0.0,0.0,0.0,-0.4385195111712073,0.0007100015888444105,0.43854892912042215,0.0007111671421349216,0.8488966339569121,0.0010173891279828835,39600.0,38400.0,0.0,1200.0,0.0,38400.0,1536000.0,0.0,0.0,0.0,0.0,0.0,0.0,0.0,0.0,0.0,0.0,0.0,0.0,0.0,0.0,0.0,0.0,,,,,,,,,,,,,,,,,,,,,,,10,0.0,0.0,1.0,0.1,0.0,0.0
40,5,2,raw,raw,1.0,all,1.0235400499776006,0.024348735616448097,5554991.514446635,10782253.0243253,220940188.76987156,353071725.67273927,1848966.3897274402,3327435.7350767306,236218918.42133307,377242659.28350013,1200.0,0.0,0.0,0.0,263087.9906376763,496471.5507064276,620222.3531476817,1505425.7531859595,26689560.436322577,60589239.8343637,70539326.2104131,131851592.31476605,991141.6270269084,1753994.1752572856,75618803.06217876,141342164.39644358,240.0,0.0,0.0,0.0,194659.4212466423,431919.16161890555,226730.9257017204,421719.58369223314,5554991.514446635,10782253.0243253,229470131.82828745,397373343.2948665,2063422.580402573,4004006.9250305756,245213274.8638184,424382082.50489235,960.0,0.0,0.0,0.0,280195.13298543484,580380.791962644,718595.2100091721,1846246.8325268403,28065871.523060482,68255223.84790757,1158000.0,854400.0,302400.0,303600.0,247200.0,1101600.0,44064000.0,247200.0,302400.0,1.0,0.0,0.3150968915343915,0.0020248905446765106,1.0,0.0,0.0,0.0,1001961.8609086275,2373613.5884831515,1001961.8609086275,2373613.5884831515,0.0,0.0,111185574526366.0,290222698397429.94,7592.184584598425,10041.123772764451,8192.791030443688,9502.116247100681,14414.842774586636,26124.111012764566,7594.575034506093,10041.126689919434,2.3904499076661363,0.021025253917442442,,,,,,,,,,,10,1485843212476936.5,0.0,0.0,0.0,0.0,0.0
40,5,2,sample_ball,sample_ball,1.0,all,1.0751643799478188,0.03495218082061908,0.796731022090537,0.021463629082764772,2.8180211526878085,0.13233750395894558,0.4822998460181978,0.011909356775911987,3.001025215948867,0.1422807457559135,1200.0,0.0,0.0,0.0,-0.3794475854732459,0.005118336922024533,0.38812558497590943,0.004934536021040912,0.7940679353289604,0.010993000875749996,2.6949230387018273,0.15233407569905233,0.46113343653943567,0.015818269170704648,2.873569233482205,0.16424865719620743,240.0,0.0,0.0,0.0,-0.3713229101840357,0.00924714256979789,0.38219234920374223,0.008707156607390003,0.796731022090537,0.021463629082764772,2.8454818555516193,0.15712494735620217,0.48759144838788826,0.014970197078029613,3.0292682624711604,0.1688797726981483,960.0,0.0,0.0,0.0,-0.3814787542955485,0.005531646939802975,0.3896088939189512,0.005108099714480832,0.793342424725753,0.012099845693031831,1158000.0,854400.0,302400.0,303600.0,247200.0,1101600.0,44064000.0,247200.0,302400.0,1.0,0.0,0.31206779100529103,0.002059721303025317,0.31206779100529103,0.002059721303025317,0.31206779100529103,0.002059721303025317,11.70012242479542,0.1117275330745057,7.93628857225527,0.08470223881530488,0.0,0.0,17.109886836037013,0.17320070830300321,-2.081745895054767,0.019687889036941218,2.081745895054767,0.019687889036941218,2.131124081492991,0.019039348336843287,0.30870401261136937,0.002511311724320815,2.3904499076661363,0.021025253917442442,,,,,,,,,,,10,0.022288121108469117,0.0,1.0,0.5,1.0,1.0
40,5,2,sample_box,sample_box,1.0,all,1.045252210018225,0.01635889699248794,0.7790706460191612,0.061669114620621995,7.454195642557781,0.17455210986818007,1.12686354887528,0.017538679078476494,7.973038712126197,0.18652729547445573,1200.0,0.0,0.0,0.0,-0.22014703571164906,0.01371324595714849,0.33394877570378373,0.008916460774626924,0.7893490145416775,0.0401994773833054,7.773586923601698,0.5975876446816729,1.1325831824565573,0.08116181837046205,8.331233179815255,0.6412307997988316,240.0,0.0,0.0,0.0,-0.22758825597430796,0.01753035075336692,0.32363850718305864,0.015113281793275526,0.7790706460191612,0.061669114620621995,7.3664440470064845,0.3118706364895804,1.1254336404799605,0.032250330599624316,7.875383349893855,0.333489972591852,960.0,0.0,0.0,0.0,-0.2182867306459843,0.01596888274890251,0.336526342833965,0.011420962619791667,0.7911078503280218,0.04934300405249205,1158000.0,854400.0,302400.0,303600.0,247200.0,1101600.0,44064000.0,247200.0,302400.0,1.0,0.0,0.31243022486772487,0.0020082403597594966,1.0,0.0,1.0,0.0,14.037636670271306,0.15463231392525084,14.037636670271306,0.15463231392525084,0.0,0.0,12.166202062475815,0.1279286401377491,-1.4606710688583813,0.017652302965201656,1.4606710688583813,0.017652302965201656,1.739220894707304,0.015478282214216868,0.9297788388077546,0.006353188837017967,2.3904499076661363,0.021025253917442442,,,,,,,,,,,10,0.1454527511739093,0.0,1.0,0.0,0.9,0.9
40,5,2,shrink_c0.1,shrink,0.1,all,1.0538518199929967,0.01827873194429128,0.8338096146403299,0.004765429973677765,1.279648312328772,0.00634709899272381,0.2694374510549222,0.001102968619396663,1.3319026178318796,0.0068582550922085305,1200.0,0.0,0.0,0.0,-0.42852179401276136,0.0011362068726377674,0.4285745500664765,0.0011268715617474754,0.837139840717577,0.002024492564664168,1.273999817492456,0.010410665840431066,0.26070707541771077,0.002211679404117567,1.327544043027866,0.011458489371499658,240.0,0.0,0.0,0.0,-0.4172621247981761,0.0029632673497608174,0.41732871710436276,0.0029030322342138673,0.8338096146403299,0.004765429973677765,1.2809895865079215,0.007893979368608736,0.2716200449642251,0.0013748297432312514,1.3329278993195295,0.00858762697978641,960.0,0.0,0.0,0.0,-0.43133671131640766,0.0011797523656993185,0.43138600830700496,0.0011888129276177168,0.83796232921886,0.002233145270051267,1158000.0,854400.0,302400.0,303600.0,247200.0,1101600.0,44064000.0,247200.0,302400.0,1.0,0.0,0.30471792328042324,0.002071680625203529,1.0,0.0,1.0,0.0,11.252502963762609,0.10060833648346632,11.841237855303927,0.10071378503283157,0.0,0.0,19.236512700311856,0.19539684798947954,-2.295007503741036,0.020350088288873056,2.295007503741036,0.020350088288873056,2.298946894147765,0.020270266599512747,0.09544240392510009,0.0010212998700611065,2.3904499076661363,0.021025253917442442,,,,,,,,,,,10,0.000579021878512472,0.0,1.0,0.1,1.0,1.0
40,5,2,z_only_box,z_only_box,1.0,all,1.0958658300340176,0.02862780343705031,1.0448027593703297,0.2171933488077305,12.056655646582591,1.0772357488327167,1.4451870055817038,0.04734147621673114,12.898489970256737,1.1528348801727633,1200.0,0.0,0.0,0.0,-0.20111998843526457,0.01894157671451516,0.3882329189682261,0.012811187665025639,1.0767182323255227,0.09415121718437933,12.456994423290006,2.6714580423732923,1.4398413492660276,0.17384610705246073,13.353115381236062,2.86483817552716,240.0,0.0,0.0,0.0,-0.20054804702976833,0.026402844506400333,0.3754917521638167,0.026332684425221263,1.0448027593703297,0.2171933488077305,11.862120126888684,1.5068824434670132,1.446523419660623,0.07326429881683907,12.684237305325908,1.6121294256013177,960.0,0.0,0.0,0.0,-0.20126297378663863,0.02092617587652376,0.3914182106693284,0.014113162357218998,1.0797139581029342,0.10421884994439498,1158000.0,854400.0,302400.0,303600.0,247200.0,1101600.0,44064000.0,247200.0,302400.0,1.0,0.0,0.31247519841269844,0.002004873439345209,1.0,0.0,1.0,0.0,14.456491023323258,0.2762376821183106,14.455743446157005,0.2761932737126072,0.0,0.0,12.403485512233786,0.13549333403683417,-1.4534329673111444,0.017424559182346294,1.4534329673111444,0.017424559182346294,1.7494780793875946,0.01586859052605081,0.9370169403549917,0.006824043281399351,2.3904499076661363,0.021025253917442442,,,,,,,,,,,10,0.34891485022653373,0.0,1.0,0.0,0.0,0.0
40,5,2,z_zero,z_zero,0.0,all,1.0522821299964562,0.033294575390103956,0.8423718700201048,0.0021851295910089523,1.2247007819162439,0.004717247192854951,0.2597868337021531,0.0010324390001040765,1.2703310405289578,0.005169728702001656,1200.0,0.0,0.0,0.0,-0.4354722583974041,0.0006262257384577717,0.43550252086376356,0.0006294128184888926,0.8476025953231403,0.000845889607335827,1.2239808178993328,0.008936956150681453,0.2517836957635287,0.0018721346165535735,1.2714232678033301,0.009786505823495906,240.0,0.0,0.0,0.0,-0.42328324730219125,0.0018776164402420682,0.42331688783712956,0.0018602282194780276,0.8423718700201048,0.0021851295910089523,1.2248666011652147,0.005309183859235491,0.26178761818680923,0.0012148406161212578,1.2700610971323578,0.005818179194274777,960.0,0.0,0.0,0.0,-0.4385195111712073,0.0007100015888444105,0.43854892912042215,0.0007111671421349216,0.8488966339569121,0.0010173891279828835,1158000.0,854400.0,302400.0,303600.0,247200.0,1101600.0,44064000.0,247200.0,302400.0,1.0,0.0,0.3005152116402116,0.0020527389489187007,1.0,0.0,1.0,0.0,11.200351591531975,0.10025303859937906,14.54848169046437,0.12383821741178276,0.0,0.0,20.616608105810197,0.2117073181630311,-2.3904499076661363,0.021025253917442442,2.3904499076661363,0.021025253917442442,2.3904499076661363,0.021025253917442442,0.0,0.0,2.3904499076661363,0.021025253917442442,,,,,,,,,,,10,0.0,0.0,1.0,0.1,0.0,0.0
60,2,2,batch_box,batch_box,1.0,all,0.0408549000043422,0.0043499335259946465,0.8757583872761667,0.009784771625971064,3.2324834752468794,0.031162458721066443,0.5358460459931551,0.00436182820593036,3.4073742459665475,0.03308486219069564,1200.0,0.0,0.0,0.0,-0.44037416435263027,0.0026000359790288585,0.4432908113590086,0.002520295263028999,0.8829231328889829,0.003550076251039407,3.200486530046059,0.05625391803656087,0.5201165446604508,0.006374699936212271,3.368863557647382,0.059567104620750794,240.0,0.0,0.0,0.0,-0.41730754889008714,0.006363706670998909,0.41961634599293596,0.006198852936705545,0.8757583872761667,0.009784771625971064,3.2400707439897287,0.035179331339720406,0.539778421326331,0.004701289185166967,3.416547587931084,0.03737627041736408,960.0,0.0,0.0,0.0,-0.44614081821826607,0.0026611264877500892,0.44920942770052674,0.002454086214523824,0.8845849481078634,0.0036835073101401505,13200.0,9600.0,2400.0,3600.0,2400.0,12000.0,720000.0,2400.0,2400.0,1.0,0.0,0.38254166666666667,0.008807023186492003,1.0,0.0,1.0,0.0,28.502437798973638,0.9837326950876978,28.502437798973638,0.9837326950876978,0.0,0.0,50.158591822496724,1.862875854428914,-3.9901859229903978,0.11946748367204166,3.9901859229903978,0.11946748367204166,4.038362048030819,0.11897736413254158,0.2743654850375638,0.010850762085695393,4.264551408027961,0.11775711543943713,0.511850321686733,0.008681131256927445,0.3278,0.0178639923371631,0.0882,0.0020575065816014616,0.9995,0.0,0.646,0.011691771930045392,10,0.002428157703062403,0.0,1.0,0.0,1.0,1.0
60,2,2,box_factor_a0.75,box_factor,0.75,all,0.034567690035328266,0.003384215648704288,0.8560390849122109,0.012993015829345426,3.8947084985544143,0.04672328531806894,0.6023637062772195,0.005909311195479165,4.111027213740315,0.049548522565791786,1200.0,0.0,0.0,0.0,-0.41929871348815384,0.003302473081325089,0.43006651597318557,0.003127267334177986,0.8652362778492625,0.004154939786337414,3.879835148930262,0.15582761907998582,0.5881263168972295,0.014945747290173608,4.089570170936413,0.16509944536401386,240.0,0.0,0.0,0.0,-0.395465078720158,0.009109348467622933,0.40537433183406835,0.008002938803431007,0.8560390849122109,0.012993015829345426,3.897493299221618,0.06184121618529984,0.6059230536222169,0.006482684882906741,4.115362629493509,0.06561972702019177,960.0,0.0,0.0,0.0,-0.42525712218015277,0.0030535907800670497,0.43623956200796493,0.0031806608344621392,0.8673614222430871,0.004077805710468058,13200.0,9600.0,2400.0,3600.0,2400.0,12000.0,720000.0,2400.0,2400.0,1.0,0.0,0.38254166666666667,0.008807023186492003,1.0,0.0,1.0,0.0,28.502437798973638,0.9837326950876978,29.89594616867568,1.017652947909883,0.0,0.0,45.84537764684042,1.6633651383810342,-3.6189427454977325,0.12243073155925663,3.6189427454977325,0.12243073155925663,3.823186272870216,0.10722329243876265,0.645608662530228,0.02323888171564905,4.264551408027961,0.11775711543943713,,,,,,,,,,,10,0.010724398050537121,0.1,1.0,0.1,1.0,1.0
60,2,2,f_zero,f_zero,0.0,all,0.011524340021423995,0.001791113289423218,0.8975736712018172,0.009347323833403712,3.0368326257081515,0.023538565721145047,0.509591393230997,0.0032676290786295276,3.19870263553418,0.024949994747673964,1200.0,0.0,0.0,0.0,-0.4563762131225075,0.00215286301048471,0.4575655290992396,0.0022662803203472516,0.9043469591235788,0.003638836457835736,3.020388838691574,0.060607200380279044,0.49678504715616095,0.00793951278066368,3.1770407458160377,0.06410282342591349,240.0,0.0,0.0,0.0,-0.4325229851516931,0.005378794960310996,0.43411051789963756,0.0057188551571269435,0.8975736712018172,0.009347323833403712,3.040677662709874,0.024988362437182093,0.5127929797497061,0.0033137204399674015,3.203813621206243,0.026508364617793836,960.0,0.0,0.0,0.0,-0.46233952011521107,0.002105354843141557,0.4634292818991401,0.002112637544205825,0.9059203240129545,0.003489273354067198,6000.0,4800.0,0.0,1200.0,0.0,4800.0,288000.0,0.0,0.0,0.0,0.0,0.0,0.0,0.0,0.0,0.0,0.0,0.0,0.0,0.0,0.0,0.0,0.0,,,,,,,,,,,,,,,,,,,,,,,10,0.0,0.0,0.7,0.0,0.0,0.0
60,2,2,raw,raw,1.0,all,0.0331893099937588,0.004907703463656522,0.9302869657722896,0.059608704862896336,5.146268678448108,0.4712458738898728,0.6580502698427149,0.015349915351642087,5.436825687505289,0.49862345393652036,1200.0,0.0,0.0,0.0,-0.4226833957345543,0.006612306715819323,0.45279315200004094,0.00414904141676805,0.9370155304622056,0.053190153193627715,5.2783865541914725,0.7030103126242065,0.6584337719826833,0.03531170813579492,5.568837787087149,0.7431090130680992,240.0,0.0,0.0,0.0,-0.3924620185958258,0.014066913644156572,0.43059346131991827,0.013922335344384836,0.9302869657722896,0.059608704862896336,5.096710919107218,0.5914134504684798,0.6579543943077226,0.017598425963311466,5.386170038473086,0.6259242122130213,960.0,0.0,0.0,0.0,-0.4302387400192365,0.0069858158846043536,0.4583430746700716,0.004788585037609886,0.9376289039503224,0.06823782570538532,13200.0,9600.0,2400.0,3600.0,2400.0,12000.0,720000.0,2400.0,2400.0,1.0,0.0,0.38254166666666667,0.008807023186492003,1.0,0.0,0.0,0.0,28.502437798973638,0.9837326950876978,28.502437798973638,0.9837326950876978,0.0,0.0,52.73578075302544,2.0478291264635655,-3.5619859572237,0.14186949994222298,3.5619859572237,0.14186949994222298,4.092033176676081,0.10767963846811256,0.7025654508042611,0.06107562071635171,4.264551408027961,0.11775711543943713,,,,,,,,,,,10,0.052497363746640914,0.0,0.0,0.0,0.3,0.3
60,2,2,sample_ball,sample_ball,1.0,all,0.03598701998125762,0.004152222425712395,0.8873977488671019,0.010720780586306296,3.21002203207559,0.03904852160642287,0.5318217842097795,0.0049565619376624225,3.383077663951221,0.04146848709931642,1200.0,0.0,0.0,0.0,-0.4477637800625455,0.0021792425980154493,0.4505393782945113,0.0023944700111344502,0.8964626903469057,0.003802654727518774,3.1945172990041493,0.06323902880204216,0.51806785500356,0.007810830812152376,3.362173921318378,0.06694725353096394,240.0,0.0,0.0,0.0,-0.42329120816021265,0.005884750425596892,0.42605982515609914,0.006252396048715909,0.8873977488671019,0.010720780586306296,3.2135836211987483,0.047055110298323724,0.5352602665113345,0.005687003179853106,3.3879445362568688,0.05000009896806028,960.0,0.0,0.0,0.0,-0.45388192303812874,0.002181596676857248,0.4566592665791143,0.0022676806283466085,0.8985624913688472,0.004180833047466212,13200.0,9600.0,2400.0,3600.0,2400.0,12000.0,720000.0,2400.0,2400.0,1.0,0.0,0.38254166666666667,0.008807023186492003,0.38254166666666667,0.008807023186492003,0.38254166666666667,0.008807023186492003,28.502437798973638,0.9837326950876978,19.731781266135425,0.8437083042022328,0.0,0.0,52.066368796308154,1.9874228277657473,-4.088639256624257,0.12280206486910554,4.088639256624257,0.12280206486910554,4.129424006342264,0.12062280660151854,0.17591215140370414,0.014428134439343206,4.264551408027961,0.11775711543943713,,,,,,,,,,,10,0.002553391263612305,0.0,1.0,0.0,1.0,1.0
60,2,2,sample_box,sample_box,1.0,all,0.0370432399911806,0.0063724758691026395,0.8532793183921097,0.015263053813751008,4.344145013983575,0.06385810562539337,0.6416022358603557,0.0071801577232567795,4.587874787838652,0.067704945868509,1200.0,0.0,0.0,0.0,-0.409515193907026,0.0038035901355816695,0.42730163861153103,0.0029017706865573007,0.8627427760796185,0.004081612527599504,4.329503604523903,0.2122784450190778,0.627628587832933,0.019813023415549854,4.565902693754376,0.22475730408611239,240.0,0.0,0.0,0.0,-0.3855924370542047,0.01078146855783168,0.402282079291175,0.008683375626779592,0.8532793183921097,0.015263053813751008,4.34632078428118,0.08546773490500462,0.6450956478672113,0.007966668391494973,4.591748022264887,0.09065125056084365,960.0,0.0,0.0,0.0,-0.4154958831202314,0.0034937106824804863,0.4335565284416202,0.0029019728895635336,0.8649204685971214,0.00425565396144426,13200.0,9600.0,2400.0,3600.0,2400.0,12000.0,720000.0,2400.0,2400.0,1.0,0.0,0.38254166666666667,0.008807023186492003,1.0,0.0,1.0,0.0,28.502437798973638,0.9837326950876978,28.502437798973638,0.9837326950876978,0.0,0.0,44.61055894982563,1.5696860737931018,-3.447377640382311,0.12433117603592089,3.447377640382311,0.12433117603592089,3.760560450270057,0.10319358228951903,0.8171737676456502,0.030253002048577976,4.264551408027961,0.11775711543943713,,,,,,,,,,,10,0.017343547042306208,0.45,1.0,0.0,1.0,1.0
60,2,2,shrink_c0.5,shrink,0.5,all,0.03565350996796042,0.004646493858997249,0.8904384188111546,0.014203934923106624,3.680765703214123,0.1745692567951629,0.5659119896212875,0.00791421409477163,3.8829780708684276,0.18505223965218112,1200.0,0.0,0.0,0.0,-0.4395298044285309,0.003725369590858262,0.44898738030656854,0.0022886478895777006,0.9008841910554224,0.01234708477105613,3.726181787640029,0.2663987007909711,0.5587089794818916,0.016296272385619173,3.9258497307910583,0.2820852068124409,240.0,0.0,0.0,0.0,-0.4124925018737594,0.008800418319782179,0.42473293502007736,0.006941760547587918,0.8904384188111546,0.014203934923106624,3.6660375316068885,0.2245454047147062,0.5677127421561364,0.009533616295742297,3.8686012544897337,0.23806448091196963,960.0,0.0,0.0,0.0,-0.4462891300672238,0.0035913305631376947,0.45505099162819135,0.0028139297342232327,0.9032475922967705,0.016736922915481674,13200.0,9600.0,2400.0,3600.0,2400.0,12000.0,720000.0,2400.0,2400.0,1.0,0.0,0.38254166666666667,0.008807023186492003,1.0,0.0,1.0,0.0,28.502437798973638,0.9837326950876978,8.78354353361524,0.2829104515942166,0.0,0.0,50.56089279503807,1.9438863694484168,-3.91326868262583,0.12674497529987055,3.91326868262583,0.12674497529987055,4.052745118976224,0.11918617675010332,0.35128272540213057,0.030537810358175856,4.264551408027961,0.11775711543943713,,,,,,,,,,,10,0.013124340936660229,0.0,1.0,0.0,0.9,0.9
60,2,2,z_only_box,z_only_box,1.0,all,0.0350842900108546,0.004089888478264045,0.8532793183921097,0.015263053813751008,4.344145013983575,0.06385810562539337,0.6416022358603557,0.0071801577232567795,4.587874787838652,0.067704945868509,1200.0,0.0,0.0,0.0,-0.409515193907026,0.0038035901355816695,0.42730163861153103,0.0029017706865573007,0.8627427760796185,0.004081612527599504,4.329503604523903,0.2122784450190778,0.627628587832933,0.019813023415549854,4.565902693754376,0.22475730408611239,240.0,0.0,0.0,0.0,-0.3855924370542047,0.01078146855783168,0.402282079291175,0.008683375626779592,0.8532793183921097,0.015263053813751008,4.34632078428118,0.08546773490500462,0.6450956478672113,0.007966668391494973,4.591748022264887,0.09065125056084365,960.0,0.0,0.0,0.0,-0.4154958831202314,0.0034937106824804863,0.4335565284416202,0.0029019728895635336,0.8649204685971214,0.00425565396144426,13200.0,9600.0,2400.0,3600.0,2400.0,12000.0,720000.0,2400.0,2400.0,1.0,0.0,0.38254166666666667,0.008807023186492003,1.0,0.0,1.0,0.0,28.502437798973638,0.9837326950876978,28.502437798973638,0.9837326950876978,0.0,0.0,44.61055894982563,1.5696860737931018,-3.447377640382311,0.12433117603592089,3.447377640382311,0.12433117603592089,3.760560450270057,0.10319358228951903,0.8171737676456502,0.030253002048577976,4.264551408027961,0.11775711543943713,,,,,,,,,,,10,0.017343547042306208,0.45,1.0,0.0,1.0,1.0
60,2,2,z_zero,z_zero,0.0,all,0.03411651998758316,0.004660666455641964,0.8975736712018172,0.009347323833403712,3.0368326257081515,0.023538565721145047,0.509591393230997,0.0032676290786295276,3.19870263553418,0.024949994747673964,1200.0,0.0,0.0,0.0,-0.4563762131225075,0.00215286301048471,0.4575655290992396,0.0022662803203472516,0.9043469591235788,0.003638836457835736,3.020388838691574,0.060607200380279044,0.49678504715616095,0.00793951278066368,3.1770407458160377,0.06410282342591349,240.0,0.0,0.0,0.0,-0.4325229851516931,0.005378794960310996,0.43411051789963756,0.0057188551571269435,0.8975736712018172,0.009347323833403712,3.040677662709874,0.024988362437182093,0.5127929797497061,0.0033137204399674015,3.203813621206243,0.026508364617793836,960.0,0.0,0.0,0.0,-0.46233952011521107,0.002105354843141557,0.4634292818991401,0.002112637544205825,0.9059203240129545,0.003489273354067198,13200.0,9600.0,2400.0,3600.0,2400.0,12000.0,720000.0,2400.0,2400.0,1.0,0.0,0.38254166666666667,0.008807023186492003,1.0,0.0,1.0,0.0,28.502437798973638,0.9837326950876978,35.13417413446096,1.1316418063768665,0.0,0.0,54.671142519935714,1.9786500215851084,-4.264551408027961,0.11775711543943713,4.264551408027961,0.11775711543943713,4.264551408027961,0.11775711543943713,0.0,0.0,4.264551408027961,0.11775711543943713,,,,,,,,,,,10,0.0,0.0,0.7,0.0,0.0,0.0
60,2,8,batch_box,batch_box,1.0,all,0.17170881996862591,0.024556985226213728,0.8670085766577531,0.0014598622319875027,1.237229264590613,0.002130426882742429,0.23357414119964756,0.00013852910149558188,1.2740211500732275,0.0023856736307505395,1200.0,0.0,0.0,0.0,-0.43924768077297377,0.0007054095474274515,0.43945106725700606,0.0007397373589656931,0.872582819951349,0.00109913114456116,1.2311891561740222,0.009876120558089676,0.22800914401503275,0.0008154040599043397,1.2668924369252745,0.01079100278115272,240.0,0.0,0.0,0.0,-0.4177569269370151,0.0007454966574437003,0.4180380988668245,0.0009719428145168659,0.8670085766577531,0.0014598622319875027,1.2386768701570652,0.00364721872440891,0.23496539049580129,0.00028644738292824646,1.2757355951850342,0.003995177483472409,960.0,0.0,0.0,0.0,-0.4446203692319634,0.0007723743854838659,0.4448043093545514,0.000817641549871234,0.8738851626021544,0.0010548187487304528,164400.0,153600.0,9600.0,10800.0,9600.0,163200.0,9792000.0,9600.0,9600.0,1.0,0.0,0.3029791666666667,0.004587237920155343,1.0,0.0,1.0,0.0,6.075672487771174,0.036504984432615635,6.075672487771174,0.036504984432615635,0.0,0.0,51.0541293552236,0.733838035215956,-4.076817345129449,0.04746604027151528,4.076817345129449,0.04746604027151528,4.107157764567093,0.04590785386182701,0.25797487017372617,0.001768333677492466,4.334792215303175,0.04653058310823898,0.42567599334731004,0.005879697787196605,0.2909,0.0035071355833500377,0.1315,0.001581138830084191,0.9995,0.0,0.826,0.008088057039033925,5,0.0004107368709983268,0.0,0.0,0.0,1.0,1.0
60,2,8,box_factor_a0.9,box_factor,0.9,all,0.14944221996702253,0.02008697314497209,0.8282257438612547,0.001708718781774477,1.772905053674774,0.017744833740904215,0.2932734435207058,0.0015501387269491577,1.853863298792677,0.019113866721708936,1200.0,0.0,0.0,0.0,-0.40855802473540975,0.0013260564099130917,0.4121887146405941,0.001518522386448229,0.8356178580994991,0.002075210220905512,1.7676989508607956,0.028493601593348437,0.28746725468743356,0.0017120559457490326,1.8464622818254461,0.030466394717475555,240.0,0.0,0.0,0.0,-0.38737602188000075,0.0016712416503413393,0.39074142019677766,0.001204622344741409,0.8282257438612547,0.001708718781774477,1.7740949408205364,0.022280954835568037,0.2947249907290238,0.0020943118443409025,1.8555823776104898,0.02398595739183965,960.0,0.0,0.0,0.0,-0.413853525449262,0.0017511779383725715,0.4175505382515482,0.0016235166363559818,0.8373422918437672,0.0021909311870620214,164400.0,153600.0,9600.0,10800.0,9600.0,163200.0,9792000.0,9600.0,9600.0,1.0,0.0,0.3029791666666667,0.004587237920155343,1.0,0.0,1.0,0.0,6.075672487771174,0.036504984432615635,6.292063382080623,0.03776721825623408,0.0,0.0,45.017897154269946,0.698785143680398,-3.527375208132876,0.04864031620667838,3.527375208132876,0.04864031620667838,3.8070248911585693,0.04560869947043246,0.8074170071702991,0.0043797684267405925,4.334792215303175,0.04653058310823898,,,,,,,,,,,5,0.002896303662430113,0.0,1.0,0.0,1.0,1.0
60,2,8,box_factor_a2,box_factor,2.0,all,0.16177400001324713,0.02772862832019616,0.8051429721122153,0.003020394382406644,2.6145314576057275,0.03617023243608519,0.3739669793006044,0.0032282468873008055,2.752625039971708,0.03853699516045493,1200.0,0.0,0.0,0.0,-0.37713636565369624,0.0021627253836213937,0.3957338382487756,0.002012364380093786,0.8149657429341186,0.002362183346134673,2.598407115915073,0.07783408250235845,0.36736377704708223,0.004245424672485624,2.732054310689926,0.08266256170708348,240.0,0.0,0.0,0.0,-0.35724043686142243,0.003312618000388317,0.3733912155697451,0.002650262326534857,0.8051429721122153,0.003020394382406644,2.6181976296389338,0.04015596317782115,0.3756177798639849,0.004033305757126482,2.75736130212677,0.042799870968860634,960.0,0.0,0.0,0.0,-0.3821103478517648,0.0026590123250353685,0.4013194939185333,0.00213244523349156,0.817252584334154,0.002264037321925112,164400.0,153600.0,9600.0,10800.0,9600.0,163200.0,9792000.0,9600.0,9600.0,1.0,0.0,0.3029791666666667,0.004587237920155343,1.0,0.0,1.0,0.0,6.075672487771174,0.036504984432615635,4.636716162042973,0.027514193607103797,0.0,0.0,43.27375331500513,0.6112528310903956,-2.969082308512029,0.052178893159996846,2.969082308512029,0.052178893159996846,3.6932014510168054,0.03996034776069911,1.3657099067911456,0.009212150184793965,4.334792215303175,0.04653058310823898,,,,,,,,,,,5,0.008779213506083015,1.0,1.0,1.0,1.0,1.0
60,2,8,f_zero,f_zero,0.0,all,0.06224957997910678,0.010260925841824801,0.891009485576107,0.0009634754701761299,1.1662084865402815,0.0013579249816109763,0.22298281329102262,0.00018771056580178526,1.1945071810980892,0.0015242240516762772,1200.0,0.0,0.0,0.0,-0.4547768385015097,0.000579860257041045,0.4548114790483993,0.0005740590808557487,0.8965353365115198,0.001070829478259088,1.1634936279328927,0.0026344614202211277,0.21811257193856423,0.0004832485013378342,1.1912448625633045,0.0029252424613162263,240.0,0.0,0.0,0.0,-0.43268824898171365,0.0006977336768847657,0.43274237301725205,0.0007171882017409006,0.891009485576107,0.0009634754701761299,1.1668641142173173,0.0015462219429778286,0.22420037362913722,0.0002451236000224379,1.1952977878444675,0.0017198943580467667,960.0,0.0,0.0,0.0,-0.4602989858814587,0.0006394942984903592,0.46032875555618613,0.0006337962884057101,0.8978265060251787,0.0011936756808226946,78000.0,76800.0,0.0,1200.0,0.0,76800.0,4608000.0,0.0,0.0,0.0,0.0,0.0,0.0,0.0,0.0,0.0,0.0,0.0,0.0,0.0,0.0,0.0,0.0,,,,,,,,,,,,,,,,,,,,,,,5,0.0,0.0,0.0,0.0,0.0,0.0
60,2,8,raw,raw,1.0,all,0.13242330006323755,0.005326406387018099,0.8458823655718044,0.0058599434055469305,1.9845600485798354,0.024229000106132683,0.306746640934802,0.0014996363670180962,2.0794603228998545,0.025911192202699114,1200.0,0.0,0.0,0.0,-0.4125166325397675,0.0018726586156022549,0.41960182517874733,0.002834816045192569,0.8526290371777311,0.0037995303962148593,1.98053187922203,0.08135609745221704,0.3003945222520154,0.005168684786500738,2.0728503730801884,0.08702806152884811,240.0,0.0,0.0,0.0,-0.39178126910308986,0.0042563060426998615,0.39823765995588334,0.004293606473196409,0.8458823655718044,0.0058599434055469305,1.9852330422137392,0.024906475027282028,0.3083346706054986,0.001616840135069525,2.080733784994617,0.02660929577279796,960.0,0.0,0.0,0.0,-0.4177004733989369,0.0016413979855917171,0.42494286648446333,0.002679988039079922,0.8542023667933046,0.0036065695300490984,164400.0,153600.0,9600.0,10800.0,9600.0,163200.0,9792000.0,9600.0,9600.0,1.0,0.0,0.3029791666666667,0.004587237920155343,1.0,0.0,0.0,0.0,6.075672487771174,0.036504984432615635,6.075672487771174,0.036504984432615635,0.0,0.0,46.849533213346106,0.7192470927734113,-3.4806789909459694,0.05988118948605569,3.4806789909459694,0.05988118948605569,3.862012310917921,0.04325505518742562,0.8541132243572054,0.01517245165059754,4.334792215303175,0.04653058310823898,,,,,,,,,,,5,0.005136504086339628,0.0,0.0,0.0,1.0,1.0
60,2,8,sample_ball,sample_ball,1.0,all,0.15458329999819398,0.026184822223369136,0.8636174744569551,0.0025518833118910356,1.3555925310310861,0.006233138644384169,0.24802458038121172,0.00062417591720016,1.4026492216708821,0.006855927858352914,1200.0,0.0,0.0,0.0,-0.4343897599509246,0.0009221282297673123,0.4350289470412392,0.001183828886011828,0.8699744941061882,0.0022201982636312146,1.3618281795161014,0.013927707031011595,0.2433790927069786,0.0014594436006464112,1.4085415947448108,0.015098781487589039,240.0,0.0,0.0,0.0,-0.4120955938926244,0.0013908069706008443,0.4129934193264787,0.0016562188227630121,0.8636174744569551,0.0025518833118910356,1.3540514297452018,0.009683570574714043,0.24918595229977,0.000880264981153855,1.40118264504287,0.010585105976603872,960.0,0.0,0.0,0.0,-0.4399633014654995,0.0010757383270619029,0.44053782896992927,0.0012277940964574795,0.8714588247270667,0.002193662396852767,164400.0,153600.0,9600.0,10800.0,9600.0,163200.0,9792000.0,9600.0,9600.0,1.0,0.0,0.3029791666666667,0.004587237920155343,0.3029791666666667,0.004587237920155343,0.3029791666666667,0.004587237920155343,6.075672487771174,0.036504984432615635,2.542806726069876,0.03989190471784365,0.0,0.0,49.619917196193505,0.7784791691044216,-3.9323480622693596,0.051734056185929425,3.9323480622693596,0.051734056185929425,4.024508907012121,0.05004372915768881,0.40244415303381437,0.0059202708319071075,4.334792215303175,0.04653058310823898,,,,,,,,,,,5,0.0009828463282720683,0.0,0.0,0.0,1.0,1.0
60,2,8,sample_box,sample_box,1.0,all,0.15420974008738994,0.02559158070891028,0.8244925980470693,0.0018747636687121735,1.863085576890327,0.019613693356579785,0.3023250596559215,0.001732278038871387,1.9505869422801005,0.021086019666067823,1200.0,0.0,0.0,0.0,-0.4047632188677026,0.0014196501131589383,0.40945608381936366,0.0016309571093610206,0.8320896666357716,0.0021438271240115827,1.8566995338965466,0.03295319726808388,0.29645798559061876,0.0019204748485135681,1.9417433555048302,0.035191539222469884,240.0,0.0,0.0,0.0,-0.3837031653782742,0.0018286234867788227,0.3880393040625008,0.0013779777557044518,0.8244925980470693,0.0018747636687121735,1.864546279682175,0.02442637034924298,0.30379182817224715,0.0023221897151831828,1.9526401172754344,0.026248798524823872,960.0,0.0,0.0,0.0,-0.4100282322400597,0.0018647674087335316,0.41481027875857945,0.0017276052185626904,0.8338616308328369,0.002227176907818855,164400.0,153600.0,9600.0,10800.0,9600.0,163200.0,9792000.0,9600.0,9600.0,1.0,0.0,0.3029791666666667,0.004587237920155343,1.0,0.0,1.0,0.0,6.075672487771174,0.036504984432615635,6.075672487771174,0.036504984432615635,0.0,0.0,44.542290192874916,0.6936272367813536,-3.460674451833197,0.0490150828909665,3.460674451833197,0.0490150828909665,3.782070943817172,0.04514841466582539,0.874117763469977,0.0048504708126072766,4.334792215303175,0.04653058310823898,,,,,,,,,,,5,0.0034174394881424396,0.0,1.0,0.0,1.0,1.0
60,2,8,z_only_box,z_only_box,1.0,all,0.15356081998907029,0.022158671573123238,0.8244925980470693,0.0018747636687121735,1.863085576890327,0.019613693356579785,0.3023250596559215,0.001732278038871387,1.9505869422801005,0.021086019666067823,1200.0,0.0,0.0,0.0,-0.4047632188677026,0.0014196501131589383,0.40945608381936366,0.0016309571093610206,0.8320896666357716,0.0021438271240115827,1.8566995338965466,0.03295319726808388,0.29645798559061876,0.0019204748485135681,1.9417433555048302,0.035191539222469884,240.0,0.0,0.0,0.0,-0.3837031653782742,0.0018286234867788227,0.3880393040625008,0.0013779777557044518,0.8244925980470693,0.0018747636687121735,1.864546279682175,0.02442637034924298,0.30379182817224715,0.0023221897151831828,1.9526401172754344,0.026248798524823872,960.0,0.0,0.0,0.0,-0.4100282322400597,0.0018647674087335316,0.41481027875857945,0.0017276052185626904,0.8338616308328369,0.002227176907818855,164400.0,153600.0,9600.0,10800.0,9600.0,163200.0,9792000.0,9600.0,9600.0,1.0,0.0,0.3029791666666667,0.004587237920155343,1.0,0.0,1.0,0.0,6.075672487771174,0.036504984432615635,6.075672487771174,0.036504984432615635,0.0,0.0,44.542290192874916,0.6936272367813536,-3.460674451833197,0.0490150828909665,3.460674451833197,0.0490150828909665,3.782070943817172,0.04514841466582539,0.874117763469977,0.0048504708126072766,4.334792215303175,0.04653058310823898,,,,,,,,,,,5,0.0034174394881424396,0.0,1.0,0.0,1.0,1.0
60,2,8,z_zero,z_zero,0.0,all,0.1714364799670875,0.019127487098499624,0.891009485576107,0.0009634754701761299,1.1662084865402815,0.0013579249816109763,0.22298281329102262,0.00018771056580178526,1.1945071810980892,0.0015242240516762772,1200.0,0.0,0.0,0.0,-0.4547768385015097,0.000579860257041045,0.4548114790483993,0.0005740590808557487,0.8965353365115198,0.001070829478259088,1.1634936279328927,0.0026344614202211277,0.21811257193856423,0.0004832485013378342,1.1912448625633045,0.0029252424613162263,240.0,0.0,0.0,0.0,-0.43268824898171365,0.0006977336768847657,0.43274237301725205,0.0007171882017409006,0.891009485576107,0.0009634754701761299,1.1668641142173173,0.0015462219429778286,0.22420037362913722,0.0002451236000224379,1.1952977878444675,0.0017198943580467667,960.0,0.0,0.0,0.0,-0.4602989858814587,0.0006394942984903592,0.46032875555618613,0.0006337962884057101,0.8978265060251787,0.0011936756808226946,164400.0,153600.0,9600.0,10800.0,9600.0,163200.0,9792000.0,9600.0,9600.0,1.0,0.0,0.3029791666666667,0.004587237920155343,1.0,0.0,1.0,0.0,6.075672487771174,0.036504984432615635,9.271981511776257,0.05303134714104155,0.0,0.0,55.645541173376614,0.6946851379490755,-4.334792215303175,0.04653058310823898,4.334792215303175,0.04653058310823898,4.334792215303175,0.04653058310823898,0.0,0.0,4.334792215303175,0.04653058310823898,,,,,,,,,,,5,0.0,0.0,0.0,0.0,0.0,0.0
60,2,24,batch_box,batch_box,1.0,all,2.37590435994789,0.06819073185218828,0.8644910346741366,0.0018905958061318819,0.9643550068150114,0.0019978802930567287,0.18858264309113307,0.0004738334895647558,0.9749011838712954,0.00224560027389796,1200.0,0.0,0.0,0.0,-0.4389424744326327,0.0005890503531548712,0.4390237299438916,0.0005708892612519153,0.8715971070460814,0.0008387100884025188,0.9604249642164657,0.004282688208047072,0.18302970483490988,0.0007092813298021215,0.9710042120247108,0.004877641778830129,240.0,0.0,0.0,0.0,-0.41618785701767375,0.0011638086276134219,0.41619810270006374,0.0011513745963305563,0.8644910346741366,0.0018905958061318819,0.9653025781808537,0.0019562756627828047,0.18997087765518886,0.0005185338200200589,0.9758439157873923,0.0022061069929507826,960.0,0.0,0.0,0.0,-0.44463112878637234,0.000658339896484691,0.4447301367548486,0.0006424825834400413,0.8732551654550045,0.0009901696644214536,1412400.0,1382400.0,28800.0,30000.0,28800.0,1411200.0,84672000.0,28800.0,28800.0,1.0,0.0,0.16736805555555553,0.001279880139425674,1.0,0.0,1.0,0.0,1.5850104418951978,0.005783070961078147,1.5850104418951978,0.005783070961078147,0.0,0.0,50.296095532095634,0.3365677128899916,-4.0297031599521365,0.02354130735701044,4.0297031599521365,0.02354130735701044,4.060144237515296,0.021334609724548183,0.27511635654196315,0.004279536492616908,4.304819516494099,0.024571935459407855,0.49310118930053176,0.0007112346637884314,0.3981,0.0025099800796022234,0.1975,0.002000000000000003,0.9995,0.0,0.8379999999999999,0.006497862896539311,5,0.00015645916143920037,0.0,0.0,0.0,1.0,1.0
60,2,24,box_factor_a0.9,box_factor,0.9,all,2.415461519965902,0.1248327234454484,0.826307877564141,0.0020624624664949617,1.2011483636649027,0.010194615417047652,0.22040650395385253,0.0010613958774135315,1.2378343327824068,0.011130793181097795,1200.0,0.0,0.0,0.0,-0.4099593404769758,0.0011337232566575343,0.4122897594180575,0.0009111380858485885,0.8352640445345918,0.0013890611094880675,1.2136107539921364,0.017699696143223313,0.21589966515766673,0.0021357803197995205,1.2510238175846071,0.01917861704688229,240.0,0.0,0.0,0.0,-0.3867691932392651,0.001474911181782146,0.38800294145687697,0.001264529116348121,0.826307877564141,0.0020624624664949617,1.198067075290347,0.01371505292010233,0.22153321365289896,0.0015105419429199112,1.234556417553415,0.014992459204037354,960.0,0.0,0.0,0.0,-0.4157568772864034,0.0013305030926218933,0.4183614639083526,0.0009958948111797876,0.837350476020754,0.0015858625093646277,1412400.0,1382400.0,28800.0,30000.0,28800.0,1411200.0,84672000.0,28800.0,28800.0,1.0,0.0,0.16736805555555553,0.001279880139425674,1.0,0.0,1.0,0.0,1.5850104418951978,0.005783070961078147,1.6723689238183717,0.006071478187550313,0.0,0.0,44.32730666354612,0.35214839966030376,-3.4885214114801926,0.0232170056003084,3.4885214114801926,0.0232170056003084,3.757563258332221,0.022707400581567398,0.816298105013906,0.005856792871658358,4.304819516494099,0.024571935459407855,,,,,,,,,,,5,0.000983880231935106,0.0,1.0,0.0,1.0,1.0
60,2,24,box_factor_a2,box_factor,2.0,all,2.4192713799886407,0.10188419368032553,0.8074099954842667,0.002756756124562692,1.501515417409726,0.017264023119381404,0.2526403276885032,0.0018472087204245127,1.5637079419843272,0.018612045105596758,1200.0,0.0,0.0,0.0,-0.38863574204032914,0.0015938772784326344,0.3972906673539432,0.0011555131201360523,0.8167727094960492,0.001848362214183407,1.532488808640806,0.027284147058047614,0.2494672004825586,0.0037832301167724756,1.5957898370004064,0.02928728340336187,240.0,0.0,0.0,0.0,-0.36530252082877973,0.0018172661173990437,0.37439288028048945,0.0009670909952082207,0.8074099954842667,0.002756756124562692,1.4938085504734526,0.02470711215032446,0.2534336094899893,0.002545262353871293,1.555687381706962,0.026649625897168443,960.0,0.0,0.0,0.0,-0.3944690473432165,0.0018994749982429314,0.4030151141223066,0.0013287336120478366,0.8189525443451939,0.002054329904770426,1412400.0,1382400.0,28800.0,30000.0,28800.0,1411200.0,84672000.0,28800.0,28800.0,1.0,0.0,0.16736805555555553,0.001279880139425674,1.0,0.0,1.0,0.0,1.5850104418951978,0.005783070961078147,1.1346811364326115,0.003812693521599005,0.0,0.0,42.47607451047001,0.34748321940667226,-3.0858333732859315,0.023996925638796473,3.0858333732859315,0.023996925638796473,3.6360535035107744,0.023034023819839544,1.2189861432081668,0.01022758337322205,4.304819516494099,0.024571935459407855,,,,,,,,,,,5,0.0022923604949721663,1.0,1.0,1.0,1.0,1.0
60,2,24,f_zero,f_zero,0.0,all,1.1159497400280087,0.047666775765335886,0.8904097023636167,0.0006974501381670019,0.9449546908593683,0.0009673857058294699,0.1846329415263123,0.0001935611218071557,0.950586504226117,0.0010618218037934815,1200.0,0.0,0.0,0.0,-0.45501908840442046,0.00018220032512438587,0.45502080562857367,0.00018305291613300088,0.8966877533300108,0.0001873824954912949,0.9409385857104414,0.0019277306995884645,0.17976151773489898,0.0004556376676525539,0.946660907674497,0.002100990890553479,240.0,0.0,0.0,0.0,-0.43244241591554367,0.00043932178341691473,0.4324439045039921,0.0004387592316598932,0.8904097023636167,0.0006974501381670019,0.9459241214810428,0.0008400017779385754,0.1858507974741656,0.00017729093983589783,0.9515376800293233,0.0009114229099710723,960.0,0.0,0.0,0.0,-0.46066325652663964,0.000202023411511668,0.46066503090971916,0.00020300703323764067,0.8981539691238277,0.0002873286305805318,692400.0,691200.0,0.0,1200.0,0.0,691200.0,41472000.0,0.0,0.0,0.0,0.0,0.0,0.0,0.0,0.0,0.0,0.0,0.0,0.0,0.0,0.0,0.0,0.0,,,,,,,,,,,,,,,,,,,,,,,5,0.0,0.0,0.0,0.0,0.0,0.0
60,2,24,raw,raw,1.0,all,2.3580928600393234,0.06960608120621263,0.8362721235037955,0.002612020295224466,1.2787566056016435,0.009651986326789505,0.22922653032151744,0.0012216035733784842,1.3213370574798762,0.010538607289366689,1200.0,0.0,0.0,0.0,-0.41180171644656555,0.001035753556991988,0.4148227597541532,0.000928508612527986,0.8445715167393407,0.00148296420004476,1.3018708702969222,0.022138722271540665,0.22537832387038131,0.0036476216911766743,1.3457519899639945,0.02405881657230075,240.0,0.0,0.0,0.0,-0.3881757268780769,0.0016311762464058179,0.3908622264018295,0.0012494584235256186,0.8362721235037955,0.002612020295224466,1.2730382378922396,0.013711690173862475,0.23018858193430147,0.0015706605723833217,1.3152672475284954,0.014986783306170648,960.0,0.0,0.0,0.0,-0.41770821383868767,0.001325065736154161,0.42081289309223424,0.0011126149737326022,0.8465054734302955,0.001823457031085376,1412400.0,1382400.0,28800.0,30000.0,28800.0,1411200.0,84672000.0,28800.0,28800.0,1.0,0.0,0.16736805555555553,0.001279880139425674,1.0,0.0,0.0,0.0,1.5850104418951978,0.005783070961078147,1.5850104418951978,0.005783070961078147,0.0,0.0,44.77290484224704,0.3211591399493555,-3.427734880076706,0.022680866570047045,3.427734880076706,0.022680866570047045,3.7405027412070084,0.021556879992865832,0.8770846364173923,0.006856848694847274,4.304819516494099,0.024571935459407855,,,,,,,,,,,5,0.0014060506446383718,0.0,0.0,0.0,1.0,1.0
60,2,24,sample_ball,sample_ball,1.0,all,2.382119059981778,0.06052260620287177,0.8468221452141471,0.0019647984883086654,1.113589942744061,0.006608145871419791,0.21028375131576588,0.0007477202586577639,1.1406849799509995,0.007265935435330273,1200.0,0.0,0.0,0.0,-0.42327053615190957,0.0007952375873794335,0.42448399984920276,0.000746068250092646,0.8552578862036985,0.0011336634036380523,1.1220772573247637,0.016495764721244307,0.20560924153539178,0.0021131997705676055,1.1499137349130428,0.01803451151936301,240.0,0.0,0.0,0.0,-0.3998139330381188,0.0013519094070473243,0.40010387184879537,0.0013076242194326626,0.8468221452141471,0.0019647984883086654,1.1114900480667134,0.009346338800701256,0.21145237876085937,0.0010980912642134587,1.1383892365772184,0.010310738663743284,960.0,0.0,0.0,0.0,-0.4291346869303572,0.0010307227939446591,0.4305790318493046,0.0009691902065097887,0.8572239349735084,0.0014749240055885499,1412400.0,1382400.0,28800.0,30000.0,28800.0,1411200.0,84672000.0,28800.0,28800.0,1.0,0.0,0.16736805555555553,0.001279880139425674,0.16736805555555553,0.001279880139425674,0.16736805555555553,0.001279880139425674,1.5850104418951978,0.005783070961078147,0.2599515139623322,0.002791658266966271,0.0,0.0,46.47416995183841,0.3501749120279448,-3.673367993632632,0.022393998292393764,3.673367993632632,0.022393998292393764,3.8525525898368684,0.022545941393669434,0.6314515228614671,0.003973490482657019,4.304819516494099,0.024571935459407855,,,,,,,,,,,5,0.0006760816406824525,0.0,0.0,0.0,1.0,1.0
60,2,24,sample_box,sample_box,1.0,all,2.37349138003774,0.06606179522805028,0.8230312142811365,0.0021326036347651092,1.2384618498267503,0.011222119307251808,0.2246424119111813,0.0011606831387892137,1.2786059770620992,0.012224027052052519,1200.0,0.0,0.0,0.0,-0.4068812612879678,0.0011964496060670575,0.40975545645196093,0.000950420077288139,0.8320810331713991,0.001443846340170989,1.2533744851881974,0.019065720130808157,0.2203021635091928,0.0023328659822019846,1.2943097650995248,0.02061842683006064,240.0,0.0,0.0,0.0,-0.3836593970901538,0.0015146411622329256,0.3855824488903818,0.001150024556017537,0.8230312142811365,0.0021326036347651092,1.2347707562580645,0.015344658722577415,0.22572747401167845,0.0016610726603344555,1.2746991084507804,0.0167325205827784,960.0,0.0,0.0,0.0,-0.4126867273374213,0.0014127487816980014,0.4157987083423557,0.0010344013903489692,0.8341890478367759,0.001647877323364609,1412400.0,1382400.0,28800.0,30000.0,28800.0,1411200.0,84672000.0,28800.0,28800.0,1.0,0.0,0.16736805555555553,0.001279880139425674,1.0,0.0,1.0,0.0,1.5850104418951978,0.005783070961078147,1.5850104418951978,0.005783070961078147,0.0,0.0,43.89351121750964,0.35140274225874274,-3.431373440564969,0.023303682528013785,3.431373440564969,0.023303682528013785,3.733289498557949,0.022971697271608707,0.8734460759291304,0.006397194815596098,4.304819516494099,0.024571935459407855,,,,,,,,,,,5,0.0011303123827348172,0.0,1.0,0.0,1.0,1.0
60,2,24,z_only_box,z_only_box,1.0,all,2.380235099932179,0.04862165831401588,0.8230312142811365,0.0021326036347651092,1.2384618498267503,0.011222119307251808,0.2246424119111813,0.0011606831387892137,1.2786059770620992,0.012224027052052519,1200.0,0.0,0.0,0.0,-0.4068812612879678,0.0011964496060670575,0.40975545645196093,0.000950420077288139,0.8320810331713991,0.001443846340170989,1.2533744851881974,0.019065720130808157,0.2203021635091928,0.0023328659822019846,1.2943097650995248,0.02061842683006064,240.0,0.0,0.0,0.0,-0.3836593970901538,0.0015146411622329256,0.3855824488903818,0.001150024556017537,0.8230312142811365,0.0021326036347651092,1.2347707562580645,0.015344658722577415,0.22572747401167845,0.0016610726603344555,1.2746991084507804,0.0167325205827784,960.0,0.0,0.0,0.0,-0.4126867273374213,0.0014127487816980014,0.4157987083423557,0.0010344013903489692,0.8341890478367759,0.001647877323364609,1412400.0,1382400.0,28800.0,30000.0,28800.0,1411200.0,84672000.0,28800.0,28800.0,1.0,0.0,0.16736805555555553,0.001279880139425674,1.0,0.0,1.0,0.0,1.5850104418951978,0.005783070961078147,1.5850104418951978,0.005783070961078147,0.0,0.0,43.89351121750964,0.35140274225874274,-3.431373440564969,0.023303682528013785,3.431373440564969,0.023303682528013785,3.733289498557949,0.022971697271608707,0.8734460759291304,0.006397194815596098,4.304819516494099,0.024571935459407855,,,,,,,,,,,5,0.0011303123827348172,0.0,1.0,0.0,1.0,1.0
60,2,24,z_zero,z_zero,0.0,all,2.3974767199717464,0.05866109342593391,0.8904097023636167,0.0006974501381670019,0.9449546908593683,0.0009673857058294699,0.1846329415263123,0.0001935611218071557,0.950586504226117,0.0010618218037934815,1200.0,0.0,0.0,0.0,-0.45501908840442046,0.00018220032512438587,0.45502080562857367,0.00018305291613300088,0.8966877533300108,0.0001873824954912949,0.9409385857104414,0.0019277306995884645,0.17976151773489898,0.0004556376676525539,0.946660907674497,0.002100990890553479,240.0,0.0,0.0,0.0,-0.43244241591554367,0.00043932178341691473,0.4324439045039921,0.0004387592316598932,0.8904097023636167,0.0006974501381670019,0.9459241214810428,0.0008400017779385754,0.1858507974741656,0.00017729093983589783,0.9515376800293233,0.0009114229099710723,960.0,0.0,0.0,0.0,-0.46066325652663964,0.000202023411511668,0.46066503090971916,0.00020300703323764067,0.8981539691238277,0.0002873286305805318,1412400.0,1382400.0,28800.0,30000.0,28800.0,1411200.0,84672000.0,28800.0,28800.0,1.0,0.0,0.16736805555555553,0.001279880139425674,1.0,0.0,1.0,0.0,1.5850104418951978,0.005783070961078147,3.272949656486542,0.009598083049229073,0.0,0.0,55.279028915124854,0.3983668730397675,-4.304819516494099,0.024571935459407855,4.304819516494099,0.024571935459407855,4.304819516494099,0.024571935459407855,0.0,0.0,4.304819516494099,0.024571935459407855,,,,,,,,,,,5,0.0,0.0,0.0,0.0,0.0,0.0
60,2,32,batch_box,batch_box,1.0,all,4.32416054001078,0.2515441768597375,0.8637562906805201,0.0017237410286205913,0.9421651190394387,0.0013901347396820338,0.18433046873148648,0.0003428832093028433,0.9503885234525773,0.001563657393722021,1200.0,0.0,0.0,0.0,-0.4384834173108915,0.00018377740283194235,0.43851650872874515,0.00018234095509688214,0.8706798386142174,0.0003444650556430957,0.9379660580343087,0.004714314124024031,0.17903310939949196,0.0012373912683991835,0.946247946750951,0.005259995998755076,240.0,0.0,0.0,0.0,-0.41584528001497423,0.0008018489881031884,0.4158496987086977,0.0008002758624934274,0.8637562906805201,0.0017237410286205913,0.9431770070686454,0.0010937815813486108,0.1856548085644851,0.0003273848946932615,0.9513896319989488,0.0012804234704602466,960.0,0.0,0.0,0.0,-0.4441429516348707,0.0003868599792811176,0.4441832112337571,0.00037964733259413376,0.8722954558831049,0.000700913260206852,2497200.0,2457600.0,38400.0,39600.0,38400.0,2496000.0,149760000.0,38400.0,38400.0,1.0,0.0,0.127265625,0.0017321134529495754,1.0,0.0,1.0,0.0,1.1052073085093919,0.012477052985691656,1.1052073085093919,0.012477052985691656,0.0,0.0,50.35774405553804,0.5456107183786979,-4.036347700504107,0.03699151106265868,4.036347700504107,0.03699151106265868,4.066399404966318,0.035891104900350156,0.2831933563392249,0.0025930647587323005,4.319541056843332,0.0353011377366843,0.5185215549296632,0.004057804437557987,0.43710000000000004,0.008264381404557765,0.2193,0.0019235384061671375,0.9995,0.0,0.8333333333333334,0.00859990310022931,5,0.00012730671614543073,0.0,0.0,0.0,1.0,1.0
60,2,32,box_factor_a0.9,box_factor,0.9,all,4.134515639999881,0.6754693373114148,0.8257887900705709,0.003941505560669516,1.1251158295510053,0.002111179867955827,0.21048105351377294,0.0006677504377981465,1.1550870660484658,0.0023379942312939353,1200.0,0.0,0.0,0.0,-0.4097184925567731,0.0004498997060333278,0.4122818690715551,0.00025913012992595383,0.8347658331850942,0.000639540741363364,1.1327238790063898,0.019271084165252004,0.20556099389876695,0.0029114882994844475,1.1632737469888936,0.021166987532389325,240.0,0.0,0.0,0.0,-0.38661295842939325,0.0017297969850541203,0.3875422170181265,0.0020898982585939234,0.8257887900705709,0.003941505560669516,1.1232278829300408,0.004877467659447283,0.21171106841752446,0.0008801017025933983,1.153043427433449,0.005441755456925817,960.0,0.0,0.0,0.0,-0.4154948760886182,0.0008919291475503292,0.4184667820849123,0.0006389125572470867,0.8368552209077317,0.0013778003781572154,2497200.0,2457600.0,38400.0,39600.0,38400.0,2496000.0,149760000.0,38400.0,38400.0,1.0,0.0,0.127265625,0.0017321134529495754,1.0,0.0,1.0,0.0,1.1052073085093919,0.012477052985691656,1.1730533980479907,0.013150730687499864,0.0,0.0,44.47895170557363,0.4297425401717889,-3.501200623990331,0.035227882134757964,3.501200623990331,0.035227882134757964,3.768007536929182,0.030374078043065605,0.8183404328530017,0.0022791193479908484,4.319541056843332,0.0353011377366843,,,,,,,,,,,5,0.0007410723391336149,0.0,1.0,0.0,1.0,1.0
60,2,32,box_factor_a2,box_factor,2.0,all,4.119629840040579,0.6569591647387125,0.8084652420541755,0.004787899210705973,1.3391608794810135,0.003535610429041732,0.234791705089448,0.0006959347939757545,1.3886423294907384,0.0037918060557540463,1200.0,0.0,0.0,0.0,-0.39084921417915164,0.000622449908193325,0.3987220875547111,0.00045869604675512335,0.818200706647005,0.0007644374274337248,1.362310372582384,0.029319507938946547,0.23097248747155752,0.0036831549134011972,1.412865323369875,0.03178329267495501,240.0,0.0,0.0,0.0,-0.3672619637816745,0.00223447633745686,0.37455879887935517,0.0025219487142815423,0.8084652420541755,0.004787899210705973,1.3334245237543796,0.006919900979310559,0.23574650949392062,0.0009839107418170392,1.382610215972789,0.007563204041805851,960.0,0.0,0.0,0.0,-0.3967460267785209,0.0010939003087573845,0.40476290972355,0.0003841885913927698,0.8204642039738855,0.0015343236653182761,2497200.0,2457600.0,38400.0,39600.0,38400.0,2496000.0,149760000.0,38400.0,38400.0,1.0,0.0,0.127265625,0.0017321134529495754,1.0,0.0,1.0,0.0,1.1052073085093919,0.012477052985691656,0.783935560922243,0.008682683409140112,0.0,0.0,42.746656465081905,0.3530162243721328,-3.1420458161861746,0.033821958225381046,3.1420458161861746,0.033821958225381046,3.654534847825564,0.02475053671168758,1.1774952406571582,0.004089646558686131,4.319541056843332,0.0353011377366843,,,,,,,,,,,5,0.0015900003795421421,1.0,1.0,1.0,1.0,1.0
60,2,32,f_zero,f_zero,0.0,all,1.9317538600880653,0.17872709177814314,0.8908897107767896,0.0005848467827040993,0.9315300780359733,0.0005041218044881273,0.18198992197446168,0.00010040920751193223,0.9356170359071767,0.0005749036514943604,1200.0,0.0,0.0,0.0,-0.45509864469513694,9.981636365477385e-05,0.455099379324293,0.00010034656060380046,0.8967762336488379,0.0001721771608060065,0.9276521879499142,0.0013400395973006624,0.1773989908947519,0.00036931537244677345,0.9318488819707337,0.0014504338793158347,240.0,0.0,0.0,0.0,-0.43261794009869936,0.00032324425476627246,0.43261833461622123,0.0003233201131774986,0.8908897107767896,0.0005848467827040993,0.9324662594251161,0.00039377016204107716,0.18313765474438912,6.1027603672232343e-05,0.9365301899292952,0.0004614802876481627,960.0,0.0,0.0,0.0,-0.4607188208442463,0.00014356394076054215,0.4607196405013109,0.00014449509445395788,0.8981513982930267,0.0002476985962609903,1230000.0,1228800.0,0.0,1200.0,0.0,1228800.0,73728000.0,0.0,0.0,0.0,0.0,0.0,0.0,0.0,0.0,0.0,0.0,0.0,0.0,0.0,0.0,0.0,0.0,,,,,,,,,,,,,,,,,,,,,,,5,0.0,0.0,0.0,0.0,0.0,0.0
60,2,32,raw,raw,1.0,all,4.357310520019382,0.09844540009384145,0.8337902404585922,0.0037414337818779207,1.1866121859020407,0.005669547880267916,0.2183319083330363,0.00040800818943112493,1.2213898857680607,0.006167585489312601,1200.0,0.0,0.0,0.0,-0.41098967315603047,0.0005802516486778867,0.41418229430762077,0.0004629250105535187,0.8430422677504795,0.0006664407675682701,1.205817959389214,0.02048786374227201,0.21454792811152137,0.002589048494861634,1.2419916778061006,0.02238384007349663,240.0,0.0,0.0,0.0,-0.38701665187829465,0.001973177504688243,0.389002643605055,0.0022364903546349675,0.8337902404585922,0.0037414337818779207,1.181882762827507,0.006071421379323096,0.21927790338841505,0.0006655243773607375,1.2162923871298736,0.006650139605306497,960.0,0.0,0.0,0.0,-0.41698292847546437,0.0006870230826371319,0.4204772069832622,0.0005848459443849468,0.8451958193784133,0.0012429298711653914,2497200.0,2457600.0,38400.0,39600.0,38400.0,2496000.0,149760000.0,38400.0,38400.0,1.0,0.0,0.127265625,0.0017321134529495754,1.0,0.0,0.0,0.0,1.1052073085093919,0.012477052985691656,1.1052073085093919,0.012477052985691656,0.0,0.0,44.76341007184409,0.3852438423268569,-3.4341993672745432,0.03447537176550151,3.4341993672745432,0.03447537176550151,3.7431393300670357,0.026654036861646337,0.8853416895687891,0.004604882647155532,4.319541056843332,0.0353011377366843,,,,,,,,,,,5,0.0010332148596114933,0.0,0.0,0.0,1.0,1.0
60,2,32,sample_ball,sample_ball,1.0,all,4.347477539954707,0.17279691606814832,0.8418068774498032,0.003345812460980115,1.083556727396822,0.0017521598522852906,0.20578701574478275,0.00042359618849196774,1.1082264637810533,0.0019514104671164336,1200.0,0.0,0.0,0.0,-0.4197354006001282,0.00041110127629555136,0.42137658147366625,0.0003756968497906708,0.850801926839676,0.0006362288851090649,1.0931336603127308,0.015433343377694685,0.20131378487140256,0.0022207822900968312,1.1187886310479367,0.01699029787660299,240.0,0.0,0.0,0.0,-0.39615973749446,0.001549242540118205,0.3966026720563856,0.0016140760367805904,0.8418068774498032,0.003345812460980115,1.0812003497692848,0.0038242133487012544,0.20690532346312782,0.00058808821993274,1.105614576900508,0.004276370778773954,960.0,0.0,0.0,0.0,-0.4256293163765452,0.0006824397637317631,0.42757005882798654,0.0006974858414502331,0.8528965383971364,0.001147803049104206,2497200.0,2457600.0,38400.0,39600.0,38400.0,2496000.0,149760000.0,38400.0,38400.0,1.0,0.0,0.127265625,0.0017321134529495754,0.127265625,0.0017321134529495754,0.127265625,0.0017321134529495754,1.1052073085093919,0.012477052985691656,0.12636981674897424,0.0035255189040448625,0.0,0.0,46.01848147322534,0.451448189069341,-3.6246956150270115,0.03548437149064199,3.6246956150270115,0.03548437149064199,3.8317267132339135,0.03180294062830135,0.6948454418163207,0.0028343932002309435,4.319541056843332,0.0353011377366843,,,,,,,,,,,5,0.0005959284125975694,0.0,0.0,0.0,1.0,1.0
60,2,32,sample_box,sample_box,1.0,all,4.380616919975727,0.11237345537118949,0.8226313042671883,0.004131270987273604,1.1533235503719816,0.002166234342165225,0.21387299594836798,0.0006910485536794863,1.1860927857575811,0.002389750724682537,1200.0,0.0,0.0,0.0,-0.40680595553533455,0.00047619410424215515,0.4099194464804129,0.00025316726116652737,0.8317587850167492,0.00065164945961397,1.1629852318561036,0.021051945701364927,0.2090837189233259,0.0030736906503304427,1.1964074151746424,0.02306906367545277,240.0,0.0,0.0,0.0,-0.3836380078735341,0.0018134335360717867,0.3850486536234935,0.002327962615995023,0.8226313042671883,0.004131270987273604,1.1509276695924726,0.005261074642934454,0.2150703152046285,0.000923326338765479,1.1835201204169472,0.0058493855926347454,960.0,0.0,0.0,0.0,-0.4125979424507847,0.0009349788054589744,0.4161371446946428,0.0006233700435722297,0.8338827237371959,0.0014097667048980963,2497200.0,2457600.0,38400.0,39600.0,38400.0,2496000.0,149760000.0,38400.0,38400.0,1.0,0.0,0.127265625,0.0017321134529495754,1.0,0.0,1.0,0.0,1.1052073085093919,0.012477052985691656,1.1052073085093919,0.012477052985691656,0.0,0.0,44.068345454176495,0.4187410609128833,-3.4470878218856944,0.03511012752919648,3.4470878218856944,0.03511012752919648,3.7449527316440836,0.029616577693381507,0.8724532349576378,0.002412496405065501,4.319541056843332,0.0353011377366843,,,,,,,,,,,5,0.0008456487398110709,0.0,1.0,0.0,1.0,1.0
60,2,32,z_only_box,z_only_box,1.0,all,4.38862008000724,0.10767793324698431,0.8226313042671883,0.004131270987273604,1.1533235503719816,0.002166234342165225,0.21387299594836798,0.0006910485536794863,1.1860927857575811,0.002389750724682537,1200.0,0.0,0.0,0.0,-0.40680595553533455,0.00047619410424215515,0.4099194464804129,0.00025316726116652737,0.8317587850167492,0.00065164945961397,1.1629852318561036,0.021051945701364927,0.2090837189233259,0.0030736906503304427,1.1964074151746424,0.02306906367545277,240.0,0.0,0.0,0.0,-0.3836380078735341,0.0018134335360717867,0.3850486536234935,0.002327962615995023,0.8226313042671883,0.004131270987273604,1.1509276695924726,0.005261074642934454,0.2150703152046285,0.000923326338765479,1.1835201204169472,0.0058493855926347454,960.0,0.0,0.0,0.0,-0.4125979424507847,0.0009349788054589744,0.4161371446946428,0.0006233700435722297,0.8338827237371959,0.0014097667048980963,2497200.0,2457600.0,38400.0,39600.0,38400.0,2496000.0,149760000.0,38400.0,38400.0,1.0,0.0,0.127265625,0.0017321134529495754,1.0,0.0,1.0,0.0,1.1052073085093919,0.012477052985691656,1.1052073085093919,0.012477052985691656,0.0,0.0,44.068345454176495,0.4187410609128833,-3.4470878218856944,0.03511012752919648,3.4470878218856944,0.03511012752919648,3.7449527316440836,0.029616577693381507,0.8724532349576378,0.002412496405065501,4.319541056843332,0.0353011377366843,,,,,,,,,,,5,0.0008456487398110709,0.0,1.0,0.0,1.0,1.0
60,2,32,z_zero,z_zero,0.0,all,4.25916361999698,0.26305356095859483,0.8908897107767896,0.0005848467827040993,0.9315300780359733,0.0005041218044881273,0.18198992197446168,0.00010040920751193223,0.9356170359071767,0.0005749036514943604,1200.0,0.0,0.0,0.0,-0.45509864469513694,9.981636365477385e-05,0.455099379324293,0.00010034656060380046,0.8967762336488379,0.0001721771608060065,0.9276521879499142,0.0013400395973006624,0.1773989908947519,0.00036931537244677345,0.9318488819707337,0.0014504338793158347,240.0,0.0,0.0,0.0,-0.43261794009869936,0.00032324425476627246,0.43261833461622123,0.0003233201131774986,0.8908897107767896,0.0005848467827040993,0.9324662594251161,0.00039377016204107716,0.18313765474438912,6.1027603672232343e-05,0.9365301899292952,0.0004614802876481627,960.0,0.0,0.0,0.0,-0.4607188208442463,0.00014356394076054215,0.4607196405013109,0.00014449509445395788,0.8981513982930267,0.0002476985962609903,2497200.0,2457600.0,38400.0,39600.0,38400.0,2496000.0,149760000.0,38400.0,38400.0,1.0,0.0,0.127265625,0.0017321134529495754,1.0,0.0,1.0,0.0,1.1052073085093919,0.012477052985691656,2.5445639448343416,0.02263082241366144,0.0,0.0,55.490920755122545,0.5816795931554465,-4.319541056843332,0.0353011377366843,4.319541056843332,0.0353011377366843,4.319541056843332,0.0353011377366843,0.0,0.0,4.319541056843332,0.0353011377366843,,,,,,,,,,,5,0.0,0.0,0.0,0.0,0.0,0.0
60,3,3,batch_box,batch_box,1.0,all,0.2289933199994266,0.021523947849218822,0.8573746238024367,0.0026310392012773264,1.6610274746115035,0.013213844469973295,0.29476356888759936,0.002103481289015419,1.7321578117774254,0.014186572799760364,1200.0,0.0,0.0,0.0,-0.4347865148132901,0.0008376768772969933,0.4352255502534512,0.0009697623835654463,0.8656003834764225,0.000998511444624672,1.6440194732143176,0.04053113873771618,0.286177582745759,0.00577595454622371,1.7124370193961873,0.04354247283475888,240.0,0.0,0.0,0.0,-0.41272301325131167,0.0005728877497216282,0.4129835237077426,0.0007874401134565918,0.8573746238024367,0.0026310392012773264,1.665003630654411,0.01724386264359202,0.2969100654230594,0.0023659706318604826,1.7367877555887645,0.018576689410496165,960.0,0.0,0.0,0.0,-0.4403023902037847,0.0010651558307308668,0.4407860568898784,0.0012040006541067447,0.8675171759906639,0.001642394735174025,170400.0,140400.0,28800.0,30000.0,25200.0,165600.0,9936000.0,25200.0,28800.0,1.0,0.0,0.3105069444444445,0.0022980498223735286,1.0,0.0,1.0,0.0,15.197086828805741,0.16088672659428846,15.197086828805741,0.16088672659428846,0.0,0.0,42.677483990860175,0.6000644083105986,-3.4171723541400896,0.03878263799883785,3.4171723541400896,0.03878263799883785,3.455399643411794,0.03655923361235044,0.25560151482473886,0.0021191777724663716,3.6727738689648293,0.04022595368061999,0.5601941155907741,0.005597778940759756,0.4495,0.020285462775100814,0.10010000000000001,0.0016733200530681463,0.9995,0.0,0.5963888888888889,0.007342087577794191,5,0.0016020503178407264,0.0,1.0,0.0,1.0,1.0
60,3,3,box_factor_a0.9,box_factor,0.9,all,0.21183742000721395,0.014592705937858611,0.7931414437473993,0.0022918644739026886,3.475473163788121,0.11301439865526074,0.472178644650295,0.010117885612710941,3.6676262616163924,0.11998300701024664,1200.0,0.0,0.0,0.0,-0.3711850373430157,0.0033374469610709567,0.3899284480117312,0.0016931892042978522,0.8058485664775376,0.003582316539507805,3.471643023039566,0.3396984531078716,0.46151689316227273,0.02368728848979103,3.6585732497141223,0.3599834179298355,240.0,0.0,0.0,0.0,-0.34793271691312955,0.004589628601897139,0.3660504319220241,0.0014291745313827543,0.7931414437473993,0.0022918644739026886,3.4731364725273535,0.1275838319946268,0.4748440825223006,0.012697453343116618,3.666335978748433,0.13557111448890924,960.0,0.0,0.0,0.0,-0.3769981174504872,0.004633928200251435,0.395897952034158,0.001896111409343567,0.8087966111891692,0.004710909920611079,170400.0,140400.0,28800.0,30000.0,25200.0,165600.0,9936000.0,25200.0,28800.0,1.0,0.0,0.31211805555555555,0.0024881567468536753,1.0,0.0,1.0,0.0,16.491054556802897,0.23358072158892382,16.869637673700556,0.23802367847076594,0.0,0.0,36.54945707571303,0.483452177193297,-2.8335258286542486,0.035148597530842846,2.8335258286542486,0.035148597530842846,3.153085966000412,0.033967810677126876,0.8392480403105809,0.009869550073021986,3.6727738689648293,0.04022595368061999,,,,,,,,,,,5,0.018314616389439178,0.0,1.0,0.0,1.0,1.0
60,3,3,f_zero,f_zero,0.0,all,0.028154700016602873,0.0028140609565611976,0.8907011582000196,0.001127206416232431,1.4402648650098409,0.002368652002011766,0.26513217015336293,0.0004307247888063324,1.492202587719825,0.002546259275619367,1200.0,0.0,0.0,0.0,-0.4554562113673576,0.0003621594591388091,0.45555213123624955,0.00037636399172703085,0.8978661142642382,0.0005928160800240342,1.4404793123915263,0.011993997537419221,0.2590985747053399,0.002560651523542023,1.4915025791510796,0.01293208036708071,240.0,0.0,0.0,0.0,-0.432695705517206,0.0012179781460943135,0.43283439668611196,0.001252834705568871,0.8907011582000196,0.001127206416232431,1.4402043355920544,0.0017768917573104726,0.26664056901536864,0.0006243609987493147,1.4923628781834313,0.0019459124110075233,960.0,0.0,0.0,0.0,-0.46114633782989545,0.0004985546165704196,0.46123156487378403,0.0005030924901023591,0.8995383820409334,0.0006840292912213933,33600.0,32400.0,0.0,1200.0,0.0,32400.0,1944000.0,0.0,0.0,0.0,0.0,0.0,0.0,0.0,0.0,0.0,0.0,0.0,0.0,0.0,0.0,0.0,0.0,,,,,,,,,,,,,,,,,,,,,,,5,0.0,0.0,1.0,0.0,0.0,0.0
60,3,3,raw,raw,1.0,all,0.2135944799054414,0.027742308134239294,1.0092069848508785,0.08579306163782124,26.919257945766287,16.3858221229754,1.1043063973150173,0.16909861983847968,28.48291000151511,17.337889588912198,1200.0,0.0,0.0,0.0,-0.2953874518818673,0.038605330525940035,0.4917627901960026,0.035851551431616197,1.812378412140827,1.0866878244026132,10.732814647669418,1.503098506528436,0.8631681462253867,0.04790576872413784,11.336642816314507,1.588704112106703,240.0,0.0,0.0,0.0,-0.30767357167392356,0.025641767512007346,0.42694244407601617,0.011767741286015942,1.0092069848508785,0.08579306163782124,29.38538085127713,18.54154163285886,1.1645909600874251,0.21328353047940535,31.10388187496818,19.62595189941191,960.0,0.0,0.0,0.0,-0.2923159219338533,0.04389415374333903,0.5079678767259992,0.0439937204294651,1.9392898111955854,1.2351048146500847,170400.0,140400.0,28800.0,30000.0,25200.0,165600.0,9936000.0,25200.0,28800.0,1.0,0.0,0.3154375,0.0024074547048416398,1.0,0.0,0.0,0.0,17.971146848446587,0.4514069383445415,17.971146848446587,0.4514069383445415,0.0,0.0,68.04917938144914,26.44182108441984,-2.682658104914426,0.03282791983574887,2.682658104914426,0.03282791983574887,3.473898659627352,0.06755293181001767,0.9901157640504028,0.051763114526280164,3.6727738689648293,0.04022595368061999,,,,,,,,,,,5,1.4421295143761335,0.0,0.0,0.0,0.0,0.0
60,3,3,sample_ball,sample_ball,1.0,all,0.20840566004626454,0.017325922875857512,0.8535898992415646,0.006634616366056676,1.9284219160258207,0.03432846194611435,0.32315274876242633,0.0034522605193521316,2.018864557133823,0.03663485896435544,1200.0,0.0,0.0,0.0,-0.42951935430397714,0.001410593571717327,0.430901591429525,0.001813406764380483,0.8637203342624366,0.0031311351019122956,1.9279279924913397,0.05676246739546346,0.31556003323445314,0.005664776261026051,2.0163548224813987,0.06037959639563707,240.0,0.0,0.0,0.0,-0.406181337335559,0.0026548098530815734,0.4066929963319845,0.002378652024165328,0.8535898992415646,0.006634616366056676,1.9284773826715675,0.03150721630292383,0.3250509276444197,0.002944038728505188,2.0194050434408393,0.03361548509088083,960.0,0.0,0.0,0.0,-0.4353538585460817,0.0016762310556675069,0.4369537402039101,0.002149321498763512,0.8660728405594902,0.004015489984591226,170400.0,140400.0,28800.0,30000.0,25200.0,165600.0,9936000.0,25200.0,28800.0,1.0,0.0,0.3144652777777778,0.002362974142439891,0.3144652777777778,0.002362974142439891,0.3144652777777778,0.002362974142439891,15.238963716673766,0.1631993484038415,9.578315288379239,0.12271647827563024,0.0,0.0,42.87842888842896,0.5605495827303738,-3.400095492170538,0.03680374772334572,3.400095492170538,0.03680374772334572,3.460001031005427,0.03604031736942084,0.2726783767942905,0.0036627165390993068,3.6727738689648293,0.04022595368061999,,,,,,,,,,,5,0.003558971416735514,0.0,1.0,0.0,1.0,1.0
60,3,3,sample_box,sample_box,1.0,all,0.20875997999683021,0.01943184934798834,0.7905555786963065,0.005310350670439605,3.912090788962344,0.1387236875110295,0.5112038509432779,0.012113646885500729,4.130969390393777,0.14716678959806526,1200.0,0.0,0.0,0.0,-0.3599534247341422,0.0039008744450902974,0.386527002236822,0.001440464198811429,0.8031560804040083,0.0035289922587984747,3.9032570189426465,0.40929697859411013,0.4998058012214054,0.02752459881566335,4.115857193588196,0.43340117060955724,240.0,0.0,0.0,0.0,-0.3365432846186954,0.005321579424381741,0.3633792787877649,0.0024699232878981105,0.7905555786963065,0.005310350670439605,3.9098673838864544,0.16118219752231974,0.5140533633737461,0.015274723743523944,4.129986683445274,0.17111456734103608,960.0,0.0,0.0,0.0,-0.36580595976300395,0.005293282736263501,0.39231393309908624,0.001318297373755446,0.8060794241660865,0.004058802624072176,170400.0,140400.0,28800.0,30000.0,25200.0,165600.0,9936000.0,25200.0,28800.0,1.0,0.0,0.31227777777777777,0.0024465741984746885,1.0,0.0,1.0,0.0,16.78229598054978,0.25189292776986033,16.78229598054978,0.25189292776986033,0.0,0.0,36.121078959142935,0.4869528560946665,-2.7538242324651874,0.03475824450886039,2.7538242324651874,0.03475824450886039,3.1284927540862273,0.034003119811837276,0.9189496364996416,0.011101245692350851,3.6727738689648293,0.04022595368061999,,,,,,,,,,,5,0.023942136511329454,1.0,1.0,0.0,1.0,1.0
60,3,3,shrink_c0.5,shrink,0.5,all,0.19773801998235285,0.012733633424573041,0.846271055161357,0.010944969355935065,4.361597934805312,1.6826015510480512,0.42177764343506013,0.020885689479085964,4.6052700510128854,1.7832266898227274,1200.0,0.0,0.0,0.0,-0.41411510599161494,0.005412585184566743,0.4268742729946232,0.003565243786155372,0.8778760909595611,0.03712891476054711,2.8090444479062673,0.15974889308101287,0.3849856410725875,0.012298082223508202,2.954321075946832,0.1695215282469848,240.0,0.0,0.0,0.0,-0.3946587831008429,0.006220276844457617,0.3988250048775849,0.005799407988858177,0.846271055161357,0.010944969355935065,4.6369602990560095,1.9446426564654329,0.43097564402567834,0.025273645730383543,4.8987957303746805,2.061323167049698,960.0,0.0,0.0,0.0,-0.41897918671430795,0.0054565870611045465,0.43388659002388275,0.0048763950322391995,0.8849139553277408,0.046298900290105374,170400.0,140400.0,28800.0,30000.0,25200.0,165600.0,9936000.0,25200.0,28800.0,1.0,0.0,0.31370833333333337,0.002311754342578833,1.0,0.0,1.0,0.0,15.726956656717698,0.2134894466361358,5.105341079780542,0.0656576366682348,0.0,0.0,41.44313117709466,0.6764676834320016,-3.2309789036147394,0.03045158874524224,3.2309789036147394,0.03045158874524224,3.3761264839479863,0.03635037623211396,0.4417949653500893,0.013944760969530075,3.6727738689648293,0.04022595368061999,,,,,,,,,,,5,0.031205197047277877,0.0,1.0,0.0,0.8,0.8
60,3,3,z_only_box,z_only_box,1.0,all,0.20280168000608684,0.017331310348583186,0.7919609347905453,0.0048258682669671295,4.266198770676153,0.18514241618993318,0.5255862124679249,0.014253635724138333,4.506344137700326,0.19619176888605805,1200.0,0.0,0.0,0.0,-0.3567702594358665,0.004743280077913586,0.38841429898570523,0.0012846689982514714,0.8112341484165148,0.007935063219061537,4.056891957427067,0.4562235226156884,0.5075120535663405,0.028433421110095235,4.278506240688839,0.48305411747931565,240.0,0.0,0.0,0.0,-0.33484446807329404,0.004991140702195098,0.36393889754482106,0.0021031927424678895,0.7919609347905453,0.0048258682669671295,4.308727387489105,0.2519405649122146,0.5301047521933211,0.018868338581063182,4.552945303549079,0.26708912121884476,960.0,0.0,0.0,0.0,-0.36225170727650957,0.006280559581718216,0.39453314934592626,0.0013544449369099958,0.8156756353663598,0.009988196009419845,170400.0,140400.0,28800.0,30000.0,25200.0,165600.0,9936000.0,25200.0,28800.0,1.0,0.0,0.31227777777777777,0.0024465741984746885,1.0,0.0,1.0,0.0,16.78229598054978,0.25189292776986033,16.78219611632114,0.2518698544131622,0.0,0.0,36.25764644983934,0.5120693150542782,-2.7497010246983473,0.03460461854326806,2.7497010246983473,0.03460461854326806,3.132615961853067,0.034703838331761126,0.9230728442664813,0.011829862859127484,3.6727738689648293,0.04022595368061999,,,,,,,,,,,5,0.030414156850214886,0.0,1.0,0.0,1.0,1.0
60,3,3,z_zero,z_zero,0.0,all,0.19031928000040352,0.005151357639076738,0.8907011582000196,0.001127206416232431,1.4402648650098409,0.002368652002011766,0.26513217015336293,0.0004307247888063324,1.492202587719825,0.002546259275619367,1200.0,0.0,0.0,0.0,-0.4554562113673576,0.0003621594591388091,0.45555213123624955,0.00037636399172703085,0.8978661142642382,0.0005928160800240342,1.4404793123915263,0.011993997537419221,0.2590985747053399,0.002560651523542023,1.4915025791510796,0.01293208036708071,240.0,0.0,0.0,0.0,-0.432695705517206,0.0012179781460943135,0.43283439668611196,0.001252834705568871,0.8907011582000196,0.001127206416232431,1.4402043355920544,0.0017768917573104726,0.26664056901536864,0.0006243609987493147,1.4923628781834313,0.0019459124110075233,960.0,0.0,0.0,0.0,-0.46114633782989545,0.0004985546165704196,0.46123156487378403,0.0005030924901023591,0.8995383820409334,0.0006840292912213933,170400.0,140400.0,28800.0,30000.0,25200.0,165600.0,9936000.0,25200.0,28800.0,1.0,0.0,0.308375,0.002221191167058197,1.0,0.0,1.0,0.0,15.028063104120786,0.15165137275003004,19.59730553305123,0.19509022932696057,0.0,0.0,47.08104441818428,0.6913004105726971,-3.6727738689648293,0.04022595368061999,3.6727738689648293,0.04022595368061999,3.6727738689648293,0.04022595368061999,0.0,0.0,3.6727738689648293,0.04022595368061999,,,,,,,,,,,5,0.0,0.0,1.0,0.0,0.0,0.0
60,3,6,batch_box,batch_box,1.0,all,1.7773651800584047,0.12474393925726314,0.8554100981881474,0.004828282433897431,1.085213912039775,0.0026057685156541353,0.20813249447122623,9.876494150837012e-05,1.1090359969934742,0.002814359072656874,1200.0,0.0,0.0,0.0,-0.4333899205173384,0.00047957906557969217,0.4335592046910066,0.00044421814274487887,0.8616485568388844,0.0010978191690687402,1.0865068208452722,0.01916365170062544,0.20250236512546485,0.0015038476807838228,1.1103370851564396,0.021197266776462255,240.0,0.0,0.0,0.0,-0.41146361577563006,0.0020245088738300517,0.4115123433602301,0.0020019745380230156,0.8554100981881474,0.004828282433897431,1.0848677243160785,0.002997529943872786,0.20954002680766654,0.00040956723871366695,1.1086798904000439,0.0032894565345312067,960.0,0.0,0.0,0.0,-0.4388714967027655,0.0003009646681731499,0.43907092002370074,0.00029843453577320123,0.8631032442252673,0.0007909706689804717,1182000.0,1080000.0,100800.0,102000.0,93600.0,1173600.0,70416000.0,93600.0,100800.0,1.0,0.0,0.262452380952381,0.0009696475464432907,1.0,0.0,1.0,0.0,6.929731055284856,0.030818885036685673,6.929731055284856,0.030818885036685673,0.0,0.0,41.26391024419447,0.3048607057481321,-3.330146946507361,0.015568763084997337,3.330146946507361,0.015568763084997337,3.3570847246301923,0.014929126636551333,0.24114120510923537,0.0030418057729032118,3.5712881516165966,0.014973028272978396,0.5918027224037701,0.0007614599539680698,0.5511,0.00766811580507234,0.12229999999999999,0.0010954451150103337,0.9995,0.0,0.5829444444444445,0.0012044157438154898,5,0.0005226074040938271,0.0,0.4,0.0,1.0,1.0
60,3,6,box_factor_a0.9,box_factor,0.9,all,1.8224904800299555,0.13959483218095523,0.7784180593142838,0.010352138532057008,2.0763808708477023,0.039891051306884084,0.3134612518220175,0.0023816626957552673,2.180581975068634,0.04254405477714655,1200.0,0.0,0.0,0.0,-0.36991520474678447,0.0011257079901491858,0.3809441184312156,0.0014123775011335344,0.7858902975658937,0.003191698978178904,2.1415757259070873,0.12838908715244168,0.3106391241131566,0.007302545846069027,2.2473808718443364,0.13681599141589973,240.0,0.0,0.0,0.0,-0.3482004710443259,0.004772048261830106,0.3584811228575105,0.006039845357789387,0.7784180593142838,0.010352138532057008,2.0596530812257448,0.035512914597257715,0.3141667837492327,0.003999809608138936,2.1633480670699488,0.03800458418746377,960.0,0.0,0.0,0.0,-0.37534388817239905,0.001305196576683037,0.3865598673246419,0.0019775659379793766,0.7876180720510734,0.004052304933469092,1182000.0,1080000.0,100800.0,102000.0,93600.0,1173600.0,70416000.0,93600.0,100800.0,1.0,0.0,0.2659464285714286,0.0009492912431511507,1.0,0.0,1.0,0.0,7.253884340159578,0.027213076545769786,7.487380406810618,0.028113701426800062,0.0,0.0,34.78525613834736,0.2650284929564783,-2.736520154475812,0.019149800425205137,2.736520154475812,0.019149800425205137,3.0284187127957356,0.013047885779082384,0.8347679971407842,0.007933669877776325,3.5712881516165966,0.014973028272978396,,,,,,,,,,,5,0.006002783380096917,0.0,1.0,0.0,1.0,1.0
60,3,6,box_factor_a1.5,box_factor,1.5,all,1.813997559947893,0.15174068987624426,0.7612974434495874,0.012183397027008887,3.9147859960615135,0.059819381542160134,0.487108737363475,0.0035044763625440697,4.134573465792206,0.06333551617860213,1200.0,0.0,0.0,0.0,-0.30308969620430715,0.0020070848722170045,0.36287471525862464,0.004011427830269125,0.7709555905617288,0.008454139622206449,4.001746208870346,0.20540677199178173,0.4849539717579271,0.022290192545570343,4.220830111332141,0.2176587167282672,240.0,0.0,0.0,0.0,-0.2824390594317759,0.010468412629968699,0.34312379850858105,0.007806244101249373,0.7612974434495874,0.012183397027008887,3.892073475320675,0.08697183801828622,0.48764742876486195,0.008906566794598676,4.1118795968166655,0.09224721771178777,960.0,0.0,0.0,0.0,-0.3082523553974399,0.0028853796700571235,0.3678124444461356,0.004876303521714111,0.7731817084917109,0.009787157252396934,1182000.0,1080000.0,100800.0,102000.0,93600.0,1173600.0,70416000.0,93600.0,100800.0,1.0,0.0,0.2673710317460317,0.0008931326735357873,1.0,0.0,1.0,0.0,7.714640426801506,0.023640769573884623,6.71958064665711,0.019874227572260216,0.0,0.0,33.4562426666554,0.2093100599097328,-2.3386560135151364,0.021604386019308364,2.3386560135151364,0.021604386019308364,2.931217127003406,0.009823557242678874,1.2326321381014604,0.01165800986529608,3.5712881516165966,0.014973028272978396,,,,,,,,,,,5,0.025151249024864857,0.8,1.0,0.8,1.0,1.0
60,3,6,f_zero,f_zero,0.0,all,0.35480514001101254,0.03640820665870331,0.890900836333012,0.0004070768420220993,0.9953185845822865,0.001412856559418346,0.19439523835710615,0.0002983363291707471,1.0064883450730497,0.0015633005262307561,1200.0,0.0,0.0,0.0,-0.455160951238261,0.00018801132947402494,0.45516534221376814,0.00018934880325802833,0.8969258244375743,0.0003517415613569653,0.9899514028814563,0.002664988776883157,0.18914289581514745,0.000722712260124361,1.0008745772794707,0.0029357813147265466,240.0,0.0,0.0,0.0,-0.4327625673957325,0.00030996452704338195,0.43276762531695023,0.00030820802825022147,0.890900836333012,0.0004070768420220993,0.9966132068939938,0.0011965952630073405,0.1957083239925958,0.00022080639584548919,1.0078473237990981,0.0013225242541242952,960.0,0.0,0.0,0.0,-0.4607605471988931,0.00024125356602004808,0.4607647714379726,0.00024164334410152125,0.8983332245413834,0.00041581127159951266,260400.0,259200.0,0.0,1200.0,0.0,259200.0,15552000.0,0.0,0.0,0.0,0.0,0.0,0.0,0.0,0.0,0.0,0.0,0.0,0.0,0.0,0.0,0.0,0.0,,,,,,,,,,,,,,,,,,,,,,,5,0.0,0.0,0.2,0.0,0.0,0.0
60,3,6,raw,raw,1.0,all,1.7152433599345387,0.13437888748578788,0.8984536785286984,0.09209350055517132,6.528850949777596,0.5612265068070901,0.5763774784262509,0.02323832850120073,6.902830235127462,0.59414316304361,1200.0,0.0,0.0,0.0,-0.33057626334299456,0.006395060850448215,0.4053963382737849,0.005389410332275635,0.8920191266187298,0.05705607854370771,7.875728530300694,1.495527698109298,0.6119249440571255,0.036768543681237144,8.316950516791758,1.5807327462909648,240.0,0.0,0.0,0.0,-0.3021538790220542,0.020027610355364846,0.3880943539573022,0.007829073524739239,0.8984536785286984,0.09209350055517132,6.117151064804501,0.6979786216191796,0.5674906120185323,0.03183682995896574,6.469001113496931,0.7389988377378165,960.0,0.0,0.0,0.0,-0.3376818594232296,0.00895488571099785,0.40972183435290555,0.006797345008166686,0.8889984530253809,0.07332367608294602,1182000.0,1080000.0,100800.0,102000.0,93600.0,1173600.0,70416000.0,93600.0,100800.0,1.0,0.0,0.2678869047619048,0.0009416506547177775,1.0,0.0,0.0,0.0,7.535971648851055,0.029223791429650956,7.535971648851055,0.029223791429650956,0.0,0.0,38.52872195090693,0.1930055934850605,-2.626321065675834,0.019818721072717378,2.626321065675834,0.019818721072717378,3.1256237741215083,0.006423821747903184,0.9449670859407625,0.012040665888607003,3.5712881516165966,0.014973028272978396,,,,,,,,,,,5,0.09366531626044655,0.0,0.0,0.0,0.8,0.8
60,3,6,sample_ball,sample_ball,1.0,all,1.7273503599688411,0.14360549969396733,0.8305780927845012,0.006586860399771085,1.4540652675622807,0.022407548566227054,0.2519808810585834,0.002253531196667881,1.5111119280542034,0.02420902497005709,1200.0,0.0,0.0,0.0,-0.41346229175149796,0.0010491873875347634,0.41472575120249466,0.0005958723329560028,0.8400376428368654,0.0013268212325042925,1.4925210953242902,0.04327561717957572,0.2498575640474998,0.005428921453927016,1.5514627128185912,0.04682536551680623,240.0,0.0,0.0,0.0,-0.3900733215561653,0.0027078844616447873,0.3909541908755428,0.0030256204673542847,0.8305780927845012,0.006586860399771085,1.444511116858521,0.02235561110658415,0.25251171031135433,0.002207365767818295,1.5010404932299477,0.02415451707953153,960.0,0.0,0.0,0.0,-0.41930953430033113,0.0010311995024458558,0.4206686412842327,0.0006720174809240829,0.8422360885008787,0.0016479845410533084,1182000.0,1080000.0,100800.0,102000.0,93600.0,1173600.0,70416000.0,93600.0,100800.0,1.0,0.0,0.2657420634920635,0.000838173303092295,0.2657420634920635,0.000838173303092295,0.2657420634920635,0.000838173303092295,6.972343620245207,0.0302611587024145,3.471075794766965,0.019741507041066603,0.0,0.0,39.595324634987634,0.3025554497237408,-3.179827843477975,0.017236604974167923,3.179827843477975,0.017236604974167923,3.261663991917119,0.014431551921061749,0.3914603081386211,0.005463469216345809,3.5712881516165966,0.014973028272978396,,,,,,,,,,,5,0.0023724269393863694,0.0,0.8,0.0,1.0,1.0
60,3,6,sample_box,sample_box,1.0,all,1.707499480061233,0.08955118363376967,0.7705547799611564,0.01144219436100262,2.344508753453686,0.04445201651419603,0.33934416679632357,0.002614856569783771,2.466597476882431,0.04730771542650809,1200.0,0.0,0.0,0.0,-0.35904168096162076,0.001295082849661464,0.3748072998404745,0.0019693793197730104,0.778213008009504,0.0038792950920650696,2.4119764642697357,0.1344991427579591,0.33644919285050234,0.009199162030558558,2.5351870403357912,0.14312724412886185,240.0,0.0,0.0,0.0,-0.3375328036622883,0.005560940661357661,0.3531028649650401,0.006504394074012628,0.7705547799611564,0.01144219436100262,2.327225644876754,0.043583168557547305,0.3400679102827789,0.004699896273734044,2.448929873207208,0.04651119192699326,960.0,0.0,0.0,0.0,-0.36441890028645385,0.001544196642297044,0.38023340855933313,0.002733580708479452,0.779980287704212,0.0048367119388985635,1182000.0,1080000.0,100800.0,102000.0,93600.0,1173600.0,70416000.0,93600.0,100800.0,1.0,0.0,0.26628174603174604,0.0009649672619205758,1.0,0.0,1.0,0.0,7.324773521273269,0.02645296791562484,7.324773521273269,0.02645296791562484,0.0,0.0,34.325567819972676,0.25701182749475576,-2.6629569854627766,0.019571045869857244,2.6629569854627766,0.019571045869857244,3.0023695069009686,0.012632187468262977,0.9083311661538207,0.008630203816330716,3.5712881516165966,0.014973028272978396,,,,,,,,,,,5,0.008062939679217484,0.2,1.0,0.0,1.0,1.0
60,3,6,shrink_c0.875,shrink,0.875,all,1.7882000400219114,0.15151166180390122,0.8409379571973619,0.03790746506775949,4.705949912415075,0.34977434865154966,0.4654301228338899,0.015437853611286984,4.971897480630808,0.37060662391842875,1200.0,0.0,0.0,0.0,-0.35839988262306444,0.004591815906709131,0.39880448762436155,0.004155121424909981,0.8438925217061246,0.02638879490579561,5.58072943148144,0.9069361931619933,0.4885437199028477,0.02620195536385245,5.890348946921736,0.9591546452413654,240.0,0.0,0.0,0.0,-0.3318460986207263,0.014348307519293271,0.3794796698619005,0.0046101120917766665,0.8409379571973619,0.03790746506775949,4.446334113140816,0.44730198527277665,0.4596517235666505,0.021461422499461865,4.698261341739391,0.4740801629078935,960.0,0.0,0.0,0.0,-0.36503832862364893,0.006217771580858168,0.40363569206497685,0.005335722516460096,0.8442790588757039,0.03415491928698135,1182000.0,1080000.0,100800.0,102000.0,93600.0,1173600.0,70416000.0,93600.0,100800.0,1.0,0.0,0.267406746031746,0.0009274228498798296,1.0,0.0,1.0,0.0,7.377078691954166,0.0285388709661354,0.1662928886708363,0.0006086229480550424,0.0,0.0,37.49383215409874,0.19550197405796094,-2.7547245290279827,0.018910226495134307,2.7547245290279827,0.018910226495134307,3.113447944225455,0.008492588390459632,0.8165636225886146,0.010263231516801048,3.5712881516165966,0.014973028272978396,,,,,,,,,,,5,0.04740446762725272,0.0,1.0,0.0,0.8,0.8
60,3,6,z_only_box,z_only_box,1.0,all,1.765510840015486,0.10396386906879597,0.7716629881223172,0.011460742850273759,2.4330135901280974,0.06703669864476103,0.343952710881713,0.003618361986387783,2.560743123783696,0.07136274610088125,1200.0,0.0,0.0,0.0,-0.35758753408564903,0.0014577468683008028,0.3756994504620321,0.0020190108598435725,0.779736147432628,0.003751885307717669,2.5337847899300865,0.1956255660556356,0.3421113023599382,0.008982587722362049,2.664507976242901,0.20779879772874088,240.0,0.0,0.0,0.0,-0.3359855166818706,0.005458179310503621,0.3538997131827615,0.006562960078119874,0.7716629881223172,0.011460742850273759,2.406821395336636,0.057677515984740135,0.3444130630121567,0.0054288821754494955,2.533634388171435,0.06155087559717575,960.0,0.0,0.0,0.0,-0.36298803843659366,0.0017273408201500349,0.3811493847818498,0.0027544346097942312,0.7815997531314889,0.004670215532164899,1182000.0,1080000.0,100800.0,102000.0,93600.0,1173600.0,70416000.0,93600.0,100800.0,1.0,0.0,0.26628174603174604,0.0009649672619205758,1.0,0.0,1.0,0.0,7.324773521273269,0.02645296791562484,7.324751832401087,0.02645312731793207,0.0,0.0,34.367190090587634,0.25128810976337085,-2.661610743246091,0.019758463268924414,2.661610743246091,0.019758463268924414,3.003715749117652,0.012465672726852155,0.9096774083705054,0.008674748631658022,3.5712881516165966,0.014973028272978396,,,,,,,,,,,5,0.008609622655907282,0.0,1.0,0.0,1.0,1.0
60,3,6,z_zero,z_zero,0.0,all,1.7475769599433988,0.1376670236792718,0.890900836333012,0.0004070768420220993,0.9953185845822865,0.001412856559418346,0.19439523835710615,0.0002983363291707471,1.0064883450730497,0.0015633005262307561,1200.0,0.0,0.0,0.0,-0.455160951238261,0.00018801132947402494,0.45516534221376814,0.00018934880325802833,0.8969258244375743,0.0003517415613569653,0.9899514028814563,0.002664988776883157,0.18914289581514745,0.000722712260124361,1.0008745772794707,0.0029357813147265466,240.0,0.0,0.0,0.0,-0.4327625673957325,0.00030996452704338195,0.43276762531695023,0.00030820802825022147,0.890900836333012,0.0004070768420220993,0.9966132068939938,0.0011965952630073405,0.1957083239925958,0.00022080639584548919,1.0078473237990981,0.0013225242541242952,960.0,0.0,0.0,0.0,-0.4607605471988931,0.00024125356602004808,0.4607647714379726,0.00024164334410152125,0.8983332245413834,0.00041581127159951266,1182000.0,1080000.0,100800.0,102000.0,93600.0,1173600.0,70416000.0,93600.0,100800.0,1.0,0.0,0.2599900793650794,0.0010222346614519788,1.0,0.0,1.0,0.0,6.897104178091577,0.031212149182185223,10.039361641597642,0.04115298114614752,0.0,0.0,45.60034652464542,0.31355846263485293,-3.5712881516165966,0.014973028272978396,3.5712881516165966,0.014973028272978396,3.5712881516165966,0.014973028272978396,0.0,0.0,3.5712881516165966,0.014973028272978396,,,,,,,,,,,5,0.0,0.0,0.2,0.0,0.0,0.0
60,3,10,batch_box,batch_box,1.0,all,9.810559819987976,0.21446486368357007,0.8519683601800144,0.002333471686070393,0.9763891893722352,0.004805095772932382,0.19020464567802337,0.0007654306975041932,0.9894825315157055,0.005381945568767482,1200.0,0.0,0.0,0.0,-0.43211315525106475,0.0006224841843443289,0.4322331287362509,0.0005946609329746487,0.8596422602079556,0.0010215678460160972,0.9743103366677317,0.008909469755920435,0.18489806804336223,0.0013825084756470755,0.9875992594490024,0.009919142985085682,240.0,0.0,0.0,0.0,-0.4092630433320461,0.0010656288591251437,0.40927354629224866,0.0010666023324640782,0.8519683601800144,0.002333471686070393,0.9768845868062638,0.005002091064108096,0.19153129008668862,0.0009170795191477662,0.9899307418292966,0.005616707222553113,960.0,0.0,0.0,0.0,-0.43782568323081933,0.0007414895221671467,0.43797302434725144,0.0007030728027297084,0.8614314907272174,0.0013403173684267483,5185200.0,4920000.0,264000.0,265200.0,252000.0,5172000.0,310320000.0,252000.0,264000.0,0.9999996212121213,1.1978324470317979e-06,0.22734356060606062,0.0009482063474094791,0.9999996212121213,1.1978324470317979e-06,1.0,0.0,3.8458459499379316,0.015972308219810986,3.8458459499379316,0.015972308219810986,0.0,0.0,40.74600030392613,0.12137565531819808,-3.2906683524298286,0.00840764625636885,3.2906683524298286,0.00840764625636885,3.315017592852553,0.008340055955321926,0.23915803227259466,0.0013599161942252109,3.529826384702423,0.008619071326346352,0.6235122894984849,0.001886754641046234,0.6593,0.012025897979869226,0.1457,0.000788810637746622,0.9995,0.0,0.5582884615384616,0.00282343315533987,10,0.00029397946320999986,0.0,0.0,0.0,1.0,1.0
60,3,10,box_factor_a0.9,box_factor,0.9,all,9.589213610021398,1.1262711505820628,0.7740057504769771,0.005092048288170183,1.5822621836308723,0.03426731038260862,0.2592497843068446,0.003249316753005233,1.6523197813872261,0.03683356293950448,1200.0,0.0,0.0,0.0,-0.3712519566019558,0.0013978138357387815,0.3808446843670579,0.001267777982573876,0.785085630897289,0.00202516988852734,1.5481090430633342,0.03929038451121072,0.2508534359305597,0.004131530144737562,1.6144404702241328,0.04217512105879638,240.0,0.0,0.0,0.0,-0.34946576175433947,0.0022363453196488823,0.3568319690812419,0.002546572892175046,0.7740057504769771,0.005092048288170183,1.5902039570367958,0.04296742754931526,0.2613488714009158,0.004076373010232835,1.6611539962327253,0.046230202844837635,960.0,0.0,0.0,0.0,-0.37669850531385995,0.00175089102668151,0.38684786318851183,0.0016539694724500137,0.7876563610867353,0.0029937664495599346,5185200.0,4920000.0,264000.0,265200.0,252000.0,5172000.0,310320000.0,252000.0,264000.0,0.9999996212121213,1.1978324470317979e-06,0.23087310606060604,0.0009409204937851747,0.9999996212121213,1.1978324470317979e-06,0.9999996212121213,1.1978324470317979e-06,3.9611151999829977,0.01660966832211641,4.12198690745768,0.0173087800269698,0.0,0.0,34.17172768432046,0.10012879292263664,-2.6991983317904613,0.007810762072551619,2.6991983317904613,0.007810762072551619,2.9779752594022755,0.005793873968618889,0.8306280529119622,0.003273258686946001,3.529826384702423,0.008619071326346352,,,,,,,,,,,10,0.0027788966223190235,0.0,1.0,0.0,1.0,1.0
60,3,10,box_factor_a1.5,box_factor,1.5,all,9.558511979994364,1.0974813323985058,0.7429366714678816,0.007671247677682777,2.841535872522528,0.07775497839164436,0.38400788071290715,0.0062680081808099836,2.9957664697792468,0.08263822600605589,1200.0,0.0,0.0,0.0,-0.31065347465297805,0.0029253687641691327,0.35834502935574086,0.0011098874384069305,0.7599192699718564,0.002581746113979011,2.7669230188236034,0.09836283094784348,0.37212074999311806,0.00881970442234169,2.9129029467186123,0.10443140073055324,240.0,0.0,0.0,0.0,-0.28999967065595406,0.005178855590970584,0.33420693310105903,0.0045407427332659536,0.7429366714678816,0.007671247677682777,2.8586890914199232,0.09528306369104433,0.38697966339285444,0.007754406671288828,3.0148955696407445,0.10133093561760516,960.0,0.0,0.0,0.0,-0.315816925652234,0.003355721463440072,0.3643795534194113,0.0017044457974914437,0.7638348918111513,0.0041243582580399365,5185200.0,4920000.0,264000.0,265200.0,252000.0,5172000.0,310320000.0,252000.0,264000.0,0.9999996212121213,1.1978324470317979e-06,0.23204053030303032,0.0009597206358400662,0.9999996212121213,1.1978324470317979e-06,0.9999996212121213,1.1978324470317979e-06,4.117134456919933,0.01793405434392677,3.472415801622126,0.014868471378039275,0.0,0.0,32.69721341243057,0.0969338322392334,-2.3423071180480597,0.0076620324951434575,2.3423071180480597,0.0076620324951434575,2.8731773001380776,0.005311066827620199,1.187519266654364,0.0054276179565338235,3.529826384702423,0.008619071326346352,,,,,,,,,,,10,0.011257158333463113,1.0,1.0,1.0,1.0,1.0
60,3,10,f_zero,f_zero,0.0,all,2.003008190006949,0.09786289050456985,0.8908470392877037,0.0003141410136924288,0.9317161195865233,0.00048270403343309075,0.18201792214802862,0.00016025014424596654,0.9358234363722191,0.0005367251066489263,1200.0,0.0,0.0,0.0,-0.4551116089284738,9.173401360417317e-05,0.45511223358922503,9.191981350467805e-05,0.8967856035496011,0.00014217354381026678,0.9267358125889185,0.0009979754761284528,0.1771314437551231,0.0003070579296107805,0.9308348562972497,0.0011100944477268246,240.0,0.0,0.0,0.0,-0.43262270559594934,0.00018367587639797435,0.43262341523312814,0.00018399961508328106,0.8908470392877037,0.0003141410136924288,0.9329175691544872,0.000581362798260258,0.18323954174625498,0.0001738761917930327,0.9370313681122445,0.000644601487107267,960.0,0.0,0.0,0.0,-0.4607338347616049,0.00010184941679924393,0.4607344381782494,0.00010187065164045918,0.898172912678041,0.00015096109298184954,1201200.0,1200000.0,0.0,1200.0,0.0,1200000.0,72000000.0,0.0,0.0,0.0,0.0,0.0,0.0,0.0,0.0,0.0,0.0,0.0,0.0,0.0,0.0,0.0,0.0,,,,,,,,,,,,,,,,,,,,,,,10,0.0,0.0,0.0,0.0,0.0,0.0
60,3,10,raw,raw,1.0,all,9.614844200015067,0.18686098043655575,0.7806273455698314,0.010930928684411022,3.7291162743625454,0.27356801016422894,0.42348960891939347,0.014330487007006358,3.9368256057334134,0.29021532296227737,1200.0,0.0,0.0,0.0,-0.34143898170539455,0.00548327828872599,0.3806964629600113,0.003582411886825057,0.8030069702698409,0.008810732921901094,3.3596412282930417,0.2806976803269949,0.40456052366426054,0.024379535069971797,3.5402144640585944,0.297520617331897,240.0,0.0,0.0,0.0,-0.31989798418779297,0.008472199040787602,0.3541721030025585,0.005764218233348713,0.7806273455698314,0.010930928684411022,3.8087745630719083,0.3334182614962981,0.42822188023317675,0.01775590705182519,4.022602334701571,0.3538277192293603,960.0,0.0,0.0,0.0,-0.34682423108479493,0.00600851907364783,0.38732755294937454,0.004492068512273631,0.808134659270744,0.011205216308179678,5185200.0,4920000.0,264000.0,265200.0,252000.0,5172000.0,310320000.0,252000.0,264000.0,0.9999996212121213,1.1978324470317979e-06,0.23194924242424242,0.0009233246671541997,0.9999996212121213,1.1978324470317979e-06,0.0,0.0,4.039696624941828,0.017086142893182565,4.039696624941828,0.017086142893182565,0.0,0.0,35.635841527140606,0.10076319324953456,-2.5944048270573132,0.007398121163680924,2.5944048270573132,0.007398121163680924,2.9986307833833736,0.005511983581820296,0.9354215576451097,0.006812392675923468,3.529826384702423,0.008619071326346352,,,,,,,,,,,10,0.02266253450707818,0.0,0.0,0.0,1.0,1.0
60,3,10,sample_ball,sample_ball,1.0,all,9.461481669987553,0.19556270275950066,0.8168484646474432,0.004407017587851971,1.3190814532064006,0.018664215323743245,0.23486279437261195,0.002320632834455945,1.3662916717656044,0.020273042750689512,1200.0,0.0,0.0,0.0,-0.40402876658768233,0.0014479162858131887,0.40528065062889257,0.0014574253578112366,0.8271542422185201,0.0026510368070023172,1.3124680706925926,0.025130422563844443,0.2287830200439338,0.002989847600147144,1.358574312640574,0.02727567708754114,240.0,0.0,0.0,0.0,-0.38001766352197797,0.0024617434198935147,0.38086456146630604,0.0024752519406124724,0.8168484646474432,0.004407017587851971,1.3205919579195695,0.023032486929306595,0.2363827379547815,0.003005628345473643,1.3680622124135573,0.025062599927435574,960.0,0.0,0.0,0.0,-0.41003154235410844,0.0017752289366186448,0.4113846729195392,0.001634724543158639,0.8295494872068694,0.003289924808005655,5185200.0,4920000.0,264000.0,265200.0,252000.0,5172000.0,310320000.0,252000.0,264000.0,0.9999996212121213,1.1978324470317979e-06,0.23013901515151516,0.0008821286674112801,0.23013901515151516,0.0008821286674112801,0.23013901515151516,0.0008821286674112801,3.874674632257437,0.01583862824951352,1.492854057700963,0.00879692784745361,0.0,0.0,37.86095978216807,0.10966437657047094,-3.0444883374783873,0.007943195105742097,3.0444883374783873,0.007943195105742097,3.1548923354055014,0.006999407039889342,0.48533804722403573,0.0023819164885865982,3.529826384702423,0.008619071326346352,,,,,,,,,,,10,0.0016663047747747732,0.0,0.0,0.0,1.0,1.0
60,3,10,sample_box,sample_box,1.0,all,9.588075310061686,0.24608220861748956,0.7650242160859716,0.005805262275861195,1.763881354612875,0.04151547689065929,0.27768356760838697,0.0037478683527233736,1.8472651590748328,0.04447503201913621,1200.0,0.0,0.0,0.0,-0.3611925528555485,0.0016302850517529574,0.3747556050576415,0.001385927041281895,0.7769600805446657,0.00217442646800112,1.7239051925934068,0.04841899648828145,0.26881815194567754,0.004857012765020792,1.8028786687254308,0.05181391284218175,240.0,0.0,0.0,0.0,-0.33956238998563515,0.002723724878277446,0.3507965294868551,0.003079370317403946,0.7650242160859716,0.005805262275861195,1.7731315770221765,0.05216711707230248,0.2798999215240643,0.004712633534368088,1.857569701186074,0.05593250805517387,960.0,0.0,0.0,0.0,-0.3666000935730268,0.001999136637567383,0.38074537395033803,0.0018627663427332245,0.7797261422054806,0.003245046971842709,5185200.0,4920000.0,264000.0,265200.0,252000.0,5172000.0,310320000.0,252000.0,264000.0,0.9999996212121213,1.1978324470317979e-06,0.23115606060606061,0.0009576931559753046,0.9999996212121213,1.1978324470317979e-06,0.9999996212121213,1.1978324470317979e-06,3.985854588792062,0.016787177855483906,3.985854588792062,0.016787177855483906,0.0,0.0,33.714317850633094,0.09910280490874974,-2.630931560967193,0.007757521331206176,2.630931560967193,0.007757521331206176,2.9514023655507975,0.0056646120080009795,0.8988948237352309,0.0036509383144806462,3.529826384702423,0.008619071326346352,,,,,,,,,,,10,0.0037262038427305984,0.0,1.0,0.0,1.0,1.0
60,3,10,z_only_box,z_only_box,1.0,all,9.565563550009392,0.19461774468372775,0.7653000956336934,0.005705215292540388,1.824875148935282,0.044562792570398545,0.2814364205444245,0.003852583815383843,1.9124252164070512,0.04768594622948131,1200.0,0.0,0.0,0.0,-0.3597277019005195,0.001665754771045099,0.3753093460189175,0.0013599604777827267,0.7780117680784641,0.002199222224536757,1.766120947445452,0.05612157494546798,0.271712848920492,0.005453019697430842,1.847929034710613,0.0599861387783411,240.0,0.0,0.0,0.0,-0.33849485571755145,0.0027822797323962273,0.3510242174641979,0.0029262022273283416,0.7653000956336934,0.005705215292540388,1.838477658649215,0.055542437606469396,0.28386731345040767,0.004817821112204901,1.9274005039869326,0.05947411795356392,960.0,0.0,0.0,0.0,-0.36503591344626146,0.002039907147647416,0.38138062815759743,0.0018530701921741892,0.7809562499820673,0.0033246277254825466,5185200.0,4920000.0,264000.0,265200.0,252000.0,5172000.0,310320000.0,252000.0,264000.0,0.9999996212121213,1.1978324470317979e-06,0.23115606060606061,0.0009576931559753046,0.9999996212121213,1.1978324470317979e-06,0.9999996212121213,1.1978324470317979e-06,3.985854588792062,0.016787177855483906,3.985841323823512,0.016786372103481325,0.0,0.0,33.7400057461865,0.09997599399561202,-2.6301044633457797,0.00774446836513029,2.6301044633457797,0.00774446836513029,2.95222946317221,0.005685089150215027,0.8997219213566433,0.00369450277715984,3.529826384702423,0.008619071326346352,,,,,,,,,,,10,0.0040816273226991434,0.0,1.0,0.0,1.0,1.0
60,3,10,z_zero,z_zero,0.0,all,9.577312709973194,0.2317740031435348,0.8908470392877037,0.0003141410136924288,0.9317161195865233,0.00048270403343309075,0.18201792214802862,0.00016025014424596654,0.9358234363722191,0.0005367251066489263,1200.0,0.0,0.0,0.0,-0.4551116089284738,9.173401360417317e-05,0.45511223358922503,9.191981350467805e-05,0.8967856035496011,0.00014217354381026678,0.9267358125889185,0.0009979754761284528,0.1771314437551231,0.0003070579296107805,0.9308348562972497,0.0011100944477268246,240.0,0.0,0.0,0.0,-0.43262270559594934,0.00018367587639797435,0.43262341523312814,0.00018399961508328106,0.8908470392877037,0.0003141410136924288,0.9329175691544872,0.000581362798260258,0.18323954174625498,0.0001738761917930327,0.9370313681122445,0.000644601487107267,960.0,0.0,0.0,0.0,-0.4607338347616049,0.00010184941679924393,0.4607344381782494,0.00010187065164045918,0.898172912678041,0.00015096109298184954,5185200.0,4920000.0,264000.0,265200.0,252000.0,5172000.0,310320000.0,252000.0,264000.0,0.9999996212121213,1.1978324470317979e-06,0.2250155303030303,0.0009516625302717972,1.0,0.0,1.0,0.0,3.8363130957470863,0.015912933058925268,6.22668106718289,0.02447112546518012,0.0,0.0,45.12000953241652,0.1475873221602748,-3.529826384702423,0.008619071326346352,3.529826384702423,0.008619071326346352,3.529826384702423,0.008619071326346352,0.0,0.0,3.529826384702423,0.008619071326346352,,,,,,,,,,,10,0.0,0.0,0.0,0.0,0.0,0.0
60,3,16,f_zero,f_zero,0.0,all,8.684442140022293,0.2638450191068873,0.8905845694841814,0.00010847278798078345,0.9181653029751061,0.0001800728148103184,0.17903764918075565,6.433545718465109e-05,0.9207065276610328,0.00020972236288829,1200.0,0.0,0.0,0.0,-0.4550974587222362,6.299584163740546e-05,0.455097562308074,6.306955653702919e-05,0.8967257588355129,0.00013013947414061206,0.9131818315989937,0.00041026389002656965,0.17446575118609867,0.00016863864474912806,0.9157832504107251,0.0004661946279650467,240.0,0.0,0.0,0.0,-0.4325394228258732,5.6118392052037374e-05,0.4325398771224978,5.659310008778807e-05,0.8905845694841814,0.00010847278798078345,0.9193675781260155,0.00019102044956768145,0.1801806236794199,7.682024197780876e-05,0.9218987834137675,0.00022125178187553188,960.0,0.0,0.0,0.0,-0.460736967696327,7.771543677324807e-05,0.4607369836044681,7.77315416837692e-05,0.8981602115532471,0.0001495562336548811,4916400.0,4915200.0,0.0,1200.0,0.0,4915200.0,294912000.0,0.0,0.0,0.0,0.0,0.0,0.0,0.0,0.0,0.0,0.0,0.0,0.0,0.0,0.0,0.0,0.0,,,,,,,,,,,,,,,,,,,,,,,5,0.0,0.0,0.0,0.0,0.0,0.0
60,3,16,raw,raw,1.0,all,39.28294004006311,0.6962547235522671,0.7803588008817801,0.012284372043571412,2.4840348832133143,0.11291918581207933,0.33166684310821354,0.006775474688733185,2.614638544392564,0.12009823705741615,1200.0,0.0,0.0,0.0,-0.34747322509378675,0.0032495018755678002,0.37553877763272697,0.0017293958823904985,0.7903859433552435,0.0032021719017312515,2.371746744432906,0.22512449633085987,0.32008468063404205,0.016567212670539896,2.4920125256420667,0.23943294123743858,240.0,0.0,0.0,0.0,-0.32986177819487084,0.007178114654920773,0.35596847288929123,0.006341552143320309,0.7803588008817801,0.012284372043571412,2.5070949543030303,0.1571128637861346,0.33456238372675634,0.01062541248670595,2.6399433474809975,0.16728519705181505,960.0,0.0,0.0,0.0,-0.3518760868185157,0.005600071490786187,0.3804313538185859,0.0014603132601500425,0.7927028105217386,0.0032574162542180775,20622000.0,19968000.0,652800.0,654000.0,633600.0,20601600.0,1236096000.0,633600.0,652800.0,0.9998823529411764,1.0468351448069877e-05,0.19006035539215688,0.000277944665016208,0.9998823529411764,1.0468351448069877e-05,0.0,0.0,2.2688918102614237,0.005883965944103614,2.2688918102614237,0.005883965944103614,0.0,0.0,34.336498743891454,0.10909487934187533,-2.5731826734481205,0.010078053617196091,2.5731826734481205,0.010078053617196091,2.9269570536781893,0.007516753117839602,0.9320936632582855,0.0033814476746383865,3.505276336706406,0.007071735802812034,,,,,,,,,,,5,0.009771066316628722,0.0,0.0,0.0,1.0,1.0
60,3,16,sample_box,sample_box,1.0,all,39.471890460001305,0.5173236838820905,0.7691302446855074,0.005868312429581314,1.4273752030543254,0.030172074514506927,0.23991085666222994,0.00232939571242858,1.4863590748699564,0.03241361693250931,1200.0,0.0,0.0,0.0,-0.3630569205886489,0.0011706708443475814,0.37576598449788684,0.0011743152421787204,0.7785497900328439,0.002819811328808322,1.383821073446496,0.03949653583431123,0.23123337333037303,0.0030251882616516767,1.4385327374832702,0.04264602723744858,240.0,0.0,0.0,0.0,-0.34297567486499375,0.0030824067969758796,0.3538521061137459,0.0035149620672721626,0.7691302446855074,0.005868312429581314,1.437517146746107,0.03850069600893327,0.24208022749519414,0.0031758711962095384,1.4975207972796845,0.041463346762352284,960.0,0.0,0.0,0.0,-0.36807723201956266,0.0019638970495897672,0.38124445409392205,0.0015805516446652076,0.7807385484005388,0.0031899891370461273,20622000.0,19968000.0,652800.0,654000.0,633600.0,20601600.0,1236096000.0,633600.0,652800.0,0.9998866421568626,8.66552427923657e-06,0.18956924019607843,0.000292078868054929,0.9998866421568626,8.66552427923657e-06,0.9998866421568626,8.66552427923657e-06,2.2523007763751943,0.005705763692626675,2.2523007763751943,0.005705763692626675,0.0,0.0,33.2996774951339,0.1025979628294138,-2.6112041213638464,0.010452721376280623,2.6112041213638464,0.010452721376280623,2.9175700907748916,0.006611482077962354,0.894072215342559,0.0035168094098192494,3.505276336706406,0.007071735802812034,,,,,,,,,,,5,0.002059433112969109,1.0,1.0,0.0,1.0,1.0
60,3,16,z_zero,z_zero,0.0,all,39.55381877999753,0.40002505219223217,0.8905845694841814,0.00010847278798078345,0.9181653029751061,0.0001800728148103184,0.17903764918075565,6.433545718465109e-05,0.9207065276610328,0.00020972236288829,1200.0,0.0,0.0,0.0,-0.4550974587222362,6.299584163740546e-05,0.455097562308074,6.306955653702919e-05,0.8967257588355129,0.00013013947414061206,0.9131818315989937,0.00041026389002656965,0.17446575118609867,0.00016863864474912806,0.9157832504107251,0.0004661946279650467,240.0,0.0,0.0,0.0,-0.4325394228258732,5.6118392052037374e-05,0.4325398771224978,5.659310008778807e-05,0.8905845694841814,0.00010847278798078345,0.9193675781260155,0.00019102044956768145,0.1801806236794199,7.682024197780876e-05,0.9218987834137675,0.00022125178187553188,960.0,0.0,0.0,0.0,-0.460736967696327,7.771543677324807e-05,0.4607369836044681,7.77315416837692e-05,0.8981602115532471,0.0001495562336548811,20622000.0,19968000.0,652800.0,654000.0,633600.0,20601600.0,1236096000.0,633600.0,652800.0,0.9998373161764705,1.1014508585937948e-05,0.18581004901960785,0.00029960235637671524,1.0,0.0,1.0,0.0,2.198544763824108,0.004821368492692939,4.060609000758968,0.007096319492634446,0.0,0.0,44.80480374720097,0.12074495247420128,-3.505276336706406,0.007071735802812034,3.505276336706406,0.007071735802812034,3.505276336706406,0.007071735802812034,0.0,0.0,3.505276336706406,0.007071735802812034,,,,,,,,,,,5,0.0,0.0,0.0,0.0,0.0,0.0
60,4,2,batch_box,batch_box,1.0,all,0.4488076200243086,0.031597979485470704,0.8629626972982296,0.008461518503897978,2.2186095858264667,0.08548460632178227,0.3700075593859856,0.008217719366447137,2.3288159336935776,0.09131608321659582,1200.0,0.0,0.0,0.0,-0.4314465111391213,0.0031411868680845828,0.4325396170897603,0.0031325455531379686,0.8649989343973802,0.006579658822930452,2.258218897920263,0.13232998286808598,0.364489069838993,0.011998462430387474,2.3680498164112027,0.14084939469498442,240.0,0.0,0.0,0.0,-0.410438600169236,0.004288827303802713,0.4111138914279759,0.004117807523407484,0.8629626972982296,0.008461518503897978,2.2086027335808867,0.08099071774454181,0.3713871817727338,0.007948828552727744,2.3188442036117842,0.08664374398670614,960.0,0.0,0.0,0.0,-0.43669848888159263,0.0035890943567404936,0.43789604850520647,0.003496044590366231,0.8654690004771458,0.00717887884993992,260400.0,192000.0,67200.0,68400.0,55200.0,247200.0,14832000.0,55200.0,67200.0,1.0,0.0,0.2821875,0.002474380670180655,1.0,0.0,1.0,0.0,20.430953877708497,0.3505696831685873,20.430953877708497,0.3505696831685873,0.0,0.0,35.32910385615807,0.37341159908664223,-2.8490216668532335,0.026633280715304204,2.8490216668532335,0.026633280715304204,2.8954502984133295,0.027407521475981043,0.2690904611455423,0.0016691173191314484,3.1181121279987756,0.02808271771240476,0.650085808113203,0.003141791817693783,0.9995,0.0,0.0955,0.0010000000000000009,0.9995,0.0,0.4668333333333333,0.004197579957621996,5,0.00413926659857796,0.0,1.0,0.2,1.0,1.0
60,4,2,box_factor_a0.75,box_factor,0.75,all,0.3949921999592334,0.031288302893142064,0.8106884352611369,0.019039385401345924,4.897669008622063,0.34860478686000645,0.6295942006145042,0.027654983027703483,5.175593400628291,0.3694465841210209,1200.0,0.0,0.0,0.0,-0.36538562076828074,0.009626005719478335,0.39148538055939713,0.006527975491209789,0.8204481948435903,0.015546857377019259,4.757542605165331,0.494484892881522,0.6097807316277946,0.04146082940337382,5.019853636231316,0.5232877880011293,240.0,0.0,0.0,0.0,-0.3417210546895838,0.008755401665712856,0.3670837001586444,0.004771301517831833,0.8106884352611369,0.019039385401345924,4.927845725964209,0.36126541728162875,0.6345475678611815,0.029106523321840494,5.20938295900707,0.38308187812778977,960.0,0.0,0.0,0.0,-0.3713017622879549,0.01165640583180423,0.3975858006595853,0.00804693947634495,0.8226463574845113,0.019142031240245178,260400.0,192000.0,67200.0,68400.0,55200.0,247200.0,14832000.0,55200.0,67200.0,1.0,0.0,0.28382142857142856,0.0025295518120043597,1.0,0.0,1.0,0.0,22.80311803727333,0.42895434021442785,23.907719869942202,0.44526100704874816,0.0,0.0,30.152535705357685,0.3495220310738528,-2.3989564232523275,0.025164236570739424,2.3989564232523275,0.025164236570739424,2.639096374327587,0.026870461967631303,0.7191557047464475,0.0037549130688365024,3.1181121279987756,0.02808271771240476,,,,,,,,,,,5,0.03544653453500118,1.0,1.0,1.0,1.0,1.0
60,4,2,f_zero,f_zero,0.0,all,0.02062003999017179,0.0026152703086181864,0.8944664715917797,0.0015327557045517629,1.7091946882261382,0.01006516122851186,0.3057646023347734,0.00142097202561461,1.781977312800046,0.01078818201978229,1200.0,0.0,0.0,0.0,-0.45482287036857594,0.0007852985525428576,0.4549343057223963,0.0007993071798538864,0.8975240084294797,0.0011693383414379537,1.715322796457886,0.023670748063859808,0.29979130492678946,0.0033150061160602843,1.7867245826940965,0.025341963343140626,240.0,0.0,0.0,0.0,-0.433356167618684,0.0010763673506279947,0.43355058485289477,0.0009407507498029868,0.8944664715917797,0.0015327557045517629,1.7076869179527876,0.00894293584100353,0.3072579266867694,0.0011708206055694842,1.7807986850875963,0.009595174116290135,960.0,0.0,0.0,0.0,-0.460189546056049,0.0008507972323137238,0.46028023593977174,0.0008542964903396519,0.8982396082615185,0.0011644905619483763,20400.0,19200.0,0.0,1200.0,0.0,19200.0,1152000.0,0.0,0.0,0.0,0.0,0.0,0.0,0.0,0.0,0.0,0.0,0.0,0.0,0.0,0.0,0.0,0.0,,,,,,,,,,,,,,,,,,,,,,,5,0.0,0.0,1.0,0.2,0.0,0.0
60,4,2,raw,raw,1.0,all,0.3657051600050181,0.03718988574744595,1056.6634831107963,1350.0456423624614,12359.897965312932,11469.764641772732,97.9118634341847,66.64641818922942,13077.959885604894,12138.951546857072,1200.0,0.0,0.0,0.0,14.553084567539623,11.06289748203094,17.51307948736252,9.732459336114976,701.902405344144,480.1452539935111,13166.345967342986,15917.069190246697,173.00407914680508,198.2406299336853,13908.110490024392,16814.933084095093,240.0,0.0,0.0,0.0,41.28278535407874,52.57847570666519,42.680479350192904,52.27672777393426,1056.6634831107963,1350.0456423624614,8747.75654690112,13825.617884820784,79.13880950602959,90.58262324281704,9259.894462942544,14637.726089429021,960.0,0.0,0.0,0.0,7.870659370904849,8.4666592370069,11.221229521654923,6.724298968852581,381.5354855737328,328.6812378638017,260400.0,192000.0,67200.0,68400.0,55200.0,247200.0,14832000.0,55200.0,67200.0,1.0,0.0,0.28928571428571426,0.002403745991502975,1.0,0.0,0.0,0.0,190.1864564123638,81.72786854653192,190.1864564123638,81.72786854653192,0.0,0.0,1571436.5303648217,2630148.912131162,2.412557234764126,3.7606960868716213,2.6050520308614304,3.5965963725734293,8.072915514035907,3.4712396890229593,5.530669362762901,3.7570632420465953,3.1181121279987756,0.02808271771240476,,,,,,,,,,,5,257702.35436998378,0.0,0.0,0.0,0.0,0.0
60,4,2,sample_ball,sample_ball,1.0,all,0.3892193799838424,0.027625214859032837,0.8695038768137937,0.006055706696164467,2.6183149925773863,0.10843379867641076,0.4093445193211676,0.010016231288193426,2.754577847460136,0.11544966575477056,1200.0,0.0,0.0,0.0,-0.4292385447926151,0.0038454491557956424,0.4320964935195944,0.00369322704331013,0.8708132559512165,0.00693147136531769,2.668184839697979,0.12305343984297747,0.4055121195640723,0.014623314141310814,2.8039003907307136,0.13062039709719894,240.0,0.0,0.0,0.0,-0.4078924353089186,0.001081795078009551,0.4098230475261503,0.001566130101682737,0.8695038768137937,0.006055706696164467,2.606061264088695,0.10577243460891843,0.4103026192604414,0.009118041246566334,2.7424192066905784,0.11268833079353044,960.0,0.0,0.0,0.0,-0.43457507216353913,0.004658525665723928,0.4376648550179554,0.0043033326278741745,0.8711083832871418,0.008732353549588909,260400.0,192000.0,67200.0,68400.0,55200.0,247200.0,14832000.0,55200.0,67200.0,1.0,0.0,0.28795535714285714,0.002487715175175923,0.28795535714285714,0.002487715175175923,0.28795535714285714,0.002487715175175923,20.48645787018409,0.3535532914375521,14.375232640235302,0.2815797758051266,0.0,0.0,36.18665074746274,0.37691482538845156,-2.8864506437399298,0.027091381192924705,2.8864506437399298,0.027091381192924705,2.9336465192290264,0.027863841271155758,0.2316614842588463,0.0022717160769559234,3.1181121279987756,0.02808271771240476,,,,,,,,,,,5,0.00812284992997844,0.0,1.0,0.2,1.0,1.0
60,4,2,sample_box,sample_box,1.0,all,0.37234966000542047,0.019688110957666483,0.832420843266064,0.04317109192537535,7.183448290122291,0.5442102350522487,0.8470115819239282,0.043473614757589596,7.596855582882422,0.5761498159723575,1200.0,0.0,0.0,0.0,-0.32014785268979706,0.01416687358504058,0.39280289495915527,0.006926039017390958,0.8494911294191357,0.027051563218495774,6.894612219249323,0.5995234212799037,0.8193193044629178,0.05708493920355819,7.280320487552649,0.6339271201169085,240.0,0.0,0.0,0.0,-0.29680914231992184,0.01173376747807871,0.3705217104734616,0.007995728923125426,0.832420843266064,0.04317109192537535,7.2471238568565965,0.6022103118777656,0.8539346512891809,0.04780870249789504,7.666999973049121,0.6378800547018216,960.0,0.0,0.0,0.0,-0.32598253028226587,0.017293856231065545,0.39837319108057867,0.009141769842921806,0.8531919843108806,0.03174670566563998,260400.0,192000.0,67200.0,68400.0,55200.0,247200.0,14832000.0,55200.0,67200.0,1.0,0.0,0.28436607142857145,0.00253585138937418,1.0,0.0,1.0,0.0,24.984946223245643,0.5167182220234714,24.984946223245643,0.5167182220234714,0.0,0.0,28.905233430074418,0.3441135132742527,-2.1824855287291336,0.023834638561276208,2.1824855287291336,0.023834638561276208,2.569811187744706,0.024877294980643134,0.935626599269642,0.005208968741600489,3.1181121279987756,0.02808271771240476,,,,,,,,,,,5,0.08237109916050514,0.0,1.0,0.0,0.8,0.8
60,4,2,shrink_c0.25,shrink,0.25,all,0.38219241993501785,0.029840208693343525,0.8933263718335276,0.012356672544995952,3.1394544884298234,0.39765954994340136,0.40254152052706643,0.011875676929425667,3.308312695649195,0.42274033022169105,1200.0,0.0,0.0,0.0,-0.4346944595480348,0.004275841562048379,0.44005821480886886,0.0038818328047494615,0.8830924672984286,0.007216901208433516,3.5761549450848364,0.6981609238730925,0.41532147015406934,0.015736504714034663,3.7663973736597023,0.7401618875747586,240.0,0.0,0.0,0.0,-0.4090614954654968,0.007435068248850631,0.42164454954156794,0.0037340123311645477,0.8933263718335276,0.012356672544995952,3.002403609247422,0.4931535330240387,0.3993465331203157,0.01280735579325497,3.163630962064658,0.5245726641650464,960.0,0.0,0.0,0.0,-0.44110270056866935,0.005281415039689423,0.44466163112569407,0.004434569141056942,0.8806512495146552,0.008949196346235418,260400.0,192000.0,67200.0,68400.0,55200.0,247200.0,14832000.0,55200.0,67200.0,1.0,0.0,0.28486011904761904,0.002697941700695418,1.0,0.0,1.0,0.0,20.59031166320208,0.34192543004356457,14.365100476530722,0.22716316492552457,0.0,0.0,36.13303282896719,0.3548035237024339,-2.8996348631765168,0.025361561065268098,2.8996348631765168,0.025361561065268098,2.9369415170687794,0.02580028230710542,0.21847726482225852,0.00432473423219096,3.1181121279987756,0.02808271771240476,,,,,,,,,,,5,0.01329737181829952,0.0,1.0,0.2,1.0,1.0
60,4,2,z_only_box,z_only_box,1.0,all,0.3845212999731302,0.025433417717724234,0.9469176098619382,0.10992418032224921,9.889277457148443,1.5332299709303108,0.9656342309678412,0.0757179503447027,10.460921639624718,1.622299868838165,1200.0,0.0,0.0,0.0,-0.3072350757625749,0.023109405919959292,0.4113060378477459,0.010407798537702434,0.9634745147809296,0.12874322488497175,10.209717647266855,3.946291193332126,0.9441218404674888,0.12251524463535633,10.7839383407503,4.171299863882375,240.0,0.0,0.0,0.0,-0.28268699815336085,0.01087382508028139,0.39381572043453855,0.018296101363199858,0.9469176098619382,0.10992418032224921,9.696205105127296,1.3885154594355662,0.9710123285929294,0.07943652757732542,10.260172217407748,1.4693531464068879,960.0,0.0,0.0,0.0,-0.3133720951648785,0.02724645449270393,0.4156786172010477,0.00997165684898447,0.9668364129234694,0.1370796705418065,260400.0,192000.0,67200.0,68400.0,55200.0,247200.0,14832000.0,55200.0,67200.0,1.0,0.0,0.28436607142857145,0.00253585138937418,1.0,0.0,1.0,0.0,25.237722351550747,0.5231854480197259,25.237172510178205,0.5230582837770831,0.0,0.0,29.360507641691715,0.42397614484030893,-2.171624387123497,0.022615376765718512,2.171624387123497,0.022615376765718512,2.5827574282417807,0.02663192640392742,0.9464877408752782,0.005975334645842476,3.1181121279987756,0.02808271771240476,,,,,,,,,,,5,0.1726741632548655,0.0,1.0,0.0,0.6,0.6
60,4,2,z_zero,z_zero,0.0,all,0.3670235800091177,0.02394830178292354,0.8944664715917797,0.0015327557045517629,1.7091946882261382,0.01006516122851186,0.3057646023347734,0.00142097202561461,1.781977312800046,0.01078818201978229,1200.0,0.0,0.0,0.0,-0.45482287036857594,0.0007852985525428576,0.4549343057223963,0.0007993071798538864,0.8975240084294797,0.0011693383414379537,1.715322796457886,0.023670748063859808,0.29979130492678946,0.0033150061160602843,1.7867245826940965,0.025341963343140626,240.0,0.0,0.0,0.0,-0.433356167618684,0.0010763673506279947,0.43355058485289477,0.0009407507498029868,0.8944664715917797,0.0015327557045517629,1.7076869179527876,0.00894293584100353,0.3072579266867694,0.0011708206055694842,1.7807986850875963,0.009595174116290135,960.0,0.0,0.0,0.0,-0.460189546056049,0.0008507972323137238,0.46028023593977174,0.0008542964903396519,0.8982396082615185,0.0011644905619483763,260400.0,192000.0,67200.0,68400.0,55200.0,247200.0,14832000.0,55200.0,67200.0,1.0,0.0,0.2776041666666667,0.0028111808760881776,1.0,0.0,1.0,0.0,19.928375038986463,0.32436726056604404,24.773609752320876,0.3839230529141735,0.0,0.0,39.871906673525096,0.40726847029212265,-3.1181121279987756,0.02808271771240476,3.1181121279987756,0.02808271771240476,3.1181121279987756,0.02808271771240476,0.0,0.0,3.1181121279987756,0.02808271771240476,,,,,,,,,,,5,0.0,0.0,1.0,0.2,0.0,0.0
60,4,3,batch_box,batch_box,1.0,all,1.5045907000545413,0.18617611414381693,0.8542410226920347,0.0026617728122879376,1.3721525181958643,0.01732901599916881,0.24880006990231562,0.001586295805669157,1.4213192530146916,0.01871324020368866,1200.0,0.0,0.0,0.0,-0.4316955067810522,0.0008503909305947717,0.4321175037657884,0.000862167994967938,0.8596937486525811,0.0023759243142471975,1.3375188951293229,0.017221638010048633,0.24035266237962097,0.0017001713764945364,1.3829623099555244,0.018707160347017037,240.0,0.0,0.0,0.0,-0.4100950260861083,0.001865407549416979,0.41045448797805173,0.0019403905906754215,0.8542410226920347,0.0026617728122879376,1.3803708457557922,0.020527903251822775,0.25091192178298927,0.0019968664748291295,1.4304446191817357,0.022146491774904353,960.0,0.0,0.0,0.0,-0.4370956269547882,0.001407666576828749,0.43753325771272256,0.0014241424228459108,0.8609654830455341,0.0032053153755046836,1099200.0,907200.0,190800.0,192000.0,165600.0,1072800.0,64368000.0,165600.0,190800.0,1.0,0.0,0.25771174004192876,0.0019055799430894305,1.0,0.0,1.0,0.0,12.929451244878527,0.16185286906820268,12.929451244878527,0.16185286906820268,0.0,0.0,33.98546376447264,0.4558967821713577,-2.766373350092727,0.02509894788897097,2.766373350092727,0.02509894788897097,2.8013074856665248,0.02582654500059409,0.24784387583289505,0.0018474178754817102,3.0142172259256217,0.025870590293679954,0.6631391050454869,0.0011816617653484824,0.9995,0.0,0.10569999999999999,0.0010954451150103342,0.9995,0.0,0.45837142857142854,0.0017236516633848521,5,0.0013971434334720115,0.0,1.0,0.0,1.0,1.0
60,4,3,box_factor_a0.9,box_factor,0.9,all,1.2707126599736511,0.038673014455447144,0.7490992326877296,0.018395370535422242,4.2548786941883465,0.12817556126133975,0.5366525138126459,0.012283278310223437,4.495207900849612,0.13605943791407246,1200.0,0.0,0.0,0.0,-0.33745800007820953,0.007154697935395124,0.36311767016721985,0.004249294854260183,0.7700559710262015,0.012593466221418978,4.058528327072305,0.45441029516928094,0.5163828617036266,0.04152120657573984,4.281108045072212,0.4814538986994853,240.0,0.0,0.0,0.0,-0.3177461573343187,0.010958630364826472,0.3363553902799713,0.009440436523387528,0.7490992326877296,0.018395370535422242,4.296440089144339,0.14174750970858038,0.5417199268399007,0.008402279992372683,4.540780412086436,0.15047894592805397,960.0,0.0,0.0,0.0,-0.34238596076418226,0.008138775636168919,0.369808240139032,0.003902894937798025,0.77486766647931,0.012614977283633172,1099200.0,907200.0,190800.0,192000.0,165600.0,1072800.0,64368000.0,165600.0,190800.0,1.0,0.0,0.2607368972746331,0.0019047328707612542,1.0,0.0,1.0,0.0,14.42556148252441,0.20484386951754988,14.757138338162273,0.20860003116040002,0.0,0.0,27.597789230371312,0.3735109204755602,-2.1690641003705786,0.021315934788664316,2.1690641003705786,0.021315934788664316,2.4739590978493284,0.02281434198055981,0.8451531255550444,0.009294826270637933,3.0142172259256217,0.025870590293679954,,,,,,,,,,,5,0.02922395029088666,0.4,1.0,0.4,1.0,1.0
60,4,3,f_zero,f_zero,0.0,all,0.08211195999756456,0.020416375823980405,0.8903220977100487,0.0012983147394048191,1.1172738009771017,0.0015695061104417062,0.2150538658605698,0.0002978829559423203,1.1408795087619823,0.001762982309784152,1200.0,0.0,0.0,0.0,-0.4549845926973367,0.000515892400131278,0.4550021370027041,0.0005051547364661901,0.8969072754726071,0.0008374397127386162,1.1132481243161485,0.005627965284056108,0.21019062360910218,0.0008961365283632144,1.1364226567262878,0.006144743200318975,240.0,0.0,0.0,0.0,-0.43214094032755035,0.0008365363255352985,0.43218574582345815,0.0008110497078886648,0.8903220977100487,0.0012983147394048191,1.1182437913658458,0.0013797272214181601,0.21626967642343672,0.0003750634137625926,1.1419571245576026,0.00152330157207298,960.0,0.0,0.0,0.0,-0.46069550578978324,0.0006276926916954291,0.4607062347975156,0.0006164795966127599,0.8984447266319371,0.0010056274622412,98400.0,97200.0,0.0,1200.0,0.0,97200.0,5832000.0,0.0,0.0,0.0,0.0,0.0,0.0,0.0,0.0,0.0,0.0,0.0,0.0,0.0,0.0,0.0,0.0,,,,,,,,,,,,,,,,,,,,,,,5,0.0,0.0,1.0,0.0,0.0,0.0
60,4,3,raw,raw,1.0,all,1.3293421799782663,0.06857021804646805,14.08051651082936,12.331553590765237,460.5416176081968,250.12907005623325,9.950386567538335,4.157081843615031,487.2564226343288,264.6138572546475,1200.0,0.0,0.0,0.0,0.9090798075389358,1.0250864672400992,1.982750901271239,0.7601560130274266,34.11137133189306,24.675820375742717,397.0371855957589,322.57592030076677,10.905702608871513,6.8729948736009865,419.53627745158127,340.8681374996836,240.0,0.0,0.0,0.0,0.660463869635263,0.7188250897382289,1.3940010859398975,0.6950311313328847,14.08051651082936,12.331553590765237,462.5393694253732,258.2532587056358,9.711557557205039,3.927445579826306,489.5162718551163,273.3018078807925,960.0,0.0,0.0,0.0,0.971233792014854,1.146088712863818,2.1299383551040743,0.7975680846245911,37.18145615942702,26.935196818091498,1099200.0,907200.0,190800.0,192000.0,165600.0,1072800.0,64368000.0,165600.0,190800.0,1.0,0.0,0.2643658280922432,0.0019851385674459093,1.0,0.0,0.0,0.0,26.467305697492954,2.9438216430261748,26.467305697492954,2.9438216430261748,0.0,0.0,1076.1674123583775,1048.8635061766702,-1.7717287186614255,0.14774866147905244,1.7717287186614255,0.14774866147905244,3.010820174826337,0.09750021106386589,1.2424885072641974,0.13584999508469509,3.0142172259256217,0.025870590293679954,,,,,,,,,,,5,626.4308080111971,0.0,0.0,0.0,0.0,0.0
60,4,3,sample_ball,sample_ball,1.0,all,1.4320298599544912,0.04817813303707122,0.8421514916253372,0.006182031463984448,1.9020255113924134,0.052801153038664506,0.30516897898174217,0.003704682337162142,1.9913180461750222,0.056533024601243945,1200.0,0.0,0.0,0.0,-0.41754784786498733,0.002223125044493836,0.4193931770156305,0.0020016255842970143,0.8499762031725091,0.004920843003207143,1.804017338840794,0.16503545690000504,0.2950711742783171,0.01744336535911132,1.8843874614540943,0.17677454552420246,240.0,0.0,0.0,0.0,-0.3950905338478264,0.003751371108591658,0.3973244132485262,0.002350076015266665,0.8421514916253372,0.006182031463984448,1.9236095795835233,0.05967046008449751,0.3076934301575984,0.0038839147146806532,2.0149172342461057,0.06381054504627366,960.0,0.0,0.0,0.0,-0.4231621763692776,0.0023735433730922443,0.42491036795740655,0.0022378913849509063,0.8517978437651428,0.005305381065572856,1099200.0,907200.0,190800.0,192000.0,165600.0,1072800.0,64368000.0,165600.0,190800.0,1.0,0.0,0.26228511530398324,0.0019763184285389902,0.26228511530398324,0.0019763184285389902,0.26228511530398324,0.0019763184285389902,13.00617691401726,0.1623966246467527,8.34674826811426,0.11694808289355245,0.0,0.0,33.60337127755952,0.460769365751495,-2.717396704259818,0.025300942561013624,2.717396704259818,0.025300942561013624,2.774348495462407,0.025938274314248642,0.2968205216658045,0.002483702000446953,3.0142172259256217,0.025870590293679954,,,,,,,,,,,5,0.005173367728031949,0.0,1.0,0.0,1.0,1.0
60,4,3,sample_box,sample_box,1.0,all,1.489302340056747,0.08728965755909647,0.7440937440427324,0.01756346384303183,5.018362833185841,0.15666287923883837,0.6124150880897622,0.015172629949321842,5.304470122422432,0.166153238855945,1200.0,0.0,0.0,0.0,-0.3178385445151061,0.008327883623960286,0.3579962974322037,0.004263105515953656,0.7686216035675908,0.01319555454153934,4.823006218788079,0.603788504672758,0.5907922483502421,0.05425819159686568,5.090274315388799,0.639166862519053,240.0,0.0,0.0,0.0,-0.29845849133500135,0.01417850939444838,0.33063850812523954,0.007510473290902758,0.7440937440427324,0.01756346384303183,5.0581320892093045,0.15187456886493764,0.6178207980246422,0.00936472306541708,5.348426903668043,0.1611108897502423,960.0,0.0,0.0,0.0,-0.3226835578101323,0.009485039830820875,0.3648357447589447,0.0038730675050358617,0.7742478693998455,0.013080281856202903,1099200.0,907200.0,190800.0,192000.0,165600.0,1072800.0,64368000.0,165600.0,190800.0,1.0,0.0,0.261003144654088,0.0019177721075513004,1.0,0.0,1.0,0.0,14.80595520094594,0.21793728321247152,14.80595520094594,0.21793728321247152,0.0,0.0,27.174592063232318,0.3666809801529262,-2.0879214258826453,0.0209870766191348,2.0879214258826453,0.0209870766191348,2.4482357324913337,0.022436022571710332,0.9262958000429773,0.010373762542389281,3.0142172259256217,0.025870590293679954,,,,,,,,,,,5,0.04086008408314685,0.6,1.0,0.0,1.0,1.0
60,4,3,shrink_c0.375,shrink,0.375,all,1.2895577199291437,0.07592646297343,0.8579822238229304,0.006487173565018831,3.0907811097817257,0.5040669035206967,0.34991168315058785,0.012175003983115251,3.257041573710347,0.5356707649546547,1200.0,0.0,0.0,0.0,-0.42300078834111876,0.005342208483750191,0.42790331283162686,0.0037615433517519366,0.8656386545039668,0.010272126916016179,2.723576948429047,0.5987120119168493,0.33576351335500604,0.029522621449125402,2.8626989633357414,0.6354319863703358,240.0,0.0,0.0,0.0,-0.40393729725063077,0.003236843150356127,0.40641207422560016,0.003504219852638317,0.8579822238229304,0.006487173565018831,3.167583402924667,0.523488425254435,0.35344872559948326,0.011629969350042992,3.3397371188174687,0.5564310008150387,960.0,0.0,0.0,0.0,-0.42776666111374073,0.006185206273296623,0.4332761224831335,0.004688310784357149,0.8674156671999184,0.011843667756095206,1099200.0,907200.0,190800.0,192000.0,165600.0,1072800.0,64368000.0,165600.0,190800.0,1.0,0.0,0.2607368972746331,0.0019779182611153897,1.0,0.0,1.0,0.0,13.237732124176148,0.1677410030271753,6.738034163186478,0.0798738235404239,0.0,0.0,32.81291904375263,0.45718906707732665,-2.670083462546192,0.02617320766289312,2.670083462546192,0.02617320766289312,2.7374065576809015,0.02719411120477934,0.34413376337943047,0.0040579564269956165,3.0142172259256217,0.025870590293679954,,,,,,,,,,,5,0.014472747543145056,0.0,1.0,0.0,1.0,1.0
60,4,3,z_only_box,z_only_box,1.0,all,1.4538930799812078,0.10890709005444331,0.7511163145547503,0.018505083211736276,6.207834422837019,0.37021788848437615,0.6729367401240752,0.023265110827455575,6.564080968836235,0.39216913381395946,1200.0,0.0,0.0,0.0,-0.31010148727835013,0.009956613327231426,0.36692708155354536,0.006743403827038495,0.805248768799561,0.036340534600150416,5.606529300597214,0.824523388253673,0.6331646171487573,0.059046029917483096,5.919018902680962,0.8725274677432227,240.0,0.0,0.0,0.0,-0.2943622724988259,0.01645029824815482,0.33325338533674964,0.007395121785981082,0.7511163145547503,0.018505083211736276,6.3335459686179,0.4295627903240669,0.6828797708679047,0.020902886455151308,6.699480306608867,0.454997914550256,960.0,0.0,0.0,0.0,-0.31403629097323116,0.011167243551088052,0.3753455056077443,0.006824864971278675,0.8173849532542654,0.0404648367018475,1099200.0,907200.0,190800.0,192000.0,165600.0,1072800.0,64368000.0,165600.0,190800.0,1.0,0.0,0.261003144654088,0.0019177721075513004,1.0,0.0,1.0,0.0,14.890173873501979,0.21450418476274022,14.889989128074797,0.21450088656064342,0.0,0.0,27.381527240796213,0.3661820991507679,-2.082335555386198,0.021122213157751143,2.082335555386198,0.021122213157751143,2.4543692673267006,0.02247170209276859,0.9318816705394241,0.01077364290199172,3.0142172259256217,0.025870590293679954,,,,,,,,,,,5,0.06338981723045894,0.0,1.0,0.0,1.0,1.0
60,4,3,z_zero,z_zero,0.0,all,1.426096640015021,0.14451651017508138,0.8903220977100487,0.0012983147394048191,1.1172738009771017,0.0015695061104417062,0.2150538658605698,0.0002978829559423203,1.1408795087619823,0.001762982309784152,1200.0,0.0,0.0,0.0,-0.4549845926973367,0.000515892400131278,0.4550021370027041,0.0005051547364661901,0.8969072754726071,0.0008374397127386162,1.1132481243161485,0.005627965284056108,0.21019062360910218,0.0008961365283632144,1.1364226567262878,0.006144743200318975,240.0,0.0,0.0,0.0,-0.43214094032755035,0.0008365363255352985,0.43218574582345815,0.0008110497078886648,0.8903220977100487,0.0012983147394048191,1.1182437913658458,0.0013797272214181601,0.21626967642343672,0.0003750634137625926,1.1419571245576026,0.00152330157207298,960.0,0.0,0.0,0.0,-0.46069550578978324,0.0006276926916954291,0.4607062347975156,0.0006164795966127599,0.8984447266319371,0.0010056274622412,1099200.0,907200.0,190800.0,192000.0,165600.0,1072800.0,64368000.0,165600.0,190800.0,1.0,0.0,0.25411425576519914,0.0018638948067147662,1.0,0.0,1.0,0.0,12.754871433395255,0.15927556454859712,16.662414578652662,0.1946879056947806,0.0,0.0,38.303153621145256,0.48357249691559306,-3.0142172259256217,0.025870590293679954,3.0142172259256217,0.025870590293679954,3.0142172259256217,0.025870590293679954,0.0,0.0,3.0142172259256217,0.025870590293679954,,,,,,,,,,,5,0.0,0.0,1.0,0.0,0.0,0.0
60,4,6,f_zero,f_zero,0.0,all,2.7566159199457614,0.09051058813708082,0.8906543383591649,0.00046398441906693195,0.9274469154189884,0.0005687807044651554,0.1810806647763709,0.00016239409106133504,0.9310733293090353,0.0006261696110402716,1200.0,0.0,0.0,0.0,-0.4550394971031376,9.418623414007835e-05,0.45503997728686424,9.420217408433954e-05,0.8966815669505213,0.00018103236469122427,0.9233768407308179,0.0008358405471119169,0.17657398245654723,0.00022646283994272198,0.9271212214669353,0.0009184533868269086,240.0,0.0,0.0,0.0,-0.4325062755329034,0.00019219220625107472,0.43250677606878496,0.00019306218552629694,0.8906543383591649,0.00046398441906693195,0.9284294547724594,0.0005370155611543293,0.18220733535632677,0.00015825805791948056,0.9320310453830929,0.0005882401692593146,960.0,0.0,0.0,0.0,-0.46067280249569614,0.0001282611803061842,0.4606732775913841,0.0001283351196726777,0.8980894851032998,0.0002290685723473308,1556400.0,1555200.0,0.0,1200.0,0.0,1555200.0,93312000.0,0.0,0.0,0.0,0.0,0.0,0.0,0.0,0.0,0.0,0.0,0.0,0.0,0.0,0.0,0.0,0.0,,,,,,,,,,,,,,,,,,,,,,,5,0.0,0.0,1.0,0.0,0.0,0.0
60,4,6,raw,raw,1.0,all,32.280440260004255,1.2376102636719615,3.8435358221078104,2.7703884235273475,147.37649044411182,177.3627143047548,3.059385137951814,1.0624858456934743,155.95815345260928,187.709725500866,1200.0,0.0,0.0,0.0,0.04040719992328275,0.07362698691269727,0.7237261020921766,0.0889740980678928,5.99441541402966,3.88947629941754,75.0914516662474,57.852774797402816,2.8201245413439717,1.2003511705631356,79.34048010040935,61.13188622810799,240.0,0.0,0.0,0.0,0.014612504748865201,0.18490291619040833,0.6443690056420261,0.184346659108992,3.8435358221078104,2.7703884235273475,150.70488869435033,204.66574884485473,3.119200287103775,1.4747631791034599,159.53847617590708,216.68352326625475,960.0,0.0,0.0,0.0,0.04685587371688713,0.1036920463969169,0.7435653762047141,0.12656807196103798,6.070974718878867,4.682525928812955,14746800.0,13478400.0,1267200.0,1268400.0,1173600.0,14652000.0,879120000.0,1173600.0,1267200.0,0.9999900568181819,3.929892549878311e-06,0.2258158143939394,0.0007891322205903701,0.9999900568181819,3.929892549878311e-06,0.0,0.0,7.391088384106882,0.8343508020758873,7.391088384106882,0.8343508020758873,0.0,0.0,131.916608742709,202.81548689793615,-1.942338693313482,0.012098870409679984,1.942338693313482,0.012098870409679984,2.485315951203749,0.010436573406135812,0.9973537710092716,0.009837651615587981,2.9396924643227544,0.011618136035489779,,,,,,,,,,,5,17.932666445181948,0.0,0.0,0.0,0.0,0.0
60,4,6,sample_box,sample_box,1.0,all,32.838578739995135,1.556674047996986,0.7267997837121788,0.023348844055959005,2.7341239531362334,0.07590496405886502,0.3781113302281745,0.00553692101000155,2.8823937817993612,0.08064732958814678,1200.0,0.0,0.0,0.0,-0.3203169767187932,0.001370018923917423,0.34681098595524446,0.0018788616595986519,0.7355042523218661,0.005011251565803045,2.7767742836370433,0.2643710580534344,0.37370695242574287,0.020288079746450607,2.9237511267510223,0.2804585384996937,240.0,0.0,0.0,0.0,-0.30388510584053596,0.008743331489870571,0.3239125762649173,0.006911467721232548,0.7267997837121788,0.023348844055959005,2.7217702559133494,0.05802740279286396,0.3792124246787824,0.005503088215469395,2.870188621832502,0.06168153000157793,960.0,0.0,0.0,0.0,-0.32442494443835757,0.0012047983228301148,0.3525355883778262,0.0007166682410704296,0.7374780957277683,0.000997875400570032,14746800.0,13478400.0,1267200.0,1268400.0,1173600.0,14652000.0,879120000.0,1173600.0,1267200.0,0.9999900568181819,4.343863303187581e-06,0.2244883207070707,0.0007796189195870087,0.9999900568181819,4.343863303187581e-06,0.9999900568181819,4.343863303187581e-06,6.423533026486818,0.025212439337137686,6.423533026486818,0.025212439337137686,0.0,0.0,26.03502551325023,0.08531896093564152,-2.035468718605603,0.009802702231656456,2.035468718605603,0.009802702231656456,2.3570207069388647,0.007404788256001518,0.9042237457171517,0.0026205951921406258,2.9396924643227544,0.011618136035489779,,,,,,,,,,,5,0.011103073421278992,1.0,1.0,0.0,1.0,1.0
60,4,6,z_zero,z_zero,0.0,all,33.04938948005438,1.3904663215185908,0.8906543383591649,0.00046398441906693195,0.9274469154189884,0.0005687807044651554,0.1810806647763709,0.00016239409106133504,0.9310733293090353,0.0006261696110402716,1200.0,0.0,0.0,0.0,-0.4550394971031376,9.418623414007835e-05,0.45503997728686424,9.420217408433954e-05,0.8966815669505213,0.00018103236469122427,0.9233768407308179,0.0008358405471119169,0.17657398245654723,0.00022646283994272198,0.9271212214669353,0.0009184533868269086,240.0,0.0,0.0,0.0,-0.4325062755329034,0.00019219220625107472,0.43250677606878496,0.00019306218552629694,0.8906543383591649,0.00046398441906693195,0.9284294547724594,0.0005370155611543293,0.18220733535632677,0.00015825805791948056,0.9320310453830929,0.0005882401692593146,960.0,0.0,0.0,0.0,-0.46067280249569614,0.0001282611803061842,0.4606732775913841,0.0001283351196726777,0.8980894851032998,0.0002290685723473308,14746800.0,13478400.0,1267200.0,1268400.0,1173600.0,14652000.0,879120000.0,1173600.0,1267200.0,0.9999856376262626,3.676077872095611e-06,0.21758570075757575,0.0007634282680627755,1.0,0.0,1.0,0.0,5.994274852072871,0.027755668992937254,8.758971481235205,0.03812016619752252,0.0,0.0,37.42023618794623,0.17351112222288026,-2.9396924643227544,0.011618136035489779,2.9396924643227544,0.011618136035489779,2.9396924643227544,0.011618136035489779,0.0,0.0,2.9396924643227544,0.011618136035489779,,,,,,,,,,,5,0.0,0.0,1.0,0.0,0.0,0.0
60,5,2,batch_box,batch_box,1.0,all,1.5750932099996136,0.05202702601903041,0.8565582107830446,0.011317025460593598,1.9726249310420862,0.04190144432771303,0.33014669423896104,0.00373512917388874,2.066205759352279,0.04489102967586463,1200.0,0.0,0.0,0.0,-0.43120631341095433,0.0018709428225715577,0.43201739955330326,0.0018744786209786144,0.862410057603092,0.0038019644782922887,1.9811129998449921,0.11904252545151464,0.3243085769994084,0.007975819085096718,2.0729362740706225,0.12680579029803077,240.0,0.0,0.0,0.0,-0.4092735170384766,0.004897670578370875,0.4102472671662916,0.00474146030434786,0.8565582107830446,0.011317025460593598,1.9698987577500262,0.04081808211173247,0.33160622354884917,0.003757455854341908,2.063843148395333,0.04380196542840667,960.0,0.0,0.0,0.0,-0.43668951250407384,0.0017954627460636586,0.43745993265005617,0.0017919149330733978,0.8637631834447461,0.0037798646286846187,1158000.0,854400.0,302400.0,303600.0,247200.0,1101600.0,66096000.0,247200.0,302400.0,1.0,0.0,0.24048974867724868,0.0027998416213020545,1.0,0.0,1.0,0.0,18.15761514447078,0.2486706859839154,18.15761514447078,0.2486706859839154,0.0,0.0,28.431231526708594,0.36467562887904503,-2.329644008317803,0.02675068471583189,2.329644008317803,0.02675068471583189,2.3745237559620747,0.025782147937717485,0.2671723811376736,0.003326571554444264,2.596816389455476,0.028233283330745373,0.713611288221378,0.003418386763260014,0.9995,0.0,0.1004,0.0011005049346146166,0.9995,0.0,0.38297619047619047,0.004251982261559096,10,0.004147515966029063,0.0,1.0,0.9,1.0,1.0
60,5,2,box_factor_a0.75,box_factor,0.75,all,1.4316978099988773,0.041414847860554785,0.8150389942830207,0.056638277868064045,5.694205141786105,0.170630494652807,0.7187165375588422,0.016611107789003054,6.0197432083804285,0.18060378361940094,1200.0,0.0,0.0,0.0,-0.3467905237694317,0.00733184245945503,0.3804837198724306,0.006432025898924936,0.819218766696365,0.022349092709370518,5.690437265598666,0.5151804093040826,0.6956520243997675,0.04370805686341827,6.00692077918048,0.5443548289463719,240.0,0.0,0.0,0.0,-0.32537159990709313,0.01720531686538953,0.3578742984385996,0.015511787170575275,0.8150389942830207,0.056638277868064045,5.69144336885537,0.13561134697665003,0.7244826658486108,0.013459801852782857,6.018960426331338,0.14369184198818577,960.0,0.0,0.0,0.0,-0.3521452547350164,0.007420157604605243,0.38613607523088833,0.006052020720602625,0.8199583287494419,0.017249258862831594,1158000.0,854400.0,302400.0,303600.0,247200.0,1101600.0,66096000.0,247200.0,302400.0,1.0,0.0,0.24263260582010582,0.0027628090121885893,1.0,0.0,1.0,0.0,20.440008102271257,0.27877102970270873,21.4237947645763,0.2904009737578158,0.0,0.0,23.18760060201199,0.3034953834955001,-1.877359442482403,0.02442031887334771,1.877359442482403,0.02442031887334771,2.1088440188891626,0.02302542385790142,0.7194569469730732,0.009648195601044176,2.596816389455476,0.028233283330745373,,,,,,,,,,,10,0.05786531639864703,1.0,1.0,1.0,1.0,1.0
60,5,2,f_zero,f_zero,0.0,all,0.03136473996564746,0.0025187153762539693,0.8909262875230478,0.002706727803808845,1.3711501389869456,0.00368384174583981,0.2544904804802669,0.0006923275154699316,1.417406227537859,0.003942487644741254,1200.0,0.0,0.0,0.0,-0.455298218124903,0.0008640708502309347,0.45533804883821044,0.0008591374965843386,0.8977813374129049,0.0014615377028735141,1.3706802321940155,0.007732863426437372,0.2494829842317094,0.0013645479143736163,1.4161267661413617,0.008311759364578713,240.0,0.0,0.0,0.0,-0.43250319602964343,0.0013517804618607629,0.4325763003494868,0.0013532381298177905,0.8909262875230478,0.002706727803808845,1.371256430581138,0.005003639892898801,0.25574235454240635,0.0008591425626170594,1.4177086522892386,0.005350152670559295,960.0,0.0,0.0,0.0,-0.46099697364871794,0.0008176966521989549,0.46102848596039125,0.0008122967502381068,0.8993812143977724,0.001414896107881409,39600.0,38400.0,0.0,1200.0,0.0,38400.0,2304000.0,0.0,0.0,0.0,0.0,0.0,0.0,0.0,0.0,0.0,0.0,0.0,0.0,0.0,0.0,0.0,0.0,,,,,,,,,,,,,,,,,,,,,,,10,0.0,0.0,1.0,0.4,0.0,0.0
60,5,2,raw,raw,1.0,all,1.3572373400209472,0.05355284482725648,1667995.3789480594,4634370.702755182,127188228.54040942,270105623.69924426,774460.4055283563,1569046.7094464798,134592660.34434804,285831601.3850737,1200.0,0.0,0.0,0.0,106596.80638013218,227473.02726898185,108166.04601032624,226846.93440763003,5909425.2464109985,12734875.370843893,40822651.53091706,114512603.24797684,521395.9691983737,1448777.426113551,43135534.38143255,121001421.97061224,240.0,0.0,0.0,0.0,60359.59156507112,181989.0759311903,66123.97916678023,180385.49595010423,1667995.3789480594,4634370.702755182,122510198.21056668,304375100.26835895,837726.5146108519,1985613.8580013886,129688845.99041207,322213733.2292945,960.0,0.0,0.0,0.0,118156.11008389744,287356.83865366515,118676.56272121279,287272.3416531585,5798389.478069651,14317883.91745599,1158000.0,854400.0,302400.0,303600.0,247200.0,1101600.0,66096000.0,247200.0,302400.0,1.0,0.0,0.2474054232804233,0.0028713438972235695,1.0,0.0,0.0,0.0,777150.5853936601,2071300.4468737403,777150.5853936601,2071300.4468737403,0.0,0.0,109089471566149.7,327611301520774.75,8410.796148705402,18170.15039872358,8410.796148705402,18170.15039872358,8562.670716959214,18122.718539564044,8413.392965094856,18170.14683687168,2.596816389455476,0.028233283330745373,,,,,,,,,,,10,68832545478928.984,0.0,0.0,0.0,0.0,0.0
60,5,2,sample_ball,sample_ball,1.0,all,1.4440168600063772,0.049805945373835654,0.8483550071252086,0.013836154614239857,2.721577001166166,0.07224231334120101,0.4040064803220732,0.005535701289659221,2.864680762796603,0.07683555742789505,1200.0,0.0,0.0,0.0,-0.4224473076075033,0.00350749158743202,0.42704801949163285,0.0031960898190620908,0.8660576394078119,0.0064866497329863215,2.6368345344962165,0.1520700155995266,0.3914047812952899,0.0126346678391213,2.7713253362828203,0.16149830123046918,240.0,0.0,0.0,0.0,-0.39582075901245206,0.007392791307030405,0.40042181378349984,0.00646900779069873,0.8483550071252086,0.013836154614239857,2.7403743587911813,0.09455347944644389,0.407156905078769,0.006618461514739155,2.8854841928973882,0.10066880820593675,960.0,0.0,0.0,0.0,-0.4291039447562661,0.005199136566490067,0.43370457091866604,0.0040606402066237805,0.8701302435192766,0.007790295672872989,1158000.0,854400.0,302400.0,303600.0,247200.0,1101600.0,66096000.0,247200.0,302400.0,1.0,0.0,0.24555026455026457,0.0027985054320228187,0.24555026455026457,0.0027985054320228187,0.24555026455026457,0.0027985054320228187,18.269081105636026,0.2410106521790157,13.049131745446834,0.1796904986604301,0.0,0.0,28.969586276406325,0.3878016321220765,-2.348408980375889,0.02704303714384571,2.348408980375889,0.02704303714384571,2.3961133172715106,0.026677643957786063,0.24840740907958728,0.0034119733064843904,2.596816389455476,0.028233283330745373,,,,,,,,,,,10,0.012682760790264294,0.0,1.0,0.9,1.0,1.0
60,5,2,sample_box,sample_box,1.0,all,1.403390260017477,0.04915228666407622,0.9060794510995533,0.12142108942569503,9.137641578501887,0.2538248247525034,1.0851823641894942,0.02591718960457377,9.665722433926103,0.26857360201320557,1200.0,0.0,0.0,0.0,-0.2809069935588252,0.013366225386247783,0.38958919107767526,0.009917322469891016,0.902182411664462,0.042066852715946894,9.181329888914336,0.8792288839813805,1.0505005703744554,0.08137071364178294,9.697450452488871,0.9284375580531381,240.0,0.0,0.0,0.0,-0.26099761045831577,0.02592358418482196,0.3696812372896777,0.02692836196342375,0.9060794510995533,0.12142108942569503,9.119740942121314,0.2018971274030946,1.0938528126432538,0.023135407821364,9.650281420313817,0.21389300419548085,960.0,0.0,0.0,0.0,-0.2858843393339526,0.01325824008261295,0.3945661795246746,0.008837572687835917,0.9000681245441464,0.0335210683009646,1158000.0,854400.0,302400.0,303600.0,247200.0,1101600.0,66096000.0,247200.0,302400.0,1.0,0.0,0.24330853174603173,0.002771656479536262,1.0,0.0,1.0,0.0,22.70774899116271,0.3148093233833197,22.70774899116271,0.3148093233833197,0.0,0.0,21.962199231821423,0.28087941383947707,-1.661844597701035,0.023422854603533518,1.661844597701035,0.023422854603533518,2.036937163162156,0.02183062949739117,0.9349717917544412,0.012602649816643911,2.596816389455476,0.028233283330745373,,,,,,,,,,,10,0.15927952460056422,0.0,1.0,0.0,0.6,0.6
60,5,2,shrink_c0.25,shrink,0.25,all,1.39670678996481,0.03853438152352673,0.8982139517067086,0.10703331401212145,8.600779267269852,11.497569756209748,0.4367617607980068,0.081466539673723,9.09223480510162,12.169765947687251,1200.0,0.0,0.0,0.0,-0.42990808602091446,0.018716223403006445,0.4472219017462355,0.0163440365558138,1.0600319337243524,0.46989450347303596,4.086930288576179,2.6354485830238987,0.3926451001007444,0.04577924364846725,4.305767855129408,2.788554509480173,240.0,0.0,0.0,0.0,-0.41257124689504315,0.010616440562172055,0.4152686509741823,0.012298662967662336,0.8982139517067086,0.10703331401212145,9.089834764445474,12.973202530007496,0.44779092597232245,0.10183745899758559,9.612999723378179,13.736428654997054,960.0,0.0,0.0,0.0,-0.4342422958023822,0.023420952786050116,0.4552102144392488,0.020144617844470424,1.0845515580973226,0.5422810133509027,1158000.0,854400.0,302400.0,303600.0,247200.0,1101600.0,66096000.0,247200.0,302400.0,1.0,0.0,0.24252347883597883,0.002841443702792086,1.0,0.0,1.0,0.0,18.413927707112094,0.35931614863510375,12.818783709243482,0.22845910193910327,0.0,0.0,29.123300897390685,0.778591337599869,-2.3659593589569816,0.026633250943956285,2.3659593589569816,0.026633250943956285,2.4029336206281404,0.027754937299898925,0.23085703049849485,0.003506932404007936,2.596816389455476,0.028233283330745373,,,,,,,,,,,10,0.22864542154708492,0.0,1.0,0.4,0.4,0.4
60,5,2,z_only_box,z_only_box,1.0,all,1.414844400039874,0.03358556768936633,1.2207653473495914,0.36990995743411936,18.61692689134582,3.570945301310743,1.4887598607823649,0.07984521904249045,19.69782016448108,3.7799343328495865,1200.0,0.0,0.0,0.0,-0.26538401620176655,0.020198215703916177,0.45354561298950635,0.014959587148734398,1.3023850903623404,0.1332579132608129,17.499916966183367,6.248797637351221,1.4237327188379914,0.17671524982384462,18.488069326623567,6.603294592675214,240.0,0.0,0.0,0.0,-0.25154150588047364,0.04168314674831455,0.4225176606963039,0.04813069548695022,1.2207653473495914,0.36990995743411936,18.63127801322756,4.079604495626179,1.5050166462684584,0.08887668544529875,19.720063814233654,4.319984269704456,960.0,0.0,0.0,0.0,-0.26884464378208967,0.024457152494111664,0.46130260106280696,0.010301778595772589,1.314234794116526,0.09512753565951258,1158000.0,854400.0,302400.0,303600.0,247200.0,1101600.0,66096000.0,247200.0,302400.0,1.0,0.0,0.24335350529100527,0.0027708932358977024,1.0,0.0,1.0,0.0,23.70008435745654,0.5184447258490917,23.699083544550195,0.5182486466703329,0.0,0.0,22.57324847375807,0.32158437849027166,-1.650615115796132,0.023610757224744584,1.650615115796132,0.023610757224744584,2.0519579351897512,0.02216418407296893,0.9462012736593446,0.012713144571401347,2.596816389455476,0.028233283330745373,,,,,,,,,,,10,0.49635742713172437,0.0,1.0,0.0,0.0,0.0
60,5,2,z_zero,z_zero,0.0,all,1.36720826998353,0.03357254696734307,0.8909262875230478,0.002706727803808845,1.3711501389869456,0.00368384174583981,0.2544904804802669,0.0006923275154699316,1.417406227537859,0.003942487644741254,1200.0,0.0,0.0,0.0,-0.455298218124903,0.0008640708502309347,0.45533804883821044,0.0008591374965843386,0.8977813374129049,0.0014615377028735141,1.3706802321940155,0.007732863426437372,0.2494829842317094,0.0013645479143736163,1.4161267661413617,0.008311759364578713,240.0,0.0,0.0,0.0,-0.43250319602964343,0.0013517804618607629,0.4325763003494868,0.0013532381298177905,0.8909262875230478,0.002706727803808845,1.371256430581138,0.005003639892898801,0.25574235454240635,0.0008591425626170594,1.4177086522892386,0.005350152670559295,960.0,0.0,0.0,0.0,-0.46099697364871794,0.0008176966521989549,0.46102848596039125,0.0008122967502381068,0.8993812143977724,0.001414896107881409,1158000.0,854400.0,302400.0,303600.0,247200.0,1101600.0,66096000.0,247200.0,302400.0,1.0,0.0,0.23521759259259262,0.0027998400373083843,1.0,0.0,1.0,0.0,17.699695615870677,0.24478121630774582,21.970260728719907,0.2946831032713677,0.0,0.0,32.944381343079144,0.4269493211972051,-2.596816389455476,0.028233283330745373,2.596816389455476,0.028233283330745373,2.596816389455476,0.028233283330745373,0.0,0.0,2.596816389455476,0.028233283330745373,,,,,,,,,,,10,0.0,0.0,1.0,0.4,0.0,0.0
80,2,2,batch_box,batch_box,1.0,all,0.04584191993344575,0.0045254871216189865,0.8977702595480455,0.0036577259910210813,3.644220591650137,0.030793697038982208,0.5596817019913515,0.0035563466176821903,3.826828241886197,0.032530456291360546,1200.0,0.0,0.0,0.0,-0.47225388360918413,0.0024815790345668405,0.4749293460976311,0.0023362418827187668,0.90627296478016,0.003386741801718144,3.6808855366004787,0.07417077951266883,0.5717247593424081,0.00664004803213306,3.8603184431812076,0.07825870919756377,240.0,0.0,0.0,0.0,-0.464784642668058,0.0039004399915372077,0.4676702765758806,0.0038080163722014147,0.8977702595480455,0.0036577259910210813,3.6344550444903483,0.05017779949156394,0.5566709376535874,0.005291320104942041,3.8178320658185543,0.05303642421758791,960.0,0.0,0.0,0.0,-0.4741211938444656,0.002891105836594222,0.47674411347806867,0.002736869098800268,0.9083562436361851,0.0041001196027441456,13200.0,9600.0,2400.0,3600.0,2400.0,12000.0,960000.0,2400.0,2400.0,1.0,0.0,0.36020833333333335,0.008891601148705118,1.0,0.0,1.0,0.0,44.46254706586837,2.3143822565129013,44.46254706586837,2.3143822565129013,0.0,0.0,78.99578838193631,2.964623965193449,-4.719009365198342,0.1396951855847191,4.719009365198342,0.1396951855847191,4.792051465407013,0.13880511493783926,0.27965982598841055,0.006998357605106916,4.998669191186752,0.13994210174028043,0.5252328421274258,0.00761757055893601,0.3579,0.02336283848812515,0.078,0.0019002923751652307,0.9995,0.0,0.61625,0.010177817200311811,10,0.0019183992102275208,0.0,1.0,0.0,1.0,1.0
80,2,2,box_factor_a0.9,box_factor,0.9,all,0.03843733994290233,0.005017824144027143,0.8795253395781968,0.008260049371658348,4.7655659181233725,0.11410753085624326,0.6518341310701448,0.009665456793808013,5.01103057617017,0.12042908968640327,1200.0,0.0,0.0,0.0,-0.4473137351712819,0.003554825975282276,0.4621569919770849,0.003369862863237039,0.891245271680231,0.004379089540139998,4.884332226364137,0.23171215300223363,0.6715625575355236,0.01922859466387415,5.129104561615139,0.2441341880733542,240.0,0.0,0.0,0.0,-0.4361434740917013,0.007274211021353242,0.45228949171847627,0.0060949847267456605,0.8795253395781968,0.008260049371658348,4.732621811756457,0.1579457806086266,0.6469020244538002,0.01202621190512159,4.9780515587307494,0.16672412183375815,960.0,0.0,0.0,0.0,-0.45010630044117705,0.0038887312284128445,0.4646238670417371,0.0032980350134016166,0.894108884855596,0.004157882533822675,13200.0,9600.0,2400.0,3600.0,2400.0,12000.0,960000.0,2400.0,2400.0,1.0,0.0,0.36020833333333335,0.008891601148705118,1.0,0.0,1.0,0.0,44.46254706586837,2.3143822565129013,45.21151384629364,2.33960684869526,0.0,0.0,71.59531698614796,2.543442340135963,-4.19352601087742,0.1360039196805696,4.19352601087742,0.1360039196805696,4.5310395109871955,0.12450219475005982,0.8051431803093312,0.029915172485526,4.998669191186752,0.13994210174028043,,,,,,,,,,,10,0.013621804059196272,0.5,1.0,0.5,1.0,1.0
80,2,2,f_zero,f_zero,0.0,all,0.01290523000061512,0.0022360301764633526,0.9183500724414264,0.004997290080985885,3.44211088936261,0.02570408504509474,0.5351329291917934,0.0034349295049332174,3.612779203465471,0.02712771934774997,1200.0,0.0,0.0,0.0,-0.48570391335945573,0.0019359447529292632,0.48673726128766737,0.0018774882455522746,0.9232372708341916,0.002411382415588818,3.464561041102388,0.05812182802549787,0.5464532418687447,0.006558329001014915,3.63156047667441,0.061263035162938975,240.0,0.0,0.0,0.0,-0.47969005692311917,0.004087672002463305,0.48120128193761424,0.004006872891606917,0.9183500724414264,0.004997290080985885,3.4362091516950515,0.032439860756889816,0.5323028510225557,0.0041458338929391885,3.6077957396080835,0.03425258048371182,960.0,0.0,0.0,0.0,-0.48720737746853987,0.0024554117799623285,0.48812125612518065,0.0024572708026634454,0.9244344571109044,0.0033586141333803443,6000.0,4800.0,0.0,1200.0,0.0,4800.0,384000.0,0.0,0.0,0.0,0.0,0.0,0.0,0.0,0.0,0.0,0.0,0.0,0.0,0.0,0.0,0.0,0.0,,,,,,,,,,,,,,,,,,,,,,,10,0.0,0.0,0.9,0.0,0.0,0.0
80,2,2,raw,raw,1.0,all,0.03624631999991834,0.004466759489998241,0.9167097807090434,0.01973006710105406,5.5978847958112095,0.43398695185408664,0.6755986642492371,0.017175550189266225,5.88825691800298,0.45746429091187685,1200.0,0.0,0.0,0.0,-0.45872769648486356,0.005805310981924007,0.48273014235485323,0.00410968644913761,0.9353446907509696,0.019127519833212484,5.360258052350721,0.6734317128675534,0.6777187518429597,0.040672839998081335,5.629653764128782,0.7092195197167787,240.0,0.0,0.0,0.0,-0.45231298998400593,0.008574510626452845,0.4712349891727278,0.007306457027701289,0.9167097807090434,0.01973006710105406,5.647896337727643,0.4846808305224779,0.6750686423508063,0.019101357087722988,5.943140247420515,0.5110878958451358,960.0,0.0,0.0,0.0,-0.460331373110078,0.0062688981886467625,0.48560393065038454,0.004707113951402551,0.9398476717721909,0.021019378206681406,13200.0,9600.0,2400.0,3600.0,2400.0,12000.0,960000.0,2400.0,2400.0,1.0,0.0,0.36020833333333335,0.008891601148705118,1.0,0.0,0.0,0.0,44.46254706586837,2.3143822565129013,44.46254706586837,2.3143822565129013,0.0,0.0,81.99194092619351,2.9502676502150993,-4.255386470904026,0.15799225293589186,4.255386470904026,0.15799225293589186,4.835395598299904,0.12414834720427545,0.7432827202827262,0.07495268677160309,4.998669191186752,0.13994210174028043,,,,,,,,,,,10,0.03207245239568779,0.0,0.0,0.0,0.1,0.1
80,2,2,sample_ball,sample_ball,1.0,all,0.03919943002983928,0.007278767453959395,0.9109190802839555,0.0043005027681483725,3.5888860511105607,0.040730001131196514,0.5525195597641483,0.0043428744679361985,3.768052963430005,0.043030834692250525,1200.0,0.0,0.0,0.0,-0.4795414266063573,0.0021112064707158452,0.4816438062156149,0.0018624109606345492,0.91788644625295,0.0026961513578633678,3.614529140351268,0.07352116996797127,0.5634597336456069,0.007650928552766675,3.789991457576682,0.07753029462187555,240.0,0.0,0.0,0.0,-0.4729613978282689,0.0040424090072796685,0.47566188838689694,0.0040517723813990915,0.9109190802839555,0.0043005027681483725,3.581916299168607,0.06159867378040025,0.5497845162937838,0.006179466076866956,3.761992860028331,0.0651075449441132,960.0,0.0,0.0,0.0,-0.48118643380087944,0.0025019780660728284,0.48313928567279446,0.0023430665436349903,0.9195945571337202,0.0033409606825846668,13200.0,9600.0,2400.0,3600.0,2400.0,12000.0,960000.0,2400.0,2400.0,1.0,0.0,0.36020833333333335,0.008891601148705118,0.36020833333333335,0.008891601148705118,0.36020833333333335,0.008891601148705118,44.46254706586837,2.3143822565129013,32.142631926964484,2.0338236251717405,0.0,0.0,81.68136349157922,2.908641302945915,-4.842239081795024,0.1401135459439658,4.842239081795024,0.1401135459439658,4.886135801111331,0.13696721977789064,0.15643010939172708,0.01045326042074637,4.998669191186752,0.13994210174028043,,,,,,,,,,,10,0.0016872337986633243,0.0,1.0,0.0,1.0,1.0
80,2,2,sample_box,sample_box,1.0,all,0.038581439992412925,0.003982524620243695,0.8795775910021456,0.010170207014303245,4.981565911250236,0.13092985674348037,0.6673549791561122,0.010687677099486852,5.238927440406074,0.1381523529168019,1200.0,0.0,0.0,0.0,-0.44382917332684374,0.00376636303228889,0.46167892682374145,0.0035225727044356863,0.891143382943468,0.00468320778039489,5.11047649050762,0.26171677920260555,0.6882158641787637,0.02142491919252303,5.367305294341563,0.27568658040143895,240.0,0.0,0.0,0.0,-0.4322108208881791,0.007946236022998158,0.45173464810132274,0.006279219871795259,0.8795775910021456,0.010170207014303245,4.9455691232305945,0.1781613154575227,0.6621397579004493,0.013066371285251205,5.202824762093502,0.1880238805989338,960.0,0.0,0.0,0.0,-0.4467337614365099,0.004129354077401871,0.4641649965043461,0.003552220948400783,0.8939657680684562,0.004425632244969547,13200.0,9600.0,2400.0,3600.0,2400.0,12000.0,960000.0,2400.0,2400.0,1.0,0.0,0.36020833333333335,0.008891601148705118,1.0,0.0,1.0,0.0,44.46254706586837,2.3143822565129013,44.46254706586837,2.3143822565129013,0.0,0.0,71.00592680593311,2.5122115642928526,-4.120914823259457,0.13596306615491122,4.120914823259457,0.13596306615491122,4.507601964856574,0.122884295308636,0.877754367927295,0.03256842453837349,4.998669191186752,0.13994210174028043,,,,,,,,,,,10,0.01633573448464284,0.25,1.0,0.0,1.0,1.0
80,2,2,shrink_c0.375,shrink,0.375,all,0.036131490021944046,0.002558624603540194,0.9086322829783082,0.004947868485357909,3.8168675309118862,0.09637163375919404,0.5694651015898748,0.005747771477931563,4.00894581928736,0.10179339450241333,1200.0,0.0,0.0,0.0,-0.4755878320314837,0.0029162797316817255,0.4798652662898073,0.0022099564667922844,0.9168334641060435,0.002987148328805276,3.7906605629937404,0.11549634631044284,0.5773746990714941,0.010416162830808788,3.9758284860120647,0.12184893359817861,240.0,0.0,0.0,0.0,-0.4694236568209518,0.005096093721128336,0.4733025260525343,0.0049378917901455556,0.9086322829783082,0.004947868485357909,3.822960445388209,0.1145870957756437,0.56748770221947,0.006991523125008362,4.016784905718923,0.12107381462117262,960.0,0.0,0.0,0.0,-0.4771288758341167,0.0033426981335190633,0.48150595134912555,0.0027213929785129933,0.9188420078848603,0.003691304844265573,13200.0,9600.0,2400.0,3600.0,2400.0,12000.0,960000.0,2400.0,2400.0,1.0,0.0,0.36020833333333335,0.008891601148705118,1.0,0.0,1.0,0.0,44.46254706586837,2.3143822565129013,20.89260004286598,1.0085002593233414,0.0,0.0,79.5755437814029,2.741241649063312,-4.719938171080729,0.1424210495366348,4.719938171080729,0.1424210495366348,4.808849178282563,0.1305408562967907,0.27873102010602235,0.028107257539351192,4.998669191186752,0.13994210174028043,,,,,,,,,,,10,0.004510188618143595,0.0,1.0,0.0,1.0,1.0
80,2,2,z_only_box,z_only_box,1.0,all,0.037678149971179666,0.0027284625326304238,0.8795775910021456,0.010170207014303245,4.981565911250236,0.13092985674348037,0.6673549791561122,0.010687677099486852,5.238927440406074,0.1381523529168019,1200.0,0.0,0.0,0.0,-0.44382917332684374,0.00376636303228889,0.46167892682374145,0.0035225727044356863,0.891143382943468,0.00468320778039489,5.11047649050762,0.26171677920260555,0.6882158641787637,0.02142491919252303,5.367305294341563,0.27568658040143895,240.0,0.0,0.0,0.0,-0.4322108208881791,0.007946236022998158,0.45173464810132274,0.006279219871795259,0.8795775910021456,0.010170207014303245,4.9455691232305945,0.1781613154575227,0.6621397579004493,0.013066371285251205,5.202824762093502,0.1880238805989338,960.0,0.0,0.0,0.0,-0.4467337614365099,0.004129354077401871,0.4641649965043461,0.003552220948400783,0.8939657680684562,0.004425632244969547,13200.0,9600.0,2400.0,3600.0,2400.0,12000.0,960000.0,2400.0,2400.0,1.0,0.0,0.36020833333333335,0.008891601148705118,1.0,0.0,1.0,0.0,44.46254706586837,2.3143822565129013,44.46254706586837,2.3143822565129013,0.0,0.0,71.00592680593311,2.5122115642928526,-4.120914823259457,0.13596306615491122,4.120914823259457,0.13596306615491122,4.507601964856574,0.122884295308636,0.877754367927295,0.03256842453837349,4.998669191186752,0.13994210174028043,,,,,,,,,,,10,0.01633573448464284,0.25,1.0,0.0,1.0,1.0
80,2,2,z_zero,z_zero,0.0,all,0.037184770009480415,0.005270259439252416,0.9183500724414264,0.004997290080985885,3.44211088936261,0.02570408504509474,0.5351329291917934,0.0034349295049332174,3.612779203465471,0.02712771934774997,1200.0,0.0,0.0,0.0,-0.48570391335945573,0.0019359447529292632,0.48673726128766737,0.0018774882455522746,0.9232372708341916,0.002411382415588818,3.464561041102388,0.05812182802549787,0.5464532418687447,0.006558329001014915,3.63156047667441,0.061263035162938975,240.0,0.0,0.0,0.0,-0.47969005692311917,0.004087672002463305,0.48120128193761424,0.004006872891606917,0.9183500724414264,0.004997290080985885,3.4362091516950515,0.032439860756889816,0.5323028510225557,0.0041458338929391885,3.6077957396080835,0.03425258048371182,960.0,0.0,0.0,0.0,-0.48720737746853987,0.0024554117799623285,0.48812125612518065,0.0024572708026634454,0.9244344571109044,0.0033586141333803443,13200.0,9600.0,2400.0,3600.0,2400.0,12000.0,960000.0,2400.0,2400.0,1.0,0.0,0.36020833333333335,0.008891601148705118,1.0,0.0,1.0,0.0,44.46254706586837,2.3143822565129013,53.4850561097369,2.5817606638677613,0.0,0.0,84.85454852396042,3.108941631999901,-4.998669191186752,0.13994210174028043,4.998669191186752,0.13994210174028043,4.998669191186752,0.13994210174028043,0.0,0.0,4.998669191186752,0.13994210174028043,,,,,,,,,,,10,0.0,0.0,0.9,0.0,0.0,0.0
80,2,8,batch_box,batch_box,1.0,all,0.2557942599989474,0.02409562565897928,0.8932241942076911,0.0013264663455982732,1.3391630880024041,0.0034957670726383865,0.23359151390029295,0.0005149588683300923,1.3786764944706218,0.0037964149880941973,1200.0,0.0,0.0,0.0,-0.47338102651893943,0.0004167456493790168,0.47359161349165146,0.00037702166495901033,0.9014553189110972,0.0005886047201498887,1.3412031513101355,0.010384889136672387,0.2371684272204882,0.0012292434691791392,1.38025927473258,0.011158047356635416,240.0,0.0,0.0,0.0,-0.4668112317801185,0.0006305213156300108,0.46699283395572805,0.0006129963873993959,0.8932241942076911,0.0013264663455982732,1.3386353982666055,0.0027785475980900576,0.2326972855702442,0.0005168159695754608,1.3782636290041619,0.0030167609747134014,960.0,0.0,0.0,0.0,-0.47502347520364463,0.000605605370449266,0.47524130837563233,0.0005621548295554009,0.9034748459122698,0.000841912249105236,164400.0,153600.0,9600.0,10800.0,9600.0,163200.0,13056000.0,9600.0,9600.0,1.0,0.0,0.2919791666666667,0.00511266299658668,1.0,0.0,1.0,0.0,9.510628230728523,0.15936884933966863,9.510628230728523,0.15936884933966863,0.0,0.0,79.594075558024,1.9676454041929763,-4.765401210370365,0.09410968888752377,4.765401210370365,0.09410968888752377,4.811609517975617,0.09150942352413831,0.26209860368151816,0.005231394026591273,5.027499814051884,0.09345719612779725,0.42782101251964766,0.004692920388208733,0.27749999999999997,0.008602325267042608,0.1183,0.002387467277262663,0.9995,0.0,0.8093333333333333,0.004056887148212726,5,0.0003581652032994178,0.0,0.0,0.0,1.0,1.0
80,2,8,box_factor_a0.9,box_factor,0.9,all,0.19354657996445895,0.02264753636073671,0.8559856206373464,0.004113467449641744,2.0251083876808713,0.02832915813249815,0.29730000321716826,0.0022542651816254496,2.1135248196119667,0.030170600291909717,1200.0,0.0,0.0,0.0,-0.44552551923059835,0.0010580149362499052,0.45018958747123505,0.000940660073992104,0.8713157209531183,0.001339815664477359,2.0143131911951624,0.0538819514698513,0.3036945730062093,0.005154686901803001,2.1001076018627836,0.05733270591370132,240.0,0.0,0.0,0.0,-0.4372000372910533,0.0017777153041721658,0.43948253864260123,0.001963976948452289,0.8559856206373464,0.004113467449641744,2.027670810200097,0.03480504521920011,0.29570136076990805,0.002394176198171641,2.1167489945430678,0.03708894404754849,960.0,0.0,0.0,0.0,-0.4476068897154847,0.001386132390118243,0.45286634967839356,0.001236364374656822,0.8750553706490235,0.001810618453107275,164400.0,153600.0,9600.0,10800.0,9600.0,163200.0,13056000.0,9600.0,9600.0,1.0,0.0,0.2919791666666667,0.00511266299658668,1.0,0.0,1.0,0.0,9.510628230728523,0.15936884933966863,9.810118222779831,0.1635727473417489,0.0,0.0,71.55974736150681,1.7807209405957953,-4.150890833162618,0.09617675101200346,4.150890833162618,0.09617675101200346,4.527040726599377,0.08307933840968286,0.8766089808892641,0.0065342416708643655,5.027499814051884,0.09345719612779725,,,,,,,,,,,5,0.002972315832369892,0.0,1.0,0.0,1.0,1.0
80,2,8,box_factor_a2,box_factor,2.0,all,0.2226192600093782,0.006708318892411043,0.8323172628993609,0.00567257513419011,3.103314787502092,0.04955653871642467,0.3837286791663104,0.003873620282377171,3.2565166203570195,0.052411790504132375,1200.0,0.0,0.0,0.0,-0.4157646616357262,0.0019635517113994905,0.4375308654548011,0.0014430435477733046,0.8558249384591561,0.0016111481045268116,3.1177278305375853,0.11579385114555403,0.39825777342062885,0.00953676452505236,3.267835725455735,0.12232400842653021,240.0,0.0,0.0,0.0,-0.4044511531962707,0.0035749655061962293,0.41881901406682837,0.003171244405530517,0.8323172628993609,0.00567257513419011,3.09915530400995,0.05718335029426512,0.38009640560273084,0.003910992279467603,3.2531095358601063,0.06052399292132289,960.0,0.0,0.0,0.0,-0.4185930387455901,0.0023205268821825777,0.4422088283017942,0.0015066759661476327,0.8615230571942336,0.0023361572223569394,164400.0,153600.0,9600.0,10800.0,9600.0,163200.0,13056000.0,9600.0,9600.0,1.0,0.0,0.2919791666666667,0.00511266299658668,1.0,0.0,1.0,0.0,9.510628230728523,0.15936884933966863,7.445409677090026,0.12970599610095274,0.0,0.0,70.25682276782725,1.6655114118633376,-3.500854055786371,0.0952196254922458,3.500854055786371,0.0952196254922458,4.4441007564555735,0.07885004382319312,1.5266457582655135,0.013557652354083113,5.027499814051884,0.09345719612779725,,,,,,,,,,,5,0.009849742510136764,1.0,1.0,1.0,1.0,1.0
80,2,8,f_zero,f_zero,0.0,all,0.08584374007768929,0.020609816800570644,0.914978202708134,0.001859867657491412,1.2522506307093038,0.0019183947444211175,0.22207902367376095,0.0003657547044433172,1.2834433858815717,0.0020979136338997524,1200.0,0.0,0.0,0.0,-0.48594075694859373,0.00022185801636687136,0.48598701056218613,0.00021735879390821818,0.9196771402581263,0.0003248824388146913,1.252601775430686,0.008487917234920027,0.22569279334560396,0.001487297260256712,1.283246281132552,0.009121129089095754,240.0,0.0,0.0,0.0,-0.48047323815309717,0.0012045532327945802,0.4805440015903276,0.0011561480198820982,0.914978202708134,0.001859867657491412,1.2521541930771902,0.002683469531504197,0.2211755812558002,0.0004176881027867787,1.2834863542635797,0.0029161607033205274,960.0,0.0,0.0,0.0,-0.4873076366474679,0.00018462181963101014,0.4873477628051508,0.00017088393276088005,0.9208327421886823,0.000363396175186599,78000.0,76800.0,0.0,1200.0,0.0,76800.0,6144000.0,0.0,0.0,0.0,0.0,0.0,0.0,0.0,0.0,0.0,0.0,0.0,0.0,0.0,0.0,0.0,0.0,,,,,,,,,,,,,,,,,,,,,,,5,0.0,0.0,0.0,0.0,0.0,0.0
80,2,8,raw,raw,1.0,all,0.19998873998411,0.03156715124928444,0.8716946574819986,0.0023283522194446522,2.314845264302501,0.07201232321207818,0.31041630013964056,0.004144596721479271,2.420571550822342,0.07645049968863735,1200.0,0.0,0.0,0.0,-0.44816658276215166,0.0025541305330326076,0.4578307059690351,0.0015892822599464667,0.8863821444633218,0.0016525113012578173,2.1919641501425016,0.13467846103502373,0.31089041987745303,0.006864049259094725,2.287788064139114,0.14277804215335116,240.0,0.0,0.0,0.0,-0.44192327052227487,0.002859321126341191,0.4472931329090957,0.0019137968090458598,0.8716946574819986,0.0023283522194446522,2.3447418907389306,0.06792695839384083,0.3102977702051874,0.0039303753622571295,2.4529643300586637,0.07212906238112282,960.0,0.0,0.0,0.0,-0.44972741082212087,0.0028269077804465525,0.46046509923401996,0.0015554987152666259,0.8899691954381078,0.0017309650650557205,164400.0,153600.0,9600.0,10800.0,9600.0,163200.0,13056000.0,9600.0,9600.0,1.0,0.0,0.2919791666666667,0.00511266299658668,1.0,0.0,0.0,0.0,9.510628230728523,0.15936884933966863,9.510628230728523,0.15936884933966863,0.0,0.0,74.39566523976778,2.093556805235945,-4.107903194283727,0.09250456635847396,4.107903194283727,0.09250456635847396,4.5855444837541395,0.08924114868846439,0.9195966197681559,0.014447577455879644,5.027499814051884,0.09345719612779725,,,,,,,,,,,5,0.006432070209480391,0.0,0.0,0.0,1.0,1.0
80,2,8,sample_ball,sample_ball,1.0,all,0.23243433996103705,0.019880149172651202,0.8924646576281707,0.0015980914237953452,1.4495816029117798,0.015462104807655726,0.244690930418305,0.001343042342092773,1.4975188664803003,0.01668309698869894,1200.0,0.0,0.0,0.0,-0.47007246680752035,0.0009357045519106386,0.4708974708183396,0.0008566612361440664,0.9005625779079178,0.001495596255725864,1.4216934818775218,0.016921133610889944,0.24591577328389408,0.001843473441059481,1.4667152652562845,0.018209591529261947,240.0,0.0,0.0,0.0,-0.4644110989149183,0.0003437220586889673,0.46489953979199605,0.00022390970338384748,0.8924646576281707,0.0015980914237953452,1.4565979667635702,0.017669723634230246,0.24438471970190773,0.0013963997238732393,1.5052909147535032,0.01906917265708831,960.0,0.0,0.0,0.0,-0.4714878087806708,0.0012003669527721702,0.4723969535749254,0.0010879741381118425,0.9025494832256153,0.0017634800950779286,164400.0,153600.0,9600.0,10800.0,9600.0,163200.0,13056000.0,9600.0,9600.0,1.0,0.0,0.2919791666666667,0.00511266299658668,0.2919791666666667,0.00511266299658668,0.2919791666666667,0.00511266299658668,9.510628230728523,0.15936884933966863,4.43089273734431,0.07520476423437679,0.0,0.0,78.14847701881858,1.9378216735993854,-4.646648075314391,0.09582159963148817,4.646648075314391,0.09582159963148817,4.756595925100507,0.08875084527931573,0.38085173873749234,0.005191552302008827,5.027499814051884,0.09345719612779725,,,,,,,,,,,5,0.000842825238215607,0.0,0.0,0.0,1.0,1.0
80,2,8,sample_box,sample_box,1.0,all,0.19998846002854406,0.023775699712922232,0.852203159056271,0.004345233511999202,2.13817456055261,0.031169618891019754,0.30675401676790465,0.002439239814216203,2.2337836123734136,0.0331536717334868,1200.0,0.0,0.0,0.0,-0.4420732041310999,0.0011605294046978729,0.44789695906655763,0.0011039750494027335,0.868525528895244,0.001324364623115453,2.1288588879198977,0.06071216160373535,0.3139280552703584,0.005660227107130726,2.2217355914649017,0.06451523802720704,240.0,0.0,0.0,0.0,-0.4334345577832467,0.00196833215260568,0.43630314929168285,0.0022302585603624554,0.852203159056271,0.004345233511999202,2.140329866064328,0.03803128528452579,0.3049605071422912,0.002583145997390045,2.2366260898635635,0.04047670726538838,960.0,0.0,0.0,0.0,-0.44423286571806325,0.0014936084121224707,0.45079541151027636,0.0013608680938632643,0.8725040906872541,0.001847289023912611,164400.0,153600.0,9600.0,10800.0,9600.0,163200.0,13056000.0,9600.0,9600.0,1.0,0.0,0.2919791666666667,0.00511266299658668,1.0,0.0,1.0,0.0,9.510628230728523,0.15936884933966863,9.510628230728523,0.15936884933966863,0.0,0.0,70.98109861643862,1.7579636311779754,-4.075845415175477,0.09614726675005414,4.075845415175477,0.09614726675005414,4.504558606249774,0.08218123461632099,0.9516543988764058,0.007144474201015403,5.027499814051884,0.09345719612779725,,,,,,,,,,,5,0.0035339642541327974,0.0,1.0,0.0,1.0,1.0
80,2,8,z_only_box,z_only_box,1.0,all,0.22316035996191202,0.00423891136139341,0.852203159056271,0.004345233511999202,2.13817456055261,0.031169618891019754,0.30675401676790465,0.002439239814216203,2.2337836123734136,0.0331536717334868,1200.0,0.0,0.0,0.0,-0.4420732041310999,0.0011605294046978729,0.44789695906655763,0.0011039750494027335,0.868525528895244,0.001324364623115453,2.1288588879198977,0.06071216160373535,0.3139280552703584,0.005660227107130726,2.2217355914649017,0.06451523802720704,240.0,0.0,0.0,0.0,-0.4334345577832467,0.00196833215260568,0.43630314929168285,0.0022302585603624554,0.852203159056271,0.004345233511999202,2.140329866064328,0.03803128528452579,0.3049605071422912,0.002583145997390045,2.2366260898635635,0.04047670726538838,960.0,0.0,0.0,0.0,-0.44423286571806325,0.0014936084121224707,0.45079541151027636,0.0013608680938632643,0.8725040906872541,0.001847289023912611,164400.0,153600.0,9600.0,10800.0,9600.0,163200.0,13056000.0,9600.0,9600.0,1.0,0.0,0.2919791666666667,0.00511266299658668,1.0,0.0,1.0,0.0,9.510628230728523,0.15936884933966863,9.510628230728523,0.15936884933966863,0.0,0.0,70.98109861643862,1.7579636311779754,-4.075845415175477,0.09614726675005414,4.075845415175477,0.09614726675005414,4.504558606249774,0.08218123461632099,0.9516543988764058,0.007144474201015403,5.027499814051884,0.09345719612779725,,,,,,,,,,,5,0.0035339642541327974,0.0,1.0,0.0,1.0,1.0
80,2,8,z_zero,z_zero,0.0,all,0.24634419996291398,0.021822065890554753,0.914978202708134,0.001859867657491412,1.2522506307093038,0.0019183947444211175,0.22207902367376095,0.0003657547044433172,1.2834433858815717,0.0020979136338997524,1200.0,0.0,0.0,0.0,-0.48594075694859373,0.00022185801636687136,0.48598701056218613,0.00021735879390821818,0.9196771402581263,0.0003248824388146913,1.252601775430686,0.008487917234920027,0.22569279334560396,0.001487297260256712,1.283246281132552,0.009121129089095754,240.0,0.0,0.0,0.0,-0.48047323815309717,0.0012045532327945802,0.4805440015903276,0.0011561480198820982,0.914978202708134,0.001859867657491412,1.2521541930771902,0.002683469531504197,0.2211755812558002,0.0004176881027867787,1.2834863542635797,0.0029161607033205274,960.0,0.0,0.0,0.0,-0.4873076366474679,0.00018462181963101014,0.4873477628051508,0.00017088393276088005,0.9208327421886823,0.000363396175186599,164400.0,153600.0,9600.0,10800.0,9600.0,163200.0,13056000.0,9600.0,9600.0,1.0,0.0,0.2919791666666667,0.00511266299658668,1.0,0.0,1.0,0.0,9.510628230728523,0.15936884933966863,13.774996933531208,0.21632633092214132,0.0,0.0,85.41855078064202,2.0170870493404935,-5.027499814051884,0.09345719612779725,5.027499814051884,0.09345719612779725,5.027499814051884,0.09345719612779725,0.0,0.0,5.027499814051884,0.09345719612779725,,,,,,,,,,,5,0.0,0.0,0.0,0.0,0.0,0.0
80,2,24,batch_box,batch_box,1.0,all,3.282606799900532,0.1145673482601249,0.8924528890190894,0.0009076013607380906,1.0051637839977818,0.0026373636417123,0.1820561769288171,0.0004890436121031056,1.0159808470225025,0.0029293192863893455,1200.0,0.0,0.0,0.0,-0.4729110078473392,0.00031146677903661293,0.47303535119287154,0.000338765482356005,0.9003826626542846,0.000805240868199111,0.9931051894057277,0.004186814782834985,0.18238713131951817,0.00122700177045499,1.003199586715605,0.004660232413055501,240.0,0.0,0.0,0.0,-0.4665539886403005,0.0003183667305202496,0.4665687927867392,0.0003122031114653024,0.8924528890190894,0.0009076013607380906,1.008219790605637,0.0029761229216197058,0.18197343833114182,0.00041538169628838544,1.0192307304368418,0.0032810787225983572,960.0,0.0,0.0,0.0,-0.47450026264909884,0.0003142494372715187,0.4746519907944046,0.00035120824812927574,0.9023289437735638,0.0007854975869149661,1412400.0,1382400.0,28800.0,30000.0,28800.0,1411200.0,112896000.0,28800.0,28800.0,1.0,0.0,0.17109722222222223,0.0007593774608759625,1.0,0.0,1.0,0.0,2.556695682122734,0.022180887524854788,2.556695682122734,0.022180887524854788,0.0,0.0,78.54561418708275,0.5285518161429879,-4.722082370710777,0.031337242529375454,4.722082370710777,0.031337242529375454,4.765383891296692,0.03070737117603036,0.27534488136524204,0.002164429253130751,4.99742725207602,0.030335619864872754,0.485815869245578,0.002461515901843012,0.3907,0.0062609903369994155,0.17909999999999998,0.0008944271909999165,0.9995,0.0,0.8321666666666667,0.007255266286559689,5,0.00012754419962150959,0.0,0.0,0.0,1.0,1.0
80,2,24,box_factor_a0.9,box_factor,0.9,all,3.315566419949755,0.13814805404683483,0.85592128426663,0.002326288645690371,1.3142553092494413,0.009050892829175495,0.217406183935206,0.001122957469491403,1.354022253772321,0.009780990711465704,1200.0,0.0,0.0,0.0,-0.4465289021974333,0.0007821465147396306,0.45055540459174753,0.001004041482266657,0.8707506739765855,0.0016206713944974056,1.290623716062274,0.02204377841323835,0.2189672780695246,0.0033332806806116166,1.3284470431185385,0.023841614667692506,240.0,0.0,0.0,0.0,-0.43820132751702656,0.001269497225938733,0.43970384861104994,0.001296134162480553,0.85592128426663,0.002326288645690371,1.320180601601181,0.011238710616864806,0.21701591040162635,0.0008666899842761526,1.3604533196379778,0.012091107633507169,960.0,0.0,0.0,0.0,-0.44861079586753505,0.000809039361541764,0.4532682935869219,0.0010345654835528639,0.8743715909646923,0.001520199893846351,1412400.0,1382400.0,28800.0,30000.0,28800.0,1411200.0,112896000.0,28800.0,28800.0,1.0,0.0,0.17109722222222223,0.0007593774608759625,1.0,0.0,1.0,0.0,2.556695682122734,0.022180887524854788,2.679553586817931,0.022909216980257618,0.0,0.0,70.54606866861141,0.4649343813600055,-4.119341825800759,0.032575528486011106,4.119341825800759,0.032575528486011106,4.47657380433211,0.0273953507784626,0.8780854262752594,0.005004473776082476,4.99742725207602,0.030335619864872754,,,,,,,,,,,5,0.0009038287676104287,0.0,1.0,0.0,1.0,1.0
80,2,24,box_factor_a2,box_factor,2.0,all,3.244032740034163,0.07306257135990767,0.8350397917198285,0.0029160663896593336,1.712863877366382,0.011906406063328896,0.2537694058317371,0.001611955441625025,1.7818833547121138,0.012735474471873802,1200.0,0.0,0.0,0.0,-0.4257732315699392,0.001046495968943281,0.43765183773591676,0.0013630711823388224,0.8550418811903917,0.002222651288357117,1.6993988020293223,0.03465422690884174,0.25821435117238617,0.004592652295827805,1.766508073864538,0.03699852956524941,240.0,0.0,0.0,0.0,-0.41514356289228294,0.0017915222698519178,0.42110091840731023,0.0017740329998732092,0.8350397917198285,0.0029160663896593336,1.7162075336151066,0.01460129378503535,0.25265816949657494,0.0011256937061521802,1.7857180127977348,0.015551661563942484,960.0,0.0,0.0,0.0,-0.42843064873935327,0.0010490505053473245,0.4417895675680684,0.0014723793380669228,0.8599065320225268,0.0020858556097961964,1412400.0,1382400.0,28800.0,30000.0,28800.0,1411200.0,112896000.0,28800.0,28800.0,1.0,0.0,0.17109722222222223,0.0007593774608759625,1.0,0.0,1.0,0.0,2.556695682122734,0.022180887524854788,1.8815350606854946,0.017071753323138594,0.0,0.0,68.47044665149883,0.4927392933695528,-3.633340028215888,0.033055420064369394,3.633340028215888,0.033055420064369394,4.3658914216636955,0.028653090488807136,1.364087223860131,0.007352907238095787,4.99742725207602,0.030335619864872754,,,,,,,,,,,5,0.002237344533432915,1.0,1.0,1.0,1.0,1.0
80,2,24,f_zero,f_zero,0.0,all,1.5513048799708486,0.13766315813857577,0.91431075037572,0.000504271265790436,0.9755174397822868,0.0009114580273942654,0.17628079756157802,0.00021701170226553972,0.9814824485160649,0.0010173626252539306,1200.0,0.0,0.0,0.0,-0.48582386167481645,0.00011465998815894421,0.4858243240838777,0.00011465126242092356,0.9192535548549783,0.00025401919069504224,0.9655801700449116,0.0018253224912310332,0.17670592607073302,0.00033561795434923426,0.9708652966908291,0.0020295218352576207,240.0,0.0,0.0,0.0,-0.4804206247643987,0.0001759172355106026,0.4804225943429934,0.00017842555499687914,0.91431075037572,0.000504271265790436,0.9780398912760562,0.000989350096641201,0.17617451543428927,0.0002501941222970988,0.98418649221461,0.0010870995879242297,960.0,0.0,0.0,0.0,-0.487174670902421,0.00016039369062847885,0.48717475651909875,0.00016047472321962183,0.9204692952445199,0.0002640646626450568,692400.0,691200.0,0.0,1200.0,0.0,691200.0,55296000.0,0.0,0.0,0.0,0.0,0.0,0.0,0.0,0.0,0.0,0.0,0.0,0.0,0.0,0.0,0.0,0.0,,,,,,,,,,,,,,,,,,,,,,,5,0.0,0.0,0.0,0.0,0.0,0.0
80,2,24,raw,raw,1.0,all,3.249228119989857,0.08958576973452877,0.8655432910515808,0.0031396358102036793,1.3885249242172384,0.008763079840668087,0.22361342161658854,0.0014492920535932239,1.433304998322242,0.009519370861231384,1200.0,0.0,0.0,0.0,-0.44924664580922347,0.0007504243889624697,0.45353961851782654,0.0012053856429506858,0.8797634229076289,0.0018095223306259303,1.37380679607682,0.036695139525824545,0.2260854032475817,0.005169201830288196,1.4170920513606147,0.03952514389947032,240.0,0.0,0.0,0.0,-0.440794884115799,0.0018212492455233489,0.44259650842307596,0.002056014827487981,0.8655432910515808,0.0031396358102036793,1.39217326818594,0.0074692674489317745,0.22299542620884027,0.000773320223453308,1.4373355986478538,0.008065899553723074,960.0,0.0,0.0,0.0,-0.4513595862325796,0.0005865394681312183,0.4562753960415142,0.0010736039823653835,0.8832371713233943,0.0016255743175054049,1412400.0,1382400.0,28800.0,30000.0,28800.0,1411200.0,112896000.0,28800.0,28800.0,1.0,0.0,0.17109722222222223,0.0007593774608759625,1.0,0.0,0.0,0.0,2.556695682122734,0.022180887524854788,2.556695682122734,0.022180887524854788,0.0,0.0,70.98302689760159,0.5883446085371681,-4.061600431103965,0.033241174148308766,4.061600431103965,0.033241174148308766,4.450253967936237,0.034615405816704935,0.9358268209720535,0.006445215036684549,4.99742725207602,0.030335619864872754,,,,,,,,,,,5,0.0012596020456911382,0.0,0.0,0.0,1.0,1.0
80,2,24,sample_ball,sample_ball,1.0,all,3.2903498998843133,0.12040907200030537,0.8791742258967554,0.0023573878371556307,1.1597236756786553,0.007576900865130605,0.20119011048517907,0.0008790686714273365,1.1855320578564015,0.008290369961043298,1200.0,0.0,0.0,0.0,-0.46123803625158094,0.0006634641305905541,0.46297965597907914,0.0006569088059409205,0.890037397898487,0.0013982204859956345,1.1336765137716096,0.01938708205196725,0.2013500991973891,0.003187578077951474,1.1574083848149825,0.0211870281653858,240.0,0.0,0.0,0.0,-0.4543419753529154,0.0011924171985432162,0.4553184349740283,0.0012040241773755025,0.8791742258967554,0.0023573878371556307,1.1662515155576871,0.00865336357492144,0.2011501133071266,0.0005753339230179058,1.1925984560864664,0.009412514605689959,960.0,0.0,0.0,0.0,-0.4629620514762472,0.000562634753985055,0.4648949612303418,0.0005272567656137985,0.8926978400676641,0.0012007176005184648,1412400.0,1382400.0,28800.0,30000.0,28800.0,1411200.0,112896000.0,28800.0,28800.0,1.0,0.0,0.17109722222222223,0.0007593774608759625,0.17109722222222223,0.0007593774608759625,0.17109722222222223,0.0007593774608759625,2.556695682122734,0.022180887524854788,0.5385488016038776,0.00858496227070554,0.0,0.0,74.03008166923834,0.5163007275187715,-4.385915651572784,0.03391595324404996,4.385915651572784,0.03391595324404996,4.593579628752548,0.030478044355461722,0.6115116005032352,0.005061005457639886,4.99742725207602,0.030335619864872754,,,,,,,,,,,5,0.0005276013209393096,0.0,0.0,0.0,1.0,1.0
80,2,24,sample_box,sample_box,1.0,all,3.2583069400396196,0.09525749370441965,0.8525716642591015,0.0024164149597035857,1.3620108542066154,0.009694485103035872,0.2220215405148746,0.0012083685652522636,1.4055867488027571,0.010456560024971053,1200.0,0.0,0.0,0.0,-0.4436917246561222,0.0008280953586455806,0.4484555414051745,0.0010930914950757291,0.8681427556749437,0.0017120661086299247,1.3383853713342382,0.023829414267039235,0.22387336641255687,0.0035272349476450637,1.379955492215733,0.02571463269936828,240.0,0.0,0.0,0.0,-0.4350969171486204,0.0013444624840391385,0.43676652525014215,0.0014482229982813101,0.8525716642591015,0.0024164149597035857,1.367931576602297,0.012015444293682913,0.221558584040454,0.0009214011971863816,1.4120289028106643,0.012903891509604878,960.0,0.0,0.0,0.0,-0.44584042653299766,0.0008540363437348121,0.4513777954439326,0.0011347308085151477,0.871942632437021,0.0016078844935401703,1412400.0,1382400.0,28800.0,30000.0,28800.0,1411200.0,112896000.0,28800.0,28800.0,1.0,0.0,0.17109722222222223,0.0007593774608759625,1.0,0.0,1.0,0.0,2.556695682122734,0.022180887524854788,2.556695682122734,0.022180887524854788,0.0,0.0,69.99241157880135,0.4613468025658391,-4.0540915629979155,0.03269536668635753,4.0540915629979155,0.03269536668635753,4.453195678903659,0.027318396423695598,0.9433356890781031,0.005363801093088725,4.99742725207602,0.030335619864872754,,,,,,,,,,,5,0.0010461123621333666,0.0,1.0,0.0,1.0,1.0
80,2,24,z_only_box,z_only_box,1.0,all,3.2687106400262564,0.1140968090223686,0.8525716642591015,0.0024164149597035857,1.3620108542066154,0.009694485103035872,0.2220215405148746,0.0012083685652522636,1.4055867488027571,0.010456560024971053,1200.0,0.0,0.0,0.0,-0.4436917246561222,0.0008280953586455806,0.4484555414051745,0.0010930914950757291,0.8681427556749437,0.0017120661086299247,1.3383853713342382,0.023829414267039235,0.22387336641255687,0.0035272349476450637,1.379955492215733,0.02571463269936828,240.0,0.0,0.0,0.0,-0.4350969171486204,0.0013444624840391385,0.43676652525014215,0.0014482229982813101,0.8525716642591015,0.0024164149597035857,1.367931576602297,0.012015444293682913,0.221558584040454,0.0009214011971863816,1.4120289028106643,0.012903891509604878,960.0,0.0,0.0,0.0,-0.44584042653299766,0.0008540363437348121,0.4513777954439326,0.0011347308085151477,0.871942632437021,0.0016078844935401703,1412400.0,1382400.0,28800.0,30000.0,28800.0,1411200.0,112896000.0,28800.0,28800.0,1.0,0.0,0.17109722222222223,0.0007593774608759625,1.0,0.0,1.0,0.0,2.556695682122734,0.022180887524854788,2.556695682122734,0.022180887524854788,0.0,0.0,69.99241157880135,0.4613468025658391,-4.0540915629979155,0.03269536668635753,4.0540915629979155,0.03269536668635753,4.453195678903659,0.027318396423695598,0.9433356890781031,0.005363801093088725,4.99742725207602,0.030335619864872754,,,,,,,,,,,5,0.0010461123621333666,0.0,1.0,0.0,1.0,1.0
80,2,24,z_zero,z_zero,0.0,all,3.2772644199896606,0.11362301957865999,0.91431075037572,0.000504271265790436,0.9755174397822868,0.0009114580273942654,0.17628079756157802,0.00021701170226553972,0.9814824485160649,0.0010173626252539306,1200.0,0.0,0.0,0.0,-0.48582386167481645,0.00011465998815894421,0.4858243240838777,0.00011465126242092356,0.9192535548549783,0.00025401919069504224,0.9655801700449116,0.0018253224912310332,0.17670592607073302,0.00033561795434923426,0.9708652966908291,0.0020295218352576207,240.0,0.0,0.0,0.0,-0.4804206247643987,0.0001759172355106026,0.4804225943429934,0.00017842555499687914,0.91431075037572,0.000504271265790436,0.9780398912760562,0.000989350096641201,0.17617451543428927,0.0002501941222970988,0.98418649221461,0.0010870995879242297,960.0,0.0,0.0,0.0,-0.487174670902421,0.00016039369062847885,0.48717475651909875,0.00016047472321962183,0.9204692952445199,0.0002640646626450568,1412400.0,1382400.0,28800.0,30000.0,28800.0,1411200.0,112896000.0,28800.0,28800.0,1.0,0.0,0.17109722222222223,0.0007593774608759625,1.0,0.0,1.0,0.0,2.556695682122734,0.022180887524854788,4.787787450054113,0.03300909930621702,0.0,0.0,84.8296925139426,0.5303570244071263,-4.99742725207602,0.030335619864872754,4.99742725207602,0.030335619864872754,4.99742725207602,0.030335619864872754,0.0,0.0,4.99742725207602,0.030335619864872754,,,,,,,,,,,5,0.0,0.0,0.0,0.0,0.0,0.0
80,2,32,batch_box,batch_box,1.0,all,5.686115939961747,0.2924731112622145,0.8930867677198556,0.0015175835005070202,0.9783252498003678,0.0016417108897238215,0.17681753970510475,0.00034437750674055386,0.9865306608851772,0.0018068234971214414,1200.0,0.0,0.0,0.0,-0.4726820744601513,0.00025742693383911156,0.47276354907028695,0.00029360182282589883,0.8999349553647784,0.00022003336359424728,0.9669910034893562,0.002689718893591987,0.17688195453203895,0.0005241458689555375,0.9745091348138788,0.003060932246103662,240.0,0.0,0.0,0.0,-0.46683458082449825,0.0009071418919743431,0.4669333204600424,0.0009031884407544207,0.8930867677198556,0.0015175835005070202,0.9811993612706791,0.0018594059389277827,0.17680143599837117,0.0004484001673974958,0.9895891676837276,0.0020481298623862675,960.0,0.0,0.0,0.0,-0.4741439478690645,0.00022521654560908266,0.47422110622284813,0.0002583297455360948,0.9016167815580725,0.0002445391106250243,2497200.0,2457600.0,38400.0,39600.0,38400.0,2496000.0,199680000.0,38400.0,38400.0,1.0,0.0,0.136765625,0.0009449573196380353,1.0,0.0,1.0,0.0,1.7855226703275755,0.004179101350453135,1.7855226703275755,0.004179101350453135,0.0,0.0,79.07381808190078,0.4000195201685411,-4.744426678251232,0.024615068045687204,4.744426678251232,0.024615068045687204,4.788483400488769,0.026353209290269217,0.28111469934192346,0.002469484823946231,5.0255413775931554,0.023384456890387186,0.5133608109089283,0.0032319060485282783,0.4271,0.0032863353450310025,0.1981,0.0029664793948382686,0.9995,0.0,0.8193333333333334,0.00926837514226614,5,9.721560139946602e-05,0.0,0.0,0.0,1.0,1.0
80,2,32,box_factor_a0.9,box_factor,0.9,all,5.436777459969744,0.6696311298069979,0.8579989452023435,0.0028884153072649098,1.2162798663057282,0.0093243635012877,0.20626153770133632,0.0010874947986955097,1.2483437165068163,0.010078692943762972,1200.0,0.0,0.0,0.0,-0.44682045180164964,0.0003825007647657623,0.4502867693176963,0.0002835883282365751,0.8704107467316835,0.00048242411925634223,1.1972115480510521,0.015136453584625675,0.2070065813495491,0.001994784466794596,1.2277338956086903,0.01650768736980233,240.0,0.0,0.0,0.0,-0.4397463485533958,0.0019877361936875035,0.44128225237860913,0.0019509923525482889,0.8579989452023435,0.0028884153072649098,1.2210821368951634,0.010841031280911222,0.2060752767892832,0.0010617681117010764,1.2535494166553414,0.01170731499157025,960.0,0.0,0.0,0.0,-0.4485889776137131,0.00033394384269802487,0.45253789855246823,0.0004559157994874789,0.8734457452973601,0.0006524650595870214,2497200.0,2457600.0,38400.0,39600.0,38400.0,2496000.0,199680000.0,38400.0,38400.0,1.0,0.0,0.136765625,0.0009449573196380353,1.0,0.0,1.0,0.0,1.7855226703275755,0.004179101350453135,1.8805194154111973,0.004590603929090893,0.0,0.0,71.08639554014381,0.4455498855699376,-4.149443823399692,0.024861188432011055,4.149443823399692,0.024861188432011055,4.496170140746666,0.027486103732631533,0.8760975541934629,0.0033103769594658356,5.0255413775931554,0.023384456890387186,,,,,,,,,,,5,0.000674052213533173,0.0,1.0,0.0,1.0,1.0
80,2,32,box_factor_a2,box_factor,2.0,all,5.4559953400865195,0.7002465909236816,0.8395888462494534,0.0038995531551883444,1.5057599721631107,0.01665507845078178,0.2340766219580282,0.0015859110656395675,1.5605674228217163,0.01781783063107258,1200.0,0.0,0.0,0.0,-0.42848787441837066,0.0007596212055723817,0.4381642329526976,0.00040307838658638255,0.8558542340943862,0.0008184231434665202,1.489822482159327,0.02965899704822169,0.23627883130976962,0.0038336988811088634,1.5428471691282246,0.03188494468953941,240.0,0.0,0.0,0.0,-0.42012709411142846,0.0032534411353595293,0.42441851005576137,0.0029788244822165585,0.8395888462494534,0.0038995531551883444,1.5097573546419059,0.01741793186307059,0.23352606962009284,0.0012019347119027629,1.565026381669986,0.018615677441860313,960.0,0.0,0.0,0.0,-0.43057806949510624,0.0005418695577957583,0.44160066367693157,0.0007564150284911357,0.8598190997274056,0.0011482851946173415,2497200.0,2457600.0,38400.0,39600.0,38400.0,2496000.0,199680000.0,38400.0,38400.0,1.0,0.0,0.136765625,0.0009449573196380353,1.0,0.0,1.0,0.0,1.7855226703275755,0.004179101350453135,1.3027094954990648,0.0036237128751363742,0.0,0.0,68.96799778777385,0.49550764307505596,-3.7156211924690608,0.027706934629852697,3.7156211924690608,0.027706934629852697,4.386726872079053,0.02791286238153698,1.3099201851240942,0.006502879190147782,5.0255413775931554,0.023384456890387186,,,,,,,,,,,5,0.001576406633947725,1.0,1.0,1.0,1.0,1.0
80,2,32,f_zero,f_zero,0.0,all,2.568264320027083,0.22155567844639357,0.9145290448832533,0.000255704368565481,0.9579432212786368,0.00026433704568147663,0.1722480142489096,0.00010360282183778934,0.962086668177939,0.00028938800507187414,1200.0,0.0,0.0,0.0,-0.48579757543299573,9.322219667185093e-05,0.48579801774718784,9.288960570623682e-05,0.9192402419726688,0.000146041507823371,0.94820466814496,0.0007283232017216048,0.17241672883353382,0.00017146321582696457,0.9517106888560853,0.0007975337631806537,240.0,0.0,0.0,0.0,-0.48053450457227564,0.00015033706112898795,0.48053491753307914,0.00015120315925055467,0.9145290448832533,0.000255704368565481,0.9604155422975083,0.00019753373317825087,0.17220583560275354,9.402803770886533e-05,0.9647296725421283,0.00021184891175854062,960.0,0.0,0.0,0.0,-0.4871133431481757,0.00011430638989241708,0.48711379280071504,0.00011388721553797735,0.9203992105276004,0.00017616655501772585,1230000.0,1228800.0,0.0,1200.0,0.0,1228800.0,98304000.0,0.0,0.0,0.0,0.0,0.0,0.0,0.0,0.0,0.0,0.0,0.0,0.0,0.0,0.0,0.0,0.0,,,,,,,,,,,,,,,,,,,,,,,5,0.0,0.0,0.0,0.0,0.0,0.0
80,2,32,raw,raw,1.0,all,5.73530783993192,0.12167278646241769,0.8675857052546465,0.003517522654006499,1.2789894203281356,0.01398330253376162,0.21204995823372572,0.0013383341647077345,1.3154579142329312,0.015078137799345163,1200.0,0.0,0.0,0.0,-0.44898247828738375,0.0005957111075566409,0.4526004559607574,0.0002650451672362773,0.8784521663899703,0.0004635856513529189,1.2527426968222783,0.02262908092279087,0.21186139007331367,0.003084268448514891,1.2868774596606847,0.02460070617541419,240.0,0.0,0.0,0.0,-0.44252077389821887,0.0025684777085128296,0.4437918036770874,0.002373358149985257,0.8675857052546465,0.003517522654006499,1.2855819279760217,0.014257703619910158,0.21209710027382872,0.0011926224360229879,1.3226562129336137,0.015366303701167948,960.0,0.0,0.0,0.0,-0.45059790438467495,0.00040945747308967465,0.4548026190316749,0.0006403065535511889,0.881111677763303,0.0008984181590554283,2497200.0,2457600.0,38400.0,39600.0,38400.0,2496000.0,199680000.0,38400.0,38400.0,1.0,0.0,0.136765625,0.0009449573196380353,1.0,0.0,0.0,0.0,1.7855226703275755,0.004179101350453135,1.7855226703275755,0.004179101350453135,0.0,0.0,71.33956904430879,0.4572006526803505,-4.088185207542727,0.02835783162203353,4.088185207542727,0.02835783162203353,4.463158461580816,0.02806467183716605,0.937356170050428,0.006914863462158114,5.0255413775931554,0.023384456890387186,,,,,,,,,,,5,0.0009492627761652317,0.0,0.0,0.0,1.0,1.0
80,2,32,sample_ball,sample_ball,1.0,all,5.735336979990825,0.17490518626479748,0.8771782741390162,0.002611041831399229,1.1262787260680998,0.008154897176946964,0.19628778476106315,0.00099057576749242,1.1494869837095807,0.0088619422627049,1200.0,0.0,0.0,0.0,-0.45855955535633897,0.0003442514288264586,0.460341914161574,0.00016637343839647165,0.8866405412859057,0.0003171822618825177,1.1027790292122972,0.012956495170346766,0.19596553935323113,0.0018249685611610579,1.124072971129826,0.014258040837376182,240.0,0.0,0.0,0.0,-0.45255452724650463,0.001748659740151735,0.4536131806795668,0.00162704983089216,0.8771782741390162,0.002611041831399229,1.1321839157720117,0.009965693160247077,0.19636834611302117,0.0012288878390762556,1.1558900942779784,0.010839481625459507,960.0,0.0,0.0,0.0,-0.46006081238379765,0.0003548893325589313,0.46202409753207585,0.00034713006007676547,0.888959338088711,0.0007035548582852824,2497200.0,2457600.0,38400.0,39600.0,38400.0,2496000.0,199680000.0,38400.0,38400.0,1.0,0.0,0.136765625,0.0009449573196380353,0.136765625,0.0009449573196380353,0.136765625,0.0009449573196380353,1.7855226703275755,0.004179101350453135,0.2680671229640288,0.0033428730554111263,0.0,0.0,73.75565084231289,0.4324192865500234,-4.348289546218524,0.02518540255742283,4.348289546218524,0.02518540255742283,4.583276528791297,0.026520491093064806,0.6772518313746314,0.0035900374955622994,5.0255413775931554,0.023384456890387186,,,,,,,,,,,5,0.0004591847236204085,0.0,0.0,0.0,1.0,1.0
80,2,32,sample_box,sample_box,1.0,all,5.728547260072082,0.1295575970861401,0.8549082380267802,0.0030443357550111877,1.2524905228089172,0.01028933676494003,0.20997464717570619,0.00115414010191476,1.2876423446261018,0.01110230203811593,1200.0,0.0,0.0,0.0,-0.4441674771685166,0.00043245016302216073,0.4482533897316753,0.0003066427188658558,0.8679070378974499,0.000527769698636855,1.2333508537964077,0.016960122888574014,0.2108900297717125,0.0022058442355116213,1.2669082737733293,0.018450234729372652,240.0,0.0,0.0,0.0,-0.43692708879309894,0.0021527305335145358,0.4385380996301739,0.002104191783253417,0.8549082380267802,0.0030443357550111877,1.2573086176973631,0.011794686981185255,0.20974580152670463,0.0010900199562586907,1.2928771301314295,0.01271452835547763,960.0,0.0,0.0,0.0,-0.44597757426237106,0.0003630317187593707,0.45068221225705063,0.0005271763630622211,0.8710840801967553,0.0007065466427563643,2497200.0,2457600.0,38400.0,39600.0,38400.0,2496000.0,199680000.0,38400.0,38400.0,1.0,0.0,0.136765625,0.0009449573196380353,1.0,0.0,1.0,0.0,1.7855226703275755,0.004179101350453135,1.7855226703275755,0.004179101350453135,0.0,0.0,70.54987281351119,0.45391634288139227,-4.087850069014952,0.025231039332347504,4.087850069014952,0.025231039332347504,4.473339433456776,0.027567283454456536,0.9376913085782027,0.003700355435039149,5.0255413775931554,0.023384456890387186,,,,,,,,,,,5,0.0007755571979473716,0.0,1.0,0.0,1.0,1.0
80,2,32,z_only_box,z_only_box,1.0,all,5.767918979981914,0.1306820094609904,0.8549082380267802,0.0030443357550111877,1.2524905228089172,0.01028933676494003,0.20997464717570619,0.00115414010191476,1.2876423446261018,0.01110230203811593,1200.0,0.0,0.0,0.0,-0.4441674771685166,0.00043245016302216073,0.4482533897316753,0.0003066427188658558,0.8679070378974499,0.000527769698636855,1.2333508537964077,0.016960122888574014,0.2108900297717125,0.0022058442355116213,1.2669082737733293,0.018450234729372652,240.0,0.0,0.0,0.0,-0.43692708879309894,0.0021527305335145358,0.4385380996301739,0.002104191783253417,0.8549082380267802,0.0030443357550111877,1.2573086176973631,0.011794686981185255,0.20974580152670463,0.0010900199562586907,1.2928771301314295,0.01271452835547763,960.0,0.0,0.0,0.0,-0.44597757426237106,0.0003630317187593707,0.45068221225705063,0.0005271763630622211,0.8710840801967553,0.0007065466427563643,2497200.0,2457600.0,38400.0,39600.0,38400.0,2496000.0,199680000.0,38400.0,38400.0,1.0,0.0,0.136765625,0.0009449573196380353,1.0,0.0,1.0,0.0,1.7855226703275755,0.004179101350453135,1.7855226703275755,0.004179101350453135,0.0,0.0,70.54987281351119,0.45391634288139227,-4.087850069014952,0.025231039332347504,4.087850069014952,0.025231039332347504,4.473339433456776,0.027567283454456536,0.9376913085782027,0.003700355435039149,5.0255413775931554,0.023384456890387186,,,,,,,,,,,5,0.0007755571979473716,0.0,1.0,0.0,1.0,1.0
80,2,32,z_zero,z_zero,0.0,all,5.574926679953933,0.2582918978444874,0.9145290448832533,0.000255704368565481,0.9579432212786368,0.00026433704568147663,0.1722480142489096,0.00010360282183778934,0.962086668177939,0.00028938800507187414,1200.0,0.0,0.0,0.0,-0.48579757543299573,9.322219667185093e-05,0.48579801774718784,9.288960570623682e-05,0.9192402419726688,0.000146041507823371,0.94820466814496,0.0007283232017216048,0.17241672883353382,0.00017146321582696457,0.9517106888560853,0.0007975337631806537,240.0,0.0,0.0,0.0,-0.48053450457227564,0.00015033706112898795,0.48053491753307914,0.00015120315925055467,0.9145290448832533,0.000255704368565481,0.9604155422975083,0.00019753373317825087,0.17220583560275354,9.402803770886533e-05,0.9647296725421283,0.00021184891175854062,960.0,0.0,0.0,0.0,-0.4871133431481757,0.00011430638989241708,0.48711379280071504,0.00011388721553797735,0.9203992105276004,0.00017616655501772585,2497200.0,2457600.0,38400.0,39600.0,38400.0,2496000.0,199680000.0,38400.0,38400.0,1.0,0.0,0.136765625,0.0009449573196380353,1.0,0.0,1.0,0.0,1.7855226703275755,0.004179101350453135,3.666875583197556,0.011113439426874363,0.0,0.0,85.48337512789521,0.3347496409838671,-5.0255413775931554,0.023384456890387186,5.0255413775931554,0.023384456890387186,5.0255413775931554,0.023384456890387186,0.0,0.0,5.0255413775931554,0.023384456890387186,,,,,,,,,,,5,0.0,0.0,0.0,0.0,0.0,0.0
80,3,3,batch_box,batch_box,1.0,all,0.3064084199257195,0.017699395008169607,0.8850826263905874,0.005279584136752837,1.8262547985495032,0.021115430891589695,0.298033120799055,0.0015584009176608231,1.900781181712396,0.022526216304362325,1200.0,0.0,0.0,0.0,-0.4674612230282066,0.0011032714337379738,0.4682417392073783,0.0008223631707912883,0.8935869091032282,0.0008678215602080399,1.8416974213411272,0.04127059634561697,0.30490101736678,0.005358728331547848,1.9154123459690644,0.043948892304810826,240.0,0.0,0.0,0.0,-0.4616788969188099,0.003859873693826296,0.462458158077804,0.003055500915297839,0.8850826263905874,0.005279584136752837,1.82221454555206,0.021453716076447887,0.2963161466571237,0.0013709597390504106,1.8969303465181728,0.02287406495778495,960.0,0.0,0.0,0.0,-0.4689068045555557,0.0012115982858145232,0.46968763448977197,0.0011335332513669595,0.8956698481884786,0.001319485020058348,170400.0,140400.0,28800.0,30000.0,25200.0,165600.0,13248000.0,25200.0,28800.0,1.0,0.0,0.29035416666666664,0.0019483777182632523,1.0,0.0,1.0,0.0,23.31118605243624,0.34349308494566677,23.31118605243624,0.34349308494566677,0.0,0.0,66.33817117268377,0.6838689119797654,-3.987522125882157,0.022227022183425506,3.987522125882157,0.022227022183425506,4.044023016118871,0.024975352525823887,0.2636889085336186,0.0017806033268140797,4.251211034415776,0.022658192034433866,0.5772177549435831,0.0028056465662096024,0.5359,0.013685759021698433,0.0925,0.0010000000000000009,0.9995,0.0,0.5613888888888889,0.0047831042660340635,5,0.001230341574802852,0.0,1.0,0.0,1.0,1.0
80,3,3,box_factor_a0.9,box_factor,0.9,all,0.2738567600026727,0.006270717199771096,0.8209176623152628,0.004832746440823386,4.013393287482454,0.054925865900031116,0.47735066120079833,0.00393569636338187,4.218091373554147,0.05796160160957629,1200.0,0.0,0.0,0.0,-0.40886162124570563,0.0033914304611645392,0.4303468964814199,0.0012593325271477054,0.8482693564085345,0.0016412457084375668,4.013759915397145,0.24300722627773375,0.496087123164494,0.016859314152494025,4.212985955156901,0.25609611778870134,240.0,0.0,0.0,0.0,-0.4007404133823552,0.0073486100521155066,0.4118392903561938,0.00413694679246767,0.8209176623152628,0.004832746440823386,4.012076105545722,0.031202735953501835,0.4726665457098743,0.0034037030653703603,4.218102573227624,0.0328927359718736,960.0,0.0,0.0,0.0,-0.4108919232115432,0.002729480964398166,0.4349737980127265,0.0016850248695995582,0.8548800323536557,0.0028363943652202008,170400.0,140400.0,28800.0,30000.0,25200.0,165600.0,13248000.0,25200.0,28800.0,1.0,0.0,0.2912638888888889,0.001861706994158532,1.0,0.0,1.0,0.0,25.431720575082547,0.36109433063390073,25.94529288014619,0.3656909624685085,0.0,0.0,57.84994995807161,0.633051477070303,-3.340869552488011,0.02235938485066388,3.340869552488011,0.02235938485066388,3.739874065226684,0.029234987471681274,0.9103414819277649,0.003415963351248649,4.251211034415776,0.022658192034433866,,,,,,,,,,,5,0.016203019590139887,0.8,1.0,0.8,1.0,1.0
80,3,3,box_factor_a1.25,box_factor,1.25,all,0.270616660034284,0.017970529084598914,0.8159979915044845,0.004754975358140162,5.977845496484727,0.07462774413415554,0.6215360728180521,0.006074566014161227,6.2902053895193575,0.07864465469312373,1200.0,0.0,0.0,0.0,-0.3714901471396401,0.005376970989718293,0.4287198008890238,0.0009896751836803031,0.8596985851777097,0.007421659063280165,5.9626393037005885,0.28500071070488925,0.653615101162201,0.025543208027496763,6.265591083642197,0.3000035886192781,240.0,0.0,0.0,0.0,-0.3619095675543345,0.011890267940115672,0.40317972844618594,0.0023421395413249515,0.8159979915044845,0.004754975358140162,5.980484102456807,0.06918190864319668,0.6135163157320148,0.005301517269032759,6.295191638339307,0.07294749155696799,960.0,0.0,0.0,0.0,-0.37388529203596654,0.004075783586606889,0.4351048189997332,0.0017910248861022213,0.8701405906783023,0.008647908972139417,170400.0,140400.0,28800.0,30000.0,25200.0,165600.0,13248000.0,25200.0,28800.0,1.0,0.0,0.2915625,0.001867429417989575,1.0,0.0,1.0,0.0,27.189207936293833,0.39380473087788426,25.965325244994233,0.38203738332029247,0.0,0.0,56.7498315860297,0.6159193402230299,-3.040964064855831,0.021333186958492005,3.040964064855831,0.021333186958492005,3.6812118765784456,0.032046885938836374,1.2102469695599445,0.004197279788137331,4.251211034415776,0.022658192034433866,,,,,,,,,,,5,0.038876706872856444,0.0,1.0,0.0,1.0,1.0
80,3,3,f_zero,f_zero,0.0,all,0.03876045998185873,0.0037678291414537943,0.9152520378657911,0.0028230641445042707,1.579843480477211,0.0027054055528444323,0.2688635540277748,0.0004325119556401281,1.6360819576442651,0.0029237740146704455,1200.0,0.0,0.0,0.0,-0.48520596824809087,0.0005740513936843208,0.48529674545808205,0.000576253536464903,0.9188264236092838,0.0010459603121747167,1.5948298162964187,0.0162695785146553,0.2750233945005584,0.0026831253672174194,1.6506410891188756,0.017278816643277274,240.0,0.0,0.0,0.0,-0.4806409853599831,0.002151251798608646,0.48077118315100975,0.0020725447816317406,0.9152520378657911,0.0028230641445042707,1.5759752403022056,0.002470958288058124,0.26732359390957894,0.000460746826293644,1.6323093181230965,0.002670261420803365,960.0,0.0,0.0,0.0,-0.4863472139701178,0.000871318797484394,0.48642813603485024,0.000843275034729226,0.9197050832961958,0.0015700385018473225,33600.0,32400.0,0.0,1200.0,0.0,32400.0,2592000.0,0.0,0.0,0.0,0.0,0.0,0.0,0.0,0.0,0.0,0.0,0.0,0.0,0.0,0.0,0.0,0.0,,,,,,,,,,,,,,,,,,,,,,,5,0.0,0.0,1.0,0.0,0.0,0.0
80,3,3,raw,raw,1.0,all,0.2654851000290364,0.01759714824427725,1.424815722536836,0.2885535868828054,33.62858508817885,19.807002519408275,1.0917093233023976,0.15503772428347168,35.41137979388107,20.859066252864988,1200.0,0.0,0.0,0.0,-0.3274926797028396,0.044854101280752484,0.5454278765169431,0.04046095446477198,2.5651594107492435,1.3893372035324558,22.70577021661559,7.1381225064373615,1.1122062366316239,0.12444535237955763,23.876210499108378,7.507778203458973,240.0,0.0,0.0,0.0,-0.34531255463945254,0.017815730340405886,0.5174095801589649,0.03967029071509033,1.424815722536836,0.2885535868828054,35.13238524981954,23.383817087099807,1.0865850949700908,0.20778896653908344,37.00835239161579,24.635432233336925,960.0,0.0,0.0,0.0,-0.3230377109686864,0.055414041613836715,0.5524324506064376,0.055772409499167064,2.7384256099193798,1.6251249657083549,170400.0,140400.0,28800.0,30000.0,25200.0,165600.0,13248000.0,25200.0,28800.0,1.0,0.0,0.2955138888888889,0.0017422461046584386,1.0,0.0,0.0,0.0,28.095961340029145,0.419645549965553,28.095961340029145,0.419645549965553,0.0,0.0,112.45492348246489,45.11128074371077,-3.1820355197422314,0.034241576454583464,3.1820355197422314,0.034241576454583464,4.073739659639445,0.03877876185118267,1.0691755146735435,0.03847866208869628,4.251211034415776,0.022658192034433866,,,,,,,,,,,5,2.9966365694532913,0.0,0.0,0.0,0.0,0.0
80,3,3,sample_ball,sample_ball,1.0,all,0.27717172000557183,0.024421690458774608,0.89354798686614,0.004216571729917816,2.0133987285724197,0.015395519949077664,0.31412996385450315,0.0015643530975051555,2.099866473914511,0.016445904530614404,1200.0,0.0,0.0,0.0,-0.46689087612734337,0.0015821003718319122,0.468274985562814,0.0011683398360574184,0.897593319558724,0.0017832216323178923,2.0371158857038254,0.05620471649830505,0.32181782776108536,0.005322267374926911,2.1226597310828015,0.05956841478178995,240.0,0.0,0.0,0.0,-0.46356161985021976,0.0025722575114593945,0.46458165516797034,0.0018976947934158238,0.89354798686614,0.004216571729917816,2.007106271877301,0.020803740187304316,0.3122079978778576,0.0024146570819640247,2.0937780589234407,0.022176585812098807,960.0,0.0,0.0,0.0,-0.4677231901966243,0.0016190023936597036,0.46919831816152496,0.0013629759046821992,0.8985871219819692,0.0018748236570819326,170400.0,140400.0,28800.0,30000.0,25200.0,165600.0,13248000.0,25200.0,28800.0,1.0,0.0,0.2949305555555556,0.001775083407447385,0.2949305555555556,0.001775083407447385,0.2949305555555556,0.001775083407447385,23.32525701260615,0.3373455114030009,15.465076918796289,0.2856095826905467,0.0,0.0,66.78350755420442,0.7135069929209022,-3.996239410335265,0.02559491737212377,3.996239410335265,0.02559491737212377,4.054439334156003,0.025059323204927562,0.2549716240805098,0.004032121780181098,4.251211034415776,0.022658192034433866,,,,,,,,,,,5,0.0022698345870385698,0.0,1.0,0.0,1.0,1.0
80,3,3,sample_box,sample_box,1.0,all,0.27493882006965575,0.019308709411160325,0.8164969734581502,0.004487940154585919,4.540569218981842,0.05852024108426771,0.5165407188036412,0.004584185032709828,4.774468705408344,0.06171040743968918,1200.0,0.0,0.0,0.0,-0.3984187473045978,0.003957795187491218,0.42806627010137605,0.0014086497365055541,0.8481549998919915,0.0027910297610886986,4.5355921299226445,0.26986252095662294,0.5386646004375492,0.019746907710923984,4.7628885032340635,0.28426877550086277,240.0,0.0,0.0,0.0,-0.38985699436025245,0.008608693960413763,0.4074535664987379,0.004059188449000386,0.8164969734581502,0.004487940154585919,4.540440766608408,0.039721636289650794,0.5110097483951641,0.0037222444183240763,4.7759525124236335,0.04186472467212373,960.0,0.0,0.0,0.0,-0.40055918554068415,0.0031204464558925926,0.43321944600203555,0.0018399674586885486,0.8557821998544821,0.004089996981085731,170400.0,140400.0,28800.0,30000.0,25200.0,165600.0,13248000.0,25200.0,28800.0,1.0,0.0,0.291375,0.0018449560556344398,1.0,0.0,1.0,0.0,25.90235022740834,0.36882553422885944,25.90235022740834,0.36882553422885944,0.0,0.0,57.31610731467917,0.6280337504698914,-3.2526400511548643,0.022083605950888385,3.2526400511548643,0.022083605950888385,3.716755882574341,0.03003669117341188,0.9985709832609111,0.0037200215124601217,4.251211034415776,0.022658192034433866,,,,,,,,,,,5,0.021473194454343966,0.2,1.0,0.0,1.0,1.0
80,3,3,shrink_c0.75,shrink,0.75,all,0.2730061199981719,0.018625313274782385,0.9962854030828534,0.08581684151694262,15.037790587304338,7.9007199817529,0.6714989917089318,0.06176937111352401,15.832825610338498,8.321445463205086,1200.0,0.0,0.0,0.0,-0.4028167453156087,0.01995206416610624,0.4865603094538454,0.016582733115796916,1.3797103872684997,0.45982143408303294,10.723416296644512,2.9563338952540597,0.6872893287907401,0.05879319984731333,11.273528647098178,3.1101836315686606,240.0,0.0,0.0,0.0,-0.4083615906549932,0.009961684134145618,0.47029192988113505,0.015523433947851113,0.9962854030828534,0.08581684151694262,15.644280234635312,9.400685854273638,0.6675514074384796,0.08517643272408959,16.477352255465814,9.905163298199056,960.0,0.0,0.0,0.0,-0.4014305339807625,0.02390169426846144,0.490627404347023,0.022979186903972264,1.448374353981015,0.5478178418165429,170400.0,140400.0,28800.0,30000.0,25200.0,165600.0,13248000.0,25200.0,28800.0,1.0,0.0,0.29502083333333334,0.0018156435595936223,1.0,0.0,1.0,0.0,25.85087582903369,0.3792798343327832,2.013122578270366,0.02672980320714883,0.0,0.0,71.5248077769722,8.059679528852087,-3.4976192740099648,0.021234836898616216,3.4976192740099648,0.021234836898616216,3.9442736526928144,0.028717932605491523,0.7535917604058107,0.01812134294130565,4.251211034415776,0.022658192034433866,,,,,,,,,,,5,0.5595534418015169,0.0,1.0,0.0,0.0,0.0
80,3,3,z_only_box,z_only_box,1.0,all,0.2838898400310427,0.008754870129865014,0.8206766509516225,0.006566861705527309,4.9358843496119515,0.17439092793784425,0.5311104675958023,0.006913596656092778,5.191330351754784,0.1837986135897103,1200.0,0.0,0.0,0.0,-0.3950592051140691,0.004162742711404389,0.4306352856468737,0.0024806243648769896,0.8588841772580394,0.009774340833387463,4.870400227595445,0.4749638586829418,0.5523035508108162,0.021479378868876766,5.1154409992866645,0.5001197003867994,240.0,0.0,0.0,0.0,-0.38655645539156025,0.00880159550082371,0.4097233514310002,0.0038789963776449028,0.8206766509516225,0.006566861705527309,4.949546380066637,0.129666930939378,0.5258121967920489,0.004679484889743224,5.207514398204396,0.136661777797476,960.0,0.0,0.0,0.0,-0.39718489254469636,0.003203532352700675,0.4358632692008421,0.002930594391407799,0.8680427253661053,0.011606185368168888,170400.0,140400.0,28800.0,30000.0,25200.0,165600.0,13248000.0,25200.0,28800.0,1.0,0.0,0.291375,0.0018449560556344398,1.0,0.0,1.0,0.0,25.90235022740834,0.36882553422885944,25.90223356068099,0.36880372734750577,0.0,0.0,57.57192114449331,0.649419585115639,-3.2468634955334723,0.021730199960815193,3.2468634955334723,0.021730199960815193,3.7225324381957328,0.030253597554824978,1.004347538882303,0.0034673201455054487,4.251211034415776,0.022658192034433866,,,,,,,,,,,5,0.02540356916802581,0.0,1.0,0.0,1.0,1.0
80,3,3,z_zero,z_zero,0.0,all,0.26554506001994016,0.01399041148222476,0.9152520378657911,0.0028230641445042707,1.579843480477211,0.0027054055528444323,0.2688635540277748,0.0004325119556401281,1.6360819576442651,0.0029237740146704455,1200.0,0.0,0.0,0.0,-0.48520596824809087,0.0005740513936843208,0.48529674545808205,0.000576253536464903,0.9188264236092838,0.0010459603121747167,1.5948298162964187,0.0162695785146553,0.2750233945005584,0.0026831253672174194,1.6506410891188756,0.017278816643277274,240.0,0.0,0.0,0.0,-0.4806409853599831,0.002151251798608646,0.48077118315100975,0.0020725447816317406,0.9152520378657911,0.0028230641445042707,1.5759752403022056,0.002470958288058124,0.26732359390957894,0.000460746826293644,1.6323093181230965,0.002670261420803365,960.0,0.0,0.0,0.0,-0.4863472139701178,0.000871318797484394,0.48642813603485024,0.000843275034729226,0.9197050832961958,0.0015700385018473225,170400.0,140400.0,28800.0,30000.0,25200.0,165600.0,13248000.0,25200.0,28800.0,1.0,0.0,0.28872916666666665,0.0018316753866944298,1.0,0.0,1.0,0.0,23.072281795410802,0.33832380741659246,29.141439837057312,0.3803700137891438,0.0,0.0,72.10462892463163,0.6864684002933272,-4.251211034415776,0.022658192034433866,4.251211034415776,0.022658192034433866,4.251211034415776,0.022658192034433866,0.0,0.0,4.251211034415776,0.022658192034433866,,,,,,,,,,,5,0.0,0.0,1.0,0.0,0.0,0.0
80,3,6,batch_box,batch_box,1.0,all,2.86401891997084,0.10503985386577769,0.8847206836065904,0.004255249136026915,1.1547840582268414,0.009653651075330252,0.20475133466106965,0.0010261212097311052,1.1799026850781587,0.0105621256798536,1200.0,0.0,0.0,0.0,-0.4686371110950157,0.0009792349036427824,0.4688265287204918,0.0009619124394145186,0.8932569560349967,0.001529374990599293,1.1514806239088453,0.03094640791185294,0.20716199548045328,0.0030816160382888696,1.1762316392419616,0.03378046954931913,240.0,0.0,0.0,0.0,-0.461757728590891,0.0027491235050693653,0.46220941581885294,0.002694329388154484,0.8847206836065904,0.004255249136026915,1.1555739480222205,0.004933575135632695,0.2041486694562237,0.0006396724280526071,1.1807807213239605,0.005419344672269188,960.0,0.0,0.0,0.0,-0.4703569567210469,0.0007981956419674767,0.47048080694590155,0.0007562753776839105,0.8953498188967306,0.0011681990131927778,1182000.0,1080000.0,100800.0,102000.0,93600.0,1173600.0,93888000.0,93600.0,100800.0,1.0,0.0,0.24618253968253967,0.0014623500455023565,1.0,0.0,1.0,0.0,10.603514386355945,0.12135528318678275,10.603514386355945,0.12135528318678275,0.0,0.0,64.08138007201842,0.7610594317673821,-3.861802745813494,0.03672431624728844,3.861802745813494,0.03672431624728844,3.905487235600654,0.036372922348516565,0.24543708486586252,0.003031626597693722,4.107239830679356,0.03806778831954185,0.607983823266071,0.003437666849153473,0.6519,0.026349573051569545,0.1133,0.0013038404810405294,0.9995,0.0,0.5500185185185186,0.00578959202857497,5,0.00046072718765820107,0.0,0.6,0.0,1.0,1.0
80,3,6,box_factor_a0.9,box_factor,0.9,all,2.8833085800521077,0.06130822888372694,0.815908977231674,0.008517590337237405,2.4650959210425656,0.04703956584907607,0.3223582904975104,0.005382946539043254,2.581814812415663,0.049944812697390165,1200.0,0.0,0.0,0.0,-0.41072754662727656,0.00434541220734653,0.42500391884425903,0.0029239660046760474,0.8347592252876881,0.004216565864634647,2.5601024039955513,0.18439629305186478,0.3370347951294309,0.017792159885981783,2.6793766417327713,0.19507189587543325,240.0,0.0,0.0,0.0,-0.39927238486158456,0.009722684889203498,0.4101379181632436,0.007149408741754045,0.815908977231674,0.008517590337237405,2.4385807689602066,0.06434277214212418,0.3186891643395303,0.005728538472015899,2.5544276933515313,0.06826507775529989,960.0,0.0,0.0,0.0,-0.41359133706869955,0.003615762995617748,0.42872041901451297,0.002488164203724804,0.8393394518102214,0.004290778383235463,1182000.0,1080000.0,100800.0,102000.0,93600.0,1173600.0,93888000.0,93600.0,100800.0,1.0,0.0,0.24843650793650793,0.0015698382103907,1.0,0.0,1.0,0.0,11.149145784127498,0.14262388300682866,11.463782017330209,0.14596177837420293,0.0,0.0,55.56948060261023,0.5618556184791933,-3.2115090223492304,0.035532399040563475,3.2115090223492304,0.035532399040563475,3.59362404810924,0.029021327347508875,0.8957308083301262,0.014150986253675482,4.107239830679356,0.03806778831954185,,,,,,,,,,,5,0.005791365352434726,0.0,1.0,0.0,1.0,1.0
80,3,6,box_factor_a1.25,box_factor,1.25,all,2.8664666400291026,0.08736270681837353,0.8061157850274702,0.011140684880064481,3.7402083370927777,0.10077415859903413,0.4244930241141608,0.009610672975905558,3.9301785268349776,0.10644578491603468,1200.0,0.0,0.0,0.0,-0.3755309544079323,0.006673301832811778,0.4134782063058329,0.003986560335962086,0.8255717309450296,0.004881568273663414,3.933548810187861,0.3437045083301486,0.45050843862329576,0.03340899767878387,4.128728045839539,0.36228583857623736,240.0,0.0,0.0,0.0,-0.360414123281237,0.015253034971747629,0.3979631468160682,0.007148504556763253,0.8061157850274702,0.011140684880064481,3.6853087121928256,0.13528057456784465,0.4179891704868771,0.010783318962963173,3.8735075600316335,0.14292943179111026,960.0,0.0,0.0,0.0,-0.37931016218960617,0.005692978144217587,0.41735697117827397,0.004375131646622308,0.8302866774340499,0.0057724838450496545,1182000.0,1080000.0,100800.0,102000.0,93600.0,1173600.0,93888000.0,93600.0,100800.0,1.0,0.0,0.24912896825396827,0.0015450317964620015,1.0,0.0,1.0,0.0,11.586962240435327,0.15493157292975243,10.864527063130684,0.14671876971873837,0.0,0.0,54.3450371394106,0.4883662990754459,-2.9402744138456676,0.03559011548312799,2.9402744138456676,0.03559011548312799,3.53211117754934,0.02616588090628044,1.1669654168336892,0.01838443519678141,4.107239830679356,0.03806778831954185,,,,,,,,,,,5,0.01469686529758876,1.0,1.0,1.0,1.0,1.0
80,3,6,f_zero,f_zero,0.0,all,0.5611960199661553,0.044839257348845626,0.9141433865017188,0.0005014929807913973,1.038716330475546,0.0016085357664460678,0.18838798947785612,0.0003545581805201524,1.0509682918864613,0.0017699119751008298,1200.0,0.0,0.0,0.0,-0.4858657873873223,0.00019585472271421863,0.4858707984296057,0.00019626724859950873,0.9193026371310516,0.0002931655693925485,1.0327037645516273,0.0041622814689168,0.19008816746172275,0.000937194362139901,1.0445028758153145,0.004592402766169896,240.0,0.0,0.0,0.0,-0.4802699904181112,0.0002777639708648472,0.48027437538987544,0.0002780150877144935,0.9141433865017188,0.0005014929807913973,1.0402456669439595,0.001481660482393012,0.1879629449818895,0.00027989513356116316,1.0526184484602967,0.0016288021131324925,960.0,0.0,0.0,0.0,-0.4872647366296251,0.0002461721029702004,0.4872699041895383,0.0002466718126685816,0.9205714130869815,0.00036827107160495784,260400.0,259200.0,0.0,1200.0,0.0,259200.0,20736000.0,0.0,0.0,0.0,0.0,0.0,0.0,0.0,0.0,0.0,0.0,0.0,0.0,0.0,0.0,0.0,0.0,,,,,,,,,,,,,,,,,,,,,,,5,0.0,0.0,0.2,0.0,0.0,0.0
80,3,6,raw,raw,1.0,all,2.8045295800548047,0.10262619723315378,0.9193483893679864,0.09178700927444335,7.600741857917418,1.4252809536585613,0.5763617775692893,0.03322212857868018,8.000398949123099,1.5020373606361463,1200.0,0.0,0.0,0.0,-0.38483075457138705,0.010264929109472302,0.4454519353668733,0.006467985531394189,0.9017598171105771,0.030038285880783316,8.551900405392384,3.321946727264359,0.6253463023627726,0.08195841492343132,8.988974614120549,3.4955049023811244,240.0,0.0,0.0,0.0,-0.3622408308117146,0.013762397654234291,0.4419037848339717,0.012224439463526077,0.9193483893679864,0.09178700927444335,7.265930786641155,1.022771669319482,0.5641156463709186,0.03544189083529529,7.65048222998359,1.07825025984834,960.0,0.0,0.0,0.0,-0.39047823551130517,0.009885748226780953,0.4463389730000987,0.007854911061855008,0.8965878451110452,0.028122583787836723,1182000.0,1080000.0,100800.0,102000.0,93600.0,1173600.0,93888000.0,93600.0,100800.0,1.0,0.0,0.2511507936507936,0.0015216617686913169,1.0,0.0,0.0,0.0,11.509548079729052,0.14107459168126898,11.509548079729052,0.14107459168126898,0.0,0.0,61.18417993048147,0.9547559154216742,-3.1142544462665915,0.034703175664299826,3.1142544462665915,0.034703175664299826,3.693179682385165,0.031525477010890285,0.9929853844127653,0.016838634345926362,4.107239830679356,0.03806778831954185,,,,,,,,,,,5,0.05551033509900887,0.0,0.0,0.0,0.8,0.8
80,3,6,sample_ball,sample_ball,1.0,all,2.793552319984883,0.07803183953952943,0.8686931349430187,0.0059382127785645965,1.5042858382931794,0.018552027577627594,0.240617638262965,0.0018202090773289546,1.5574740396653313,0.020019781656842407,1200.0,0.0,0.0,0.0,-0.4552452230565633,0.0020159131726394585,0.45624550812521847,0.0021691911144081,0.8806455968310167,0.0030992242808666752,1.527298155134895,0.0562174906913089,0.24604189365624735,0.004987634045646634,1.5811673255343681,0.06034345771615828,240.0,0.0,0.0,0.0,-0.4464564579136514,0.004696513348088815,0.4474687990599021,0.0048225197562194845,0.8686931349430187,0.0059382127785645965,1.4981643280015136,0.017840561255245118,0.2392615744146444,0.0018181313026896064,1.5511338425159242,0.01914950808349473,960.0,0.0,0.0,0.0,-0.4574424143422913,0.0016198526989342319,0.4584396853915475,0.0016733267528835773,0.8835685860903648,0.0027381208746633393,1182000.0,1080000.0,100800.0,102000.0,93600.0,1173600.0,93888000.0,93600.0,100800.0,1.0,0.0,0.24958531746031748,0.0014892092391092513,0.24958531746031748,0.0014892092391092513,0.24958531746031748,0.0014892092391092513,10.649681129677862,0.12497360952166625,5.737582516910844,0.08515857380025509,0.0,0.0,62.3533984630693,0.7574788831654556,-3.742802209378314,0.037274295902469196,3.742802209378314,0.037274295902469196,3.8322860365945055,0.03504889510348477,0.36443762130104285,0.006078516912191639,4.107239830679356,0.03806778831954185,,,,,,,,,,,5,0.001823477486876584,0.0,0.8,0.0,1.0,1.0
80,3,6,sample_box,sample_box,1.0,all,2.8244423399679364,0.07893911097566121,0.8102774758726318,0.008620318116045696,2.8059079624284626,0.06024964457155323,0.3498589897714347,0.006475559942021768,2.9427503022507655,0.06383364616693142,1200.0,0.0,0.0,0.0,-0.40086185655442924,0.0049968404051579885,0.42048741660134537,0.0032889923262690683,0.8298989590683588,0.0043487095014468095,2.9312404396693807,0.22509766336768344,0.3676751586720425,0.02188527304314892,3.0715568973851743,0.23777294684372435,240.0,0.0,0.0,0.0,-0.3884105534194616,0.011210907300476572,0.40535917860993004,0.006962946884657615,0.8102774758726318,0.008620318116045696,2.770753052125618,0.08380879830823779,0.34540494754628276,0.0070805240623515895,2.9064234091201935,0.08876526156454768,960.0,0.0,0.0,0.0,-0.40397468233817113,0.004194115096628804,0.4242694760991991,0.0032005332809106023,0.8346622395737444,0.004725385823855092,1182000.0,1080000.0,100800.0,102000.0,93600.0,1173600.0,93888000.0,93600.0,100800.0,1.0,0.0,0.2486825396825397,0.0015865480602293464,1.0,0.0,1.0,0.0,11.267665151624874,0.14611965788201212,11.267665151624874,0.14611965788201212,0.0,0.0,55.0361632341353,0.5376667549649422,-3.1304777466642912,0.03552890211757697,3.1304777466642912,0.03552890211757697,3.570367985627096,0.028180861686388732,0.9767620840150654,0.015400630257446602,4.107239830679356,0.03806778831954185,,,,,,,,,,,5,0.007801199998841334,0.0,1.0,0.0,1.0,1.0
80,3,6,shrink_c0.75,shrink,0.75,all,2.7997186199761925,0.07801740594200109,0.8542933920956424,0.018909620859649034,3.8354836322656167,0.5515619956000232,0.3772933095372621,0.014503317915403442,4.029692286430651,0.5822810161211787,1200.0,0.0,0.0,0.0,-0.4266246438395192,0.005473645133673891,0.44082526001399397,0.0033329885563015494,0.8662088946695363,0.007680397227965399,4.22136698038313,1.2711770195483933,0.3997461659239192,0.033320577997159255,4.430604923540393,1.3390491776789217,240.0,0.0,0.0,0.0,-0.4120199473621803,0.00840240334227729,0.43054552465028023,0.009279713901743715,0.8542933920956424,0.018909620859649034,3.7080541233249606,0.42159208393333897,0.37168009544059777,0.015616647620909545,3.896507090015258,0.44540159078184316,960.0,0.0,0.0,0.0,-0.43027581795885395,0.005014553801384795,0.44339519385492243,0.003697341616296565,0.8690786145681727,0.009209709589058153,1182000.0,1080000.0,100800.0,102000.0,93600.0,1173600.0,93888000.0,93600.0,100800.0,1.0,0.0,0.2504027777777778,0.0014686829060277266,1.0,0.0,1.0,0.0,11.073774282909802,0.13052189693133046,0.9564916124381366,0.010347637734155405,0.0,0.0,58.82139524795083,0.6796450605946915,-3.3810276439936082,0.03595851626417317,3.3810276439936082,0.03595851626417317,3.6761806951784015,0.03276628877896986,0.7262121866857487,0.012725874098761141,4.107239830679356,0.03806778831954185,,,,,,,,,,,5,0.01448394574303076,0.0,0.8,0.0,1.0,1.0
80,3,6,z_only_box,z_only_box,1.0,all,2.864405220048502,0.05507964201401146,0.8110284321131488,0.008569048413357743,3.031781990814216,0.09763506092246015,0.35878854379603903,0.00862137217784764,3.181476689918259,0.10332974783741512,1200.0,0.0,0.0,0.0,-0.3982418974043202,0.005756197141908746,0.42208759380424643,0.003129203563532032,0.8349023342508841,0.0037462355346153035,3.0231285736566837,0.24392855000934516,0.37327032418355016,0.023742755517494343,3.168527379065504,0.25750746536496194,240.0,0.0,0.0,0.0,-0.3868097928677759,0.012371333922181387,0.40589567784824504,0.007130426317809053,0.8110284321131488,0.008569048413357743,3.032368223087311,0.09516171740253995,0.35516809869916127,0.007905040475213199,3.183063302686378,0.10073291231910696,960.0,0.0,0.0,0.0,-0.40109992353845636,0.004721784898782033,0.4261355727932469,0.0032115873898858637,0.8406790069275685,0.004726381063921321,1182000.0,1080000.0,100800.0,102000.0,93600.0,1173600.0,93888000.0,93600.0,100800.0,1.0,0.0,0.2486825396825397,0.0015865480602293464,1.0,0.0,1.0,0.0,11.267665151624874,0.14611965788201212,11.267618527810528,0.1461107156699856,0.0,0.0,55.1569499557432,0.5385872203977862,-3.1278002101486324,0.03565958013735736,3.1278002101486324,0.03565958013735736,3.573045522142755,0.0283222878864896,0.9794396205307244,0.015871618598660257,4.107239830679356,0.03806778831954185,,,,,,,,,,,5,0.009199695312521157,0.0,1.0,0.0,1.0,1.0
80,3,6,z_zero,z_zero,0.0,all,2.769184000045061,0.08894771906201944,0.9141433865017188,0.0005014929807913973,1.038716330475546,0.0016085357664460678,0.18838798947785612,0.0003545581805201524,1.0509682918864613,0.0017699119751008298,1200.0,0.0,0.0,0.0,-0.4858657873873223,0.00019585472271421863,0.4858707984296057,0.00019626724859950873,0.9193026371310516,0.0002931655693925485,1.0327037645516273,0.0041622814689168,0.19008816746172275,0.000937194362139901,1.0445028758153145,0.004592402766169896,240.0,0.0,0.0,0.0,-0.4802699904181112,0.0002777639708648472,0.48027437538987544,0.0002780150877144935,0.9141433865017188,0.0005014929807913973,1.0402456669439595,0.001481660482393012,0.1879629449818895,0.00027989513356116316,1.0526184484602967,0.0016288021131324925,960.0,0.0,0.0,0.0,-0.4872647366296251,0.0002461721029702004,0.4872699041895383,0.0002466718126685816,0.9205714130869815,0.00036827107160495784,1182000.0,1080000.0,100800.0,102000.0,93600.0,1173600.0,93888000.0,93600.0,100800.0,1.0,0.0,0.24450595238095238,0.0014552492764692028,1.0,0.0,1.0,0.0,10.555545368737302,0.12119989213365838,14.662977013508282,0.15410932584945905,0.0,0.0,69.55133698996967,0.8401742428524048,-4.107239830679356,0.03806778831954185,4.107239830679356,0.03806778831954185,4.107239830679356,0.03806778831954185,0.0,0.0,4.107239830679356,0.03806778831954185,,,,,,,,,,,5,0.0,0.0,0.2,0.0,0.0,0.0
80,3,10,batch_box,batch_box,1.0,all,13.24570316998288,0.5771054576645722,0.8826441567100043,0.0019963661890808867,1.017822147354058,0.0050874532984354895,0.18333211694757384,0.0008085432480446839,1.0306694263335436,0.005602359060443765,1200.0,0.0,0.0,0.0,-0.4676904162219132,0.00046592549691625284,0.46795383429825754,0.0005422336160651553,0.8919637502045102,0.0007482864933626537,1.0100731191684549,0.011066511939323115,0.18445928478017168,0.0017700349777235072,1.0226665913007118,0.012203676175705155,240.0,0.0,0.0,0.0,-0.46097221789380904,0.0010525041802402046,0.4611941596639334,0.001089170934540995,0.8826441567100043,0.0019963661890808867,1.0197857205560859,0.0040915074377106475,0.18305032498942436,0.0006372022394353351,1.0327035109347467,0.004512756873892716,960.0,0.0,0.0,0.0,-0.46936996580393925,0.000501181452270727,0.4696437529568386,0.0005935193761533779,0.8942483806936323,0.0007563871941360619,5185200.0,4920000.0,264000.0,265200.0,252000.0,5172000.0,413760000.0,252000.0,264000.0,1.0,0.0,0.21644356060606063,0.0010625139915773892,1.0,0.0,1.0,0.0,5.974097600048651,0.022588637742447536,5.974097600048651,0.022588637742447536,0.0,0.0,62.706057671972395,0.3154910411944022,-3.792740344106163,0.017517184293147154,3.792740344106163,0.017517184293147154,3.8307360205899363,0.017094384285993535,0.24275952015082405,0.0019481500363977707,4.035499864256986,0.017519514434315046,0.6426214996123447,0.002496134387168662,0.8553000000000001,0.025659306303951378,0.1345,0.0010540925533894681,0.9995,0.0,0.5193782051282051,0.003950975461907049,10,0.00021809315176198922,0.0,0.0,0.0,1.0,1.0
80,3,10,box_factor_a0.9,box_factor,0.9,all,13.277885269979015,1.2829574402246346,0.808627289423212,0.0036839050853118395,1.8163479940621585,0.033056615721984046,0.2615455372036057,0.003197738461052232,1.8932394609841103,0.03519881998947926,1200.0,0.0,0.0,0.0,-0.41231834527810995,0.0016455255797715475,0.42531002262207346,0.0010643720268462193,0.8330881053783422,0.002064622730130491,1.8873087649073237,0.0783727175940557,0.2727385819248147,0.005908223360706555,1.967391451518104,0.08317776337987845,240.0,0.0,0.0,0.0,-0.40039135014487337,0.002133368505473489,0.406588304967458,0.0022040265060814116,0.808627289423212,0.0036839050853118395,1.7974910437252227,0.03017324326582852,0.2587472760233035,0.003051233819602835,1.8734489329731698,0.03216454273986893,960.0,0.0,0.0,0.0,-0.41530009406141916,0.0018738594231900183,0.42999045203572733,0.001179787983432002,0.8390136979728684,0.002157380493401949,5185200.0,4920000.0,264000.0,265200.0,252000.0,5172000.0,413760000.0,252000.0,264000.0,1.0,0.0,0.21908901515151516,0.001102833390335125,1.0,0.0,1.0,0.0,6.1636728029277,0.024140158168851417,6.382299258035784,0.025073962655528123,0.0,0.0,53.903274881974255,0.27242165001625834,-3.145140341282418,0.018278015970172024,3.145140341282418,0.018278015970172024,3.5039058674351926,0.01515189100179826,0.8903595229745684,0.007086293345821958,4.035499864256986,0.017519514434315046,,,,,,,,,,,10,0.0024900703512095003,0.0,1.0,0.0,1.0,1.0
80,3,10,box_factor_a1.25,box_factor,1.25,all,13.19918466003146,1.3034213638602006,0.7888690198059323,0.006091106871020485,2.6690033913073177,0.06274464133250507,0.3336669838365805,0.005834960170528648,2.798235307381579,0.06638025464006628,1200.0,0.0,0.0,0.0,-0.38013052102929396,0.002509371628174982,0.41073205818535746,0.0018670838267711351,0.8190795241249853,0.0032569590719911112,2.834663686122461,0.1318121641155995,0.35425856553728036,0.010404080528711323,2.9702469161592693,0.13918514249773994,240.0,0.0,0.0,0.0,-0.364237110578146,0.0033695821122708466,0.39011336901770727,0.0037714582718247807,0.7888690198059323,0.006091106871020485,2.6244684515290624,0.06008162943741193,0.32851908841140554,0.005638412376896069,2.751821265078953,0.06359739577988263,960.0,0.0,0.0,0.0,-0.38410387364208093,0.002872300286161163,0.4158867304772701,0.001623510560655988,0.8263617785533249,0.0032588558171521976,5185200.0,4920000.0,264000.0,265200.0,252000.0,5172000.0,413760000.0,252000.0,264000.0,1.0,0.0,0.21973295454545455,0.0010934274179219413,1.0,0.0,1.0,0.0,6.311831272914075,0.025820512935139532,5.826189761860105,0.023658214598349783,0.0,0.0,52.49398103386392,0.25802316787795987,-2.894536555580692,0.019029848184850456,2.894536555580692,0.019029848184850456,3.434337141476045,0.01443227376891361,1.1409633086762945,0.009233992629542819,4.035499864256986,0.017519514434315046,,,,,,,,,,,10,0.006336371838123823,1.0,1.0,1.0,1.0,1.0
80,3,10,f_zero,f_zero,0.0,all,2.7298411399591713,0.12252802539322191,0.9143363810217467,0.00040437796100436987,0.9584125684595864,0.0005757153551063898,0.1724154010721674,0.00014609299336579778,0.9626042915609825,0.0006381455579976765,1200.0,0.0,0.0,0.0,-0.48584556345317836,0.00013468231076780755,0.48584598294038733,0.00013471695323565266,0.9192483276797032,0.00020230687524154547,0.9480356290878686,0.0009721519777826657,0.1724416192020481,0.0002379184566776924,0.9515440004047351,0.0010857001757080009,240.0,0.0,0.0,0.0,-0.4804968452353672,0.0002779678312450181,0.48049779546929094,0.00027725198831319046,0.9143363810217467,0.00040437796100436987,0.9610457796198444,0.0006575625764295598,0.17240884653969724,0.0001669503242201484,0.9654202524038213,0.0007285131300966597,960.0,0.0,0.0,0.0,-0.4871827430076312,0.0001618898813300742,0.48718302980816147,0.0001618107175277887,0.9204565030161502,0.00024008485849811288,1201200.0,1200000.0,0.0,1200.0,0.0,1200000.0,96000000.0,0.0,0.0,0.0,0.0,0.0,0.0,0.0,0.0,0.0,0.0,0.0,0.0,0.0,0.0,0.0,0.0,,,,,,,,,,,,,,,,,,,,,,,10,0.0,0.0,0.0,0.0,0.0,0.0
80,3,10,raw,raw,1.0,all,13.178772970032878,0.5362001781129929,0.8285993279346944,0.012976439846366362,4.342545535865872,0.4712922984414157,0.416562708634988,0.010182261656255444,4.565331939659326,0.49715631142438244,1200.0,0.0,0.0,0.0,-0.3908879967496664,0.0035811703263807435,0.42833316079262085,0.004012913036609572,0.8532838877169,0.008542766520930686,4.435223798164502,0.2685966815181255,0.45032031555882923,0.02037082057502376,4.656928340570212,0.2828877005881187,240.0,0.0,0.0,0.0,-0.371194632154634,0.00776857307972903,0.41212829516444727,0.006603327587460589,0.8285993279346944,0.012976439846366362,4.306086217524365,0.6163179912185681,0.40812330690402765,0.012667975819340505,4.528349268022577,0.6503810725276172,960.0,0.0,0.0,0.0,-0.3958113378984245,0.004615380420741693,0.43238437719966427,0.003849684296211048,0.859256434182481,0.008315331747329072,5185200.0,4920000.0,264000.0,265200.0,252000.0,5172000.0,413760000.0,252000.0,264000.0,1.0,0.0,0.22039469696969696,0.001112448689846903,1.0,0.0,0.0,0.0,6.270886654569521,0.025167235900137166,6.270886654569521,0.025167235900137166,0.0,0.0,55.90070131494387,0.31095377225468274,-3.0478875684154554,0.02017759422321169,3.0478875684154554,0.02017759422321169,3.518887090214574,0.017537378359873484,0.9876122958415312,0.008732457502648634,4.035499864256986,0.017519514434315046,,,,,,,,,,,10,0.021163128515736828,0.0,0.0,0.0,1.0,1.0
80,3,10,sample_ball,sample_ball,1.0,all,13.13192306002602,0.5604984473613267,0.8539978456664772,0.0034178133920849314,1.3772755918674764,0.01377834063124059,0.22408311340049325,0.0014484125797332625,1.4218620773628212,0.014844238448887905,1200.0,0.0,0.0,0.0,-0.446592985664628,0.0012770273821535569,0.448215414120822,0.0012418521628436143,0.8700907485780649,0.0018858905734295275,1.4098797360279138,0.03311615787830609,0.23181249077834,0.0029059315581431494,1.4564855054065649,0.03553872322954232,240.0,0.0,0.0,0.0,-0.4368696482176658,0.002436969256323432,0.4372015402038863,0.002473702915724552,0.8539978456664772,0.0034178133920849314,1.368698980744141,0.018120917635183132,0.22215076905603154,0.001770834212341131,1.4127090183921267,0.019558056144194723,960.0,0.0,0.0,0.0,-0.44902382002636865,0.0013553363014374385,0.4509688826000559,0.0013422812752084028,0.8740154720525751,0.0020171635761830984,5185200.0,4920000.0,264000.0,265200.0,252000.0,5172000.0,413760000.0,252000.0,264000.0,1.0,0.0,0.21879166666666666,0.0011061096110171588,0.21879166666666666,0.0011061096110171588,0.21879166666666666,0.0011061096110171588,6.007834353340092,0.023096878114067097,2.597994860497979,0.012638775638106215,0.0,0.0,59.39122264698633,0.31144520389488467,-3.5783183084479178,0.018042624778411426,3.5783183084479178,0.018042624778411426,3.6968507069501073,0.016829377483950615,0.4571815558090693,0.004477038560471429,4.035499864256986,0.017519514434315046,,,,,,,,,,,10,0.0013171252740238608,0.0,0.0,0.0,1.0,1.0
80,3,10,sample_box,sample_box,1.0,all,13.18688537995331,0.38774664162487915,0.8009333304659322,0.004210594930052653,2.0407867217286575,0.040736143812813555,0.2808114787466181,0.003918814201929184,2.1321043939806117,0.04326534442907346,1200.0,0.0,0.0,0.0,-0.40322715211419763,0.001880493249768388,0.4203201137191755,0.0011981198434003108,0.8274079992575862,0.002327404605474445,2.135761030563357,0.09320042185466446,0.29446349176500514,0.00706511630787803,2.2310571923531404,0.09871101142032637,240.0,0.0,0.0,0.0,-0.390238884907315,0.002453703383208713,0.40034180714789513,0.002628992192130858,0.8009333304659322,0.004210594930052653,2.0154551368497886,0.03772800478212503,0.27739847549202135,0.003764977179350854,2.1056028432215164,0.04010497359954126,960.0,0.0,0.0,0.0,-0.40647421891591834,0.0021430386536822653,0.4253146903619955,0.0013256288240553855,0.833810658116338,0.0023790129242285546,5185200.0,4920000.0,264000.0,265200.0,252000.0,5172000.0,413760000.0,252000.0,264000.0,1.0,0.0,0.21931287878787878,0.0011017804389715903,1.0,0.0,1.0,0.0,6.204223417078847,0.02456483614423526,6.204223417078847,0.02456483614423526,0.0,0.0,53.33497516687582,0.2677417738024045,-3.0691466746189535,0.018478933342845998,3.0691466746189535,0.018478933342845998,3.478641834876359,0.014933355189343887,0.9663531896380331,0.007734438755061329,4.035499864256986,0.017519514434315046,,,,,,,,,,,10,0.0033577528824000197,0.0,1.0,0.0,1.0,1.0
80,3,10,shrink_c0.875,shrink,0.875,all,13.01896883000154,1.1093130720920152,0.8262289536596927,0.007015479953981847,3.201847126830389,0.29410299932662587,0.3443849389591326,0.006901150812833989,3.3607642747655704,0.3106826547603507,1200.0,0.0,0.0,0.0,-0.4113898654116059,0.00263658516607556,0.430028646466889,0.002456603880257155,0.8503174478577306,0.004714927208790602,3.2674615183456046,0.18284888733875349,0.3680718847138105,0.014200663224795983,3.4259773173827384,0.1929158034743646,240.0,0.0,0.0,0.0,-0.39521600408397506,0.005699084042072074,0.41209822775854243,0.004621258918703097,0.8262289536596927,0.007015479953981847,3.177726630784626,0.38797597908706777,0.3384632025204631,0.008568828016952903,3.336240144842113,0.41000440242734554,960.0,0.0,0.0,0.0,-0.41543333074351363,0.0034033613947915798,0.4345112511439756,0.002261869588217498,0.8561543546647405,0.0047521963049647195,5185200.0,4920000.0,264000.0,265200.0,252000.0,5172000.0,413760000.0,252000.0,264000.0,1.0,0.0,0.22006174242424242,0.0011002120549746962,1.0,0.0,1.0,0.0,6.191893306273378,0.024335277648451774,0.14674952580438508,0.0005720128759142697,0.0,0.0,55.538835962647475,0.3164388834942581,-3.1774437927486563,0.019600161389677767,3.1774437927486563,0.019600161389677767,3.520054490908548,0.017625953836093756,0.8580560715083301,0.007599617651230707,4.035499864256986,0.017519514434315046,,,,,,,,,,,10,0.011151143732070263,0.0,0.7,0.0,1.0,1.0
80,3,10,z_only_box,z_only_box,1.0,all,13.36281076001469,0.5671651534818586,0.8008645507705691,0.004647896465282698,2.159183294700708,0.05167087222398827,0.2863570267546798,0.00436650228436816,2.2576848224928563,0.05481552229558055,1200.0,0.0,0.0,0.0,-0.40131791250088,0.0020358870932919793,0.42098716411368187,0.0011986788999422996,0.8297815366211436,0.002235498729272878,2.2192060673671263,0.12513874909602293,0.29942939671159274,0.00854146233466015,2.3193824144208555,0.1324753406794641,240.0,0.0,0.0,0.0,-0.38836167955274437,0.00279718631027259,0.40040035090822135,0.002975173719949959,0.8008645507705691,0.004647896465282698,2.1430442428205225,0.04350877528711452,0.28308893426545156,0.00404129761654376,2.2410140737681354,0.04619882709084292,960.0,0.0,0.0,0.0,-0.40455697073791386,0.002356336638737139,0.426133867415047,0.0012562455725658869,0.8367619798638641,0.002282675620355994,5185200.0,4920000.0,264000.0,265200.0,252000.0,5172000.0,413760000.0,252000.0,264000.0,1.0,0.0,0.21931287878787878,0.0011017804389715903,1.0,0.0,1.0,0.0,6.204223417078847,0.02456483614423526,6.204204270376398,0.024564419179269114,0.0,0.0,53.39271742117488,0.26610232285644764,-3.0677980847722477,0.01850961405107737,3.0677980847722477,0.01850961405107737,3.479990424723064,0.01491471580591343,0.9677017794847386,0.007731230722733214,4.035499864256986,0.017519514434315046,,,,,,,,,,,10,0.0038870119149958682,0.0,1.0,0.0,1.0,1.0
80,3,10,z_zero,z_zero,0.0,all,13.056780690024606,0.7586215312963358,0.9143363810217467,0.00040437796100436987,0.9584125684595864,0.0005757153551063898,0.1724154010721674,0.00014609299336579778,0.9626042915609825,0.0006381455579976765,1200.0,0.0,0.0,0.0,-0.48584556345317836,0.00013468231076780755,0.48584598294038733,0.00013471695323565266,0.9192483276797032,0.00020230687524154547,0.9480356290878686,0.0009721519777826657,0.1724416192020481,0.0002379184566776924,0.9515440004047351,0.0010857001757080009,240.0,0.0,0.0,0.0,-0.4804968452353672,0.0002779678312450181,0.48049779546929094,0.00027725198831319046,0.9143363810217467,0.00040437796100436987,0.9610457796198444,0.0006575625764295598,0.17240884653969724,0.0001669503242201484,0.9654202524038213,0.0007285131300966597,960.0,0.0,0.0,0.0,-0.4871827430076312,0.0001618898813300742,0.48718302980816147,0.0001618107175277887,0.9204565030161502,0.00024008485849811288,5185200.0,4920000.0,264000.0,265200.0,252000.0,5172000.0,413760000.0,252000.0,264000.0,1.0,0.0,0.21434128787878787,0.0010483789704671613,1.0,0.0,1.0,0.0,5.960025636143978,0.02261314597696901,9.081093075754808,0.0342041921795541,0.0,0.0,68.29252429143074,0.3317895970085042,-4.035499864256986,0.017519514434315046,4.035499864256986,0.017519514434315046,4.035499864256986,0.017519514434315046,0.0,0.0,4.035499864256986,0.017519514434315046,,,,,,,,,,,10,0.0,0.0,0.0,0.0,0.0,0.0
80,3,16,f_zero,f_zero,0.0,all,11.636230939999223,0.18777806018827592,0.9141632856165822,0.00015450860428284095,0.9410077210047124,0.0002007470861105515,0.1677701904945848,4.3927816888412126e-05,0.9433684596904108,0.00022190797568750147,1200.0,0.0,0.0,0.0,-0.48580461583983664,4.50060280604561e-05,0.48580463269532503,4.5023457043938935e-05,0.9191682133146456,3.7622766809057244e-05,0.9303834476333833,0.00034829749568267466,0.1673700693728985,9.105854916939374e-05,0.9320892901015613,0.0003782681489048148,240.0,0.0,0.0,0.0,-0.4803980074960159,0.00012660563294246196,0.4803980074960159,0.00012660563294246196,0.9141632856165822,0.00015450860428284095,0.9437030220839091,0.00021572715922369155,0.16787022077500635,4.709446321746709e-05,0.946239443773656,0.0002405978475503349,960.0,0.0,0.0,0.0,-0.4871562679257918,3.820846534384959e-05,0.4871562889951523,3.823192713749108e-05,0.9203992018202991,3.809747652294077e-05,4916400.0,4915200.0,0.0,1200.0,0.0,4915200.0,393216000.0,0.0,0.0,0.0,0.0,0.0,0.0,0.0,0.0,0.0,0.0,0.0,0.0,0.0,0.0,0.0,0.0,,,,,,,,,,,,,,,,,,,,,,,5,0.0,0.0,0.0,0.0,0.0,0.0
80,3,16,raw,raw,1.0,all,54.72199937999248,0.5090622675975098,0.8165328797647146,0.008824086574594431,2.8517002357001813,0.05940444947732789,0.3288913299377567,0.005460297342039305,2.990844527832949,0.06288852110313708,1200.0,0.0,0.0,0.0,-0.3928655139392958,0.0020359578757523306,0.42044273735176685,0.0021256850755053502,0.8412559402791271,0.004206469359558068,2.9350727795923617,0.10377979466788556,0.3474356077691193,0.010849796322765632,3.0754787882910652,0.10954697954011983,240.0,0.0,0.0,0.0,-0.37394327681557854,0.0039388960239739226,0.4048362932813321,0.005774777610414682,0.8165328797647146,0.008824086574594431,2.8293981183076866,0.0772636550601048,0.3242552604799161,0.004478827911682748,2.9681050733874477,0.08173889327327802,960.0,0.0,0.0,0.0,-0.39759607322022517,0.0022352668985799254,0.42434434836937546,0.0015118326438715894,0.8472366821940313,0.00484439274159459,20622000.0,19968000.0,652800.0,654000.0,633600.0,20601600.0,1648128000.0,633600.0,652800.0,0.9999947916666667,2.7827668695765714e-06,0.1851216299019608,0.0002042398767639307,0.9999947916666667,2.7827668695765714e-06,0.0,0.0,3.5549157910055333,0.0060051900842793965,3.5549157910055333,0.0060051900842793965,0.0,0.0,54.32754273038402,0.1597242543733028,-3.0402051415884968,0.007514886231642184,3.0402051415884968,0.007514886231642184,3.4583796948731127,0.0077816411385549485,0.979236214814612,0.005181301906480515,4.019441356403109,0.005515392037343577,,,,,,,,,,,5,0.00939792182049188,0.0,0.0,0.0,1.0,1.0
80,3,16,sample_box,sample_box,1.0,all,55.38601572001353,0.6751976596603689,0.8031902684368479,0.003147001453097025,1.6262201999845805,0.03338899153414028,0.24215253894967068,0.0018604468053928745,1.6909106665932288,0.035645496758158014,1200.0,0.0,0.0,0.0,-0.4034876191263786,0.0008603355962015387,0.420117592276143,0.0005714750119326927,0.8274487136142469,0.0006924365579275905,1.6788660547872052,0.039714634767552597,0.2501161251627503,0.003554591774558512,1.7462412634967148,0.04227850091841812,240.0,0.0,0.0,0.0,-0.3913347875590528,0.002016574557758924,0.40063016808575974,0.0014855480196648864,0.8031902684368479,0.003147001453097025,1.6123479694561875,0.03979363502146372,0.24016164239640075,0.002302715608021191,1.6762663099878168,0.04252997999736846,960.0,0.0,0.0,0.0,-0.40652582701821005,0.0010875921343710335,0.4249894483237388,0.0008370780956740462,0.8333254365388809,0.0010735947862995456,20622000.0,19968000.0,652800.0,654000.0,633600.0,20601600.0,1648128000.0,633600.0,652800.0,0.9999954044117647,3.2495716047113634e-06,0.18447457107843138,0.00018616702164318773,0.9999954044117647,3.2495716047113634e-06,0.9999954044117647,3.2495716047113634e-06,3.5345825489143636,0.005348071058298508,3.5345825489143636,0.005348071058298508,0.0,0.0,53.049438556237874,0.15829607627248338,-3.063468536351746,0.006497996639701858,3.063468536351746,0.006497996639701858,3.4585506569183027,0.0075145585224026526,0.955972820051364,0.004867664581158552,4.019441356403109,0.005515392037343577,,,,,,,,,,,5,0.0017750564613658053,1.0,1.0,0.0,1.0,1.0
80,3,16,z_zero,z_zero,0.0,all,54.846502480003984,0.6054704504719711,0.9141632856165822,0.00015450860428284095,0.9410077210047124,0.0002007470861105515,0.1677701904945848,4.3927816888412126e-05,0.9433684596904108,0.00022190797568750147,1200.0,0.0,0.0,0.0,-0.48580461583983664,4.50060280604561e-05,0.48580463269532503,4.5023457043938935e-05,0.9191682133146456,3.7622766809057244e-05,0.9303834476333833,0.00034829749568267466,0.1673700693728985,9.105854916939374e-05,0.9320892901015613,0.0003782681489048148,240.0,0.0,0.0,0.0,-0.4803980074960159,0.00012660563294246196,0.4803980074960159,0.00012660563294246196,0.9141632856165822,0.00015450860428284095,0.9437030220839091,0.00021572715922369155,0.16787022077500635,4.709446321746709e-05,0.946239443773656,0.0002405978475503349,960.0,0.0,0.0,0.0,-0.4871562679257918,3.820846534384959e-05,0.4871562889951523,3.823192713749108e-05,0.9203992018202991,3.809747652294077e-05,20622000.0,19968000.0,652800.0,654000.0,633600.0,20601600.0,1648128000.0,633600.0,652800.0,0.9999901960784314,2.5632966499310985e-06,0.18118688725490198,0.0001745429714071058,1.0,0.0,1.0,0.0,3.443857570767352,0.004343481211936366,5.856455650418326,0.007994701186817041,0.0,0.0,68.05931040982036,0.10156499222875501,-4.019441356403109,0.005515392037343577,4.019441356403109,0.005515392037343577,4.019441356403109,0.005515392037343577,0.0,0.0,4.019441356403109,0.005515392037343577,,,,,,,,,,,5,0.0,0.0,0.0,0.0,0.0,0.0
80,4,2,batch_box,batch_box,1.0,all,0.5722421400249005,0.0419005695407274,0.8850958894247551,0.002541839763461626,2.4288945612483324,0.02365135506586624,0.3735090815588649,0.002060585112323425,2.5411508775398253,0.025074985526608286,1200.0,0.0,0.0,0.0,-0.46763150623678695,0.0023682686219606134,0.46894111006823413,0.0026113527079980343,0.8968667740129662,0.0028302965403476763,2.523990217614748,0.14939527786180948,0.38967741241651066,0.013663636829799451,2.638864113077392,0.1580080012540434,240.0,0.0,0.0,0.0,-0.4603348649856679,0.001209902577039711,0.4607986686488591,0.0012384985271669828,0.8850958894247551,0.002541839763461626,2.4028423114715984,0.04384317373143074,0.36946699884445344,0.003924084109986604,2.5142442359152932,0.046427879997999244,960.0,0.0,0.0,0.0,-0.4694556665495668,0.002758264518512166,0.4709767204230778,0.0031386267688576974,0.8997463555363412,0.0034926749122210824,260400.0,192000.0,67200.0,68400.0,55200.0,247200.0,19776000.0,55200.0,67200.0,1.0,0.0,0.2548125,0.0022764598661940715,1.0,0.0,1.0,0.0,30.696131789128184,0.421702569917042,30.696131789128184,0.421702569917042,0.0,0.0,53.40508105454999,0.7134807881584294,-3.228734119377137,0.03819562964085812,3.228734119377137,0.03819562964085812,3.2961808643607045,0.04019076478879919,0.2741339679448018,0.007334389908680625,3.5028680873219384,0.04322124874925285,0.6762256745542856,0.00225458189758008,0.9995,0.0,0.0887,0.0008366600265340761,0.9995,0.0,0.42411111111111116,0.0030214286756642963,5,0.0035250182120078657,0.0,1.0,0.6,1.0,1.0
80,4,2,box_factor_a0.75,box_factor,0.75,all,0.5143329599872232,0.022924557039334402,0.8584014978181074,0.015222066264220364,5.631808710186605,0.1873785725278261,0.6407059056774342,0.008601218462542094,5.925111171433661,0.19741041542498075,1200.0,0.0,0.0,0.0,-0.41049712130895627,0.0027972613465210984,0.4369796897925348,0.003178913684529338,0.8726156357278348,0.01272637747803831,6.3139152334854955,0.5622646552933562,0.7116785130803189,0.03879278345317399,6.634772887810317,0.5917707344918202,240.0,0.0,0.0,0.0,-0.39030962285402043,0.006681631628885391,0.4240246368433433,0.003913352853917139,0.8584014978181074,0.015222066264220364,5.437477643192655,0.22326273392180815,0.6229627538267131,0.014952611987450326,5.72224171225273,0.2353623524236741,960.0,0.0,0.0,0.0,-0.4155439959226902,0.0038151214175320466,0.4402184530298328,0.0035645144342751145,0.8760694621331225,0.013622068058413246,260400.0,192000.0,67200.0,68400.0,55200.0,247200.0,19776000.0,55200.0,67200.0,1.0,0.0,0.2558571428571429,0.0022375579158062796,1.0,0.0,1.0,0.0,34.695543069392855,0.5959166070700247,36.15548788339941,0.6094772598627368,0.0,0.0,46.43575341432857,0.6117035524817697,-2.7286740903136097,0.03467437409894711,2.7286740903136097,0.03467437409894711,3.045870225352048,0.03629620846727838,0.774193997008328,0.015810034937420656,3.5028680873219384,0.04322124874925285,,,,,,,,,,,5,0.03984942426492263,1.0,1.0,1.0,1.0,1.0
80,4,2,f_zero,f_zero,0.0,all,0.02508049998432398,0.0037824024294498596,0.9148507484397792,0.001990059484546922,1.9039279436263503,0.005214965560097514,0.3151585499543963,0.0007836773426376804,1.9822764131943422,0.005475728555866672,1200.0,0.0,0.0,0.0,-0.48508566162700284,0.0014596974846126647,0.48528805065342134,0.0014212984217043477,0.9188848785070551,0.001761505321255733,1.9243214379589872,0.012024105245640787,0.3227143539556363,0.0012624350263837417,2.0018381652509447,0.012880862051731291,240.0,0.0,0.0,0.0,-0.48045768425881674,0.001401250745362099,0.48064506712910376,0.0012576554495184263,0.9148507484397792,0.001990059484546922,1.8986692233234623,0.0076942339284443275,0.31326959895408624,0.0011253432434355098,1.9772141348952421,0.008107321329413846,960.0,0.0,0.0,0.0,-0.4862426559690494,0.0015465662014189484,0.4864487965345007,0.0015576652524613007,0.9198771962620936,0.002040330490831382,20400.0,19200.0,0.0,1200.0,0.0,19200.0,1536000.0,0.0,0.0,0.0,0.0,0.0,0.0,0.0,0.0,0.0,0.0,0.0,0.0,0.0,0.0,0.0,0.0,,,,,,,,,,,,,,,,,,,,,,,5,0.0,0.0,1.0,0.2,0.0,0.0
80,4,2,raw,raw,1.0,all,0.4878218999598175,0.03913556446559145,206.30977837815954,210.42267589196143,1046172.6376280145,2335913.6388794463,5461.394688160927,12173.951236737048,1101872.3667484322,2460281.6062330455,1200.0,0.0,0.0,0.0,796.2830483326316,1776.2187688829797,797.9216417361965,1776.1970448737382,42836.164082891875,95554.34932386088,5727.602289729374,8586.402505789289,84.17109637164785,122.06161320724185,6023.556340757995,9030.628730939683,240.0,0.0,0.0,0.0,8.76150307917645,12.197347463557197,11.141639694633337,11.06928198299017,206.30977837815954,210.42267589196143,1171751.2777126029,2617630.0968054314,6805.700586108246,15187.243201997464,1234609.2122809065,2758051.843228814,960.0,0.0,0.0,0.0,993.1634346459953,2217.5635841736266,994.6166422465874,2217.728793626511,47798.07083641236,106714.07017952029,260400.0,192000.0,67200.0,68400.0,55200.0,247200.0,19776000.0,55200.0,67200.0,1.0,0.0,0.2619672619047619,0.002241532828933354,1.0,0.0,0.0,0.0,7487.763583177274,16473.55200242267,7487.763583177274,16473.55200242267,0.0,0.0,27809621428.78974,62184171338.041435,286.77361835874837,645.0694899037712,289.50985827118404,643.5398857045859,292.92028581811263,645.0559916372092,290.27648644607024,645.0671513264099,3.5028680873219384,0.04322124874925285,,,,,,,,,,,5,3778564569.217331,0.0,0.0,0.0,0.0,0.0
80,4,2,sample_ball,sample_ball,1.0,all,0.5142133799847215,0.05060314099037354,0.8867503659460517,0.007787687070396901,2.690921197817683,0.07130478576627239,0.3952573741622523,0.005370148930912324,2.818592535732082,0.07557082006033945,1200.0,0.0,0.0,0.0,-0.46856388819889194,0.0024809067735660877,0.470311911808117,0.002513006686315427,0.903774891857366,0.001609471108259288,2.80477244304683,0.14774532078160937,0.4120569850044841,0.010352446944396371,2.935718543473715,0.1560854360428523,240.0,0.0,0.0,0.0,-0.4591076700946816,0.003297678269738972,0.45962493961713874,0.0037399702969147064,0.8867503659460517,0.007787687070396901,2.6600813593659693,0.08518475074913602,0.3910574714516944,0.0069259640615159926,2.786724878165812,0.09028681457072782,960.0,0.0,0.0,0.0,-0.4709279427249444,0.003622798229660083,0.4729836548558616,0.003771980528313558,0.9079178585710842,0.003114615497389851,260400.0,192000.0,67200.0,68400.0,55200.0,247200.0,19776000.0,55200.0,67200.0,1.0,0.0,0.2610029761904762,0.002250411353805752,0.2610029761904762,0.002250411353805752,0.2610029761904762,0.002250411353805752,30.649159769409447,0.4138615785094601,22.38936815525677,0.37317350171256164,0.0,0.0,54.743229597145934,0.7624712540987075,-3.2917452797579196,0.03971837704290455,3.2917452797579196,0.03971837704290455,3.341444281802842,0.040917516490968135,0.21112280756401897,0.004561345570533304,3.5028680873219384,0.04322124874925285,,,,,,,,,,,5,0.005573325684253609,0.0,1.0,0.4,1.0,1.0
80,4,2,sample_box,sample_box,1.0,all,0.5118384399916976,0.04405952322168666,0.9093388640673196,0.026641124110070864,8.400285563196423,0.24152452472293448,0.8597171842083418,0.013135894004786007,8.843136218117337,0.25432184327025636,1200.0,0.0,0.0,0.0,-0.3717986721207872,0.004511827772385309,0.44229896838166444,0.002189122502126813,0.9099292378157664,0.021844636266240974,9.308090404609453,0.9407975251794221,0.9659266753440997,0.062238102790912735,9.785330263925292,0.9897317565690996,240.0,0.0,0.0,0.0,-0.3458600294667035,0.008946140057137444,0.4303907798266218,0.00805374124975975,0.9093388640673196,0.026641124110070864,8.141788584012321,0.2408506881813077,0.8331648114244021,0.022507993906514246,8.573929656722012,0.25379446133160377,960.0,0.0,0.0,0.0,-0.37828333278430815,0.005030907997605136,0.44527601552042506,0.003248034592707599,0.9100234516262062,0.0231688699968122,260400.0,192000.0,67200.0,68400.0,55200.0,247200.0,19776000.0,55200.0,67200.0,1.0,0.0,0.25618452380952383,0.0022465457943145386,1.0,0.0,1.0,0.0,38.325154817192654,0.845541239359035,38.325154817192654,0.845541239359035,0.0,0.0,45.013676813338535,0.5866784555118272,-2.4917588399677824,0.03405896378655826,2.4917588399677824,0.03405896378655826,2.9838065122122175,0.03489321424768897,1.0111092473541556,0.020257267467738073,3.5028680873219384,0.04322124874925285,,,,,,,,,,,5,0.09384088361305601,0.0,1.0,0.0,0.8,0.8
80,4,2,shrink_c0.1,shrink,0.1,all,0.4969106200616807,0.020544450757249123,0.9068594448299672,0.00156334802688645,2.0077331352913794,0.03511549721779762,0.32666509333617594,0.001079304781643377,2.093039530505461,0.03740385954981551,1200.0,0.0,0.0,0.0,-0.48126037996855436,0.0018266106838736144,0.48150754396361684,0.0017939220179459942,0.9143725743333182,0.0018019631984847859,2.0246474951397717,0.04546253345227163,0.3345029835422609,0.0037789567619139148,2.108821783303072,0.048245110455552596,240.0,0.0,0.0,0.0,-0.47533289478821555,0.0009960896875016707,0.47554486312214106,0.0009265202754508225,0.9068594448299672,0.00156334802688645,2.0032002684492864,0.044310151160868665,0.3247056207846547,0.0015342269220786737,2.088768610096298,0.04719345175420403,960.0,0.0,0.0,0.0,-0.4827422512636391,0.002163229764062843,0.48299821417398575,0.0021898430762299415,0.916216184735641,0.002439628453338478,260400.0,192000.0,67200.0,68400.0,55200.0,247200.0,19776000.0,55200.0,67200.0,1.0,0.0,0.25665773809523806,0.0021938581875694594,1.0,0.0,1.0,0.0,30.10612929087506,0.4162298799129553,29.507929184530212,0.3718201314863475,0.0,0.0,56.81798837934157,0.8147737483095737,-3.4137318511288206,0.042329499146853314,3.4137318511288206,0.042329499146853314,3.420778326671141,0.04212111587753965,0.08913623619311752,0.0020313459313264157,3.5028680873219384,0.04322124874925285,,,,,,,,,,,5,0.0006327220084036765,0.0,1.0,0.2,1.0,1.0
80,4,2,z_only_box,z_only_box,1.0,all,0.5207311999984086,0.05180029424579552,1.0671410779451838,0.13557206990937648,12.070885959333967,0.8961026726418179,0.9937148268475525,0.027646759096898413,12.710097635928543,0.9439279513138961,1200.0,0.0,0.0,0.0,-0.3580484613432039,0.0041273592317382255,0.4621434044247799,0.0041959647168480045,1.0218064563416291,0.06223041200042843,13.827806431250707,2.445542678511924,1.1542087591294874,0.09183703340835346,14.539265650431293,2.5721073049495695,240.0,0.0,0.0,0.0,-0.3272693630962976,0.02238601958770316,0.45948531837627177,0.018021011724741076,1.0671410779451838,0.13557206990937648,11.451571064954402,1.7769952876576693,0.9535913437770688,0.048679249211332966,12.062200420682668,1.8725808818300353,960.0,0.0,0.0,0.0,-0.3657432359049304,0.006183082809805912,0.4628079259369069,0.00790938832224041,1.0069191902071986,0.09397092157179111,260400.0,192000.0,67200.0,68400.0,55200.0,247200.0,19776000.0,55200.0,67200.0,1.0,0.0,0.25618452380952383,0.0022465457943145386,1.0,0.0,1.0,0.0,39.294678945420706,1.3326490058277365,39.29389965971992,1.332521243512055,0.0,0.0,46.01964980544686,0.7109575552012796,-2.473890474096576,0.03409612190505084,2.473890474096576,0.03409612190505084,3.003515466307795,0.0364900602763205,1.028977613225362,0.02182551538634644,3.5028680873219384,0.04322124874925285,,,,,,,,,,,5,0.1824823106199218,0.0,1.0,0.0,0.0,0.0
80,4,2,z_zero,z_zero,0.0,all,0.47782871993258597,0.037532431721889845,0.9148507484397792,0.001990059484546922,1.9039279436263503,0.005214965560097514,0.3151585499543963,0.0007836773426376804,1.9822764131943422,0.005475728555866672,1200.0,0.0,0.0,0.0,-0.48508566162700284,0.0014596974846126647,0.48528805065342134,0.0014212984217043477,0.9188848785070551,0.001761505321255733,1.9243214379589872,0.012024105245640787,0.3227143539556363,0.0012624350263837417,2.0018381652509447,0.012880862051731291,240.0,0.0,0.0,0.0,-0.48045768425881674,0.001401250745362099,0.48064506712910376,0.0012576554495184263,0.9148507484397792,0.001990059484546922,1.8986692233234623,0.0076942339284443275,0.31326959895408624,0.0011253432434355098,1.9772141348952421,0.008107321329413846,960.0,0.0,0.0,0.0,-0.4862426559690494,0.0015465662014189484,0.4864487965345007,0.0015576652524613007,0.9198771962620936,0.002040330490831382,260400.0,192000.0,67200.0,68400.0,55200.0,247200.0,19776000.0,55200.0,67200.0,1.0,0.0,0.2512351190476191,0.0020411329650905294,1.0,0.0,1.0,0.0,29.96574637600054,0.3923420558956913,36.26119709321406,0.43290558695392495,0.0,0.0,59.15761017747692,0.8682955507903689,-3.5028680873219384,0.04322124874925285,3.5028680873219384,0.04322124874925285,3.5028680873219384,0.04322124874925285,0.0,0.0,3.5028680873219384,0.04322124874925285,,,,,,,,,,,5,0.0,0.0,1.0,0.2,0.0,0.0
80,4,3,batch_box,batch_box,1.0,all,2.13533745999448,0.14293389908649062,0.8805560005139897,0.003772992443630396,1.4670765816924363,0.02646429774710829,0.2466579189367084,0.002008230731509234,1.5169391249733413,0.028348132089355757,1200.0,0.0,0.0,0.0,-0.4670515500506472,0.0006911648418319393,0.4674712990784041,0.0007646589248561473,0.8906816756912951,0.001843236888857345,1.4930463403056673,0.037365617789883704,0.2521673504430816,0.0025334997093280766,1.5438635688461495,0.04011716357870861,240.0,0.0,0.0,0.0,-0.4591324051791464,0.0025222517145137,0.4599542364631214,0.0019042749229078938,0.8805560005139897,0.003772992443630396,1.4603069289542916,0.027254469764674098,0.24528056106011512,0.0020012406449054334,1.509889457106294,0.02917000850087377,960.0,0.0,0.0,0.0,-0.4690313362685224,0.0012098958263304428,0.46935056473222475,0.001251165529141992,0.893159921146065,0.0027378675523054806,1099200.0,907200.0,190800.0,192000.0,165600.0,1072800.0,85824000.0,165600.0,190800.0,1.0,0.0,0.2348846960167715,0.001126724678975689,1.0,0.0,1.0,0.0,19.54210929609507,0.20416910580793377,19.54210929609507,0.20416910580793377,0.0,0.0,52.46002090595101,0.29165888681621077,-3.171379875695359,0.015438183060657567,3.171379875695359,0.015438183060657567,3.225407592107102,0.014669052163012716,0.25281941174996786,0.002650549553835934,3.424199287445327,0.017029815387964393,0.6887171267657521,0.0010370647971171124,0.9995,0.0,0.0985,0.0010000000000000009,0.9995,0.0,0.4153952380952381,0.0026388107161114845,5,0.0010727110165562874,0.0,1.0,0.0,1.0,1.0
80,4,3,box_factor_a0.875,box_factor,0.875,all,1.9862528800498693,0.1503945037227161,0.8014828487603886,0.016110295288517505,4.78243155042962,0.16129258999087695,0.5271492008421099,0.012660288131381741,5.030164325708009,0.17013563723198735,1200.0,0.0,0.0,0.0,-0.3837047408047523,0.0018349934162469163,0.40928523637975756,0.003177794639098378,0.8192992937849418,0.006723979104844701,4.8426768015222805,0.5846743025697928,0.5465284616707837,0.03776466838110178,5.086512025021899,0.61595423668029,240.0,0.0,0.0,0.0,-0.37083132775453087,0.010075071379739509,0.39410020046164257,0.006696064880069692,0.8014828487603886,0.016110295288517505,4.759876238096394,0.17077387858864085,0.5223043856349416,0.013829724834225848,5.0081555117060805,0.1802460992502415,960.0,0.0,0.0,0.0,-0.3869230940673076,0.004230761957601577,0.41308149535928623,0.0031907889611710455,0.8236137696707925,0.0063308559724701225,1099200.0,907200.0,190800.0,192000.0,165600.0,1072800.0,85824000.0,165600.0,190800.0,1.0,0.0,0.23673270440251573,0.00118122707920091,1.0,0.0,1.0,0.0,21.835021657567037,0.2473050708604003,22.387212578250654,0.2519348049801684,0.0,0.0,44.0475666273412,0.15338769275255748,-2.53849868507663,0.013447463665508677,2.53849868507663,0.013447463665508677,2.918562290141359,0.008724654353416662,0.8857006023686965,0.010131021874843878,3.424199287445327,0.017029815387964393,,,,,,,,,,,5,0.02473135970427557,0.6,1.0,0.6,1.0,1.0
80,4,3,f_zero,f_zero,0.0,all,0.1316812200471759,0.0056349449980313115,0.913529053318415,0.0017566745346534645,1.1912936613982963,0.002945515546901097,0.21294890494687743,0.0005133142302531441,1.2173958746179712,0.0031782586572706656,1200.0,0.0,0.0,0.0,-0.4857902210495702,0.0002989258946547577,0.4858199736096461,0.00029324797118806487,0.9192435368480456,0.0005426959654964911,1.1900378416248878,0.005373546575036497,0.21607520749129866,0.0010822063862490916,1.2157116792058156,0.005767971823380201,240.0,0.0,0.0,0.0,-0.4797044620430963,0.0012144866860413215,0.4797573105697002,0.0011911047909937327,0.913529053318415,0.0017566745346534645,1.1916119195315686,0.003261562673616631,0.21216732931077215,0.0005928162527166612,1.2178247846866066,0.003494177712683457,960.0,0.0,0.0,0.0,-0.48731166080118876,0.00043653937934866696,0.4873356393696325,0.00043953723692078794,0.9206479442006475,0.0007665608590657882,98400.0,97200.0,0.0,1200.0,0.0,97200.0,7776000.0,0.0,0.0,0.0,0.0,0.0,0.0,0.0,0.0,0.0,0.0,0.0,0.0,0.0,0.0,0.0,0.0,,,,,,,,,,,,,,,,,,,,,,,5,0.0,0.0,1.0,0.0,0.0,0.0
80,4,3,raw,raw,1.0,all,2.0043059600517155,0.1371193020905071,17.621160223522892,6.895217576545241,2442.8027979321582,2316.796098708228,21.397937585211178,12.652520138442606,2573.0108775042745,2440.350804492252,1200.0,0.0,0.0,0.0,0.8784040559994862,0.7122055448904315,2.323868238727927,0.4398795185458244,49.49517626372298,22.738120371911297,368.73702608464754,192.642936710883,10.150915620752901,2.8256665557872007,387.77791723970734,202.60303151096977,240.0,0.0,0.0,0.0,0.2922871251086598,1.000450692569626,1.8290859546537779,0.21790344993075364,17.621160223522892,6.895217576545241,2714.2638026238196,2615.7049624705096,24.209693076325753,16.267616799073387,2860.036885147324,2756.252992590189,960.0,0.0,0.0,0.0,1.024933288722193,0.8701534674739039,2.447563809746464,0.5458518989915792,54.172323622366,26.205802423828924,1099200.0,907200.0,190800.0,192000.0,165600.0,1072800.0,85824000.0,165600.0,190800.0,1.0,0.0,0.24085220125786164,0.0010692312028977328,1.0,0.0,0.0,0.0,45.1676501435425,3.8814443757327663,45.1676501435425,3.8814443757327663,0.0,0.0,24191.288714048533,22814.26579928406,-1.9941444427390909,0.2900307245846961,1.9941444427390909,0.2900307245846961,3.7802679573893956,0.19145762597541857,1.4300548447062353,0.28578549804792236,3.424199287445327,0.017029815387964393,,,,,,,,,,,5,1177.6561299955322,0.0,0.0,0.0,0.0,0.0
80,4,3,sample_ball,sample_ball,1.0,all,2.040988539950922,0.05259276162323209,0.8721728723640301,0.008257935477190517,1.9856214802055405,0.07200891201188668,0.29118045632709233,0.003924356809666954,2.070925304238683,0.07653334147101226,1200.0,0.0,0.0,0.0,-0.4574951062836489,0.0019710977014013283,0.45899570819158,0.0020981083483679677,0.8841833515111869,0.004069618962786161,1.9797563368006905,0.12605884702198558,0.2974148430178845,0.01009669063606794,2.0626631549730776,0.13389164001067247,240.0,0.0,0.0,0.0,-0.4468366076199321,0.00458285596582452,0.4489483773534323,0.004892260918556314,0.8721728723640301,0.008257935477190517,1.9856425852735662,0.09885901997787425,0.2896218596543943,0.005478199796563521,2.0714391054742096,0.10511864260377987,960.0,0.0,0.0,0.0,-0.46015973094957807,0.002944952438238011,0.461507540901117,0.002862555906861099,0.8871110171205421,0.005397256824014806,1099200.0,907200.0,190800.0,192000.0,165600.0,1072800.0,85824000.0,165600.0,190800.0,1.0,0.0,0.2393867924528302,0.0010618285660409787,0.2393867924528302,0.0010618285660409787,0.2393867924528302,0.0010618285660409787,19.59341796742448,0.20468992622979829,13.208343529357464,0.16397898015851745,0.0,0.0,52.34021681648234,0.27156413768965165,-3.153486352295414,0.01574991000422265,3.153486352295414,0.01574991000422265,3.213684092359584,0.013801426309499853,0.27071293514991285,0.002195340072323671,3.424199287445327,0.017029815387964393,,,,,,,,,,,5,0.0033601726613616883,0.0,1.0,0.0,1.0,1.0
80,4,3,sample_box,sample_box,1.0,all,2.0261341399978847,0.05867822303808895,0.8036980099922649,0.02467386323769115,5.915112171670992,0.1662388262427307,0.6203706467351054,0.015578324140198458,6.224639502391122,0.17526284918737017,1200.0,0.0,0.0,0.0,-0.36174420683026925,0.001986532884680112,0.40459035270631266,0.003730284810804878,0.8201355658067853,0.009131903001143273,5.974760568009822,0.7698658189461244,0.6443396210360077,0.049321382852480666,6.278437871037257,0.8105580755477946,240.0,0.0,0.0,0.0,-0.34774916222115093,0.012055644231238408,0.3904027544468397,0.00972566004362839,0.8036980099922649,0.02467386323769115,5.889041542537585,0.20355929074368148,0.6143784031598798,0.018131591035965726,6.199421124274312,0.2147302049149937,960.0,0.0,0.0,0.0,-0.3652429679825488,0.0049859591810304535,0.4081372522711808,0.0028950185594075954,0.8240952331269368,0.0070462377409911065,1099200.0,907200.0,190800.0,192000.0,165600.0,1072800.0,85824000.0,165600.0,190800.0,1.0,0.0,0.23698427672955974,0.0011959887513093286,1.0,0.0,1.0,0.0,22.586617673521072,0.271794399021324,22.586617673521072,0.271794399021324,0.0,0.0,43.39590944862185,0.14589026048467335,-2.427104671040137,0.013264594798139007,2.427104671040137,0.013264594798139007,2.8886288211855704,0.008732551239803158,0.9970946164051891,0.011738761085673172,3.424199287445327,0.017029815387964393,,,,,,,,,,,5,0.037956267091997696,0.4,1.0,0.0,1.0,1.0
80,4,3,shrink_c0.375,shrink,0.375,all,1.8898239799775183,0.12657671455452824,0.8851469725210978,0.011838521342430042,4.89379965072784,0.9893619817367888,0.36115952523522515,0.010571052943652928,5.146011062157696,1.043862805428822,1200.0,0.0,0.0,0.0,-0.4587455872621006,0.0033196099138071908,0.46265718056346794,0.0036512207013763547,0.8934591896132001,0.008330529656016545,3.0676244545131017,1.052402468842887,0.3526985765822701,0.0441278455171524,3.212570535518843,1.110132438606621,240.0,0.0,0.0,0.0,-0.44942490946409996,0.008783726799897635,0.45336814461165326,0.0045597353960018785,0.8851469725210978,0.011838521342430042,5.251426916955542,1.0266733379410231,0.3632747623984639,0.01078702899256448,5.525338057071653,1.0834616109820345,960.0,0.0,0.0,0.0,-0.4610757567116007,0.005939047686830737,0.4649794395514216,0.005472552019694348,0.8954705874660245,0.01071901817874934,1099200.0,907200.0,190800.0,192000.0,165600.0,1072800.0,85824000.0,165600.0,190800.0,1.0,0.0,0.2382348008385744,0.001086268247722969,1.0,0.0,1.0,0.0,20.070182368414457,0.22863300866373307,9.874145098179067,0.10395175546548183,0.0,0.0,50.63051015279585,0.31521526147273315,-3.0657725854406834,0.014174345753746856,3.0657725854406834,0.014174345753746856,3.150158399482606,0.014295149679650019,0.3584267020046427,0.004773816578843725,3.424199287445327,0.017029815387964393,,,,,,,,,,,5,0.011437103346183497,0.0,1.0,0.0,1.0,1.0
80,4,3,z_only_box,z_only_box,1.0,all,1.9930720999836922,0.1115331621331642,0.8599708635046234,0.02469155023475532,8.058261374473494,0.5818968465764316,0.7053886464076597,0.029937683876327347,8.483040541012086,0.6133691346977055,1200.0,0.0,0.0,0.0,-0.349053620389271,0.0028635350457702543,0.41823221827074386,0.003984589296932816,0.8740113301599022,0.022856262289603062,7.954651589008812,2.1066107991560052,0.7335011666645932,0.0920603563752251,8.361453997614076,2.2165818912852604,240.0,0.0,0.0,0.0,-0.3309312180665745,0.01771378743751415,0.4066131562136223,0.0072918475431378105,0.8599708635046234,0.02469155023475532,8.033321425686793,0.5681421009883485,0.6983605163434262,0.02789831958603168,8.459915314204926,0.5991483714611504,960.0,0.0,0.0,0.0,-0.35358422096994513,0.0074737763202291285,0.4211369837850243,0.0035368379085087276,0.877297752410733,0.028581996572354027,1099200.0,907200.0,190800.0,192000.0,165600.0,1072800.0,85824000.0,165600.0,190800.0,1.0,0.0,0.23698427672955974,0.0011959887513093286,1.0,0.0,1.0,0.0,22.746655517912608,0.25242156814063177,22.746401250973168,0.2524394851553245,0.0,0.0,43.84410240277619,0.14513462123816626,-2.4184462008987913,0.013674470322604953,2.4184462008987913,0.013674470322604953,2.897950128928865,0.008585215431073167,1.0057530865465354,0.011559216889696454,3.424199287445327,0.017029815387964393,,,,,,,,,,,5,0.06945922590034852,0.0,1.0,0.0,0.8,0.8
80,4,3,z_zero,z_zero,0.0,all,1.9731261999811978,0.10736620662172024,0.913529053318415,0.0017566745346534645,1.1912936613982963,0.002945515546901097,0.21294890494687743,0.0005133142302531441,1.2173958746179712,0.0031782586572706656,1200.0,0.0,0.0,0.0,-0.4857902210495702,0.0002989258946547577,0.4858199736096461,0.00029324797118806487,0.9192435368480456,0.0005426959654964911,1.1900378416248878,0.005373546575036497,0.21607520749129866,0.0010822063862490916,1.2157116792058156,0.005767971823380201,240.0,0.0,0.0,0.0,-0.4797044620430963,0.0012144866860413215,0.4797573105697002,0.0011911047909937327,0.913529053318415,0.0017566745346534645,1.1916119195315686,0.003261562673616631,0.21216732931077215,0.0005928162527166612,1.2178247846866066,0.003494177712683457,960.0,0.0,0.0,0.0,-0.48731166080118876,0.00043653937934866696,0.4873356393696325,0.00043953723692078794,0.9206479442006475,0.0007665608590657882,1099200.0,907200.0,190800.0,192000.0,165600.0,1072800.0,85824000.0,165600.0,190800.0,1.0,0.0,0.23208280922431865,0.0011530791397912205,1.0,0.0,1.0,0.0,19.29445816753539,0.1989462881405116,24.37121495093491,0.23572106957132413,0.0,0.0,57.96981278501793,0.38205629002789027,-3.424199287445327,0.017029815387964393,3.424199287445327,0.017029815387964393,3.424199287445327,0.017029815387964393,0.0,0.0,3.424199287445327,0.017029815387964393,,,,,,,,,,,5,0.0,0.0,1.0,0.0,0.0,0.0
80,4,6,f_zero,f_zero,0.0,all,3.6821609599515797,0.06858361615678672,0.9141775544741207,0.00018427392791631493,0.9534498370436593,0.00024259892994334407,0.17114647668570765,7.372460728028487e-05,0.9571245209037258,0.0002617969958101528,1200.0,0.0,0.0,0.0,-0.48578236066585684,0.00011282757402445836,0.48578250024013625,0.00011282297309430408,0.919212038650214,0.0001582164019396625,0.9434776451926679,0.001165312294576219,0.17120942719917703,0.00020936465201940372,0.9465357040186138,0.0012813277872721425,240.0,0.0,0.0,0.0,-0.4803182467266316,0.00016746985215702916,0.4803189445980288,0.00016719725228579466,0.9141775544741207,0.00018427392791631493,0.9559809092227141,0.0002143559839302219,0.1711307390573403,7.684406330266492e-05,0.9598211494719454,0.00023118527626275664,960.0,0.0,0.0,0.0,-0.4871483891506633,0.00012673512877559094,0.4871483891506633,0.00012673512877559094,0.9204502719283129,0.00016974987307615363,1556400.0,1555200.0,0.0,1200.0,0.0,1555200.0,124416000.0,0.0,0.0,0.0,0.0,0.0,0.0,0.0,0.0,0.0,0.0,0.0,0.0,0.0,0.0,0.0,0.0,,,,,,,,,,,,,,,,,,,,,,,5,0.0,0.0,1.0,0.0,0.0,0.0
80,4,6,raw,raw,1.0,all,41.03774847998284,3.881498793502597,2.7700575605496116,0.8671400388478389,184.26026478147867,177.731549402315,3.5273793237178586,1.3841097802309936,194.0632363781014,187.19847292764794,1200.0,0.0,0.0,0.0,0.05981698837149707,0.20239975661793838,0.8493592285445464,0.19165991289403608,8.776700426771704,6.767493426878043,73.40325303707452,32.98327501727722,3.00690275291398,0.6252202330697488,77.19627170705704,34.691295869001,240.0,0.0,0.0,0.0,-0.06913143050787549,0.026262231499918885,0.6814524532581214,0.054369491531845685,2.7700575605496116,0.8671400388478389,196.84545005493206,206.17609684974823,3.657498466418828,1.7928089405008132,207.39546583842034,217.2419241668723,960.0,0.0,0.0,0.0,0.09205409309134023,0.24844384256605653,0.8913359223661528,0.23738902093409286,9.632653566891994,7.656066478836196,14746800.0,13478400.0,1267200.0,1268400.0,1173600.0,14652000.0,1172160000.0,1173600.0,1267200.0,0.9999995265151516,7.058295383588051e-07,0.2071254734848485,0.0014603692038134975,0.9999995265151516,7.058295383588051e-07,0.0,0.0,10.994210234162576,0.28180452217016266,10.994210234162576,0.28180452217016266,0.0,0.0,133.38240105251936,126.0336940811237,-2.25454348544407,0.022449005129897434,2.25454348544407,0.022449005129897434,2.878620595090435,0.0166301475475739,1.0544724896283593,0.0159745458298414,3.309015975072428,0.031053984184124184,,,,,,,,,,,5,46.73285612231214,0.0,0.0,0.0,0.0,0.0
80,4,6,sample_box,sample_box,1.0,all,41.06773245995864,4.270826968027517,0.7694847076436193,0.01821227960055646,3.2334016880310217,0.10630534414305173,0.38958101170626713,0.007900042014942231,3.3957419165710947,0.11229097107920247,1200.0,0.0,0.0,0.0,-0.3641226305178646,0.005277568174888648,0.3932671998477537,0.004400931541203956,0.7914125389431528,0.007702258348080723,3.3846695751244837,0.20427601232713835,0.4089087198911788,0.01820240057262394,3.5509685659493258,0.2154935699422702,240.0,0.0,0.0,0.0,-0.3488024047897186,0.008389561156130286,0.37598978291621893,0.009173866476003717,0.7694847076436193,0.01821227960055646,3.192697778016151,0.10372824972672627,0.38474908466003926,0.0067684094961169275,3.353811975729826,0.10960402135216062,960.0,0.0,0.0,0.0,-0.36795268694990113,0.004566895145825023,0.3975865540806375,0.0034703973700938623,0.7967123639276021,0.005464400753780483,14746800.0,13478400.0,1267200.0,1268400.0,1173600.0,14652000.0,1172160000.0,1173600.0,1267200.0,0.9999996843434344,7.058295383681147e-07,0.2051988636363636,0.0014935064701052344,0.9999996843434344,7.058295383681147e-07,0.9999996843434344,7.058295383681147e-07,9.83319748435682,0.11234179746117229,9.83319748435682,0.11234179746117229,0.0,0.0,40.91121830719273,0.29579114945631935,-2.330752343595731,0.02069360827951229,2.330752343595731,0.02069360827951229,2.7486925703974827,0.017424606655279593,0.9782636314766979,0.012258865010581623,3.309015975072428,0.031053984184124184,,,,,,,,,,,5,0.0120146352200769,1.0,1.0,0.0,1.0,1.0
80,4,6,z_zero,z_zero,0.0,all,39.28773254002444,6.28944024993487,0.9141775544741207,0.00018427392791631493,0.9534498370436593,0.00024259892994334407,0.17114647668570765,7.372460728028487e-05,0.9571245209037258,0.0002617969958101528,1200.0,0.0,0.0,0.0,-0.48578236066585684,0.00011282757402445836,0.48578250024013625,0.00011282297309430408,0.919212038650214,0.0001582164019396625,0.9434776451926679,0.001165312294576219,0.17120942719917703,0.00020936465201940372,0.9465357040186138,0.0012813277872721425,240.0,0.0,0.0,0.0,-0.4803182467266316,0.00016746985215702916,0.4803189445980288,0.00016719725228579466,0.9141775544741207,0.00018427392791631493,0.9559809092227141,0.0002143559839302219,0.1711307390573403,7.684406330266492e-05,0.9598211494719454,0.00023118527626275664,960.0,0.0,0.0,0.0,-0.4871483891506633,0.00012673512877559094,0.4871483891506633,0.00012673512877559094,0.9204502719283129,0.00016974987307615363,14746800.0,13478400.0,1267200.0,1268400.0,1173600.0,14652000.0,1172160000.0,1173600.0,1267200.0,0.9999996843434344,4.322305535724502e-07,0.20027099116161615,0.0014357065129891081,1.0,0.0,1.0,0.0,9.114247531497668,0.10507686768612981,12.673067373967774,0.13893713440448935,0.0,0.0,55.86062187215687,0.6340081591743146,-3.309015975072428,0.031053984184124184,3.309015975072428,0.031053984184124184,3.309015975072428,0.031053984184124184,0.0,0.0,3.309015975072428,0.031053984184124184,,,,,,,,,,,5,0.0,0.0,1.0,0.0,0.0,0.0
80,5,2,batch_box,batch_box,1.0,all,1.901281650015153,0.055941245001765165,0.8774400718985207,0.00774643265046403,2.1938663398574554,0.059854075108788235,0.33174748663505055,0.0033885918045173454,2.291891985286992,0.06366888798850258,1200.0,0.0,0.0,0.0,-0.4656384336124872,0.002618001247520361,0.46696938968365204,0.0021780953006403543,0.892596186520875,0.004258758226718163,2.227536606045798,0.16537248997162485,0.33904155690327914,0.008931108274632827,2.3252224601321214,0.17522409922111162,240.0,0.0,0.0,0.0,-0.4550377992182392,0.0042050895093275415,0.4560252760552558,0.003777788216661659,0.8774400718985207,0.00774643265046403,2.1838282200049073,0.06383176387804981,0.3299239690679934,0.0032460222984894544,2.28180895505261,0.06788175419942574,960.0,0.0,0.0,0.0,-0.4682885922110492,0.002563105199087932,0.46970541809075106,0.00207265065345225,0.896291211834329,0.004435586175825905,1158000.0,854400.0,302400.0,303600.0,247200.0,1101600.0,88128000.0,247200.0,302400.0,1.0,0.0,0.2155982142857143,0.0015932470055066551,1.0,0.0,1.0,0.0,27.108768304838367,0.3238638657496205,27.108768304838367,0.3238638657496205,0.0,0.0,43.02643116964619,0.5792521343168783,-2.6274389203519477,0.029044486691456324,2.6274389203519477,0.029044486691456324,2.6923910594401774,0.029120748209924083,0.27547580066110805,0.003673725507259228,2.9029147210130555,0.030008996039006034,0.739488915395878,0.001974922272722904,0.9995,0.0,0.0948,0.00105934990547138,0.9995,0.0,0.34128479853479854,0.002333813961216782,10,0.003832795984734358,0.0,1.0,1.0,1.0,1.0
80,5,2,box_factor_a0.5,box_factor,0.5,all,1.7453316399827599,0.08938018690473853,0.8438494385701258,0.018529351905951806,3.62825617327855,0.15927492985941613,0.4584815701235846,0.008791481907380765,3.81104354007451,0.1682753568871386,1200.0,0.0,0.0,0.0,-0.4344249255828293,0.00512557766797859,0.441764201580256,0.004549234435746019,0.8628510891225488,0.011347940971125844,3.79733085431016,0.4613487108646279,0.47474195498516164,0.02111442447437306,3.9842646304222553,0.48630568573797217,240.0,0.0,0.0,0.0,-0.42128390279165356,0.00851133572053261,0.42788825206178444,0.006186543967401175,0.8438494385701258,0.018529351905951806,3.57623576984978,0.19358739531409952,0.45441647390819034,0.00995747957469177,3.757330348371132,0.20454539406325176,960.0,0.0,0.0,0.0,-0.4377101812806233,0.005098274607982348,0.44523318895987396,0.00473520647110367,0.8674427343313245,0.011872206855499196,1158000.0,854400.0,302400.0,303600.0,247200.0,1101600.0,88128000.0,247200.0,302400.0,1.0,0.0,0.2163253968253968,0.0015961296734479976,1.0,0.0,1.0,0.0,28.38864701268007,0.3495455427821046,30.986506273066,0.3751200325213793,0.0,0.0,38.66971888725799,0.520375464333764,-2.367126689213213,0.028209719261053725,2.367126689213213,0.028209719261053725,2.5333480758990357,0.028200605929384257,0.5357880317998429,0.0076516491376661675,2.9029147210130555,0.030008996039006034,,,,,,,,,,,10,0.01515064829739149,1.0,1.0,1.0,1.0,1.0
80,5,2,f_zero,f_zero,0.0,all,0.039959560008719565,0.00389526410023699,0.9131611285588722,0.002453918936572206,1.4991821809509387,0.005275766486337441,0.25784716992833917,0.0006802699737978913,1.5495681535065462,0.005617148826772754,1200.0,0.0,0.0,0.0,-0.4854699598317909,0.0006079769769435722,0.4855470333580514,0.0006332516029812941,0.9190683462507655,0.0010774024688669337,1.5057434583455258,0.013525883314042404,0.26282788230368953,0.0017150337037324396,1.555465328339311,0.014370735879127466,240.0,0.0,0.0,0.0,-0.4792694753429972,0.0014580945328677105,0.4793816393380269,0.0014584287901879343,0.9131611285588722,0.002453918936572206,1.497488623501947,0.0054720955852979826,0.25660199183450155,0.0006813302675815522,1.5480384099306532,0.005824343864206087,960.0,0.0,0.0,0.0,-0.48702008095398935,0.0006591486772494616,0.4870883818630576,0.0006769382871429037,0.9205197464937458,0.0011124494751935422,39600.0,38400.0,0.0,1200.0,0.0,38400.0,3072000.0,0.0,0.0,0.0,0.0,0.0,0.0,0.0,0.0,0.0,0.0,0.0,0.0,0.0,0.0,0.0,0.0,,,,,,,,,,,,,,,,,,,,,,,10,0.0,0.0,1.0,0.9,0.0,0.0
80,5,2,raw,raw,1.0,all,1.6757881900528446,0.039315836210926325,400606693.5776751,1261967672.8651648,3028233237.4904604,8872810265.382242,15349816.251524907,44804676.91210172,3189137458.618141,9344153335.209131,1200.0,0.0,0.0,0.0,3248693.15057169,10457109.792654442,3390142.4394595907,10407306.224906543,182393220.63739267,560114548.5369563,6282916173.921439,19782460215.24668,71593154.47259055,225368098.28478736,6606804223.99131,20802254145.24302,240.0,0.0,0.0,0.0,16558867.950297365,52161979.71896656,16559321.701053306,52162600.92090254,400606693.5776751,1261967672.8651648,217684491.8861084,621324034.0452818,1288981.696258493,3647794.0698942617,229375745.08525667,654693953.3886613,960.0,0.0,0.0,0.0,-78850.5493597271,281999.84776556824,97847.62406116008,275798.7376651073,4661917.301619389,13275886.672975395,1158000.0,854400.0,302400.0,303600.0,247200.0,1101600.0,88128000.0,247200.0,302400.0,1.0,0.0,0.22189318783068784,0.0015809885496738407,1.0,0.0,0.0,0.0,11978328.236839639,28150445.414196555,11978328.236839639,28150445.414196555,0.0,0.0,1.3731374742890658e+17,4.3309522148383194e+17,204699.94987766858,677275.6910168711,225191.15475341087,670010.8944212839,225258.19167675957,670024.5250484213,204702.85279238975,677275.6905775806,2.9029147210130555,0.030008996039006034,,,,,,,,,,,10,1.3048939973305442e+17,0.0,0.0,0.0,0.0,0.0
80,5,2,sample_ball,sample_ball,1.0,all,1.7664010300301016,0.05150137557433067,0.8846984190790342,0.011637207041246989,2.7846422950503946,0.1253739433201515,0.37726110578945715,0.007201066175097548,2.9180753705783533,0.13274521171491643,1200.0,0.0,0.0,0.0,-0.4619957183596207,0.0022617017114404596,0.4649077425252696,0.00230487436880745,0.8964672675069816,0.005079826631142696,2.795059556300875,0.3336796285348478,0.3870709170698027,0.01775309313614734,2.925393326036896,0.3523744237471658,240.0,0.0,0.0,0.0,-0.45218375473822975,0.00522111003513978,0.45467396530748266,0.004698513321551284,0.8846984190790342,0.011637207041246989,2.7755971694999895,0.17511993916483123,0.3748086529693708,0.009382416020089726,2.9093760911745945,0.18557577567242972,960.0,0.0,0.0,0.0,-0.4644487092649684,0.0022568966718511507,0.4674661868297164,0.0019727012391041205,0.899336650581057,0.004637422389166903,1158000.0,854400.0,302400.0,303600.0,247200.0,1101600.0,88128000.0,247200.0,302400.0,1.0,0.0,0.22053174603174602,0.0016031026918134931,0.22053174603174602,0.0016031026918134931,0.22053174603174602,0.0016031026918134931,27.112326465468293,0.31635030202919584,20.09336258049766,0.2582440232572446,0.0,0.0,44.026155935790484,0.590961098246366,-2.675355241834762,0.029328842420102565,2.675355241834762,0.029328842420102565,2.723659199313052,0.02908688683682888,0.22755947917829328,0.004100818149749634,2.9029147210130555,0.030008996039006034,,,,,,,,,,,10,0.008303824487580002,0.0,1.0,1.0,1.0,1.0
80,5,2,sample_box,sample_box,1.0,all,1.7217413300182671,0.033052249156990635,0.9494107850768527,0.10571536324087705,10.862654945224971,0.43417548902474873,1.0954222834797602,0.03350349626644343,11.437609210863787,0.4574376287536461,1200.0,0.0,0.0,0.0,-0.3273249748207913,0.013740248517411372,0.4373843564859623,0.00810754992065248,0.950793479981692,0.03717205467473461,10.98438118172625,0.8688111927865486,1.1280232844335487,0.06878876462080766,11.548705764242749,0.9136644901471519,240.0,0.0,0.0,0.0,-0.2992038432822252,0.01948751497641158,0.42403213908963666,0.024674802756328534,0.9494107850768527,0.10571536324087705,10.82435483069286,0.46017141823993374,1.087272033241313,0.032920386286436974,11.401588127102576,0.48501090862968566,960.0,0.0,0.0,0.0,-0.33435525770543284,0.014819442641191762,0.44072241083504365,0.005994678356233539,0.9502793086569211,0.027771181823992887,1158000.0,854400.0,302400.0,303600.0,247200.0,1101600.0,88128000.0,247200.0,302400.0,1.0,0.0,0.217510582010582,0.0015957946894994135,1.0,0.0,1.0,0.0,34.7259010729743,0.5503901120196452,34.7259010729743,0.5503901120196452,0.0,0.0,34.403518656277505,0.4365704456428077,-1.882515190100841,0.0267680087879555,1.882515190100841,0.0267680087879555,2.3627884456485786,0.024622792783905088,1.020399530912215,0.014736980908029256,2.9029147210130555,0.030008996039006034,,,,,,,,,,,10,0.16265277893854177,0.0,1.0,0.0,0.1,0.1
80,5,2,shrink_c0.1,shrink,0.1,all,1.703615259961225,0.09191675607276882,0.906919809165068,0.004153291265682251,1.6067473901653948,0.0733816821339526,0.2689665730026879,0.0016140309678093641,1.665152660500425,0.07842653046500846,1200.0,0.0,0.0,0.0,-0.4814401149377712,0.0005693121408035397,0.48154619114675423,0.0005882581011609504,0.9138032389112551,0.0012845695866611291,1.5962190505693683,0.028734261252112432,0.27443124345664627,0.002953366712090635,1.6526097931771129,0.030525713639663797,240.0,0.0,0.0,0.0,-0.4747589755880952,0.0022364924165943784,0.4748801682491635,0.002212966758761427,0.906919809165068,0.004153291265682251,1.6090782383093187,0.08828680905057695,0.2676004053891983,0.0017991763670292752,1.6679712199926864,0.0943871592781318,960.0,0.0,0.0,0.0,-0.4831103997751902,0.0008113243318743012,0.483212696871152,0.0008285761712971611,0.915491818458103,0.00153272288036569,1158000.0,854400.0,302400.0,303600.0,247200.0,1101600.0,88128000.0,247200.0,302400.0,1.0,0.0,0.21619113756613756,0.0015636836318557062,1.0,0.0,1.0,0.0,26.566314806368553,0.3101161025280612,25.991246281864875,0.2910606394903732,0.0,0.0,46.33520589413462,0.6216872735109852,-2.808917902149294,0.029163908591810762,2.808917902149294,0.029163908591810762,2.8153239744452403,0.029261901532020226,0.09399681886376199,0.0019971201815917076,2.9029147210130555,0.030008996039006034,,,,,,,,,,,10,0.00043387131711887685,0.0,1.0,0.9,1.0,1.0
80,5,2,z_only_box,z_only_box,1.0,all,1.7627781100338324,0.041711035151348164,1.7877533066020153,1.0698317475611807,24.753577256065572,4.717995964894586,1.6326874472779849,0.11443575085709981,26.068240411175744,4.968646409706178,1200.0,0.0,0.0,0.0,-0.2958398623050368,0.029868373450574793,0.521303036813174,0.026880493379958608,1.594906673352293,0.3512943402722885,28.61736590085881,14.787020989237062,1.7669511716915072,0.32609070444497407,30.09242431988319,15.549330293915574,240.0,0.0,0.0,0.0,-0.247473054434418,0.08363688899270734,0.5271943945406969,0.08433532280822488,1.7877533066020153,1.0698317475611807,22.755320427323916,4.361402840061553,1.5991215161746044,0.11838274668210738,23.972900551660423,4.595070512452152,960.0,0.0,0.0,0.0,-0.30793156427269147,0.02947974110473702,0.5198301973812932,0.022803792191391295,1.4814455524086072,0.28346116416850925,1158000.0,854400.0,302400.0,303600.0,247200.0,1101600.0,88128000.0,247200.0,302400.0,1.0,0.0,0.21754464285714287,0.001601245771996018,1.0,0.0,1.0,0.0,36.75824811993925,1.0051205212749903,36.756965160785356,1.0048467504653391,0.0,0.0,35.77557293874004,0.5789882716729772,-1.8633985854719903,0.02664369152659309,1.8633985854719903,0.02664369152659309,2.3863905590914056,0.025688174900065218,1.0395161355410651,0.015498151726997115,2.9029147210130555,0.030008996039006034,,,,,,,,,,,10,0.8613493249150985,0.0,1.0,0.0,0.0,0.0
80,5,2,z_zero,z_zero,0.0,all,1.6957740599522366,0.044930932858139434,0.9131611285588722,0.002453918936572206,1.4991821809509387,0.005275766486337441,0.25784716992833917,0.0006802699737978913,1.5495681535065462,0.005617148826772754,1200.0,0.0,0.0,0.0,-0.4854699598317909,0.0006079769769435722,0.4855470333580514,0.0006332516029812941,0.9190683462507655,0.0010774024688669337,1.5057434583455258,0.013525883314042404,0.26282788230368953,0.0017150337037324396,1.555465328339311,0.014370735879127466,240.0,0.0,0.0,0.0,-0.4792694753429972,0.0014580945328677105,0.4793816393380269,0.0014584287901879343,0.9131611285588722,0.002453918936572206,1.497488623501947,0.0054720955852979826,0.25660199183450155,0.0006813302675815522,1.5480384099306532,0.005824343864206087,960.0,0.0,0.0,0.0,-0.48702008095398935,0.0006591486772494616,0.4870883818630576,0.0006769382871429037,0.9205197464937458,0.0011124494751935422,1158000.0,854400.0,302400.0,303600.0,247200.0,1101600.0,88128000.0,247200.0,302400.0,1.0,0.0,0.21120006613756614,0.0016001095745621441,1.0,0.0,1.0,0.0,26.43774223648756,0.30561523841810734,31.931611110504615,0.3543099348777989,0.0,0.0,48.837823632673505,0.6615868547673833,-2.9029147210130555,0.030008996039006034,2.9029147210130555,0.030008996039006034,2.9029147210130555,0.030008996039006034,0.0,0.0,2.9029147210130555,0.030008996039006034,,,,,,,,,,,10,0.0,0.0,1.0,0.9,0.0,0.0
