d,n,M,method,method_transform,method_factor,point_subset,wall_clock_seconds_mean,wall_clock_seconds_std,selection_value_relative_l2_mean,selection_value_relative_l2_std,all_full_state_relative_l2_mean,all_full_state_relative_l2_std,all_gradient_mae_mean,all_gradient_mae_std,all_gradient_relative_l2_mean,all_gradient_relative_l2_std,all_n_points_mean,all_n_points_std,all_nonfinite_state_fraction_mean,all_nonfinite_state_fraction_std,all_value_bias_mean,all_value_bias_std,all_value_mae_mean,all_value_mae_std,all_value_relative_l2_mean,all_value_relative_l2_std,validation_full_state_relative_l2_mean,validation_full_state_relative_l2_std,validation_gradient_mae_mean,validation_gradient_mae_std,validation_gradient_relative_l2_mean,validation_gradient_relative_l2_std,validation_n_points_mean,validation_n_points_std,validation_nonfinite_state_fraction_mean,validation_nonfinite_state_fraction_std,validation_value_bias_mean,validation_value_bias_std,validation_value_mae_mean,validation_value_mae_std,validation_value_relative_l2_mean,validation_value_relative_l2_std,test_full_state_relative_l2_mean,test_full_state_relative_l2_std,test_gradient_mae_mean,test_gradient_mae_std,test_gradient_relative_l2_mean,test_gradient_relative_l2_std,test_n_points_mean,test_n_points_std,test_nonfinite_state_fraction_mean,test_nonfinite_state_fraction_std,test_value_bias_mean,test_value_bias_std,test_value_mae_mean,test_value_mae_std,test_value_relative_l2_mean,test_value_relative_l2_std,terminal_g_evals_mean,terminal_samples_mean,f_evals_mean,recursively_evaluated_states_mean,transition_samples_mean,total_stochastic_samples_mean,standard_normal_variates_mean,time_uniform_variates_mean,correction_opportunities_mean,pre_box_violation_rate_mean,pre_box_violation_rate_std,pre_ball_violation_rate_mean,pre_ball_violation_rate_std,method_geometry_violation_rate_mean,method_geometry_violation_rate_std,projection_activation_rate_mean,projection_activation_rate_std,mean_box_overshoot_energy_mean,mean_box_overshoot_energy_std,mean_method_overshoot_energy_mean,mean_method_overshoot_energy_std,nonfinite_generator_values_mean,nonfinite_generator_values_std,generator_mse_mean,generator_mse_std,generator_bias_mean,generator_bias_std,generator_absolute_bias_mean,generator_absolute_bias_std,generator_mae_mean,generator_mae_std,generator_mean_estimate_mean,generator_mean_estimate_std,generator_mean_truth_mean,generator_mean_truth_std,batch_alpha_mean_mean,batch_alpha_mean_std,batch_alpha_median_mean,batch_alpha_median_std,batch_alpha_p10_mean,batch_alpha_p10_std,batch_alpha_p90_mean,batch_alpha_p90_std,batch_alpha_activation_rate_mean,batch_alpha_activation_rate_std,repetitions,nonlinear_correction_variance,method_win_fraction,paired_win_fraction_vs_raw,paired_win_fraction_vs_sample_box,paired_win_fraction_vs_z_zero,paired_win_fraction_vs_f_zero
20,2,2,box_factor_a0.875,box_factor,0.875,validation,0.008113199922566613,0.0005578441612882816,0.6807581541191053,0.019551485386556548,2.5970253258689664,0.09360907815765294,0.5647699371824105,0.009487381717140649,2.8519100573515774,0.10331342316332993,240.0,0.0,0.0,0.0,-0.2928011953030797,0.010564100199545401,0.3207790203240551,0.007244688647625831,0.6807581541191053,0.019551485386556548,2.5970253258689664,0.09360907815765294,0.5647699371824105,0.009487381717140649,2.8519100573515774,0.10331342316332993,240.0,0.0,0.0,0.0,-0.2928011953030797,0.010564100199545401,0.3207790203240551,0.007244688647625831,0.6807581541191053,0.019551485386556548,,,,,,,0.0,0.0,,,,,,,,,2640.0,1920.0,480.0,720.0,480.0,2400.0,48000.0,480.0,480.0,1.0,0.0,0.53125,0.015728821740147413,1.0,0.0,1.0,0.0,6.223511882255761,0.12341945794121817,6.465218274134851,0.12638928034848554,0.0,0.0,7.164251849582328,0.25672838996288877,-1.7874335358601232,0.027682739761149554,1.7874335358601232,0.027682739761149554,1.881200428832261,0.041652501624335606,0.5883898302211145,0.04234876860259803,2.375823366081238,0.06277716060298073,,,,,,,,,,,3,0.0245476606119775,,,,,
20,2,2,box_factor_a0.9,box_factor,0.9,validation,0.008283500093966722,0.00035772866536130346,0.6807978044603251,0.02016095676026158,2.624069706407826,0.09729516609478991,0.5690544057577916,0.009944884194331297,2.8819788550633305,0.10737264591574121,240.0,0.0,0.0,0.0,-0.29111417692712077,0.010747806370396658,0.32044036466436315,0.007434272104332899,0.6807978044603251,0.02016095676026158,2.624069706407826,0.09729516609478991,0.5690544057577916,0.009944884194331297,2.8819788550633305,0.10737264591574121,240.0,0.0,0.0,0.0,-0.29111417692712077,0.010747806370396658,0.32044036466436315,0.007434272104332899,0.6807978044603251,0.02016095676026158,,,,,,,0.0,0.0,,,,,,,,,2640.0,1920.0,480.0,720.0,480.0,2400.0,48000.0,480.0,480.0,1.0,0.0,0.53125,0.015728821740147413,1.0,0.0,1.0,0.0,6.223511882255761,0.12341945794121817,6.415478175208278,0.1257652597893153,0.0,0.0,7.116998592417889,0.2603059946703955,-1.7745383559487722,0.027078903637679137,1.7745383559487722,0.027078903637679137,1.872722891878107,0.042519903933045,0.6012850101324658,0.04326469565355681,2.375823366081238,0.06277716060298073,,,,,,,,,,,3,0.025730416922319477,,,,,
20,2,2,shrink_c0.375,shrink,0.375,validation,0.008169200038537383,0.0010456046352128807,0.7391599450316613,0.011621432341198057,2.271733054685882,0.09574947565562478,0.4970360480525951,0.008645495860354463,2.48616802468411,0.10627690756203059,240.0,0.0,0.0,0.0,-0.33609640391088097,0.012608389106068273,0.3546088480677534,0.00420508118913396,0.7391599450316613,0.011621432341198057,2.271733054685882,0.09574947565562478,0.4970360480525951,0.008645495860354463,2.48616802468411,0.10627690756203059,240.0,0.0,0.0,0.0,-0.33609640391088097,0.012608389106068273,0.3546088480677534,0.00420508118913396,0.7391599450316613,0.011621432341198057,,,,,,,0.0,0.0,,,,,,,,,2640.0,1920.0,480.0,720.0,480.0,2400.0,48000.0,480.0,480.0,1.0,0.0,0.53125,0.015728821740147413,1.0,0.0,1.0,0.0,6.223511882255761,0.12341945794121817,3.4231411146863437,0.06213169953463879,0.0,0.0,9.243422449931865,0.3796252074643694,-2.125488914383346,0.03807190239343982,2.125488914383346,0.03807190239343982,2.185848232150883,0.06062062083750473,0.2503344516978913,0.025962032674925833,2.375823366081238,0.06277716060298073,,,,,,,,,,,3,0.01836260969548264,,,,,
20,2,2,shrink_c0.625,shrink,0.625,validation,0.007724266654501359,0.0017091618480619924,0.7693978742454405,0.0403862074740466,2.787181555191358,0.24380987750168118,0.5589700101434304,0.019274277672299205,3.058615303560193,0.26906412247220046,240.0,0.0,0.0,0.0,-0.31352548986579504,0.018274690346485774,0.3554881473808738,0.0053792381039391305,0.7693978742454405,0.0403862074740466,2.787181555191358,0.24380987750168118,0.5589700101434304,0.019274277672299205,3.058615303560193,0.26906412247220046,240.0,0.0,0.0,0.0,-0.31352548986579504,0.018274690346485774,0.3554881473808738,0.0053792381039391305,0.7693978742454405,0.0403862074740466,,,,,,,0.0,0.0,,,,,,,,,2640.0,1920.0,480.0,720.0,480.0,2400.0,48000.0,480.0,480.0,1.0,0.0,0.53125,0.015728821740147413,1.0,0.0,1.0,0.0,6.223511882255761,0.12341945794121817,1.2323308012870837,0.022367411832469934,0.0,0.0,9.098889584606491,0.6690321152926157,-1.9585992799180858,0.02318161705542318,1.9585992799180858,0.02318161705542318,2.1347193656290244,0.08582360663138562,0.4172240861631522,0.043270054458209736,2.375823366081238,0.06277716060298073,,,,,,,,,,,3,0.05100724915411841,,,,,
20,2,2,shrink_c0.875,shrink,0.875,validation,0.007252500004445513,0.0016310426427928611,0.8280501576816173,0.08832247665901236,3.4206538242504316,0.40713789328666805,0.6289897204557139,0.031157498032129388,3.759860939328313,0.44801507161172455,240.0,0.0,0.0,0.0,-0.2909545758207091,0.02405040711910372,0.36320513829512496,0.009123213719593374,0.8280501576816173,0.08832247665901236,3.4206538242504316,0.40713789328666805,0.6289897204557139,0.031157498032129388,3.759860939328313,0.44801507161172455,240.0,0.0,0.0,0.0,-0.2909545758207091,0.02405040711910372,0.36320513829512496,0.009123213719593374,0.8280501576816173,0.08832247665901236,,,,,,,0.0,0.0,,,,,,,,,2640.0,1920.0,480.0,720.0,480.0,2400.0,48000.0,480.0,480.0,1.0,0.0,0.53125,0.015728821740147413,1.0,0.0,1.0,0.0,6.223511882255761,0.12341945794121817,0.1369256445874537,0.0024852679813855416,0.0,0.0,9.50142755019421,1.1657164738504924,-1.7917096454528247,0.014981329141776158,1.7917096454528247,0.014981329141776158,2.1381558101251605,0.10182691558893604,0.5841137206284132,0.06057807624149353,2.375823366081238,0.06277716060298073,,,,,,,,,,,3,0.09997420834207212,,,,,
20,2,8,box_factor_a0.875,box_factor,0.875,validation,0.02425019994067649,0.005240213777686295,0.6223022467698566,0.010937652843703065,1.1042533164348287,0.026221628011487193,0.2596173731373849,0.006365090051764126,1.18462061869937,0.02975335489417661,240.0,0.0,0.0,0.0,-0.2953458893481331,0.003333939576951346,0.29656546331631034,0.0033180927539316284,0.6223022467698566,0.010937652843703065,1.1042533164348287,0.026221628011487193,0.2596173731373849,0.006365090051764126,1.18462061869937,0.02975335489417661,240.0,0.0,0.0,0.0,-0.2953458893481331,0.003333939576951346,0.29656546331631034,0.0033180927539316284,0.6223022467698566,0.010937652843703065,,,,,,,0.0,0.0,,,,,,,,,32880.0,30720.0,1920.0,2160.0,1920.0,32640.0,652800.0,1920.0,1920.0,1.0,0.0,0.37256944444444445,0.00394368635125017,1.0,0.0,1.0,0.0,1.138744472829065,0.009489276746345377,1.2339613295750336,0.01030969082555931,0.0,0.0,6.97411759271935,0.14539664733863844,-1.789222892578963,0.010841714171735647,1.789222892578963,0.010841714171735647,1.859559941479058,0.01863781788251742,0.6358049872886821,0.006257329080583768,2.425027879867645,0.00462374686498066,,,,,,,,,,,3,0.0033643183407898194,,,,,
20,2,8,box_factor_a0.9,box_factor,0.9,validation,0.026696566647539537,0.0008674853405652145,0.6203077452706314,0.011078437378999101,1.1148766935232748,0.02638881508714524,0.2616611012031097,0.0063506845931208915,1.1969382986661252,0.029928512286336997,240.0,0.0,0.0,0.0,-0.29387379021225835,0.0033932859064387554,0.29522848720490147,0.003397346148752598,0.6203077452706314,0.011078437378999101,1.1148766935232748,0.02638881508714524,0.2616611012031097,0.0063506845931208915,1.1969382986661252,0.029928512286336997,240.0,0.0,0.0,0.0,-0.29387379021225835,0.0033932859064387554,0.29522848720490147,0.003397346148752598,0.6203077452706314,0.011078437378999101,,,,,,,0.0,0.0,,,,,,,,,32880.0,30720.0,1920.0,2160.0,1920.0,32640.0,652800.0,1920.0,1920.0,1.0,0.0,0.37256944444444445,0.00394368635125017,1.0,0.0,1.0,0.0,1.138744472829065,0.009489276746345377,1.2138065035426007,0.01014608863275789,0.0,0.0,6.921516144961177,0.14728442836104627,-1.7768614072236553,0.010992395575314033,1.7768614072236553,0.010992395575314033,1.850277362286141,0.01893978293600734,0.6481664726439901,0.006405421178549519,2.425027879867645,0.00462374686498066,,,,,,,,,,,3,0.0035073181583243837,,,,,
20,2,8,shrink_c0.375,shrink,0.375,validation,0.023002366690586012,0.004673783318866253,0.7003927358646386,0.00675694379207136,0.906756570937333,0.01709515423653291,0.22001364468077725,0.004254034129266227,0.9463176811759167,0.01967809728142495,240.0,0.0,0.0,0.0,-0.34284429171106634,0.0019118017145975902,0.3429627066311938,0.0018709192159331307,0.7003927358646386,0.00675694379207136,0.906756570937333,0.01709515423653291,0.22001364468077725,0.004254034129266227,0.9463176811759167,0.01967809728142495,240.0,0.0,0.0,0.0,-0.34284429171106634,0.0019118017145975902,0.3429627066311938,0.0018709192159331307,0.7003927358646386,0.00675694379207136,,,,,,,0.0,0.0,,,,,,,,,32880.0,30720.0,1920.0,2160.0,1920.0,32640.0,652800.0,1920.0,1920.0,1.0,0.0,0.37256944444444445,0.00394368635125017,1.0,0.0,1.0,0.0,1.138744472829065,0.009489276746345377,0.9576361899726237,0.006602578177590946,0.0,0.0,8.846474320741327,0.08841673453436939,-2.1464292370817595,0.0032076910370618028,2.1464292370817595,0.0032076910370618028,2.156617898046576,0.0038101431661255736,0.2785986427858858,0.002325377483553234,2.425027879867645,0.00462374686498066,,,,,,,,,,,3,0.0009359378474205806,,,,,
20,2,8,shrink_c0.625,shrink,0.625,validation,0.02433199994266033,0.00012511002501192415,0.671965757051611,0.00906823608744652,1.0231827528917756,0.02575168265464423,0.24423770363147976,0.005679128853192552,1.0855919018368336,0.029214112247530018,240.0,0.0,0.0,0.0,-0.32184404880218315,0.002566326940285477,0.32246973643943144,0.002492261172054067,0.671965757051611,0.00906823608744652,1.0231827528917756,0.02575168265464423,0.24423770363147976,0.005679128853192552,1.0855919018368336,0.029214112247530018,240.0,0.0,0.0,0.0,-0.32184404880218315,0.002566326940285477,0.32246973643943144,0.002492261172054067,0.671965757051611,0.00906823608744652,,,,,,,0.0,0.0,,,,,,,,,32880.0,30720.0,1920.0,2160.0,1920.0,32640.0,652800.0,1920.0,1920.0,1.0,0.0,0.37256944444444445,0.00394368635125017,1.0,0.0,1.0,0.0,1.138744472829065,0.009489276746345377,0.3447490283901446,0.002376928143932848,0.0,0.0,7.934674885225614,0.11495101166269409,-1.9606968085578356,0.0029840096220496177,1.9606968085578356,0.0029840096220496177,2.004644796095691,0.010489317372502895,0.46433107130980966,0.003875629139255431,2.425027879867645,0.00462374686498066,,,,,,,,,,,3,0.002599827353946057,,,,,
20,2,8,shrink_c0.875,shrink,0.875,validation,0.022834766733770568,0.004385570607790609,0.647370547477886,0.011267359728068627,1.1885842372324626,0.03375953931059361,0.27498204332919385,0.006545032661917241,1.27765451464171,0.03788168029918245,240.0,0.0,0.0,0.0,-0.30084380589329995,0.0032250871870955168,0.30404222030420086,0.003055839247876338,0.647370547477886,0.011267359728068627,1.1885842372324626,0.03375953931059361,0.27498204332919385,0.006545032661917241,1.27765451464171,0.03788168029918245,240.0,0.0,0.0,0.0,-0.30084380589329995,0.0032250871870955168,0.30404222030420086,0.003055839247876338,0.647370547477886,0.011267359728068627,,,,,,,0.0,0.0,,,,,,,,,32880.0,30720.0,1920.0,2160.0,1920.0,32640.0,652800.0,1920.0,1920.0,1.0,0.0,0.37256944444444445,0.00394368635125017,1.0,0.0,1.0,0.0,1.138744472829065,0.009489276746345377,0.03830544759890495,0.0002641031271036431,0.0,0.0,7.338259227918812,0.16177828231624977,-1.7749643800339117,0.00351082689002723,1.7749643800339117,0.00351082689002723,1.8922188910292796,0.01848232655570463,0.6500634998337335,0.005425880794957579,2.425027879867645,0.00462374686498066,,,,,,,,,,,3,0.0050956616137342705,,,,,
20,2,24,box_factor_a0.875,box_factor,0.875,validation,0.1539995000542452,0.0021908108721503893,0.6027706750599421,0.007414118761764854,0.7986692145478371,0.01090588952105192,0.19412562976852396,0.004314002723567249,0.835787574764623,0.013807890099937083,240.0,0.0,0.0,0.0,-0.2865203874409381,0.0033758496198205428,0.2876760834228369,0.0030759605199578706,0.6027706750599421,0.007414118761764854,0.7986692145478371,0.01090588952105192,0.19412562976852396,0.004314002723567249,0.835787574764623,0.013807890099937083,240.0,0.0,0.0,0.0,-0.2865203874409381,0.0033758496198205428,0.2876760834228369,0.0030759605199578706,0.6027706750599421,0.007414118761764854,,,,,,,0.0,0.0,,,,,,,,,282480.0,276480.0,5760.0,6000.0,5760.0,282240.0,5644800.0,5760.0,5760.0,0.9986111111111112,0.0005208333333333037,0.12876157407407407,0.0024695125339527697,0.9987847222222221,0.0004593318248376166,0.9987847222222221,0.0004593318248376166,0.265853867970327,0.006748713073196744,0.3053066599966873,0.00778376325170934,0.0,0.0,6.784312529060199,0.1632067501157183,-1.76328411275223,0.04433643989883253,1.76328411275223,0.04433643989883253,1.8404249398263868,0.04249896241007074,0.6889889172038629,0.013169171261321718,2.452273029956093,0.055357490731080414,,,,,,,,,,,3,0.0016240325115237965,,,,,
20,2,24,box_factor_a0.9,box_factor,0.9,validation,0.15481213332774738,0.006299549828555243,0.6009744669304214,0.007506197551999242,0.8026142902762962,0.011261995943298839,0.19497273791601546,0.004382789969375127,0.8406732655741824,0.01422048373055301,240.0,0.0,0.0,0.0,-0.28524701990941104,0.003425550717802447,0.28646542272929926,0.003141463811113475,0.6009744669304214,0.007506197551999242,0.8026142902762962,0.011261995943298839,0.19497273791601546,0.004382789969375127,0.8406732655741824,0.01422048373055301,240.0,0.0,0.0,0.0,-0.28524701990941104,0.003425550717802447,0.28646542272929926,0.003141463811113475,0.6009744669304214,0.007506197551999242,,,,,,,0.0,0.0,,,,,,,,,282480.0,276480.0,5760.0,6000.0,5760.0,282240.0,5644800.0,5760.0,5760.0,0.9986111111111112,0.0005208333333333037,0.12876157407407407,0.0024695125339527697,0.9987847222222221,0.0004593318248376166,0.9987847222222221,0.0004593318248376166,0.265853867970327,0.006748713073196744,0.2966383984127789,0.007554764110261407,0.0,0.0,6.741315069854089,0.16189860419486946,-1.7523841519427021,0.04408282535363491,1.7523841519427021,0.04408282535363491,1.8321871785326858,0.0422925970468556,0.6998888780133905,0.013473825198284545,2.452273029956093,0.055357490731080414,,,,,,,,,,,3,0.0016781415172446854,,,,,
20,2,24,shrink_c0.375,shrink,0.375,validation,0.14873809988300005,0.000658819278521633,0.6882859889879983,0.004248713862263637,0.7336159460534564,0.0024341135149235824,0.17920653910483195,0.0017394549969344864,0.7432637241775429,0.0029736869041751576,240.0,0.0,0.0,0.0,-0.3382226342397668,0.00228480380671564,0.3382226342397668,0.00228480380671564,0.6882859889879983,0.004248713862263637,0.7336159460534564,0.0024341135149235824,0.17920653910483195,0.0017394549969344864,0.7432637241775429,0.0029736869041751576,240.0,0.0,0.0,0.0,-0.3382226342397668,0.00228480380671564,0.3382226342397668,0.00228480380671564,0.6882859889879983,0.004248713862263637,,,,,,,0.0,0.0,,,,,,,,,282480.0,276480.0,5760.0,6000.0,5760.0,282240.0,5644800.0,5760.0,5760.0,0.9986111111111112,0.0005208333333333037,0.12876157407407407,0.0024695125339527697,1.0,0.0,1.0,0.0,0.265853867970327,0.006748713073196744,0.41288038010071926,0.00957970110830652,0.0,0.0,8.741018227553399,0.21675490052059196,-2.153083590049459,0.04996403238986218,2.153083590049459,0.04996403238986218,2.160195997847786,0.05026229620532754,0.2991894399066339,0.006328283137294666,2.452273029956093,0.055357490731080414,,,,,,,,,,,3,0.00035129208983601695,,,,,
20,2,24,shrink_c0.625,shrink,0.625,validation,0.1523160000021259,0.009684253103399518,0.6529821351437697,0.006016126612831314,0.7629890677009842,0.005670127531794939,0.1868206473052428,0.0029215969027039683,0.7852246991381557,0.007619278944428796,240.0,0.0,0.0,0.0,-0.3148529350933536,0.003088192192562541,0.3150141601544742,0.0030690786635343987,0.6529821351437697,0.006016126612831314,0.7629890677009842,0.005670127531794939,0.1868206473052428,0.0029215969027039683,0.7852246991381557,0.007619278944428796,240.0,0.0,0.0,0.0,-0.3148529350933536,0.003088192192562541,0.3150141601544742,0.0030690786635343987,0.6529821351437697,0.006016126612831314,,,,,,,0.0,0.0,,,,,,,,,282480.0,276480.0,5760.0,6000.0,5760.0,282240.0,5644800.0,5760.0,5760.0,0.9986111111111112,0.0005208333333333037,0.12876157407407407,0.0024695125339527697,1.0,0.0,1.0,0.0,0.265853867970327,0.006748713073196744,0.1486369368362589,0.003448692398990347,0.0,0.0,7.7002172468634695,0.1931745050198651,-1.9536239634450367,0.04649949699158687,1.9536239634450367,0.04649949699158687,1.9845372983957947,0.04619487000341877,0.4986490665110564,0.010547138562157637,2.452273029956093,0.055357490731080414,,,,,,,,,,,3,0.0009758113606556026,,,,,
20,2,24,shrink_c0.875,shrink,0.875,validation,0.14379366665768126,0.003026488754620232,0.6204924356689482,0.0077512493834028225,0.8251900643178116,0.011563696938504144,0.20077292393308635,0.003943807396874914,0.8639046053090712,0.01467190365464893,240.0,0.0,0.0,0.0,-0.29148323594694053,0.0038921692751869084,0.2926664096148606,0.0038948984960117737,0.6204924356689482,0.0077512493834028225,0.8251900643178116,0.011563696938504144,0.20077292393308635,0.003943807396874914,0.8639046053090712,0.01467190365464893,240.0,0.0,0.0,0.0,-0.29148323594694053,0.0038921692751869084,0.2926664096148606,0.0038948984960117737,0.6204924356689482,0.0077512493834028225,,,,,,,0.0,0.0,,,,,,,,,282480.0,276480.0,5760.0,6000.0,5760.0,282240.0,5644800.0,5760.0,5760.0,0.9986111111111112,0.0005208333333333037,0.12876157407407407,0.0024695125339527697,1.0,0.0,1.0,0.0,0.265853867970327,0.006748713073196744,0.01651521520402877,0.00038318804433226075,0.0,0.0,6.984062737536476,0.17575619598372264,-1.7541643368406141,0.04316942657110248,1.7541643368406141,0.04316942657110248,1.8474524485429014,0.04431971376608618,0.6981086931154789,0.014765993987020758,2.452273029956093,0.055357490731080414,,,,,,,,,,,3,0.001912590266884981,,,,,
20,2,32,box_factor_a0.875,box_factor,0.875,validation,0.28373793326318264,0.014726842752669195,0.6081943871180143,0.00643415339219885,0.7536312930840241,0.005633995538107298,0.18413946382986945,0.0015913731549200495,0.7821360561451641,0.00758356733052971,240.0,0.0,0.0,0.0,-0.28888644646480977,0.00254800636422522,0.2900610612413412,0.0028313440812403282,0.6081943871180143,0.00643415339219885,0.7536312930840241,0.005633995538107298,0.18413946382986945,0.0015913731549200495,0.7821360561451641,0.00758356733052971,240.0,0.0,0.0,0.0,-0.28888644646480977,0.00254800636422522,0.2900610612413412,0.0028313440812403282,0.6081943871180143,0.00643415339219885,,,,,,,0.0,0.0,,,,,,,,,499440.0,491520.0,7680.0,7920.0,7680.0,499200.0,9984000.0,7680.0,7680.0,0.9955295138888888,0.00045727663857868093,0.08693576388888889,0.0005421005206943035,0.9958333333333332,0.00039062500000000555,0.9958333333333332,0.00039062500000000555,0.1730098689083921,0.001647547694255377,0.20309996427962573,0.0019445012690385512,0.0,0.0,6.741892554727619,0.10099611913028528,-1.7520576291388419,0.024020727340002213,1.7520576291388419,0.024020727340002213,1.8281721740159458,0.019530106079230298,0.6920790242482208,0.004009376975821877,2.444136653387062,0.023102097075745013,,,,,,,,,,,3,0.0012595318583438913,,,,,
20,2,32,box_factor_a0.9,box_factor,0.9,validation,0.2829458333241443,0.02034047651835663,0.6066252837315474,0.006533060910632417,0.7561951759949772,0.005820248079823359,0.18471290661354134,0.0016347276260281357,0.7854199409660044,0.007813060017290884,240.0,0.0,0.0,0.0,-0.2877497518008315,0.0025940091776716872,0.2889682125651684,0.0028750617196660042,0.6066252837315474,0.006533060910632417,0.7561951759949772,0.005820248079823359,0.18471290661354134,0.0016347276260281357,0.7854199409660044,0.007813060017290884,240.0,0.0,0.0,0.0,-0.2877497518008315,0.0025940091776716872,0.2889682125651684,0.0028750617196660042,0.6066252837315474,0.006533060910632417,,,,,,,0.0,0.0,,,,,,,,,499440.0,491520.0,7680.0,7920.0,7680.0,499200.0,9984000.0,7680.0,7680.0,0.9955295138888888,0.00045727663857868093,0.08693576388888889,0.0005421005206943035,0.9957899305555555,0.0004572766385786651,0.9957899305555555,0.0004572766385786651,0.1730098689083921,0.001647547694255377,0.19638931364496726,0.0018797990652853701,0.0,0.0,6.702280481633951,0.09972406357343828,-1.7419286952203068,0.024007402621504335,1.7419286952203068,0.024007402621504335,1.8203152707192611,0.01948987017931094,0.7022079581667559,0.004036961612174946,2.444136653387062,0.023102097075745013,,,,,,,,,,,3,0.0012989447698640401,,,,,
20,2,32,shrink_c0.375,shrink,0.375,validation,0.290766066716363,0.02200505183546271,0.6910399953098518,0.003171015989150195,0.7197592035101351,0.0025026788936767437,0.17589146508994413,0.0007865098940416302,0.7259552255669752,0.0027743135091136562,240.0,0.0,0.0,0.0,-0.3396628148576463,0.0012833886931717592,0.3396628148576463,0.0012833886931717592,0.6910399953098518,0.003171015989150195,0.7197592035101351,0.0025026788936767437,0.17589146508994413,0.0007865098940416302,0.7259552255669752,0.0027743135091136562,240.0,0.0,0.0,0.0,-0.3396628148576463,0.0012833886931717592,0.3396628148576463,0.0012833886931717592,0.6910399953098518,0.003171015989150195,,,,,,,0.0,0.0,,,,,,,,,499440.0,491520.0,7680.0,7920.0,7680.0,499200.0,9984000.0,7680.0,7680.0,0.9955295138888888,0.00045727663857868093,0.08693576388888889,0.0005421005206943035,1.0,0.0,1.0,0.0,0.1730098689083921,0.001647547694255377,0.339792962834737,0.0020820235027806436,0.0,0.0,8.717892917102079,0.13955655398201736,-2.148043235424739,0.023507239035905982,2.148043235424739,0.023507239035905982,2.1552982357197985,0.021782695009001915,0.2960934179623233,0.0016219089190690665,2.444136653387062,0.023102097075745013,,,,,,,,,,,3,0.00026120793806428023,,,,,
20,2,32,shrink_c0.625,shrink,0.625,validation,0.29398389998823404,0.021430206088724806,0.6567372049479631,0.00493503317736954,0.7330047485906092,0.003384594882068512,0.17985465091453434,0.0008876978883775412,0.7488164421709262,0.0043821548831648955,240.0,0.0,0.0,0.0,-0.31701047670833327,0.0020431972192490283,0.3170376183718528,0.0020359042938435396,0.6567372049479631,0.00493503317736954,0.7330047485906092,0.003384594882068512,0.17985465091453434,0.0008876978883775412,0.7488164421709262,0.0043821548831648955,240.0,0.0,0.0,0.0,-0.31701047670833327,0.0020431972192490283,0.3170376183718528,0.0020359042938435396,0.6567372049479631,0.00493503317736954,,,,,,,0.0,0.0,,,,,,,,,499440.0,491520.0,7680.0,7920.0,7680.0,499200.0,9984000.0,7680.0,7680.0,0.9955295138888888,0.00045727663857868093,0.08693576388888889,0.0005421005206943035,1.0,0.0,1.0,0.0,0.1730098689083921,0.001647547694255377,0.12232546662050531,0.0007495284610010173,0.0,0.0,7.666703533118891,0.12440602382048208,-1.9506476234498564,0.023834892387242648,1.9506476234498564,0.023834892387242648,1.9777303137924287,0.020916743195536363,0.49348902993720545,0.0027031815317817057,2.444136653387062,0.023102097075745013,,,,,,,,,,,3,0.0007255776057341119,,,,,
20,2,32,shrink_c0.875,shrink,0.875,validation,0.28959330000604194,0.02167648109471831,0.6250491891154983,0.006529675053585522,0.7727430061514581,0.00635362200263987,0.18925515696941367,0.0014517167610002386,0.8017243616860492,0.008296973220921997,240.0,0.0,0.0,0.0,-0.29435813855902015,0.0028036233005943505,0.29524321702382667,0.0030739157480348003,0.6250491891154983,0.006529675053585522,0.7727430061514581,0.00635362200263987,0.18925515696941367,0.0014517167610002386,0.8017243616860492,0.008296973220921997,240.0,0.0,0.0,0.0,-0.29435813855902015,0.0028036233005943505,0.29524321702382667,0.0030739157480348003,0.6250491891154983,0.006529675053585522,,,,,,,0.0,0.0,,,,,,,,,499440.0,491520.0,7680.0,7920.0,7680.0,499200.0,9984000.0,7680.0,7680.0,0.9955295138888888,0.00045727663857868093,0.08693576388888889,0.0005421005206943035,1.0,0.0,1.0,0.0,0.1730098689083921,0.001647547694255377,0.01359171851338948,8.328094011122388e-05,0.0,0.0,6.92554123906918,0.10591198301481416,-1.7532520114749746,0.024206449637599978,1.7532520114749746,0.024206449637599978,1.8315596736894129,0.020236660144030773,0.6908846419120876,0.0037844541444943063,2.444136653387062,0.023102097075745013,,,,,,,,,,,3,0.0014221321072388593,,,,,
20,3,3,box_factor_a0.875,box_factor,0.875,validation,0.024545466682563227,0.003993100823776947,0.543447000948805,0.008899348291896692,1.9495050079830964,0.0949103974168363,0.41091196050592377,0.009091519183910261,2.139035784462456,0.10606993790454666,240.0,0.0,0.0,0.0,-0.23485130029177584,0.003614212385352008,0.24732582439172154,0.006722512956322943,0.543447000948805,0.008899348291896692,1.9495050079830964,0.0949103974168363,0.41091196050592377,0.009091519183910261,2.139035784462456,0.10606993790454666,240.0,0.0,0.0,0.0,-0.23485130029177584,0.003614212385352008,0.24732582439172154,0.006722512956322943,0.543447000948805,0.008899348291896692,,,,,,,0.0,0.0,,,,,,,,,34080.0,28080.0,5760.0,6000.0,5040.0,33120.0,662400.0,5040.0,5760.0,1.0,0.0,0.45156250000000003,0.015891819064992034,1.0,0.0,1.0,0.0,3.479957570559474,0.055086638900359204,3.655977481120264,0.055773049554599,0.0,0.0,5.8073848567768644,0.3362328168841247,-1.5087599443600503,0.07308328527475821,1.5087599443600503,0.07308328527475821,1.6059582276347475,0.06968081815249023,0.6454823932844517,0.006827249564353092,2.154242337644502,0.07664925775067397,,,,,,,,,,,3,0.016592390794937927,,,,,
20,3,3,box_factor_a0.9,box_factor,0.9,validation,0.02605946680220465,0.0038860642772162004,0.5397407988360154,0.008807989586195369,2.004654906440196,0.10040045324700063,0.41980796812044296,0.009335541606019342,2.200602208131634,0.11209766463032862,240.0,0.0,0.0,0.0,-0.2307841347104488,0.003660975982733123,0.24476650623069615,0.006624406098111316,0.5397407988360154,0.008807989586195369,2.004654906440196,0.10040045324700063,0.41980796812044296,0.009335541606019342,2.200602208131634,0.11209766463032862,240.0,0.0,0.0,0.0,-0.2307841347104488,0.003660975982733123,0.24476650623069615,0.006624406098111316,0.5397407988360154,0.008807989586195369,,,,,,,0.0,0.0,,,,,,,,,34080.0,28080.0,5760.0,6000.0,5040.0,33120.0,662400.0,5040.0,5760.0,1.0,0.0,0.45162037037037034,0.015832279956025506,1.0,0.0,1.0,0.0,3.491366154164852,0.05492839950693063,3.631229412627716,0.05546946542744672,0.0,0.0,5.754665721457285,0.33397944506474664,-1.4941455811910853,0.07305019635957753,1.4941455811910853,0.07305019635957753,1.5961952375140818,0.06935039572963009,0.6600967564534166,0.006929358641925876,2.154242337644502,0.07664925775067397,,,,,,,,,,,3,0.017740797736186597,,,,,
20,3,3,shrink_c0.375,shrink,0.375,validation,0.024434933283676703,0.003892685088000817,0.6819766447146666,0.0072869505440435025,1.4701189295185524,0.1618454389905138,0.31530319078700747,0.010850056294870264,1.5923084104790775,0.18238782903244716,240.0,0.0,0.0,0.0,-0.3247917321404386,0.0017759349725466145,0.3268323695877426,0.0004484217753389005,0.6819766447146666,0.0072869505440435025,1.4701189295185524,0.1618454389905138,0.31530319078700747,0.010850056294870264,1.5923084104790775,0.18238782903244716,240.0,0.0,0.0,0.0,-0.3247917321404386,0.0017759349725466145,0.3268323695877426,0.0004484217753389005,0.6819766447146666,0.0072869505440435025,,,,,,,0.0,0.0,,,,,,,,,34080.0,28080.0,5760.0,6000.0,5040.0,33120.0,662400.0,5040.0,5760.0,1.0,0.0,0.44415509259259256,0.015415584817730216,1.0,0.0,1.0,0.0,3.321090450893706,0.05743710274499195,2.042056909671336,0.026009916007478952,0.0,0.0,7.693111998344642,0.43275116341633546,-1.8659212816057316,0.08152932104705511,1.8659212816057316,0.08152932104705511,1.8980498848794483,0.08108677341131859,0.2883210560387707,0.004881848659307566,2.154242337644502,0.07664925775067397,,,,,,,,,,,3,0.0070587361354878374,,,,,
20,3,3,shrink_c0.625,shrink,0.625,validation,0.02287246659398079,0.00200479011313493,0.6662145565017075,0.03898154377427076,3.1348434335698343,1.1764086904905982,0.4814625541688757,0.039517218470700124,3.449066698336498,1.3033429597841326,240.0,0.0,0.0,0.0,-0.27011450458872893,0.01028471604895634,0.29684168606880573,0.000286417923111494,0.6662145565017075,0.03898154377427076,3.1348434335698343,1.1764086904905982,0.4814625541688757,0.039517218470700124,3.449066698336498,1.3033429597841326,240.0,0.0,0.0,0.0,-0.27011450458872893,0.01028471604895634,0.29684168606880573,0.000286417923111494,0.6662145565017075,0.03898154377427076,,,,,,,0.0,0.0,,,,,,,,,34080.0,28080.0,5760.0,6000.0,5040.0,33120.0,662400.0,5040.0,5760.0,1.0,0.0,0.44913194444444443,0.015527279297802789,1.0,0.0,1.0,0.0,3.476519324346315,0.05534287650382758,0.7627593013775075,0.008340867858580875,0.0,0.0,7.184693655359033,0.3507830943558495,-1.6567316230753273,0.08746988148293657,1.6567316230753273,0.08746988148293657,1.7906939056666484,0.07925017131544987,0.4975107145691746,0.010833574887363312,2.154242337644502,0.07664925775067397,,,,,,,,,,,3,0.04475593969568973,,,,,
20,3,3,shrink_c0.875,shrink,0.875,validation,0.022487966731811564,0.0029332991629451638,0.8631369997692944,0.2659793425580633,6.724792090973685,3.538943753758298,0.776162004763257,0.09871344283949823,7.419775078969032,3.9096031815318457,240.0,0.0,0.0,0.0,-0.1881550804484459,0.027957530804023058,0.31040420978348876,0.014139661528844952,0.8631369997692944,0.2659793425580633,6.724792090973685,3.538943753758298,0.776162004763257,0.09871344283949823,7.419775078969032,3.9096031815318457,240.0,0.0,0.0,0.0,-0.1881550804484459,0.027957530804023058,0.31040420978348876,0.014139661528844952,0.8631369997692944,0.2659793425580633,,,,,,,0.0,0.0,,,,,,,,,34080.0,28080.0,5760.0,6000.0,5040.0,33120.0,662400.0,5040.0,5760.0,1.0,0.0,0.4513888888888889,0.016014625175807425,1.0,0.0,1.0,0.0,3.721417914899618,0.06400013926724023,0.08930022456653035,0.0009591473606926943,0.0,0.0,8.006945692015396,0.5123780261579114,-1.4281439402676899,0.09752823802500574,1.4281439402676899,0.09752823802500574,1.7769265133439902,0.06684972141749186,0.7260983973768123,0.020937745100615045,2.154242337644502,0.07664925775067397,,,,,,,,,,,3,0.22036450188100876,,,,,
20,3,6,box_factor_a0.875,box_factor,0.875,validation,0.13536793327269456,0.0006667605658469912,0.5072428736739597,0.012512619996088235,1.1390053287510173,0.04779049986646243,0.2558275846401828,0.007435625095798319,1.235771251876766,0.054958632186135496,240.0,0.0,0.0,0.0,-0.23553390104105362,0.0067831067268208835,0.23789819544741544,0.007021883193168895,0.5072428736739597,0.012512619996088235,1.1390053287510173,0.04779049986646243,0.2558275846401828,0.007435625095798319,1.235771251876766,0.054958632186135496,240.0,0.0,0.0,0.0,-0.23553390104105362,0.0067831067268208835,0.23789819544741544,0.007021883193168895,0.5072428736739597,0.012512619996088235,,,,,,,0.0,0.0,,,,,,,,,236400.0,216000.0,20160.0,20400.0,18720.0,234720.0,4694400.0,18720.0,20160.0,0.9996527777777778,8.591521862942432e-05,0.37354497354497357,0.008287194725863034,0.9996527777777778,8.591521862942432e-05,0.9996527777777778,8.591521862942432e-05,1.49429173420498,0.02398494455309855,1.6045945731199243,0.025853352359234492,0.0,0.0,5.639227887948562,0.12544332756944007,-1.4891164687163212,0.029322111953024314,1.4891164687163212,0.029322111953024314,1.577366759599099,0.028546780286081732,0.6656321052419732,0.011359357247719993,2.1547485739582943,0.040056981479958946,,,,,,,,,,,3,0.004690951451681551,,,,,
20,3,6,box_factor_a0.9,box_factor,0.9,validation,0.12901963332357505,0.0070308145718441075,0.5018061155371233,0.0128686738863481,1.1673890272437484,0.051089186101086856,0.2608763410387824,0.007926773673287245,1.26817679512286,0.05859106866233671,240.0,0.0,0.0,0.0,-0.23188812460422392,0.007005433453565187,0.23456209507292616,0.007356953625699016,0.5018061155371233,0.0128686738863481,1.1673890272437484,0.051089186101086856,0.2608763410387824,0.007926773673287245,1.26817679512286,0.05859106866233671,240.0,0.0,0.0,0.0,-0.23188812460422392,0.007005433453565187,0.23456209507292616,0.007356953625699016,0.5018061155371233,0.0128686738863481,,,,,,,0.0,0.0,,,,,,,,,236400.0,216000.0,20160.0,20400.0,18720.0,234720.0,4694400.0,18720.0,20160.0,0.9996527777777778,8.591521862942432e-05,0.37395833333333334,0.008419691425682066,0.9996527777777778,8.591521862942432e-05,0.9996527777777778,8.591521862942432e-05,1.4970065032029227,0.024133296124350966,1.5842752016436077,0.02561233282238692,0.0,0.0,5.586797324457268,0.12412144007688766,-1.4753307777519484,0.02905072581963134,1.4753307777519484,0.02905072581963134,1.5676436815387944,0.02824175478862634,0.6794177962063458,0.011647325946888921,2.1547485739582943,0.040056981479958946,,,,,,,,,,,3,0.005009227281508699,,,,,
20,3,6,shrink_c0.375,shrink,0.375,validation,0.12217190000228584,0.001157500293308415,0.6676718976795358,0.004390405460589087,0.8341826878172306,0.010914408725820118,0.2022638800040001,0.0032576598291046673,0.8666854650092123,0.012738956775914988,240.0,0.0,0.0,0.0,-0.3267262746590997,0.0028178265854981997,0.32673758482396825,0.00279905836714837,0.6676718976795358,0.004390405460589087,0.8341826878172306,0.010914408725820118,0.2022638800040001,0.0032576598291046673,0.8666854650092123,0.012738956775914988,240.0,0.0,0.0,0.0,-0.3267262746590997,0.0028178265854981997,0.32673758482396825,0.00279905836714837,0.6676718976795358,0.004390405460589087,,,,,,,0.0,0.0,,,,,,,,,236400.0,216000.0,20160.0,20400.0,18720.0,234720.0,4694400.0,18720.0,20160.0,0.9995535714285714,4.9603174603132794e-05,0.3642691798941799,0.0085746563801634,1.0,0.0,1.0,0.0,1.4520912038233371,0.021572301433076237,1.1070057836625455,0.016788310136732546,0.0,0.0,7.463795261710696,0.17821281233297304,-1.855325079986125,0.03564071620816812,1.855325079986125,0.03564071620816812,1.8697699400606222,0.0356311152175162,0.2994234939721692,0.00524573749565424,2.1547485739582943,0.040056981479958946,,,,,,,,,,,3,0.001357161235896759,,,,,
20,3,6,shrink_c0.625,shrink,0.625,validation,0.12649579998105764,0.006575071395494236,0.5984681554777946,0.012590059766333766,1.2227675915374634,0.0386657837623559,0.2683756332898228,0.005253234658971856,1.321537470551207,0.04428644828636747,240.0,0.0,0.0,0.0,-0.2787856601861149,0.00636121772911014,0.2799861959698693,0.006829014229546556,0.5984681554777946,0.012590059766333766,1.2227675915374634,0.0386657837623559,0.2683756332898228,0.005253234658971856,1.321537470551207,0.04428644828636747,240.0,0.0,0.0,0.0,-0.2787856601861149,0.00636121772911014,0.2799861959698693,0.006829014229546556,0.5984681554777946,0.012590059766333766,,,,,,,0.0,0.0,,,,,,,,,236400.0,216000.0,20160.0,20400.0,18720.0,234720.0,4694400.0,18720.0,20160.0,0.9996031746031746,0.00013123766423930405,0.3697255291005291,0.008213383062640451,1.0,0.0,1.0,0.0,1.4817348685105767,0.023665664696237872,0.4054153762195374,0.00638563620903765,0.0,0.0,6.583053929390977,0.16002719294665443,-1.6477911371401295,0.03254709384183942,1.6477911371401295,0.03254709384183942,1.7160497764930085,0.033355817851365946,0.5069574368181643,0.008986989236188417,2.1547485739582943,0.040056981479958946,,,,,,,,,,,3,0.007252760994763171,,,,,
20,3,6,shrink_c0.875,shrink,0.875,validation,0.13031990003461638,0.010160156216935726,0.5490399572076848,0.02238653619008399,2.1695056825585177,0.08758374662242252,0.4084367332901131,0.011509517331069898,2.3834000925686354,0.09827853891580819,240.0,0.0,0.0,0.0,-0.21224062909081468,0.012299323802201372,0.23919999349109985,0.008997243630560186,0.5490399572076848,0.02238653619008399,2.1695056825585177,0.08758374662242252,0.4084367332901131,0.011509517331069898,2.3834000925686354,0.09827853891580819,240.0,0.0,0.0,0.0,-0.21224062909081468,0.012299323802201372,0.23919999349109985,0.008997243630560186,0.5490399572076848,0.02238653619008399,,,,,,,0.0,0.0,,,,,,,,,236400.0,216000.0,20160.0,20400.0,18720.0,234720.0,4694400.0,18720.0,20160.0,0.9996031746031746,0.00013123766423930405,0.373396164021164,0.008227600285143103,1.0,0.0,1.0,0.0,1.531583227860283,0.027063385051404362,0.04616627608379775,0.0007690740549039873,0.0,0.0,6.170534250418452,0.14367943516035797,-1.4319315641167343,0.029234225132389952,1.4319315641167343,0.029234225132389952,1.627454961374947,0.030197019438913203,0.72281700984156,0.013031439639706889,2.1547485739582943,0.040056981479958946,,,,,,,,,,,3,0.02867660940535583,,,,,
20,3,10,box_factor_a0.875,box_factor,0.875,validation,0.6256062333316853,0.03933641072235939,0.4991855328919965,0.0017439364030256415,0.8943530277179602,0.020061320633060698,0.20643266977067828,0.003183664512000003,0.9600059383612747,0.022933589123128987,240.0,0.0,0.0,0.0,-0.23263291075859746,0.0009768324437012036,0.23448405509260473,0.0010734322654712704,0.4991855328919965,0.0017439364030256415,0.8943530277179602,0.020061320633060698,0.20643266977067828,0.003183664512000003,0.9600059383612747,0.022933589123128987,240.0,0.0,0.0,0.0,-0.23263291075859746,0.0009768324437012036,0.23448405509260473,0.0010734322654712704,0.4991855328919965,0.0017439364030256415,,,,,,,0.0,0.0,,,,,,,,,1037040.0,984000.0,52800.0,53040.0,50400.0,1034400.0,20688000.0,50400.0,52800.0,0.9974936868686869,0.00025713903856582683,0.2923169191919192,0.0012747680097675467,0.997550505050505,0.0002086200964881285,0.997550505050505,0.0002086200964881285,0.7831689653250908,0.006022191266687061,0.8602471463905026,0.006451279483955349,0.0,0.0,5.528535279500641,0.02073454802868327,-1.4660248115601064,0.0031818540728194987,1.4660248115601064,0.0031818540728194987,1.5508224544984432,0.002337135488119173,0.6817576400998296,0.001992409433897433,2.1477824516599364,0.001909335999931138,,,,,,,,,,,3,0.002739187428413233,,,,,
20,3,10,box_factor_a0.9,box_factor,0.9,validation,0.616416700106735,0.04129600190838684,0.4939543441447483,0.0018768057923721647,0.9122229928539268,0.021523302777855545,0.20965423550428716,0.003377765774202018,0.9809076689404276,0.024568732627357308,240.0,0.0,0.0,0.0,-0.22920605038781003,0.0009365899602001094,0.23122640902216166,0.0010210030655160047,0.4939543441447483,0.0018768057923721647,0.9122229928539268,0.021523302777855545,0.20965423550428716,0.003377765774202018,0.9809076689404276,0.024568732627357308,240.0,0.0,0.0,0.0,-0.22920605038781003,0.0009365899602001094,0.23122640902216166,0.0010210030655160047,0.4939543441447483,0.0018768057923721647,,,,,,,0.0,0.0,,,,,,,,,1037040.0,984000.0,52800.0,53040.0,50400.0,1034400.0,20688000.0,50400.0,52800.0,0.9975063131313132,0.00027727514212111794,0.29244318181818185,0.0012960690993125427,0.997544191919192,0.0002471814640208667,0.997544191919192,0.0002471814640208667,0.7840876866963464,0.00601820610127078,0.8448308223468722,0.006358862982833621,0.0,0.0,5.479038982945641,0.020579994258292333,-1.4529899908865664,0.0031492422894063427,1.4529899908865664,0.0031492422894063427,1.5414721137194833,0.002488800831351949,0.6947924607733698,0.0019672123157706777,2.1477824516599364,0.001909335999931138,,,,,,,,,,,3,0.0029188646892718494,,,,,
20,3,10,shrink_c0.375,shrink,0.375,validation,0.6083192000320802,0.038859808426506014,0.666300365130104,0.003859044240806652,0.7296626316629018,0.0025166643463545514,0.17705196628879802,0.0010972759007090353,0.7429413223653506,0.0032912703860923033,240.0,0.0,0.0,0.0,-0.32790837797583916,0.0010072090587998116,0.32790837797583916,0.0010072090587998116,0.666300365130104,0.003859044240806652,0.7296626316629018,0.0025166643463545514,0.17705196628879802,0.0010972759007090353,0.7429413223653506,0.0032912703860923033,240.0,0.0,0.0,0.0,-0.32790837797583916,0.0010072090587998116,0.32790837797583916,0.0010072090587998116,0.666300365130104,0.003859044240806652,,,,,,,0.0,0.0,,,,,,,,,1037040.0,984000.0,52800.0,53040.0,50400.0,1034400.0,20688000.0,50400.0,52800.0,0.9967108585858586,0.00025853024279599515,0.2858080808080808,0.001323365446499692,1.0,0.0,1.0,0.0,0.7682686359958147,0.005963401790847295,0.7314199259596866,0.0035298044467167553,0.0,0.0,7.345706230617579,0.023869472936366678,-1.840502371346439,0.0010359915468970747,1.840502371346439,0.0010359915468970747,1.8500284686041206,0.000681936689084335,0.30728008031349696,0.0008737590615344977,2.1477824516599364,0.001909335999931138,,,,,,,,,,,3,0.0007761734975807381,,,,,
20,3,10,shrink_c0.625,shrink,0.625,validation,0.6393846999853849,0.034565175560191896,0.588676763902581,0.009858491518182478,0.9052725069451641,0.015175851698862144,0.21093097733842758,0.0031920034353953098,0.9612841319920241,0.017746247136851332,240.0,0.0,0.0,0.0,-0.28041044289724093,0.002871071309253695,0.28042988994746654,0.0028956704690545,0.588676763902581,0.009858491518182478,0.9052725069451641,0.015175851698862144,0.21093097733842758,0.0031920034353953098,0.9612841319920241,0.017746247136851332,240.0,0.0,0.0,0.0,-0.28041044289724093,0.002871071309253695,0.28042988994746654,0.0028956704690545,0.588676763902581,0.009858491518182478,,,,,,,0.0,0.0,,,,,,,,,1037040.0,984000.0,52800.0,53040.0,50400.0,1034400.0,20688000.0,50400.0,52800.0,0.9971527777777777,0.00036249689949383675,0.2901957070707071,0.0015121102684772085,1.0,0.0,1.0,0.0,0.7771572845692655,0.005799464090423108,0.26604486070783423,0.001236082432920483,0.0,0.0,6.371861598840749,0.01762946443915971,-1.630670555528642,0.00022596750371529675,1.630670555528642,0.00022596750371529675,1.6774644886796146,0.001766732914622523,0.5171118961312945,0.0017039851588947377,2.1477824516599364,0.001909335999931138,,,,,,,,,,,3,0.003983408655586073,,,,,
20,3,10,shrink_c0.875,shrink,0.875,validation,0.6216416332560281,0.04559798818435288,0.5097247447869743,0.015733259588609515,1.4473074965699064,0.050695549884546484,0.30126669956960467,0.007893599790464579,1.5812470513345758,0.056710701570161975,240.0,0.0,0.0,0.0,-0.21512866651991114,0.006063362351820378,0.22633366253512785,0.0037193291884160115,0.5097247447869743,0.015733259588609515,1.4473074965699064,0.050695549884546484,0.30126669956960467,0.007893599790464579,1.5812470513345758,0.056710701570161975,240.0,0.0,0.0,0.0,-0.21512866651991114,0.006063362351820378,0.22633366253512785,0.0037193291884160115,0.5097247447869743,0.015733259588609515,,,,,,,0.0,0.0,,,,,,,,,1037040.0,984000.0,52800.0,53040.0,50400.0,1034400.0,20688000.0,50400.0,52800.0,0.9974621212121212,0.00018653139776127802,0.2933017676767677,0.0015042616865459562,1.0,0.0,1.0,0.0,0.7932117848352572,0.005575751129275826,0.02999667989064131,0.00013258680283324297,0.0,0.0,5.799628885536205,0.02003719793865454,-1.4157908717462433,0.0009313312330868696,1.4157908717462433,0.0009313312330868696,1.5629779193973308,0.0025960931735766633,0.7319915799136928,0.0028287171272409197,2.1477824516599364,0.001909335999931138,,,,,,,,,,,3,0.014540072881041984,,,,,
20,4,2,box_factor_a0.875,box_factor,0.875,validation,0.050858600065112114,0.00818308594360352,0.5486545376039342,0.012237307394066135,3.1652210987078955,0.14545853170918605,0.6345701957393018,0.018569635426025643,3.488163602025674,0.16115463408843356,240.0,0.0,0.0,0.0,-0.19946003244408958,0.011068306197640286,0.24319545473037607,0.009038990254569362,0.5486545376039342,0.012237307394066135,3.1652210987078955,0.14545853170918605,0.6345701957393018,0.018569635426025643,3.488163602025674,0.16115463408843356,240.0,0.0,0.0,0.0,-0.19946003244408958,0.011068306197640286,0.24319545473037607,0.009038990254569362,0.5486545376039342,0.012237307394066135,,,,,,,0.0,0.0,,,,,,,,,52080.0,38400.0,13440.0,13680.0,11040.0,49440.0,988800.0,11040.0,13440.0,1.0,0.0,0.45054563492063493,0.005530698359034247,1.0,0.0,1.0,0.0,5.448417423827091,0.08255745053908205,5.668236658386338,0.08579462074751841,0.0,0.0,4.912128424892306,0.04291847976470735,-1.2910216144291924,0.007957295515166666,1.2910216144291924,0.007957295515166666,1.4099173923350274,0.012432539595326123,0.6645279762120829,0.02439750270297886,1.9555495906412752,0.03183301502565941,,,,,,,,,,,3,0.043516153993770436,,,,,
20,4,2,box_factor_a0.9,box_factor,0.9,validation,0.04785370004052917,0.0037301035652611988,0.5488080704167019,0.012175345079757038,3.27592658194151,0.15322230516241844,0.6533166719875889,0.019401486893224303,3.6108160212345104,0.16971990879658908,240.0,0.0,0.0,0.0,-0.19339211800033554,0.011521205635433093,0.2421711244713655,0.009198602416190573,0.5488080704167019,0.012175345079757038,3.27592658194151,0.15322230516241844,0.6533166719875889,0.019401486893224303,3.6108160212345104,0.16971990879658908,240.0,0.0,0.0,0.0,-0.19339211800033554,0.011521205635433093,0.2421711244713655,0.009198602416190573,0.5488080704167019,0.012175345079757038,,,,,,,0.0,0.0,,,,,,,,,52080.0,38400.0,13440.0,13680.0,11040.0,49440.0,988800.0,11040.0,13440.0,1.0,0.0,0.45076884920634924,0.005406689147072242,1.0,0.0,1.0,0.0,5.482835180778199,0.08050971886377084,5.658032539395808,0.08308175830796169,0.0,0.0,4.862068330118042,0.041964834460698236,-1.2751268731947543,0.007493274660926017,1.2751268731947543,0.007493274660926017,1.4007556455937167,0.012110907276591565,0.6804227174465208,0.024884993822083985,1.9555495906412752,0.03183301502565941,,,,,,,,,,,3,0.046705639190506715,,,,,
20,4,2,shrink_c0.375,shrink,0.375,validation,0.04642853342617551,0.0030488001247717723,0.6962884017413925,0.019218110125583023,3.274301715226267,1.4130463308661088,0.5164664928483633,0.05271422069451069,3.6015409669951115,1.5678783737431632,240.0,0.0,0.0,0.0,-0.3098450895788181,0.009159629936264402,0.32621573444515556,0.00834723711661754,0.6962884017413925,0.019218110125583023,3.274301715226267,1.4130463308661088,0.5164664928483633,0.05271422069451069,3.6015409669951115,1.5678783737431632,240.0,0.0,0.0,0.0,-0.3098450895788181,0.009159629936264402,0.32621573444515556,0.00834723711661754,0.6962884017413925,0.019218110125583023,,,,,,,0.0,0.0,,,,,,,,,52080.0,38400.0,13440.0,13680.0,11040.0,49440.0,988800.0,11040.0,13440.0,1.0,0.0,0.4437748015873016,0.0060649390017894905,1.0,0.0,1.0,0.0,5.134058058901427,0.07586738820146963,2.8683296757925354,0.036535331586284324,0.0,0.0,6.834684302110008,0.06681027801414541,-1.6381979181482782,0.019991159244524326,1.6381979181482782,0.019991159244524326,1.7021583431728107,0.018063916367889902,0.31735167249299695,0.012080230414174093,1.9555495906412752,0.03183301502565941,,,,,,,,,,,3,0.030885691197286805,,,,,
20,4,2,shrink_c0.625,shrink,0.625,validation,0.04725566669367254,0.0037826242191235622,1.8266431065429822,1.524562732057501,23.865177734198593,24.519915938622738,1.6915015891291183,0.8952923274519584,26.357595967667823,27.08678963313133,240.0,0.0,0.0,0.0,-0.1412455199047363,0.11372549842312471,0.45657639456276145,0.12593270178200514,1.8266431065429822,1.524562732057501,23.865177734198593,24.519915938622738,1.6915015891291183,0.8952923274519584,26.357595967667823,27.08678963313133,240.0,0.0,0.0,0.0,-0.1412455199047363,0.11372549842312471,0.45657639456276145,0.12593270178200514,1.8266431065429822,1.524562732057501,,,,,,,0.0,0.0,,,,,,,,,52080.0,38400.0,13440.0,13680.0,11040.0,49440.0,988800.0,11040.0,13440.0,1.0,0.0,0.44836309523809526,0.006162133923160188,1.0,0.0,1.0,0.0,6.1839305954230595,0.3478329512775058,1.1950990844915004,0.04688630467389193,0.0,0.0,12.152576440291133,8.396340853700552,-1.3755792775076283,0.041779576815771866,1.3755792775076283,0.041779576815771866,1.6744661654009139,0.021674015582141173,0.5799703131336468,0.02460633966200536,1.9555495906412752,0.03183301502565941,,,,,,,,,,,3,1.6036387783532444,,,,,
20,4,2,shrink_c0.875,shrink,0.875,validation,0.0544080666732043,0.0026416814635197993,12.556326700371377,17.737476080136396,153.79587975016784,191.63942989422105,7.15548274480549,6.810556279998316,169.84397087284273,211.61117292019816,240.0,0.0,0.0,0.0,0.584812447205224,0.9183333225595688,1.4402558986213931,1.2966772233498953,12.556326700371377,17.737476080136396,153.79587975016784,191.63942989422105,7.15548274480549,6.810556279998316,169.84397087284273,211.61117292019816,240.0,0.0,0.0,0.0,0.584812447205224,0.9183333225595688,1.4402558986213931,1.2966772233498953,12.556326700371377,17.737476080136396,,,,,,,0.0,0.0,,,,,,,,,52080.0,38400.0,13440.0,13680.0,11040.0,49440.0,988800.0,11040.0,13440.0,1.0,0.0,0.451140873015873,0.005832276639390066,1.0,0.0,1.0,0.0,9.682393180334131,2.5030094637313582,0.1895318975015006,0.039156011680075965,0.0,0.0,263.5441963649728,421.10965430670586,-0.9532702211219398,0.23822500605868352,0.9532702211219398,0.23822500605868352,1.9291367755890712,0.2456523393746021,1.0022793695193355,0.2182305073084628,1.9555495906412752,0.03183301502565941,,,,,,,,,,,3,124.10526568696295,,,,,
20,4,3,box_factor_a0.875,box_factor,0.875,validation,0.12139903334900737,0.0051025402768954484,0.4880761449978044,0.01460702902677813,2.0634631142711983,0.13991287231145527,0.41763694363203485,0.021334023115468375,2.2686021511148353,0.15522470578475697,240.0,0.0,0.0,0.0,-0.20624757968445473,0.006454813990935855,0.2195145981470649,0.009188011899064843,0.4880761449978044,0.01460702902677813,2.0634631142711983,0.13991287231145527,0.41763694363203485,0.021334023115468375,2.2686021511148353,0.15522470578475697,240.0,0.0,0.0,0.0,-0.20624757968445473,0.006454813990935855,0.2195145981470649,0.009188011899064843,0.4880761449978044,0.01460702902677813,,,,,,,0.0,0.0,,,,,,,,,219840.0,181440.0,38160.0,38400.0,33120.0,214560.0,4291200.0,33120.0,38160.0,0.9999213836477988,5.241090146756999e-05,0.41207197763801534,0.0003037270903339427,0.9999213836477988,5.241090146756999e-05,0.9999213836477988,5.241090146756999e-05,3.219253148358149,0.028649975295324447,3.3852876747177993,0.03002063514778323,0.0,0.0,4.743571609791258,0.07932135577359238,-1.2650760509882555,0.01657807393535756,1.2650760509882555,0.01657807393535756,1.3678877600549082,0.016417088176565352,0.6553317077681241,0.009089831344523479,1.9204077587563795,0.009513528132623843,,,,,,,,,,,3,0.015726699381845947,,,,,
20,4,3,box_factor_a0.9,box_factor,0.9,validation,0.1263642666550974,0.014031888265619592,0.4833554478653918,0.014804732072069513,2.1487812966359794,0.14887599516766603,0.4315745889382591,0.022459628753137836,2.36355893122865,0.16511984030373494,240.0,0.0,0.0,0.0,-0.20069855477031276,0.006607540805863748,0.21607840605072837,0.009103884099190702,0.4833554478653918,0.014804732072069513,2.1487812966359794,0.14887599516766603,0.4315745889382591,0.022459628753137836,2.36355893122865,0.16511984030373494,240.0,0.0,0.0,0.0,-0.20069855477031276,0.006607540805863748,0.21607840605072837,0.009103884099190702,0.4833554478653918,0.014804732072069513,,,,,,,0.0,0.0,,,,,,,,,219840.0,181440.0,38160.0,38400.0,33120.0,214560.0,4291200.0,33120.0,38160.0,0.9999213836477988,5.241090146756999e-05,0.4123777078965758,0.0002922035060041496,0.9999213836477988,5.241090146756999e-05,0.9999213836477988,5.241090146756999e-05,3.2331859613750997,0.028379379935876983,3.3652033560314245,0.02947316046893527,0.0,0.0,4.692500842877188,0.07924583794080649,-1.250091867992802,0.01676515985175777,1.250091867992802,0.01676515985175777,1.3582222995259345,0.01655268796485567,0.6703158907635776,0.009318123424398589,1.9204077587563795,0.009513528132623843,,,,,,,,,,,3,0.01707299844339787,,,,,
20,4,3,shrink_c0.375,shrink,0.375,validation,0.13504386662195125,0.00770970328751731,0.6541630747787884,0.006212848359897101,2.1408176897985256,1.3496820962451326,0.31997933235833015,0.05302850527893578,2.340665076246872,1.503068860740551,240.0,0.0,0.0,0.0,-0.31188302302300536,0.0037449737734108683,0.31620749139182397,0.004743483440954483,0.6541630747787884,0.006212848359897101,2.1408176897985256,1.3496820962451326,0.31997933235833015,0.05302850527893578,2.340665076246872,1.503068860740551,240.0,0.0,0.0,0.0,-0.31188302302300536,0.0037449737734108683,0.31620749139182397,0.004743483440954483,0.6541630747787884,0.006212848359897101,,,,,,,0.0,0.0,,,,,,,,,219840.0,181440.0,38160.0,38400.0,33120.0,214560.0,4291200.0,33120.0,38160.0,0.9999039133473095,6.051889614144081e-05,0.40262054507337525,0.0009766585510263908,1.0,0.0,1.0,0.0,3.0583798560326145,0.02408267861865701,1.8935929067215076,0.013958111714094685,0.0,0.0,6.491944648665791,0.081970153864852,-1.611529549792733,0.013879901073982437,1.611529549792733,0.013879901073982437,1.6450162304809366,0.013493616520558359,0.3088782089636463,0.0053654472993490705,1.9204077587563795,0.009513528132623843,,,,,,,,,,,3,0.009752131262095464,,,,,
20,4,3,shrink_c0.625,shrink,0.625,validation,0.1259972998717179,0.00793119011904384,1.1893739780012844,0.4663184170741495,27.69453254297538,35.607790410863124,1.2121951663475274,0.8245602652686986,30.59306232410937,39.35396426340588,240.0,0.0,0.0,0.0,-0.17128479464786198,0.04027539397467518,0.33420354156362625,0.05278546438885524,1.1893739780012844,0.4663184170741495,27.69453254297538,35.607790410863124,1.2121951663475274,0.8245602652686986,30.59306232410937,39.35396426340588,240.0,0.0,0.0,0.0,-0.17128479464786198,0.04027539397467518,0.33420354156362625,0.05278546438885524,1.1893739780012844,0.4663184170741495,,,,,,,0.0,0.0,,,,,,,,,219840.0,181440.0,38160.0,38400.0,33120.0,214560.0,4291200.0,33120.0,38160.0,0.9999039133473095,6.051889614144081e-05,0.40855171208944796,0.001061347714714829,1.0,0.0,1.0,0.0,3.394472938575104,0.07183159731505274,0.7374071113255235,0.00853568629360029,0.0,0.0,10.713025057364488,8.035262775479326,-1.376571088396843,0.007165144287272044,1.376571088396843,0.007165144287272044,1.5432452341541911,0.026095032545988203,0.5438366703595366,0.00267741138210405,1.9204077587563795,0.009513528132623843,,,,,,,,,,,3,0.4780502427371661,,,,,
20,4,3,shrink_c0.875,shrink,0.875,validation,0.11865696668003996,0.01069342742322108,7.315009588732733,4.158483407017044,217.75976086890998,297.7847950910565,6.231165603307062,6.24169783648406,240.5814816462101,329.0901038312647,240.0,0.0,0.0,0.0,0.3608142178526055,0.24581206322439608,0.8560583915562073,0.3327571111022295,7.315009588732733,4.158483407017044,217.75976086890998,297.7847950910565,6.231165603307062,6.24169783648406,240.5814816462101,329.0901038312647,240.0,0.0,0.0,0.0,0.3608142178526055,0.24581206322439608,0.8560583915562073,0.3327571111022295,7.315009588732733,4.158483407017044,,,,,,,0.0,0.0,,,,,,,,,219840.0,181440.0,38160.0,38400.0,33120.0,214560.0,4291200.0,33120.0,38160.0,0.9999388539482879,3.0259448070820562e-05,0.4126572327044025,0.0009780638158554294,1.0,0.0,1.0,0.0,4.577617166573141,0.6536565169511999,0.10161219969313574,0.01000808402856718,0.0,0.0,330.2887621052959,544.2414856726234,-1.053692629860483,0.07769854072772102,1.053692629860483,0.07769854072772102,1.6196885561801604,0.11720545793765955,0.8667151288958964,0.0852574756564537,1.9204077587563795,0.009513528132623843,,,,,,,,,,,3,21.797203165793917,,,,,
20,5,2,box_factor_a0.875,box_factor,0.875,validation,0.17179083335213363,0.017940071607655362,0.5609627830471627,0.04584145513002048,3.309358982851555,0.15479897634186507,0.6739218373727706,0.017446877758543256,3.6474375940152073,0.17042783808763254,240.0,0.0,0.0,0.0,-0.1918738786884735,0.00947703627366552,0.2346706606790724,0.013225939906891715,0.5609627830471627,0.04584145513002048,3.309358982851555,0.15479897634186507,0.6739218373727706,0.017446877758543256,3.6474375940152073,0.17042783808763254,240.0,0.0,0.0,0.0,-0.1918738786884735,0.00947703627366552,0.2346706606790724,0.013225939906891715,0.5609627830471627,0.04584145513002048,,,,,,,0.0,0.0,,,,,,,,,231600.0,170880.0,60480.0,60720.0,49440.0,220320.0,4406400.0,49440.0,60480.0,1.0,0.0,0.40825066137566135,0.0016203703703703345,1.0,0.0,1.0,0.0,5.039367757741103,0.047696897242107836,5.244814082017926,0.0493341113443569,0.0,0.0,4.04085715620312,0.026741007215131268,-1.0878324446993843,0.010494883748279036,1.0878324446993843,0.010494883748279036,1.2031110793464512,0.004125288892315879,0.6521127494749194,0.012200503818502588,1.7399451941743038,0.001790344139256259,,,,,,,,,,,3,0.05239346158843638,,,,,
20,5,2,box_factor_a0.9,box_factor,0.9,validation,0.18312003331569335,0.006182016880181602,0.5633767586770414,0.04911904276773495,3.451619954568709,0.16382657929365863,0.7009134935587421,0.01883031685794423,3.804955374493698,0.1803262674494667,240.0,0.0,0.0,0.0,-0.18465618747675872,0.009924963768481317,0.23325044416599994,0.013456997948418604,0.5633767586770414,0.04911904276773495,3.451619954568709,0.16382657929365863,0.7009134935587421,0.01883031685794423,3.804955374493698,0.1803262674494667,240.0,0.0,0.0,0.0,-0.18465618747675872,0.009924963768481317,0.23325044416599994,0.013456997948418604,0.5633767586770414,0.04911904276773495,,,,,,,0.0,0.0,,,,,,,,,231600.0,170880.0,60480.0,60720.0,49440.0,220320.0,4406400.0,49440.0,60480.0,1.0,0.0,0.4085207231040564,0.0015625072902791127,1.0,0.0,1.0,0.0,5.076870271469356,0.04718700948868826,5.2406890024700585,0.048499646139267064,0.0,0.0,3.9927312760446494,0.025679355727532126,-1.072111228638624,0.010748977660230561,1.072111228638624,0.010748977660230561,1.1938352603908398,0.003953207743015076,0.6678339655356794,0.012457213028788782,1.7399451941743038,0.001790344139256259,,,,,,,,,,,3,0.056994145474875794,,,,,
20,5,2,shrink_c0.375,shrink,0.375,validation,0.15855093339147666,0.010454101824598432,0.9997487488402123,0.16623632449287104,6.103634493743287,1.242332412414635,0.6724894888637952,0.008453092542869335,6.728362098761543,1.3707304188173213,240.0,0.0,0.0,0.0,-0.278979140983469,0.02320719300474265,0.36167803512149255,0.009960446645850794,0.9997487488402123,0.16623632449287104,6.103634493743287,1.242332412414635,0.6724894888637952,0.008453092542869335,6.728362098761543,1.3707304188173213,240.0,0.0,0.0,0.0,-0.278979140983469,0.02320719300474265,0.36167803512149255,0.009960446645850794,0.9997487488402123,0.16623632449287104,,,,,,,0.0,0.0,,,,,,,,,231600.0,170880.0,60480.0,60720.0,49440.0,220320.0,4406400.0,49440.0,60480.0,0.9999889770723104,1.9092270806497784e-05,0.4012621252204585,0.0012814242333423359,1.0,0.0,1.0,0.0,4.820185647644834,0.030781148389294317,2.6902248785651213,0.016475035675686818,0.0,0.0,5.807913007386286,0.013513388764287973,-1.4157514430522593,0.007111048224634178,1.4157514430522593,0.007111048224634178,1.4769353777302012,0.0020802319438841445,0.3241937511220443,0.008887389737938366,1.7399451941743038,0.001790344139256259,,,,,,,,,,,3,0.23679229016966802,,,,,
20,5,2,shrink_c0.625,shrink,0.625,validation,0.15683746671614548,0.008638031955015347,367.86928811120566,507.5799783004181,2717.810654223164,3923.3239052626286,49.487021248436854,62.27245818356564,2998.2683104336065,4328.916385217036,240.0,0.0,0.0,0.0,14.264688059853105,18.91514877901778,15.141243486969726,18.950097870742944,367.86928811120566,507.5799783004181,2717.810654223164,3923.3239052626286,49.487021248436854,62.27245818356564,2998.2683104336065,4328.916385217036,240.0,0.0,0.0,0.0,14.264688059853105,18.91514877901778,15.141243486969726,18.950097870742944,367.86928811120566,507.5799783004181,,,,,,,0.0,0.0,,,,,,,,,231600.0,170880.0,60480.0,60720.0,49440.0,220320.0,4406400.0,49440.0,60480.0,1.0,0.0,0.40618386243386245,0.001633728413053053,1.0,0.0,1.0,0.0,18.03490319906838,12.872464134811581,2.8448527987747276,1.8098168322054764,0.0,0.0,24916.82502277019,42715.11954466986,-0.7159327286270859,0.6076006524496184,0.7159327286270859,0.6076006524496184,1.875950019187955,0.5964448485432496,1.0240124655472176,0.6081578830997616,1.7399451941743038,0.001790344139256259,,,,,,,,,,,3,104719.97932529465,,,,,
20,5,2,shrink_c0.875,shrink,0.875,validation,0.1626359666697681,0.015366825875599895,48743.45133793506,76189.59151842669,364432.5191368053,584651.9648985572,5955.55748658891,9414.388072792275,402057.0833234277,645075.5514137476,240.0,0.0,0.0,0.0,1845.8943879501721,2867.2487647942326,1852.8394631470544,2870.425681386617,48743.45133793506,76189.59151842669,364432.5191368053,584651.9648985572,5955.55748658891,9414.388072792275,402057.0833234277,645075.5514137476,240.0,0.0,0.0,0.0,1845.8943879501721,2867.2487647942326,1852.8394631470544,2870.425681386617,48743.45133793506,76189.59151842669,,,,,,,0.0,0.0,,,,,,,,,231600.0,170880.0,60480.0,60720.0,49440.0,220320.0,4406400.0,49440.0,60480.0,1.0,0.0,0.40930335097001763,0.0016217476510018282,1.0,0.0,1.0,0.0,1031.765207181574,1468.456129981089,16.124585854298505,22.893142029491074,0.0,0.0,510048790.6631961,881168086.2916356,54.895857510873036,89.5828829554419,54.895857510873036,89.5828829554419,57.54468836249671,89.76885962244472,56.63580270504733,89.58338639926934,1.7399451941743038,0.001790344139256259,,,,,,,,,,,3,2129919203.1282654,,,,,
40,2,2,box_factor_a0.875,box_factor,0.875,validation,0.006416966595376532,0.0008061743934767361,0.7907296497409151,0.007674935492431247,3.4428789217718436,0.042423049210124374,0.6095830112527447,0.011409708670469518,3.6795648083659622,0.0458813305034019,240.0,0.0,0.0,0.0,-0.37343661567965075,0.0077320533227885945,0.3870472368449032,0.00393067058266641,0.7907296497409151,0.007674935492431247,3.4428789217718436,0.042423049210124374,0.6095830112527447,0.011409708670469518,3.6795648083659622,0.0458813305034019,240.0,0.0,0.0,0.0,-0.37343661567965075,0.0077320533227885945,0.3870472368449032,0.00393067058266641,0.7907296497409151,0.007674935492431247,,,,,,,0.0,0.0,,,,,,,,,2640.0,1920.0,480.0,720.0,480.0,2400.0,96000.0,480.0,480.0,1.0,0.0,0.4673611111111111,0.021381672664362035,1.0,0.0,1.0,0.0,17.943014069800682,0.9442704613174847,18.44625398785735,0.9587714684976062,0.0,0.0,25.986120966721575,2.05727649407063,-3.0645052015751784,0.22869919397174276,3.0645052015751784,0.22869919397174276,3.2056166170041194,0.2223583283185409,0.781523768173098,0.032032983879732205,3.8460289697482763,0.20091101007489026,,,,,,,,,,,3,0.011188880483541393,,,,,
40,2,2,box_factor_a0.9,box_factor,0.9,validation,0.005895133440693219,0.0004928276741772483,0.7900228078497818,0.007601034172149085,3.477896386016596,0.04487746757376662,0.613601518156368,0.011765007999032056,3.7172702988704187,0.04850862653259226,240.0,0.0,0.0,0.0,-0.37229106678071133,0.007901457181905271,0.3864301466122276,0.0037283163152099052,0.7900228078497818,0.007601034172149085,3.477896386016596,0.04487746757376662,0.613601518156368,0.011765007999032056,3.7172702988704187,0.04850862653259226,240.0,0.0,0.0,0.0,-0.37229106678071133,0.007901457181905271,0.3864301466122276,0.0037283163152099052,0.7900228078497818,0.007601034172149085,,,,,,,0.0,0.0,,,,,,,,,2640.0,1920.0,480.0,720.0,480.0,2400.0,96000.0,480.0,480.0,1.0,0.0,0.4673611111111111,0.021381672664362035,1.0,0.0,1.0,0.0,17.943014069800682,0.9442704613174847,18.343249309811284,0.9558231452815316,0.0,0.0,25.876057107164332,2.0465203636417995,-3.0465656485604016,0.2292009723904466,3.0465656485604016,0.2292009723904466,3.19595091410628,0.22244696005082754,0.7994633211878743,0.03259118946402817,3.8460289697482763,0.20091101007489026,,,,,,,,,,,3,0.011755273751738016,,,,,
40,2,2,shrink_c0.375,shrink,0.375,validation,0.006782733369618654,0.001217644943839054,0.8295592032948266,0.005055230656637213,3.0010815663055883,0.09630612786654222,0.5427328139236688,0.011574977578461019,3.2023938062147184,0.10390528032899941,240.0,0.0,0.0,0.0,-0.40338164681101296,0.007811043179323141,0.41196050591378003,0.002597512550386303,0.8295592032948266,0.005055230656637213,3.0010815663055883,0.09630612786654222,0.5427328139236688,0.011574977578461019,3.2023938062147184,0.10390528032899941,240.0,0.0,0.0,0.0,-0.40338164681101296,0.007811043179323141,0.41196050591378003,0.002597512550386303,0.8295592032948266,0.005055230656637213,,,,,,,0.0,0.0,,,,,,,,,2640.0,1920.0,480.0,720.0,480.0,2400.0,96000.0,480.0,480.0,1.0,0.0,0.4673611111111111,0.021381672664362035,1.0,0.0,1.0,0.0,17.943014069800682,0.9442704613174847,8.972548003378243,0.4229707165051525,0.0,0.0,30.32359569318022,2.3918751369658646,-3.4982391022703134,0.21299305165809393,3.4982391022703134,0.21299305165809393,3.5542459075237844,0.2099304789209214,0.34778986747796276,0.01414718400674568,3.8460289697482763,0.20091101007489026,,,,,,,,,,,3,0.006758271753853123,,,,,
40,2,2,shrink_c0.625,shrink,0.625,validation,0.006325099927683671,0.0014935789232988317,0.8303427338963477,0.0054089406008764615,3.5631367424362703,0.20543208149758385,0.5947761534586742,0.01696507356714798,3.8076805253445083,0.2209188854145997,240.0,0.0,0.0,0.0,-0.39027140887875733,0.012061783394103446,0.408009767177512,0.004175688277753238,0.8303427338963477,0.0054089406008764615,3.5631367424362703,0.20543208149758385,0.5947761534586742,0.01696507356714798,3.8076805253445083,0.2209188854145997,240.0,0.0,0.0,0.0,-0.39027140887875733,0.012061783394103446,0.408009767177512,0.004175688277753238,0.8303427338963477,0.0054089406008764615,,,,,,,0.0,0.0,,,,,,,,,2640.0,1920.0,480.0,720.0,480.0,2400.0,96000.0,480.0,480.0,1.0,0.0,0.4673611111111111,0.021381672664362035,1.0,0.0,1.0,0.0,17.943014069800682,0.9442704613174847,3.230117281216167,0.15226945794185506,0.0,0.0,29.46571871363801,2.3910996949484526,-3.266379190618339,0.22118384137201824,3.266379190618339,0.22118384137201824,3.4831489851350796,0.21891733637272218,0.5796497791299379,0.02357864001124271,3.8460289697482763,0.20091101007489026,,,,,,,,,,,3,0.018772977094036455,,,,,
40,2,2,shrink_c0.875,shrink,0.875,validation,0.006596333269650738,0.0015284540578109876,0.8417199382255928,0.024418283995740624,4.267542251759816,0.33158626523786056,0.6530819493956179,0.022822905783646184,4.565055250997037,0.3558516155831968,240.0,0.0,0.0,0.0,-0.37716117094650164,0.01637572096175473,0.40855936629847744,0.008847662838265298,0.8417199382255928,0.024418283995740624,4.267542251759816,0.33158626523786056,0.6530819493956179,0.022822905783646184,4.565055250997037,0.3558516155831968,240.0,0.0,0.0,0.0,-0.37716117094650164,0.01637572096175473,0.40855936629847744,0.008847662838265298,0.8417199382255928,0.024418283995740624,,,,,,,0.0,0.0,,,,,,,,,2640.0,1920.0,480.0,720.0,480.0,2400.0,96000.0,480.0,480.0,1.0,0.0,0.4673611111111111,0.021381672664362035,1.0,0.0,1.0,0.0,17.943014069800682,0.9442704613174847,0.3589019201351297,0.01691882866020614,0.0,0.0,30.00308924578194,2.3642383689006334,-3.034519278966363,0.22946992839643882,3.034519278966363,0.22946992839643882,3.4849619887518792,0.23063124225020146,0.8115096907819132,0.033010096015739884,3.8460289697482763,0.20091101007489026,,,,,,,,,,,3,0.03679503510431146,,,,,
40,2,8,box_factor_a0.875,box_factor,0.875,validation,0.02928193340388437,0.0017874405070504526,0.7716318025123771,0.00941043379831491,1.4586706369069253,0.03864861850402706,0.2828287628500243,0.005988153918124125,1.535477897676546,0.042889559724519945,240.0,0.0,0.0,0.0,-0.37210942978888295,0.005846627008123331,0.3750974927958686,0.006411376992189411,0.7716318025123771,0.00941043379831491,1.4586706369069253,0.03864861850402706,0.2828287628500243,0.005988153918124125,1.535477897676546,0.042889559724519945,240.0,0.0,0.0,0.0,-0.37210942978888295,0.005846627008123331,0.3750974927958686,0.006411376992189411,0.7716318025123771,0.00941043379831491,,,,,,,0.0,0.0,,,,,,,,,32880.0,30720.0,1920.0,2160.0,1920.0,32640.0,1305600.0,1920.0,1920.0,1.0,0.0,0.33975694444444443,0.007887372702500365,1.0,0.0,1.0,0.0,3.454148312110849,0.06924422961924961,3.6464352333714793,0.0745569091805579,0.0,0.0,23.64655856915051,1.5771333547036503,-2.8537051098610307,0.1447112888837239,2.8537051098610307,0.1447112888837239,3.0009828588142624,0.15842114501382965,0.856568955252365,0.02196805058423609,3.7102740651133956,0.16643541833475023,,,,,,,,,,,3,0.002905997086219975,,,,,
40,2,8,box_factor_a0.9,box_factor,0.9,validation,0.02860089996829629,0.005755832154172146,0.7704016377528496,0.009586234241277667,1.474710605700763,0.04020265781417117,0.28500717305531914,0.00617662415502677,1.5530899655611947,0.04457138787102604,240.0,0.0,0.0,0.0,-0.3710117408041092,0.005986973933695723,0.37421389653636056,0.006554692153018587,0.7704016377528496,0.009586234241277667,1.474710605700763,0.04020265781417117,0.28500717305531914,0.00617662415502677,1.5530899655611947,0.04457138787102604,240.0,0.0,0.0,0.0,-0.3710117408041092,0.005986973933695723,0.37421389653636056,0.006554692153018587,0.7704016377528496,0.009586234241277667,,,,,,,0.0,0.0,,,,,,,,,32880.0,30720.0,1920.0,2160.0,1920.0,32640.0,1305600.0,1920.0,1920.0,1.0,0.0,0.33975694444444443,0.007887372702500365,1.0,0.0,1.0,0.0,3.454148312110849,0.06924422961924961,3.606253610675068,0.0734649426376303,0.0,0.0,23.52240972679223,1.5751560869471708,-2.835589843699791,0.14426159688285087,2.835589843699791,0.14426159688285087,2.9909767832382044,0.15843687985548854,0.8746842214136042,0.022418223481446408,3.7102740651133956,0.16643541833475023,,,,,,,,,,,3,0.003037636220573332,,,,,
40,2,8,shrink_c0.375,shrink,0.375,validation,0.026511233299970627,0.005187559827987848,0.8174003785573141,0.004232349540115411,1.1676289676675113,0.01658051718587673,0.24088922066969035,0.002516398645071866,1.211491708244303,0.01875945174046276,240.0,0.0,0.0,0.0,-0.40503663445013705,0.0026576116298993057,0.40517947062316373,0.00280023232591628,0.8174003785573141,0.004232349540115411,1.1676289676675113,0.01658051718587673,0.24088922066969035,0.002516398645071866,1.211491708244303,0.01875945174046276,240.0,0.0,0.0,0.0,-0.40503663445013705,0.0026576116298993057,0.40517947062316373,0.00280023232591628,0.8174003785573141,0.004232349540115411,,,,,,,0.0,0.0,,,,,,,,,32880.0,30720.0,1920.0,2160.0,1920.0,32640.0,1305600.0,1920.0,1920.0,1.0,0.0,0.33975694444444443,0.007887372702500365,1.0,0.0,1.0,0.0,3.454148312110849,0.06924422961924961,2.2685162290906544,0.0491068260894221,0.0,0.0,27.912352503491515,1.5960760412309323,-3.3275980198192046,0.15297074835388189,3.3275980198192046,0.15297074835388189,3.3493770214162737,0.15986156565999676,0.382676045294191,0.016128781039619736,3.7102740651133956,0.16643541833475023,,,,,,,,,,,3,0.0008785368708062717,,,,,
40,2,8,shrink_c0.625,shrink,0.625,validation,0.02732623345218599,0.0027374029572178765,0.8024884453529278,0.006873431210878003,1.3557493600876984,0.046622171463716146,0.26634031274459263,0.006073074653673269,1.4202870874685374,0.051699622027955784,240.0,0.0,0.0,0.0,-0.39144417346961297,0.004550340985271752,0.3927199967215407,0.004769544336390041,0.8024884453529278,0.006873431210878003,1.3557493600876984,0.046622171463716146,0.26634031274459263,0.006073074653673269,1.4202870874685374,0.051699622027955784,240.0,0.0,0.0,0.0,-0.39144417346961297,0.004550340985271752,0.3927199967215407,0.004769544336390041,0.8024884453529278,0.006873431210878003,,,,,,,0.0,0.0,,,,,,,,,32880.0,30720.0,1920.0,2160.0,1920.0,32640.0,1305600.0,1920.0,1920.0,1.0,0.0,0.33975694444444443,0.007887372702500365,1.0,0.0,1.0,0.0,3.454148312110849,0.06924422961924961,0.8166658424726356,0.01767845739219194,0.0,0.0,25.86882242359233,1.5300078182750685,-3.0724806562897435,0.14429816072588442,3.0724806562897435,0.14429816072588442,3.169409667743784,0.15579049366791847,0.6377934088236515,0.026881301732699578,3.7102740651133956,0.16643541833475023,,,,,,,,,,,3,0.0024403801966840885,,,,,
40,2,8,shrink_c0.875,shrink,0.875,validation,0.027831866561124723,0.003759219817470099,0.7905643549807717,0.00888054785846439,1.6012729323495918,0.08181873117588458,0.29618417300447325,0.009812022548603722,1.6896657659014849,0.08971753832849501,240.0,0.0,0.0,0.0,-0.37785171248908894,0.006454357569515846,0.3823842627797928,0.007507599585945594,0.7905643549807717,0.00888054785846439,1.6012729323495918,0.08181873117588458,0.29618417300447325,0.009812022548603722,1.6896657659014849,0.08971753832849501,240.0,0.0,0.0,0.0,-0.37785171248908894,0.006454357569515846,0.3823842627797928,0.007507599585945594,0.7905643549807717,0.00888054785846439,,,,,,,0.0,0.0,,,,,,,,,32880.0,30720.0,1920.0,2160.0,1920.0,32640.0,1305600.0,1920.0,1920.0,1.0,0.0,0.33975694444444443,0.007887372702500365,1.0,0.0,1.0,0.0,3.454148312110849,0.06924422961924961,0.09074064916362619,0.001964273043576903,0.0,0.0,24.909130275303692,1.544114088766963,-2.8173632927602834,0.1359231471395138,2.8173632927602834,0.1359231471395138,3.0782794104949374,0.15878855238303233,0.8929107723531123,0.03763382242577949,3.7102740651133956,0.16643541833475023,,,,,,,,,,,3,0.0047831451855008126,,,,,
40,2,24,box_factor_a0.875,box_factor,0.875,validation,0.3402674999088049,0.01425774017712671,0.764062764819034,0.004226143988911425,1.0303403068636563,0.015339829558771343,0.2146438310141241,0.001482833960604079,1.0645721522957785,0.017528755087190227,240.0,0.0,0.0,0.0,-0.36869548747007713,0.0023995394314949626,0.3711106281045995,0.0026121532193045735,0.764062764819034,0.004226143988911425,1.0303403068636563,0.015339829558771343,0.2146438310141241,0.001482833960604079,1.0645721522957785,0.017528755087190227,240.0,0.0,0.0,0.0,-0.36869548747007713,0.0023995394314949626,0.3711106281045995,0.0026121532193045735,0.764062764819034,0.004226143988911425,,,,,,,0.0,0.0,,,,,,,,,282480.0,276480.0,5760.0,6000.0,5760.0,282240.0,11289600.0,5760.0,5760.0,1.0,0.0,0.1638888888888889,0.002276888376493742,1.0,0.0,1.0,0.0,0.9025493767251048,0.004484031087812772,0.9844558932922821,0.003773688965631679,0.0,0.0,24.28376151151249,0.5059821946628351,-2.904075061717664,0.05892586466626771,2.904075061717664,0.05892586466626771,3.0698491520066113,0.04942207783192638,0.8890553845263969,0.015009580886150802,3.79313044624406,0.04654136791430133,,,,,,,,,,,3,0.0011139498908319505,,,,,
40,2,24,box_factor_a0.9,box_factor,0.9,validation,0.33296676670822006,0.01120040688384592,0.7629896781711129,0.004317448023623162,1.0368837923726255,0.016069640868396202,0.2156203438429981,0.001579131582606251,1.0719682174071141,0.018337086753728492,240.0,0.0,0.0,0.0,-0.3677671329412975,0.0024555150943160057,0.3703089796033756,0.0027215002390006404,0.7629896781711129,0.004317448023623162,1.0368837923726255,0.016069640868396202,0.2156203438429981,0.001579131582606251,1.0719682174071141,0.018337086753728492,240.0,0.0,0.0,0.0,-0.3677671329412975,0.0024555150943160057,0.3703089796033756,0.0027215002390006404,0.7629896781711129,0.004317448023623162,,,,,,,0.0,0.0,,,,,,,,,282480.0,276480.0,5760.0,6000.0,5760.0,282240.0,11289600.0,5760.0,5760.0,1.0,0.0,0.1638888888888889,0.002276888376493742,1.0,0.0,1.0,0.0,0.9025493767251048,0.004484031087812772,0.9668395174725153,0.003924917768581061,0.0,0.0,24.184286431234415,0.5042270206399079,-2.8880035637762114,0.05936586862657842,2.8880035637762114,0.05936586862657842,3.060823051067741,0.049264942330681724,0.9051268824678486,0.015478790727967378,3.79313044624406,0.04654136791430133,,,,,,,,,,,3,0.00115706573827437,,,,,
40,2,24,shrink_c0.375,shrink,0.375,validation,0.32180119996579987,0.02809498465232184,0.8134730456287008,0.0028314418950782295,0.9035893815994327,0.004364899593520446,0.19522119027324358,0.0010304137455748566,0.9163522307122024,0.005245304014660996,240.0,0.0,0.0,0.0,-0.40324999116500765,0.0017754900751713217,0.403337852612802,0.0016823572162880912,0.8134730456287008,0.0028314418950782295,0.9035893815994327,0.004364899593520446,0.19522119027324358,0.0010304137455748566,0.9163522307122024,0.005245304014660996,240.0,0.0,0.0,0.0,-0.40324999116500765,0.0017754900751713217,0.403337852612802,0.0016823572162880912,0.8134730456287008,0.0028314418950782295,,,,,,,0.0,0.0,,,,,,,,,282480.0,276480.0,5760.0,6000.0,5760.0,282240.0,11289600.0,5760.0,5760.0,1.0,0.0,0.1638888888888889,0.002276888376493742,1.0,0.0,1.0,0.0,0.9025493767251048,0.004484031087812772,0.8782123592215538,0.00244549875940615,0.0,0.0,28.405531287641352,0.5436536768993266,-3.4020545399266595,0.05553107941402013,3.4020545399266595,0.05553107941402013,3.420758244236843,0.053238744672369595,0.3910759063174005,0.01042343901390442,3.79313044624406,0.04654136791430133,,,,,,,,,,,3,0.00022829379336611737,,,,,
40,2,24,shrink_c0.625,shrink,0.625,validation,0.3264062333231171,0.023544156096720975,0.7969628214717918,0.004231489627268186,0.9690215907928054,0.01395763340184839,0.20706044912782093,0.0017610141202850083,0.9922686393486927,0.016168822479243967,240.0,0.0,0.0,0.0,-0.3895048845800894,0.0026582235165013572,0.39025277400926944,0.0026578017186280473,0.7969628214717918,0.004231489627268186,0.9690215907928054,0.01395763340184839,0.20706044912782093,0.0017610141202850083,0.9922686393486927,0.016168822479243967,240.0,0.0,0.0,0.0,-0.3895048845800894,0.0026582235165013572,0.39025277400926944,0.0026578017186280473,0.7969628214717918,0.004231489627268186,,,,,,,0.0,0.0,,,,,,,,,282480.0,276480.0,5760.0,6000.0,5760.0,282240.0,11289600.0,5760.0,5760.0,1.0,0.0,0.1638888888888889,0.002276888376493742,1.0,0.0,1.0,0.0,0.9025493767251048,0.004484031087812772,0.31615644931975945,0.0008803795533862136,0.0,0.0,26.08864813085995,0.5238905866318491,-3.141337269048393,0.06177503897031375,3.141337269048393,0.06177503897031375,3.2056936052623857,0.05064443481565648,0.6517931771956674,0.017372398356507446,3.79313044624406,0.04654136791430133,,,,,,,,,,,3,0.0006341494260169928,,,,,
40,2,24,shrink_c0.875,shrink,0.875,validation,0.32712123341237503,0.007240908083810664,0.7824210968607642,0.005545782176940791,1.068176199556308,0.027356628269690934,0.22209630074606557,0.0032055112838279,1.1046843498960104,0.03100853626561631,240.0,0.0,0.0,0.0,-0.3757597779951712,0.0035425663667215126,0.378135986400203,0.003675369641763927,0.7824210968607642,0.005545782176940791,1.068176199556308,0.027356628269690934,0.22209630074606557,0.0032055112838279,1.1046843498960104,0.03100853626561631,240.0,0.0,0.0,0.0,-0.3757597779951712,0.0035425663667215126,0.378135986400203,0.003675369641763927,0.7824210968607642,0.005545782176940791,,,,,,,0.0,0.0,,,,,,,,,282480.0,276480.0,5760.0,6000.0,5760.0,282240.0,11289600.0,5760.0,5760.0,1.0,0.0,0.1638888888888889,0.002276888376493742,1.0,0.0,1.0,0.0,0.9025493767251048,0.004484031087812772,0.03512849436886215,9.781995037625276e-05,0.0,0.0,24.743142638314882,0.45826106692018537,-2.8806199981701255,0.06815560263523132,2.8806199981701255,0.06815560263523132,3.0695552541266564,0.04085986999560476,0.9125104480739344,0.024321357699110452,3.79313044624406,0.04654136791430133,,,,,,,,,,,3,0.0012429328749933059,,,,,
40,2,32,box_factor_a0.875,box_factor,0.875,validation,0.6331382999972751,0.04843305451337142,0.7648999564426476,0.005383054461104657,0.9711602906274103,0.006321593148335868,0.20515894837892767,0.002584237813442916,0.9984508161976077,0.007617520568806027,240.0,0.0,0.0,0.0,-0.36930552984737397,0.002277663705615842,0.3714059431661007,0.0022208598775714833,0.7648999564426476,0.005383054461104657,0.9711602906274103,0.006321593148335868,0.20515894837892767,0.002584237813442916,0.9984508161976077,0.007617520568806027,240.0,0.0,0.0,0.0,-0.36930552984737397,0.002277663705615842,0.3714059431661007,0.0022208598775714833,0.7648999564426476,0.005383054461104657,,,,,,,0.0,0.0,,,,,,,,,499440.0,491520.0,7680.0,7920.0,7680.0,499200.0,19968000.0,7680.0,7680.0,1.0,0.0,0.12044270833333333,0.0035966737804513354,1.0,0.0,1.0,0.0,0.6156431979197338,0.006921049101547971,0.6790354788498595,0.007801048880383941,0.0,0.0,24.06223150541525,0.32995596014473133,-2.869581227628237,0.026222688016525563,2.869581227628237,0.026222688016525563,3.038704531048156,0.031995191134184336,0.9072523276280724,0.008842370738351939,3.7768335552563097,0.035036689730754356,,,,,,,,,,,3,0.000828335895342391,,,,,
40,2,32,box_factor_a0.9,box_factor,0.9,validation,0.6162730334326625,0.046145219749575736,0.7638754065157832,0.005482331375185655,0.9759550866009544,0.006564836680550973,0.20593356995451892,0.002647160468713374,1.003930462158585,0.007894659892484814,240.0,0.0,0.0,0.0,-0.36844469063714663,0.002319738689371886,0.3706454560856451,0.002296159145494346,0.7638754065157832,0.005482331375185655,0.9759550866009544,0.006564836680550973,0.20593356995451892,0.002647160468713374,1.003930462158585,0.007894659892484814,240.0,0.0,0.0,0.0,-0.36844469063714663,0.002319738689371886,0.3706454560856451,0.002296159145494346,0.7638754065157832,0.005482331375185655,,,,,,,0.0,0.0,,,,,,,,,499440.0,491520.0,7680.0,7920.0,7680.0,499200.0,19968000.0,7680.0,7680.0,1.0,0.0,0.12044270833333333,0.0035966737804513354,1.0,0.0,1.0,0.0,0.6156431979197338,0.006921049101547971,0.6652623500494949,0.007614420154782239,0.0,0.0,23.968775875727246,0.3310655234628797,-2.854262948622253,0.026054655606244592,2.854262948622253,0.026054655606244592,3.0305146314460907,0.032156102300476525,0.9225706066340562,0.009022099687317467,3.7768335552563097,0.035036689730754356,,,,,,,,,,,3,0.0008578910540134656,,,,,
40,2,32,shrink_c0.375,shrink,0.375,validation,0.6184088000251601,0.026553141302490358,0.8124306155344035,0.002749159103736078,0.877362576902006,0.0017584469007219717,0.18933767122179979,0.0008211098253689919,0.8867003019322346,0.0021305358490485205,240.0,0.0,0.0,0.0,-0.40295936080303685,0.001257568625331956,0.4030210330318253,0.0012435790576802905,0.8124306155344035,0.002749159103736078,0.877362576902006,0.0017584469007219717,0.18933767122179979,0.0008211098253689919,0.8867003019322346,0.0021305358490485205,240.0,0.0,0.0,0.0,-0.40295936080303685,0.001257568625331956,0.4030210330318253,0.0012435790576802905,0.8124306155344035,0.002749159103736078,,,,,,,0.0,0.0,,,,,,,,,499440.0,491520.0,7680.0,7920.0,7680.0,499200.0,19968000.0,7680.0,7680.0,1.0,0.0,0.12044270833333333,0.0035966737804513354,1.0,0.0,1.0,0.0,0.6156431979197338,0.006921049101547971,0.6914974130247463,0.007795142048522265,0.0,0.0,28.28802545853783,0.29559482519187774,-3.383940532064002,0.029510629151989463,3.383940532064002,0.029510629151989463,3.399619850417929,0.030137665009689237,0.39289302319230784,0.005769276304348197,3.7768335552563097,0.035036689730754356,,,,,,,,,,,3,0.00016436129911609067,,,,,
40,2,32,shrink_c0.625,shrink,0.625,validation,0.6280725333684435,0.05409605828723942,0.795241298513475,0.004345572616460256,0.9221863315310587,0.003327131509360242,0.1984190742314592,0.0017601761501449674,0.939763727512445,0.004245238763745549,240.0,0.0,0.0,0.0,-0.3892099962699424,0.0019281067544326088,0.3896947272383891,0.002086219439308164,0.795241298513475,0.004345572616460256,0.9221863315310587,0.003327131509360242,0.1984190742314592,0.0017601761501449674,0.939763727512445,0.004245238763745549,240.0,0.0,0.0,0.0,-0.3892099962699424,0.0019281067544326088,0.3896947272383891,0.002086219439308164,0.795241298513475,0.004345572616460256,,,,,,,0.0,0.0,,,,,,,,,499440.0,491520.0,7680.0,7920.0,7680.0,499200.0,19968000.0,7680.0,7680.0,1.0,0.0,0.12044270833333333,0.0035966737804513354,1.0,0.0,1.0,0.0,0.6156431979197338,0.006921049101547971,0.2489390686889086,0.002806251137468019,0.0,0.0,25.903478828732663,0.28738686021897414,-3.1220118499357965,0.02588561638614909,3.1220118499357965,0.02588561638614909,3.1817205921952634,0.027552762574373724,0.6548217053205131,0.009615460507247285,3.7768335552563097,0.035036689730754356,,,,,,,,,,,3,0.0004565591642113627,,,,,
40,2,32,shrink_c0.875,shrink,0.875,validation,0.6298711666216453,0.04986727310515536,0.7798727909856807,0.005906526095837561,0.9951570274170275,0.006641482290415612,0.2106883622359926,0.0029099942912494954,1.023571532091525,0.008083172524513982,240.0,0.0,0.0,0.0,-0.3754606317368479,0.002601061197047881,0.3771409520465028,0.002632535210075954,0.7798727909856807,0.005906526095837561,0.9951570274170275,0.006641482290415612,0.2106883622359926,0.0029099942912494954,1.023571532091525,0.008083172524513982,240.0,0.0,0.0,0.0,-0.3754606317368479,0.002601061197047881,0.3771409520465028,0.002632535210075954,0.7798727909856807,0.005906526095837561,,,,,,,0.0,0.0,,,,,,,,,499440.0,491520.0,7680.0,7920.0,7680.0,499200.0,19968000.0,7680.0,7680.0,1.0,0.0,0.12044270833333333,0.0035966737804513354,1.0,0.0,1.0,0.0,0.6156431979197338,0.006921049101547971,0.02765989652098985,0.00031180568194089147,0.0,0.0,24.4602556044386,0.2880098756128365,-2.8600831678075913,0.022334710749879576,2.8600831678075913,0.022334710749879576,3.03392758942616,0.028722677055205852,0.9167503874487184,0.013461644710145966,3.7768335552563097,0.035036689730754356,,,,,,,,,,,3,0.000894855961854271,,,,,
40,3,3,box_factor_a0.875,box_factor,0.875,validation,0.04045710006418327,0.008384498468762951,0.7176030822396827,0.014281533363402335,2.783076712421067,0.07727004398767282,0.45821848023717776,0.012187577800661655,2.9717058190997974,0.08346606892033223,240.0,0.0,0.0,0.0,-0.32059878441362316,0.0037669087717872663,0.3384766879521104,0.008231753879017359,0.7176030822396827,0.014281533363402335,2.783076712421067,0.07727004398767282,0.45821848023717776,0.012187577800661655,2.9717058190997974,0.08346606892033223,240.0,0.0,0.0,0.0,-0.32059878441362316,0.0037669087717872663,0.3384766879521104,0.008231753879017359,0.7176030822396827,0.014281533363402335,,,,,,,0.0,0.0,,,,,,,,,34080.0,28080.0,5760.0,6000.0,5040.0,33120.0,1324800.0,5040.0,5760.0,1.0,0.0,0.3783564814814815,0.008597402656217038,1.0,0.0,1.0,0.0,10.104274223795928,0.10634129667366647,10.458573674310765,0.1073752661744859,0.0,0.0,19.62585955677171,0.7066498360324,-2.3978986368869637,0.07165552733221878,2.3978986368869637,0.07165552733221878,2.576012701897966,0.07008674270384434,0.8794124782059738,0.016737493484180247,3.277311115092937,0.08691410055008436,,,,,,,,,,,3,0.01740769685216416,,,,,
40,3,3,box_factor_a0.9,box_factor,0.9,validation,0.04021976663110157,0.004451761406567598,0.7154841144391346,0.014494095994952617,2.8682780640597123,0.07753200109623792,0.4683418158941796,0.012583850437832413,3.06354181078871,0.08373555550935428,240.0,0.0,0.0,0.0,-0.3171290104344267,0.0039227702774689175,0.33657913098515474,0.008359775476606567,0.7154841144391346,0.014494095994952617,2.8682780640597123,0.07753200109623792,0.4683418158941796,0.012583850437832413,3.06354181078871,0.08373555550935428,240.0,0.0,0.0,0.0,-0.3171290104344267,0.0039227702774689175,0.33657913098515474,0.008359775476606567,0.7154841144391346,0.014494095994952617,,,,,,,0.0,0.0,,,,,,,,,34080.0,28080.0,5760.0,6000.0,5040.0,33120.0,1324800.0,5040.0,5760.0,1.0,0.0,0.3783564814814815,0.008597402656217038,1.0,0.0,1.0,0.0,10.140862849051759,0.10498652021596223,10.422926459960776,0.10581780775659831,0.0,0.0,19.50306077240643,0.7060504903187438,-2.376701206768552,0.07127794611755887,2.376701206768552,0.07127794611755887,2.565104256749407,0.07006016030216564,0.9006099083243851,0.017179751785164166,3.277311115092937,0.08691410055008436,,,,,,,,,,,3,0.01873969851343844,,,,,
40,3,3,shrink_c0.375,shrink,0.375,validation,0.034662200060362615,0.004145958077000587,0.8063220286578652,0.0027833213842283246,2.054696042684571,0.24747185588961085,0.3407511236302901,0.006651767650082067,2.181063143993946,0.2681736235008736,240.0,0.0,0.0,0.0,-0.39292273507329584,0.0022449469771654274,0.3933578196142973,0.0024295345856539976,0.8063220286578652,0.0027833213842283246,2.054696042684571,0.24747185588961085,0.3407511236302901,0.006651767650082067,2.181063143993946,0.2681736235008736,240.0,0.0,0.0,0.0,-0.39292273507329584,0.0022449469771654274,0.3933578196142973,0.0024295345856539976,0.8063220286578652,0.0027833213842283246,,,,,,,0.0,0.0,,,,,,,,,34080.0,28080.0,5760.0,6000.0,5040.0,33120.0,1324800.0,5040.0,5760.0,1.0,0.0,0.37667824074074074,0.007853544445995482,1.0,0.0,1.0,0.0,9.59706670510714,0.13437371021177497,5.142316102311215,0.054080362899059826,0.0,0.0,24.05267844554598,0.7918056915066586,-2.876672752735552,0.08474095127000815,2.876672752735552,0.08474095127000815,2.9337562454556623,0.08371527612007146,0.4006383623573848,0.005049056960496588,3.277311115092937,0.08691410055008436,,,,,,,,,,,3,0.004449031408681201,,,,,
40,3,3,shrink_c0.625,shrink,0.625,validation,0.036411266618718706,0.006017613188475098,0.8037544141901334,0.03321114901730217,5.787717618176264,2.23339840107965,0.5317277298924891,0.03236001521313732,6.198229681443737,2.398924988919304,240.0,0.0,0.0,0.0,-0.35399633380829726,0.0064357783928740775,0.3766011107970229,0.0031561034104901193,0.8037544141901334,0.03321114901730217,5.787717618176264,2.23339840107965,0.5317277298924891,0.03236001521313732,6.198229681443737,2.398924988919304,240.0,0.0,0.0,0.0,-0.35399633380829726,0.0064357783928740775,0.3766011107970229,0.0031561034104901193,0.8037544141901334,0.03321114901730217,,,,,,,0.0,0.0,,,,,,,,,34080.0,28080.0,5760.0,6000.0,5040.0,33120.0,1324800.0,5040.0,5760.0,1.0,0.0,0.3787037037037037,0.0073253465995472035,1.0,0.0,1.0,0.0,10.041718647480522,0.13580477253761986,1.9241966141159452,0.019438684628106207,0.0,0.0,23.42985734050069,0.3827939609130297,-2.585659740393327,0.08659223317993937,2.585659740393327,0.08659223317993937,2.8309332072562357,0.07573463788095397,0.6916513746996102,0.009957241335149556,3.277311115092937,0.08691410055008436,,,,,,,,,,,3,0.033525225290111794,,,,,
40,3,3,shrink_c0.875,shrink,0.875,validation,0.03743286671427389,0.004988896478193384,0.973279663406402,0.19926597510624924,14.398064462553144,7.112468203152573,0.8860581072630384,0.10142283377628673,15.435705476071368,7.629903611076595,240.0,0.0,0.0,0.0,-0.29134343472038365,0.014302702155838305,0.39759454396326516,0.012688361668471348,0.973279663406402,0.19926597510624924,14.398064462553144,7.112468203152573,0.8860581072630384,0.10142283377628673,15.435705476071368,7.629903611076595,240.0,0.0,0.0,0.0,-0.29134343472038365,0.014302702155838305,0.39759454396326516,0.012688361668471348,0.973279663406402,0.19926597510624924,,,,,,,0.0,0.0,,,,,,,,,34080.0,28080.0,5760.0,6000.0,5040.0,33120.0,1324800.0,5040.0,5760.0,1.0,0.0,0.3796875,0.007275113486026726,1.0,0.0,1.0,0.0,10.732119353811717,0.1443762393539762,0.22588420781751975,0.002261621292699341,0.0,0.0,28.980694926009836,3.51705683890906,-2.2654335722369727,0.09396104705610503,2.2654335722369727,0.09396104705610503,2.86387513659519,0.06206128563337019,1.0118775428559643,0.020010066880595624,3.277311115092937,0.08691410055008436,,,,,,,,,,,3,0.18162190279985796,,,,,
40,3,6,box_factor_a0.875,box_factor,0.875,validation,0.27558069994362694,0.019116669731074138,0.7008562518537499,0.0075019753411089945,1.5600501101058786,0.09427945910465271,0.2902599095826653,0.012151324918425634,1.6508083178235005,0.10287959345586059,240.0,0.0,0.0,0.0,-0.32839236971308106,0.004779062118714039,0.33394894567371636,0.0038993203819335126,0.7008562518537499,0.0075019753411089945,1.5600501101058786,0.09427945910465271,0.2902599095826653,0.012151324918425634,1.6508083178235005,0.10287959345586059,240.0,0.0,0.0,0.0,-0.32839236971308106,0.004779062118714039,0.33394894567371636,0.0038993203819335126,0.7008562518537499,0.0075019753411089945,,,,,,,0.0,0.0,,,,,,,,,236400.0,216000.0,20160.0,20400.0,18720.0,234720.0,9388800.0,18720.0,20160.0,1.0,0.0,0.3210648148148148,0.001974389133012973,1.0,0.0,1.0,0.0,4.362870352512364,0.03749466345985343,4.580792083304558,0.039523272567835326,0.0,0.0,18.80831615597164,0.09800801864000448,-2.3039581365058446,0.014840306928236967,2.3039581365058446,0.014840306928236967,2.477370687299812,0.01500337181210736,0.8841985211739208,0.006593859068647442,3.1881566576797655,0.01098672822206431,,,,,,,,,,,3,0.005157211914703418,,,,,
40,3,6,box_factor_a0.9,box_factor,0.9,validation,0.27276573330163956,0.016236462284971012,0.6973970656616667,0.00782052193673256,1.6021721978270655,0.098542117521058,0.29598633575262306,0.012737199447770006,1.6967861394851311,0.10743690386514003,240.0,0.0,0.0,0.0,-0.32550439575108375,0.005027776642625397,0.33155152999853943,0.004091572537123868,0.6973970656616667,0.00782052193673256,1.6021721978270655,0.098542117521058,0.29598633575262306,0.012737199447770006,1.6967861394851311,0.10743690386514003,240.0,0.0,0.0,0.0,-0.32550439575108375,0.005027776642625397,0.33155152999853943,0.004091572537123868,0.6973970656616667,0.00782052193673256,,,,,,,0.0,0.0,,,,,,,,,236400.0,216000.0,20160.0,20400.0,18720.0,234720.0,9388800.0,18720.0,20160.0,1.0,0.0,0.3212136243386243,0.0019556068624951867,1.0,0.0,1.0,0.0,4.371351321303368,0.03768399982989566,4.5442530276765,0.03930377985576963,0.0,0.0,18.689306815004315,0.0997897600696081,-2.2842824362802605,0.014981812921943349,2.2842824362802605,0.014981812921943349,2.4668178102907645,0.015320661815695082,0.9038742213995041,0.006747743458308548,3.1881566576797655,0.01098672822206431,,,,,,,,,,,3,0.005535811846315523,,,,,
40,3,6,shrink_c0.375,shrink,0.375,validation,0.2579222333151847,0.0068401536136915835,0.8000918569075809,0.003360171421280984,1.088912082042958,0.02848750699906987,0.22455825019376754,0.0031637710264710663,1.125869121211874,0.03202802449467468,240.0,0.0,0.0,0.0,-0.3950828192866167,0.0016194684902487984,0.3952600747385313,0.0017163380070622388,0.8000918569075809,0.003360171421280984,1.088912082042958,0.02848750699906987,0.22455825019376754,0.0031637710264710663,1.125869121211874,0.03202802449467468,240.0,0.0,0.0,0.0,-0.3950828192866167,0.0016194684902487984,0.3952600747385313,0.0017163380070622388,0.8000918569075809,0.003360171421280984,,,,,,,0.0,0.0,,,,,,,,,236400.0,216000.0,20160.0,20400.0,18720.0,234720.0,9388800.0,18720.0,20160.0,1.0,0.0,0.31674933862433857,0.0018916529035653004,1.0,0.0,1.0,0.0,4.232636462905994,0.03719776925193794,2.6126763218192557,0.022215027615146113,0.0,0.0,22.917274500964933,0.1014703924674609,-2.7887309970406142,0.012113426444536333,2.7887309970406142,0.012113426444536333,2.8166294318179843,0.014288103664192222,0.3994256606391515,0.0036164098548667036,3.1881566576797655,0.01098672822206431,,,,,,,,,,,3,0.0014432418281802297,,,,,
40,3,6,shrink_c0.625,shrink,0.625,validation,0.2560141667102774,0.01469012445662718,0.7614356830703488,0.008898438393822986,1.727898609645437,0.17817911923787969,0.2981164428096868,0.013937619815952195,1.8292340034829007,0.19399372887346242,240.0,0.0,0.0,0.0,-0.3638572861555487,0.0040540731958857885,0.36568206887130383,0.0043952599357253265,0.7614356830703488,0.008898438393822986,1.727898609645437,0.17817911923787969,0.2981164428096868,0.013937619815952195,1.8292340034829007,0.19399372887346242,240.0,0.0,0.0,0.0,-0.3638572861555487,0.0040540731958857885,0.36568206887130383,0.0043952599357253265,0.7614356830703488,0.008898438393822986,,,,,,,0.0,0.0,,,,,,,,,236400.0,216000.0,20160.0,20400.0,18720.0,234720.0,9388800.0,18720.0,20160.0,1.0,0.0,0.31959325396825394,0.0017614365976751187,1.0,0.0,1.0,0.0,4.316371111366382,0.043806344876461706,0.9566117261111485,0.009185056661333596,0.0,0.0,21.00997860023976,0.16096460329626633,-2.514461558806909,0.013580320999852024,2.514461558806909,0.013580320999852024,2.6409716728021215,0.019804710808644186,0.6736950988728561,0.006358083019171812,3.1881566576797655,0.01098672822206431,,,,,,,,,,,3,0.007339584570571446,,,,,
40,3,6,shrink_c0.875,shrink,0.875,validation,0.25671060003029805,0.007394342915502969,0.735517916118785,0.01412958296642379,3.132909700488255,0.5129861568139811,0.4343756649299255,0.03562030952531659,3.3475115050007918,0.5524645007782729,240.0,0.0,0.0,0.0,-0.3188561370799305,0.00799966861626447,0.3425729047933328,0.007454426957458408,0.735517916118785,0.01412958296642379,3.132909700488255,0.5129861568139811,0.4343756649299255,0.03562030952531659,3.3475115050007918,0.5524645007782729,240.0,0.0,0.0,0.0,-0.3188561370799305,0.00799966861626447,0.3425729047933328,0.007454426957458408,0.735517916118785,0.01412958296642379,,,,,,,0.0,0.0,,,,,,,,,236400.0,216000.0,20160.0,20400.0,18720.0,234720.0,9388800.0,18720.0,20160.0,1.0,0.0,0.321412037037037,0.0019213361377905605,1.0,0.0,1.0,0.0,4.45178621472516,0.054718253166767934,0.10894063255456872,0.0012200165230407658,0.0,0.0,20.566194021118942,0.2260993176809582,-2.2317268393651997,0.015810860696811174,2.2317268393651997,0.015810860696811174,2.5721224814969186,0.0252979704188188,0.9564298183145657,0.009571334070567896,3.1881566576797655,0.01098672822206431,,,,,,,,,,,3,0.028582046739190032,,,,,
40,3,10,box_factor_a0.875,box_factor,0.875,validation,1.2687199000113953,0.17636574713052833,0.7084449031497754,0.005232343148138266,1.1410407271534029,0.02948723367157063,0.2259543642573397,0.004829162695771793,1.1924954947380775,0.03280482807711444,240.0,0.0,0.0,0.0,-0.332920424535404,0.00429272726176404,0.3381150098357329,0.0032436155078498677,0.7084449031497754,0.005232343148138266,1.1410407271534029,0.02948723367157063,0.2259543642573397,0.004829162695771793,1.1924954947380775,0.03280482807711444,240.0,0.0,0.0,0.0,-0.332920424535404,0.00429272726176404,0.3381150098357329,0.0032436155078498677,0.7084449031497754,0.005232343148138266,,,,,,,0.0,0.0,,,,,,,,,1037040.0,984000.0,52800.0,53040.0,50400.0,1034400.0,41376000.0,50400.0,52800.0,0.9999242424242425,6.56079851352052e-05,0.27307449494949493,0.002693281263702647,0.9999242424242425,6.56079851352052e-05,0.9999242424242425,6.56079851352052e-05,2.3382331343619986,0.03346539794213638,2.4889358900849654,0.03545509589287234,0.0,0.0,18.674622574053185,0.3068621086678216,-2.29445796398308,0.039341370619579284,2.29445796398308,0.039341370619579284,2.455165442149864,0.036539325046435936,0.8805558050302285,0.007450918201897912,3.1750137690133085,0.04618841431563569,,,,,,,,,,,3,0.0018849137326520193,,,,,
40,3,10,box_factor_a0.9,box_factor,0.9,validation,1.238900866669913,0.16060832887683257,0.7053753109958351,0.005431683691232576,1.1643622980668482,0.03137559208307616,0.2292772000847383,0.005041425310158482,1.2184132876232079,0.03484756286300693,240.0,0.0,0.0,0.0,-0.3304337304609346,0.004474552248148832,0.33597436134176367,0.0033496681133074893,0.7053753109958351,0.005431683691232576,1.1643622980668482,0.03137559208307616,0.2292772000847383,0.005041425310158482,1.2184132876232079,0.03484756286300693,240.0,0.0,0.0,0.0,-0.3304337304609346,0.004474552248148832,0.33597436134176367,0.0033496681133074893,0.7053753109958351,0.005431683691232576,,,,,,,0.0,0.0,,,,,,,,,1037040.0,984000.0,52800.0,53040.0,50400.0,1034400.0,41376000.0,50400.0,52800.0,0.9999242424242425,6.56079851352052e-05,0.2732386363636364,0.0027150795402730156,0.9999242424242425,6.56079851352052e-05,0.9999242424242425,6.56079851352052e-05,2.340943894913135,0.033407033352196976,2.460144234086068,0.03497897251342813,0.0,0.0,18.56081244283854,0.30335356240352646,-2.27607786245026,0.039176045637990375,2.27607786245026,0.039176045637990375,2.444917720622682,0.03610678244155434,0.8989359065630483,0.007606369558547401,3.1750137690133085,0.04618841431563569,,,,,,,,,,,3,0.0020235610187580486,,,,,
40,3,10,shrink_c0.375,shrink,0.375,validation,1.3004670000324647,0.1465536593603599,0.8033700296227043,0.003375703888120553,0.8986294983518109,0.008793042044874556,0.1922928337417602,0.0017083135690157923,0.9120715257934945,0.009589184348339852,240.0,0.0,0.0,0.0,-0.3967810572105295,0.0020581120747019286,0.39695072444160634,0.002044521000116785,0.8033700296227043,0.003375703888120553,0.8986294983518109,0.008793042044874556,0.1922928337417602,0.0017083135690157923,0.9120715257934945,0.009589184348339852,240.0,0.0,0.0,0.0,-0.3967810572105295,0.0020581120747019286,0.39695072444160634,0.002044521000116785,0.8033700296227043,0.003375703888120553,,,,,,,0.0,0.0,,,,,,,,,1037040.0,984000.0,52800.0,53040.0,50400.0,1034400.0,41376000.0,50400.0,52800.0,0.9999053030303031,6.56079851352052e-05,0.2698042929292929,0.002877375384469822,1.0,0.0,1.0,0.0,2.295749093369608,0.03452628468203175,1.6359760921111952,0.022924891914727782,0.0,0.0,22.697850976588068,0.38973998739621707,-2.7765573788129174,0.041141267652310735,2.7765573788129174,0.041141267652310735,2.79604524987503,0.04162823966459911,0.3984563902003911,0.00524783182364767,3.1750137690133085,0.04618841431563569,,,,,,,,,,,3,0.0003599303582986655,,,,,
40,3,10,shrink_c0.625,shrink,0.625,validation,1.304511733353138,0.12933317684892087,0.7680953954134605,0.007048210480737634,1.1437660517938069,0.006613901833562281,0.226282326457397,0.0008973539485109923,1.1899685088562253,0.007779567484870883,240.0,0.0,0.0,0.0,-0.36921374230758713,0.004637437282103654,0.3699350299966577,0.004624862385119092,0.7680953954134605,0.007048210480737634,1.1437660517938069,0.006613901833562281,0.226282326457397,0.0008973539485109923,1.1899685088562253,0.007779567484870883,240.0,0.0,0.0,0.0,-0.36921374230758713,0.004637437282103654,0.3699350299966577,0.004624862385119092,0.7680953954134605,0.007048210480737634,,,,,,,0.0,0.0,,,,,,,,,1037040.0,984000.0,52800.0,53040.0,50400.0,1034400.0,41376000.0,50400.0,52800.0,0.9999242424242425,6.56079851352052e-05,0.2719570707070707,0.0027855936300451105,1.0,0.0,1.0,0.0,2.3214651009703684,0.03430183929496443,0.5948087799520154,0.008191323924401734,0.0,0.0,20.50555206337651,0.3455183571558953,-2.5060913289742666,0.037953082280290505,2.5060913289742666,0.037953082280290505,2.595666677075584,0.03854741168654205,0.6689224400390418,0.008611188771565314,3.1750137690133085,0.04618841431563569,,,,,,,,,,,3,0.001955584140455964,,,,,
40,3,10,shrink_c0.875,shrink,0.875,validation,1.3255002999988694,0.14738602294181263,0.7318231001042171,0.009390465364742421,1.8348654310193435,0.06342617615358685,0.30610392903641265,0.006432167894907852,1.9472245782244808,0.06926491845613876,240.0,0.0,0.0,0.0,-0.33125268025731364,0.008788036900146892,0.34124470316430094,0.0045182594143377925,0.7318231001042171,0.009390465364742421,1.8348654310193435,0.06342617615358685,0.30610392903641265,0.006432167894907852,1.9472245782244808,0.06926491845613876,240.0,0.0,0.0,0.0,-0.33125268025731364,0.008788036900146892,0.34124470316430094,0.0045182594143377925,0.7318231001042171,0.009390465364742421,,,,,,,0.0,0.0,,,,,,,,,1037040.0,984000.0,52800.0,53040.0,50400.0,1034400.0,41376000.0,50400.0,52800.0,0.9999242424242425,6.56079851352052e-05,0.27340277777777783,0.002836507532987597,1.0,0.0,1.0,0.0,2.365023266272836,0.03380804843453584,0.06704834692593041,0.0009000955633192084,0.0,0.0,19.49026610133444,0.3177309061008094,-2.2306304767115126,0.035006948097769636,2.2306304767115126,0.035006948097769636,2.4875866194387535,0.03872970854891784,0.9443832923017957,0.011774120001421664,3.1750137690133085,0.04618841431563569,,,,,,,,,,,3,0.007707837185809123,,,,,
40,4,2,box_factor_a0.875,box_factor,0.875,validation,0.07329463330097497,0.0025785774024078036,0.7372948730264722,0.022035276558996154,5.09422320672552,0.3008697677030915,0.748172157901212,0.033224293460093646,5.455800037658673,0.32272348895801706,240.0,0.0,0.0,0.0,-0.287682506739618,0.010252327033198408,0.33645933986481685,0.0067389232016869015,0.7372948730264722,0.022035276558996154,5.09422320672552,0.3008697677030915,0.748172157901212,0.033224293460093646,5.455800037658673,0.32272348895801706,240.0,0.0,0.0,0.0,-0.287682506739618,0.010252327033198408,0.33645933986481685,0.0067389232016869015,0.7372948730264722,0.022035276558996154,,,,,,,0.0,0.0,,,,,,,,,52080.0,38400.0,13440.0,13680.0,11040.0,49440.0,1977600.0,11040.0,13440.0,1.0,0.0,0.35553075396825395,0.002518063521130371,1.0,0.0,1.0,0.0,14.610174129173828,0.34413287488788225,15.021889116450064,0.3488645026771943,0.0,0.0,15.982204523303352,0.4242707725020778,-1.9514783399402447,0.03699734487967052,1.9514783399402447,0.03699734487967052,2.166649897347678,0.03725670068452435,0.8823328950997196,0.00744121052023427,2.8338112350399647,0.030980724677753715,,,,,,,,,,,3,0.07310807744108988,,,,,
40,4,2,box_factor_a0.9,box_factor,0.9,validation,0.07425790000706911,0.001370039986575798,0.7400864483056931,0.02303268606317459,5.287218452904747,0.32399801964700176,0.7715128084651468,0.03544101540115001,5.662995768159408,0.34751605682727027,240.0,0.0,0.0,0.0,-0.2819616538520478,0.010701325672637024,0.33593579449917793,0.0068462980289539935,0.7400864483056931,0.02303268606317459,5.287218452904747,0.32399801964700176,0.7715128084651468,0.03544101540115001,5.662995768159408,0.34751605682727027,240.0,0.0,0.0,0.0,-0.2819616538520478,0.010701325672637024,0.33593579449917793,0.0068462980289539935,0.7400864483056931,0.02303268606317459,,,,,,,0.0,0.0,,,,,,,,,52080.0,38400.0,13440.0,13680.0,11040.0,49440.0,1977600.0,11040.0,13440.0,1.0,0.0,0.3557787698412698,0.0024044751960548157,1.0,0.0,1.0,0.0,14.717173914092063,0.3479459300006554,15.045814422663286,0.35176162021873736,0.0,0.0,15.871442911684086,0.42246483260309436,-1.9293190627983965,0.03728876412179956,1.9293190627983965,0.03728876412179956,2.156995759588187,0.03695911157239554,0.9044921722415681,0.007638864026889108,2.8338112350399647,0.030980724677753715,,,,,,,,,,,3,0.07940797593560377,,,,,
40,4,2,shrink_c0.375,shrink,0.375,validation,0.0704825665646543,0.0029385687802448443,17.220858729132086,25.64930747293305,166.6777295486468,249.48917940771602,2.8971615064296117,3.604755950971057,178.6277790620915,267.3797002236009,240.0,0.0,0.0,0.0,0.1721354140101524,1.0970534036471835,1.0591353521163793,1.0236581327580883,17.220858729132086,25.64930747293305,166.6777295486468,249.48917940771602,2.8971615064296117,3.604755950971057,178.6277790620915,267.3797002236009,240.0,0.0,0.0,0.0,0.1721354140101524,1.0970534036471835,1.0591353521163793,1.0236581327580883,17.220858729132086,25.64930747293305,,,,,,,0.0,0.0,,,,,,,,,52080.0,38400.0,13440.0,13680.0,11040.0,49440.0,1977600.0,11040.0,13440.0,1.0,0.0,0.35602678571428575,0.0018240551595433494,1.0,0.0,1.0,0.0,16.485215946194813,4.589756189723069,7.973632278893185,1.7872346761734361,0.0,0.0,206.6653020880336,318.4520104105997,-2.3547783377107803,0.09489388037336419,2.3547783377107803,0.09489388037336419,2.5970314497136022,0.1299820374821088,0.47903289732918425,0.1002327124615272,2.8338112350399647,0.030980724677753715,,,,,,,,,,,3,270.9743866201324,,,,,
40,4,2,shrink_c0.625,shrink,0.625,validation,0.07471770009336372,0.004807780385076195,551.7514365640083,938.8696985421219,5356.736849183534,9093.40790148656,78.26374349154109,130.83104060892884,5740.832423404446,9745.406182015484,240.0,0.0,0.0,0.0,20.811116354673604,37.181751661887745,22.074438260359205,36.83472039059637,551.7514365640083,938.8696985421219,5356.736849183534,9093.40790148656,78.26374349154109,130.83104060892884,5740.832423404446,9745.406182015484,240.0,0.0,0.0,0.0,20.811116354673604,37.181751661887745,22.074438260359205,36.83472039059637,551.7514365640083,938.8696985421219,,,,,,,0.0,0.0,,,,,,,,,52080.0,38400.0,13440.0,13680.0,11040.0,49440.0,1977600.0,11040.0,13440.0,1.0,0.0,0.35873015873015873,0.001677548271139476,1.0,0.0,1.0,0.0,75.91801385962408,103.10364733823099,11.256630473981287,14.499137578445094,0.0,0.0,225147.7687725081,389840.1521381675,0.2840076430209037,4.0336865703142735,3.0104612590881117,1.6725137879161387,4.895887340174537,4.084760145182847,3.1178188780608695,4.04178712139383,2.8338112350399647,0.030980724677753715,,,,,,,,,,,3,328306.5108924667,,,,,
40,4,2,shrink_c0.875,shrink,0.875,validation,0.07495086671163638,0.0013208146006162035,5711.363672138788,9846.449197588643,55406.33521129386,95400.48584484811,800.3264427822005,1372.287534926982,59379.08312295046,102240.76247411546,240.0,0.0,0.0,0.0,222.29556052499004,386.77770261780347,224.55087594148722,385.8809764947157,5711.363672138788,9846.449197588643,55406.33521129386,95400.48584484811,800.3264427822005,1372.287534926982,59379.08312295046,102240.76247411546,240.0,0.0,0.0,0.0,222.29556052499004,386.77770261780347,224.55087594148722,385.8809764947157,5711.363672138788,9846.449197588643,,,,,,,0.0,0.0,,,,,,,,,52080.0,38400.0,13440.0,13680.0,11040.0,49440.0,1977600.0,11040.0,13440.0,1.0,0.0,0.36041666666666666,0.0014523230130910289,1.0,0.0,1.0,0.0,468.8728658694601,772.6513274268158,7.391182708923236,12.066960518859148,0.0,0.0,24540811.126887795,42505093.27538582,23.070372953719694,42.567185925096574,25.078107665265325,40.82843682791887,27.514166238922282,42.697351292459096,25.904184188759658,42.57523986903,2.8338112350399647,0.030980724677753715,,,,,,,,,,,3,35789485.52732176,,,,,
40,4,3,box_factor_a0.875,box_factor,0.875,validation,0.1824447000399232,0.01643667101888113,0.6790594772522444,0.0267561853921801,3.0633377332002554,0.36519439075195126,0.49581090647448045,0.031370099786140374,3.2745779997411018,0.3931879005690021,240.0,0.0,0.0,0.0,-0.29501803293669693,0.010763656476547912,0.31647979092828465,0.011779402603770674,0.6790594772522444,0.0267561853921801,3.0633377332002554,0.36519439075195126,0.49581090647448045,0.031370099786140374,3.2745779997411018,0.3931879005690021,240.0,0.0,0.0,0.0,-0.29501803293669693,0.010763656476547912,0.31647979092828465,0.011779402603770674,0.6790594772522444,0.0267561853921801,,,,,,,0.0,0.0,,,,,,,,,219840.0,181440.0,38160.0,38400.0,33120.0,214560.0,8582400.0,33120.0,38160.0,1.0,0.0,0.3277166317260657,0.005810306512745473,1.0,0.0,1.0,0.0,8.774359253658,0.15205669070632216,9.087202702394883,0.15744458763880242,0.0,0.0,15.32127267587739,0.22898955290717016,-1.8981861045320712,0.01948131297942472,1.8981861045320712,0.01948131297942472,2.08612166367173,0.026767575357571287,0.8740215757833701,0.01384091938029488,2.772207680315441,0.02929440047110371,,,,,,,,,,,3,0.02543790934359799,,,,,
40,4,3,box_factor_a0.9,box_factor,0.9,validation,0.18330376680629948,0.01107245785654164,0.6765042886875133,0.02732765181715275,3.194301475550784,0.3774145288498715,0.513440840468031,0.033038817109924276,3.4155457690637596,0.4062315698432306,240.0,0.0,0.0,0.0,-0.2898645448318595,0.01137203693062053,0.313939246480128,0.012018681210174974,0.6765042886875133,0.02732765181715275,3.194301475550784,0.3774145288498715,0.513440840468031,0.033038817109924276,3.4155457690637596,0.4062315698432306,240.0,0.0,0.0,0.0,-0.2898645448318595,0.01137203693062053,0.313939246480128,0.012018681210174974,0.6765042886875133,0.02732765181715275,,,,,,,0.0,0.0,,,,,,,,,219840.0,181440.0,38160.0,38400.0,33120.0,214560.0,8582400.0,33120.0,38160.0,1.0,0.0,0.327856394129979,0.005800646221142357,1.0,0.0,1.0,0.0,8.817769222137715,0.15209828900563999,9.067002097705492,0.15639242978448187,0.0,0.0,15.206618186040453,0.23100411325232958,-1.8771556384343626,0.01933131808924543,1.8771556384343626,0.01933131808924543,2.0759283125679904,0.02702138190166243,0.8950520418810788,0.01414898461540686,2.772207680315441,0.02929440047110371,,,,,,,,,,,3,0.027880553313925614,,,,,
40,4,3,shrink_c0.375,shrink,0.375,validation,0.18165273335762322,0.011960295791790108,0.8875652426019567,0.10655975515120644,3.9374175586920077,1.7053660742702814,0.3931905270051441,0.056989136525615276,4.20690386864246,1.8344344844466485,240.0,0.0,0.0,0.0,-0.3892037132155723,0.015473675248857734,0.40339486769434724,0.014153793051304691,0.8875652426019567,0.10655975515120644,3.9374175586920077,1.7053660742702814,0.3931905270051441,0.056989136525615276,4.20690386864246,1.8344344844466485,240.0,0.0,0.0,0.0,-0.3892037132155723,0.015473675248857734,0.40339486769434724,0.014153793051304691,0.8875652426019567,0.10655975515120644,,,,,,,0.0,0.0,,,,,,,,,219840.0,181440.0,38160.0,38400.0,33120.0,214560.0,8582400.0,33120.0,38160.0,1.0,0.0,0.32458071278825995,0.005893780065529558,1.0,0.0,1.0,0.0,8.350872685593094,0.17226267614115998,4.489882006777894,0.08634893666753997,0.0,0.0,19.539658984915857,0.2525462680234315,-2.3658191421227257,0.02338996618100044,2.3658191421227257,0.02338996618100044,2.427048578259659,0.026888111403641165,0.4063885381927153,0.007333623491696892,2.772207680315441,0.02929440047110371,,,,,,,,,,,3,0.0654607313445248,,,,,
40,4,3,shrink_c0.625,shrink,0.625,validation,0.1744179332939287,0.011150247252417858,3.7254982168969093,2.445214843166474,44.87019327590887,31.841229674236573,1.719686955219985,0.8023073636091562,48.09904367449004,34.1352413348377,240.0,0.0,0.0,0.0,-0.20936993077114055,0.1303264730765506,0.5979417553849471,0.1820717183802832,3.7254982168969093,2.445214843166474,44.87019327590887,31.841229674236573,1.719686955219985,0.8023073636091562,48.09904367449004,34.1352413348377,240.0,0.0,0.0,0.0,-0.20936993077114055,0.1303264730765506,0.5979417553849471,0.1820717183802832,3.7254982168969093,2.445214843166474,,,,,,,0.0,0.0,,,,,,,,,219840.0,181440.0,38160.0,38400.0,33120.0,214560.0,8582400.0,33120.0,38160.0,1.0,0.0,0.327585604472397,0.0060380869130311505,1.0,0.0,1.0,0.0,10.161798933214675,1.3471590811265044,1.8865089027112993,0.18975747159080028,0.0,0.0,28.36157311741894,8.023128147906048,-2.050932133472948,0.028345734297921327,2.050932133472948,0.028345734297921327,2.3410780698020512,0.03957822414082208,0.721275546842494,0.026594303606585937,2.772207680315441,0.02929440047110371,,,,,,,,,,,3,6.5327473946662105,,,,,
40,4,3,shrink_c0.875,shrink,0.875,validation,0.17167409990603724,0.01613912447089801,29.455730643008646,24.864671415215927,390.6234139710755,314.54469032192605,9.76137997858617,6.396734791924598,418.76649004126585,337.1959901854551,240.0,0.0,0.0,0.0,1.092725850237415,1.175061139999007,2.149334626515304,1.377043865044877,29.455730643008646,24.864671415215927,390.6234139710755,314.54469032192605,9.76137997858617,6.396734791924598,418.76649004126585,337.1959901854551,240.0,0.0,0.0,0.0,1.092725850237415,1.175061139999007,2.149334626515304,1.377043865044877,29.455730643008646,24.864671415215927,,,,,,,0.0,0.0,,,,,,,,,219840.0,181440.0,38160.0,38400.0,33120.0,214560.0,8582400.0,33120.0,38160.0,1.0,0.0,0.3294287211740042,0.006031524783272503,1.0,0.0,1.0,0.0,18.98155728270736,10.451653861895267,0.3496695672285774,0.16349934516559922,0.0,0.0,708.2676765900015,608.4321257294595,-1.5866010411886808,0.1512733596131026,1.5866010411886808,0.1512733596131026,2.544515720809948,0.14286748010308686,1.1856066391267606,0.1500105112606484,2.772207680315441,0.02929440047110371,,,,,,,,,,,3,470.242269050524,,,,,
40,5,2,box_factor_a0.875,box_factor,0.875,validation,0.2337556667625904,0.012208752868227183,0.7079426779239579,0.008528175747842644,5.853631492679251,0.3736185853611818,0.8858947486838571,0.04808440733708455,6.271694564888531,0.401035033080682,240.0,0.0,0.0,0.0,-0.2431921390436729,0.008687707759499492,0.3108445106399717,0.0073550880379192295,0.7079426779239579,0.008528175747842644,5.853631492679251,0.3736185853611818,0.8858947486838571,0.04808440733708455,6.271694564888531,0.401035033080682,240.0,0.0,0.0,0.0,-0.2431921390436729,0.008687707759499492,0.3108445106399717,0.0073550880379192295,0.7079426779239579,0.008528175747842644,,,,,,,0.0,0.0,,,,,,,,,231600.0,170880.0,60480.0,60720.0,49440.0,220320.0,8812800.0,49440.0,60480.0,1.0,0.0,0.3113095238095238,0.0037761813738081697,1.0,0.0,1.0,0.0,13.39572038609685,0.3872787965325066,13.772563383869775,0.3944216457309958,0.0,0.0,12.509801701366591,0.14114822216536693,-1.5571172605774068,0.004706131880711061,1.5571172605774068,0.004706131880711061,1.7674220899520383,0.003351642288481238,0.8904340270473595,0.01575633078359319,2.4475512876247665,0.012366432597499833,,,,,,,,,,,3,0.08793023649165878,,,,,
40,5,2,box_factor_a0.9,box_factor,0.9,validation,0.22866886667907238,0.008315610581494975,0.7149418403036399,0.011306906888275566,6.122795901048278,0.41055270274931255,0.9231033075122959,0.05205303564598084,6.560509201023692,0.44061143303536215,240.0,0.0,0.0,0.0,-0.2343854256183215,0.008723987619814192,0.3113201034291577,0.006476147183395756,0.7149418403036399,0.011306906888275566,6.122795901048278,0.41055270274931255,0.9231033075122959,0.05205303564598084,6.560509201023692,0.44061143303536215,240.0,0.0,0.0,0.0,-0.2343854256183215,0.008723987619814192,0.3113201034291577,0.006476147183395756,0.7149418403036399,0.011306906888275566,,,,,,,0.0,0.0,,,,,,,,,231600.0,170880.0,60480.0,60720.0,49440.0,220320.0,8812800.0,49440.0,60480.0,1.0,0.0,0.3114252645502646,0.003804634989521077,1.0,0.0,1.0,0.0,13.514509466237087,0.39529472157401174,13.815522349635755,0.4010582377442799,0.0,0.0,12.400233408802558,0.14020564586603823,-1.5348039222941872,0.005098027686484775,1.5348039222941872,0.005098027686484775,1.7573204031314145,0.0031592377727772576,0.9127473653305794,0.016207488116032055,2.4475512876247665,0.012366432597499833,,,,,,,,,,,3,0.09710844223722645,,,,,
40,5,2,shrink_c0.375,shrink,0.375,validation,0.22414263330089548,0.007561265933982512,6.1924807595760365,7.6635367222446344,61.032483070699385,49.38183657195248,1.9135650880492874,0.9764696761143834,65.40483587616701,52.885774524188164,240.0,0.0,0.0,0.0,-0.030557444335005474,0.4419717512284937,0.7307859208921753,0.417105597183746,6.1924807595760365,7.6635367222446344,61.032483070699385,49.38183657195248,1.9135650880492874,0.9764696761143834,65.40483587616701,52.885774524188164,240.0,0.0,0.0,0.0,-0.030557444335005474,0.4419717512284937,0.7307859208921753,0.417105597183746,6.1924807595760365,7.6635367222446344,,,,,,,0.0,0.0,,,,,,,,,231600.0,170880.0,60480.0,60720.0,49440.0,220320.0,8812800.0,49440.0,60480.0,1.0,0.0,0.3092813051146384,0.0036113296451437283,1.0,0.0,1.0,0.0,15.668162389860747,3.6107043841606883,7.515120626740071,1.4065719254661957,0.0,0.0,23.292440606428514,7.377017337258632,-2.00957612891793,0.017645590891967718,2.00957612891793,0.017645590891967718,2.1270451164397532,0.0010769860025350289,0.43797515870683634,0.010221345778025881,2.4475512876247665,0.012366432597499833,,,,,,,,,,,3,29.0438747600418,,,,,
40,5,2,shrink_c0.625,shrink,0.625,validation,0.2255101667251438,0.014008344612975877,702.7449825496882,565.8124558287965,7961.922082098278,7440.422234622192,178.30329699610488,164.59667645115871,8533.888415784584,7977.249841494709,240.0,0.0,0.0,0.0,39.92994738084446,31.774644466615054,41.222570486481224,31.891434266328258,702.7449825496882,565.8124558287965,7961.922082098278,7440.422234622192,178.30329699610488,164.59667645115871,8533.888415784584,7977.249841494709,240.0,0.0,0.0,0.0,39.92994738084446,31.774644466615054,41.222570486481224,31.891434266328258,702.7449825496882,565.8124558287965,,,,,,,0.0,0.0,,,,,,,,,231600.0,170880.0,60480.0,60720.0,49440.0,220320.0,8812800.0,49440.0,60480.0,1.0,0.0,0.31181106701940037,0.0036528034838811947,1.0,0.0,1.0,0.0,1014.4275257976428,1676.8936725095184,143.22084518119328,235.85648003070173,0.0,0.0,94440.92441445727,132747.55309691615,-0.04973233873077435,1.4411704075271934,1.107279210052834,0.49150913346824343,3.748542809396725,1.4547658914435013,2.3978189488939923,1.44266068846327,2.4475512876247665,0.012366432597499833,,,,,,,,,,,3,260455.03232011522,,,,,
40,5,2,shrink_c0.875,shrink,0.875,validation,0.22261590006140372,0.008005048082429574,52422.33467859061,72261.94161182079,583773.0691230685,832421.3366346615,12621.692920679146,18548.382781668377,625723.806314626,892300.6192201735,240.0,0.0,0.0,0.0,2754.355852042942,3844.002009029534,2767.035237137166,3840.0389839954505,52422.33467859061,72261.94161182079,583773.0691230685,832421.3366346615,12621.692920679146,18548.382781668377,625723.806314626,892300.6192201735,240.0,0.0,0.0,0.0,2754.355852042942,3844.002009029534,2767.035237137166,3840.0389839954505,52422.33467859061,72261.94161182079,,,,,,,0.0,0.0,,,,,,,,,231600.0,170880.0,60480.0,60720.0,49440.0,220320.0,8812800.0,49440.0,60480.0,1.0,0.0,0.3136078042328042,0.003657241461738541,1.0,0.0,1.0,0.0,60333.87922333658,103660.59953601316,942.791008777281,1619.716659008709,0.0,0.0,699570521.878214,1196788460.6594486,108.88112661616186,162.18497645315955,108.88112661616186,162.18497645315955,113.36342423293873,161.72029872196813,111.32867790378664,162.18849904050117,2.4475512876247665,0.012366432597499833,,,,,,,,,,,3,2292355683.4374456,,,,,
60,2,2,box_factor_a0.875,box_factor,0.875,validation,0.006746100028976798,0.0009482200154677206,0.8563998079785496,0.011424457381610239,4.179621389240834,0.050463353950761264,0.6105754499067787,0.006152678832906112,4.407129578769218,0.053359528359189244,240.0,0.0,0.0,0.0,-0.38406573308198033,0.001129121252896538,0.4034132702523636,0.0038238150243371937,0.8563998079785496,0.011424457381610239,4.179621389240834,0.050463353950761264,0.6105754499067787,0.006152678832906112,4.407129578769218,0.053359528359189244,240.0,0.0,0.0,0.0,-0.38406573308198033,0.001129121252896538,0.4034132702523636,0.0038238150243371937,0.8563998079785496,0.011424457381610239,,,,,,,0.0,0.0,,,,,,,,,2640.0,1920.0,480.0,720.0,480.0,2400.0,144000.0,480.0,480.0,1.0,0.0,0.3902777777777778,0.019800801985254517,1.0,0.0,1.0,0.0,30.724675641074736,3.5651539091628695,31.441413788033618,3.639914420019235,0.0,0.0,42.69271814470418,4.01722998870648,-3.429134113663894,0.2397170121482308,3.429134113663894,0.2397170121482308,3.6291298349073435,0.2444229911293889,0.742133497871837,0.02726383992114555,4.171267611535731,0.23325580728546452,,,,,,,,,,,3,0.0213703800131611,,,,,
60,2,2,box_factor_a0.9,box_factor,0.9,validation,0.006673033349215984,0.0004439759526904864,0.8567388655892252,0.012067109730955004,4.228172780247182,0.05180943265549479,0.6146451674519304,0.00621810771730607,4.458540410917805,0.05478041483241463,240.0,0.0,0.0,0.0,-0.3829124428851072,0.0011477577473573938,0.40326149796267546,0.003927925638960982,0.8567388655892252,0.012067109730955004,4.228172780247182,0.05180943265549479,0.6146451674519304,0.00621810771730607,4.458540410917805,0.05478041483241463,240.0,0.0,0.0,0.0,-0.3829124428851072,0.0011477577473573938,0.40326149796267546,0.003927925638960982,0.8567388655892252,0.012067109730955004,,,,,,,0.0,0.0,,,,,,,,,2640.0,1920.0,480.0,720.0,480.0,2400.0,144000.0,480.0,480.0,1.0,0.0,0.3902777777777778,0.019800801985254517,1.0,0.0,1.0,0.0,30.724675641074736,3.5651539091628695,31.295140845464278,3.6248374952781606,0.0,0.0,42.55853475817329,4.015874964091585,-3.4114736176567817,0.23949561651885468,3.4114736176567817,0.23949561651885468,3.622077421992257,0.2440846743263238,0.7597939938789495,0.02834970746019294,4.171267611535731,0.23325580728546452,,,,,,,,,,,3,0.022451289041375565,,,,,
60,2,2,shrink_c0.375,shrink,0.375,validation,0.007802966594075163,0.0017832694052075816,0.8788530736773379,0.011748279434225593,3.393847056535901,0.2005426362817657,0.5338669357084239,0.021161529389058718,3.573826393259125,0.2130153648538442,240.0,0.0,0.0,0.0,-0.4169801550115908,0.010600098367745624,0.422071930824655,0.0068925512125999466,0.8788530736773379,0.011748279434225593,3.393847056535901,0.2005426362817657,0.5338669357084239,0.021161529389058718,3.573826393259125,0.2130153648538442,240.0,0.0,0.0,0.0,-0.4169801550115908,0.010600098367745624,0.422071930824655,0.0068925512125999466,0.8788530736773379,0.011748279434225593,,,,,,,0.0,0.0,,,,,,,,,2640.0,1920.0,480.0,720.0,480.0,2400.0,144000.0,480.0,480.0,1.0,0.0,0.3902777777777778,0.019800801985254517,1.0,0.0,1.0,0.0,30.724675641074736,3.5651539091628695,14.719040685687622,1.642403889012655,0.0,0.0,48.897576012383865,2.998957771818704,-3.872579240429347,0.1569401883497376,3.872579240429347,0.1569401883497376,3.955119224918326,0.17269028291986438,0.29868837110638435,0.11857037734188039,4.171267611535731,0.23325580728546452,,,,,,,,,,,3,0.0046688751459904336,,,,,
60,2,2,shrink_c0.625,shrink,0.625,validation,0.0066878666790823145,0.0009781134975451967,0.8792152347646942,0.0059131771789533395,3.9496830843165966,0.4737215749325027,0.5776512913118084,0.03808763800712503,4.1629023844943776,0.502085158138388,240.0,0.0,0.0,0.0,-0.40681418610655534,0.016168940061572712,0.4211271981580376,0.0039751859712572335,0.8792152347646942,0.0059131771789533395,3.9496830843165966,0.4737215749325027,0.5776512913118084,0.03808763800712503,4.1629023844943776,0.502085158138388,240.0,0.0,0.0,0.0,-0.40681418610655534,0.016168940061572712,0.4211271981580376,0.0039751859712572335,0.8792152347646942,0.0059131771789533395,,,,,,,0.0,0.0,,,,,,,,,2640.0,1920.0,480.0,720.0,480.0,2400.0,144000.0,480.0,480.0,1.0,0.0,0.3902777777777778,0.019800801985254517,1.0,0.0,1.0,0.0,30.724675641074736,3.5651539091628695,5.298854646847544,0.5912654000445557,0.0,0.0,48.532148881732354,3.0511058426677007,-3.673453659691756,0.14282586710333045,3.673453659691756,0.14282586710333045,3.8845222836248,0.17705921795469592,0.4978139518439739,0.1976172955698007,4.171267611535731,0.23325580728546452,,,,,,,,,,,3,0.012969097627751204,,,,,
60,2,2,shrink_c0.875,shrink,0.875,validation,0.0061969333328306675,0.0007186228391100591,0.8873699528893679,0.010037654200448736,4.650874937350252,0.7876300229090474,0.626825793591316,0.055683813091917105,4.905299709769104,0.8338520490756487,240.0,0.0,0.0,0.0,-0.39664821720151994,0.02176891253258345,0.4237792771585109,0.006120763956226703,0.8873699528893679,0.010037654200448736,4.650874937350252,0.7876300229090474,0.626825793591316,0.055683813091917105,4.905299709769104,0.8338520490756487,240.0,0.0,0.0,0.0,-0.39664821720151994,0.02176891253258345,0.4237792771585109,0.006120763956226703,0.8873699528893679,0.010037654200448736,,,,,,,0.0,0.0,,,,,,,,,2640.0,1920.0,480.0,720.0,480.0,2400.0,144000.0,480.0,480.0,1.0,0.0,0.3902777777777778,0.019800801985254517,1.0,0.0,1.0,0.0,30.724675641074736,3.5651539091628695,0.5887616274275048,0.0656961555605061,0.0,0.0,50.08751241151879,4.127859544454506,-3.4743280789541675,0.16930760311057652,3.4743280789541675,0.16930760311057652,3.8790284321314914,0.20408164660774558,0.6969395325815636,0.2766642137977209,4.171267611535731,0.23325580728546452,,,,,,,,,,,3,0.025419431350392367,,,,,
60,2,8,box_factor_a0.875,box_factor,0.875,validation,0.02980326667117576,0.0036205401507383066,0.8349582696363411,0.005058560507303969,1.7542945339843714,0.02935226641541951,0.2841535589669391,0.0034681572602873203,1.8317713909161695,0.031589732089619446,240.0,0.0,0.0,0.0,-0.39038316296160164,0.004314903365130058,0.39244960339200313,0.003400928831304004,0.8349582696363411,0.005058560507303969,1.7542945339843714,0.02935226641541951,0.2841535589669391,0.0034681572602873203,1.8317713909161695,0.031589732089619446,240.0,0.0,0.0,0.0,-0.39038316296160164,0.004314903365130058,0.39244960339200313,0.003400928831304004,0.8349582696363411,0.005058560507303969,,,,,,,0.0,0.0,,,,,,,,,32880.0,30720.0,1920.0,2160.0,1920.0,32640.0,1958400.0,1920.0,1920.0,1.0,0.0,0.30364583333333334,0.003755782578608309,1.0,0.0,1.0,0.0,5.912479970247088,0.038104282456356574,6.181322944529491,0.035822971321275474,0.0,0.0,43.95153485457943,1.0612815189620335,-3.447699162208512,0.05733834731202999,3.447699162208512,0.05733834731202999,3.7024885333303232,0.05508852900005085,0.8113202681116388,0.04084054599908284,4.2590194303201505,0.09768341476615006,,,,,,,,,,,3,0.0021963257083925706,,,,,
60,2,8,box_factor_a0.9,box_factor,0.9,validation,0.032003300031647086,0.0017291568974993178,0.8340654809990706,0.005079301874976652,1.7774157571371203,0.0307341485908244,0.2864359419548164,0.003641241989506614,1.8565420503535905,0.03305400394257287,240.0,0.0,0.0,0.0,-0.3894720589075407,0.004401235209965654,0.3917241682216021,0.0034287659107114913,0.8340654809990706,0.005079301874976652,1.7774157571371203,0.0307341485908244,0.2864359419548164,0.003641241989506614,1.8565420503535905,0.03305400394257287,240.0,0.0,0.0,0.0,-0.3894720589075407,0.004401235209965654,0.3917241682216021,0.0034287659107114913,0.8340654809990706,0.005079301874976652,,,,,,,0.0,0.0,,,,,,,,,32880.0,30720.0,1920.0,2160.0,1920.0,32640.0,1958400.0,1920.0,1920.0,1.0,0.0,0.30364583333333334,0.003755782578608309,1.0,0.0,1.0,0.0,5.912479970247088,0.038104282456356574,6.125386130807193,0.03631664318647911,0.0,0.0,43.81628361742225,1.0548115569096548,-3.429694611090415,0.05640088283034952,3.429694611090415,0.05640088283034952,3.6951033130662583,0.0547875724397033,0.8293248192297357,0.04177927150556041,4.2590194303201505,0.09768341476615006,,,,,,,,,,,3,0.0022955244819584776,,,,,
60,2,8,shrink_c0.375,shrink,0.375,validation,0.030175399966537952,0.0065363656956542076,0.8713205772666383,0.004214947177493255,1.3016299874676263,0.003430730261835279,0.23646095305469847,0.0008129691449203458,1.3429017468407085,0.0038884532286567906,240.0,0.0,0.0,0.0,-0.4176165366621916,0.0025933248006635404,0.4179464470560252,0.002554954907706414,0.8713205772666383,0.004214947177493255,1.3016299874676263,0.003430730261835279,0.23646095305469847,0.0008129691449203458,1.3429017468407085,0.0038884532286567906,240.0,0.0,0.0,0.0,-0.4176165366621916,0.0025933248006635404,0.4179464470560252,0.002554954907706414,0.8713205772666383,0.004214947177493255,,,,,,,0.0,0.0,,,,,,,,,32880.0,30720.0,1920.0,2160.0,1920.0,32640.0,1958400.0,1920.0,1920.0,1.0,0.0,0.30364583333333334,0.003755782578608309,1.0,0.0,1.0,0.0,5.912479970247088,0.038104282456356574,3.5415629066111536,0.00425335297060139,0.0,0.0,49.2916361901082,1.3226740092346068,-3.9306888319394075,0.08004322904715364,3.9306888319394075,0.08004322904715364,3.9699785694208063,0.07553573159270693,0.32833059838074324,0.01975859969612191,4.2590194303201505,0.09768341476615006,,,,,,,,,,,3,0.00054832016386858,,,,,
60,2,8,shrink_c0.625,shrink,0.625,validation,0.03169153335814675,0.0055859229575052705,0.8610518283464902,0.0054046385635511205,1.532871124808528,0.019557900683561058,0.26082931165653633,0.0031737521084047003,1.592924814694151,0.02126907190248239,240.0,0.0,0.0,0.0,-0.40757098909592,0.003890856693922948,0.4083294751102371,0.003840265080128343,0.8610518283464902,0.0054046385635511205,1.532871124808528,0.019557900683561058,0.26082931165653633,0.0031737521084047003,1.592924814694151,0.02126907190248239,240.0,0.0,0.0,0.0,-0.40757098909592,0.003890856693922948,0.4083294751102371,0.003840265080128343,0.8610518283464902,0.0054046385635511205,,,,,,,0.0,0.0,,,,,,,,,32880.0,30720.0,1920.0,2160.0,1920.0,32640.0,1958400.0,1920.0,1920.0,1.0,0.0,0.30364583333333334,0.003755782578608309,1.0,0.0,1.0,0.0,5.912479970247088,0.038104282456356574,1.2749626463800154,0.0015312070694165792,0.0,0.0,47.03965037773498,1.1473513964967041,-3.7118017663522456,0.06892467969674379,3.7118017663522456,0.06892467969674379,3.8389707238434916,0.07461865574490974,0.5472176639679055,0.03293099949353655,4.2590194303201505,0.09768341476615006,,,,,,,,,,,3,0.0015231115663016108,,,,,
60,2,8,shrink_c0.875,shrink,0.875,validation,0.03666953338931004,0.008249542178357137,0.8530560765510633,0.005951033818372675,1.8283712291907595,0.038919007731346364,0.28834078933606483,0.005679199857488992,1.910019794534704,0.04183459825658146,240.0,0.0,0.0,0.0,-0.39752544152964836,0.005212587741577793,0.4004677559027184,0.005374936192732812,0.8530560765510633,0.005951033818372675,1.8283712291907595,0.038919007731346364,0.28834078933606483,0.005679199857488992,1.910019794534704,0.04183459825658146,240.0,0.0,0.0,0.0,-0.39752544152964836,0.005212587741577793,0.4004677559027184,0.005374936192732812,0.8530560765510633,0.005951033818372675,,,,,,,0.0,0.0,,,,,,,,,32880.0,30720.0,1920.0,2160.0,1920.0,32640.0,1958400.0,1920.0,1920.0,1.0,0.0,0.30364583333333334,0.003755782578608309,1.0,0.0,1.0,0.0,5.912479970247088,0.038104282456356574,0.14166251626444615,0.00017013411882405182,0.0,0.0,46.0036608213563,1.051935244807386,-3.4929147007650827,0.05866283882619528,3.4929147007650827,0.05866283882619528,3.780992865389392,0.07493274496881727,0.7661047295550677,0.04610339929095121,4.2590194303201505,0.09768341476615006,,,,,,,,,,,3,0.0029852986699511574,,,,,
60,2,24,box_factor_a0.875,box_factor,0.875,validation,0.48321883333846927,0.025511051738944253,0.8272052405607112,0.0010696005747758482,1.2095632133304108,0.013537886104498756,0.21534681626194951,0.0011640588032900147,1.246572825751948,0.014591421925502958,240.0,0.0,0.0,0.0,-0.3871510379496976,0.00018327213196335688,0.3884490373529997,0.0008052187860268328,0.8272052405607112,0.0010696005747758482,1.2095632133304108,0.013537886104498756,0.21534681626194951,0.0011640588032900147,1.246572825751948,0.014591421925502958,240.0,0.0,0.0,0.0,-0.3871510379496976,0.00018327213196335688,0.3884490373529997,0.0008052187860268328,0.8272052405607112,0.0010696005747758482,,,,,,,0.0,0.0,,,,,,,,,282480.0,276480.0,5760.0,6000.0,5760.0,282240.0,16934400.0,5760.0,5760.0,1.0,0.0,0.17106481481481484,0.001872533528630031,1.0,0.0,1.0,0.0,1.6014855689472667,0.02016818415752851,1.7165528911706904,0.02198296510479076,0.0,0.0,42.64377657614411,0.542499069956656,-3.4302939476609304,0.03774959693797841,3.4302939476609304,0.03774959693797841,3.6670741262723117,0.028424019088317477,0.8448971032400799,0.012449004439403666,4.275191050901011,0.026354306658906278,,,,,,,,,,,3,0.0010653054886074233,,,,,
60,2,24,box_factor_a0.9,box_factor,0.9,validation,0.4863807666891565,0.023307632807091163,0.8262910202676604,0.001082395831700738,1.2201760048103243,0.013955815151152542,0.21653906097155629,0.0012264046625527821,1.2581400563855134,0.015035155607639825,240.0,0.0,0.0,0.0,-0.3863028579582188,0.0001895161802826433,0.38770499848384765,0.000855891686336822,0.8262910202676604,0.001082395831700738,1.2201760048103243,0.013955815151152542,0.21653906097155629,0.0012264046625527821,1.2581400563855134,0.015035155607639825,240.0,0.0,0.0,0.0,-0.3863028579582188,0.0001895161802826433,0.38770499848384765,0.000855891686336822,0.8262910202676604,0.001082395831700738,,,,,,,0.0,0.0,,,,,,,,,282480.0,276480.0,5760.0,6000.0,5760.0,282240.0,16934400.0,5760.0,5760.0,1.0,0.0,0.17106481481481484,0.001872533528630031,1.0,0.0,1.0,0.0,1.6014855689472667,0.02016818415752851,1.692035509351287,0.021602025212405597,0.0,0.0,42.51607331872993,0.541596549835515,-3.413763257789355,0.03793865027043499,3.413763257789355,0.03793865027043499,3.660181034314595,0.028234983728426595,0.8614277931116558,0.012632355918454958,4.275191050901011,0.026354306658906278,,,,,,,,,,,3,0.0011080770629268918,,,,,
60,2,24,shrink_c0.375,shrink,0.375,validation,0.46808806667104363,0.03156423386167436,0.8658345677897055,0.0007353674049789071,0.9911241053367724,0.006382186012289338,0.18886686272417844,0.0008287186551600515,1.0047296669801873,0.007103372128817006,240.0,0.0,0.0,0.0,-0.41527435518035044,0.000635310517190545,0.41529262321508886,0.0006508965426618683,0.8658345677897055,0.0007353674049789071,0.9911241053367724,0.006382186012289338,0.18886686272417844,0.0008287186551600515,1.0047296669801873,0.007103372128817006,240.0,0.0,0.0,0.0,-0.41527435518035044,0.000635310517190545,0.41529262321508886,0.0006508965426618683,0.8658345677897055,0.0007353674049789071,,,,,,,0.0,0.0,,,,,,,,,282480.0,276480.0,5760.0,6000.0,5760.0,282240.0,16934400.0,5760.0,5760.0,1.0,0.0,0.17106481481481484,0.001872533528630031,1.0,0.0,1.0,0.0,1.6014855689472667,0.02016818415752851,1.3027786951858948,0.015931973002116243,0.0,0.0,47.9533557687893,0.6067215166283948,-3.916766698159737,0.03203100778479628,3.916766698159737,0.03203100778479628,3.948383520588809,0.03358275012838425,0.3584243527412742,0.006440298997399722,4.275191050901011,0.026354306658906278,,,,,,,,,,,3,0.00023481511838472626,,,,,
60,2,24,shrink_c0.625,shrink,0.625,validation,0.4657175665876518,0.011260697621642123,0.8516495423364204,0.0010696330102391777,1.0960044651779477,0.015504913996714685,0.202990237813889,0.0018605286616492948,1.121055553313599,0.017016591439920233,240.0,0.0,0.0,0.0,-0.4037622568176558,0.0009175170473777126,0.4038898993951923,0.0009243453208952609,0.8516495423364204,0.0010696330102391777,1.0960044651779477,0.015504913996714685,0.202990237813889,0.0018605286616492948,1.121055553313599,0.017016591439920233,240.0,0.0,0.0,0.0,-0.4037622568176558,0.0009175170473777126,0.4038898993951923,0.0009243453208952609,0.8516495423364204,0.0010696330102391777,,,,,,,0.0,0.0,,,,,,,,,282480.0,276480.0,5760.0,6000.0,5760.0,282240.0,16934400.0,5760.0,5760.0,1.0,0.0,0.17106481481481484,0.001872533528630031,1.0,0.0,1.0,0.0,1.6014855689472667,0.02016818415752851,0.4690003302669221,0.005735510280761929,0.0,0.0,45.11052665036741,0.629550595920516,-3.677817129665554,0.035958710164999665,3.677817129665554,0.035958710164999665,3.7829018114373256,0.03512455126713374,0.5973739212354569,0.010733831662332813,4.275191050901011,0.026354306658906278,,,,,,,,,,,3,0.0006522642177353506,,,,,
60,2,24,shrink_c0.875,shrink,0.875,validation,0.46942460001446307,0.030723657926736703,0.8395579919194164,0.0013457132228985335,1.2419023390168131,0.02628443670012558,0.21966573014998717,0.0029314554710185943,1.280644003998301,0.028554096056648454,240.0,0.0,0.0,0.0,-0.39225015845496114,0.001222520508195496,0.39371306934790384,0.00083986452126846,0.8395579919194164,0.0013457132228985335,1.2419023390168131,0.02628443670012558,0.21966573014998717,0.0029314554710185943,1.280644003998301,0.028554096056648454,240.0,0.0,0.0,0.0,-0.39225015845496114,0.001222520508195496,0.39371306934790384,0.00083986452126846,0.8395579919194164,0.0013457132228985335,,,,,,,0.0,0.0,,,,,,,,,282480.0,276480.0,5760.0,6000.0,5760.0,282240.0,16934400.0,5760.0,5760.0,1.0,0.0,0.17106481481481484,0.001872533528630031,1.0,0.0,1.0,0.0,1.6014855689472667,0.02016818415752851,0.05211114780743579,0.0006372789200846608,0.0,0.0,43.48740955697766,0.6194893961580392,-3.438867561171371,0.03996174494739849,3.438867561171371,0.03996174494739849,3.6833683921292972,0.0327212223819641,0.8363234897296397,0.015027364327265981,4.275191050901011,0.026354306658906278,,,,,,,,,,,3,0.0012784378667612872,,,,,
60,2,32,box_factor_a0.875,box_factor,0.875,validation,0.8430451000264535,0.04775622540792505,0.8271774983816312,0.0009227457432172097,1.1183885046795525,0.013124868951105241,0.2039269084289375,0.0009458659064017493,1.1475720372243623,0.014234958084627908,240.0,0.0,0.0,0.0,-0.3880718308684881,0.0006038941465537384,0.38915772116179986,0.0012297664021277033,0.8271774983816312,0.0009227457432172097,1.1183885046795525,0.013124868951105241,0.2039269084289375,0.0009458659064017493,1.1475720372243623,0.014234958084627908,240.0,0.0,0.0,0.0,-0.3880718308684881,0.0006038941465537384,0.38915772116179986,0.0012297664021277033,0.8271774983816312,0.0009227457432172097,,,,,,,0.0,0.0,,,,,,,,,499440.0,491520.0,7680.0,7920.0,7680.0,499200.0,29952000.0,7680.0,7680.0,1.0,0.0,0.13446180555555556,0.0012779888771124463,1.0,0.0,1.0,0.0,1.093022157743287,0.008910021201249124,1.1811153897534226,0.009240994934993694,0.0,0.0,41.29115385619006,0.23471468095049378,-3.327237011895734,0.027014742304486337,3.327237011895734,0.027014742304486337,3.570358375936623,0.027640559469621243,0.8415226773695403,0.007336985514300593,4.168759689265275,0.024556774787826675,,,,,,,,,,,3,0.0008204607368949402,,,,,
60,2,32,box_factor_a0.9,box_factor,0.9,validation,0.811814733237649,0.056749445191411445,0.8263392402477456,0.0009448346872813844,1.125946785563518,0.01359758990445438,0.2048224624011636,0.0009736864605322216,1.1558660878664682,0.014742581786356769,240.0,0.0,0.0,0.0,-0.3872958078698503,0.0006134776789726614,0.38851480449729725,0.0012947702065924595,0.8263392402477456,0.0009448346872813844,1.125946785563518,0.01359758990445438,0.2048224624011636,0.0009736864605322216,1.1558660878664682,0.014742581786356769,240.0,0.0,0.0,0.0,-0.3872958078698503,0.0006134776789726614,0.38851480449729725,0.0012947702065924595,0.8263392402477456,0.0009448346872813844,,,,,,,0.0,0.0,,,,,,,,,499440.0,491520.0,7680.0,7920.0,7680.0,499200.0,29952000.0,7680.0,7680.0,1.0,0.0,0.13446180555555556,0.0012779888771124463,1.0,0.0,1.0,0.0,1.093022157743287,0.008910021201249124,1.1621764514211446,0.009158142805793426,0.0,0.0,41.173157731790944,0.23244965498107795,-3.3115930050162024,0.027200881756959686,3.3115930050162024,0.027200881756959686,3.5637014402194254,0.02742785459078529,0.8571666842490719,0.007569157339784243,4.168759689265275,0.024556774787826675,,,,,,,,,,,3,0.0008517557587932521,,,,,
60,2,32,shrink_c0.375,shrink,0.375,validation,0.8209026001083354,0.03750446242731223,0.8658215951293499,0.0009895763436434423,0.9580818022678165,0.0031369119855161184,0.18303318767286392,0.00023858617477413128,0.9682779088454051,0.0035581475491836267,240.0,0.0,0.0,0.0,-0.4156504864123766,0.000497328862425421,0.41565102096416734,0.0004973715964863895,0.8658215951293499,0.0009895763436434423,0.9580818022678165,0.0031369119855161184,0.18303318767286392,0.00023858617477413128,0.9682779088454051,0.0035581475491836267,240.0,0.0,0.0,0.0,-0.4156504864123766,0.000497328862425421,0.41565102096416734,0.0004973715964863895,0.8658215951293499,0.0009895763436434423,,,,,,,0.0,0.0,,,,,,,,,499440.0,491520.0,7680.0,7920.0,7680.0,499200.0,29952000.0,7680.0,7680.0,1.0,0.0,0.13446180555555556,0.0012779888771124463,1.0,0.0,1.0,0.0,1.093022157743287,0.008910021201249124,0.9958691173483842,0.0065570077024002076,0.0,0.0,46.47716068771183,0.3318162911680033,-3.813586243607372,0.02838450341979874,3.813586243607372,0.02838450341979874,3.8476940435071705,0.028644176697283173,0.3551734456579025,0.006233620947307834,4.168759689265275,0.024556774787826675,,,,,,,,,,,3,0.00017736987427656654,,,,,
60,2,32,shrink_c0.625,shrink,0.625,validation,0.8313708667022487,0.046222345151364856,0.8517756623440779,0.0013973165664698368,1.0315814372811671,0.009588101555518995,0.19398773112351198,0.0008135420081538106,1.0505628521125676,0.010638723031461232,240.0,0.0,0.0,0.0,-0.40440904287218943,0.0008189681694810101,0.4044517648121833,0.0008747898843278927,0.8517756623440779,0.0013973165664698368,1.0315814372811671,0.009588101555518995,0.19398773112351198,0.0008135420081538106,1.0505628521125676,0.010638723031461232,240.0,0.0,0.0,0.0,-0.40440904287218943,0.0008189681694810101,0.4044517648121833,0.0008747898843278927,0.8517756623440779,0.0013973165664698368,,,,,,,0.0,0.0,,,,,,,,,499440.0,491520.0,7680.0,7920.0,7680.0,499200.0,29952000.0,7680.0,7680.0,1.0,0.0,0.13446180555555556,0.0012779888771124463,1.0,0.0,1.0,0.0,1.093022157743287,0.008910021201249124,0.3585128822454184,0.0023605227728640725,0.0,0.0,43.63671743350947,0.2938876148612667,-3.5768039465021038,0.031368012172869324,3.5768039465021038,0.031368012172869324,3.6838876123688085,0.03138028599580533,0.5919557427631706,0.010389368245512991,4.168759689265275,0.024556774787826675,,,,,,,,,,,3,0.0004926940952126848,,,,,
60,2,32,shrink_c0.875,shrink,0.875,validation,0.8459560999181122,0.06131041898612778,0.8398344162179852,0.0016498297182363994,1.1383754896626705,0.018040691940646697,0.2070811344459006,0.001466310414862418,1.168254382782523,0.019766755850582084,240.0,0.0,0.0,0.0,-0.3931675993320023,0.0011407687850029666,0.3943742379956517,0.002032241029865987,0.8398344162179852,0.0016498297182363994,1.1383754896626705,0.018040691940646697,0.2070811344459006,0.001466310414862418,1.168254382782523,0.019766755850582084,240.0,0.0,0.0,0.0,-0.3931675993320023,0.0011407687850029666,0.3943742379956517,0.002032241029865987,0.8398344162179852,0.0016498297182363994,,,,,,,0.0,0.0,,,,,,,,,499440.0,491520.0,7680.0,7920.0,7680.0,499200.0,29952000.0,7680.0,7680.0,1.0,0.0,0.13446180555555556,0.0012779888771124463,1.0,0.0,1.0,0.0,1.093022157743287,0.008910021201249124,0.039834764693935376,0.00026228030809600876,0.0,0.0,41.980387587293585,0.24684503584410888,-3.3400216493968355,0.03459428872197061,3.3400216493968355,0.03459428872197061,3.5798661572095924,0.02878360781849539,0.8287380398684389,0.014545115543718207,4.168759689265275,0.024556774787826675,,,,,,,,,,,3,0.000965680426616862,,,,,
60,3,3,box_factor_a0.875,box_factor,0.875,validation,0.054258433325837054,0.00712940332310073,0.81461029406888,0.018077339502880665,3.4380470187991032,0.1319229320646852,0.4509292793297745,0.01066800553975432,3.622492619225938,0.13937987771169955,240.0,0.0,0.0,0.0,-0.3597160437105959,0.002725057363883644,0.37536159140063496,0.005970032578898376,0.81461029406888,0.018077339502880665,3.4380470187991032,0.1319229320646852,0.4509292793297745,0.01066800553975432,3.622492619225938,0.13937987771169955,240.0,0.0,0.0,0.0,-0.3597160437105959,0.002725057363883644,0.37536159140063496,0.005970032578898376,0.81461029406888,0.018077339502880665,,,,,,,0.0,0.0,,,,,,,,,34080.0,28080.0,5760.0,6000.0,5040.0,33120.0,1987200.0,5040.0,5760.0,1.0,0.0,0.3113425925925926,0.00416787212500714,1.0,0.0,1.0,0.0,16.541625511789167,0.4477520620484488,17.019118342724205,0.4571213289977684,0.0,0.0,33.91766173897203,0.08078030674860327,-2.7205136987086926,0.027179638289129983,2.7205136987086926,0.027179638289129983,3.0003943978079413,0.01668231401086516,0.8387048346964433,0.017541705797436222,3.559218533405136,0.029125215842064327,,,,,,,,,,,3,0.020281291718490004,,,,,
60,3,3,box_factor_a0.9,box_factor,0.9,validation,0.05568243330344558,0.007211428389659795,0.8141162629845896,0.01855654140920995,3.5431540842131337,0.12789719554442316,0.4597363088821759,0.010686133936948592,3.733895853529527,0.135090894681465,240.0,0.0,0.0,0.0,-0.3572333050324794,0.0028625337690743238,0.37455915042501076,0.00599138806094442,0.8141162629845896,0.01855654140920995,3.5431540842131337,0.12789719554442316,0.4597363088821759,0.010686133936948592,3.733895853529527,0.135090894681465,240.0,0.0,0.0,0.0,-0.3572333050324794,0.0028625337690743238,0.37455915042501076,0.00599138806094442,0.8141162629845896,0.01855654140920995,,,,,,,0.0,0.0,,,,,,,,,34080.0,28080.0,5760.0,6000.0,5040.0,33120.0,1987200.0,5040.0,5760.0,1.0,0.0,0.311400462962963,0.004232457060932061,1.0,0.0,1.0,0.0,16.612036287550943,0.4515312158424536,16.992470263619616,0.45896300979057797,0.0,0.0,33.78077301539005,0.07931161620980186,-2.699675716754495,0.02727066167199414,2.699675716754495,0.02727066167199414,2.993180822527112,0.01643559370961518,0.8595428166506415,0.017906433965073732,3.559218533405136,0.029125215842064327,,,,,,,,,,,3,0.021748148509675953,,,,,
60,3,3,shrink_c0.375,shrink,0.375,validation,0.05356309997538725,0.0008345944836176042,0.8670134205666592,0.0039376455655491,2.1243526093848426,0.029863804098209646,0.3293236026783859,0.006839336116711078,2.2252861690892725,0.03188978887802697,240.0,0.0,0.0,0.0,-0.4118890863941929,0.0013372399941237094,0.4126619595660828,0.0015824157495272005,0.8670134205666592,0.0039376455655491,2.1243526093848426,0.029863804098209646,0.3293236026783859,0.006839336116711078,2.2252861690892725,0.03188978887802697,240.0,0.0,0.0,0.0,-0.4118890863941929,0.0013372399941237094,0.4126619595660828,0.0015824157495272005,0.8670134205666592,0.0039376455655491,,,,,,,0.0,0.0,,,,,,,,,34080.0,28080.0,5760.0,6000.0,5040.0,33120.0,1987200.0,5040.0,5760.0,1.0,0.0,0.31203703703703706,0.005118829719327749,1.0,0.0,1.0,0.0,15.54449218650879,0.4587419263653867,7.9004722482829735,0.21940021932256942,0.0,0.0,39.44442166834241,0.1218305495701846,-3.2187183021010077,0.020639443890401236,3.2187183021010077,0.020639443890401236,3.2826538840901023,0.02260170321798964,0.34050023130412804,0.013619677133835531,3.559218533405136,0.029125215842064327,,,,,,,,,,,3,0.0036577652562010394,,,,,
60,3,3,shrink_c0.625,shrink,0.625,validation,0.054407600002984204,0.0062132872768770695,0.8706131599241435,0.013876359494211404,4.0796276027645035,0.22835150123682377,0.46362369675404375,0.024660249362065626,4.300855583288537,0.24220135786871713,240.0,0.0,0.0,0.0,-0.3869172621609273,0.005542741736473369,0.406962876295997,0.009024370387431794,0.8706131599241435,0.013876359494211404,4.0796276027645035,0.22835150123682377,0.46362369675404375,0.024660249362065626,4.300855583288537,0.24220135786871713,240.0,0.0,0.0,0.0,-0.3869172621609273,0.005542741736473369,0.406962876295997,0.009024370387431794,0.8706131599241435,0.013876359494211404,,,,,,,0.0,0.0,,,,,,,,,34080.0,28080.0,5760.0,6000.0,5040.0,33120.0,1987200.0,5040.0,5760.0,1.0,0.0,0.3130208333333333,0.005217006667123864,1.0,0.0,1.0,0.0,16.301052193056094,0.5722168726050479,2.9637973477733404,0.09534675977848217,0.0,0.0,38.224158384730146,0.357614295909933,-2.9730077905417818,0.02096791076101368,2.9730077905417818,0.02096791076101368,3.2060364597844373,0.029101278102845185,0.5862107428633542,0.02540259976752579,3.559218533405136,0.029125215842064327,,,,,,,,,,,3,0.02403665639378658,,,,,
60,3,3,shrink_c0.875,shrink,0.875,validation,0.057954199922581516,0.01055398653230422,0.9758896003410213,0.05520194731229805,8.035126591601232,0.6203903385311402,0.6885577216384521,0.05322108519418739,8.484525202249001,0.6569066393157472,240.0,0.0,0.0,0.0,-0.3488211107721006,0.014131970745808537,0.42707787529055347,0.012136807869020728,0.9758896003410213,0.05520194731229805,8.035126591601232,0.6203903385311402,0.6885577216384521,0.05322108519418739,8.484525202249001,0.6569066393157472,240.0,0.0,0.0,0.0,-0.3488211107721006,0.014131970745808537,0.42707787529055347,0.012136807869020728,0.9758896003410213,0.05520194731229805,,,,,,,0.0,0.0,,,,,,,,,34080.0,28080.0,5760.0,6000.0,5040.0,33120.0,1987200.0,5040.0,5760.0,1.0,0.0,0.31365740740740744,0.005020734080264785,1.0,0.0,1.0,0.0,17.471654374628752,0.7403416556382069,0.3492453812549248,0.013254186714955776,0.0,0.0,40.99416130501544,1.6142498718694358,-2.706033599809794,0.0302300104350087,2.706033599809794,0.0302300104350087,3.2341273425772723,0.03811461020583508,0.8531849335953424,0.04018179599631598,3.559218533405136,0.029125215842064327,,,,,,,,,,,3,0.1083010803225326,,,,,
60,3,6,box_factor_a0.875,box_factor,0.875,validation,0.39672950003296137,0.012596457631313115,0.783579158846328,0.003461670901933692,1.9528003829622762,0.037450681835241896,0.3003830386455173,0.003335156405688823,2.046187422855437,0.03985338992160574,240.0,0.0,0.0,0.0,-0.3537895927567603,0.004074744122580809,0.3600019449034491,0.0027694045262366433,0.783579158846328,0.003461670901933692,1.9528003829622762,0.037450681835241896,0.3003830386455173,0.003335156405688823,2.046187422855437,0.03985338992160574,240.0,0.0,0.0,0.0,-0.3537895927567603,0.004074744122580809,0.3600019449034491,0.0027694045262366433,0.783579158846328,0.003461670901933692,,,,,,,0.0,0.0,,,,,,,,,236400.0,216000.0,20160.0,20400.0,18720.0,234720.0,14083200.0,18720.0,20160.0,1.0,0.0,0.2662202380952381,0.003931814338148462,1.0,0.0,1.0,0.0,7.337042878988488,0.23191702205132333,7.6368052100336286,0.2401885704465624,0.0,0.0,33.10764099632883,0.5410199779865137,-2.669578324642636,0.04664260716038465,2.669578324642636,0.04664260716038465,2.9171173871810816,0.031249488485819394,0.8484537191570287,0.027065559678874886,3.5180320437996646,0.03344619832574569,,,,,,,,,,,3,0.004093950511437396,,,,,
60,3,6,box_factor_a0.9,box_factor,0.9,validation,0.4026079000905156,0.019164692830959038,0.7812203569896757,0.003651923228051634,2.0136801069737276,0.03985685462202819,0.30651602349318535,0.003355536233619978,2.111156031289482,0.04237737894086769,240.0,0.0,0.0,0.0,-0.3512518029045439,0.004179171942457897,0.3584757556340536,0.002772876044732902,0.7812203569896757,0.003651923228051634,2.0136801069737276,0.03985685462202819,0.30651602349318535,0.003355536233619978,2.111156031289482,0.04237737894086769,240.0,0.0,0.0,0.0,-0.3512518029045439,0.004179171942457897,0.3584757556340536,0.002772876044732902,0.7812203569896757,0.003651923228051634,,,,,,,0.0,0.0,,,,,,,,,236400.0,216000.0,20160.0,20400.0,18720.0,234720.0,14083200.0,18720.0,20160.0,1.0,0.0,0.26631944444444444,0.003931814338148462,1.0,0.0,1.0,0.0,7.3543450008236135,0.23332069131738128,7.592487413097522,0.23993340637964136,0.0,0.0,32.966363353183745,0.5417074550699067,-2.64964510940854,0.04714895399700486,2.64964510940854,0.04714895399700486,2.908980887461841,0.03163850950034514,0.8683869343911246,0.02780201565174941,3.5180320437996646,0.03344619832574569,,,,,,,,,,,3,0.004393550740800871,,,,,
60,3,6,shrink_c0.375,shrink,0.375,validation,0.3937408999384691,0.009911391851805108,0.859350067780766,0.0036931666543626187,1.219669143789693,0.0376845638991365,0.2187413729729252,0.003115417581988482,1.2549754007452611,0.04115719448603542,240.0,0.0,0.0,0.0,-0.4102213233422711,0.003380978725717286,0.41037378829547927,0.0034888489978181897,0.859350067780766,0.0036931666543626187,1.219669143789693,0.0376845638991365,0.2187413729729252,0.003115417581988482,1.2549754007452611,0.04115719448603542,240.0,0.0,0.0,0.0,-0.4102213233422711,0.003380978725717286,0.41037378829547927,0.0034888489978181897,0.859350067780766,0.0036931666543626187,,,,,,,0.0,0.0,,,,,,,,,236400.0,216000.0,20160.0,20400.0,18720.0,234720.0,14083200.0,18720.0,20160.0,1.0,0.0,0.264864417989418,0.004180913066077268,1.0,0.0,1.0,0.0,7.070507619784888,0.21081267031762682,4.026003031691358,0.1099163789996144,0.0,0.0,38.35056491736743,0.5390634867276998,-3.1568542087644595,0.04158920206454804,3.1568542087644595,0.04158920206454804,3.1985871465553424,0.0359612976978726,0.36117783503520456,0.016614220898164847,3.5180320437996646,0.03344619832574569,,,,,,,,,,,3,0.0008631620399589399,,,,,
60,3,6,shrink_c0.625,shrink,0.625,validation,0.390224566605563,0.013695656417903507,0.8304282979451362,0.0058001042662789715,2.004641335767427,0.17895686410692535,0.29037245373688353,0.012926364797552173,2.0992101953835465,0.19105298277632007,240.0,0.0,0.0,0.0,-0.3851544481060625,0.0073716442083323385,0.3878348203935707,0.006139622311990329,0.8304282979451362,0.0058001042662789715,2.004641335767427,0.17895686410692535,0.29037245373688353,0.012926364797552173,2.0992101953835465,0.19105298277632007,240.0,0.0,0.0,0.0,-0.3851544481060625,0.0073716442083323385,0.3878348203935707,0.006139622311990329,0.8304282979451362,0.0058001042662789715,,,,,,,0.0,0.0,,,,,,,,,236400.0,216000.0,20160.0,20400.0,18720.0,234720.0,14083200.0,18720.0,20160.0,1.0,0.0,0.26635251322751324,0.004071188928506378,1.0,0.0,1.0,0.0,7.2202896063012645,0.22280622858533286,1.47630373650635,0.04170476844650014,0.0,0.0,36.03185694188544,0.6459270843803504,-2.9059913684648753,0.04909939164493236,2.9059913684648753,0.04909939164493236,3.0621475922906822,0.03832217448432855,0.6120406753347887,0.029062645466051806,3.5180320437996646,0.03344619832574569,,,,,,,,,,,3,0.00391780014692135,,,,,
60,3,6,shrink_c0.875,shrink,0.875,validation,0.38016926660202444,0.01608984164800021,0.8106415062930127,0.003753561503024204,3.7816421195095136,0.5590422376466038,0.425677348412102,0.03273109807258056,3.9865152999961277,0.5922105285144778,240.0,0.0,0.0,0.0,-0.34827652471400344,0.013987662981347009,0.3733201187610873,0.0034229762636381364,0.8106415062930127,0.003753561503024204,3.7816421195095136,0.5590422376466038,0.425677348412102,0.03273109807258056,3.9865152999961277,0.5922105285144778,240.0,0.0,0.0,0.0,-0.34827652471400344,0.013987662981347009,0.3733201187610873,0.0034229762636381364,0.8106415062930127,0.003753561503024204,,,,,,,0.0,0.0,,,,,,,,,236400.0,216000.0,20160.0,20400.0,18720.0,234720.0,14083200.0,18720.0,20160.0,1.0,0.0,0.2676752645502645,0.0037676650638815558,1.0,0.0,1.0,0.0,7.459190161943674,0.24158436123207414,0.16849687731609453,0.004978124259573009,0.0,0.0,35.635904305466454,0.7529368913297079,-2.6442252127038373,0.05822184156844569,2.6442252127038373,0.05822184156844569,3.0110246107827563,0.04453540382493671,0.8738068310958266,0.04301015924380815,3.5180320437996646,0.03344619832574569,,,,,,,,,,,3,0.015757973388530442,,,,,
60,3,10,box_factor_a0.875,box_factor,0.875,validation,1.896976733347401,0.2380097917079327,0.7797552844175484,0.00923307773064171,1.4606376165850172,0.029858253633559487,0.24148199029499837,0.004421653980896215,1.52035418576347,0.03257182043421526,240.0,0.0,0.0,0.0,-0.3539510017856913,0.004115872742817974,0.36077067657425016,0.004497976355254327,0.7797552844175484,0.00923307773064171,1.4606376165850172,0.029858253633559487,0.24148199029499837,0.004421653980896215,1.52035418576347,0.03257182043421526,240.0,0.0,0.0,0.0,-0.3539510017856913,0.004115872742817974,0.36077067657425016,0.004497976355254327,0.7797552844175484,0.00923307773064171,,,,,,,0.0,0.0,,,,,,,,,1037040.0,984000.0,52800.0,53040.0,50400.0,1034400.0,62064000.0,50400.0,52800.0,1.0,0.0,0.229229797979798,0.001105861681295318,1.0,0.0,1.0,0.0,3.9575148594162743,0.017450039109349984,4.162945091819426,0.01748827675915805,0.0,0.0,32.52263366502015,0.20915438658271196,-2.639275238948219,0.02041238534221506,2.639275238948219,0.02041238534221506,2.8777831694521314,0.014104386718762131,0.8417116615388317,0.0015196454836721568,3.4809869004870513,0.019448288875777143,,,,,,,,,,,3,0.0021738126579029463,,,,,
60,3,10,box_factor_a0.9,box_factor,0.9,validation,1.8889937332520883,0.2854875847476242,0.7773393569448525,0.009548538091221784,1.4981189510702524,0.03148714856999387,0.2454091703262171,0.004635268144222663,1.5606910350071204,0.03429154991720697,240.0,0.0,0.0,0.0,-0.3515879517797799,0.004300119561306997,0.35924901179898344,0.0045897019078680774,0.7773393569448525,0.009548538091221784,1.4981189510702524,0.03148714856999387,0.2454091703262171,0.004635268144222663,1.5606910350071204,0.03429154991720697,240.0,0.0,0.0,0.0,-0.3515879517797799,0.004300119561306997,0.35924901179898344,0.0045897019078680774,0.7773393569448525,0.009548538091221784,,,,,,,0.0,0.0,,,,,,,,,1037040.0,984000.0,52800.0,53040.0,50400.0,1034400.0,62064000.0,50400.0,52800.0,1.0,0.0,0.2292992424242424,0.0010681885342578665,1.0,0.0,1.0,0.0,3.963447005619988,0.017343756277587698,4.126203765450885,0.017369884543389946,0.0,0.0,32.382481430707905,0.21065978224964416,-2.6206441258359696,0.020364654510934423,2.6206441258359696,0.020364654510934423,2.869609507383134,0.014188470710901391,0.8603427746510812,0.0015054503820169597,3.4809869004870513,0.019448288875777143,,,,,,,,,,,3,0.0023609994449666515,,,,,
60,3,10,shrink_c0.375,shrink,0.375,validation,2.0023842999556414,0.26581084828017,0.8551671934560744,0.004056210398632591,1.0141017242188608,0.02052248298855175,0.19064232162073289,0.002390835595995497,1.0310502294058503,0.022229429082188654,240.0,0.0,0.0,0.0,-0.40893903905807094,0.001867748321235889,0.4089416142771178,0.0018652355439793763,0.8551671934560744,0.004056210398632591,1.0141017242188608,0.02052248298855175,0.19064232162073289,0.002390835595995497,1.0310502294058503,0.022229429082188654,240.0,0.0,0.0,0.0,-0.40893903905807094,0.001867748321235889,0.4089416142771178,0.0018652355439793763,0.8551671934560744,0.004056210398632591,,,,,,,0.0,0.0,,,,,,,,,1037040.0,984000.0,52800.0,53040.0,50400.0,1034400.0,62064000.0,50400.0,52800.0,1.0,0.0,0.22722853535353535,0.001144593514901981,1.0,0.0,1.0,0.0,3.862099980292307,0.018729381421382668,2.4613738456198964,0.007948292119229238,0.0,0.0,37.65688888495793,0.20315153876373274,-3.120735931113052,0.019371584744763307,3.120735931113052,0.019371584744763307,3.154608422413473,0.018652763467688488,0.360250969373998,0.0007177382845043902,3.4809869004870513,0.019448288875777143,,,,,,,,,,,3,0.00035707695821038296,,,,,
60,3,10,shrink_c0.625,shrink,0.625,validation,2.0344792334362864,0.2880523401648546,0.8228495690703107,0.00647305211901155,1.4424020588120339,0.10948242675916676,0.23364170185546343,0.006859816386654966,1.4980158131264332,0.11757770140277742,240.0,0.0,0.0,0.0,-0.38397717953883687,0.003487961883774206,0.38410092413147573,0.003394769293966478,0.8228495690703107,0.00647305211901155,1.4424020588120339,0.10948242675916676,0.23364170185546343,0.006859816386654966,1.4980158131264332,0.11757770140277742,240.0,0.0,0.0,0.0,-0.38397717953883687,0.003487961883774206,0.38410092413147573,0.003394769293966478,0.8228495690703107,0.00647305211901155,,,,,,,0.0,0.0,,,,,,,,,1037040.0,984000.0,52800.0,53040.0,50400.0,1034400.0,62064000.0,50400.0,52800.0,1.0,0.0,0.22878787878787876,0.001331696653882358,1.0,0.0,1.0,0.0,3.910948714598495,0.017586910726398435,0.8959525669404477,0.0026285371110860035,0.0,0.0,34.96348775111964,0.22117379157682565,-2.8746201437548646,0.019735042039847533,2.8746201437548646,0.019735042039847533,2.993429205268596,0.016578940433306967,0.6063667567321857,0.0008095326134392685,3.4809869004870513,0.019448288875777143,,,,,,,,,,,3,0.0019062170897708004,,,,,
60,3,10,shrink_c0.875,shrink,0.875,validation,2.0137390999589115,0.27142454089474455,0.7934738058155912,0.0078618773515183,2.5233708753185606,0.31877063654411364,0.3211642345863261,0.015937025130226604,2.652618636424833,0.3385999405747545,240.0,0.0,0.0,0.0,-0.34856219008822825,0.006686229342181693,0.36313956367653083,0.003125279058808259,0.7934738058155912,0.0078618773515183,2.5233708753185606,0.31877063654411364,0.3211642345863261,0.015937025130226604,2.652618636424833,0.3385999405747545,240.0,0.0,0.0,0.0,-0.34856219008822825,0.006686229342181693,0.36313956367653083,0.003125279058808259,0.7934738058155912,0.0078618773515183,,,,,,,0.0,0.0,,,,,,,,,1037040.0,984000.0,52800.0,53040.0,50400.0,1034400.0,62064000.0,50400.0,52800.0,1.0,0.0,0.22978535353535354,0.0014714743106050991,1.0,0.0,1.0,0.0,3.9914925081233235,0.015828871748750303,0.10117516239852221,0.0002571176548409296,0.0,0.0,33.813532605191014,0.2415749093617256,-2.622354224273886,0.020499560417468,2.622354224273886,0.020499560417468,2.9119811161973943,0.017784635308252427,0.858632676213165,0.001087838903653987,3.4809869004870513,0.019448288875777143,,,,,,,,,,,3,0.00895669834157433,,,,,
60,4,2,box_factor_a0.875,box_factor,0.875,validation,0.10297179998209079,0.006641099248390717,0.8083936763240663,0.030243900825168608,6.270704559198571,0.7810291088189144,0.7381151156169636,0.04453636109446026,6.6208043665635605,0.8256741120377834,240.0,0.0,0.0,0.0,-0.309805646854201,0.012327382478430376,0.36074378923596334,0.011460623105094662,0.8083936763240663,0.030243900825168608,6.270704559198571,0.7810291088189144,0.7381151156169636,0.04453636109446026,6.6208043665635605,0.8256741120377834,240.0,0.0,0.0,0.0,-0.309805646854201,0.012327382478430376,0.36074378923596334,0.011460623105094662,0.8083936763240663,0.030243900825168608,,,,,,,0.0,0.0,,,,,,,,,52080.0,38400.0,13440.0,13680.0,11040.0,49440.0,2966400.0,11040.0,13440.0,1.0,0.0,0.28370535714285716,0.0034612212350038822,1.0,0.0,1.0,0.0,24.55529547255074,0.522427179403588,25.11421179233061,0.5304174239297401,0.0,0.0,27.783632748473234,0.5825962342399716,-2.192832849712477,0.026937147645517034,2.192832849712477,0.026937147645517034,2.4947677173080476,0.031100709611496455,0.8502148027033344,0.013247481666764182,3.0430476524158117,0.014320824816304586,,,,,,,,,,,3,0.06853927100961911,,,,,
60,4,2,box_factor_a0.9,box_factor,0.9,validation,0.10284480002398293,0.0065160240872811186,0.8120736596009839,0.03319306292459195,6.520386222275488,0.7989875735134264,0.7606912271396733,0.045399826068439585,6.8848311150970325,0.8445924965121666,240.0,0.0,0.0,0.0,-0.30482755297631553,0.012664341176229582,0.36110888806071473,0.012205518115627844,0.8120736596009839,0.03319306292459195,6.520386222275488,0.7989875735134264,0.7606912271396733,0.045399826068439585,6.8848311150970325,0.8445924965121666,240.0,0.0,0.0,0.0,-0.30482755297631553,0.012664341176229582,0.36110888806071473,0.012205518115627844,0.8120736596009839,0.03319306292459195,,,,,,,0.0,0.0,,,,,,,,,52080.0,38400.0,13440.0,13680.0,11040.0,49440.0,2966400.0,11040.0,13440.0,1.0,0.0,0.28375496031746034,0.0035288048436175525,1.0,0.0,1.0,0.0,24.793275764633535,0.5362989744457634,25.239951632824063,0.5427252627615977,0.0,0.0,27.659175712625466,0.5892493335172555,-2.170514570861194,0.027403585643187362,2.170514570861194,0.027403585643187362,2.487613570670131,0.03177773943714476,0.872533081554617,0.013729856347042822,3.0430476524158117,0.014320824816304586,,,,,,,,,,,3,0.07427675458355582,,,,,
60,4,2,shrink_c0.375,shrink,0.375,validation,0.09685106668621302,0.0048785351808215,1.2325480344795692,0.5861982483015384,8.863384462576056,7.7921459576373,0.6176054693076268,0.1790191436781276,9.355681493032696,8.234109306572103,240.0,0.0,0.0,0.0,-0.3636358434430327,0.052267098755152515,0.4312971189465388,0.02959162729979948,1.2325480344795692,0.5861982483015384,8.863384462576056,7.7921459576373,0.6176054693076268,0.1790191436781276,9.355681493032696,8.234109306572103,240.0,0.0,0.0,0.0,-0.3636358434430327,0.052267098755152515,0.4312971189465388,0.02959162729979948,1.2325480344795692,0.5861982483015384,,,,,,,0.0,0.0,,,,,,,,,52080.0,38400.0,13440.0,13680.0,11040.0,49440.0,2966400.0,11040.0,13440.0,1.0,0.0,0.28539186507936504,0.003523309686101969,1.0,0.0,1.0,0.0,23.054685584901648,0.9975279440667538,11.012293914468003,0.39714426153398336,0.0,0.0,34.161356893306554,0.9748728712070543,-2.6811733242008082,0.015135858614829072,2.6811733242008082,0.015135858614829072,2.799507440877678,0.02809418320014737,0.36187432821500337,0.0013434811222502944,3.0430476524158117,0.014320824816304586,,,,,,,,,,,3,0.4038271051314954,,,,,
60,4,2,shrink_c0.625,shrink,0.625,validation,0.09683516660394768,0.009750632865615502,10.664724163888048,13.345031065128955,140.6137127792032,189.52318811988937,3.545313524796447,3.287357498276633,148.54864763475723,200.22847682159642,240.0,0.0,0.0,0.0,0.13849184226551564,0.5719526085245775,0.9107809336927973,0.5570598889078118,10.664724163888048,13.345031065128955,140.6137127792032,189.52318811988937,3.545313524796447,3.287357498276633,148.54864763475723,200.22847682159642,240.0,0.0,0.0,0.0,0.13849184226551564,0.5719526085245775,0.9107809336927973,0.5570598889078118,10.664724163888048,13.345031065128955,,,,,,,0.0,0.0,,,,,,,,,52080.0,38400.0,13440.0,13680.0,11040.0,49440.0,2966400.0,11040.0,13440.0,1.0,0.0,0.2868055555555556,0.003523309686101957,1.0,0.0,1.0,0.0,49.90572853985649,21.999734671190158,7.785467800787218,3.1052168953609316,0.0,0.0,349.1730965578204,529.255662755679,-2.261508022703532,0.16533186801318842,2.261508022703532,0.16533186801318842,2.9447472689566467,0.21589199144430885,0.7815396297122797,0.17703934936364113,3.0430476524158117,0.014320824816304586,,,,,,,,,,,3,84.05620559969448,,,,,
60,4,2,shrink_c0.875,shrink,0.875,validation,0.09466689995800455,0.010522955500091849,70.93236563712126,92.97835323144331,1205.1655635879395,1730.314282984653,23.123707870620127,27.901002059585412,1273.3215411292954,1828.2536138012865,240.0,0.0,0.0,0.0,3.026385831832959,3.8579260323330966,3.8748324285082845,3.855329227090305,70.93236563712126,92.97835323144331,1205.1655635879395,1730.314282984653,23.123707870620127,27.901002059585412,1273.3215411292954,1828.2536138012865,240.0,0.0,0.0,0.0,3.026385831832959,3.8579260323330966,3.8748324285082845,3.855329227090305,70.93236563712126,92.97835323144331,,,,,,,0.0,0.0,,,,,,,,,52080.0,38400.0,13440.0,13680.0,11040.0,49440.0,2966400.0,11040.0,13440.0,1.0,0.0,0.28782242063492064,0.0037831974138230738,1.0,0.0,1.0,0.0,213.22385380257606,163.03051854927162,3.4244528398943888,2.5510991709277064,0.0,0.0,28906.47968075539,49327.382308127264,-0.8180469576471845,1.668834356376187,1.5477949772362836,0.4419337156841995,4.264976059989086,1.739065567224167,2.2250006947686267,1.6812163342405837,3.0430476524158117,0.014320824816304586,,,,,,,,,,,3,3902.164171167105,,,,,
60,4,3,box_factor_a0.875,box_factor,0.875,validation,0.2795545666789015,0.009498908708694086,0.7724728339033512,0.029272185895561888,3.8162990824076686,0.40819114215743024,0.49783712345970793,0.018451510443493507,4.024217816097246,0.43163227424796385,240.0,0.0,0.0,0.0,-0.3247834079864312,0.009927063890771628,0.34796064941717875,0.004523621938407953,0.7724728339033512,0.029272185895561888,3.8162990824076686,0.40819114215743024,0.49783712345970793,0.018451510443493507,4.024217816097246,0.43163227424796385,240.0,0.0,0.0,0.0,-0.3247834079864312,0.009927063890771628,0.34796064941717875,0.004523621938407953,0.7724728339033512,0.029272185895561888,,,,,,,0.0,0.0,,,,,,,,,219840.0,181440.0,38160.0,38400.0,33120.0,214560.0,12873600.0,33120.0,38160.0,1.0,0.0,0.26533892382948987,0.0020360021907743376,1.0,0.0,1.0,0.0,14.703901881517162,0.0269444176574988,15.131694773495605,0.028725236393538082,0.0,0.0,26.992380101079803,0.7762110707419653,-2.1612978961167326,0.060057110752645165,2.1612978961167326,0.060057110752645165,2.4434072724077125,0.054342976192208896,0.8759525476638491,0.014077833605878259,3.037250443780582,0.048184459111148346,,,,,,,,,,,3,0.027621315318964515,,,,,
60,4,3,box_factor_a0.9,box_factor,0.9,validation,0.2608574665306757,0.017348857523706435,0.7712075646576566,0.03143488644257454,3.9781389613214393,0.4101892539033498,0.5145704329615781,0.018579682984266453,4.1956280911025265,0.433658712999188,240.0,0.0,0.0,0.0,-0.32053125781905156,0.010156385929121152,0.3461344503684412,0.004727616778526777,0.7712075646576566,0.03143488644257454,3.9781389613214393,0.4101892539033498,0.5145704329615781,0.018579682984266453,4.1956280911025265,0.433658712999188,240.0,0.0,0.0,0.0,-0.32053125781905156,0.010156385929121152,0.3461344503684412,0.004727616778526777,0.7712075646576566,0.03143488644257454,,,,,,,0.0,0.0,,,,,,,,,219840.0,181440.0,38160.0,38400.0,33120.0,214560.0,12873600.0,33120.0,38160.0,1.0,0.0,0.26540880503144654,0.0020431850663019937,1.0,0.0,1.0,0.0,14.79746128608837,0.025916187612337035,15.13868689412098,0.027180690362631515,0.0,0.0,26.857421637996367,0.7714663722559424,-2.1392340719529326,0.0603854283827824,2.1392340719529326,0.0603854283827824,2.4354198444036483,0.054270377076405564,0.8980163718276494,0.01443336309748821,3.037250443780582,0.048184459111148346,,,,,,,,,,,3,0.029734124026041763,,,,,
60,4,3,shrink_c0.375,shrink,0.375,validation,0.2681670000310987,0.02419473874781983,0.8617425728595979,0.016354839704389078,3.0602145075888,0.5029811722402703,0.35351945341828167,0.01071699713756567,3.2202410771712215,0.5335280514358001,240.0,0.0,0.0,0.0,-0.4039408494567378,0.00722678082440629,0.4076993215463199,0.005248277485119322,0.8617425728595979,0.016354839704389078,3.0602145075888,0.5029811722402703,0.35351945341828167,0.01071699713756567,3.2202410771712215,0.5335280514358001,240.0,0.0,0.0,0.0,-0.4039408494567378,0.00722678082440629,0.4076993215463199,0.005248277485119322,0.8617425728595979,0.016354839704389078,,,,,,,0.0,0.0,,,,,,,,,219840.0,181440.0,38160.0,38400.0,33120.0,214560.0,12873600.0,33120.0,38160.0,1.0,0.0,0.26546121593291405,0.002058254241704301,1.0,0.0,1.0,0.0,13.566981133666955,0.08388488713336999,6.910504212751491,0.030621647674547947,0.0,0.0,32.56274345233712,0.8855714572010626,-2.665075753772576,0.05487701913305732,2.665075753772576,0.05487701913305732,2.7363145579518418,0.05406389315013834,0.3721746900080058,0.009183181150740788,3.037250443780582,0.048184459111148346,,,,,,,,,,,3,0.015383964048552409,,,,,
60,4,3,shrink_c0.625,shrink,0.625,validation,0.25098156665141386,0.007669324126872185,1.954550876979405,1.4438402062459283,23.152722287221536,11.274038857228042,1.1261774341366462,0.23296331785552316,24.45639840163609,11.90745512995587,240.0,0.0,0.0,0.0,-0.3072055177286397,0.0470695916339766,0.48793253913439144,0.09287454953650727,1.954550876979405,1.4438402062459283,23.152722287221536,11.274038857228042,1.1261774341366462,0.23296331785552316,24.45639840163609,11.90745512995587,240.0,0.0,0.0,0.0,-0.3072055177286397,0.0470695916339766,0.48793253913439144,0.09287454953650727,1.954550876979405,1.4438402062459283,,,,,,,0.0,0.0,,,,,,,,,219840.0,181440.0,38160.0,38400.0,33120.0,214560.0,12873600.0,33120.0,38160.0,1.0,0.0,0.267269392033543,0.0021339348099094495,1.0,0.0,1.0,0.0,15.981134179096001,1.8219937530978232,2.847575241809031,0.256150718332106,0.0,0.0,34.22737612213743,2.631142236072885,-2.3826779425380145,0.05937953812410409,2.3826779425380145,0.05937953812410409,2.664487051601228,0.05724721149308159,0.6545725012425676,0.016543507811138107,3.037250443780582,0.048184459111148346,,,,,,,,,,,3,1.7456226478928865,,,,,
60,4,3,shrink_c0.875,shrink,0.875,validation,0.2526281000270198,0.01715367815204042,14.970747821872664,17.0497214194337,192.69981042215022,133.06554756263668,5.281385890147255,2.644235236003944,203.55714502319987,140.52943921058136,240.0,0.0,0.0,0.0,0.21402639168683604,0.37389825366432844,1.3218177752590428,0.886630195370535,14.970747821872664,17.0497214194337,192.69981042215022,133.06554756263668,5.281385890147255,2.644235236003944,203.55714502319987,140.52943921058136,240.0,0.0,0.0,0.0,0.21402639168683604,0.37389825366432844,1.3218177752590428,0.886630195370535,14.970747821872664,17.0497214194337,,,,,,,0.0,0.0,,,,,,,,,219840.0,181440.0,38160.0,38400.0,33120.0,214560.0,12873600.0,33120.0,38160.0,1.0,0.0,0.26867575122292103,0.002020597160953999,1.0,0.0,1.0,0.0,27.214136378745778,13.53135312026008,0.49491597145951677,0.21183581104287424,0.0,0.0,224.99907379550453,173.3613399589261,-2.0273887080384614,0.0472841940077836,2.0273887080384614,0.0472841940077836,2.818271256792299,0.10458861447226427,1.0098617357421207,0.006752888064277803,3.037250443780582,0.048184459111148346,,,,,,,,,,,3,150.86443943261207,,,,,
60,5,2,box_factor_a0.875,box_factor,0.875,validation,0.28812316673186916,0.0172298949552075,0.8438886677579761,0.03053340721789977,7.429963042689348,0.42108951372388437,0.8741228683213188,0.021681646447614323,7.846342150965785,0.44508624733377644,240.0,0.0,0.0,0.0,-0.28823321726092277,0.01238032868703589,0.3665662980261133,0.007272425917805418,0.8438886677579761,0.03053340721789977,7.429963042689348,0.42108951372388437,0.8741228683213188,0.021681646447614323,7.846342150965785,0.44508624733377644,240.0,0.0,0.0,0.0,-0.28823321726092277,0.01238032868703589,0.3665662980261133,0.007272425917805418,0.8438886677579761,0.03053340721789977,,,,,,,0.0,0.0,,,,,,,,,231600.0,170880.0,60480.0,60720.0,49440.0,220320.0,13219200.0,49440.0,60480.0,1.0,0.0,0.24483024691358024,0.005135927308331155,1.0,0.0,1.0,0.0,21.76671609649215,0.48089796277838764,22.264404463335698,0.4916268509439312,0.0,0.0,21.653949925028666,0.426859762040355,-1.740912091599321,0.04001395538096685,1.740912091599321,0.04001395538096685,2.0236439249416183,0.033749652051510017,0.8649575116961241,0.024005298279009782,2.6058696032954454,0.05143946108472789,,,,,,,,,,,3,0.10168586627825849,,,,,
60,5,2,box_factor_a0.9,box_factor,0.9,validation,0.29925656667910516,0.005347552044014568,0.8551831344433777,0.03554272007768738,7.775186243282623,0.4304233922243875,0.9096244360462138,0.022881896058084387,8.211256245876918,0.4549398421324966,240.0,0.0,0.0,0.0,-0.2815809653625263,0.012914342303512861,0.3683414769441409,0.00772901669934139,0.8551831344433777,0.03554272007768738,7.775186243282623,0.4304233922243875,0.9096244360462138,0.022881896058084387,8.211256245876918,0.4549398421324966,240.0,0.0,0.0,0.0,-0.2815809653625263,0.012914342303512861,0.3683414769441409,0.00772901669934139,0.8551831344433777,0.03554272007768738,,,,,,,0.0,0.0,,,,,,,,,231600.0,170880.0,60480.0,60720.0,49440.0,220320.0,13219200.0,49440.0,60480.0,1.0,0.0,0.244918430335097,0.005102469649972045,1.0,0.0,1.0,0.0,22.00503544659823,0.4782857901532719,22.402996113176968,0.4868243075855047,0.0,0.0,21.52286792060129,0.41902797372467726,-1.71844690531987,0.039825171545462855,1.71844690531987,0.039825171545462855,2.0156358210808403,0.03310551634702561,0.8874226979755756,0.024728797047392184,2.6058696032954454,0.05143946108472789,,,,,,,,,,,3,0.11214926894149248,,,,,
60,5,2,shrink_c0.375,shrink,0.375,validation,0.29018823329048854,0.00374768292466584,2.0267429520815754,1.4738201043609016,42.623371226599765,33.867213583110484,1.2751968898352488,0.4776978159270639,45.03426683684139,35.79115297816538,240.0,0.0,0.0,0.0,-0.3582624724380295,0.0848085173034519,0.4969705097717643,0.09601154125958428,2.0267429520815754,1.4738201043609016,42.623371226599765,33.867213583110484,1.2751968898352488,0.4776978159270639,45.03426683684139,35.79115297816538,240.0,0.0,0.0,0.0,-0.3582624724380295,0.0848085173034519,0.4969705097717643,0.09601154125958428,2.0267429520815754,1.4738201043609016,,,,,,,0.0,0.0,,,,,,,,,231600.0,170880.0,60480.0,60720.0,49440.0,220320.0,13219200.0,49440.0,60480.0,1.0,0.0,0.24510030864197532,0.005178468307563454,1.0,0.0,1.0,0.0,20.695312020280777,1.176180752359896,9.864722967900029,0.44814672570792236,0.0,0.0,37.44189644041486,15.780084132739049,-2.2309772203973677,0.03886348838949087,2.2309772203973677,0.03886348838949087,2.3398804785422853,0.03747846950175865,0.37489238289807725,0.02110033377937932,2.6058696032954454,0.05143946108472789,,,,,,,,,,,3,1.7519739520215254,,,,,
60,5,2,shrink_c0.625,shrink,0.625,validation,0.29172380004699033,0.010646241344640654,374.03990840313617,504.93772224581284,22127.009302817354,36570.88315174333,299.27572252240094,479.1980078143274,23382.29025334929,38646.21432874851,240.0,0.0,0.0,0.0,-9.999983012400188,23.22711871921402,16.372558062091695,19.4185674609203,374.03990840313617,504.93772224581284,22127.009302817354,36570.88315174333,299.27572252240094,479.1980078143274,23382.29025334929,38646.21432874851,240.0,0.0,0.0,0.0,-9.999983012400188,23.22711871921402,16.372558062091695,19.4185674609203,374.03990840313617,504.93772224581284,,,,,,,0.0,0.0,,,,,,,,,231600.0,170880.0,60480.0,60720.0,49440.0,220320.0,13219200.0,49440.0,60480.0,1.0,0.0,0.24679783950617284,0.005204692745152014,1.0,0.0,1.0,0.0,472.8992460562993,751.7459943984701,67.19259986349157,105.70737742625253,0.0,0.0,6391540.479100392,11068863.056079214,-7.684561576307381,10.254627446979141,7.684561576307381,10.254627446979141,8.467323000081201,10.252776404839693,-5.0786919730119395,10.287657746320264,2.6058696032954454,0.05143946108472789,,,,,,,,,,,3,111894.00262913738,,,,,
60,5,2,shrink_c0.875,shrink,0.875,validation,0.2768010000387828,0.010420206351345588,33867.02581581644,55371.71517143642,2222332.7668366483,3799321.8790008947,29274.179676978438,49792.98091869986,2348428.63275069,4014907.8799231504,240.0,0.0,0.0,0.0,-1202.9307960586025,2233.291626523041,1338.7052993292148,2145.4795239903046,33867.02581581644,55371.71517143642,2222332.7668366483,3799321.8790008947,29274.179676978438,49792.98091869986,2348428.63275069,4014907.8799231504,240.0,0.0,0.0,0.0,-1202.9307960586025,2233.291626523041,1338.7052993292148,2145.4795239903046,33867.02581581644,55371.71517143642,,,,,,,0.0,0.0,,,,,,,,,231600.0,170880.0,60480.0,60720.0,49440.0,220320.0,13219200.0,49440.0,60480.0,1.0,0.0,0.24814263668430336,0.005336904432968141,1.0,0.0,1.0,0.0,32485.249030097908,55431.80759177418,507.60402529098116,866.0098237979283,0.0,0.0,67423891050.17342,116780127647.80814,-606.3843449788345,1056.4455127038498,611.1236938399464,1052.341117844563,617.2775775532216,1055.0871369793251,-603.7784753755392,1056.4782320300837,2.6058696032954454,0.05143946108472789,,,,,,,,,,,3,1153578067.430935,,,,,
80,2,2,box_factor_a0.875,box_factor,0.875,validation,0.006909799917290608,0.0004958754288399745,0.8877299894611443,0.00402551196894183,4.700835121875211,0.1288291191262268,0.6573185520535836,0.00927367504643723,4.935655510893668,0.13576800020875307,240.0,0.0,0.0,0.0,-0.4382521619027187,0.0043095182583176225,0.4558033579740493,0.004993571030682655,0.8877299894611443,0.00402551196894183,4.700835121875211,0.1288291191262268,0.6573185520535836,0.00927367504643723,4.935655510893668,0.13576800020875307,240.0,0.0,0.0,0.0,-0.4382521619027187,0.0043095182583176225,0.4558033579740493,0.004993571030682655,0.8877299894611443,0.00402551196894183,,,,,,,0.0,0.0,,,,,,,,,2640.0,1920.0,480.0,720.0,480.0,2400.0,192000.0,480.0,480.0,1.0,0.0,0.36180555555555555,0.012028130608117228,1.0,0.0,1.0,0.0,47.98052550771778,3.725285732914354,48.97103551038712,3.7752697135608013,0.0,0.0,72.20578516920956,8.829313141162043,-4.3210535110975,0.29255845224740923,4.3210535110975,0.29255845224740923,4.536435505612583,0.36675880762635127,0.8519276203157178,0.01685218962475863,5.172981131413217,0.28151789988835135,,,,,,,,,,,3,0.014802253671120846,,,,,
80,2,2,box_factor_a0.9,box_factor,0.9,validation,0.009035666628430286,0.0007027537146485213,0.8877013040890024,0.0040334088116649805,4.7548844555153655,0.13188300308096018,0.6614501822171078,0.009397876861545905,4.992599173051268,0.13897830805932013,240.0,0.0,0.0,0.0,-0.4372863707067516,0.004384519896096086,0.45572124869092095,0.004996326398765859,0.8877013040890024,0.0040334088116649805,4.7548844555153655,0.13188300308096018,0.6614501822171078,0.009397876861545905,4.992599173051268,0.13897830805932013,240.0,0.0,0.0,0.0,-0.4372863707067516,0.004384519896096086,0.45572124869092095,0.004996326398765859,0.8877013040890024,0.0040334088116649805,,,,,,,0.0,0.0,,,,,,,,,2640.0,1920.0,480.0,720.0,480.0,2400.0,192000.0,480.0,480.0,1.0,0.0,0.36180555555555555,0.012028130608117228,1.0,0.0,1.0,0.0,47.98052550771778,3.725285732914354,48.7692749315298,3.7651647011962925,0.0,0.0,71.93256006528485,8.869769203361862,-4.3010965493990705,0.29306897454313613,4.3010965493990705,0.29306897454313613,4.524060648332617,0.3682702392320214,0.8718845820141462,0.017554310805861346,5.172981131413217,0.28151789988835135,,,,,,,,,,,3,0.015512080024308289,,,,,
80,2,2,shrink_c0.375,shrink,0.375,validation,0.007219466691215833,0.0008244112175453417,0.912057149292996,0.004153345939137395,3.70382670854224,0.05516662706895659,0.569249999071311,0.007608986338965402,3.884165060727829,0.05819873309396168,240.0,0.0,0.0,0.0,-0.4690651870271723,0.004607625177398993,0.4731130381018113,0.0038159350541097244,0.912057149292996,0.004153345939137395,3.70382670854224,0.05516662706895659,0.569249999071311,0.007608986338965402,3.884165060727829,0.05819873309396168,240.0,0.0,0.0,0.0,-0.4690651870271723,0.004607625177398993,0.4731130381018113,0.0038159350541097244,0.912057149292996,0.004153345939137395,,,,,,,0.0,0.0,,,,,,,,,2640.0,1920.0,480.0,720.0,480.0,2400.0,192000.0,480.0,480.0,1.0,0.0,0.36180555555555555,0.012028130608117228,1.0,0.0,1.0,0.0,47.98052550771778,3.725285732914354,22.43447797956719,1.6289906964632348,0.0,0.0,83.22860048472522,7.964399296447071,-4.883751674982841,0.279863077070389,4.883751674982841,0.279863077070389,4.948330855152644,0.3023850005171911,0.2892294564303763,0.04305122452437222,5.172981131413217,0.28151789988835135,,,,,,,,,,,3,0.0024326794751192565,,,,,
80,2,2,shrink_c0.625,shrink,0.625,validation,0.007055866687248151,0.00043837806813134823,0.9133960749394486,0.004574733040008976,4.170602008413673,0.0675240403113293,0.6067134819642411,0.010304944767322953,4.376342822087531,0.07119481913460611,240.0,0.0,0.0,0.0,-0.46263878354448235,0.005584961331236865,0.47216183102557147,0.004463505744701563,0.9133960749394486,0.004574733040008976,4.170602008413673,0.0675240403113293,0.6067134819642411,0.010304944767322953,4.376342822087531,0.07119481913460611,240.0,0.0,0.0,0.0,-0.46263878354448235,0.005584961331236865,0.47216183102557147,0.004463505744701563,0.9133960749394486,0.004574733040008976,,,,,,,0.0,0.0,,,,,,,,,2640.0,1920.0,480.0,720.0,480.0,2400.0,192000.0,480.0,480.0,1.0,0.0,0.36180555555555555,0.012028130608117228,1.0,0.0,1.0,0.0,47.98052550771778,3.725285732914354,8.076412072644189,0.586436650726763,0.0,0.0,81.78370032033915,8.9688295982205,-4.6909320373625905,0.2824240783319368,4.6909320373625905,0.2824240783319368,4.852319703208981,0.33336098373033357,0.4820490940506272,0.07175204087395375,5.172981131413217,0.28151789988835135,,,,,,,,,,,3,0.006757442986442379,,,,,
80,2,2,shrink_c0.875,shrink,0.875,validation,0.007795666654904683,0.0014764876194625722,0.9186756876194416,0.005102964995732045,4.785067114038042,0.08186383202167681,0.6494032058648657,0.014078148959361523,5.023808903753641,0.08623997348919135,240.0,0.0,0.0,0.0,-0.4562123800617924,0.006610138633410965,0.47314471355309123,0.0026411752486172795,0.9186756876194416,0.005102964995732045,4.785067114038042,0.08186383202167681,0.6494032058648657,0.014078148959361523,5.023808903753641,0.08623997348919135,240.0,0.0,0.0,0.0,-0.4562123800617924,0.006610138633410965,0.47314471355309123,0.0026411752486172795,0.9186756876194416,0.005102964995732045,,,,,,,0.0,0.0,,,,,,,,,2640.0,1920.0,480.0,720.0,480.0,2400.0,192000.0,480.0,480.0,1.0,0.0,0.36180555555555555,0.012028130608117228,1.0,0.0,1.0,0.0,47.98052550771778,3.725285732914354,0.8973791191826876,0.06515962785852929,0.0,0.0,82.7450947227565,10.672560367871565,-4.498112399742339,0.28783823904103834,4.498112399742339,0.28783823904103834,4.814264310985678,0.3335466146007849,0.674868731670878,0.1004528572235352,5.172981131413217,0.28151789988835135,,,,,,,,,,,3,0.013244588253427062,,,,,
80,2,8,box_factor_a0.875,box_factor,0.875,validation,0.04626796666222314,0.00804957450819574,0.8551435582685504,0.006915048376852337,1.9610877013251915,0.12396149742697528,0.30030631974775424,0.011334892834242539,2.0436124430021065,0.1318063474246193,240.0,0.0,0.0,0.0,-0.43704063395641685,0.005684567929468914,0.43872181946645644,0.00487110867341861,0.8551435582685504,0.006915048376852337,1.9610877013251915,0.12396149742697528,0.30030631974775424,0.011334892834242539,2.0436124430021065,0.1318063474246193,240.0,0.0,0.0,0.0,-0.43704063395641685,0.005684567929468914,0.43872181946645644,0.00487110867341861,0.8551435582685504,0.006915048376852337,,,,,,,0.0,0.0,,,,,,,,,32880.0,30720.0,1920.0,2160.0,1920.0,32640.0,2611200.0,1920.0,1920.0,1.0,0.0,0.3041666666666667,0.004968433340713248,1.0,0.0,1.0,0.0,10.413588753417008,0.3180001807927199,10.826767333609242,0.32680125470732724,0.0,0.0,70.32792648260126,3.935143371574495,-4.251347431231127,0.2294630186030898,4.251347431231127,0.2294630186030898,4.529119624260578,0.20544856500162367,0.9092022761481493,0.05250384872622717,5.160549707379276,0.1852843609488518,,,,,,,,,,,3,0.002612883983404981,,,,,
80,2,8,box_factor_a0.9,box_factor,0.9,validation,0.04040306666865945,0.0018903341153080572,0.8541170239297337,0.006935185072570002,1.9891471420117541,0.12770641535110283,0.30291150225793545,0.011592626795911484,2.073437610584702,0.13573824090455391,240.0,0.0,0.0,0.0,-0.43606078941377135,0.00579479903714652,0.4378589084156917,0.004847453548041057,0.8541170239297337,0.006935185072570002,1.9891471420117541,0.12770641535110283,0.30291150225793545,0.011592626795911484,2.073437610584702,0.13573824090455391,240.0,0.0,0.0,0.0,-0.43606078941377135,0.00579479903714652,0.4378589084156917,0.004847453548041057,0.8541170239297337,0.006935185072570002,,,,,,,0.0,0.0,,,,,,,,,32880.0,30720.0,1920.0,2160.0,1920.0,32640.0,2611200.0,1920.0,1920.0,1.0,0.0,0.3041666666666667,0.004968433340713248,1.0,0.0,1.0,0.0,10.413588753417008,0.3180001807927199,10.74124279239406,0.3250024847680238,0.0,0.0,70.06261373554138,3.9264023136161255,-4.2307134757754215,0.2305167461378291,4.2307134757754215,0.2305167461378291,4.518304889017653,0.20528964754326218,0.9298362316038548,0.053693819271286934,5.160549707379276,0.1852843609488518,,,,,,,,,,,3,0.0027377608713534674,,,,,
80,2,8,shrink_c0.375,shrink,0.375,validation,0.044144099966312446,0.0011892078496224465,0.893796069339427,0.005077492485985667,1.3975067713307052,0.024672460802234786,0.24327537335742713,0.0032086152504323773,1.4406782700464735,0.026789008775831454,240.0,0.0,0.0,0.0,-0.4657186668942043,0.0032828462215947563,0.46598180371030756,0.0031026712104804902,0.893796069339427,0.005077492485985667,1.3975067713307052,0.024672460802234786,0.24327537335742713,0.0032086152504323773,1.4406782700464735,0.026789008775831454,240.0,0.0,0.0,0.0,-0.4657186668942043,0.0032828462215947563,0.46598180371030756,0.0031026712104804902,0.893796069339427,0.005077492485985667,,,,,,,0.0,0.0,,,,,,,,,32880.0,30720.0,1920.0,2160.0,1920.0,32640.0,2611200.0,1920.0,1920.0,1.0,0.0,0.3041666666666667,0.004968433340713248,1.0,0.0,1.0,0.0,10.413588753417008,0.3180001807927199,5.868544569063888,0.15787648552291736,0.0,0.0,78.80942087408577,4.044492699907846,-4.803853491155745,0.19810109274520193,4.803853491155745,0.19810109274520193,4.834986040259506,0.19141310159136074,0.3566962162235308,0.016145243360631497,5.160549707379276,0.1852843609488518,,,,,,,,,,,3,0.0005324217330036978,,,,,
80,2,8,shrink_c0.625,shrink,0.625,validation,0.04792736656963825,0.009050234922597857,0.8828601198659208,0.00647830015366166,1.6386546227513665,0.05283888845379047,0.26698112819180125,0.005704606333963312,1.6992570091882115,0.05669124544728268,240.0,0.0,0.0,0.0,-0.4563410680919595,0.00465408287204443,0.45690839041849934,0.004212790393742739,0.8828601198659208,0.00647830015366166,1.6386546227513665,0.05283888845379047,0.26698112819180125,0.005704606333963312,1.6992570091882115,0.05669124544728268,240.0,0.0,0.0,0.0,-0.4563410680919595,0.00465408287204443,0.45690839041849934,0.004212790393742739,0.8828601198659208,0.00647830015366166,,,,,,,0.0,0.0,,,,,,,,,32880.0,30720.0,1920.0,2160.0,1920.0,32640.0,2611200.0,1920.0,1920.0,1.0,0.0,0.3041666666666667,0.004968433340713248,1.0,0.0,1.0,0.0,10.413588753417008,0.3180001807927199,2.112676044863,0.05683553478824993,0.0,0.0,74.69492438560471,4.171482404462069,-4.566056013673391,0.206904585245642,4.566056013673391,0.206904585245642,4.660593189354497,0.20077641350467482,0.5944936937058848,0.026908738934385647,5.160549707379276,0.1852843609488518,,,,,,,,,,,3,0.001478949258343605,,,,,
80,2,8,shrink_c0.875,shrink,0.875,validation,0.04170863330364227,0.008346328976501605,0.8737168626183424,0.007309045587758723,1.9476098306991998,0.08471917972266592,0.2941762097952817,0.008181986153003806,2.0284911707433113,0.09027305950171176,240.0,0.0,0.0,0.0,-0.44696346928971464,0.00602531988283457,0.4488954615508985,0.004644396045640046,0.8737168626183424,0.007309045587758723,1.9476098306991998,0.08471917972266592,0.2941762097952817,0.008181986153003806,2.0284911707433113,0.09027305950171176,240.0,0.0,0.0,0.0,-0.44696346928971464,0.00602531988283457,0.4488954615508985,0.004644396045640046,0.8737168626183424,0.007309045587758723,,,,,,,0.0,0.0,,,,,,,,,32880.0,30720.0,1920.0,2160.0,1920.0,32640.0,2611200.0,1920.0,1920.0,1.0,0.0,0.3041666666666667,0.004968433340713248,1.0,0.0,1.0,0.0,10.413588753417008,0.3180001807927199,0.23474178276255553,0.006315059420916671,0.0,0.0,72.17262670253167,4.232436773918284,-4.328258536191037,0.21588579739860564,4.328258536191037,0.21588579739860564,4.552030204375598,0.21186526319566007,0.8322911711882389,0.03767223450814012,5.160549707379276,0.1852843609488518,,,,,,,,,,,3,0.0028987405463534654,,,,,
80,2,24,box_factor_a0.875,box_factor,0.875,validation,0.6713380001019686,0.006296828436600276,0.8565217531314356,0.0009362535920851904,1.2954372680972224,0.004352858844020692,0.21891755476974914,0.001394379262357108,1.3335880222137513,0.004653787651645694,240.0,0.0,0.0,0.0,-0.4382921770537534,0.0009317851491021293,0.4400628245393521,0.0007477450604810668,0.8565217531314356,0.0009362535920851904,1.2954372680972224,0.004352858844020692,0.21891755476974914,0.001394379262357108,1.3335880222137513,0.004653787651645694,240.0,0.0,0.0,0.0,-0.4382921770537534,0.0009317851491021293,0.4400628245393521,0.0007477450604810668,0.8565217531314356,0.0009362535920851904,,,,,,,0.0,0.0,,,,,,,,,282480.0,276480.0,5760.0,6000.0,5760.0,282240.0,22579200.0,5760.0,5760.0,1.0,0.0,0.18674768518518517,0.004282016373538413,1.0,0.0,1.0,0.0,2.7966916193455926,0.03908232647472277,2.9700315621654787,0.041335786889698675,0.0,0.0,71.88472295254647,2.4562264462938015,-4.308220943454767,0.11647352702279838,4.308220943454767,0.11647352702279838,4.572771999688691,0.1352783736351813,0.9165482763365356,0.006002041315081682,5.224769219791302,0.11511291164067558,,,,,,,,,,,3,0.0008886239145099376,,,,,
80,2,24,box_factor_a0.9,box_factor,0.9,validation,0.6740172332307944,0.017602899123579988,0.8556276424946008,0.0009372254590529896,1.3079606062430125,0.0043481306867652275,0.22020695572837157,0.001399015781267336,1.3471024290071136,0.004649276181106877,240.0,0.0,0.0,0.0,-0.4374668568513886,0.0009637851701216843,0.4392699331693491,0.0007703429219982304,0.8556276424946008,0.0009372254590529896,1.3079606062430125,0.0043481306867652275,0.22020695572837157,0.001399015781267336,1.3471024290071136,0.004649276181106877,240.0,0.0,0.0,0.0,-0.4374668568513886,0.0009637851701216843,0.4392699331693491,0.0007703429219982304,0.8556276424946008,0.0009372254590529896,,,,,,,0.0,0.0,,,,,,,,,282480.0,276480.0,5760.0,6000.0,5760.0,282240.0,22579200.0,5760.0,5760.0,1.0,0.0,0.18674768518518517,0.004282016373538413,1.0,0.0,1.0,0.0,2.7966916193455926,0.03908232647472277,2.9333415721915395,0.040861395446451836,0.0,0.0,71.65459531841127,2.4615814757439645,-4.289701626379301,0.11658117187776885,4.289701626379301,0.11658117187776885,4.5629069920124,0.13583090947808246,0.9350675934120013,0.006329453015793369,5.224769219791302,0.11511291164067558,,,,,,,,,,,3,0.0009268387496747432,,,,,
80,2,24,shrink_c0.375,shrink,0.375,validation,0.6684141999576241,0.026472589142929978,0.8925611606984237,0.0011852886088354825,1.0290553272143834,0.0042109395930275875,0.1881565583050162,0.0005282945874789191,1.042499737517709,0.004705455312976869,240.0,0.0,0.0,0.0,-0.46520631462870204,0.0006859818078426607,0.4654031763327197,0.0005690793687521677,0.8925611606984237,0.0011852886088354825,1.0290553272143834,0.0042109395930275875,0.1881565583050162,0.0005282945874789191,1.042499737517709,0.004705455312976869,240.0,0.0,0.0,0.0,-0.46520631462870204,0.0006859818078426607,0.4654031763327197,0.0005690793687521677,0.8925611606984237,0.0011852886088354825,,,,,,,0.0,0.0,,,,,,,,,282480.0,276480.0,5760.0,6000.0,5760.0,282240.0,22579200.0,5760.0,5760.0,1.0,0.0,0.18674768518518517,0.004282016373538413,1.0,0.0,1.0,0.0,2.7966916193455926,0.03908232647472277,2.0449201144375015,0.024775221483877393,0.0,0.0,79.90226684656443,2.423399847812764,-4.844685355236148,0.11824859970472451,4.844685355236148,0.11824859970472451,4.882783262610659,0.11986228360018035,0.3800838645551547,0.005761505752188609,5.224769219791302,0.11511291164067558,,,,,,,,,,,3,0.00018521024314863417,,,,,
80,2,24,shrink_c0.625,shrink,0.625,validation,0.6664497999008745,0.028385862450008743,0.8802689475621568,0.0016676441761009125,1.1425134029615422,0.010565304480194914,0.20266635516062892,0.0008670421514225934,1.1669017708414364,0.011578918027707122,240.0,0.0,0.0,0.0,-0.455202982983965,0.0011960027125174984,0.4559510306769057,0.0009448827348956964,0.8802689475621568,0.0016676441761009125,1.1425134029615422,0.010565304480194914,0.20266635516062892,0.0008670421514225934,1.1669017708414364,0.011578918027707122,240.0,0.0,0.0,0.0,-0.455202982983965,0.0011960027125174984,0.4559510306769057,0.0009448827348956964,0.8802689475621568,0.0016676441761009125,,,,,,,0.0,0.0,,,,,,,,,282480.0,276480.0,5760.0,6000.0,5760.0,282240.0,22579200.0,5760.0,5760.0,1.0,0.0,0.18674768518518517,0.004282016373538413,1.0,0.0,1.0,0.0,2.7966916193455926,0.03908232647472277,0.7361712411975004,0.00891907973419596,0.0,0.0,75.52244455112374,2.548039571711336,-4.591296112199378,0.12044686468355344,4.591296112199378,0.12044686468355344,4.693586444422945,0.1295454738987329,0.6334731075919245,0.00960250958698094,5.224769219791302,0.11511291164067558,,,,,,,,,,,3,0.0005144728976350948,,,,,
80,2,24,shrink_c0.875,shrink,0.875,validation,0.6748155332946529,0.02493829213089971,0.8696402754867786,0.0019493920303720253,1.2971918820056931,0.01829616252540355,0.2190882184323073,0.001303626864995335,1.334567336538858,0.01981064624028045,240.0,0.0,0.0,0.0,-0.44519965133922784,0.0017124169120191766,0.44657097777096055,0.0013572817842021174,0.8696402754867786,0.0019493920303720253,1.2971918820056931,0.01829616252540355,0.2190882184323073,0.001303626864995335,1.334567336538858,0.01981064624028045,240.0,0.0,0.0,0.0,-0.44519965133922784,0.0017124169120191766,0.44657097777096055,0.0013572817842021174,0.8696402754867786,0.0019493920303720253,,,,,,,0.0,0.0,,,,,,,,,282480.0,276480.0,5760.0,6000.0,5760.0,282240.0,22579200.0,5760.0,5760.0,1.0,0.0,0.18674768518518517,0.004282016373538413,1.0,0.0,1.0,0.0,2.7966916193455926,0.03908232647472277,0.08179680457750006,0.0009910088593550921,0.0,0.0,72.83741228672905,2.673049198843921,-4.337906869162608,0.12272599444692221,4.337906869162608,0.12272599444692221,4.564873746290455,0.14275418649687108,0.8868623506286942,0.013443513421773492,5.224769219791302,0.11511291164067558,,,,,,,,,,,3,0.0010083668793647858,,,,,
80,2,32,box_factor_a0.875,box_factor,0.875,validation,1.0845701666548848,0.08011102634742534,0.8540616577171433,0.0010345685556405893,1.2082907704317147,0.007700034078285756,0.2094037228893454,0.001942809854376406,1.2399761843961403,0.008323690429886487,240.0,0.0,0.0,0.0,-0.4381984944848308,0.0009958650089056382,0.44015911041807204,0.0006306735822445429,0.8540616577171433,0.0010345685556405893,1.2082907704317147,0.007700034078285756,0.2094037228893454,0.001942809854376406,1.2399761843961403,0.008323690429886487,240.0,0.0,0.0,0.0,-0.4381984944848308,0.0009958650089056382,0.44015911041807204,0.0006306735822445429,0.8540616577171433,0.0010345685556405893,,,,,,,0.0,0.0,,,,,,,,,499440.0,491520.0,7680.0,7920.0,7680.0,499200.0,39936000.0,7680.0,7680.0,1.0,0.0,0.15269097222222222,0.0028685263267115018,1.0,0.0,1.0,0.0,1.9527803520153564,0.03849411145942412,2.0871807280493253,0.04085551750391063,0.0,0.0,71.5563570307988,1.9308566035972636,-4.330052256626677,0.09752162643522198,4.330052256626677,0.09752162643522198,4.587096221381688,0.09946116571474822,0.9097717215489917,0.016540708916525714,5.239823978175668,0.11393351183853853,,,,,,,,,,,3,0.0007864306977977968,,,,,
80,2,32,box_factor_a0.9,box_factor,0.9,validation,1.0758549666497856,0.06328407248568864,0.8531642002671634,0.0010319996315136498,1.218017005909202,0.008022247880815687,0.21047059870206242,0.00198247350704382,1.2505232172865879,0.008665311600077934,240.0,0.0,0.0,0.0,-0.4374135458142814,0.0010208930573655341,0.43940398837365474,0.0006460635182991344,0.8531642002671634,0.0010319996315136498,1.218017005909202,0.008022247880815687,0.21047059870206242,0.00198247350704382,1.2505232172865879,0.008665311600077934,240.0,0.0,0.0,0.0,-0.4374135458142814,0.0010208930573655341,0.43940398837365474,0.0006460635182991344,0.8531642002671634,0.0010319996315136498,,,,,,,0.0,0.0,,,,,,,,,499440.0,491520.0,7680.0,7920.0,7680.0,499200.0,39936000.0,7680.0,7680.0,1.0,0.0,0.15269097222222222,0.0028685263267115018,1.0,0.0,1.0,0.0,1.9527803520153564,0.03849411145942412,2.0585003811439555,0.040360893363604086,0.0,0.0,71.34412735391204,1.9315761913787854,-4.312492037881417,0.09711855313141478,4.312492037881417,0.09711855313141478,4.5779515344273785,0.09949452465292229,0.9273319402942509,0.016951049182418347,5.239823978175668,0.11393351183853853,,,,,,,,,,,3,0.0008176079537150735,,,,,
80,2,32,shrink_c0.375,shrink,0.375,validation,1.1085509999344747,0.060677847420733906,0.8915892286030119,0.0010210795143542931,0.9955719343036272,0.0044583115290666745,0.18211205052129212,0.0009845346502535483,1.0059819595561625,0.0049484786027819,240.0,0.0,0.0,0.0,-0.4651440640332702,0.0007573013869564958,0.4653806838737931,0.0006311375639532112,0.8915892286030119,0.0010210795143542931,0.9955719343036272,0.0044583115290666745,0.18211205052129212,0.0009845346502535483,1.0059819595561625,0.0049484786027819,240.0,0.0,0.0,0.0,-0.4651440640332702,0.0007573013869564958,0.4653806838737931,0.0006311375639532112,0.8915892286030119,0.0010210795143542931,,,,,,,0.0,0.0,,,,,,,,,499440.0,491520.0,7680.0,7920.0,7680.0,499200.0,39936000.0,7680.0,7680.0,1.0,0.0,0.15269097222222222,0.0028685263267115018,1.0,0.0,1.0,0.0,1.9527803520153564,0.03849411145942412,1.567443509347948,0.02606631088233106,0.0,0.0,79.3569540168689,1.87252050069501,-4.860717741531845,0.10399289431712165,4.860717741531845,0.10399289431712165,4.8973185392161165,0.10396955782490142,0.3791062366438225,0.009952715742314218,5.239823978175668,0.11393351183853853,,,,,,,,,,,3,0.00016855261102417338,,,,,
80,2,32,shrink_c0.625,shrink,0.625,validation,1.101476200002556,0.06006737495649532,0.8785099941279281,0.0014334859074091762,1.0856146672535338,0.012019106021530314,0.19472562893305176,0.001987283257392261,1.1053265603538096,0.013125564872276185,240.0,0.0,0.0,0.0,-0.4550133197034822,0.0011952928332816374,0.4558272043610439,0.0009756304286413446,0.8785099941279281,0.0014334859074091762,1.0856146672535338,0.012019106021530314,0.19472562893305176,0.001987283257392261,1.1053265603538096,0.013125564872276185,240.0,0.0,0.0,0.0,-0.4550133197034822,0.0011952928332816374,0.4558272043610439,0.0009756304286413446,0.8785099941279281,0.0014334859074091762,,,,,,,0.0,0.0,,,,,,,,,499440.0,491520.0,7680.0,7920.0,7680.0,499200.0,39936000.0,7680.0,7680.0,1.0,0.0,0.15269097222222222,0.0028685263267115018,1.0,0.0,1.0,0.0,1.9527803520153564,0.03849411145942412,0.5642796633652614,0.009383871917639118,0.0,0.0,74.96894023811524,1.8395479423307168,-4.607980250435964,0.09736718921124074,4.607980250435964,0.09736718921124074,4.7075788060687325,0.09995071171225446,0.631843727739704,0.016587859570523684,5.239823978175668,0.11393351183853853,,,,,,,,,,,3,0.0004682016972893702,,,,,
80,2,32,shrink_c0.875,shrink,0.875,validation,1.1244441666640341,0.07973854529139048,0.867039002586953,0.001715027855345783,1.2115262800980113,0.021398878519960803,0.20921342394980832,0.0029166740445524027,1.2425028144346826,0.023129994254531733,240.0,0.0,0.0,0.0,-0.4448825753736941,0.001636858093478263,0.4462895509838128,0.0013049892685877318,0.867039002586953,0.001715027855345783,1.2115262800980113,0.021398878519960803,0.20921342394980832,0.0029166740445524027,1.2425028144346826,0.023129994254531733,240.0,0.0,0.0,0.0,-0.4448825753736941,0.001636858093478263,0.4462895509838128,0.0013049892685877318,0.867039002586953,0.001715027855345783,,,,,,,0.0,0.0,,,,,,,,,499440.0,491520.0,7680.0,7920.0,7680.0,499200.0,39936000.0,7680.0,7680.0,1.0,0.0,0.15269097222222222,0.0028685263267115018,1.0,0.0,1.0,0.0,1.9527803520153564,0.03849411145942412,0.06269774037391794,0.001042652435293238,0.0,0.0,72.21696226193532,1.8741926831693443,-4.355242759340082,0.09074286345815392,4.355242759340082,0.09074286345815392,4.571849098472309,0.09738002827162963,0.8845812188355856,0.023223003398733007,5.239823978175668,0.11393351183853853,,,,,,,,,,,3,0.000917675326687166,,,,,
80,3,3,box_factor_a0.875,box_factor,0.875,validation,0.06663483334705234,0.006083770283687118,0.8171923732432683,0.016631008858491583,3.8290999506163828,0.19906125095903152,0.4727146494546699,0.011056130246705735,4.018453552869835,0.2096068508460623,240.0,0.0,0.0,0.0,-0.3989476237927934,0.006423599312462949,0.40971274351136294,0.006679607502728207,0.8171923732432683,0.016631008858491583,3.8290999506163828,0.19906125095903152,0.4727146494546699,0.011056130246705735,4.018453552869835,0.2096068508460623,240.0,0.0,0.0,0.0,-0.3989476237927934,0.006423599312462949,0.40971274351136294,0.006679607502728207,0.8171923732432683,0.016631008858491583,,,,,,,0.0,0.0,,,,,,,,,34080.0,28080.0,5760.0,6000.0,5040.0,33120.0,2649600.0,5040.0,5760.0,1.0,0.0,0.30572916666666666,0.005755411268837075,1.0,0.0,1.0,0.0,26.897034013488234,0.6385394363316841,27.58308521013848,0.6540011918849812,0.0,0.0,58.810096440131645,1.0774933456407867,-3.473880878106931,0.08857031735213718,3.473880878106931,0.08857031735213718,3.8031630252558006,0.07202496875219,0.9384287350208728,0.03168444743909119,4.412309613127804,0.06349817185873681,,,,,,,,,,,3,0.012695337304999594,,,,,
80,3,3,box_factor_a0.9,box_factor,0.9,validation,0.07292413339018822,0.007387449254271838,0.8156830305627304,0.017169876858280586,3.947457764428659,0.20836993432060627,0.4821302483191517,0.011809089271087899,4.143232979823366,0.21940563153898368,240.0,0.0,0.0,0.0,-0.3962352664117315,0.006635644184584728,0.4083027535740733,0.007094080991896855,0.8156830305627304,0.017169876858280586,3.947457764428659,0.20836993432060627,0.4821302483191517,0.011809089271087899,4.143232979823366,0.21940563153898368,240.0,0.0,0.0,0.0,-0.3962352664117315,0.006635644184584728,0.4083027535740733,0.007094080991896855,0.8156830305627304,0.017169876858280586,,,,,,,0.0,0.0,,,,,,,,,34080.0,28080.0,5760.0,6000.0,5040.0,33120.0,2649600.0,5040.0,5760.0,1.0,0.0,0.305787037037037,0.00585492586571378,1.0,0.0,1.0,0.0,27.003986646431276,0.6324485139875122,27.550819065269845,0.6447551207305385,0.0,0.0,58.58304869396833,1.091093263816223,-3.4503050786001395,0.08938070414165357,3.4503050786001395,0.08938070414165357,3.7932690099553095,0.07263005249437025,0.9620045345276652,0.032607661774422966,4.412309613127804,0.06349817185873681,,,,,,,,,,,3,0.013638276329680062,,,,,
80,3,3,shrink_c0.375,shrink,0.375,validation,0.06751913328965505,0.010084135699972525,0.8857860776239633,0.0072591703719777105,2.426467907246422,0.49432799442527564,0.3371469982717623,0.00978900351229123,2.5352647422657237,0.5229025616713078,240.0,0.0,0.0,0.0,-0.4580104569950956,0.002202579275649066,0.45866724038059364,0.0021692800158854084,0.8857860776239633,0.0072591703719777105,2.426467907246422,0.49432799442527564,0.3371469982717623,0.00978900351229123,2.5352647422657237,0.5229025616713078,240.0,0.0,0.0,0.0,-0.4580104569950956,0.002202579275649066,0.45866724038059364,0.0021692800158854084,0.8857860776239633,0.0072591703719777105,,,,,,,0.0,0.0,,,,,,,,,34080.0,28080.0,5760.0,6000.0,5040.0,33120.0,2649600.0,5040.0,5760.0,1.0,0.0,0.3079282407407407,0.007449784741552832,1.0,0.0,1.0,0.0,25.281488398027033,0.792481560263066,12.44054663771414,0.3657848459805113,0.0,0.0,67.01420315155404,0.6695044281050312,-4.048238150662114,0.07047103879670112,4.048238150662114,0.07047103879670112,4.103240553281041,0.07422267025842637,0.36407146246569,0.0147561859145097,4.412309613127804,0.06349817185873681,,,,,,,,,,,3,0.0023533325548312834,,,,,
80,3,3,shrink_c0.625,shrink,0.625,validation,0.06231753326331576,0.002486859342137068,0.8690671324231903,0.016929714881798213,5.793089529276478,3.381888723131625,0.4789506698436261,0.04829702709471645,6.084939298528386,3.5604859698851437,240.0,0.0,0.0,0.0,-0.4359168002300445,0.005378241851459323,0.4420225660315875,0.006388287682225446,0.8690671324231903,0.016929714881798213,5.793089529276478,3.381888723131625,0.4789506698436261,0.04829702709471645,6.084939298528386,3.5604859698851437,240.0,0.0,0.0,0.0,-0.4359168002300445,0.005378241851459323,0.4420225660315875,0.006388287682225446,0.8690671324231903,0.016929714881798213,,,,,,,0.0,0.0,,,,,,,,,34080.0,28080.0,5760.0,6000.0,5040.0,33120.0,2649600.0,5040.0,5760.0,1.0,0.0,0.30873842592592593,0.0076494035378973846,1.0,0.0,1.0,0.0,26.17881173570376,0.9427218895490266,4.619363699024453,0.15416124134917922,0.0,0.0,65.14659014595273,1.5174322397472395,-3.7841380828215847,0.07340399010335866,3.7841380828215847,0.07340399010335866,3.9968330190741006,0.08673739614324479,0.6281715303062194,0.018327475274442572,4.412309613127804,0.06349817185873681,,,,,,,,,,,3,0.012881226720267695,,,,,
80,3,3,shrink_c0.875,shrink,0.875,validation,0.06820933342290421,0.006796646176421042,0.883425727968041,0.029662704750382688,13.235231290701504,9.841710766093513,0.7358944426909727,0.12984944081258987,13.91611593758987,10.353369405630895,240.0,0.0,0.0,0.0,-0.40439442533919157,0.012000120586634041,0.446474801977156,0.007420786560488856,0.883425727968041,0.029662704750382688,13.235231290701504,9.841710766093513,0.7358944426909727,0.12984944081258987,13.91611593758987,10.353369405630895,240.0,0.0,0.0,0.0,-0.40439442533919157,0.012000120586634041,0.446474801977156,0.007420786560488856,0.883425727968041,0.029662704750382688,,,,,,,0.0,0.0,,,,,,,,,34080.0,28080.0,5760.0,6000.0,5040.0,33120.0,2649600.0,5040.0,5760.0,1.0,0.0,0.30972222222222223,0.00751958605128739,1.0,0.0,1.0,0.0,27.556879033952722,1.1762018963988168,0.5366202903918237,0.020944354314953312,0.0,0.0,70.51808095406471,8.053631525943723,-3.494507082769515,0.07219158650907619,3.494507082769515,0.07219158650907619,4.0142356700771975,0.10776597679088316,0.9178025303582892,0.012831675307796515,4.412309613127804,0.06349817185873681,,,,,,,,,,,3,0.054525855060358376,,,,,
80,3,6,box_factor_a0.875,box_factor,0.875,validation,0.49448239997339744,0.007329214746601092,0.8071095427950082,0.009369482056624287,2.4759474078302435,0.1279911959725758,0.3286974191907183,0.008785897411251783,2.5907403380747875,0.1356109436798276,240.0,0.0,0.0,0.0,-0.3972274335768254,0.005742538099506135,0.40523677923938234,0.006598619842347661,0.8071095427950082,0.009369482056624287,2.4759474078302435,0.1279911959725758,0.3286974191907183,0.008785897411251783,2.5907403380747875,0.1356109436798276,240.0,0.0,0.0,0.0,-0.3972274335768254,0.005742538099506135,0.40523677923938234,0.006598619842347661,0.8071095427950082,0.009369482056624287,,,,,,,0.0,0.0,,,,,,,,,236400.0,216000.0,20160.0,20400.0,18720.0,234720.0,18777600.0,18720.0,20160.0,1.0,0.0,0.2656415343915344,0.001950567712537191,1.0,0.0,1.0,0.0,12.21979557009108,0.1893464807751105,12.655374041110088,0.19497067221331393,0.0,0.0,57.11937199604457,0.6208861339962688,-3.4062794600502984,0.048172226883830195,3.4062794600502984,0.048172226883830195,3.723572510477391,0.037260638850603045,0.9431376621130937,0.013847294460133863,4.349417122163392,0.06119059591765982,,,,,,,,,,,3,0.004320582019990461,,,,,
80,3,6,box_factor_a0.9,box_factor,0.9,validation,0.48305593337863684,0.002434199663630567,0.8050114490003405,0.009674575823432324,2.5637340722058934,0.13465985133001812,0.3360426451042932,0.009360968122370021,2.6835956705250084,0.1426062169230752,240.0,0.0,0.0,0.0,-0.3943724992585138,0.005965593972678521,0.4034679272939774,0.0069225424211689255,0.8050114490003405,0.009674575823432324,2.5637340722058934,0.13465985133001812,0.3360426451042932,0.009360968122370021,2.6835956705250084,0.1426062169230752,240.0,0.0,0.0,0.0,-0.3943724992585138,0.005965593972678521,0.4034679272939774,0.0069225424211689255,0.8050114490003405,0.009674575823432324,,,,,,,0.0,0.0,,,,,,,,,236400.0,216000.0,20160.0,20400.0,18720.0,234720.0,18777600.0,18720.0,20160.0,1.0,0.0,0.26569113756613755,0.001950567712537191,1.0,0.0,1.0,0.0,12.24961293858341,0.18999265503090856,12.595920385424789,0.1944975565503511,0.0,0.0,56.88122422880707,0.6082333090724854,-3.3837762780282574,0.04774566302602779,3.3837762780282574,0.04774566302602779,3.713124928693008,0.03682531923606413,0.9656408441351347,0.014294595331245554,4.349417122163392,0.06119059591765982,,,,,,,,,,,3,0.004690479845118565,,,,,
80,3,6,shrink_c0.375,shrink,0.375,validation,0.4751422666789343,0.017313053903973114,0.880662089568851,0.004736277595938265,1.3897007201087643,0.048777942708127735,0.22970703336800993,0.004753419306426108,1.433145092833213,0.0525467054122659,240.0,0.0,0.0,0.0,-0.4583064230028331,0.0031416872216857034,0.4586120078327826,0.003625149380707363,0.880662089568851,0.004736277595938265,1.3897007201087643,0.048777942708127735,0.22970703336800993,0.004753419306426108,1.433145092833213,0.0525467054122659,240.0,0.0,0.0,0.0,-0.4583064230028331,0.0031416872216857034,0.4586120078327826,0.003625149380707363,0.880662089568851,0.004736277595938265,,,,,,,0.0,0.0,,,,,,,,,236400.0,216000.0,20160.0,20400.0,18720.0,234720.0,18777600.0,18720.0,20160.0,1.0,0.0,0.26572420634920635,0.002157025288210201,1.0,0.0,1.0,0.0,11.758086951543378,0.20965601716860985,6.368579720248923,0.10193129560860155,0.0,0.0,64.97647647098674,0.837800199783833,-3.962506638920981,0.04597577725331976,3.962506638920981,0.04597577725331976,4.010270164911177,0.045367457396111956,0.38691048324241173,0.016463983087001453,4.349417122163392,0.06119059591765982,,,,,,,,,,,3,0.0009940642520959318,,,,,
80,3,6,shrink_c0.625,shrink,0.625,validation,0.478563266651084,0.007918954950884413,0.851560596454845,0.009003993191046852,2.9252811744441245,0.5073820052825786,0.3281034180988485,0.031115368107446653,3.063859189162558,0.5360628953951185,240.0,0.0,0.0,0.0,-0.4323885133182688,0.008625998257860194,0.43461357575684884,0.007422918954906368,0.851560596454845,0.009003993191046852,2.9252811744441245,0.5073820052825786,0.3281034180988485,0.031115368107446653,3.063859189162558,0.5360628953951185,240.0,0.0,0.0,0.0,-0.4323885133182688,0.008625998257860194,0.43461357575684884,0.007422918954906368,0.851560596454845,0.009003993191046852,,,,,,,0.0,0.0,,,,,,,,,236400.0,216000.0,20160.0,20400.0,18720.0,234720.0,18777600.0,18720.0,20160.0,1.0,0.0,0.2670965608465608,0.002339426511822075,1.0,0.0,1.0,0.0,12.00107647857478,0.25735713400646776,2.3342885803645776,0.044245461912551326,0.0,0.0,61.349016956103576,0.7171601887994299,-3.691960064231752,0.03323149577647863,3.691960064231752,0.03323149577647863,3.8560868495399796,0.03689169560583975,0.6574570579316408,0.03036799516701129,4.349417122163392,0.06119059591765982,,,,,,,,,,,3,0.007016388748839725,,,,,
80,3,6,shrink_c0.875,shrink,0.875,validation,0.4858903666802992,0.009492570071991228,0.8491823632709958,0.012265164322023838,6.347577656327059,1.6498797711795194,0.5128938114268535,0.08615373467069906,6.6701287621430865,1.7366250941535637,240.0,0.0,0.0,0.0,-0.39284760277302483,0.021336769528469475,0.4253950459862774,0.003537859770415239,0.8491823632709958,0.012265164322023838,6.347577656327059,1.6498797711795194,0.5128938114268535,0.08615373467069906,6.6701287621430865,1.7366250941535637,240.0,0.0,0.0,0.0,-0.39284760277302483,0.021336769528469475,0.4253950459862774,0.003537859770415239,0.8491823632709958,0.012265164322023838,,,,,,,0.0,0.0,,,,,,,,,236400.0,216000.0,20160.0,20400.0,18720.0,234720.0,18777600.0,18720.0,20160.0,1.0,0.0,0.26805555555555555,0.0022310402920683475,1.0,0.0,1.0,0.0,12.383668772525086,0.33334897189914475,0.2662665658801983,0.006195723289297097,0.0,0.0,61.024366389593666,1.1598588595380945,-3.407024549490828,0.018226585597530726,3.407024549490828,0.018226585597530726,3.797710519345473,0.041630097609507456,0.9423925726725638,0.048317374443516525,4.349417122163392,0.06119059591765982,,,,,,,,,,,3,0.03507282724529528,,,,,
80,3,10,box_factor_a0.875,box_factor,0.875,validation,2.74250996663856,0.08413679745887177,0.8119449520359461,0.003488274092915995,1.8119293586898226,0.0932100187600128,0.2629038689068679,0.004856640687825543,1.887215752239373,0.09902188259046608,240.0,0.0,0.0,0.0,-0.4025470695245388,0.0009650452983596344,0.4086621447595245,0.0019260445758112158,0.8119449520359461,0.003488274092915995,1.8119293586898226,0.0932100187600128,0.2629038689068679,0.004856640687825543,1.887215752239373,0.09902188259046608,240.0,0.0,0.0,0.0,-0.4025470695245388,0.0009650452983596344,0.4086621447595245,0.0019260445758112158,0.8119449520359461,0.003488274092915995,,,,,,,0.0,0.0,,,,,,,,,1037040.0,984000.0,52800.0,53040.0,50400.0,1034400.0,82752000.0,50400.0,52800.0,1.0,0.0,0.2321338383838384,0.0022416861670956005,1.0,0.0,1.0,0.0,6.667528868197714,0.06575406275152487,6.966545278212063,0.06871265355487706,0.0,0.0,54.588337823380506,0.7809774095301535,-3.2958834788984768,0.04377457498062273,3.2958834788984768,0.04377457498062273,3.5794470854530265,0.037073155567410636,0.907491269792427,0.01059369192404189,4.203374748690903,0.03566715552694636,,,,,,,,,,,3,0.0033452526671237143,,,,,
80,3,10,box_factor_a0.9,box_factor,0.9,validation,2.6814538666512817,0.07466893401056472,0.8099016603548505,0.0035721978786608507,1.869389987720872,0.09694480288736862,0.267859151093987,0.00498716187334967,1.9483140572948254,0.10291934685575896,240.0,0.0,0.0,0.0,-0.400027972796608,0.000982839409639212,0.40716247223228036,0.002111222989490798,0.8099016603548505,0.0035721978786608507,1.869389987720872,0.09694480288736862,0.267859151093987,0.00498716187334967,1.9483140572948254,0.10291934685575896,240.0,0.0,0.0,0.0,-0.400027972796608,0.000982839409639212,0.40716247223228036,0.002111222989490798,0.8099016603548505,0.0035721978786608507,,,,,,,0.0,0.0,,,,,,,,,1037040.0,984000.0,52800.0,53040.0,50400.0,1034400.0,82752000.0,50400.0,52800.0,1.0,0.0,0.23220328282828284,0.0023022337554577037,1.0,0.0,1.0,0.0,6.677200593767689,0.06620631636336956,6.914365626446364,0.0685636031642705,0.0,0.0,54.36042053678576,0.7778648214990547,-3.2753324529507517,0.043997773031006326,3.2753324529507517,0.043997773031006326,3.569082697107604,0.03690626788865782,0.9280422957401518,0.010880254226852185,4.203374748690903,0.03566715552694636,,,,,,,,,,,3,0.0036496444617400547,,,,,
80,3,10,shrink_c0.375,shrink,0.375,validation,2.6739346333779395,0.09350909401146164,0.8790140510453809,0.0014027869054091357,1.0755797071079074,0.015687501234768544,0.19307103084309482,0.0015078730055391326,1.0943749760806163,0.01712254149826879,240.0,0.0,0.0,0.0,-0.4572051817170326,0.0011337558733090292,0.4572767314287807,0.0010455532336375447,0.8790140510453809,0.0014027869054091357,1.0755797071079074,0.015687501234768544,0.19307103084309482,0.0015078730055391326,1.0943749760806163,0.01712254149826879,240.0,0.0,0.0,0.0,-0.4572051817170326,0.0011337558733090292,0.4572767314287807,0.0010455532336375447,0.8790140510453809,0.0014027869054091357,,,,,,,0.0,0.0,,,,,,,,,1037040.0,984000.0,52800.0,53040.0,50400.0,1034400.0,82752000.0,50400.0,52800.0,1.0,0.0,0.23075757575757574,0.0023667423260323173,1.0,0.0,1.0,0.0,6.514007910930206,0.05945088865525019,3.868924129407882,0.03405687719732559,0.0,0.0,62.01480501131493,0.8528676906460941,-3.8232312979235896,0.040567120544890506,3.8232312979235896,0.040567120544890506,3.8637146537963916,0.03915996342334772,0.3801434507673134,0.007066857844373497,4.203374748690903,0.03566715552694636,,,,,,,,,,,3,0.0005370096983379509,,,,,
80,3,10,shrink_c0.625,shrink,0.625,validation,2.6990775000303984,0.08699475046110797,0.8472592569992803,0.002330991865205996,1.6943444132865564,0.12016422403540462,0.24853347673657492,0.006235592699977354,1.7604426195449543,0.1279610645673411,240.0,0.0,0.0,0.0,-0.430922547472638,0.0034335244867152435,0.43132169612315047,0.003296243963821138,0.8472592569992803,0.002330991865205996,1.6943444132865564,0.12016422403540462,0.24853347673657492,0.006235592699977354,1.7604426195449543,0.1279610645673411,240.0,0.0,0.0,0.0,-0.430922547472638,0.0034335244867152435,0.43132169612315047,0.003296243963821138,0.8472592569992803,0.002330991865205996,,,,,,,0.0,0.0,,,,,,,,,1037040.0,984000.0,52800.0,53040.0,50400.0,1034400.0,82752000.0,50400.0,52800.0,1.0,0.0,0.2321780303030303,0.002149683786300561,1.0,0.0,1.0,0.0,6.587928209784533,0.06469203452128759,1.4069997634812996,0.013131957346184378,0.0,0.0,58.039005004413866,0.8496065038611368,-3.5621384759111017,0.04426583306736673,3.5621384759111017,0.04426583306736673,3.689195326594724,0.03916698479130066,0.6412362727798017,0.012269286400960954,4.203374748690903,0.03566715552694636,,,,,,,,,,,3,0.003964775620230236,,,,,
80,3,10,shrink_c0.875,shrink,0.875,validation,2.6890774666486927,0.07804830628968082,0.8278401586744485,0.008276904994713131,3.1741337895352526,0.38017559294141146,0.3548823412792474,0.016732407200826343,3.3274120614655955,0.40089468355623853,240.0,0.0,0.0,0.0,-0.3925619212178744,0.007991963434679504,0.41346168155941876,0.003277616742572168,0.8278401586744485,0.008276904994713131,3.1741337895352526,0.38017559294141146,0.3548823412792474,0.016732407200826343,3.3274120614655955,0.40089468355623853,240.0,0.0,0.0,0.0,-0.3925619212178744,0.007991963434679504,0.41346168155941876,0.003277616742572168,0.8278401586744485,0.008276904994713131,,,,,,,0.0,0.0,,,,,,,,,1037040.0,984000.0,52800.0,53040.0,50400.0,1034400.0,82752000.0,50400.0,52800.0,1.0,0.0,0.23298611111111112,0.002212777291320941,1.0,0.0,1.0,0.0,6.70810951487555,0.07315860580754836,0.1586744255209832,0.0016049119361779274,0.0,0.0,56.25599567194428,0.782308087668828,-3.2928651204045103,0.04838128481089396,3.2928651204045103,0.04838128481089396,3.596631278841629,0.036049855566908345,0.9105096282863928,0.01802361375579823,4.203374748690903,0.03566715552694636,,,,,,,,,,,3,0.01896058403237554,,,,,
80,4,2,box_factor_a0.875,box_factor,0.875,validation,0.13835316655846933,0.00889924563230817,0.8651525385034962,0.01551607156474779,7.0295922397753685,0.45206373322330995,0.7968846877048451,0.0414984287451237,7.3880288207887865,0.47564054365689,240.0,0.0,0.0,0.0,-0.3806091181834013,0.016876836002926207,0.4151392587114693,0.010151757710061538,0.8651525385034962,0.01551607156474779,7.0295922397753685,0.45206373322330995,0.7968846877048451,0.0414984287451237,7.3880288207887865,0.47564054365689,240.0,0.0,0.0,0.0,-0.3806091181834013,0.016876836002926207,0.4151392587114693,0.010151757710061538,0.8651525385034962,0.01551607156474779,,,,,,,0.0,0.0,,,,,,,,,52080.0,38400.0,13440.0,13680.0,11040.0,49440.0,3955200.0,11040.0,13440.0,1.0,0.0,0.27621527777777777,0.004840504895818964,1.0,0.0,1.0,0.0,39.56176950174028,0.8343908185436589,40.35971617577153,0.849009294735133,0.0,0.0,46.98096194877221,0.6867170184794528,-2.782949060364032,0.04325536149260144,2.782949060364032,0.04325536149260144,3.1511881444973278,0.044122042823511856,0.9747392800706826,0.03154136517460161,3.7576883404347137,0.05765902551460048,,,,,,,,,,,3,0.06375322583377947,,,,,
80,4,2,box_factor_a0.9,box_factor,0.9,validation,0.13103793336388966,0.006601673827126294,0.8687245890939373,0.01570705302890589,7.31059476313636,0.49296733654921726,0.8216409487916806,0.04462854336918656,7.683737707486061,0.518679772509421,240.0,0.0,0.0,0.0,-0.3765116270220734,0.017402729027183084,0.41503012604360706,0.011067031730153712,0.8687245890939373,0.01570705302890589,7.31059476313636,0.49296733654921726,0.8216409487916806,0.04462854336918656,7.683737707486061,0.518679772509421,240.0,0.0,0.0,0.0,-0.3765116270220734,0.017402729027183084,0.41503012604360706,0.011067031730153712,0.8687245890939373,0.01570705302890589,,,,,,,0.0,0.0,,,,,,,,,52080.0,38400.0,13440.0,13680.0,11040.0,49440.0,3955200.0,11040.0,13440.0,1.0,0.0,0.27621527777777777,0.004840504895818964,1.0,0.0,1.0,0.0,39.9521656678041,0.867710883417268,40.5900492617599,0.8793455255126051,0.0,0.0,46.77396765926259,0.6786409148161741,-2.7571062173324363,0.04300698107409065,2.7571062173324363,0.04300698107409065,3.142134062282824,0.04365605199564914,1.0005821231022776,0.03212406176160776,3.7576883404347137,0.05765902551460048,,,,,,,,,,,3,0.06923105103870911,,,,,
80,4,2,shrink_c0.375,shrink,0.375,validation,0.1308391666971147,0.0038802420766090536,2.8080611991757003,1.6699510948511613,39.78116124448537,30.010613060819495,1.0896462356915595,0.4083159356652991,41.82898153256472,31.561295010732856,240.0,0.0,0.0,0.0,-0.43224752580264153,0.17662826875428173,0.5734062204461633,0.08918657307947843,2.8080611991757003,1.6699510948511613,39.78116124448537,30.010613060819495,1.0896462356915595,0.4083159356652991,41.82898153256472,31.561295010732856,240.0,0.0,0.0,0.0,-0.43224752580264153,0.17662826875428173,0.5734062204461633,0.08918657307947843,2.8080611991757003,1.6699510948511613,,,,,,,0.0,0.0,,,,,,,,,52080.0,38400.0,13440.0,13680.0,11040.0,49440.0,3955200.0,11040.0,13440.0,1.0,0.0,0.2795882936507937,0.004604887411394287,1.0,0.0,1.0,0.0,36.47888885258511,1.423834688343575,17.06539630415395,0.5671839085625078,0.0,0.0,64.20366130882721,7.92345298220014,-3.335914563228261,0.03743924680463862,3.335914563228261,0.03743924680463862,3.501605743431673,0.06758156994519,0.4217737772064531,0.05335195261192094,3.7576883404347137,0.05765902551460048,,,,,,,,,,,3,3.714987769131098,,,,,
80,4,2,shrink_c0.625,shrink,0.625,validation,0.12298026673185329,0.003759172147007054,49.616130273771,70.40741630524755,642.5092564394985,826.0554378951936,10.354378336033625,11.623250440992173,675.5652894165647,868.510478822069,240.0,0.0,0.0,0.0,1.3570975026224852,3.4153023090891845,2.695817710510731,3.0187740532312763,49.616130273771,70.40741630524755,642.5092564394985,826.0554378951936,10.354378336033625,11.623250440992173,675.5652894165647,868.510478822069,240.0,0.0,0.0,0.0,1.3570975026224852,3.4153023090891845,2.695817710510731,3.0187740532312763,49.616130273771,70.40741630524755,,,,,,,0.0,0.0,,,,,,,,,52080.0,38400.0,13440.0,13680.0,11040.0,49440.0,3955200.0,11040.0,13440.0,1.0,0.0,0.2808779761904762,0.004914658408890397,1.0,0.0,1.0,0.0,57.2416617311767,23.927585463471026,9.117977383795166,3.377341420888647,0.0,0.0,4634.368001611793,7667.458561978202,-2.535054316088259,0.6955010668575872,2.535054316088259,0.6955010668575872,3.973474068056836,0.7101345905791827,1.2226340243464546,0.7338290771916592,3.7576883404347137,0.05765902551460048,,,,,,,,,,,3,2362.788073467076,,,,,
80,4,2,shrink_c0.875,shrink,0.875,validation,0.13225626666098833,0.006448706813446943,463.0407813365684,746.136539940142,5718.433988977001,8917.152743736215,82.52444766821885,121.25316026255636,6012.489728366,9375.52856276072,240.0,0.0,0.0,0.0,18.45697928810751,32.44493275926552,20.62702026634523,31.353660243255,463.0407813365684,746.136539940142,5718.433988977001,8917.152743736215,82.52444766821885,121.25316026255636,6012.489728366,9375.52856276072,240.0,0.0,0.0,0.0,18.45697928810751,32.44493275926552,20.62702026634523,31.353660243255,463.0407813365684,746.136539940142,,,,,,,0.0,0.0,,,,,,,,,52080.0,38400.0,13440.0,13680.0,11040.0,49440.0,3955200.0,11040.0,13440.0,1.0,0.0,0.2817212301587302,0.004974743407638657,1.0,0.0,1.0,0.0,163.37022172355708,167.51110314861265,2.6792383766570738,2.6203286277807187,0.0,0.0,453824.4695902809,782704.8487919116,1.782095943065171,6.803092680616053,4.6425519937773325,4.326191792338487,8.121982720344285,6.819180419594726,5.539784283499884,6.840716607075045,3.7576883404347137,0.05765902551460048,,,,,,,,,,,3,239633.6705897944,,,,,
80,4,3,box_factor_a0.875,box_factor,0.875,validation,0.4755686333713432,0.011781189624846167,0.8090301313550873,0.01369338481232317,5.022758619988157,0.5040212747886473,0.549658593841618,0.03212790639052843,5.276080541932425,0.5308744847551646,240.0,0.0,0.0,0.0,-0.36919157810504105,0.010458885847494404,0.3987951987294089,0.006589128874343363,0.8090301313550873,0.01369338481232317,5.022758619988157,0.5040212747886473,0.549658593841618,0.03212790639052843,5.276080541932425,0.5308744847551646,240.0,0.0,0.0,0.0,-0.36919157810504105,0.010458885847494404,0.3987951987294089,0.006589128874343363,0.8090301313550873,0.01369338481232317,,,,,,,0.0,0.0,,,,,,,,,219840.0,181440.0,38160.0,38400.0,33120.0,214560.0,17164800.0,33120.0,38160.0,1.0,0.0,0.25000873515024463,0.003991524012935581,1.0,0.0,1.0,0.0,23.78311391292952,1.0994120972888735,24.382322378759167,1.1187016787376927,0.0,0.0,44.31552491789662,0.5803193560139256,-2.633017692641379,0.06445496308821634,2.633017692641379,0.06445496308821634,2.9823852670862316,0.02269351422683104,0.9543808311744284,0.037982240138204185,3.5873985238158084,0.06129041222157739,,,,,,,,,,,3,0.03045280151556504,,,,,
80,4,3,box_factor_a0.9,box_factor,0.9,validation,0.43508423337092,0.021362493854603794,0.8095567236084168,0.013037565558185412,5.240705899912612,0.5423362768118645,0.567739304113097,0.03402856713871712,5.505574122061415,0.5711460387827932,240.0,0.0,0.0,0.0,-0.36468810508561345,0.011132342744256764,0.3976249111550329,0.006310974754605466,0.8095567236084168,0.013037565558185412,5.240705899912612,0.5423362768118645,0.567739304113097,0.03402856713871712,5.505574122061415,0.5711460387827932,240.0,0.0,0.0,0.0,-0.36468810508561345,0.011132342744256764,0.3976249111550329,0.006310974754605466,0.8095567236084168,0.013037565558185412,,,,,,,0.0,0.0,,,,,,,,,219840.0,181440.0,38160.0,38400.0,33120.0,214560.0,17164800.0,33120.0,38160.0,1.0,0.0,0.25004367575122294,0.00399358803100636,1.0,0.0,1.0,0.0,23.94018374705904,1.1096708021689397,24.418381288545806,1.1251101624133963,0.0,0.0,44.100581226163634,0.5661327151680098,-2.6086911441873384,0.06474942692887534,2.6086911441873384,0.06474942692887534,2.972607839988737,0.021749522919942185,0.9787073796284694,0.03902178582252935,3.5873985238158084,0.06129041222157739,,,,,,,,,,,3,0.03362943027770084,,,,,
80,4,3,shrink_c0.375,shrink,0.375,validation,0.4332114000959943,0.04631920704263037,0.8699932938228748,0.015605179055023035,3.9009641413274543,0.4564962082131085,0.3853003928148632,0.02317972605765198,4.092981632635884,0.4810366162588454,240.0,0.0,0.0,0.0,-0.4448840726117969,0.008126899075343502,0.44879300942920547,0.010055881296591396,0.8699932938228748,0.015605179055023035,3.9009641413274543,0.4564962082131085,0.3853003928148632,0.02317972605765198,4.092981632635884,0.4810366162588454,240.0,0.0,0.0,0.0,-0.4448840726117969,0.008126899075343502,0.44879300942920547,0.010055881296591396,0.8699932938228748,0.015605179055023035,,,,,,,0.0,0.0,,,,,,,,,219840.0,181440.0,38160.0,38400.0,33120.0,214560.0,17164800.0,33120.0,38160.0,1.0,0.0,0.2511006289308176,0.004027718955744459,1.0,0.0,1.0,0.0,21.756128496696345,0.9301068460323533,10.694935315168157,0.42289868811685616,0.0,0.0,52.398509055015516,0.9250559116968047,-3.197744278315786,0.051424146005362256,3.197744278315786,0.051424146005362256,3.2727168117138237,0.050328727264820565,0.38965424550002153,0.016305127879771415,3.5873985238158084,0.06129041222157739,,,,,,,,,,,3,0.0122455813351033,,,,,
80,4,3,shrink_c0.625,shrink,0.625,validation,0.4621911665890366,0.07083331544085278,1.3196403733398894,0.3196002349144611,26.525217682263115,8.23097107949592,1.2454932485077534,0.2519696813260636,27.894567567365087,8.65717293935146,240.0,0.0,0.0,0.0,-0.32903591193985443,0.06405595581776548,0.5058611324862885,0.025888241348276782,1.3196403733398894,0.3196002349144611,26.525217682263115,8.23097107949592,1.2454932485077534,0.2519696813260636,27.894567567365087,8.65717293935146,240.0,0.0,0.0,0.0,-0.32903591193985443,0.06405595581776548,0.5058611324862885,0.025888241348276782,1.3196403733398894,0.3196002349144611,,,,,,,0.0,0.0,,,,,,,,,219840.0,181440.0,38160.0,38400.0,33120.0,214560.0,17164800.0,33120.0,38160.0,1.0,0.0,0.2524807826694619,0.003998399929683641,1.0,0.0,1.0,0.0,23.8725032145347,1.0811797340489482,4.1717037779355834,0.1741978053722318,0.0,0.0,55.71162838694269,4.827417404766516,-2.8953170138345925,0.0407284801629889,2.8953170138345925,0.0407284801629889,3.198265991922746,0.056209132165933776,0.6920815099812146,0.024154220028992212,3.5873985238158084,0.06129041222157739,,,,,,,,,,,3,0.5507682332048184,,,,,
80,4,3,shrink_c0.875,shrink,0.875,validation,0.42732943322819966,0.018097860323878258,6.633902189549342,4.498283349825263,151.25632950695478,74.29630858369325,5.041227243388046,1.9655681295123404,159.0683837090917,78.13289476247674,240.0,0.0,0.0,0.0,0.1831355709065783,0.43335282379185613,0.995578815936904,0.4033742344894686,6.633902189549342,4.498283349825263,151.25632950695478,74.29630858369325,5.041227243388046,1.9655681295123404,159.0683837090917,78.13289476247674,240.0,0.0,0.0,0.0,0.1831355709065783,0.43335282379185613,0.995578815936904,0.4033742344894686,6.633902189549342,4.498283349825263,,,,,,,0.0,0.0,,,,,,,,,219840.0,181440.0,38160.0,38400.0,33120.0,214560.0,17164800.0,33120.0,38160.0,1.0,0.0,0.2535901467505241,0.004156600844684963,1.0,0.0,1.0,0.0,30.1267898244145,2.328049686886951,0.5647065177988985,0.03813225453600378,0.0,0.0,235.7443228734824,163.43003341062777,-2.5019066345006276,0.056245759392665864,2.5019066345006276,0.056245759392665864,3.362916262994941,0.11073303486013143,1.0854918893151808,0.05651712539173075,3.5873985238158084,0.06129041222157739,,,,,,,,,,,3,22.635983385216704,,,,,
80,5,2,box_factor_a0.875,box_factor,0.875,validation,0.37092950001048547,0.032684742457920565,0.8810493984201413,0.04050096445445018,8.757230460858842,0.7884957969702506,0.9309891625258921,0.04965595936084221,9.205969016466177,0.8295926552129447,240.0,0.0,0.0,0.0,-0.3562636305183679,0.032392674845926804,0.4160464902969218,0.016735036281564378,0.8810493984201413,0.04050096445445018,8.757230460858842,0.7884957969702506,0.9309891625258921,0.04965595936084221,9.205969016466177,0.8295926552129447,240.0,0.0,0.0,0.0,-0.3562636305183679,0.032392674845926804,0.4160464902969218,0.016735036281564378,0.8810493984201413,0.04050096445445018,,,,,,,0.0,0.0,,,,,,,,,231600.0,170880.0,60480.0,60720.0,49440.0,220320.0,17625600.0,49440.0,60480.0,1.0,0.0,0.22996031746031745,0.003505407991958181,1.0,0.0,1.0,0.0,35.064695135661786,0.3584448995202724,35.754067319410154,0.3675581661050813,0.0,0.0,36.134860244282,0.5077163419385393,-2.124998347186345,0.045629716597337965,2.124998347186345,0.045629716597337965,2.4848144629917606,0.03546912245513483,0.9325393323753984,0.028273067754203806,3.0575376795617437,0.051410127420600985,,,,,,,,,,,3,0.09123647112027496,,,,,
80,5,2,box_factor_a0.9,box_factor,0.9,validation,0.3992041666836788,0.07577747322519619,0.8854825720809419,0.04081067120164121,9.146064574369726,0.8200609594888203,0.9676048663200603,0.051507828454438576,9.61507518370681,0.8627876425120983,240.0,0.0,0.0,0.0,-0.34980598646049094,0.03362618897293734,0.4166575705039328,0.01622750234470221,0.8854825720809419,0.04081067120164121,9.146064574369726,0.8200609594888203,0.9676048663200603,0.051507828454438576,9.61507518370681,0.8627876425120983,240.0,0.0,0.0,0.0,-0.34980598646049094,0.03362618897293734,0.4166575705039328,0.01622750234470221,0.8854825720809419,0.04081067120164121,,,,,,,0.0,0.0,,,,,,,,,231600.0,170880.0,60480.0,60720.0,49440.0,220320.0,17625600.0,49440.0,60480.0,1.0,0.0,0.22999889770723103,0.0035277717228085446,1.0,0.0,1.0,0.0,35.47501219800761,0.34435908007285304,36.026486317817415,0.35179973016989363,0.0,0.0,35.948770927008496,0.4979798797838355,-2.1003067025300006,0.04569819596952474,2.1003067025300006,0.04569819596952474,2.476096648377689,0.03533801213689233,0.9572309770317432,0.029079879189339346,3.0575376795617437,0.051410127420600985,,,,,,,,,,,3,0.09810666614192301,,,,,
80,5,2,shrink_c0.375,shrink,0.375,validation,0.4120844333277394,0.11694464035352116,9.61590457585019,5.878661837443975,175.4905242766924,70.26532056594709,3.57592489351385,0.8660409425304977,184.5456799496544,73.8805284246177,240.0,0.0,0.0,0.0,-0.2755889301665617,0.4038117015813564,0.9368771696903995,0.24813966620147665,9.61590457585019,5.878661837443975,175.4905242766924,70.26532056594709,3.57592489351385,0.8660409425304977,184.5456799496544,73.8805284246177,240.0,0.0,0.0,0.0,-0.2755889301665617,0.4038117015813564,0.9368771696903995,0.24813966620147665,9.61590457585019,5.878661837443975,,,,,,,0.0,0.0,,,,,,,,,231600.0,170880.0,60480.0,60720.0,49440.0,220320.0,17625600.0,49440.0,60480.0,1.0,0.0,0.2320491622574956,0.00401729007981143,1.0,0.0,1.0,0.0,36.171701194441766,2.158750935143986,16.54363063852504,0.8479361501701073,0.0,0.0,119.3076989060474,50.8212905567307,-2.647857376457912,0.06300581271947372,2.647857376457912,0.06300581271947372,2.8285752729103506,0.029089382123463507,0.4096803031038308,0.014965050455345968,3.0575376795617437,0.051410127420600985,,,,,,,,,,,3,46.971454058928295,,,,,
80,5,2,shrink_c0.625,shrink,0.625,validation,0.3878489000101884,0.06436960029780427,555.0594123735447,228.31522623377393,15204.20733947368,6842.961231109234,246.92912539546282,120.5639307876584,15989.766106998388,7197.823534224451,240.0,0.0,0.0,0.0,9.712720010843244,27.058221069960528,31.713644311750443,5.796918964512805,555.0594123735447,228.31522623377393,15204.20733947368,6842.961231109234,246.92912539546282,120.5639307876584,15989.766106998388,7197.823534224451,240.0,0.0,0.0,0.0,9.712720010843244,27.058221069960528,31.713644311750443,5.796918964512805,555.0594123735447,228.31522623377393,,,,,,,0.0,0.0,,,,,,,,,231600.0,170880.0,60480.0,60720.0,49440.0,220320.0,17625600.0,49440.0,60480.0,1.0,0.0,0.2333664021164021,0.0041477601306788275,1.0,0.0,1.0,0.0,295.8075578605438,175.58180293727483,42.54243051038703,24.703513314097982,0.0,0.0,416457.66191932047,458857.1942798101,-2.1052707181823043,2.023961581283654,2.1052707181823043,2.023961581283654,6.110701893828569,1.989153256272865,0.9522669613794391,2.049848318393497,3.0575376795617437,0.051410127420600985,,,,,,,,,,,3,140078.4108531338,,,,,
80,5,2,shrink_c0.875,shrink,0.875,validation,0.36870690000553924,0.056700953338661,25124.563750534104,19197.87442296686,1317177.5043441162,1843549.4067879107,17615.92098342349,23460.006317508192,1385311.3747932531,1938968.3772543415,240.0,0.0,0.0,0.0,-183.22609634696718,1503.7598508470894,1250.4867094822364,840.3371610575642,25124.563750534104,19197.87442296686,1317177.5043441162,1843549.4067879107,17615.92098342349,23460.006317508192,1385311.3747932531,1938968.3772543415,240.0,0.0,0.0,0.0,-183.22609634696718,1503.7598508470894,1250.4867094822364,840.3371610575642,25124.563750534104,19197.87442296686,,,,,,,0.0,0.0,,,,,,,,,231600.0,170880.0,60480.0,60720.0,49440.0,220320.0,17625600.0,49440.0,60480.0,1.0,0.0,0.2343529541446208,0.003962888145422746,1.0,0.0,1.0,0.0,11392.965802434139,14568.860764110941,178.10454852887793,227.60179724098134,0.0,0.0,6331857816.32834,10849591967.461609,-154.5089332836815,332.3837679528765,204.30819583434607,289.2675691597921,229.735029931635,311.30093125538986,-151.45139560411985,332.4159025025035,3.0575376795617437,0.051410127420600985,,,,,,,,,,,3,355433008.4324398,,,,,
