d,n,M,method,method_transform,method_factor,point_subset,wall_clock_seconds_mean,wall_clock_seconds_std,selection_value_relative_l2_mean,selection_value_relative_l2_std,all_full_state_relative_l2_mean,all_full_state_relative_l2_std,all_gradient_mae_mean,all_gradient_mae_std,all_gradient_relative_l2_mean,all_gradient_relative_l2_std,all_n_points_mean,all_n_points_std,all_nonfinite_state_fraction_mean,all_nonfinite_state_fraction_std,all_value_bias_mean,all_value_bias_std,all_value_mae_mean,all_value_mae_std,all_value_relative_l2_mean,all_value_relative_l2_std,validation_full_state_relative_l2_mean,validation_full_state_relative_l2_std,validation_gradient_mae_mean,validation_gradient_mae_std,validation_gradient_relative_l2_mean,validation_gradient_relative_l2_std,validation_n_points_mean,validation_n_points_std,validation_nonfinite_state_fraction_mean,validation_nonfinite_state_fraction_std,validation_value_bias_mean,validation_value_bias_std,validation_value_mae_mean,validation_value_mae_std,validation_value_relative_l2_mean,validation_value_relative_l2_std,test_full_state_relative_l2_mean,test_full_state_relative_l2_std,test_gradient_mae_mean,test_gradient_mae_std,test_gradient_relative_l2_mean,test_gradient_relative_l2_std,test_n_points_mean,test_n_points_std,test_nonfinite_state_fraction_mean,test_nonfinite_state_fraction_std,test_value_bias_mean,test_value_bias_std,test_value_mae_mean,test_value_mae_std,test_value_relative_l2_mean,test_value_relative_l2_std,terminal_g_evals_mean,terminal_samples_mean,f_evals_mean,recursively_evaluated_states_mean,transition_samples_mean,total_stochastic_samples_mean,standard_normal_variates_mean,time_uniform_variates_mean,correction_opportunities_mean,pre_box_violation_rate_mean,pre_box_violation_rate_std,pre_ball_violation_rate_mean,pre_ball_violation_rate_std,method_geometry_violation_rate_mean,method_geometry_violation_rate_std,projection_activation_rate_mean,projection_activation_rate_std,mean_box_overshoot_energy_mean,mean_box_overshoot_energy_std,mean_method_overshoot_energy_mean,mean_method_overshoot_energy_std,nonfinite_generator_values_mean,nonfinite_generator_values_std,generator_mse_mean,generator_mse_std,generator_bias_mean,generator_bias_std,generator_absolute_bias_mean,generator_absolute_bias_std,generator_mae_mean,generator_mae_std,generator_mean_estimate_mean,generator_mean_estimate_std,generator_mean_truth_mean,generator_mean_truth_std,batch_alpha_mean_mean,batch_alpha_mean_std,batch_alpha_median_mean,batch_alpha_median_std,batch_alpha_p10_mean,batch_alpha_p10_std,batch_alpha_p90_mean,batch_alpha_p90_std,batch_alpha_activation_rate_mean,batch_alpha_activation_rate_std,repetitions,nonlinear_correction_variance,method_win_fraction,paired_win_fraction_vs_raw,paired_win_fraction_vs_sample_box,paired_win_fraction_vs_z_zero,paired_win_fraction_vs_f_zero
20,2,2,batch_box,batch_box,1.0,all,0.008155950112268329,0.001628113330912851,0.6949653626854715,0.009257161801555579,2.2014037976590934,0.03890809639209254,0.5042627276753134,0.0027333369466784703,2.4144543889902037,0.04416388116867563,240.0,0.0,0.0,0.0,-0.3378475089701355,0.011969526718700682,0.3476012951519188,0.010033478904270645,0.6994127390999679,0.010423604290030253,2.322380179802667,0.1451814417167711,0.5055511422717568,0.005657778874087347,2.5173989892449615,0.16017693571610206,48.0,0.0,0.0,0.0,-0.30192054153029624,0.01398481237536285,0.31298619402649036,0.004120360048947822,0.6949653626854715,0.009257161801555579,2.1715023385890766,0.012114309347736538,0.5039406240262025,0.0020022264648262515,2.388218849671798,0.014322164882619875,192.0,0.0,0.0,0.0,-0.3468292508300953,0.011465705304535135,0.35625507043327587,0.011511758618101466,0.7003019754402813,0.010656018013472102,2640.0,1920.0,480.0,720.0,480.0,2400.0,48000.0,480.0,480.0,1.0,0.0,0.5510416666666667,0.016204530402191733,1.0,0.0,1.0,0.0,6.292526970161603,0.14833763700888092,6.292526970161603,0.14833763700888092,0.0,0.0,8.73916550442454,0.692198055115013,-2.1298170711668303,0.1255410894930987,2.1298170711668303,0.1255410894930987,2.154027666506341,0.1348808453800584,0.2901270247100883,0.0009343366894001942,2.419944095876919,0.1264754261824985,0.3977390033742711,0.005680888941882829,0.259,0.0021213203435596446,0.1245,0.005656854249492385,0.9995,0.0,0.8541666666666666,0.005892556509887875,2,0.009982651138548033,0.0,1.0,0.0,1.0,1.0
20,2,2,box_factor_a0.25,box_factor,0.25,all,0.0068413499975577,0.0006428308128416165,0.7130269413232377,0.010889295512797256,2.070937780017723,0.023453412070084372,0.4781195365172398,0.004041224370477342,2.2674395790831023,0.027004973244216683,240.0,0.0,0.0,0.0,-0.3527101707471759,0.009481967137834169,0.35746780696173397,0.009124115487672132,0.7154311030689682,0.010515561411652174,2.1056645306069504,0.049426310262620524,0.4687011223759153,0.001893254842874896,2.2778222701049,0.05513083128347804,48.0,0.0,0.0,0.0,-0.31720310110635225,0.005190356041246772,0.323092035348583,0.0020990334953152365,0.7130269413232377,0.010889295512797256,2.062635240137988,0.017198345395156904,0.4804741400525709,0.004578216752377982,2.2648706058387957,0.02009794536669808,192.0,0.0,0.0,0.0,-0.36158693815738185,0.010554869911981053,0.3660617498650217,0.01088038598576136,0.7159127153729881,0.010440856807065756,2640.0,1920.0,480.0,720.0,480.0,2400.0,48000.0,480.0,480.0,1.0,0.0,0.5510416666666667,0.016204530402191733,1.0,0.0,1.0,0.0,6.292526970161603,0.14833763700888092,8.102059974801701,0.20532221880144,0.0,0.0,9.282697304189337,0.6638559097677313,-2.2182000107359006,0.12739918301628406,2.2182000107359006,0.12739918301628406,2.2272288251494987,0.13195896635209456,0.20174408514101821,0.0009237568337855548,2.419944095876919,0.1264754261824985,,,,,,,,,,,2,0.0034790650928698762,0.0,1.0,0.0,1.0,1.0
20,2,2,box_factor_a0.5,box_factor,0.5,all,0.007843250059522688,0.00011306632975618804,0.6796348633916744,0.013720846438912625,2.2752439387487433,0.0330052742497861,0.5193506744168985,0.003914707817682234,2.497875425851797,0.03778770638322186,240.0,0.0,0.0,0.0,-0.32674767997045073,0.01361732814762568,0.3379913351706864,0.014372340479249988,0.6845788051093813,0.015164746900648405,2.3393107668963786,0.002087273886982773,0.5119003228160646,0.008632647802068608,2.5368689176247927,0.0015880445141141335,48.0,0.0,0.0,0.0,-0.29668096981523917,0.009097560186081616,0.30287567467850496,0.0060468785969859246,0.6796348633916744,0.013720846438912625,2.259819736143293,0.04158131488328262,0.5212132623171072,0.007051546722619915,2.4882114961780935,0.04759319540849108,192.0,0.0,0.0,0.0,-0.33426435750925365,0.014747270138011654,0.34677025029373176,0.016453705949815926,0.6855667743507765,0.01545217885523883,2640.0,1920.0,480.0,720.0,480.0,2400.0,48000.0,480.0,480.0,1.0,0.0,0.5510416666666667,0.016204530402191733,1.0,0.0,1.0,0.0,6.292526970161603,0.14833763700888092,7.408244710784896,0.18329343927363248,0.0,0.0,8.23179960803967,0.5950661995844151,-2.0459408927912808,0.1262000727001814,2.0459408927912808,0.1262000727001814,2.072736190108416,0.13014513798510288,0.37400320308563795,0.0002753534823170966,2.419944095876919,0.1264754261824985,,,,,,,,,,,2,0.011958502153282417,0.0,1.0,0.0,1.0,1.0
20,2,2,box_factor_a0.75,box_factor,0.75,all,0.006282699992880225,0.0017028545105740958,0.6596824452082721,0.011968136697990427,2.539415514591739,0.046089996536096266,0.5658845421038412,0.0054714727648177966,2.793396518200744,0.05227590444859838,240.0,0.0,0.0,0.0,-0.30427511020220366,0.01731047276271525,0.32738902317764357,0.012435697591324573,0.6691448215226226,0.016994071507244003,2.613010819065389,0.08409516356332304,0.557216309941454,0.023734286404725514,2.8384694173338776,0.09176513856976483,48.0,0.0,0.0,0.0,-0.2799197920869272,0.011541304551336591,0.29048986268151034,0.0032219959783723728,0.6596824452082721,0.011968136697990427,2.5212296778888135,0.07794116385732719,0.568051600144438,0.012772912557203751,2.781701080095031,0.0881805643468314,192.0,0.0,0.0,0.0,-0.3103639397310227,0.01875276481555988,0.3366138133016769,0.0147391229945626,0.6710261253245297,0.017986356373717337,2640.0,1920.0,480.0,720.0,480.0,2400.0,48000.0,480.0,480.0,1.0,0.0,0.5510416666666667,0.016204530402191733,1.0,0.0,1.0,0.0,6.292526970161603,0.14833763700888092,6.809965072668376,0.16424546980116198,0.0,0.0,7.472511399043087,0.5190875349229803,-1.8957282894053074,0.12369987945853009,1.8957282894053074,0.12369987945853009,1.9511443026743338,0.1152704250719493,0.5242158064716107,0.002775546723968342,2.419944095876919,0.1264754261824985,,,,,,,,,,,2,0.02378705178603342,0.0,1.0,0.0,1.0,1.0
20,2,2,box_factor_a1.25,box_factor,1.25,all,0.007807349902577698,0.0002679227415360705,0.6386068372436793,0.00991124489282067,3.1050016758030026,0.07598798348918916,0.656383864447634,0.01055473051460786,3.4228491212815104,0.08515540288714737,240.0,0.0,0.0,0.0,-0.26777250387306456,0.023847314289700543,0.3220715455715852,0.008158374026500683,0.6696505702187124,0.015042760000161281,3.1439446797438872,0.29848006173909064,0.642387001182607,0.054400585366189295,3.4214273276064855,0.32665071510307003,48.0,0.0,0.0,0.0,-0.2545997787184492,0.012635670291007602,0.2769627418954196,0.0036486445959441954,0.6386068372436793,0.00991124489282067,3.092395625825902,0.16590271696851291,0.6598830802638906,0.026793559484807033,3.419427164574901,0.18586848282783133,192.0,0.0,0.0,0.0,-0.2710656851617185,0.026650225289373806,0.33334874649062657,0.009285806384139787,0.675708551744659,0.016020139691051215,2640.0,1920.0,480.0,720.0,480.0,2400.0,48000.0,480.0,480.0,1.0,0.0,0.5510416666666667,0.016204530402191733,1.0,0.0,1.0,0.0,6.292526970161603,0.14833763700888092,5.844278708637385,0.13447692716661003,0.0,0.0,6.568065927060536,0.3775111074600503,-1.645491704699602,0.1191526416928804,1.645491704699602,0.1191526416928804,1.7876988804453353,0.09984456189345177,0.7744523911773165,0.007322784489618109,2.419944095876919,0.1264754261824985,,,,,,,,,,,2,0.05248926690652677,0.0,1.0,0.0,1.0,1.0
20,2,2,box_factor_a1.5,box_factor,1.5,all,0.005916500114835799,0.0006785397302424716,0.6332613310949954,0.01073462030571088,3.374463320688034,0.09030829638187654,0.6970693129992347,0.013081467450737912,3.7219362165751697,0.10084732441982616,240.0,0.0,0.0,0.0,-0.25271003644741363,0.026481979933452877,0.3235171211464266,0.005740399860625806,0.6800468926967933,0.011845368892884966,3.374092022631835,0.37611439704584976,0.6785810147828473,0.06599826886909933,3.6736770598600934,0.41150387880215955,48.0,0.0,0.0,0.0,-0.24460106278342075,0.012968356484704135,0.27508059944889,0.002232367422155887,0.6332613310949954,0.01073462030571088,3.369839554663913,0.20062853269129954,0.7016913875533316,0.032851401530697086,3.7283328658424777,0.22427181316774158,192.0,0.0,0.0,0.0,-0.2547372798634118,0.02986038579564001,0.3356262515708108,0.0066174079702432265,0.6890556570637829,0.012056860423987322,2640.0,1920.0,480.0,720.0,480.0,2400.0,48000.0,480.0,480.0,1.0,0.0,0.5510416666666667,0.016204530402191733,1.0,0.0,1.0,0.0,6.292526970161603,0.14833763700888092,5.455637960394214,0.12198890244519868,0.0,0.0,6.335515156986862,0.32136207731861977,-1.5420831324396527,0.11738398100933962,1.5420831324396527,0.11738398100933962,1.7401630558684447,0.09337175432570705,0.8778609634372658,0.009091445173158852,2.419944095876919,0.1264754261824985,,,,,,,,,,,2,0.06851507659139398,0.0,1.0,0.0,1.0,1.0
20,2,2,box_factor_a2,box_factor,2.0,all,0.007509399903938174,0.0002274056260463067,0.6302928753526322,0.0112233616865871,3.8490604747128736,0.11669033442076861,0.7655926573560126,0.017341379357218124,4.247939327865913,0.12964413467108274,240.0,0.0,0.0,0.0,-0.22806807474955884,0.030999309645757325,0.32965060576536603,0.0016926797506247387,0.7117599808650474,0.0011803065169213903,3.76697204586075,0.4743555252365668,0.7383545486291422,0.08122148635647511,4.1038422903851455,0.5188020637169368,48.0,0.0,0.0,0.0,-0.22906298246493434,0.013713719072113684,0.27343966745527404,0.001427370301758427,0.6302928753526322,0.0112233616865871,3.8616918159736784,0.2529338809751301,0.7724021845377302,0.04198209578564143,4.275129201672922,0.28188874796903685,192.0,0.0,0.0,0.0,-0.227819347820715,0.03532070728916823,0.3437033403428891,0.002472692263720486,0.7270057042547099,0.0005657023630292144,2640.0,1920.0,480.0,720.0,480.0,2400.0,48000.0,480.0,480.0,1.0,0.0,0.5510416666666667,0.016204530402191733,1.0,0.0,1.0,0.0,6.292526970161603,0.14833763700888092,4.825851571005938,0.10036350865817746,0.0,0.0,6.158781494835212,0.23100220715590064,-1.3732271563780292,0.11449662538401248,1.3732271563780292,0.11449662538401248,1.695938513875507,0.08110250443098117,1.046716939498889,0.011978800798486578,2.419944095876919,0.1264754261824985,,,,,,,,,,,2,0.1013765540908042,0.0,1.0,0.0,1.0,1.0
20,2,2,f_zero,f_zero,0.0,all,0.0031009999802336097,0.000731572648742574,0.7691445935859031,0.004792902091902478,1.995630099799847,0.02217709028610718,0.45972564256427983,0.004295352443444424,2.1791548325333796,0.02516359279609573,240.0,0.0,0.0,0.0,-0.3836515688074632,0.005668063764806352,0.3873264581859654,0.0048144187846311465,0.7668970658569094,0.0033982444993545732,2.008720229574648,0.06217539127829239,0.4462232565635502,0.001921468181549987,2.1672486567828297,0.068380211862231,48.0,0.0,0.0,0.0,-0.3424032911555056,4.6472748527744383e-07,0.34788727567440775,0.0030900093917516198,0.7691445935859031,0.004792902091902478,1.9924705714227935,0.01266308092406486,0.4631012390644622,0.004888823508917979,2.181987118920797,0.01468252284230696,192.0,0.0,0.0,0.0,-0.39396363822045266,0.0070849635241366305,0.39718625381385486,0.0067905258287268965,0.7664398199941655,0.005048323710048945,1200.0,960.0,0.0,240.0,0.0,960.0,19200.0,0.0,0.0,0.0,0.0,0.0,0.0,0.0,0.0,0.0,0.0,0.0,0.0,0.0,0.0,0.0,0.0,,,,,,,,,,,,,,,,,,,,,,,2,0.0,0.0,1.0,0.0,0.0,0.0
20,2,2,raw,raw,1.0,all,0.007953349966555834,0.0005796153145229584,0.7315329315413859,0.040074752357092125,3.7571223042212214,0.16658116452717095,0.6844727382365928,0.02046324315282757,4.140409570944443,0.1832733031503557,240.0,0.0,0.0,0.0,-0.28227271473537174,0.031113008422038617,0.3732903081172788,0.004048662080042856,0.8399663126057393,0.04383451233443161,3.2681391531987463,0.2559194124389564,0.6334014249893032,0.061313469578834,3.5540628084701624,0.27899103849078993,48.0,0.0,0.0,0.0,-0.28695641194937677,0.012286321385028352,0.31723174254607356,0.0034653293235537316,0.7315329315413859,0.040074752357092125,3.8606126486645853,0.25148627878546553,0.6972405665484153,0.04090742133574293,4.268193031130519,0.27792969534826006,192.0,0.0,0.0,0.0,-0.28110179043187056,0.03581968018129126,0.38730494951008004,0.0059271599309420175,0.8596765770123729,0.05827217610400965,2640.0,1920.0,480.0,720.0,480.0,2400.0,48000.0,480.0,480.0,1.0,0.0,0.5510416666666667,0.016204530402191733,1.0,0.0,0.0,0.0,6.292526970161603,0.14833763700888092,6.292526970161603,0.14833763700888092,0.0,0.0,9.295094452552046,0.6977687979912266,-1.7457213783671421,0.12239300038457203,1.7457213783671421,0.12239300038457203,2.1240956158065476,0.12837146552783846,0.6742227175097765,0.004082425797926322,2.419944095876919,0.1264754261824985,,,,,,,,,,,2,0.12248736063250622,0.0,0.0,0.0,0.0,0.0
20,2,2,sample_ball,sample_ball,1.0,all,0.006255100015550852,0.0003378553938361524,0.7317113054950481,0.03324665242168027,2.323685260301984,0.013832718907633811,0.5204700419045616,0.005657869929510009,2.5492114576774467,0.016771534454377558,240.0,0.0,0.0,0.0,-0.3447641320474333,0.015735531939625402,0.3605027341677133,0.012864562942095729,0.7283765444295509,0.020411971606855917,2.3396762006471,0.10816311031294248,0.5055375298397256,0.01831390076358189,2.534487731469806,0.11720145037890575,48.0,0.0,0.0,0.0,-0.3200312303288668,0.008329465957754769,0.3258686082853567,0.005241015293453552,0.7317113054950481,0.03324665242168027,2.319425914988199,0.04287254983579317,0.5242031699207705,0.011650812602782975,2.5522620605010182,0.04926261758150611,192.0,0.0,0.0,0.0,-0.3509473574770749,0.017587048435093025,0.3691612656383024,0.01477044985425626,0.7276918281697375,0.01782180092360264,2640.0,1920.0,480.0,720.0,480.0,2400.0,48000.0,480.0,480.0,1.0,0.0,0.5510416666666667,0.016204530402191733,0.5510416666666667,0.016204530402191733,0.5510416666666667,0.016204530402191733,6.292526970161603,0.14833763700888092,3.6831822638356977,0.028529035058917514,0.0,0.0,9.308820906722211,0.7734158725448386,-2.166652484225602,0.13586950630209027,2.166652484225602,0.13586950630209027,2.20926250598471,0.13860162366684062,0.2532916116513163,0.009394080119591367,2.419944095876919,0.1264754261824985,,,,,,,,,,,2,0.014792927355519712,0.0,1.0,0.0,1.0,1.0
20,2,2,sample_box,sample_box,1.0,all,0.006111399969086051,0.0009601094896174679,0.6473903106362455,0.009469064485459505,2.8251639609205004,0.060883982389394076,0.6125773425255873,0.00783158103768425,3.111769147876023,0.06856871315760421,240.0,0.0,0.0,0.0,-0.2846898506498591,0.020859823294521913,0.32308186142085804,0.010301477881935727,0.6654164091262544,0.016890576878781587,2.89624896750868,0.18911630418863037,0.6024361671021726,0.03932465416127608,3.149659187926647,0.20696175745956819,48.0,0.0,0.0,0.0,-0.2658366736477428,0.012809891182132948,0.2831413759618373,0.001846408421860533,0.6473903106362455,0.009469064485459505,2.8064639793634862,0.12180197081910704,0.615112636381441,0.019620639837424177,3.10056275763994,0.13696008519931854,192.0,0.0,0.0,0.0,-0.28940314490038804,0.022872306322619183,0.33306698278561325,0.012415245246954545,0.6689720193128735,0.01833386003820202,2640.0,1920.0,480.0,720.0,480.0,2400.0,48000.0,480.0,480.0,1.0,0.0,0.5510416666666667,0.016204530402191733,1.0,0.0,1.0,0.0,6.292526970161603,0.14833763700888092,6.292526970161603,0.14833763700888092,0.0,0.0,6.935665847132958,0.4404480438713876,-1.7626514839121632,0.12115388999139338,1.7626514839121632,0.12115388999139338,1.8591380285392707,0.10599046766256964,0.6572926119647549,0.005321536191105317,2.419944095876919,0.1264754261824985,,,,,,,,,,,2,0.037705072377303285,0.5,1.0,0.0,1.0,1.0
20,2,2,shrink_c0.1,shrink,0.1,all,0.007826600107364357,8.838836213629761e-05,0.7587100876768652,0.001794619344320094,2.0168455874634326,0.023060559605900838,0.4649665188362126,0.0034402731073002353,2.2041158633919187,0.026456941942255396,240.0,0.0,0.0,0.0,-0.37351368340025415,0.008212558230529604,0.3776184156479069,0.007627585492951509,0.752070098631553,0.00769526325657812,2.031574136542395,0.05693322185768429,0.45221603241598113,0.00040283032994510814,2.19319515162662,0.06299675377409986,48.0,0.0,0.0,0.0,-0.3368586032348927,0.0012290503932395596,0.3423888792897586,0.0018765384962828053,0.7587100876768652,0.001794619344320094,2.013313310971691,0.01499627268810112,0.4681541404412704,0.0044010489666116885,2.2067282445570315,0.01758952834783076,192.0,0.0,0.0,0.0,-0.38267745344159443,0.009958435189852018,0.3864257997374439,0.01000361649026018,0.7507272731323391,0.008892425802458085,2640.0,1920.0,480.0,720.0,480.0,2400.0,48000.0,480.0,480.0,1.0,0.0,0.5510416666666667,0.016204530402191733,1.0,0.0,1.0,0.0,6.292526970161603,0.14833763700888092,7.218976664053928,0.18644890412932863,0.0,0.0,10.223413802037118,0.7332270952092614,-2.352521824125941,0.12606718360270547,2.352521824125941,0.12606718360270547,2.3549818788925334,0.1293956042238428,0.06742227175097765,0.00040824257979266647,2.419944095876919,0.1264754261824985,,,,,,,,,,,2,0.0012248736063250618,0.0,1.0,0.0,1.0,1.0
20,2,2,shrink_c0.25,shrink,0.25,all,0.006409450084902346,1.4778561939767198e-05,0.7456417408244739,0.011004476527108186,2.1406503318322,0.03418740940047962,0.4874361537796338,0.004694303236450644,2.343799378663138,0.03900326643416768,240.0,0.0,0.0,0.0,-0.35830685528944034,0.012029299929114364,0.36965622660017755,0.008251301542045127,0.7390166398042739,0.01027178919558507,2.122809648225479,0.03090857896594313,0.47044382480457114,0.005867176874145373,2.2947313193710914,0.034777858213945224,48.0,0.0,0.0,0.0,-0.3285415713539734,0.003071928891870963,0.3341412847127848,5.633215307964251e-05,0.7456417408244739,0.011004476527108186,2.1448380007481234,0.034953472104202674,0.49168423602339933,0.007334673264099738,2.3556258472902103,0.04001098755775431,192.0,0.0,0.0,0.0,-0.36574817627330714,0.014268642688425254,0.37853496207202575,0.010328209965826403,0.7376795460431758,0.010123226059702745,2640.0,1920.0,480.0,720.0,480.0,2400.0,48000.0,480.0,480.0,1.0,0.0,0.5510416666666667,0.016204530402191733,1.0,0.0,1.0,0.0,6.292526970161603,0.14833763700888092,5.013178238926338,0.12947840564536683,0.0,0.0,9.62230766146682,0.7252326870935797,-2.2513884164994744,0.12545481973301603,2.2513884164994744,0.12545481973301603,2.2690863611468997,0.1321525409483671,0.16855567937744412,0.0010206064494815805,2.419944095876919,0.1264754261824985,,,,,,,,,,,2,0.007655460039531639,0.0,1.0,0.0,1.0,1.0
20,2,2,shrink_c0.5,shrink,0.5,all,0.006693350034765899,0.0017795757689347174,0.7311798672112965,0.024166074199118405,2.543955355029749,0.07066163812544117,0.5435189619028863,0.00874833892977519,2.7942554747859436,0.07906978614766988,240.0,0.0,0.0,0.0,-0.3329621417714175,0.018390536093422494,0.363175950622564,0.006048449810043167,0.7429267783717268,0.003609678337968802,2.403137027352085,0.04758744546802851,0.5161981305132506,0.022230432312322877,2.6043464012365076,0.05104900258475542,48.0,0.0,0.0,0.0,-0.31467985155244116,0.006143393056256786,0.32240654271635005,0.002930420238788909,0.7311798672112965,0.024166074199118405,2.5756989301216726,0.09673458110891389,0.5503491697502951,0.016493031740299747,2.838296905342583,0.10828992143998312,192.0,0.0,0.0,0.0,-0.3375327143261616,0.021452321852713955,0.37336830259911746,0.00682795720285682,0.7452283388030599,0.0004386484202506201,2640.0,1920.0,480.0,720.0,480.0,2400.0,48000.0,480.0,480.0,1.0,0.0,0.5510416666666667,0.016204530402191733,1.0,0.0,1.0,0.0,6.292526970161603,0.14833763700888092,2.2280792173005954,0.057545958064607286,0.0,0.0,9.017251870729172,0.7137617330453744,-2.0828327371220303,0.12443421328353511,2.0828327371220303,0.12443421328353511,2.156289947034481,0.13204178521349513,0.33711135875488824,0.002041212898963161,2.419944095876919,0.1264754261824985,,,,,,,,,,,2,0.030621840158126547,0.0,1.0,0.0,1.0,1.0
20,2,2,shrink_c0.75,shrink,0.75,all,0.007517250021919608,8.393347317592151e-05,0.7263869337898021,0.03401302224381748,3.1063856786433206,0.11717397542864355,0.6110771517228912,0.014371522723034534,3.4192286076636447,0.1296817116728647,240.0,0.0,0.0,0.0,-0.30761742825339466,0.024751772257730585,0.3656568182721757,0.0013301404111472482,0.7779849563854101,0.015581002534086355,2.7989463622816766,0.14827850401132062,0.572484449883524,0.04132099880379174,3.039553724942328,0.16123039825455845,48.0,0.0,0.0,0.0,-0.30081813175090893,0.009214857220642608,0.3191873878041448,0.004091311025704068,0.7263869337898021,0.03401302224381748,3.1731697555812968,0.17263484900032952,0.620725327182733,0.02829465310474097,3.504123169184999,0.19159177363621321,192.0,0.0,0.0,0.0,-0.3093172523790161,0.028636001017002578,0.37727417588918344,0.0006398477575081072,0.7877594629855116,0.024772198513119743,2640.0,1920.0,480.0,720.0,480.0,2400.0,48000.0,480.0,480.0,1.0,0.0,0.5510416666666667,0.016204530402191733,1.0,0.0,1.0,0.0,6.292526970161603,0.14833763700888092,0.5570198043251489,0.014386489516151822,0.0,0.0,8.90818080109091,0.7046071033445892,-1.9142770577445858,0.12341360683405364,1.9142770577445858,0.12341360683405364,2.111050156204453,0.1261109777500631,0.5056670381323324,0.0030618193484447803,2.419944095876919,0.1264754261824985,,,,,,,,,,,2,0.06889914035578476,0.0,1.0,0.0,0.0,0.0
20,2,2,z_only_box,z_only_box,1.0,all,0.007744499947875738,0.0015130669224572859,0.6473903106362455,0.009469064485459505,2.8251639609205004,0.060883982389394076,0.6125773425255873,0.00783158103768425,3.111769147876023,0.06856871315760421,240.0,0.0,0.0,0.0,-0.2846898506498591,0.020859823294521913,0.32308186142085804,0.010301477881935727,0.6654164091262544,0.016890576878781587,2.89624896750868,0.18911630418863037,0.6024361671021726,0.03932465416127608,3.149659187926647,0.20696175745956819,48.0,0.0,0.0,0.0,-0.2658366736477428,0.012809891182132948,0.2831413759618373,0.001846408421860533,0.6473903106362455,0.009469064485459505,2.8064639793634862,0.12180197081910704,0.615112636381441,0.019620639837424177,3.10056275763994,0.13696008519931854,192.0,0.0,0.0,0.0,-0.28940314490038804,0.022872306322619183,0.33306698278561325,0.012415245246954545,0.6689720193128735,0.01833386003820202,2640.0,1920.0,480.0,720.0,480.0,2400.0,48000.0,480.0,480.0,1.0,0.0,0.5510416666666667,0.016204530402191733,1.0,0.0,1.0,0.0,6.292526970161603,0.14833763700888092,6.292526970161603,0.14833763700888092,0.0,0.0,6.935665847132958,0.4404480438713876,-1.7626514839121632,0.12115388999139338,1.7626514839121632,0.12115388999139338,1.8591380285392707,0.10599046766256964,0.6572926119647549,0.005321536191105317,2.419944095876919,0.1264754261824985,,,,,,,,,,,2,0.037705072377303285,0.5,1.0,0.0,1.0,1.0
20,2,2,z_zero,z_zero,0.0,all,0.00691684999037534,0.00047255952049112866,0.7691445935859031,0.004792902091902478,1.995630099799847,0.02217709028610718,0.45972564256427983,0.004295352443444424,2.1791548325333796,0.02516359279609573,240.0,0.0,0.0,0.0,-0.3836515688074632,0.005668063764806352,0.3873264581859654,0.0048144187846311465,0.7668970658569094,0.0033982444993545732,2.008720229574648,0.06217539127829239,0.4462232565635502,0.001921468181549987,2.1672486567828297,0.068380211862231,48.0,0.0,0.0,0.0,-0.3424032911555056,4.6472748527744383e-07,0.34788727567440775,0.0030900093917516198,0.7691445935859031,0.004792902091902478,1.9924705714227935,0.01266308092406486,0.4631012390644622,0.004888823508917979,2.181987118920797,0.01468252284230696,192.0,0.0,0.0,0.0,-0.39396363822045266,0.0070849635241366305,0.39718625381385486,0.0067905258287268965,0.7664398199941655,0.005048323710048945,2640.0,1920.0,480.0,720.0,480.0,2400.0,48000.0,480.0,480.0,1.0,0.0,0.5510416666666667,0.016204530402191733,1.0,0.0,1.0,0.0,6.292526970161603,0.14833763700888092,8.912316869202382,0.23018383225842914,0.0,0.0,10.723348173303862,0.7390199654892031,-2.419944095876919,0.1264754261824985,2.419944095876919,0.1264754261824985,2.419944095876919,0.1264754261824985,0.0,0.0,2.419944095876919,0.1264754261824985,,,,,,,,,,,2,0.0,0.0,1.0,0.0,0.0,0.0
20,2,4,batch_box,batch_box,1.0,all,0.01139660004992038,0.0009233398216503798,0.667467521454479,0.026797157453312626,1.2739748909354476,0.020777266153602873,0.29794538343788546,0.0020209358939096895,1.3716385653778842,0.02525191361491049,240.0,0.0,0.0,0.0,-0.34576341751093753,0.009320849570535165,0.34620917289645914,0.009154082364053951,0.6913677126206879,0.014046060753615083,1.294842902320984,0.0595221177728914,0.2900243954542242,0.0033432850399185876,1.3831074419318896,0.0689238132431043,48.0,0.0,0.0,0.0,-0.28661128733012087,0.027724988963587334,0.2874362000074909,0.02681421588601092,0.667467521454479,0.026797157453312626,1.268915517662791,0.011450617932856533,0.29992563043380077,0.0016903486074074452,1.3687180890426025,0.014477614106531709,192.0,0.0,0.0,0.0,-0.3605514500561417,0.004719814722272118,0.36090241611870116,0.004739048983564651,0.6960514592009504,0.011593878987353977,8880.0,7680.0,960.0,1200.0,960.0,8640.0,172800.0,960.0,960.0,1.0,0.0,0.490625,0.008838834764831832,1.0,0.0,1.0,0.0,2.798104106428453,0.1451607303513581,2.798104106428453,0.1451607303513581,0.0,0.0,8.863810093476403,0.15715832445495764,-2.1683210013010314,0.053124103113626114,2.1683210013010314,0.053124103113626114,2.1749926363476066,0.05302111571746641,0.2717841685631066,0.019396167955881914,2.4401051698641387,0.07252027106950858,0.3515969359311235,0.008677925077425052,0.255,0.0021213203435596446,0.1585,0.0014142135623730963,0.7305,0.005656854249492385,0.9333333333333333,0.01178511301977575,2,0.0025557503167428783,0.0,0.0,0.0,1.0,1.0
20,2,4,box_factor_a0.25,box_factor,0.25,all,0.008192050037905574,0.0024391648931432245,0.6845353416227824,0.024514394807983786,1.2200308464802467,0.008724231254586537,0.2873747023494598,0.00024383199431417642,1.308473154234348,0.011043923796305387,240.0,0.0,0.0,0.0,-0.35508886000643125,0.006174583734179971,0.35535714802487295,0.0062358567000315515,0.7054470575071274,0.008819039517118623,1.2065994761102252,0.008070024476869796,0.2754139991912945,0.0033586099363954315,1.2828172015815384,0.01156506152079204,48.0,0.0,0.0,0.0,-0.2990758757434391,0.022363509729629614,0.29929998918001965,0.022301864466100503,0.6845353416227824,0.024514394807983786,1.2231785309298315,0.0088766563355429,0.2903648781390011,0.001144442476991539,1.3146620835262388,0.010920387083852248,192.0,0.0,0.0,0.0,-0.36909210607217924,0.0021273522353174625,0.36937143773608627,0.002219354758514275,0.7095491295204875,0.00578068999752255,8880.0,7680.0,960.0,1200.0,960.0,8640.0,172800.0,960.0,960.0,1.0,0.0,0.490625,0.008838834764831832,1.0,0.0,1.0,0.0,2.798104106428453,0.1451607303513581,4.065155266090738,0.2140082860055652,0.0,0.0,9.252342914660804,0.17097768330439456,-2.2223994220003673,0.054191894389016414,2.2223994220003673,0.054191894389016414,2.2299918410814685,0.05306069724823849,0.2177057478637714,0.018328376680491802,2.4401051698641387,0.07252027106950858,,,,,,,,,,,2,0.001169092618456011,0.0,0.0,0.0,1.0,1.0
20,2,4,box_factor_a0.5,box_factor,0.5,all,0.0077899000607430935,0.00043812340498807726,0.6491157545278973,0.03084750729886938,1.3781348485778993,0.04242100821205203,0.31866663915448723,0.005830036561556134,1.4928183495057343,0.04956358100398606,240.0,0.0,0.0,0.0,-0.32823505883146675,0.011585452288471272,0.3288937041305082,0.011214544726893224,0.6632662571773105,0.015572518733784327,1.3980135399985811,0.10631539687874082,0.30888578997543703,0.012519719417627214,1.4995202438885318,0.12074320020350253,48.0,0.0,0.0,0.0,-0.27353702836190474,0.033116466143357136,0.2749691188481539,0.03135531107049533,0.6491157545278973,0.03084750729886938,1.3731882879405393,0.02708011664315416,0.3211118514492498,0.004157615847538384,1.4909201050168026,0.03209041419201878,192.0,0.0,0.0,0.0,-0.3419095664488573,0.006202698824749882,0.3423748504510968,0.006179353140992709,0.666048673879901,0.012585604711420935,8880.0,7680.0,960.0,1200.0,960.0,8640.0,172800.0,960.0,960.0,1.0,0.0,0.490625,0.008838834764831832,1.0,0.0,1.0,0.0,2.798104106428453,0.1451607303513581,3.5540651687433265,0.18784320842558966,0.0,0.0,8.157301433566591,0.11969077797000638,-2.037480905799714,0.038425435539049264,2.037480905799714,0.038425435539049264,2.061142051378927,0.041637821161866054,0.4026242640644251,0.03409483553045931,2.4401051698641387,0.07252027106950858,,,,,,,,,,,2,0.00419113509892544,0.0,0.0,0.0,1.0,1.0
20,2,4,box_factor_a0.75,box_factor,0.75,all,0.008526399964466691,0.0026213861341355667,0.6282545477285889,0.027837890238252977,1.5769343652666032,0.08166673167810434,0.3558841022427849,0.01167052657422583,1.719711603688416,0.09336635288165614,240.0,0.0,0.0,0.0,-0.30546896706284077,0.016126907046050267,0.3086561840895975,0.013278112549946782,0.6325299678362005,0.018987416984034,1.6371140296528317,0.22200868240640895,0.34760319938985246,0.02846551642812651,1.7658666430101126,0.24729844274439375,48.0,0.0,0.0,0.0,-0.2514862882690698,0.04290700029150726,0.26135508876045715,0.029222839272131425,0.6282545477285889,0.027837890238252977,1.561500859242553,0.047013258471475895,0.357954327956018,0.007471779110750641,1.7072172831600343,0.0545527148008068,192.0,0.0,0.0,0.0,-0.3189646367612835,0.009431883734686139,0.32048145792188254,0.00929193086940056,0.6333770642797958,0.017225519542774608,8880.0,7680.0,960.0,1200.0,960.0,8640.0,172800.0,960.0,960.0,1.0,0.0,0.490625,0.008838834764831832,1.0,0.0,1.0,0.0,2.798104106428453,0.1451607303513581,3.1375201096662124,0.16504127510431083,0.0,0.0,7.375439788079754,0.10083510273863415,-1.8801905800715781,0.02522207931713808,1.8801905800715781,0.02522207931713808,1.93360081175916,0.039309284780220694,0.5599145897925604,0.047298191752370336,2.4401051698641387,0.07252027106950858,,,,,,,,,,,2,0.00845351957224735,0.0,1.0,0.0,1.0,1.0
20,2,4,box_factor_a1.25,box_factor,1.25,all,0.009100900031626225,0.0004214355578835412,0.6178796323598241,0.0009054139619600747,1.971502526346831,0.152143510714893,0.4253941078520498,0.02158595645900733,2.1640822893341,0.17099075253132814,240.0,0.0,0.0,0.0,-0.27013494283387396,0.02310716632187254,0.2838672843311839,0.011694747030446937,0.5969786673827352,0.017670496867538264,2.119781756267499,0.4367846534395438,0.42088995595576967,0.057133468113268165,2.2983425702892273,0.48035179380055076,48.0,0.0,0.0,0.0,-0.21570446737410737,0.059207416560513586,0.24926312018698293,0.01203413723384665,0.6178796323598241,0.0009054139619600747,1.9319343466515218,0.07881114148128288,0.42652014582611986,0.012699078545442095,2.1267207320543413,0.08971846829349267,192.0,0.0,0.0,0.0,-0.28374256169881557,0.014082103762212264,0.29251832536723416,0.011609899479596942,0.5926631031301615,0.021182601427772733,8880.0,7680.0,960.0,1200.0,960.0,8640.0,172800.0,960.0,960.0,1.0,0.0,0.490625,0.008838834764831832,1.0,0.0,1.0,0.0,2.798104106428453,0.1451607303513581,2.5218091828552476,0.12762037283017488,0.0,0.0,6.467988399196804,0.12172731924171444,-1.6359182404155965,0.004916178255254341,1.6359182404155965,0.004916178255254341,1.7719637050820272,0.04208777625897763,0.8041869294485421,0.067604092814254,2.4401051698641387,0.07252027106950858,,,,,,,,,,,2,0.018468319298083638,0.0,1.0,1.0,1.0,1.0
20,2,4,box_factor_a1.5,box_factor,1.5,all,0.01028529996983707,0.00044519452664254174,0.6211963983347263,0.01595291040791911,2.1426341618627447,0.17733511752813255,0.45444589030183086,0.025690942147638368,2.355552783778787,0.19857556954465708,240.0,0.0,0.0,0.0,-0.2566942494247242,0.025819415751341855,0.27749073734097185,0.010341693176743353,0.5880148703745702,0.015254086905477703,2.3289155166418753,0.5035201905671517,0.45197281496595243,0.06680468788544645,2.5280592247373104,0.5522865515133927,48.0,0.0,0.0,0.0,-0.20199924447788392,0.06448560253435981,0.24922412553570192,0.002937860294245404,0.6211963983347263,0.01595291040791911,2.092752151795536,0.09218681290234988,0.45506415913580056,0.015412505713186362,2.307539883362608,0.10445402172309272,192.0,0.0,0.0,0.0,-0.2703680006614343,0.016152869055587424,0.2845573902922893,0.012192651397367865,0.581016631026636,0.021960490280972363,8880.0,7680.0,960.0,1200.0,960.0,8640.0,172800.0,960.0,960.0,1.0,0.0,0.490625,0.008838834764831832,1.0,0.0,1.0,0.0,2.798104106428453,0.1451607303513581,2.2971797474877613,0.11183856158843036,0.0,0.0,6.2321003916186415,0.13943516837427988,-1.5420788922167508,0.0027900153403297096,1.5420788922167508,0.0027900153403297096,1.7266114331918652,0.047055575775344874,0.898026277647388,0.07531028640983817,2.4401051698641387,0.07252027106950858,,,,,,,,,,,2,0.023299838546920023,0.0,1.0,1.0,1.0,1.0
20,2,4,box_factor_a2,box_factor,2.0,all,0.009968650061637163,3.8537366062640744e-05,0.6368027967348713,0.04857545611665613,2.425741047969874,0.22255688902760745,0.5007760068196867,0.032781216669327685,2.671264570904505,0.24809874776823518,240.0,0.0,0.0,0.0,-0.23612661359705633,0.03044998963988974,0.2720943362225456,0.008028666204523964,0.581537589587499,0.007713354864035012,2.6795539942947624,0.6166879804134101,0.5026185008744235,0.08430359651770472,2.912311864145716,0.6744510883521393,48.0,0.0,0.0,0.0,-0.17992288992792,0.07412598501169113,0.25476993463248865,0.009779183157946408,0.6368027967348713,0.04857545611665613,2.357390907557974,0.11764913033540299,0.5003153833060024,0.019900621707233446,2.6040300035168484,0.13245843081021952,192.0,0.0,0.0,0.0,-0.2501775445143404,0.019530990796939394,0.2764254366200598,0.012480628545141462,0.5694398018536644,0.02036274267434595,8880.0,7680.0,960.0,1200.0,960.0,8640.0,172800.0,960.0,960.0,1.0,0.0,0.490625,0.008838834764831832,1.0,0.0,1.0,0.0,2.798104106428453,0.1451607303513581,1.967260303932088,0.08465845988421947,0.0,0.0,6.027803647976417,0.18672027051166237,-1.3980052961051403,0.01636181612886307,1.3980052961051403,0.01636181612886307,1.6885502217132522,0.05372206469758633,1.0420998737589982,0.08888208719837185,2.4401051698641387,0.07252027106950858,,,,,,,,,,,2,0.03227689733161004,1.0,1.0,1.0,1.0,1.0
20,2,4,f_zero,f_zero,0.0,all,0.0029721501050516963,0.00034429019685977856,0.736520562927742,0.007792889924432687,1.170916957261299,0.0021993461916123775,0.2772164682081088,0.0011572060133110305,1.244735306895394,0.0025991492184796704,240.0,0.0,0.0,0.0,-0.3871579883883115,0.00033281165149587626,0.38734729887438424,0.0003615838008629072,0.7622655548903926,0.0004574562162519824,1.1459742062907172,0.02431508566701173,0.2655350525125886,0.009507165826328967,1.2089038388760427,0.02656813973743589,48.0,0.0,0.0,0.0,-0.3288406792005517,0.01033191636023655,0.32901975346373846,0.010324426596511066,0.736520562927742,0.007792889924432687,1.1766951174008748,0.002882549095894026,0.28013682213198887,0.0009302839399434389,1.2532949560396465,0.0030462159564594096,192.0,0.0,0.0,0.0,-0.4017373156852514,0.002166964525689307,0.4019291852270457,0.0021291268980489853,0.7673241287277051,0.0020471704341932374,4080.0,3840.0,0.0,240.0,0.0,3840.0,76800.0,0.0,0.0,0.0,0.0,0.0,0.0,0.0,0.0,0.0,0.0,0.0,0.0,0.0,0.0,0.0,0.0,,,,,,,,,,,,,,,,,,,,,,,2,0.0,0.0,0.0,0.0,0.0,0.0
20,2,4,raw,raw,1.0,all,0.009075500071048737,0.0007171477252035935,0.6935504630836442,0.053310501233177744,2.212644999298192,0.2617415490569762,0.4392395691460055,0.03676899129235268,2.4292338908802593,0.2922689221855652,240.0,0.0,0.0,0.0,-0.28188790751146287,0.030906070233719413,0.31553277213545156,0.007877739365344891,0.6622153787803445,0.0008263885305128527,2.601776802182627,0.6362084889597558,0.46591500107721723,0.08273336145168012,2.8243410631164223,0.6962392743336652,48.0,0.0,0.0,0.0,-0.20361009556536064,0.07085809153962608,0.2797118854689445,0.005790450839673536,0.6935504630836442,0.053310501233177744,2.106279022260634,0.15440584692170944,0.43257071116320256,0.025277898752520702,2.3180004504156173,0.17393355916678854,192.0,0.0,0.0,0.0,-0.3014573604979884,0.020918064907242732,0.3244879938020784,0.011294786916599539,0.6554697416905715,0.012325478473748886,8880.0,7680.0,960.0,1200.0,960.0,8640.0,172800.0,960.0,960.0,1.0,0.0,0.490625,0.008838834764831832,1.0,0.0,0.0,0.0,2.798104106428453,0.1451607303513581,2.798104106428453,0.1451607303513581,0.0,0.0,8.057410766004054,0.18662582789925955,-1.7080315395391104,0.04505142322694932,1.7080315395391104,0.04505142322694932,1.9947937808642449,0.04617563887558449,0.7320736303250285,0.11757169429645727,2.4401051698641387,0.07252027106950858,,,,,,,,,,,2,0.0307967373356582,0.0,0.0,0.0,1.0,1.0
20,2,4,sample_ball,sample_ball,1.0,all,0.009599450044333935,0.00013484521981581155,0.6608899397802279,0.021836941921830822,1.4523918575929018,0.07181462734630736,0.33132647949541705,0.009506593657686935,1.5752488646403258,0.0827782210609466,240.0,0.0,0.0,0.0,-0.3309433233708399,0.014989649167921738,0.33361132353970124,0.012621904147778144,0.6784024130858775,0.016651416100983453,1.5431662807001927,0.1747767727175342,0.3306687944852009,0.020469307358202758,1.6596109414385154,0.19543164908405683,48.0,0.0,0.0,0.0,-0.26887224022873774,0.035636313606055195,0.27879654530663545,0.02186754046208453,0.6608899397802279,0.021836941921830822,1.4296230042699456,0.04565842807588962,0.33149090074797105,0.006765915232557881,1.5533638901844569,0.05345584355197282,192.0,0.0,0.0,0.0,-0.3464610941563655,0.009827983058388444,0.3473150180979676,0.010310495069201493,0.6818608173333403,0.015643904481641505,8880.0,7680.0,960.0,1200.0,960.0,8640.0,172800.0,960.0,960.0,1.0,0.0,0.490625,0.008838834764831832,0.490625,0.008838834764831832,0.490625,0.008838834764831832,2.798104106428453,0.1451607303513581,1.204564013856037,0.14573757405754537,0.0,0.0,8.561123299010324,0.018639544285644138,-2.054762568885457,0.020860157461400682,2.054762568885457,0.020860157461400682,2.096966628426882,0.031021865301103742,0.38534260097868156,0.05166011360810795,2.4401051698641387,0.07252027106950858,,,,,,,,,,,2,0.007426929847490917,0.0,0.0,0.0,1.0,1.0
20,2,4,sample_box,sample_box,1.0,all,0.0086184999672696,0.0015594533158744457,0.618863254191022,0.017106865754154096,1.7812673438312083,0.12063233797370058,0.3922964491505533,0.01706444984292771,1.950479193517663,0.13639676953572694,240.0,0.0,0.0,0.0,-0.2862283404574666,0.0199580209720175,0.2944599201686795,0.013382988758205936,0.6111757232858468,0.019265707097642366,1.8848014241595386,0.3398049006923735,0.38572350215215034,0.043960866003219475,2.0396603310980264,0.37537631074673583,48.0,0.0,0.0,0.0,-0.2322680591881724,0.05182354523093739,0.2528227903320584,0.023034719832430755,0.618863254191022,0.017106865754154096,1.7540223736267522,0.06525511111001027,0.39393968590015405,0.010340345802854844,1.9258884502682512,0.07479129854946022,192.0,0.0,0.0,0.0,-0.2997184107747901,0.011991639907287558,0.30486920262783485,0.010970055989649733,0.609620310938357,0.01970601983679449,8880.0,7680.0,960.0,1200.0,960.0,8640.0,172800.0,960.0,960.0,1.0,0.0,0.490625,0.008838834764831832,1.0,0.0,1.0,0.0,2.798104106428453,0.1451607303513581,2.798104106428453,0.1451607303513581,0.0,0.0,6.833110648592108,0.10401255184921808,-1.7474159572967354,0.013845156712160302,1.7474159572967354,0.013845156712160302,1.8384124844786047,0.03837271176995511,0.6926892125674033,0.05867511435734796,2.4401051698641387,0.07252027106950858,,,,,,,,,,,2,0.013398405049190288,0.0,1.0,0.0,1.0,1.0
20,2,4,shrink_c0.1,shrink,0.1,all,0.00841839995700866,0.00052608733518898,0.714218610260996,0.017384809689078393,1.1759883661796589,0.0038558365972278306,0.278427806841329,0.002760042417809237,1.2530240856655404,0.0038256781646230087,240.0,0.0,0.0,0.0,-0.37663098030062664,0.0033901375097181905,0.376845829559932,0.0034440992829584765,0.7442841189177408,0.004549192537828128,1.1548102484705711,0.016102397572373205,0.26655162531074095,0.008800221581138863,1.22143701822408,0.016196629572715178,48.0,0.0,0.0,0.0,-0.31631762083703263,0.016384533878175525,0.3164989241852871,0.016377713814239574,0.714218610260996,0.017384809689078393,1.1809207986338943,0.0010302928363697377,0.28139685222397615,0.0012499976269768848,1.260607962096325,0.0008990335059677331,192.0,0.0,0.0,0.0,-0.39170932016652515,0.00014153841760379865,0.3919325559035933,0.00021069565013816347,0.7501607134049941,0.002097046417867668,8880.0,7680.0,960.0,1200.0,960.0,8640.0,172800.0,960.0,960.0,1.0,0.0,0.490625,0.008838834764831832,1.0,0.0,1.0,0.0,2.798104106428453,0.1451607303513581,3.8030781036788444,0.1975932547919079,0.0,0.0,10.205038334402754,0.18765989773968558,-2.366897806831636,0.06076310163986301,2.366897806831636,0.06076310163986301,2.367139979185278,0.06042087663159665,0.07320736303250286,0.011757169429645761,2.4401051698641387,0.07252027106950858,,,,,,,,,,,2,0.00030796737335658206,0.0,0.0,0.0,1.0,1.0
20,2,4,shrink_c0.25,shrink,0.25,all,0.008471200126223266,0.0016174361841688,0.6873857925466169,0.025997310718427168,1.2425969466248,0.014148861752516948,0.2919857605944916,9.76211304293644e-06,1.3324648191594997,0.017438173113320594,240.0,0.0,0.0,0.0,-0.3608404681690993,0.007976126297051791,0.3612646175436337,0.007826053363746859,0.7201671934383395,0.010371250185794078,1.2610000780085056,0.04883201679808847,0.28584078325973505,0.0049013154876256316,1.343399670709795,0.05720728137200171,48.0,0.0,0.0,0.0,-0.29753303329175396,0.02546346015508398,0.2985562342381838,0.02427175024286531,0.6873857925466169,0.025997310718427168,1.2381442648898853,0.005815365858555785,0.29352200492818076,0.0012375315132100784,1.329690882908508,0.007628052263620555,192.0,0.0,0.0,0.0,-0.3766673268884357,0.003604292832543683,0.37694171336999616,0.0037146291439672944,0.7265482270717079,0.00740647314169445,8880.0,7680.0,960.0,1200.0,960.0,8640.0,172800.0,960.0,960.0,1.0,0.0,0.490625,0.008838834764831832,1.0,0.0,1.0,0.0,2.798104106428453,0.1451607303513581,2.641026460888087,0.1372175380499365,0.0,0.0,9.49632177554965,0.09131231845573799,-2.2570867622828814,0.043127347495394104,2.2570867622828814,0.043127347495394104,2.2590305157384076,0.04199893780284989,0.18301840758125712,0.029392923574114316,2.4401051698641387,0.07252027106950858,,,,,,,,,,,2,0.0019247960834786373,0.0,0.0,0.0,1.0,1.0
20,2,4,shrink_c0.5,shrink,0.5,all,0.008171950001269579,0.0005552909853038547,0.6628420136627884,0.02232031680474971,1.480425540382188,0.08190410170722023,0.33155107633787667,0.010831848249894747,1.6059367910015476,0.09398266814008602,240.0,0.0,0.0,0.0,-0.33452294794988713,0.015619440942607626,0.33960741627865293,0.010507088904901988,0.6885102149320936,0.014849847376474913,1.6125493762909215,0.23063720504359717,0.3371747233764346,0.031129474264677385,1.7362097280240576,0.25703404865745483,48.0,0.0,0.0,0.0,-0.26622538738295626,0.04059500394993136,0.2796904562158607,0.021817390986716353,0.6628420136627884,0.02232031680474971,1.4464381025794353,0.04293860972097348,0.3301451645782372,0.005757441746199087,1.5712681689482912,0.050157814024630334,192.0,0.0,0.0,0.0,-0.3515973380916199,0.009375550190776752,0.354586656294351,0.007679513384448378,0.693542729594165,0.013419213423475471,8880.0,7680.0,960.0,1200.0,960.0,8640.0,172800.0,960.0,960.0,1.0,0.0,0.490625,0.008838834764831832,1.0,0.0,1.0,0.0,2.798104106428453,0.1451607303513581,1.1737895381724828,0.06098557246663816,0.0,0.0,8.62693073816039,0.01622211681408806,-2.0740683547016245,0.013734423921279628,2.0740683547016245,0.013734423921279628,2.1098526985980133,0.03153399557818335,0.36603681516251424,0.05878584714822863,2.4401051698641387,0.07252027106950858,,,,,,,,,,,2,0.00769918433391455,0.0,0.0,0.0,1.0,1.0
20,2,4,shrink_c0.75,shrink,0.75,all,0.009219200001098216,8.486992346627295e-07,0.6654273854623516,0.005239326318145556,1.819141258342122,0.16955226631661086,0.38244357032111664,0.023578662885228568,1.988625479893781,0.19101040791068283,240.0,0.0,0.0,0.0,-0.30820542773067505,0.02326275558816356,0.3241769082051983,0.00957682669689077,0.668853383480721,0.011836688711487752,2.0799218467454987,0.434220955401533,0.3987185383640292,0.057229709445047926,2.251868734924442,0.4778786504983042,48.0,0.0,0.0,0.0,-0.23491774147415845,0.05572654774477871,0.27379428952711554,0.008606765077437229,0.6654273854623516,0.005239326318145556,1.7493594832942048,0.09610101349141774,0.37837482831038854,0.015165901245273675,1.915948879619751,0.10951392517832348,192.0,0.0,0.0,0.0,-0.3265273492948042,0.015146807549009723,0.336772562874719,0.00981934210175407,0.6695129779010828,0.015244022143582652,8880.0,7680.0,960.0,1200.0,960.0,8640.0,172800.0,960.0,960.0,1.0,0.0,0.490625,0.008838834764831832,1.0,0.0,1.0,0.0,2.798104106428453,0.1451607303513581,0.2934473845431207,0.01524639311665954,0.0,0.0,8.147293734978525,0.04799328662859472,-1.8910499471203672,0.01565849965283453,1.8910499471203672,0.01565849965283453,2.0242308278213983,0.03690809867720951,0.5490552227437714,0.0881787707223431,2.4401051698641387,0.07252027106950858,,,,,,,,,,,2,0.017323164751307737,0.0,0.0,0.0,1.0,1.0
20,2,4,z_only_box,z_only_box,1.0,all,0.009436800028197467,0.0006677916253276856,0.618863254191022,0.017106865754154096,1.7812673438312083,0.12063233797370058,0.3922964491505533,0.01706444984292771,1.950479193517663,0.13639676953572694,240.0,0.0,0.0,0.0,-0.2862283404574666,0.0199580209720175,0.2944599201686795,0.013382988758205936,0.6111757232858468,0.019265707097642366,1.8848014241595386,0.3398049006923735,0.38572350215215034,0.043960866003219475,2.0396603310980264,0.37537631074673583,48.0,0.0,0.0,0.0,-0.2322680591881724,0.05182354523093739,0.2528227903320584,0.023034719832430755,0.618863254191022,0.017106865754154096,1.7540223736267522,0.06525511111001027,0.39393968590015405,0.010340345802854844,1.9258884502682512,0.07479129854946022,192.0,0.0,0.0,0.0,-0.2997184107747901,0.011991639907287558,0.30486920262783485,0.010970055989649733,0.609620310938357,0.01970601983679449,8880.0,7680.0,960.0,1200.0,960.0,8640.0,172800.0,960.0,960.0,1.0,0.0,0.490625,0.008838834764831832,1.0,0.0,1.0,0.0,2.798104106428453,0.1451607303513581,2.798104106428453,0.1451607303513581,0.0,0.0,6.833110648592108,0.10401255184921808,-1.7474159572967354,0.013845156712160302,1.7474159572967354,0.013845156712160302,1.8384124844786047,0.03837271176995511,0.6926892125674033,0.05867511435734796,2.4401051698641387,0.07252027106950858,,,,,,,,,,,2,0.013398405049190288,0.0,1.0,0.0,1.0,1.0
20,2,4,z_zero,z_zero,0.0,all,0.008689300040714443,3.1112770643516574e-05,0.736520562927742,0.007792889924432687,1.170916957261299,0.0021993461916123775,0.2772164682081088,0.0011572060133110305,1.244735306895394,0.0025991492184796704,240.0,0.0,0.0,0.0,-0.3871579883883115,0.00033281165149587626,0.38734729887438424,0.0003615838008629072,0.7622655548903926,0.0004574562162519824,1.1459742062907172,0.02431508566701173,0.2655350525125886,0.009507165826328967,1.2089038388760427,0.02656813973743589,48.0,0.0,0.0,0.0,-0.3288406792005517,0.01033191636023655,0.32901975346373846,0.010324426596511066,0.736520562927742,0.007792889924432687,1.1766951174008748,0.002882549095894026,0.28013682213198887,0.0009302839399434389,1.2532949560396465,0.0030462159564594096,192.0,0.0,0.0,0.0,-0.4017373156852514,0.002166964525689307,0.4019291852270457,0.0021291268980489853,0.7673241287277051,0.0020471704341932374,8880.0,7680.0,960.0,1200.0,960.0,8640.0,172800.0,960.0,960.0,1.0,0.0,0.490625,0.008838834764831832,1.0,0.0,1.0,0.0,2.798104106428453,0.1451607303513581,4.695158152689931,0.24394228986655264,0.0,0.0,10.755466847146302,0.2732638915535483,-2.4401051698641387,0.07252027106950858,2.4401051698641387,0.07252027106950858,2.4401051698641387,0.07252027106950858,0.0,0.0,2.4401051698641387,0.07252027106950858,,,,,,,,,,,2,0.0,0.0,0.0,0.0,0.0,0.0
20,2,8,batch_box,batch_box,1.0,all,0.02523224987089634,0.000939108505257899,0.6613638331026912,0.026576750865306163,0.8916279985389091,0.010219310686838814,0.21468630825139434,0.0019437226191567835,0.9318808366002986,0.010220030550451717,240.0,0.0,0.0,0.0,-0.3458016516844787,0.005636910555239136,0.3459428711812893,0.00549618343474897,0.6854277745931117,0.010630514312388597,0.8932728772317857,0.006072267064224937,0.2126773174118429,0.0010231352753819459,0.9312377184181122,0.0033156220781566125,48.0,0.0,0.0,0.0,-0.2953098106449028,0.007033887897058013,0.29541408663394075,0.007181356414985349,0.6613638331026912,0.026576750865306163,0.8912380163114735,0.011200084797331394,0.21518855596128222,0.002173869455100466,0.9320339384923924,0.011904645401087722,192.0,0.0,0.0,0.0,-0.35842461194437264,0.0052876662197844215,0.3585750673181265,0.005074890189689807,0.6901342025626833,0.007564899792609083,32880.0,30720.0,1920.0,2160.0,1920.0,32640.0,652800.0,1920.0,1920.0,1.0,0.0,0.3927083333333333,0.01178511301977577,1.0,0.0,1.0,0.0,1.2414113579157058,0.02185083208739611,1.2414113579157058,0.02185083208739611,0.0,0.0,9.09901254474018,0.11791527841149714,-2.214459562256909,0.037602479597578876,2.214459562256909,0.037602479597578876,2.2202653602575255,0.038638098519529825,0.270653767752318,0.00876508989717552,2.485113330009227,0.04636756949475432,0.3780038256298407,0.006238400686953796,0.3,0.012020815280171319,0.1955,0.007071067811865481,0.685,0.012020815280171359,0.9416666666666667,0.005892556509887875,2,0.0008590172530369593,0.0,0.0,0.0,1.0,1.0
20,2,8,box_factor_a0.25,box_factor,0.25,all,0.024662650073878467,0.0005164001454765543,0.6710627292199314,0.018536441106832145,0.8790550447986134,0.010999898507931677,0.2126518585127165,0.002122678249581754,0.9150850627613012,0.011807382786164652,240.0,0.0,0.0,0.0,-0.3529977426050496,0.0038036933954075985,0.35313420607898816,0.003672831096826659,0.6973898334286565,0.006653566861369427,0.8894044216394414,0.012952715329957966,0.21295957100985072,0.0024104628903796003,0.9254945621642061,0.012256718366534199,48.0,0.0,0.0,0.0,-0.30078453133172633,0.004608456314365316,0.3008943559697521,0.004763771806944031,0.6710627292199314,0.018536441106832145,0.8765949554734861,0.01053261406024753,0.21257493038843295,0.0020507320893823513,0.9125250833601685,0.011696331963445309,192.0,0.0,0.0,0.0,-0.3660510454233805,0.003602502665668125,0.36619416860629717,0.003400095919297375,0.7025432751332432,0.004376386374283291,32880.0,30720.0,1920.0,2160.0,1920.0,32640.0,652800.0,1920.0,1920.0,1.0,0.0,0.3927083333333333,0.01178511301977577,1.0,0.0,1.0,0.0,1.2414113579157058,0.02185083208739611,2.130361367724726,0.02953633370641079,0.0,0.0,9.445027972003038,0.16782816987795737,-2.2600903942752497,0.04269652703149043,2.2600903942752497,0.04269652703149043,2.2645094277996547,0.04232296500914222,0.2250229357339774,0.003671042463263535,2.485113330009227,0.04636756949475432,,,,,,,,,,,2,0.0004867483383334857,0.0,0.0,0.0,1.0,1.0
20,2,8,box_factor_a0.5,box_factor,0.5,all,0.024758800049312413,0.0009912222602609846,0.6285486980619763,0.03260109121198718,0.9551935463225043,0.007539812109090709,0.22950881715408455,0.001644866174987968,1.0111004100686252,0.007312083044520087,240.0,0.0,0.0,0.0,-0.32666675512331494,0.005192292085242567,0.32684621647949674,0.0050291191437690855,0.6522048888510967,0.009743270900550249,0.9619264241344923,0.008429277332258055,0.2260897409239014,0.001384395992028603,1.0134949101273236,0.005651239964818538,48.0,0.0,0.0,0.0,-0.27881775630683325,0.009828361277520601,0.2789714348226459,0.010045695518828293,0.6285486980619763,0.03260109121198718,0.9535979000642092,0.007328159947209218,0.23036358621163033,0.002402181716742123,1.0105146147465844,0.007718854097604366,192.0,0.0,0.0,0.0,-0.3386290048274354,0.004033274787172985,0.3388149118937095,0.0037749750500042293,0.6568021163236502,0.005354528694936412,32880.0,30720.0,1920.0,2160.0,1920.0,32640.0,652800.0,1920.0,1920.0,1.0,0.0,0.3927083333333333,0.01178511301977577,1.0,0.0,1.0,0.0,1.2414113579157058,0.02185083208739611,1.7491076677657977,0.027766134671815837,0.0,0.0,8.29118250570405,0.1602249828060296,-2.069760842259733,0.04039165950121988,2.069760842259733,0.04039165950121988,2.090104287890817,0.03994969006583678,0.41535248774949407,0.005975909993534302,2.485113330009227,0.04636756949475432,,,,,,,,,,,2,0.0016746475403759862,0.0,0.0,0.0,1.0,1.0
20,2,8,box_factor_a0.75,box_factor,0.75,all,0.022193700075149536,0.0009025510532585083,0.5981752955739711,0.0425730277149121,1.0609499979350958,0.0041341436512067255,0.2514120213101304,0.0019169177360951293,1.1372961839043885,0.0032882365902147975,240.0,0.0,0.0,0.0,-0.3053686611567218,0.0061254474037831345,0.30570692983369885,0.005808010235823485,0.6181048475324225,0.011729257383861562,1.052596581611782,0.0015309102142572614,0.24227184988840578,0.0035631348766430376,1.1189330247463918,0.0026588091895439047,48.0,0.0,0.0,0.0,-0.2614045169978749,0.014055819480872664,0.2615945607100749,0.014324581876109625,0.5981752955739711,0.0425730277149121,1.062911009893421,0.004742469795434883,0.2536970641655616,0.0032869308892797197,1.1417331900514354,0.004711601842370289,192.0,0.0,0.0,0.0,-0.3163596971964334,0.004142854384510821,0.3167350221146049,0.0036788673257519503,0.6219352019063052,0.0057775758124352225,32880.0,30720.0,1920.0,2160.0,1920.0,32640.0,652800.0,1920.0,1920.0,1.0,0.0,0.3927083333333333,0.01178511301977577,1.0,0.0,1.0,0.0,1.2414113579157058,0.02185083208739611,1.459801558869525,0.025000533625519218,0.0,0.0,7.481397062435912,0.16047262331774845,-1.9118733881287278,0.04042273564930128,1.9118733881287278,0.04042273564930128,1.958201475258237,0.03915638293511574,0.5732399418804996,0.005944833845453275,2.485113330009227,0.04636756949475432,,,,,,,,,,,2,0.0032183662520629337,0.0,1.0,0.0,1.0,1.0
20,2,8,box_factor_a1.25,box_factor,1.25,all,0.021731500048190355,0.0034751469418866513,0.5622125819480615,0.05515392680566964,1.2660169065404636,0.004113486235568375,0.2913117035239791,0.00274102093644607,1.3747239428738207,0.003252274275297879,240.0,0.0,0.0,0.0,-0.2753404796298572,0.00755980913394751,0.2779460723627759,0.005816977383731155,0.5752740595840917,0.014726501776000501,1.2285563586853652,0.0010911924408478532,0.2719108553595083,0.005176824791683727,1.318509757612111,0.005733887423678571,48.0,0.0,0.0,0.0,-0.23705323948835832,0.02015065957103878,0.24020896364620345,0.017408345978560766,0.5622125819480615,0.05515392680566964,1.2746939629785135,0.005297632377743905,0.29616191556509686,0.004720482368478455,1.3881010911149465,0.005337444315984852,192.0,0.0,0.0,0.0,-0.28491228966523185,0.0044120965246746925,0.28738034954191904,0.00291913523502382,0.5776886281664777,0.006833991544458791,32880.0,30720.0,1920.0,2160.0,1920.0,32640.0,652800.0,1920.0,1920.0,1.0,0.0,0.3927083333333333,0.01178511301977577,1.0,0.0,1.0,0.0,1.2414113579157058,0.02185083208739611,1.0775646679259712,0.0184231870521554,0.0,0.0,6.576101363747967,0.15308643424907534,-1.680407753993793,0.04287494023020913,1.680407753993793,0.04287494023020913,1.793064474144531,0.03505920894509408,0.8047055760154342,0.0034926292645457,2.485113330009227,0.04636756949475432,,,,,,,,,,,2,0.006413158205252618,0.0,1.0,1.0,1.0,1.0
20,2,8,box_factor_a1.5,box_factor,1.5,all,0.02330100000835955,0.0017208149949403083,0.5522212091332558,0.05951484421851393,1.3501812192891847,0.006777007712011123,0.3070447862201555,0.0031594488028574633,1.470734732607709,0.006247569734196168,240.0,0.0,0.0,0.0,-0.26504102102958127,0.008107461373065434,0.26955262509259154,0.0065085721226820145,0.5624114982267991,0.015967634354155134,1.301701527105598,0.0006101837428721653,0.28365995404510275,0.005338387845883804,1.4004390090634526,0.0038358812434942826,48.0,0.0,0.0,0.0,-0.228659069382735,0.02253347783822248,0.23427701062337153,0.019392541295152232,0.5522212091332558,0.05951484421851393,1.361366716927328,0.008169594106445908,0.31289099426391875,0.005283907965042843,1.4873911108612439,0.008568077348265018,192.0,0.0,0.0,0.0,-0.2741365089412928,0.004500957256776263,0.27837152870989657,0.003287579829564457,0.5642311395953875,0.007418645096057321,32880.0,30720.0,1920.0,2160.0,1920.0,32640.0,652800.0,1920.0,1920.0,1.0,0.0,0.3927083333333333,0.01178511301977577,1.0,0.0,1.0,0.0,1.2414113579157058,0.02185083208739611,0.9554033416484766,0.014794750024847118,0.0,0.0,6.355234536868242,0.144318799046273,-1.5987502850085837,0.04425019324501697,1.5987502850085837,0.04425019324501697,1.7479763699932924,0.03379928349821571,0.8863630450006434,0.0021173762497372294,2.485113330009227,0.04636756949475432,,,,,,,,,,,2,0.00781637135060716,0.0,1.0,1.0,1.0,1.0
20,2,8,box_factor_a2,box_factor,2.0,all,0.022303150035440922,0.0003922320724047935,0.5415124751508904,0.06443246855679179,1.4754665583129138,0.012989899706635048,0.32998419449460126,0.00398999812480887,1.6126696156421145,0.013233690131505278,240.0,0.0,0.0,0.0,-0.25140318958297025,0.008673755975150526,0.25961441173034483,0.007274883957628565,0.5475630416592843,0.017401855372012727,1.4113924822692123,0.007030318820918517,0.3007991268922674,0.00510691156696429,1.522588069853797,0.003363971737407081,48.0,0.0,0.0,0.0,-0.21780825706957896,0.025474387619083907,0.22705166597329104,0.022615076165215967,0.5415124751508904,0.06443246855679179,1.490182135370086,0.014325261189056368,0.33728046139518475,0.006264225547752286,1.6339088879352734,0.015485746005541595,192.0,0.0,0.0,0.0,-0.25980192271131813,0.004473598064167175,0.26775509816960824,0.0034398359057317487,0.5485256928020273,0.008089862624750357,32880.0,30720.0,1920.0,2160.0,1920.0,32640.0,652800.0,1920.0,1920.0,1.0,0.0,0.3927083333333333,0.01178511301977577,1.0,0.0,1.0,0.0,1.2414113579157058,0.02185083208739611,0.7982715754612144,0.008036336582750324,0.0,0.0,6.166003162806323,0.13659967166315581,-1.4855490945381542,0.048290428807801045,1.4855490945381542,0.048290428807801045,1.713091097309955,0.03143246721652907,0.999564235471073,0.001922859313046764,2.485113330009227,0.04636756949475432,,,,,,,,,,,2,0.009940847679354216,1.0,1.0,1.0,1.0,1.0
20,2,8,f_zero,f_zero,0.0,all,0.008101349929347634,0.0007344717263028409,0.7288754608033676,0.0015245090173929593,0.8766873119353227,0.00892344409526629,0.21273212417951615,0.001701830428845893,0.9017645050341995,0.010144831885489392,240.0,0.0,0.0,0.0,-0.3850792992078834,0.0020500978338278725,0.38516694949936137,0.001961055387587819,0.7556346150525279,0.002583557197514975,0.8718648129327491,0.010661446583914528,0.20955836619465723,0.003835710860968067,0.896744104699186,0.012120381351267744,48.0,0.0,0.0,0.0,-0.3282257148185045,0.0012950353002903429,0.328287434253325,0.001207750838505208,0.7288754608033676,0.0015245090173929593,0.8778210803660444,0.008516177041832874,0.2135255636757309,0.0011683603208153396,0.9029858677468512,0.009665801635083671,192.0,0.0,0.0,0.0,-0.3992926953052282,0.0028863811173574067,0.3993868283108705,0.0027532569441111,0.7608926359966542,0.002787585144437397,15600.0,15360.0,0.0,240.0,0.0,15360.0,307200.0,0.0,0.0,0.0,0.0,0.0,0.0,0.0,0.0,0.0,0.0,0.0,0.0,0.0,0.0,0.0,0.0,,,,,,,,,,,,,,,,,,,,,,,2,0.0,0.0,0.0,0.0,0.0,0.0
20,2,8,raw,raw,1.0,all,0.02344490005634725,0.0006130614729943848,0.5996520936771914,0.04842066747610295,1.2810631811186548,0.04395638634949842,0.29005921417145564,0.007557369468726052,1.3872744636035033,0.04825815540094635,240.0,0.0,0.0,0.0,-0.2942299400082014,0.006118462693249615,0.29902317303004194,0.0062787210320593735,0.6209192627166891,0.014799414930968216,1.2718042161217173,0.08268206956543687,0.2775367581602923,0.008043662200022556,1.3635724194132774,0.08785063441616274,48.0,0.0,0.0,0.0,-0.2506964286358447,0.014984753466065672,0.25332918417086103,0.014839138017241167,0.5996520936771914,0.04842066747610295,1.2831517952799423,0.0349029403019158,0.29318982817424655,0.007435796285901853,1.3929127083392625,0.03879876360411709,192.0,0.0,0.0,0.0,-0.3051133178512906,0.003901890000045578,0.31044667024483713,0.004138616785763931,0.6249903369246341,0.008328756947672353,32880.0,30720.0,1920.0,2160.0,1920.0,32640.0,652800.0,1920.0,1920.0,1.0,0.0,0.3927083333333333,0.01178511301977577,1.0,0.0,0.0,0.0,1.2414113579157058,0.02185083208739611,1.2414113579157058,0.02185083208739611,0.0,0.0,7.6040009599431695,0.2189505865439893,-1.7332188013705347,0.0628673588996629,1.7332188013705347,0.0628673588996629,1.9323915492758834,0.049615564728730153,0.7518945286386924,0.016499789404908302,2.485113330009227,0.04636756949475432,,,,,,,,,,,2,0.006690519926107391,0.0,0.0,0.0,1.0,1.0
20,2,8,sample_ball,sample_ball,1.0,all,0.021455549984239042,0.00017854442236814785,0.6270421813994028,0.036804270991672106,1.0389767322603864,0.01575513283358284,0.24682442905917015,0.00396315674822457,1.1081464651572248,0.01666379849226102,240.0,0.0,0.0,0.0,-0.3195586765632711,0.005334787454501533,0.3200709305800309,0.0049879380495437406,0.649240045060774,0.01090552072099768,1.0274428755920966,0.021404712971421155,0.2387640826255838,0.00034347570512997913,1.087634814883926,0.02002820595880388,48.0,0.0,0.0,0.0,-0.273360619812348,0.011136038330003751,0.2736858338737522,0.011523644962944914,0.6270421813994028,0.036804270991672106,1.041677227728397,0.01444061546791012,0.2488395156675667,0.004868077008998201,1.1130969470886871,0.015861898537338284,192.0,0.0,0.0,0.0,-0.33110819075100184,0.0038844747356258807,0.33166720475660055,0.0033540113211935254,0.6535422949615372,0.005920101908930372,32880.0,30720.0,1920.0,2160.0,1920.0,32640.0,652800.0,1920.0,1920.0,1.0,0.0,0.3927083333333333,0.01178511301977577,0.3927083333333333,0.01178511301977577,0.3927083333333333,0.01178511301977577,1.2414113579157058,0.02185083208739611,0.3481153581338148,0.029067737947798673,0.0,0.0,8.056038969772704,0.19875898189249672,-1.9781630663076484,0.04646458574564446,1.9781630663076484,0.04646458574564446,2.0254168926605916,0.04686794696939839,0.5069502637015786,9.701625088978262e-05,2.485113330009227,0.04636756949475432,,,,,,,,,,,2,0.003083031488365943,0.0,0.0,0.0,1.0,1.0
20,2,8,sample_box,sample_box,1.0,all,0.02214905002620071,0.0005164001454765543,0.5768009674908671,0.04981490358126187,1.1686934697313123,0.0034481955209922396,0.27268753077556185,0.002396413279607089,1.2628193373279635,0.0025059432404652728,240.0,0.0,0.0,0.0,-0.2885091339877014,0.006855141891783234,0.2895715006589678,0.006005503298667769,0.5931580522836911,0.013256993532990893,1.144634092738733,0.0013639767114734217,0.258014959839502,0.004817912455035877,1.2238748793383287,0.006034832022949955,48.0,0.0,0.0,0.0,-0.2477271249982852,0.017425311628721515,0.24902774454138918,0.016542159411672825,0.5768009674908671,0.04981490358126187,1.1742971592366556,0.00455518810977414,0.2763556735095768,0.004199994713267752,1.2721440094820762,0.004512776137915953,192.0,0.0,0.0,0.0,-0.2987046362350555,0.004212599457548608,0.2997074396883625,0.0033713392704164957,0.5962511442015194,0.006162160369329801,32880.0,30720.0,1920.0,2160.0,1920.0,32640.0,652800.0,1920.0,1920.0,1.0,0.0,0.3927083333333333,0.01178511301977577,1.0,0.0,1.0,0.0,1.2414113579157058,0.02185083208739611,1.2414113579157058,0.02185083208739611,0.0,0.0,6.933819025677689,0.15897429529722265,-1.7833237855305444,0.041643742463113566,1.7833237855305444,0.041643742463113566,1.8617862045437406,0.037375177791479405,0.7017895444786829,0.004723827031641225,2.485113330009227,0.04636756949475432,,,,,,,,,,,2,0.004874806830180457,0.0,1.0,0.0,1.0,1.0
20,2,8,shrink_c0.1,shrink,0.1,all,0.023643849999643862,0.0008569427301775301,0.7131600807176135,0.0066290598471039335,0.8688566772957385,0.010519872803864369,0.21066686076225358,0.0019532220877984895,0.8954067174771096,0.01180529180374176,240.0,0.0,0.0,0.0,-0.37599436328791525,0.0024569343197700056,0.37609915187406284,0.0023547125892220988,0.739850694577822,0.003789702689489458,0.8694124996007434,0.012768762594859748,0.20905077549827794,0.003790626282317934,0.8963371652770908,0.013752390474336754,48.0,0.0,0.0,0.0,-0.32047278620023856,0.0003329435763452615,0.32055405346847005,0.0004478728492552448,0.7131600807176135,0.0066290598471039335,0.8687250539270657,0.00998882025820549,0.21107088207824748,0.0014938710391686257,0.895179043391781,0.01132921388791037,192.0,0.0,0.0,0.0,-0.38987475755983436,0.002987932005626206,0.3899854264754611,0.0028314225242137923,0.7450925120557251,0.003244760699135052,32880.0,30720.0,1920.0,2160.0,1920.0,32640.0,652800.0,1920.0,1920.0,1.0,0.0,0.3927083333333333,0.01178511301977577,1.0,0.0,1.0,0.0,1.2414113579157058,0.02185083208739611,2.132248635764446,0.023842154491278,0.0,0.0,10.447241355449282,0.20436356451454446,-2.409923877145358,0.0480175484352454,2.409923877145358,0.0480175484352454,2.410242472375721,0.04837514184368116,0.07518945286386923,0.0016499789404908422,2.485113330009227,0.04636756949475432,,,,,,,,,,,2,6.690519926107393e-05,0.0,0.0,0.0,1.0,1.0
20,2,8,shrink_c0.25,shrink,0.25,all,0.02283695002552122,0.0006617814188755813,0.6905692495678193,0.014204031240643492,0.8811746629075887,0.01428496109983438,0.213679120223646,0.002911003736617516,0.9141613376351976,0.015883021238515576,240.0,0.0,0.0,0.0,-0.36236695940796293,0.003067189048683283,0.3624974554361151,0.0029451983916735478,0.7169941262568897,0.0056177743137100005,0.887151673499883,0.01922103267710659,0.2131167417630738,0.004937230116040993,0.9201466787472935,0.02004525804084931,48.0,0.0,0.0,0.0,-0.3088433932728395,0.0027749118912986583,0.30895398229118753,0.0029313083808959243,0.6905692495678193,0.014204031240643492,0.8797564848557742,0.013110604250478525,0.21381971483878903,0.002404447141761644,0.9126924180968796,0.014858456396411668,192.0,0.0,0.0,0.0,-0.3757478509417438,0.0031402583380294546,0.375883323722347,0.002948670894367988,0.7221756482668744,0.003970600651905398,32880.0,30720.0,1920.0,2160.0,1920.0,32640.0,652800.0,1920.0,1920.0,1.0,0.0,0.3927083333333333,0.01178511301977577,1.0,0.0,1.0,0.0,1.2414113579157058,0.02185083208739611,1.480728219280865,0.016557051730054288,0.0,0.0,9.6693984355279,0.22844784651725722,-2.297139697849554,0.05049251684598178,2.297139697849554,0.05049251684598178,2.299312680656415,0.051887905265503825,0.1879736321596731,0.0041249473512270755,2.485113330009227,0.04636756949475432,,,,,,,,,,,2,0.00041815749538171194,0.0,0.0,0.0,1.0,1.0
20,2,8,shrink_c0.5,shrink,0.5,all,0.0239031498786062,0.0003276025143913694,0.6558410329026313,0.026473122632604096,0.9615254099114718,0.023147605245081197,0.23131933981979064,0.004659991747519314,1.0141150628271922,0.02558219081364792,240.0,0.0,0.0,0.0,-0.33965461960804244,0.004084280263538694,0.3398847986101951,0.003848961403884701,0.6813262947583651,0.008697706179946618,0.9690217669223427,0.03675272699710422,0.22835572593623918,0.006347761002699206,1.018254720471199,0.03842206288786072,48.0,0.0,0.0,0.0,-0.28946107172717456,0.006844859082887679,0.28962053032905005,0.007070367600297056,0.6558410329026313,0.026473122632604096,0.9597343195239307,0.019906871075416086,0.23206024329067856,0.004238049433724354,1.0130894280589413,0.022431163571860258,192.0,0.0,0.0,0.0,-0.3522030065782594,0.0033941355587014436,0.3524508656804814,0.0030436098547814944,0.6862996908172526,0.005289720772347474,32880.0,30720.0,1920.0,2160.0,1920.0,32640.0,652800.0,1920.0,1920.0,1.0,0.0,0.3927083333333333,0.01178511301977577,1.0,0.0,1.0,0.0,1.2414113579157058,0.02185083208739611,0.6581014307914956,0.007358689657801972,0.0,0.0,8.643188698477028,0.24934110615335564,-2.109166065689881,0.05461746419720908,2.109166065689881,0.05461746419720908,2.1310619533923045,0.05478250592967836,0.3759472643193462,0.008249894702454151,2.485113330009227,0.04636756949475432,,,,,,,,,,,2,0.001672629981526848,0.0,0.0,0.0,1.0,1.0
20,2,8,shrink_c0.75,shrink,0.75,all,0.022431749966926873,0.0013939195927143854,0.6253090091130094,0.03801489432685196,1.1012473721550837,0.03344522372376686,0.25803110404941754,0.0062327764723459295,1.179564202167858,0.036809503487411896,240.0,0.0,0.0,0.0,-0.31694227980812195,0.005101371478394223,0.3181645980078586,0.005316255511629936,0.649121401140542,0.011779644688519232,1.1026494504283182,0.05893260414758861,0.2507661894105254,0.007511068905985909,1.17235650778434,0.06218713157987858,48.0,0.0,0.0,0.0,-0.2700787501815096,0.01091480627447668,0.27077370902526204,0.011740698288869537,0.6253090091130094,0.03801489432685196,1.100873367187921,0.027422940183940113,0.2598473327091405,0.0059132033639359835,1.1812755575176128,0.030660758681310775,192.0,0.0,0.0,0.0,-0.32865816221477506,0.003648012779373491,0.3300123202535078,0.0037101448173200947,0.6537322527552059,0.006745331720058856,32880.0,30720.0,1920.0,2160.0,1920.0,32640.0,652800.0,1920.0,1920.0,1.0,0.0,0.3927083333333333,0.01178511301977577,1.0,0.0,1.0,0.0,1.2414113579157058,0.02185083208739611,0.1645253576978739,0.001839672414450493,0.0,0.0,7.954722873282118,0.24617535282893271,-1.9211924335302082,0.058742411548435756,1.9211924335302082,0.058742411548435756,2.0034850343586146,0.05906211390726636,0.5639208964790192,0.012374842053681237,2.485113330009227,0.04636756949475432,,,,,,,,,,,2,0.003763417458435408,0.0,0.0,0.0,1.0,1.0
20,2,8,z_only_box,z_only_box,1.0,all,0.02225725003518164,0.0033186642544443053,0.5768009674908671,0.04981490358126187,1.1686934697313123,0.0034481955209922396,0.27268753077556185,0.002396413279607089,1.2628193373279635,0.0025059432404652728,240.0,0.0,0.0,0.0,-0.2885091339877014,0.006855141891783234,0.2895715006589678,0.006005503298667769,0.5931580522836911,0.013256993532990893,1.144634092738733,0.0013639767114734217,0.258014959839502,0.004817912455035877,1.2238748793383287,0.006034832022949955,48.0,0.0,0.0,0.0,-0.2477271249982852,0.017425311628721515,0.24902774454138918,0.016542159411672825,0.5768009674908671,0.04981490358126187,1.1742971592366556,0.00455518810977414,0.2763556735095768,0.004199994713267752,1.2721440094820762,0.004512776137915953,192.0,0.0,0.0,0.0,-0.2987046362350555,0.004212599457548608,0.2997074396883625,0.0033713392704164957,0.5962511442015194,0.006162160369329801,32880.0,30720.0,1920.0,2160.0,1920.0,32640.0,652800.0,1920.0,1920.0,1.0,0.0,0.3927083333333333,0.01178511301977577,1.0,0.0,1.0,0.0,1.2414113579157058,0.02185083208739611,1.2414113579157058,0.02185083208739611,0.0,0.0,6.933819025677689,0.15897429529722265,-1.7833237855305444,0.041643742463113566,1.7833237855305444,0.041643742463113566,1.8617862045437406,0.037375177791479405,0.7017895444786829,0.004723827031641225,2.485113330009227,0.04636756949475432,,,,,,,,,,,2,0.004874806830180457,0.0,1.0,0.0,1.0,1.0
20,2,8,z_zero,z_zero,0.0,all,0.02347115008160472,0.0011335628690305284,0.7288754608033676,0.0015245090173929593,0.8766873119353227,0.00892344409526629,0.21273212417951615,0.001701830428845893,0.9017645050341995,0.010144831885489392,240.0,0.0,0.0,0.0,-0.3850792992078834,0.0020500978338278725,0.38516694949936137,0.001961055387587819,0.7556346150525279,0.002583557197514975,0.8718648129327491,0.010661446583914528,0.20955836619465723,0.003835710860968067,0.896744104699186,0.012120381351267744,48.0,0.0,0.0,0.0,-0.3282257148185045,0.0012950353002903429,0.328287434253325,0.001207750838505208,0.7288754608033676,0.0015245090173929593,0.8778210803660444,0.008516177041832874,0.2135255636757309,0.0011683603208153396,0.9029858677468512,0.009665801635083671,192.0,0.0,0.0,0.0,-0.3992926953052282,0.0028863811173574067,0.3993868283108705,0.0027532569441111,0.7608926359966542,0.002787585144437397,32880.0,30720.0,1920.0,2160.0,1920.0,32640.0,652800.0,1920.0,1920.0,1.0,0.0,0.3927083333333333,0.01178511301977577,1.0,0.0,1.0,0.0,1.2414113579157058,0.02185083208739611,2.6324057231659825,0.029434758631207886,0.0,0.0,11.033352084434732,0.18349557392063548,-2.485113330009227,0.04636756949475432,2.485113330009227,0.04636756949475432,2.485113330009227,0.04636756949475432,0.0,0.0,2.485113330009227,0.04636756949475432,,,,,,,,,,,2,0.0,0.0,0.0,0.0,0.0,0.0
20,2,16,batch_box,batch_box,1.0,all,0.060518600046634674,0.005310796293950954,0.6544349063836625,0.005585172010525725,0.7517259368857634,0.0012666236124958376,0.18125819308443325,0.00011429284885429572,0.7683365297313471,0.0015338727910641657,240.0,0.0,0.0,0.0,-0.33986261099508985,0.001015987191159924,0.33988193367126,0.0010433135818611323,0.6732247724937266,7.537805632680826e-05,0.7587023129555923,0.009049801226475057,0.18120308533496707,0.005537382106526046,0.7771473515251615,0.00962940654174251,48.0,0.0,0.0,0.0,-0.2890477314137731,0.006117693513210279,0.28914434479462403,0.006254325466716381,0.6544349063836625,0.005585172010525725,0.7500599450904655,0.0037289241230592553,0.1812719700217998,0.0015272115876993444,0.7661571281144991,0.0042990326577428475,192.0,0.0,0.0,0.0,-0.352566330890419,0.000259439389352719,0.352566330890419,0.000259439389352719,0.6769310287372053,0.0009938675804213905,126960.0,122880.0,3840.0,4080.0,3840.0,126720.0,2534400.0,3840.0,3840.0,0.9997395833333333,0.0,0.21783854166666666,0.003866990209613918,0.9997395833333333,0.0,1.0,0.0,0.4962924814816929,0.0025264724844360864,0.4962924814816929,0.0025264724844360864,0.0,0.0,9.062590275347905,0.01713681037512643,-2.199318152791902,0.0005305458418521453,2.199318152791902,0.0005305458418521453,2.206314367004681,5.034543971800418e-05,0.28248577038006834,0.0012822565730466608,2.48180392317197,0.0007517107311943584,0.4227819699789283,0.0009154303614085504,0.36,0.0021213203435596446,0.242,0.0035355339059327407,0.7310000000000001,0.023334523779156048,0.9604166666666667,0.008838834764831813,2,0.0007090687485323192,0.0,0.0,0.0,1.0,1.0
20,2,16,box_factor_a0.25,box_factor,0.25,all,0.06674000003840774,0.001792515839244324,0.6636269979850951,0.008065938624777481,0.7541881099076266,0.0020993590757971896,0.18321494984195685,5.9902646971481864e-05,0.7687113973475611,0.0026977609903069085,240.0,0.0,0.0,0.0,-0.3472111791086415,0.0011118633776632065,0.3472235933792919,0.0011294198075838843,0.6861556598354372,0.0008593701284475804,0.7642542639153371,0.005885312723019923,0.18454225234077787,0.003798381453909737,0.7821184075298979,0.005540729898637268,48.0,0.0,0.0,0.0,-0.2946311953317907,0.005791465471663001,0.29469326668504237,0.0058792476212663515,0.6636269979850951,0.008065938624777481,0.7517870243802449,0.004014704059302721,0.1828831242172516,0.0010244736721917818,0.7653949458756051,0.004753653629273289,192.0,0.0,0.0,0.0,-0.3603561750528543,5.803714583672256e-05,0.3603561750528543,5.803714583672256e-05,0.6905848764047207,0.0005306541118851825,126960.0,122880.0,3840.0,4080.0,3840.0,126720.0,2534400.0,3840.0,3840.0,0.9997395833333333,0.0,0.21783854166666666,0.003866990209613918,0.9997395833333333,0.0,0.9997395833333333,0.0,0.4962924814816929,0.0025264724844360864,1.094532490151223,0.002844263107649123,0.0,0.0,9.363712460127237,0.03090543226579977,-2.2359094760272207,0.002788069046048887,2.2359094760272207,0.002788069046048887,2.242152754968645,0.0022517051824269005,0.24589444714475003,0.0035397797772439917,2.48180392317197,0.0007517107311943584,,,,,,,,,,,2,0.0003894774994561752,0.0,0.0,0.0,1.0,1.0
20,2,16,box_factor_a0.5,box_factor,0.5,all,0.061370500014163554,0.0029770609191770965,0.621825960559985,0.008088192271709945,0.7930167680939829,0.004675866997782862,0.19204042413301506,0.0005696869332029772,0.8238570220043264,0.005783926821828581,240.0,0.0,0.0,0.0,-0.3196697936040438,0.0018837075097077494,0.31971760672378524,0.0019513254721054525,0.6387075090608048,0.0015266746787466346,0.7994974987971455,0.0038999981780959148,0.19127293012542812,0.0053410392518446455,0.8293047351934626,0.003316680490398631,48.0,0.0,0.0,0.0,-0.27199797542178944,0.00812686554190671,0.2722370410204965,0.008464955353895087,0.621825960559985,0.008088192271709945,0.7914730030112452,0.0067199934401287135,0.1922322976349118,0.0020473684794649343,0.822513506453987,0.0080246781794702,192.0,0.0,0.0,0.0,-0.3315877481496074,0.00032291800165806827,0.3315877481496074,0.00032291800165806827,0.6420386869410788,0.000251151295885059,126960.0,122880.0,3840.0,4080.0,3840.0,126720.0,2534400.0,3840.0,3840.0,0.9997395833333333,0.0,0.21783854166666666,0.003866990209613918,0.9997395833333333,0.0,0.9997395833333333,0.0,0.4962924814816929,0.0025264724844360864,0.8174118541246613,0.002840847411104048,0.0,0.0,8.193713913484157,0.048140673147089044,-2.038084074228808,0.0053796935949436435,2.038084074228808,0.0053796935949436435,2.0646717718794636,0.004305556815163526,0.4437198489431622,0.006131404326138689,2.48180392317197,0.0007517107311943584,,,,,,,,,,,2,0.0013057071380865879,0.0,0.0,0.0,1.0,1.0
20,2,16,box_factor_a0.75,box_factor,0.75,all,0.06319025007542223,0.000661639831806365,0.593252094964477,0.008235552380580212,0.8555065798051675,0.007750570401624811,0.205520839942672,0.0011043491791065344,0.9024836991470275,0.009311625076041613,240.0,0.0,0.0,0.0,-0.29877463959594464,0.002576881518058403,0.298968916361949,0.0028516303553957597,0.6049700303881204,0.0020229120119211698,0.8538823476101879,0.0023461681579647338,0.20248480353608495,0.004645012810653176,0.8953331784537751,0.003716936669973014,48.0,0.0,0.0,0.0,-0.25530792276260317,0.009897378187079395,0.25577232570021924,0.01055414311986191,0.593252094964477,0.008235552380580212,0.8558869048052917,0.009022809780667777,0.20627984904431879,0.002541689676546455,0.9042186693933021,0.010664501449185786,192.0,0.0,0.0,0.0,-0.30964131880428003,0.0007467573508031159,0.3097680640273815,0.0009260021642792119,0.6072911334955581,0.0008047510303334346,126960.0,122880.0,3840.0,4080.0,3840.0,126720.0,2534400.0,3840.0,3840.0,0.9997395833333333,0.0,0.21783854166666666,0.003866990209613918,0.9997395833333333,0.0,0.9997395833333333,0.0,0.4962924814816929,0.0025264724844360864,0.626397688934997,0.002569051284382367,0.0,0.0,7.430577859937389,0.05664830277914691,-1.884013959006047,0.007397770735054017,1.884013959006047,0.007397770735054017,1.9408639929198346,0.004418814056100298,0.5977899641659237,0.008149481466248963,2.48180392317197,0.0007517107311943584,,,,,,,,,,,2,0.002452812591744057,0.0,0.0,0.0,1.0,1.0
20,2,16,box_factor_a1.25,box_factor,1.25,all,0.057490549865178764,0.002780131745143468,0.5613100174745483,0.008598129803739696,0.974638546518163,0.010103011243905656,0.22970519042254262,0.0015677356481079063,1.0450058384901295,0.011812398128610263,240.0,0.0,0.0,0.0,-0.2719395963372233,0.0032089074386352726,0.2731330589566373,0.003734298672658576,0.5659291462273027,0.002149670167339908,0.9608505395368978,0.015304161240508969,0.22350674164413725,0.0025196916975162224,1.019868710252333,0.018100577377997005,48.0,0.0,0.0,0.0,-0.23407731462115433,0.012555436878733913,0.2358965794840013,0.01295577501762655,0.5613100174745483,0.008598129803739696,0.9778614420806793,0.008897434084862018,0.23125480261714393,0.002589592484513951,1.0510497539056485,0.0103234804068686,192.0,0.0,0.0,0.0,-0.28140516676624056,0.0008722750786105385,0.2824421788247963,0.001428929586416489,0.5668474008131748,0.000867917717547397,126960.0,122880.0,3840.0,4080.0,3840.0,126720.0,2534400.0,3840.0,3840.0,0.9997395833333333,0.0,0.21783854166666666,0.003866990209613918,0.999609375,0.0001841423909339863,0.999609375,0.0001841423909339863,0.4962924814816929,0.0025264724844360864,0.40902570961935747,0.0026734893387904872,0.0,0.0,6.672945699385428,0.0655916237689999,-1.6812687344463664,0.009406086796458093,1.6812687344463664,0.009406086796458093,1.801554635977764,0.008509611729248093,0.8005351887256038,0.010157797527652805,2.48180392317197,0.0007517107311943584,,,,,,,,,,,2,0.004697409071918592,0.0,1.0,1.0,1.0,1.0
20,2,16,box_factor_a1.5,box_factor,1.5,all,0.0589266000315547,0.001698611837581417,0.5531952776197346,0.008680470796862346,1.0175921484640393,0.01062154017755777,0.2382340070428926,0.0015870251854513979,1.0952168542719232,0.012346935336624605,240.0,0.0,0.0,0.0,-0.26409510699049155,0.003347221211173744,0.2662418831727237,0.0037285794693490974,0.5557655240061202,0.0021880101613685897,1.0008118340746441,0.020506654034920926,0.23125872075728476,0.0015242862324594314,1.06551595780935,0.023831185500471586,48.0,0.0,0.0,0.0,-0.22785038420364526,0.013510435195397734,0.23112655902818102,0.012620745784291638,0.5531952776197346,0.008680470796862346,1.0215041977813009,0.008336831487167863,0.23997782861429456,0.0023648530399290953,1.1023385603935492,0.009637701332221624,192.0,0.0,0.0,0.0,-0.27315628768720307,0.0008064177151177316,0.2750207142088594,0.0015055378906135258,0.5562754593823311,0.0008919861912619395,126960.0,122880.0,3840.0,4080.0,3840.0,126720.0,2534400.0,3840.0,3840.0,0.9997395833333333,0.0,0.21783854166666666,0.003866990209613918,0.999609375,0.0001841423909339863,0.999609375,0.0001841423909339863,0.4962924814816929,0.0025264724844360864,0.3512142623755864,0.0030543478081134076,0.0,0.0,6.515614013358837,0.06632279227799791,-1.6197649270296028,0.010069165202481955,1.6197649270296028,0.010069165202481955,1.7692476677156184,0.008944087205058468,0.8620389961423672,0.010820875933676784,2.48180392317197,0.0007517107311943584,,,,,,,,,,,2,0.0055580892740414774,0.0,1.0,1.0,1.0,1.0
20,2,16,box_factor_a2,box_factor,2.0,all,0.06982460001017898,0.0047917797511441845,0.5451344751999396,0.008004092922323354,1.0721886967593335,0.008895142302218816,0.24895187450256226,0.0011259181875910163,1.158451985218608,0.010297654353204198,240.0,0.0,0.0,0.0,-0.2551154244480144,0.003312470781627185,0.25910303578589977,0.0037704880244842803,0.5450611108534488,0.0019449757515348331,1.051216201950724,0.02286443537857931,0.24054331708167775,0.0010069220742500262,1.122650821510536,0.026273171448122662,48.0,0.0,0.0,0.0,-0.22089367260060574,0.014235381677454214,0.22587830992539115,0.011826310738376748,0.5451344751999396,0.008004092922323354,1.0770643137771008,0.005678713326925069,0.25105401385778336,0.0016591282530512576,1.1670105414701002,0.006546445649357194,192.0,0.0,0.0,0.0,-0.2636708624098665,0.000581743057670354,0.26740921725102695,0.0017565323460111604,0.5450423242058287,0.0007285078407858096,126960.0,122880.0,3840.0,4080.0,3840.0,126720.0,2534400.0,3840.0,3840.0,0.9997395833333333,0.0,0.21783854166666666,0.003866990209613918,0.999609375,0.0001841423909339863,0.999609375,0.0001841423909339863,0.4962924814816929,0.0025264724844360864,0.2890220295796584,0.00425824888483932,0.0,0.0,6.396440591286505,0.06882674403246336,-1.5466058720030564,0.010652018122493882,1.5466058720030564,0.010652018122493882,1.7454358165843011,0.008741774555080782,0.9351980511689135,0.011403728853688672,2.48180392317197,0.0007517107311943584,,,,,,,,,,,2,0.006670549379786243,1.0,1.0,1.0,1.0,1.0
20,2,16,f_zero,f_zero,0.0,all,0.026475749909877777,0.0016773280083556695,0.7215737358576219,0.007337884032055776,0.775722215401548,0.000988517404942207,0.1893324244037638,0.0005110755723204004,0.7811676101903038,0.0011718611120173869,240.0,0.0,0.0,0.0,-0.3828421921410783,0.0002765191018574474,0.3828421921410783,0.0002765191018574474,0.7511229056474809,0.00014439819544579592,0.7800143607911999,0.0007575500735679541,0.1901179556490582,8.95741641358251e-06,0.7907511001608011,0.00217834357256549,48.0,0.0,0.0,0.0,-0.32422855060363476,0.002843314371103785,0.32422855060363476,0.002843314371103785,0.7215737358576219,0.007337884032055776,0.7747059864521543,0.0010433933226184089,0.18913604159244018,0.0006410838195039255,0.7788093728389569,0.0009223431307911059,192.0,0.0,0.0,0.0,-0.39749560252543914,0.0003651797154540927,0.39749560252543914,0.0003651797154540927,0.75691106615115,0.0015762606552081442,61680.0,61440.0,0.0,240.0,0.0,61440.0,1228800.0,0.0,0.0,0.0,0.0,0.0,0.0,0.0,0.0,0.0,0.0,0.0,0.0,0.0,0.0,0.0,0.0,,,,,,,,,,,,,,,,,,,,,,,2,0.0,0.0,0.0,0.0,0.0,0.0
20,2,16,raw,raw,1.0,all,0.06179289997089654,0.0009039654422255282,0.5845701736137512,0.0116490089427295,0.9970357091771501,0.0015751259065685348,0.23541223558275487,5.255708573232776e-05,1.0675967614490522,0.0012411329694044042,240.0,0.0,0.0,0.0,-0.2815218703574465,0.0030209283877150306,0.2840487392297466,0.003604103321609413,0.5904795918193384,0.004501011263198539,0.9867256214530015,0.005941730068291555,0.22921985288070934,0.0044252090346892535,1.0464693978199038,0.007930818157638225,48.0,0.0,0.0,0.0,-0.24167002679101368,0.012382579043191407,0.24502964514356934,0.01172568585477809,0.5845701736137512,0.0116490089427295,0.999448840830494,0.003326222915466388,0.23696033125826627,0.0011719986158377107,1.072686847075063,0.0034262030206271966,192.0,0.0,0.0,0.0,-0.2914848312490547,0.0006805157238459289,0.29380351275129096,0.0015737076883172267,0.5916534571619233,0.0030834302192147165,126960.0,122880.0,3840.0,4080.0,3840.0,126720.0,2534400.0,3840.0,3840.0,0.9997395833333333,0.0,0.21783854166666666,0.003866990209613918,0.9997395833333333,0.0,0.0,0.0,0.4962924814816929,0.0025264724844360864,0.4962924814816929,0.0025264724844360864,0.0,0.0,7.299855565484885,0.07943652052279385,-1.7086546366002846,0.012395578858687936,1.7086546366002846,0.012395578858687936,1.876721187630243,0.010374431406705254,0.7731492865716858,0.013147289589882647,2.48180392317197,0.0007517107311943584,,,,,,,,,,,2,0.00545654023063956,0.0,0.0,0.0,1.0,1.0
20,2,16,sample_ball,sample_ball,1.0,all,0.06318905006628484,0.005206073723110907,0.5966511839750184,0.0076808583971886505,0.903729613043972,0.0018822513130853766,0.21624299385803497,0.0003944257598414601,0.9579730026088035,0.002794515298136165,240.0,0.0,0.0,0.0,-0.29622335204040917,0.003275847713145704,0.29680025148174466,0.003686077961179,0.6077198521760674,0.004316071013475203,0.9066919004207024,0.0006232151784669302,0.21373172247414896,0.005816755533172945,0.954828982730332,0.0016283802961658705,48.0,0.0,0.0,0.0,-0.2526489124369329,0.01030526079973039,0.2537365487008531,0.010825824349923137,0.5966511839750184,0.0076808583971886505,0.9030290980438849,0.002180536276754324,0.21687081170400646,0.0019472210830950834,0.9587390798183275,0.0030781214365190753,192.0,0.0,0.0,0.0,-0.30711696194127824,0.0015184944414994837,0.3075661771769676,0.0019011413639929144,0.6099163504697527,0.0036555100666009767,126960.0,122880.0,3840.0,4080.0,3840.0,126720.0,2534400.0,3840.0,3840.0,0.9997395833333333,0.0,0.21783854166666666,0.003866990209613918,0.21783854166666666,0.003866990209613918,0.21783854166666666,0.003866990209613918,0.4962924814816929,0.0025264724844360864,0.07612193686016874,0.0032698997186286776,0.0,0.0,7.495199921875571,0.08150237164673646,-1.8451006562381767,0.008765488870927133,1.8451006562381767,0.008765488870927133,1.9248010675525096,0.011439668634955508,0.6367032669337938,0.00951719960212208,2.48180392317197,0.0007517107311943584,,,,,,,,,,,2,0.0035672900479874563,0.0,0.0,0.0,1.0,1.0
20,2,16,sample_box,sample_box,1.0,all,0.062173399957828224,0.0001566949034100432,0.5741151016369679,0.00826213351402309,0.9193544521102264,0.009647705803165683,0.21861139256525905,0.0013744893910898125,0.9796027032849897,0.011381876936716736,240.0,0.0,0.0,0.0,-0.2832155379298408,0.002977663297496215,0.28377642106269796,0.0034888676627960083,0.5816518620840412,0.002117256752382265,0.9105413907354124,0.008459588740953643,0.21361205544242376,0.0037272134250281026,0.9618208892578468,0.01049654594753792,48.0,0.0,0.0,0.0,-0.24302620125210767,0.011203068661697445,0.24372772926968217,0.012195179098536022,0.5741151016369679,0.00826213351402309,0.9214215584184904,0.00992486819044554,0.21986122684596787,0.002649915095119311,0.9838960536494372,0.011593783602567711,192.0,0.0,0.0,0.0,-0.29326287209927404,0.0009213119564458801,0.2937885940109519,0.0013122898038609536,0.5831490983682242,0.0009029308197178045,126960.0,122880.0,3840.0,4080.0,3840.0,126720.0,2534400.0,3840.0,3840.0,0.9997395833333333,0.0,0.21783854166666666,0.003866990209613918,0.9997395833333333,0.0,0.9997395833333333,0.0,0.4962924814816929,0.0025264724844360864,0.4962924814816929,0.0025264724844360864,0.0,0.0,6.954866974139059,0.062406845755325846,-1.7672156513521158,0.00863976883543385,1.7672156513521158,0.00863976883543385,1.856162556327761,0.005897288732746031,0.7145882718198544,0.009391479566628246,2.48180392317197,0.0007517107311943584,,,,,,,,,,,2,0.0036237419004374796,0.0,1.0,0.0,1.0,1.0
20,2,16,shrink_c0.1,shrink,0.1,all,0.06003575003705919,0.0015764946367436414,0.7058177975147765,0.008085941298216026,0.7621606298351334,0.0005699106756812566,0.18552310787788473,7.002792367241667e-05,0.7686191511986296,0.0007489720300604841,240.0,0.0,0.0,0.0,-0.37271015996271517,0.0005509600304432411,0.37271015996271517,0.0005509600304432411,0.7328633283735291,0.00026154314358218286,0.7685098661618142,0.003935139850271773,0.18680776016986733,0.001679933314234548,0.7799846940348132,0.003215885325685253,48.0,0.0,0.0,0.0,-0.31597269822237267,0.003797240838312595,0.31597269822237267,0.003797240838312595,0.7058177975147765,0.008085941298216026,0.7606528063597409,0.0016438903403017387,0.18520194480488905,0.0005075182331491627,0.7658165561222352,0.0017351034185638461,192.0,0.0,0.0,0.0,-0.3868945253978007,0.0002606101715241318,0.3868945253978007,0.0002606101715241318,0.7381679651275675,0.00124021041638064,126960.0,122880.0,3840.0,4080.0,3840.0,126720.0,2534400.0,3840.0,3840.0,0.9997395833333333,0.0,0.21783854166666666,0.003866990209613918,1.0,0.0,1.0,0.0,0.4962924814816929,0.0025264724844360864,1.2103031714629018,0.0015073362481207993,0.0,0.0,10.472229412215071,0.014631871191023832,-2.404488994514802,0.0005630182277941771,2.404488994514802,0.0005630182277941771,2.4046368883508733,0.000558503666693184,0.07731492865716859,0.001314728958988241,2.48180392317197,0.0007517107311943584,,,,,,,,,,,2,5.456540230639559e-05,0.0,0.0,0.0,1.0,1.0
20,2,16,shrink_c0.25,shrink,0.25,all,0.06074280012398958,0.0012587913633962684,0.6829039610184152,0.009103858726128018,0.7580513353544216,3.0576502472623324e-05,0.18459768602253415,0.0005265858704781812,0.7692667575976693,0.00014853669840145605,240.0,0.0,0.0,0.0,-0.3575121116951704,0.0009626214233218824,0.35752707098926517,0.0009837770599142553,0.7062249781458787,0.000895014931882535,0.7658346789704298,0.008775889420665015,0.18543867994360957,0.004127946958695039,0.7807704028924154,0.008732077960483245,48.0,0.0,0.0,0.0,-0.3035889196504795,0.0052281305391257415,0.30366371612095333,0.005333908722087469,0.6829039610184152,0.009103858726128018,0.7561957203265471,0.002059231986023415,0.18438743754226528,0.0003737544015760405,0.7664235349257597,0.0023577263692325986,192.0,0.0,0.0,0.0,-0.3709929097063431,0.00010375585562912167,0.3709929097063431,0.00010375585562912167,0.7108084382046467,0.0006879755147322161,126960.0,122880.0,3840.0,4080.0,3840.0,126720.0,2534400.0,3840.0,3840.0,0.9997395833333333,0.0,0.21783854166666666,0.003866990209613918,1.0,0.0,1.0,0.0,0.4962924814816929,0.0025264724844360864,0.8404883135159043,0.0010467612834173898,0.0,0.0,9.661123100932823,0.0323051889240535,-2.2885166015290483,0.0025351116662757243,2.2885166015290483,0.0025351116662757243,2.2906298709881927,0.0014948867178345966,0.19328732164292145,0.003286822397470662,2.48180392317197,0.0007517107311943584,,,,,,,,,,,2,0.0003410337644149725,0.0,0.0,0.0,1.0,1.0
20,2,16,shrink_c0.5,shrink,0.5,all,0.06278834992554039,0.0015183703460161977,0.6468601343203235,0.010476679918063381,0.7943527302925564,0.0008510765689731992,0.1933952557007998,0.0003808848033759411,0.8209001827381469,0.0006409984801222352,240.0,0.0,0.0,0.0,-0.3321820312492624,0.0016487237447862782,0.3322406945883436,0.0017316862345290141,0.6640958938084467,0.0020177289029334293,0.8000401915199509,0.010348831366818257,0.19215508509786258,0.006463713969294212,0.8262427376828205,0.010370279439206534,48.0,0.0,0.0,0.0,-0.2829492886973242,0.007612946707147601,0.2832426053927302,0.008027759155861222,0.6468601343203235,0.010476679918063381,0.792996482348247,0.001409863446699908,0.1937052983515341,0.0011398224881036438,0.8195814817419405,0.0017541279049499722,192.0,0.0,0.0,0.0,-0.34449021688724696,0.0001576680041959475,0.34449021688724696,0.0001576680041959475,0.6674956077067211,0.00037239674236422244,126960.0,122880.0,3840.0,4080.0,3840.0,126720.0,2534400.0,3840.0,3840.0,0.9997395833333333,0.0,0.21783854166666666,0.003866990209613918,1.0,0.0,1.0,0.0,0.4962924814816929,0.0025264724844360864,0.37355036156262406,0.00046522723707428205,0.0,0.0,8.560281325975492,0.055651791506302575,-2.0952292798861274,0.005821934063746435,2.0952292798861274,0.005821934063746435,2.114004563239729,0.006710717273040156,0.3865746432858429,0.006573644794941324,2.48180392317197,0.0007517107311943584,,,,,,,,,,,2,0.00136413505765989,0.0,0.0,0.0,1.0,1.0
20,2,16,shrink_c0.75,shrink,0.75,all,0.06266934995073825,0.0035510196656487374,0.6139071637057837,0.01136080663306429,0.8779572353102082,0.0013574857110443728,0.21158099082818171,0.00028005185757061307,0.925494900777319,0.001086943208761192,240.0,0.0,0.0,0.0,-0.3068519508033545,0.002334826066250713,0.30715956788775367,0.0025698423084466885,0.6252953311599745,0.003222781049350278,0.8770071968140989,0.004657774523543553,0.20745462027839473,0.006107961769093422,0.9189957341893652,0.003840423228790506,48.0,0.0,0.0,0.0,-0.2623096577441689,0.009997762875169538,0.2629452532059399,0.010896630597388856,0.6139071637057837,0.01136080663306429,0.8781803478441627,0.0005798056532365269,0.21261258346562847,0.0011769256203100647,0.9270744114228993,0.00042042926903952893,192.0,0.0,0.0,0.0,-0.3179875240681509,0.0004190918640209186,0.3182131465582071,0.00048814523621113225,0.6275500249132646,0.0016248694119355763,126960.0,122880.0,3840.0,4080.0,3840.0,126720.0,2534400.0,3840.0,3840.0,0.9997395833333333,0.0,0.21783854166666666,0.003866990209613918,1.0,0.0,1.0,0.0,0.4962924814816929,0.0025264724844360864,0.09338759039065601,0.00011630680926857051,0.0,0.0,7.773192147492845,0.0713622353725504,-1.901941958243206,0.009108756461216989,1.901941958243206,0.009108756461216989,1.9680023351618585,0.009559617676799453,0.5798619649287644,0.009860467192412015,2.48180392317197,0.0007517107311943584,,,,,,,,,,,2,0.0030693038797347523,0.0,0.0,0.0,1.0,1.0
20,2,16,z_only_box,z_only_box,1.0,all,0.06133089994546026,0.00027775151831771255,0.5741151016369679,0.00826213351402309,0.9193544521102264,0.009647705803165683,0.21861139256525905,0.0013744893910898125,0.9796027032849897,0.011381876936716736,240.0,0.0,0.0,0.0,-0.2832155379298408,0.002977663297496215,0.28377642106269796,0.0034888676627960083,0.5816518620840412,0.002117256752382265,0.9105413907354124,0.008459588740953643,0.21361205544242376,0.0037272134250281026,0.9618208892578468,0.01049654594753792,48.0,0.0,0.0,0.0,-0.24302620125210767,0.011203068661697445,0.24372772926968217,0.012195179098536022,0.5741151016369679,0.00826213351402309,0.9214215584184904,0.00992486819044554,0.21986122684596787,0.002649915095119311,0.9838960536494372,0.011593783602567711,192.0,0.0,0.0,0.0,-0.29326287209927404,0.0009213119564458801,0.2937885940109519,0.0013122898038609536,0.5831490983682242,0.0009029308197178045,126960.0,122880.0,3840.0,4080.0,3840.0,126720.0,2534400.0,3840.0,3840.0,0.9997395833333333,0.0,0.21783854166666666,0.003866990209613918,0.9997395833333333,0.0,0.9997395833333333,0.0,0.4962924814816929,0.0025264724844360864,0.4962924814816929,0.0025264724844360864,0.0,0.0,6.954866974139059,0.062406845755325846,-1.7672156513521158,0.00863976883543385,1.7672156513521158,0.00863976883543385,1.856162556327761,0.005897288732746031,0.7145882718198544,0.009391479566628246,2.48180392317197,0.0007517107311943584,,,,,,,,,,,2,0.0036237419004374796,0.0,1.0,0.0,1.0,1.0
20,2,16,z_zero,z_zero,0.0,all,0.06500045000575483,0.0031816270692336733,0.7215737358576219,0.007337884032055776,0.775722215401548,0.000988517404942207,0.1893324244037638,0.0005110755723204004,0.7811676101903038,0.0011718611120173869,240.0,0.0,0.0,0.0,-0.3828421921410783,0.0002765191018574474,0.3828421921410783,0.0002765191018574474,0.7511229056474809,0.00014439819544579592,0.7800143607911999,0.0007575500735679541,0.1901179556490582,8.95741641358251e-06,0.7907511001608011,0.00217834357256549,48.0,0.0,0.0,0.0,-0.32422855060363476,0.002843314371103785,0.32422855060363476,0.002843314371103785,0.7215737358576219,0.007337884032055776,0.7747059864521543,0.0010433933226184089,0.18913604159244018,0.0006410838195039255,0.7788093728389569,0.0009223431307911059,192.0,0.0,0.0,0.0,-0.39749560252543914,0.0003651797154540927,0.39749560252543914,0.0003651797154540927,0.75691106615115,0.0015762606552081442,126960.0,122880.0,3840.0,4080.0,3840.0,126720.0,2534400.0,3840.0,3840.0,0.9997395833333333,0.0,0.21783854166666666,0.003866990209613918,1.0,0.0,1.0,0.0,0.4962924814816929,0.0025264724844360864,1.4942014462504962,0.0018609089482971282,0.0,0.0,11.07571747236484,0.001322427625799407,-2.48180392317197,0.0007517107311943584,2.48180392317197,0.0007517107311943584,2.48180392317197,0.0007517107311943584,0.0,0.0,2.48180392317197,0.0007517107311943584,,,,,,,,,,,2,0.0,0.0,0.0,0.0,0.0,0.0
20,2,24,batch_box,batch_box,1.0,all,0.15401115000713617,0.013756833263718422,0.6436786134196568,0.00628302343364554,0.7104825091219527,0.0019466808723296364,0.17055456374338468,0.00092179559344488,0.7198679189395442,0.0023218082545212954,240.0,0.0,0.0,0.0,-0.33673316557540045,0.0001228490034800913,0.3367576372657156,8.82408071422113e-05,0.667315872073742,0.00015853425372365184,0.7258682956955789,0.0018409093730049032,0.17250088606002809,0.0005821964762171578,0.740621298048895,0.003201026960629907,48.0,0.0,0.0,0.0,-0.285191112385358,0.002402007194608958,0.2853134708369338,0.0025750481762984367,0.6436786134196568,0.00628302343364554,0.7068033079442828,0.0019724459574124165,0.17006798316422383,0.0012977936108603699,0.7147084662746965,0.002099622082524074,192.0,0.0,0.0,0.0,-0.349618678872911,0.0007540630530023292,0.349618678872911,0.0007540630530023292,0.6719568356091457,0.0013971889494898725,282480.0,276480.0,5760.0,6000.0,5760.0,282240.0,5644800.0,5760.0,5760.0,0.9984375,0.00024552318791203406,0.12916666666666665,0.002209708691207963,0.9984375,0.00024552318791203406,0.9999131944444444,0.00012276159395597776,0.27330556320925303,0.0002627385991805758,0.27330556320925303,0.0002627385991805758,0.0,0.0,8.82058180480212,0.18575644335954233,-2.1670864184974405,0.0389820952744885,2.1670864184974405,0.0389820952744885,2.1761387445596996,0.041172509794432176,0.3086425495759252,0.0030552516270527844,2.4757289680733656,0.03592684364743519,0.4646105964462566,0.008684454982056444,0.406,0.006363961030678914,0.286,0.006363961030678933,0.742,0.05727564927611032,0.9520833333333334,0.002946278254944055,2,0.00044813260904801754,0.0,0.0,0.0,1.0,1.0
20,2,24,box_factor_a0.25,box_factor,0.25,all,0.12880635005421937,0.00278168739190745,0.654678356428593,0.003024510163957388,0.717714302560226,0.004515183850984941,0.17364602029903842,0.0017395245607166536,0.7253753312708604,0.005804057010274659,240.0,0.0,0.0,0.0,-0.34550476116441853,0.0006925880475925398,0.3455056587291865,0.0006938573958604498,0.6827259710248501,0.0015445845073135483,0.7325788182160122,0.0002028193060746082,0.1762920383848986,0.0006149922831416764,0.7466246999308854,0.0007471646985230977,48.0,0.0,0.0,0.0,-0.2915313905037258,0.002019318301301642,0.2915358783275654,0.002025665042641133,0.654678356428593,0.003024510163957388,0.714159821484852,0.005559251921340684,0.17298451577757334,0.002328153771681226,0.720088197661179,0.007085215505805531,192.0,0.0,0.0,0.0,-0.3589981038295917,0.00036090548416534276,0.3589981038295917,0.00036090548416534276,0.6882181623939401,0.0012622988831363525,282480.0,276480.0,5760.0,6000.0,5760.0,282240.0,5644800.0,5760.0,5760.0,0.9984375,0.00024552318791203406,0.12916666666666665,0.002209708691207963,0.9994791666666667,0.0,0.9994791666666667,0.0,0.27330556320925303,0.0002627385991805758,0.7417936031224417,0.0025887736219681345,0.0,0.0,9.181457608015943,0.17066113235740302,-2.2151241659382683,0.03463185195691587,2.2151241659382683,0.03463185195691587,2.2224035620741223,0.03664285771329682,0.26060480213509707,0.00129499169051992,2.4757289680733656,0.03592684364743519,,,,,,,,,,,2,0.00024762132474536304,0.0,0.0,0.0,1.0,1.0
20,2,24,box_factor_a0.5,box_factor,0.5,all,0.13646079995669425,0.002562837905381109,0.6086745726423166,0.005589657921615283,0.7313011190727272,0.006565915446591909,0.17737274703192044,0.0024405550795195486,0.7515741495902911,0.008025501332561713,240.0,0.0,0.0,0.0,-0.317255854304224,0.00041354163923451305,0.3172742823395734,0.00043960281675351257,0.633712882432528,0.001022470789824464,0.7496375052909985,0.0036285110086476118,0.1792035411629705,0.00039935610041622255,0.7737972196022407,0.005036449840998986,48.0,0.0,0.0,0.0,-0.2671864480842433,0.003782313783810414,0.26727858826099027,0.003912619671405451,0.6086745726423166,0.005589657921615283,0.7269061250310344,0.007281304921720172,0.1769150484991579,0.0031505328745034984,0.7460457885740883,0.008783652779682268,192.0,0.0,0.0,0.0,-0.3297732058592192,0.0004286513969095259,0.3297732058592192,0.0004286513969095259,0.6386186793648625,0.00014885657381749143,282480.0,276480.0,5760.0,6000.0,5760.0,282240.0,5644800.0,5760.0,5760.0,0.9984375,0.00024552318791203406,0.12916666666666665,0.002209708691207963,0.9990451388888888,0.00012276159395597776,0.9990451388888888,0.00012276159395597776,0.27330556320925303,0.0002627385991805758,0.5123590891129636,0.0012633226719628943,0.0,0.0,7.977228998775372,0.1733046788126933,-2.010156362017839,0.03439576419804357,2.010156362017839,0.03439576419804357,2.038529441420141,0.03929763666365029,0.46557260605552653,0.001531079449392105,2.4757289680733656,0.03592684364743519,,,,,,,,,,,2,0.0007830256376220676,0.0,0.0,0.0,1.0,1.0
20,2,24,box_factor_a0.75,box_factor,0.75,all,0.1337075000628829,0.006050005589444223,0.5793077547872731,0.007767555247403719,0.7680880664766436,0.007216031544917415,0.1862120896963958,0.002445526650183283,0.8011487817326592,0.008575630138713439,240.0,0.0,0.0,0.0,-0.2967813342945893,0.00017704245808414145,0.2968278210269806,0.00024278462550230516,0.6000808074413165,0.0005664963492882386,0.7845309203022075,0.00948010320188526,0.1865932783205263,0.00118887175347156,0.8180950407377277,0.011896619377145215,48.0,0.0,0.0,0.0,-0.25012743458552017,0.0053160151710694385,0.25027397955693736,0.005523261057145233,0.5793077547872731,0.007767555247403719,0.7641562628771947,0.006668058242182976,0.18611679254036317,0.0027596903743612035,0.7969549271518017,0.007743753526917892,192.0,0.0,0.0,0.0,-0.3084448092218566,0.0011077007201621902,0.3084662813944914,0.0010773344824083948,0.6041594851322389,0.0008194626070840895,282480.0,276480.0,5760.0,6000.0,5760.0,282240.0,5644800.0,5760.0,5760.0,0.9984375,0.00024552318791203406,0.12916666666666665,0.002209708691207963,0.9986979166666667,0.00012276159395597776,0.9986979166666667,0.00012276159395597776,0.27330556320925303,0.0002627385991805758,0.3652414556685763,0.0003534937421048831,0.0,0.0,7.22702609442481,0.17459758129531994,-1.8561543985527118,0.034639408190754596,1.8561543985527118,0.034639408190754596,1.9113544594939929,0.03925213855471823,0.6195745695206538,0.0012874354566808658,2.4757289680733656,0.03592684364743519,,,,,,,,,,,2,0.001386282185323245,0.0,0.0,0.0,1.0,1.0
20,2,24,box_factor_a1.25,box_factor,1.25,all,0.13336360012181103,0.0010954499349032825,0.5508483652197969,0.01044210740577425,0.8419481980486982,0.007971403144228542,0.2022430827869836,0.002367454501122796,0.892770641015892,0.009230382546136244,240.0,0.0,0.0,0.0,-0.2730578015527001,8.548049870354102e-05,0.27369686886365385,8.774965730461162e-05,0.5641630609302961,0.00011127851074808219,0.8493622457705652,0.02096373250165148,0.1991834171799804,0.004742216524618726,0.8953885231626503,0.024944682858677358,48.0,0.0,0.0,0.0,-0.2310915187865678,0.007516046259207209,0.23185310278246385,0.0069425236196404595,0.5508483652197969,0.01044210740577425,0.8401747205122098,0.004872494203173765,0.20300799918873436,0.001773763995248821,0.8921092213529128,0.00537917548262965,192.0,0.0,0.0,0.0,-0.28354937224423327,0.0017721609414222336,0.2841578103839514,0.0018453179765408109,0.5667868462854108,0.0019041549201056392,282480.0,276480.0,5760.0,6000.0,5760.0,282240.0,5644800.0,5760.0,5760.0,0.9984375,0.00024552318791203406,0.12916666666666665,0.002209708691207963,0.9977430555555555,0.00024552318791203406,0.9977430555555555,0.00024552318791203406,0.27330556320925303,0.0002627385991805758,0.21741415114812715,0.000699173732667731,0.0,0.0,6.547354004478491,0.17737002384917402,-1.6697561412811757,0.03443121979817414,1.6697561412811757,0.03443121979817414,1.774949955346685,0.03995358120326732,0.8059728267921896,0.0014956238492612817,2.4757289680733656,0.03592684364743519,,,,,,,,,,,2,0.0023709322190828266,0.0,1.0,1.0,1.0,1.0
20,2,24,box_factor_a1.5,box_factor,1.5,all,0.1477855498669669,0.0075144944823617825,0.5446145610050397,0.011494912941058847,0.8668699165964842,0.00776162080064459,0.2074785674241081,0.0022121811041682965,0.9226752625020622,0.008930018156425877,240.0,0.0,0.0,0.0,-0.2670416388706008,6.016976743580491e-05,0.268095262588677,0.0003112452373087539,0.5558960606348489,6.0072914736067684e-05,0.870423669031682,0.02347365477656737,0.20316445774543881,0.005535441105888765,0.919895683218259,0.02779017724933853,48.0,0.0,0.0,0.0,-0.2262544408719807,0.008203654006144792,0.22778937171634256,0.00656247063817652,0.5446145610050397,0.011494912941058847,0.8660085225738583,0.004035580636259431,0.20855709484377544,0.0013813661037381795,0.9233234446881446,0.004341882494337245,192.0,0.0,0.0,0.0,-0.27723843837025586,0.001975701292241354,0.27817173530676065,0.0020296742061799767,0.5581188748324832,0.002323444594548486,282480.0,276480.0,5760.0,6000.0,5760.0,282240.0,5644800.0,5760.0,5760.0,0.9984375,0.00024552318791203406,0.12916666666666665,0.002209708691207963,0.9973958333333333,0.0004910463758240289,0.9973958333333333,0.0004910463758240289,0.27330556320925303,0.0002627385991805758,0.18439123537206686,0.001076369266087933,0.0,0.0,6.423800692444505,0.1799608596154771,-1.6198142547909764,0.03465039257565781,1.6198142547909764,0.03465039257565781,1.7470349294339687,0.04118397292681638,0.8559147132823887,0.0012764510717773743,2.4757289680733656,0.03592684364743519,,,,,,,,,,,2,0.0026791629242859678,0.0,1.0,1.0,1.0,1.0
20,2,24,box_factor_a2,box_factor,2.0,all,0.141816999996081,0.011332376138980357,0.5393116325076422,0.012194361428659883,0.8948204149602039,0.00791069768905382,0.2133238785247545,0.0021033548412704123,0.9557918718225914,0.009049202102064086,240.0,0.0,0.0,0.0,-0.2612115101887771,3.927611999427733e-05,0.26308305085684247,0.000629711847442665,0.5484609665514142,0.00022058309911977952,0.892902245582402,0.02521163339846714,0.20743026334618941,0.006289461545608838,0.9458142913019141,0.029714277688955498,48.0,0.0,0.0,0.0,-0.22174021192342186,0.00874122819929748,0.22452688964102688,0.006239218979515541,0.5393116325076422,0.012194361428659883,0.8952480192743495,0.003839360630266075,0.21479728231939582,0.0010568281651858451,0.9581785600371355,0.004068511034734291,192.0,0.0,0.0,0.0,-0.2710793347551158,0.0021362118998315355,0.2727220911607964,0.0023469445541822167,0.5502624681372681,0.0026631149649668845,282480.0,276480.0,5760.0,6000.0,5760.0,282240.0,5644800.0,5760.0,5760.0,0.9984375,0.00024552318791203406,0.12916666666666665,0.002209708691207963,0.9967881944444444,0.0008593311576920407,0.9967881944444444,0.0008593311576920407,0.27330556320925303,0.0002627385991805758,0.1548232376502409,0.001782806456123873,0.0,0.0,6.341667981512207,0.1837686392866576,-1.5689709710180972,0.034375643622501326,1.5689709710180972,0.034375643622501326,1.729027911017869,0.04332770652110828,0.9067579970552679,0.0015512000249336996,2.4757289680733656,0.03592684364743519,,,,,,,,,,,2,0.003026455547990098,1.0,1.0,1.0,1.0,1.0
20,2,24,f_zero,f_zero,0.0,all,0.06260584993287921,0.00010938951113199353,0.721126968120321,0.0010576057061405075,0.7564640515808105,0.002738887818186509,0.18391360625413472,0.000976569683246791,0.7576669190657174,0.0036358009200202946,240.0,0.0,0.0,0.0,-0.38315176573198884,0.0007141109723165926,0.38315176573198884,0.0007141109723165926,0.7511054339273568,0.0012692451191479227,0.7616034687634469,0.003091280021768002,0.18404209440966912,0.0004830162675263629,0.7691413831759071,0.003458860562251563,48.0,0.0,0.0,0.0,-0.3243595670753542,0.00027252936834111567,0.3243595670753542,0.00027252936834111567,0.721126968120321,0.0010576057061405075,0.7552462663278434,0.0026550575031455475,0.18388148421525113,0.001099958037176898,0.7548384266937544,0.003679954980396402,192.0,0.0,0.0,0.0,-0.39784981539614744,0.0009607710574810443,0.39784981539614744,0.0009607710574810443,0.756979689552792,0.001714443772684522,138480.0,138240.0,0.0,240.0,0.0,138240.0,2764800.0,0.0,0.0,0.0,0.0,0.0,0.0,0.0,0.0,0.0,0.0,0.0,0.0,0.0,0.0,0.0,0.0,,,,,,,,,,,,,,,,,,,,,,,2,0.0,0.0,0.0,0.0,0.0,0.0
20,2,24,raw,raw,1.0,all,0.13373135006986558,0.00995076029794474,0.5750849427589981,0.008767218205546722,0.8517607298159495,0.010143324885047843,0.2050161759775257,0.0031368124276885674,0.9007493927474755,0.01199839431446315,240.0,0.0,0.0,0.0,-0.28239248397370514,0.000704968603411002,0.2835428740389367,0.0003155811182930651,0.5874577059216777,0.0016417011632155886,0.8562169988762101,0.012394508453040002,0.2014098101955073,0.0026709290216563987,0.9002457370107042,0.015131627652599016,48.0,0.0,0.0,0.0,-0.23928040249368507,0.007087721859105678,0.24091889231154187,0.005978594936921815,0.5750849427589981,0.008767218205546722,0.8507054287489237,0.00960874939542047,0.20591776742303028,0.0032532832791966025,0.9008715083403975,0.01123382208701726,192.0,0.0,0.0,0.0,-0.29317050434371017,0.0008907197105126868,0.29419886947078544,0.0011001723363641223,0.5899048854715199,0.0002473960013355307,282480.0,276480.0,5760.0,6000.0,5760.0,282240.0,5644800.0,5760.0,5760.0,0.9984375,0.00024552318791203406,0.12916666666666665,0.002209708691207963,0.9984375,0.00024552318791203406,0.0,0.0,0.27330556320925303,0.0002627385991805758,0.27330556320925303,0.0002627385991805758,0.0,0.0,7.018960073797748,0.18485740516458743,-1.6993311829340438,0.0300613155949592,1.6993311829340438,0.0300613155949592,1.8313120464982302,0.041852227559372394,0.7763977851393216,0.005865528052476337,2.4757289680733656,0.03592684364743519,,,,,,,,,,,2,0.0024933802070374747,0.0,0.0,0.0,1.0,1.0
20,2,24,sample_ball,sample_ball,1.0,all,0.14120944985188544,0.004576465825445076,0.5804892590764809,0.009003634878372224,0.8136676683177022,0.010473090461893734,0.19650913159303468,0.0034331487092981276,0.8551146137306123,0.01247409246395092,240.0,0.0,0.0,0.0,-0.2900672660570022,0.000675885135704413,0.29037590099214944,0.0007203788041561746,0.5963103598221198,0.0016467065486530342,0.8267776699542883,0.009817395611193635,0.19537001725798986,0.0016593873742542118,0.8661254236264009,0.012333405821476618,48.0,0.0,0.0,0.0,-0.24490902896677708,0.0067850904007685795,0.2451191930513162,0.0069834143200248186,0.5804892590764809,0.009003634878372224,0.810543308100599,0.010631304488138616,0.19679391017679593,0.0038765890430590773,0.8524042306947928,0.012509316548836079,192.0,0.0,0.0,0.0,-0.30135682532955854,0.0008514161805615626,0.30169007797735775,0.000845380074811006,0.5994304384166058,0.00021673152545806485,282480.0,276480.0,5760.0,6000.0,5760.0,282240.0,5644800.0,5760.0,5760.0,0.9984375,0.00024552318791203406,0.12916666666666665,0.002209708691207963,0.12916666666666665,0.002209708691207963,0.12916666666666665,0.002209708691207963,0.27330556320925303,0.0002627385991805758,0.025708336546600808,0.0016398675149811106,0.0,0.0,7.119929534248086,0.1743616598233203,-1.778360982250883,0.031990400891093736,1.778360982250883,0.031990400891093736,1.8614317817280752,0.03881237221197466,0.6973679858224826,0.003936442756341218,2.4757289680733656,0.03592684364743519,,,,,,,,,,,2,0.001975646998193387,0.0,0.0,0.0,1.0,1.0
20,2,24,sample_box,sample_box,1.0,all,0.1395485500106588,0.0015815856796987289,0.5614580957428683,0.009366205732676854,0.8082368872838811,0.0077641967382863775,0.1950459039264223,0.002483793343553345,0.8516438729165985,0.009084288895829983,240.0,0.0,0.0,0.0,-0.2825143432281183,0.00012031970022002111,0.2828188519525922,0.00014977077791962913,0.5779514858416162,0.00034335590080077197,0.8202481400854855,0.015794890080812838,0.19364392754402174,0.003340409025661765,0.8611119237932805,0.0191122193778498,48.0,0.0,0.0,0.0,-0.23864911485512313,0.006608867856604507,0.2388437699137344,0.006818559203752767,0.5614580957428683,0.009366205732676854,0.8053709314289348,0.0058346124050994465,0.1953963980220224,0.002269639423026257,0.8493069404467695,0.0066017627469185615,192.0,0.0,0.0,0.0,-0.2934806503213671,0.0015018173388760953,0.2938126224623066,0.0015174263285386922,0.5811975178259758,0.001406292915511906,282480.0,276480.0,5760.0,6000.0,5760.0,282240.0,5644800.0,5760.0,5760.0,0.9984375,0.00024552318791203406,0.12916666666666665,0.002209708691207963,0.9984375,0.00024552318791203406,0.9984375,0.00024552318791203406,0.27330556320925303,0.0002627385991805758,0.27330556320925303,0.0002627385991805758,0.0,0.0,6.788465245419388,0.17514993911001403,-1.7456780752728305,0.034363168705646006,1.7456780752728305,0.034363168705646006,1.8271188978119903,0.039078275515626204,0.7300508928005349,0.001563674941789766,2.4757289680733656,0.03592684364743519,,,,,,,,,,,2,0.0019359520542692637,0.0,1.0,0.0,1.0,1.0
20,2,24,shrink_c0.1,shrink,0.1,all,0.13609140005428344,0.005938565535350498,0.7044101506594356,0.00015473815306230143,0.7402796221734733,0.0028535958172089563,0.1792791011882362,0.001008246473771526,0.7418681883188911,0.0037997755868099878,240.0,0.0,0.0,0.0,-0.3730758375561605,0.0007131967354260964,0.3730758375561605,0.0007131967354260964,0.7331931240550653,0.0013876028703911395,0.749287213875802,0.00030004219586562275,0.18076462156829226,0.00043063219826320053,0.7576109330904595,0.00038146174766541253,48.0,0.0,0.0,0.0,-0.3158516506171873,0.0004634957544036246,0.3158516506171873,0.0004634957544036246,0.7044101506594356,0.00015473815306230143,0.7381375360121403,0.0034652871368254616,0.17890772109322217,0.0013679661417801904,0.7379716233537261,0.004656989272359484,192.0,0.0,0.0,0.0,-0.38738188429090376,0.0007756219806816162,0.38738188429090376,0.0007756219806816162,0.7388356407667991,0.0016238048231363522,282480.0,276480.0,5760.0,6000.0,5760.0,282240.0,5644800.0,5760.0,5760.0,0.9984375,0.00024552318791203406,0.12916666666666665,0.002209708691207963,1.0,0.0,1.0,0.0,0.27330556320925303,0.0002627385991805758,0.8861948663276351,0.003712997980917591,0.0,0.0,10.384046583622546,0.17127665981227597,-2.3980891895594336,0.035340290842187885,2.3980891895594336,0.035340290842187885,2.398212896088028,0.03546799436978408,0.07763977851393214,0.0005865528052476337,2.4757289680733656,0.03592684364743519,,,,,,,,,,,2,2.493380207037476e-05,0.0,0.0,0.0,1.0,1.0
20,2,24,shrink_c0.25,shrink,0.25,all,0.1297489000717178,0.0004022022716195249,0.6800654166913105,0.001904466749547111,0.726744728554097,0.0033437997804631287,0.17547859086514492,0.0013835416817386235,0.7311575794231899,0.004409478881076169,240.0,0.0,0.0,0.0,-0.3579619452924179,0.0007118253800902343,0.3579619452924179,0.0007118253800902343,0.7068536709835556,0.0015381175991215211,0.7400304632767604,0.002348643234578102,0.17804397229435426,0.00138752690153766,0.7510111504093666,0.002427691579501223,48.0,0.0,0.0,0.0,-0.3030897759299369,0.001567533438520568,0.3030897759299369,0.001567533438520568,0.6800654166913105,0.001904466749547111,0.7235709490008896,0.0047176979004364345,0.17483724550784258,0.002076308827557677,0.7262218879770233,0.00613659430022996,192.0,0.0,0.0,0.0,-0.3716799876330381,0.0004978983654825526,0.3716799876330381,0.0004978983654825526,0.7121095602558416,0.0014681500139217018,282480.0,276480.0,5760.0,6000.0,5760.0,282240.0,5644800.0,5760.0,5760.0,0.9984375,0.00024552318791203406,0.12916666666666665,0.002209708691207963,1.0,0.0,1.0,0.0,0.27330556320925303,0.0002627385991805758,0.6154131016164133,0.0025784708200816213,0.0,0.0,9.55401525579352,0.16877836986643888,-2.281629521788535,0.03446046163431623,2.281629521788535,0.03446046163431623,2.2835060607340574,0.03544292521554111,0.1940994462848304,0.0014663820131190842,2.4757289680733656,0.03592684364743519,,,,,,,,,,,2,0.0001558362629398422,0.0,0.0,0.0,1.0,1.0
20,2,24,shrink_c0.5,shrink,0.5,all,0.1351934998529032,0.00819197346203802,0.6416839911733945,0.004594991512201548,0.7341726595650504,0.004963588583922786,0.17798702005995054,0.001865153051908558,0.7489897520137936,0.006305284176436904,240.0,0.0,0.0,0.0,-0.332772124852847,0.0007095397878638562,0.3327775274898541,0.0007171802703919171,0.6645505998348294,0.0017059678760494516,0.749913035384522,0.0023014091348669205,0.17956552319034685,0.0013474270236455321,0.7689774386103821,0.001938648700094847,48.0,0.0,0.0,0.0,-0.28181998478451964,0.0034075962453822715,0.2818469979695555,0.0034457986580228705,0.6416839911733945,0.004594991512201548,0.7304036880995071,0.006723966972241966,0.17759239427735146,0.00266829807079712,0.7440200015359986,0.008386680616839328,192.0,0.0,0.0,0.0,-0.34551015986992883,3.502567348419833e-05,0.34551015986992883,3.502567348419833e-05,0.6690457763573427,0.0011499990521294694,282480.0,276480.0,5760.0,6000.0,5760.0,282240.0,5644800.0,5760.0,5760.0,0.9984375,0.00024552318791203406,0.12916666666666665,0.002209708691207963,1.0,0.0,1.0,0.0,0.27330556320925303,0.0002627385991805758,0.2735169340517392,0.0011459870311472913,0.0,0.0,8.40990399935986,0.16884721773853317,-2.0875300755037047,0.03299407962119728,2.0875300755037047,0.03299407962119728,2.101417257560102,0.03659838337601739,0.3881988925696608,0.0029327640262381684,2.4757289680733656,0.03592684364743519,,,,,,,,,,,2,0.0006233450517593688,0.0,0.0,0.0,1.0,1.0
20,2,24,shrink_c0.75,shrink,0.75,all,0.1326923999004066,0.00035567462040540283,0.6064940770809966,0.006920831909722213,0.7776821873138329,0.007347470178104037,0.1888527676514727,0.002702276280221937,0.8082318543600842,0.008970735342509471,240.0,0.0,0.0,0.0,-0.30758230441327605,0.0007072541956373604,0.3076095194962408,0.0007374918859505442,0.6245923689229151,0.0017495740779139768,0.7900716013364224,0.0030262599951117377,0.18828865088599378,0.0006593990682962335,0.8206686134286892,0.004456965625101094,48.0,0.0,0.0,0.0,-0.26055019363910237,0.005247659052244034,0.26065130029979944,0.0053906454630481045,0.6064940770809966,0.006920831909722213,0.7747280764545936,0.008387569585283904,0.18899379684284243,0.003212995583203316,0.8051636391528808,0.010094542417662547,192.0,0.0,0.0,0.0,-0.31934033210681945,0.00042784701851425407,0.3193490742953511,0.0004257965083238852,0.6281599051054291,0.0007475073695451691,282480.0,276480.0,5760.0,6000.0,5760.0,282240.0,5644800.0,5760.0,5760.0,0.9984375,0.00024552318791203406,0.12916666666666665,0.002209708691207963,1.0,0.0,1.0,0.0,0.27330556320925303,0.0002627385991805758,0.0683792335129348,0.00028649675778682284,0.0,0.0,7.564885605361271,0.1742068961712523,-1.8934306292188747,0.03152769760807777,1.8934306292188747,0.03152769760807777,1.9417478466095142,0.037932072294574466,0.5822983388544909,0.004399146039357302,2.4757289680733656,0.03592684364743519,,,,,,,,,,,2,0.0014025263664585795,0.0,0.0,0.0,1.0,1.0
20,2,24,z_only_box,z_only_box,1.0,all,0.13770425005350262,0.0069728505148968535,0.5614580957428683,0.009366205732676854,0.8082368872838811,0.0077641967382863775,0.1950459039264223,0.002483793343553345,0.8516438729165985,0.009084288895829983,240.0,0.0,0.0,0.0,-0.2825143432281183,0.00012031970022002111,0.2828188519525922,0.00014977077791962913,0.5779514858416162,0.00034335590080077197,0.8202481400854855,0.015794890080812838,0.19364392754402174,0.003340409025661765,0.8611119237932805,0.0191122193778498,48.0,0.0,0.0,0.0,-0.23864911485512313,0.006608867856604507,0.2388437699137344,0.006818559203752767,0.5614580957428683,0.009366205732676854,0.8053709314289348,0.0058346124050994465,0.1953963980220224,0.002269639423026257,0.8493069404467695,0.0066017627469185615,192.0,0.0,0.0,0.0,-0.2934806503213671,0.0015018173388760953,0.2938126224623066,0.0015174263285386922,0.5811975178259758,0.001406292915511906,282480.0,276480.0,5760.0,6000.0,5760.0,282240.0,5644800.0,5760.0,5760.0,0.9984375,0.00024552318791203406,0.12916666666666665,0.002209708691207963,0.9984375,0.00024552318791203406,0.9984375,0.00024552318791203406,0.27330556320925303,0.0002627385991805758,0.27330556320925303,0.0002627385991805758,0.0,0.0,6.788465245419388,0.17514993911001403,-1.7456780752728305,0.034363168705646006,1.7456780752728305,0.034363168705646006,1.8271188978119903,0.039078275515626204,0.7300508928005349,0.001563674941789766,2.4757289680733656,0.03592684364743519,,,,,,,,,,,2,0.0019359520542692637,0.0,1.0,0.0,1.0,1.0
20,2,24,z_zero,z_zero,0.0,all,0.13985340006183833,0.01375039829605867,0.721126968120321,0.0010576057061405075,0.7564640515808105,0.002738887818186509,0.18391360625413472,0.000976569683246791,0.7576669190657174,0.0036358009200202946,240.0,0.0,0.0,0.0,-0.38315176573198884,0.0007141109723165926,0.38315176573198884,0.0007141109723165926,0.7511054339273568,0.0012692451191479227,0.7616034687634469,0.003091280021768002,0.18404209440966912,0.0004830162675263629,0.7691413831759071,0.003458860562251563,48.0,0.0,0.0,0.0,-0.3243595670753542,0.00027252936834111567,0.3243595670753542,0.00027252936834111567,0.721126968120321,0.0010576057061405075,0.7552462663278434,0.0026550575031455475,0.18388148421525113,0.001099958037176898,0.7548384266937544,0.003679954980396402,192.0,0.0,0.0,0.0,-0.39784981539614744,0.0009607710574810443,0.39784981539614744,0.0009607710574810443,0.756979689552792,0.001714443772684522,282480.0,276480.0,5760.0,6000.0,5760.0,282240.0,5644800.0,5760.0,5760.0,0.9984375,0.00024552318791203406,0.12916666666666665,0.002209708691207963,1.0,0.0,1.0,0.0,0.27330556320925303,0.0002627385991805758,1.0940677362069569,0.004583948124589165,0.0,0.0,10.997219374662244,0.17400035255495716,-2.4757289680733656,0.03592684364743519,2.4757289680733656,0.03592684364743519,2.4757289680733656,0.03592684364743519,0.0,0.0,2.4757289680733656,0.03592684364743519,,,,,,,,,,,2,0.0,0.0,0.0,0.0,0.0,0.0
20,2,32,batch_box,batch_box,1.0,all,0.2614043999928981,0.002849640294780409,0.6332614218580843,0.0018809910118281461,0.6953107074328235,0.00038754549679330803,0.16729876359096907,8.584403914780377e-05,0.7011573623433014,0.00026681845179249853,240.0,0.0,0.0,0.0,-0.3374387579457264,0.0009391896911596959,0.3374500562777024,0.0009232114368471088,0.6687940246092658,0.0009486315911372913,0.7038014379742217,0.00015053393636191612,0.16896807229941269,0.0008475808897821975,0.7165681446110697,0.0004958856397552598,48.0,0.0,0.0,0.0,-0.280884740114061,0.00019729986562719556,0.28089493150789957,0.0001828870582411516,0.6332614218580843,0.0018809910118281461,0.6932921023812527,0.00044432593871792747,0.16688143641385814,0.00010459017351076522,0.6973424090101165,0.0002093593452803949,192.0,0.0,0.0,0.0,-0.35157726240364273,0.001124662147542914,0.3515888374701531,0.0011082925314985443,0.6757008386415194,0.0014812776544197246,499440.0,491520.0,7680.0,7920.0,7680.0,499200.0,9984000.0,7680.0,7680.0,0.9949869791666667,0.0008286407592030168,0.08626302083333333,0.0006444983682689912,0.9949869791666667,0.0008286407592030168,0.9998046875,9.20711954670324e-05,0.1776631599132601,0.001386585911513346,0.1776631599132601,0.001386585911513346,0.0,0.0,8.763740218818757,0.050240061447580156,-2.1625545066427776,0.005170805484988116,2.1625545066427776,0.005170805484988116,2.1707141287008476,0.005165402265397286,0.3152138141012818,0.00500855817018743,2.4777683207440595,0.0001622473148003524,0.49553103100278295,0.008126574601810087,0.4365,0.014142135623730963,0.3175,0.0014142135623730963,0.791,0.07566042558696058,0.95,0.005892556509887992,2,0.0003390665272552447,0.0,0.0,0.0,1.0,1.0
20,2,32,box_factor_a0.25,box_factor,0.25,all,0.2594808499561623,0.01258727863242086,0.6512536174487024,0.00045857421320398014,0.707376667645514,0.001173923148793231,0.17173970375458508,0.00022612114804109165,0.7128013339841577,0.0010404892048423609,240.0,0.0,0.0,0.0,-0.3455896236783257,0.0008475630653392467,0.34559152504647606,0.0008448741247139883,0.6828257837129343,0.001791907823762293,0.7170515032751474,0.0029108994879199547,0.17391719558245944,0.0009552970325713163,0.7290211581571315,0.0034923485696014334,48.0,0.0,0.0,0.0,-0.2900515400040435,0.0006809969329834243,0.2900610468447953,0.0006675522298568571,0.6512536174487024,0.00045857421320398014,0.7050741692254774,0.0007571441627998091,0.1711953307976165,4.382717690851337e-05,0.7087835350472365,0.0004247494421382484,192.0,0.0,0.0,0.0,-0.3594741445968962,0.0008892045984281827,0.3594741445968962,0.0008892045984281827,0.6889886844040848,0.002219370922799308,499440.0,491520.0,7680.0,7920.0,7680.0,499200.0,9984000.0,7680.0,7680.0,0.9949869791666667,0.0008286407592030168,0.08626302083333333,0.0006444983682689912,0.9975911458333333,0.00027621358640094015,0.9975911458333333,0.00027621358640094015,0.1776631599132601,0.001386585911513346,0.5728592767209788,0.004493379872971692,0.0,0.0,9.145454178017228,0.029902866343047924,-2.211375926854415,0.0009820656225595552,2.211375926854415,0.0009820656225595552,2.2197060014243246,0.0003184048104297734,0.2663923938896444,0.0008198183077591441,2.4777683207440595,0.0001622473148003524,,,,,,,,,,,2,0.00017882003788357445,0.0,0.0,0.0,1.0,1.0
20,2,32,box_factor_a0.5,box_factor,0.5,all,0.2556572000030428,0.015550833791555993,0.6030272296506272,0.00038109371476062996,0.7092644683525806,0.001157434298313415,0.1720812349908521,0.0002987624553387132,0.7248900920304645,0.0008967828855321456,240.0,0.0,0.0,0.0,-0.3182979547776314,0.0013451456096945855,0.3183031061450402,0.0013378604760402844,0.6354332459797125,0.0024831354553465517,0.7194388911832686,0.004038750772724699,0.17324711124142894,0.002072160261070459,0.739723124191479,0.004742957425543168,48.0,0.0,0.0,0.0,-0.2648495308848867,0.0012845024166293604,0.2648623330373482,0.0012663974389907867,0.6030272296506272,0.00038109371476062996,0.7068415482395882,0.000465491069738884,0.17178976592820788,0.00014458699609425034,0.7212200611443909,6.646419587115338e-05,192.0,0.0,0.0,0.0,-0.33166006075081755,0.0013603064079608378,0.33166329942196315,0.001355726235302605,0.6417403961072274,0.0030241679993306824,499440.0,491520.0,7680.0,7920.0,7680.0,499200.0,9984000.0,7680.0,7680.0,0.9949869791666667,0.0008286407592030168,0.08626302083333333,0.0006444983682689912,0.996484375,0.0001841423909339863,0.996484375,0.0001841423909339863,0.1776631599132601,0.001386585911513346,0.3709253765985253,0.00302241312862001,0.0,0.0,7.957170516571126,0.03546007265376949,-2.006387794934434,0.0017507842098773423,2.006387794934434,0.0017507842098773423,2.035116663657597,0.0010048041870056132,0.47138052580962586,0.001588536895076774,2.4777683207440595,0.0001622473148003524,,,,,,,,,,,2,0.0005744702749658922,0.0,0.0,0.0,1.0,1.0
20,2,32,box_factor_a0.75,box_factor,0.75,all,0.2582151499809697,0.019208202139071113,0.5714287585106976,0.0003935020853883814,0.7313651701330612,0.0011630368773159416,0.17695787719349126,0.000181762515974077,0.7570753850728218,0.0008788875782615735,240.0,0.0,0.0,0.0,-0.2993918840391403,0.0016470702726437058,0.2994562468496495,0.0016639544146490226,0.6044473846720684,0.00276479596143322,0.7431527530140641,0.004526820411738516,0.17656571185585807,0.0027893002887740526,0.7718019432262802,0.005140818515677894,48.0,0.0,0.0,0.0,-0.24724510434441915,0.0022594624251536413,0.24726064368551118,0.002237486478230929,0.5714287585106976,0.0003935020853883814,0.728554885559547,0.00035347591418534533,0.17705591852789954,0.0004701219272259537,0.7534336949983909,0.0001871677757654707,192.0,0.0,0.0,0.0,-0.3124285789628206,0.0014939722345162637,0.31250514764068404,0.0015205713987535459,0.6108598515897798,0.0032110471017966127,499440.0,491520.0,7680.0,7920.0,7680.0,499200.0,9984000.0,7680.0,7680.0,0.9949869791666667,0.0008286407592030168,0.08626302083333333,0.0006444983682689912,0.9957682291666667,0.00046035597733492644,0.9957682291666667,0.00046035597733492644,0.1776631599132601,0.001386585911513346,0.2488934716315412,0.0019307841292482445,0.0,0.0,7.245690576806186,0.03355817152745688,-1.8577829257411946,0.002003439755522939,1.8577829257411946,0.002003439755522939,1.9125734983147071,0.00015017203455011373,0.6199853950028649,0.0018411924407219587,2.4777683207440595,0.0001622473148003524,,,,,,,,,,,2,0.001013737620681964,0.0,0.0,0.0,1.0,1.0
20,2,32,box_factor_a1.25,box_factor,1.25,all,0.25582780002150685,0.004269652079445577,0.5400935947214077,0.0010113829778602623,0.7777869918624336,0.00029449003976445763,0.18698636055064927,5.184679085163307e-05,0.8167713039133536,0.00012616658253305268,240.0,0.0,0.0,0.0,-0.27923212175435014,0.0020325701593047665,0.2796594891371543,0.0019944843785129414,0.5740672881569724,0.002961896817084218,0.7960725475108925,0.0039871030017537504,0.1861445231438168,0.003079657790514388,0.8363564994468426,0.00439914995735621,48.0,0.0,0.0,0.0,-0.2280853818422391,0.0035312009796766852,0.22810451894499778,0.003504137029410814,0.5400935947214077,0.0010113829778602623,0.7734080790123041,0.0006023115161115812,0.18719681990235737,0.0008347229361931235,0.8119150186012667,0.0012644970583224862,192.0,0.0,0.0,0.0,-0.2920188067323779,0.0016579124542118043,0.2925482316851934,0.0016170712157884365,0.580647167138739,0.0033273108592685855,499440.0,491520.0,7680.0,7920.0,7680.0,499200.0,9984000.0,7680.0,7680.0,0.9949869791666667,0.0008286407592030168,0.08626302083333333,0.0006444983682689912,0.9938802083333333,0.0011048543456039569,0.9938802083333333,0.0011048543456039569,0.1776631599132601,0.001386585911513346,0.13764838552506653,0.001161650204547828,0.0,0.0,6.648771848074668,0.022355676444250395,-1.6903798954700195,0.0027714104075937805,1.6903798954700195,0.0027714104075937805,1.7904736950791447,0.004244352525979387,0.78738842527404,0.002609163092793153,2.4777683207440595,0.0001622473148003524,,,,,,,,,,,2,0.0017043104137982193,0.0,1.0,1.0,1.0,1.0
20,2,32,box_factor_a1.5,box_factor,1.5,all,0.2279607499949634,0.041672418888636355,0.5338088656311717,0.0007052102434420664,0.7925231994615227,0.00042140394424224065,0.19011628109790119,0.0002623358619584667,0.8349142337958668,0.000949744511901787,240.0,0.0,0.0,0.0,-0.2746979456456915,0.0021342752821960236,0.27530994527912955,0.002119974210275178,0.5678478105197442,0.0029927488972151402,0.8126660485785959,0.003304125397893071,0.1892463678713213,0.0028930429512770512,0.8559304859323389,0.0036557136902645427,48.0,0.0,0.0,0.0,-0.22376292923231283,0.003646490291923051,0.22387978967662225,0.0034812246666757543,0.5338088656311717,0.0007052102434420664,0.7876939667910409,0.0013283733614066961,0.1903337594045461,0.0010511805652673731,0.8296993493062147,0.0021100177085522963,192.0,0.0,0.0,0.0,-0.28743169974903615,0.0017562215297642866,0.28816748417975646,0.001779661596175095,0.5744371330818251,0.0034207293422680012,499440.0,491520.0,7680.0,7920.0,7680.0,499200.0,9984000.0,7680.0,7680.0,0.9949869791666667,0.0008286407592030168,0.08626302083333333,0.0006444983682689912,0.9928385416666667,0.0016572815184059159,0.9928385416666667,0.0016572815184059159,0.1776631599132601,0.001386585911513346,0.11608734735873172,0.0011005714014577523,0.0,0.0,6.553179743962317,0.019447024767479903,-1.650067171780604,0.0029374911893723992,1.650067171780604,0.0029374911893723992,1.7686957796348297,0.0047577105097831,0.8277011489634556,0.0027752438745714185,2.4777683207440595,0.0001622473148003524,,,,,,,,,,,2,0.0019027733674507722,0.0,1.0,1.0,1.0,1.0
20,2,32,box_factor_a2,box_factor,2.0,all,0.23209799989126623,0.04526643048003586,0.529026525341523,0.0009019637535814801,0.8068733317975791,0.001377630978982844,0.19314031480082455,0.0005661381897938231,0.8523144363086013,0.002052897461485832,240.0,0.0,0.0,0.0,-0.27094257050494963,0.0022220270353510165,0.27181747996919886,0.0021524382090721728,0.5630428939536694,0.003046897017621539,0.8295529636183185,0.0016170667933328145,0.1923356915085666,0.002688169782578908,0.8755903305264692,0.0017218264681800042,48.0,0.0,0.0,0.0,-0.22028151123987916,0.0039699340270019905,0.22058136762135516,0.0035458730655545333,0.529026525341523,0.0009019637535814801,0.801427514278523,0.0021092074408412473,0.193341470623889,0.0013797151828870452,0.8465320629769901,0.0030065403180283687,192.0,0.0,0.0,0.0,-0.28360783532121725,0.0017850502874382779,0.28462650805615985,0.001804079494951531,0.5696260159729443,0.0034480835307699625,499440.0,491520.0,7680.0,7920.0,7680.0,499200.0,9984000.0,7680.0,7680.0,0.9949869791666667,0.0008286407592030168,0.08626302083333333,0.0006444983682689912,0.9897786458333333,0.0017493527138729482,0.9897786458333333,0.0017493527138729482,0.1776631599132601,0.001386585911513346,0.09949299811809002,0.000995550977170745,0.0,0.0,6.496716852082136,0.015500818851184867,-1.6143855050959581,0.0033674679357566808,1.6143855050959581,0.0033674679357566808,1.7569856374365944,0.005691828488952145,0.8633828156481015,0.0032052206209560144,2.4777683207440595,0.0001622473148003524,,,,,,,,,,,2,0.0020810698031425,1.0,1.0,1.0,1.0,1.0
20,2,32,f_zero,f_zero,0.0,all,0.11784535006154329,0.0041912342457962656,0.7201706199820054,0.0011773587250378296,0.7499571132790527,0.0014463194636020163,0.18244768710272347,0.0002699695291039782,0.7497449552433324,0.0017219843359082701,240.0,0.0,0.0,0.0,-0.38300636224392803,2.6072831751343124e-05,0.3830075250848777,2.771733719321001e-05,0.7508956917044204,0.00022693545880117074,0.7577189633526109,0.0030162281770540955,0.18304354621617375,0.001671904096364057,0.7647257669524263,0.003776375968454419,48.0,0.0,0.0,0.0,-0.32438700925854214,0.00033411691124608144,0.3243928234632904,0.00034233943845549434,0.7201706199820054,0.0011773587250378296,0.7481136811197101,0.0010711576448478553,0.1822987223243609,8.051411271105132e-05,0.7460406213454219,0.0012078569373172047,192.0,0.0,0.0,0.0,-0.3976612004902746,5.093818812233654e-05,0.3976612004902746,5.093818812233654e-05,0.7569128434962977,0.0004951879180335286,246000.0,245760.0,0.0,240.0,0.0,245760.0,4915200.0,0.0,0.0,0.0,0.0,0.0,0.0,0.0,0.0,0.0,0.0,0.0,0.0,0.0,0.0,0.0,0.0,,,,,,,,,,,,,,,,,,,,,,,2,0.0,0.0,0.0,0.0,0.0,0.0
20,2,32,raw,raw,1.0,all,0.25649470009375364,0.0006267794490040458,0.5591782964242618,0.001735511402403255,0.7863578828516802,0.0016272397722785646,0.18963552936638078,0.0005597215985320438,0.823475351891658,0.0022724559357216742,240.0,0.0,0.0,0.0,-0.2875304961563102,0.00167195310519869,0.2880109366643324,0.0017899002053779452,0.5946703468464511,0.002256469300222198,0.8148889787709741,0.0005136026286820824,0.19062428856956604,0.0026530834462731977,0.8553357908914552,0.000365249817690867,48.0,0.0,0.0,0.0,-0.23445780732332966,0.002858334324078962,0.23457237264522074,0.002696314492082928,0.5591782964242618,0.001735511402403255,0.7794734133459851,0.001902265926441143,0.18938833956558443,0.0013629228597334107,0.8155057925046955,0.0027614577741540266,192.0,0.0,0.0,0.0,-0.30079866836455527,0.0013753578004785851,0.30137057766911035,0.0015632966337016847,0.6015410701475066,0.003002318733914719,499440.0,491520.0,7680.0,7920.0,7680.0,499200.0,9984000.0,7680.0,7680.0,0.9949869791666667,0.0008286407592030168,0.08626302083333333,0.0006444983682689912,0.9949869791666667,0.0008286407592030168,0.0,0.0,0.1776631599132601,0.001386585911513346,0.1776631599132601,0.001386585911513346,0.0,0.0,7.037458604473608,0.016432299398399724,-1.716776023306449,0.0028505480655757758,1.716776023306449,0.0028505480655757758,1.8357787741907408,0.004860997978301803,0.7609922974376104,0.0026883007507745595,2.4777683207440595,0.0001622473148003524,,,,,,,,,,,2,0.0017932257498879224,0.0,0.0,0.0,1.0,1.0
20,2,32,sample_ball,sample_ball,1.0,all,0.2551185000920668,0.0023429276682885346,0.5636143232218074,0.0022731840656189015,0.7686323933740161,0.0011701917760499755,0.18550030159431963,5.608691285117172e-05,0.8019923284058297,0.0010598311011365774,240.0,0.0,0.0,0.0,-0.2916216319331197,0.0013565339459808,0.291894170077386,0.0013591231692234276,0.5988900632132075,0.0018678129593406297,0.7879868326478965,0.010181966904684009,0.18559527679997134,0.004082750717850624,0.8241485494924466,0.011905852266036574,48.0,0.0,0.0,0.0,-0.2383453099452194,0.0020417061724101408,0.2383640331365004,0.0020152275813696894,0.5636143232218074,0.0022731840656189015,0.7639863182728486,0.0010228664357598502,0.18547655779290667,0.0010907963205266157,0.7964769876536044,0.001680573922263297,192.0,0.0,0.0,0.0,-0.3049407124300948,0.0011852408893735433,0.3052767043126074,0.0011950970661868498,0.6057220271658688,0.0026420389342215935,499440.0,491520.0,7680.0,7920.0,7680.0,499200.0,9984000.0,7680.0,7680.0,0.9949869791666667,0.0008286407592030168,0.08626302083333333,0.0006444983682689912,0.08626302083333333,0.0006444983682689912,0.08626302083333333,0.0006444983682689912,0.1776631599132601,0.001386585911513346,0.011885326108964579,0.0004164044947422148,0.0,0.0,7.082527237824912,0.02507503312951992,-1.7667695184819643,0.0015619655026750364,1.7667695184819643,0.0015619655026750364,1.8514724605182953,0.002674413005790082,0.7109988022620952,0.001399718187874213,2.4777683207440595,0.0001622473148003524,,,,,,,,,,,2,0.0015576277030955432,0.0,0.0,0.0,1.0,1.0
20,2,32,sample_box,sample_box,1.0,all,0.2533018500544131,0.010135315091401118,0.5515014092816519,0.0010456188068542949,0.7567277258446776,0.0006227012476771834,0.18252175471115176,9.643122800190544e-05,0.7903024094679137,0.00024904605000181546,240.0,0.0,0.0,0.0,-0.2869551739228068,0.001873864256945284,0.2872040806201974,0.0018755043987339055,0.5852546037103039,0.00288223520852126,0.771908396617601,0.0038078923694946846,0.18180062040367262,0.0030347689634689645,0.8074182674320145,0.004203037252965375,48.0,0.0,0.0,0.0,-0.23545208357220385,0.003164077714278578,0.23546970000867024,0.003139164310907156,0.5515014092816519,0.0010456188068542949,0.7531001571405493,0.00014759493764292367,0.18270203828802156,0.0006381532058648568,0.7860646918777978,0.0007427036636661247,192.0,0.0,0.0,0.0,-0.2998309465104576,0.0015513108926120144,0.30013767577307926,0.001559589420690664,0.5917978135927946,0.0032269359181619725,499440.0,491520.0,7680.0,7920.0,7680.0,499200.0,9984000.0,7680.0,7680.0,0.9949869791666667,0.0008286407592030168,0.08626302083333333,0.0006444983682689912,0.9949869791666667,0.0008286407592030168,0.9949869791666667,0.0008286407592030168,0.1776631599132601,0.001386585911513346,0.1776631599132601,0.001386585911513346,0.0,0.0,6.85060086832427,0.02749092085852401,-1.756114010928393,0.0024114682018696325,1.756114010928393,0.0024114682018696325,1.8347144436572072,0.0028519687902335035,0.7216543098156665,0.0022492208870693586,2.4777683207440595,0.0001622473148003524,,,,,,,,,,,2,0.0014032211599750996,0.0,1.0,0.0,1.0,1.0
20,2,32,shrink_c0.1,shrink,0.1,all,0.25157089985441417,0.009283604826611766,0.7022792025311015,0.001139330339370062,0.7340769549309478,0.0014040584793627003,0.17794510792658597,0.000324312073784004,0.7341121745665297,0.0016338581106524837,240.0,0.0,0.0,0.0,-0.3734587756351663,0.00014372976194364055,0.3734602399978976,0.00014165884030867062,0.7339204709225098,0.00038572875289230254,0.7421040043439355,0.0028026917532366774,0.1792365611163877,0.0011750505049938466,0.7495174078175006,0.0035137536528954015,48.0,0.0,0.0,0.0,-0.3153940890650209,1.4871787713560384e-05,0.315401410878678,2.5226395888645517e-05,0.7022792025311015,0.001139330339370062,0.7321699031440744,0.001069590294952413,0.1776222446291355,0.00011162746598158262,0.7303005939536642,0.0011628315429015748,192.0,0.0,0.0,0.0,-0.38797494727770254,0.00018338014935792606,0.38797494727770254,0.00018338014935792606,0.7401087917739392,0.0006762989788151339,499440.0,491520.0,7680.0,7920.0,7680.0,499200.0,9984000.0,7680.0,7680.0,0.9949869791666667,0.0008286407592030168,0.08626302083333333,0.0006444983682689912,1.0,0.0,1.0,0.0,0.1776631599132601,0.001386585911513346,0.7280097333077726,0.005185089543121636,0.0,0.0,10.38736459686698,0.02349505963481826,-2.4016690910002985,0.00043107738987823227,2.4016690910002985,0.00043107738987823227,2.401943571300472,0.00048730043993506963,0.07609922974376104,0.0002688300750774628,2.4777683207440595,0.0001622473148003524,,,,,,,,,,,2,1.7932257498879224e-05,0.0,0.0,0.0,1.0,1.0
20,2,32,shrink_c0.25,shrink,0.25,all,0.2562034500297159,0.018906691981266655,0.6760501130916576,0.001114536646221098,0.7181007640505452,0.0012166619746961855,0.17380027512395613,0.0003830831024568343,0.7201556846355813,0.0013447393339533849,240.0,0.0,0.0,0.0,-0.3591373957220235,0.00039843365248617497,0.35913931236742763,0.00039572310656148176,0.7089252187103745,0.0006403846342593393,0.7273880107552018,0.0023983457559999,0.17616966458734865,0.0007775258122784466,0.7368478723837597,0.0030193636866300577,48.0,0.0,0.0,0.0,-0.301904708774739,0.00046399589758518194,0.30191429200175945,0.0004504431679616375,0.6760501130916576,0.001114536646221098,0.7158916778100415,0.0009333894544329345,0.173207927758108,0.00028447242500142877,0.7160201584469468,0.0009240233523348661,192.0,0.0,0.0,0.0,-0.3734455674588447,0.0003820430912114183,0.3734455674588447,0.0003820430912114183,0.7153420999751123,0.0009734723696853334,499440.0,491520.0,7680.0,7920.0,7680.0,499200.0,9984000.0,7680.0,7680.0,0.9949869791666667,0.0008286407592030168,0.08626302083333333,0.0006444983682689912,1.0,0.0,1.0,0.0,0.1776631599132601,0.001386585911513346,0.5055623147970644,0.003600756627167747,0.0,0.0,9.576062389638635,0.025927177654395422,-2.287520246384657,0.0008343225024947382,2.287520246384657,0.0008343225024947382,2.2894195383271594,0.0011758134419520517,0.1902480743594026,0.0006720751876936399,2.4777683207440595,0.0001622473148003524,,,,,,,,,,,2,0.00011207660936799515,0.0,0.0,0.0,1.0,1.0
20,2,32,shrink_c0.5,shrink,0.5,all,0.2555620000930503,0.013482687770490297,0.6341784092648959,0.0011707073176009121,0.7137231587353059,0.0005734860422371962,0.1731898102206328,0.0005368911163676621,0.7235050761363158,0.00046139154461776095,240.0,0.0,0.0,0.0,-0.3352684292001191,0.0008229401367237322,0.3352710996499776,0.0008191635503161343,0.6686678205107126,0.0011122910371962574,0.7273672815177061,0.0015309401394164217,0.1761251450629126,0.0012468753936305385,0.7439471909426896,0.001976485810408702,48.0,0.0,0.0,0.0,-0.2794224082909359,0.0012621087064164256,0.27943576054022845,0.0012432257743787106,0.6341784092648959,0.0011707073176009121,0.7104654506128606,0.0003422256865552507,0.17245597651006278,0.000359395047051889,0.7184246459271071,7.832854576953995e-05,192.0,0.0,0.0,0.0,-0.34922993442741485,0.0007131479943005,0.34922993442741485,0.0007131479943005,0.6753783937707798,0.0015429626685494965,499440.0,491520.0,7680.0,7920.0,7680.0,499200.0,9984000.0,7680.0,7680.0,0.9949869791666667,0.0008286407592030168,0.08626302083333333,0.0006444983682689912,1.0,0.0,1.0,0.0,0.1776631599132601,0.001386585911513346,0.22469436213202865,0.0016003362787412592,0.0,0.0,8.4487671925509,0.026772490153118004,-2.0972721720252543,0.0015063976901884958,2.0972721720252543,0.0015063976901884958,2.1096014638407308,0.0011905023399091158,0.3804961487188052,0.0013441503753872798,2.4777683207440595,0.0001622473148003524,,,,,,,,,,,2,0.00044830643747198067,0.0,0.0,0.0,1.0,1.0
20,2,32,shrink_c0.75,shrink,0.75,all,0.2545286500826478,0.012916931689773961,0.5950303926299001,0.0013692799713235424,0.7373133818519395,0.00041834220018666655,0.1789020226431024,6.630460624043613e-05,0.7593565809498298,0.0008069444576681918,240.0,0.0,0.0,0.0,-0.3113994626782146,0.001247446620961054,0.31140664960445574,0.0012479252157422873,0.6304516728169602,0.0016491511138463756,0.7576588029581764,0.0005180917089073353,0.18087032723976465,0.001979994106327447,0.7850747767808268,0.0007956695358054882,48.0,0.0,0.0,0.0,-0.2569401078071327,0.0020602215152476498,0.25695722907869745,0.002036008380795803,0.5950303926299001,0.0013692799713235424,0.7324302694560687,0.0006469570946711968,0.17840994649393688,0.00041211776878128964,0.752942655234579,0.0012151366665015752,192.0,0.0,0.0,0.0,-0.3250143013959851,0.0010442528973895033,0.3250190047358953,0.0010509044244789672,0.6373239639865909,0.002215463113729221,499440.0,491520.0,7680.0,7920.0,7680.0,499200.0,9984000.0,7680.0,7680.0,0.9949869791666667,0.0008286407592030168,0.08626302083333333,0.0006444983682689912,1.0,0.0,1.0,0.0,0.1776631599132601,0.001386585911513346,0.05617359053300716,0.0004000840696853148,0.0,0.0,7.602565930829225,0.023607530734454343,-1.9070240976658515,0.0021784728778822537,1.9070240976658515,0.0021784728778822537,1.9493853673321249,0.0014776282314682254,0.5707442230782078,0.002016225563080959,2.4777683207440595,0.0001622473148003524,,,,,,,,,,,2,0.0010086894843119565,0.0,0.0,0.0,1.0,1.0
20,2,32,z_only_box,z_only_box,1.0,all,0.2539166499627754,0.011095000313719319,0.5515014092816519,0.0010456188068542949,0.7567277258446776,0.0006227012476771834,0.18252175471115176,9.643122800190544e-05,0.7903024094679137,0.00024904605000181546,240.0,0.0,0.0,0.0,-0.2869551739228068,0.001873864256945284,0.2872040806201974,0.0018755043987339055,0.5852546037103039,0.00288223520852126,0.771908396617601,0.0038078923694946846,0.18180062040367262,0.0030347689634689645,0.8074182674320145,0.004203037252965375,48.0,0.0,0.0,0.0,-0.23545208357220385,0.003164077714278578,0.23546970000867024,0.003139164310907156,0.5515014092816519,0.0010456188068542949,0.7531001571405493,0.00014759493764292367,0.18270203828802156,0.0006381532058648568,0.7860646918777978,0.0007427036636661247,192.0,0.0,0.0,0.0,-0.2998309465104576,0.0015513108926120144,0.30013767577307926,0.001559589420690664,0.5917978135927946,0.0032269359181619725,499440.0,491520.0,7680.0,7920.0,7680.0,499200.0,9984000.0,7680.0,7680.0,0.9949869791666667,0.0008286407592030168,0.08626302083333333,0.0006444983682689912,0.9949869791666667,0.0008286407592030168,0.9949869791666667,0.0008286407592030168,0.1776631599132601,0.001386585911513346,0.1776631599132601,0.001386585911513346,0.0,0.0,6.85060086832427,0.02749092085852401,-1.756114010928393,0.0024114682018696325,1.756114010928393,0.0024114682018696325,1.8347144436572072,0.0028519687902335035,0.7216543098156665,0.0022492208870693586,2.4777683207440595,0.0001622473148003524,,,,,,,,,,,2,0.0014032211599750996,0.0,1.0,0.0,1.0,1.0
20,2,32,z_zero,z_zero,0.0,all,0.24669459997676313,0.005724453453378457,0.7201706199820054,0.0011773587250378296,0.7499571132790527,0.0014463194636020163,0.18244768710272347,0.0002699695291039782,0.7497449552433324,0.0017219843359082701,240.0,0.0,0.0,0.0,-0.38300636224392803,2.6072831751343124e-05,0.3830075250848777,2.771733719321001e-05,0.7508956917044204,0.00022693545880117074,0.7577189633526109,0.0030162281770540955,0.18304354621617375,0.001671904096364057,0.7647257669524263,0.003776375968454419,48.0,0.0,0.0,0.0,-0.32438700925854214,0.00033411691124608144,0.3243928234632904,0.00034233943845549434,0.7201706199820054,0.0011773587250378296,0.7481136811197101,0.0010711576448478553,0.1822987223243609,8.051411271105132e-05,0.7460406213454219,0.0012078569373172047,192.0,0.0,0.0,0.0,-0.3976612004902746,5.093818812233654e-05,0.3976612004902746,5.093818812233654e-05,0.7569128434962977,0.0004951879180335286,499440.0,491520.0,7680.0,7920.0,7680.0,499200.0,9984000.0,7680.0,7680.0,0.9949869791666667,0.0008286407592030168,0.08626302083333333,0.0006444983682689912,1.0,0.0,1.0,0.0,0.1776631599132601,0.001386585911513346,0.8987774485281146,0.006401345114965037,0.0,0.0,10.984451522092424,0.02107159323828848,-2.4777683207440595,0.0001622473148003524,2.4777683207440595,0.0001622473148003524,2.4777683207440595,0.0001622473148003524,0.0,0.0,2.4777683207440595,0.0001622473148003524,,,,,,,,,,,2,0.0,0.0,0.0,0.0,0.0,0.0
20,3,2,batch_box,batch_box,1.0,all,0.023384050000458956,0.002763019630739664,0.6656508622198611,0.02149554655488878,1.8103263588791254,0.04357182925663829,0.41591455974180525,0.009674167391582746,1.9771096332076417,0.048677903682421954,240.0,0.0,0.0,0.0,-0.33417011771109134,0.0006249560435177006,0.33777872039415513,0.00022491224645513792,0.6918763431943433,0.002833159445919966,1.846401814188217,0.12560884485927537,0.4040433678213191,0.01659609254220902,1.9948501931014633,0.13723568941805686,48.0,0.0,0.0,0.0,-0.2813483798809235,0.002871424012655315,0.2889101827323972,0.006058281007444498,0.6656508622198611,0.02149554655488878,1.8014396211092039,0.02374065163587486,0.4188823577219268,0.007943686103926215,1.9724529109360307,0.02681511967798828,192.0,0.0,0.0,0.0,-0.34737555216863325,6.333905123327723e-05,0.3499958548095946,0.0017957105599300223,0.6969917992818335,0.0007439777553214419,11760.0,8640.0,2880.0,3120.0,2400.0,11040.0,220800.0,2400.0,2880.0,1.0,0.0,0.5213541666666667,0.01546796083845579,1.0,0.0,1.0,0.0,5.772752397442443,0.13371144702923274,5.772752397442443,0.13371144702923274,0.0,0.0,8.081001215219722,0.2519729397563279,-1.9767942695946399,0.04142365759538221,1.9767942695946399,0.04142365759538221,1.9911993673196062,0.04304556503724301,0.28356353586073973,0.007138314978965265,2.2603578054553797,0.04856197257434772,0.4257666167892602,0.002534344635822596,0.2725,0.004242640687119289,0.1245,0.0,0.9995,0.0,0.8045833333333333,0.001767766952966331,2,0.0062880120918203265,0.0,1.0,0.0,1.0,1.0
20,3,2,box_factor_a0.25,box_factor,0.25,all,0.016913199913688004,0.0016414776685217253,0.6794071986119232,0.010523638328859709,1.611069147558203,0.008745908707893294,0.37639970563814285,0.004532116088997796,1.7519023038444939,0.010614399478231732,240.0,0.0,0.0,0.0,-0.3476191089690465,0.003229092220619251,0.34986683639342564,0.003362600216653245,0.7051469771808283,0.008322343335986533,1.5733566437344673,0.0006276020866658819,0.35687277359973546,0.0008757725359710416,1.6919331996829654,0.00011665944281746497,48.0,0.0,0.0,0.0,-0.2968967209083164,0.0024161582109695516,0.301090319674021,0.0027030374541491776,0.6794071986119232,0.010523638328859709,1.6198368175728288,0.010607209966898746,0.38128143864774466,0.0054462019772544504,1.7662325377267636,0.013126507204354872,192.0,0.0,0.0,0.0,-0.36029970598422906,0.003432325723031656,0.3620609655732768,0.00487900963435387,0.7101726717201347,0.01194315967349289,11760.0,8640.0,2880.0,3120.0,2400.0,11040.0,220800.0,2400.0,2880.0,1.0,0.0,0.5182291666666667,0.01546796083845575,1.0,0.0,1.0,0.0,5.68666857993086,0.10335186696143803,7.362731806943767,0.1465385666456185,0.0,0.0,8.530097266677968,0.26195844761124015,-2.052319554197221,0.04509811619295537,2.052319554197221,0.04509811619295537,2.0591293101962362,0.04639800019139964,0.2080382512581586,0.0034638563813922394,2.2603578054553797,0.04856197257434772,,,,,,,,,,,2,0.0021461789294723956,0.0,1.0,0.0,1.0,1.0
20,3,2,box_factor_a0.5,box_factor,0.5,all,0.017321099992841482,0.0014004956535349738,0.6146504301535118,0.008257690954259317,1.951920119099228,0.047308185219743754,0.44546416129082356,0.010631527647227197,2.1384764965709033,0.05364176339009511,240.0,0.0,0.0,0.0,-0.30877130134725084,0.0038660240391501332,0.31492738687987065,0.003935989993031169,0.6549664934854467,0.010323789195650097,1.9366217926727054,0.12100818217803018,0.4275611040249313,0.01777280257783657,2.09734925625353,0.1327524777212656,48.0,0.0,0.0,0.0,-0.25880568358646316,0.00704200286354766,0.26782072608580554,0.003450012887815829,0.6146504301535118,0.008257690954259317,1.955308557872269,0.03008979904913725,0.4499399256072967,0.008846208914574796,2.14817488051476,0.03478911343302976,192.0,0.0,0.0,0.0,-0.32126270578744776,0.0030720293330508304,0.326704052078387,0.0057824907132429096,0.6627352459939544,0.013788163703900715,11760.0,8640.0,2880.0,3120.0,2400.0,11040.0,220800.0,2400.0,2880.0,1.0,0.0,0.5223958333333334,0.01546796083845575,1.0,0.0,1.0,0.0,5.84349375372291,0.11508100206998156,6.896191565848605,0.14252570525654387,0.0,0.0,7.43395442934993,0.25762106661974965,-1.8653572108854273,0.04221421668594078,1.8653572108854273,0.04221421668594078,1.8925890882863654,0.043970469661352124,0.3950005945699523,0.006347755888406776,2.2603578054553797,0.04856197257434772,,,,,,,,,,,2,0.00798441912093683,0.0,1.0,0.0,1.0,1.0
20,3,2,box_factor_a0.75,box_factor,0.75,all,0.020145450020208955,0.0025654539734390703,0.5659219230223479,0.0075893665527048525,2.464490101932493,0.1141198844923593,0.540303937226572,0.01725557621356985,2.712699041100351,0.12739128812638234,240.0,0.0,0.0,0.0,-0.26807377632164187,0.004606442534744549,0.2861891051438571,0.0025412703918314583,0.6165657743586022,0.00605852548453839,2.54041987420686,0.3605265132518713,0.5286748305322896,0.05564443055061656,2.7626934840977153,0.3949615349272759,48.0,0.0,0.0,0.0,-0.21686196649153677,0.016037091356885497,0.23460073574071405,0.0007315543350577139,0.5659219230223479,0.0075893665527048525,2.444444652207399,0.05379547790722851,0.5432112139001424,0.007658362629308041,2.6983521137950204,0.060595341474843294,192.0,0.0,0.0,0.0,-0.28087672877916803,0.001748780329209333,0.2990861974946428,0.002993699406024774,0.6262222541122638,0.00853926114129072,11760.0,8640.0,2880.0,3120.0,2400.0,11040.0,220800.0,2400.0,2880.0,1.0,0.0,0.5244791666666666,0.015467960838455672,1.0,0.0,1.0,0.0,6.068921149343865,0.13506028225125272,6.568434369919368,0.14812733746882195,0.0,0.0,6.631631058039375,0.2606908006691226,-1.6963295526694213,0.039799169935120005,1.6963295526694213,0.039799169935120005,1.761737655985741,0.04428208918738463,0.5640282527859586,0.008762802639227593,2.2603578054553797,0.04856197257434772,,,,,,,,,,,2,0.017545552280602734,0.0,1.0,0.0,1.0,1.0
20,3,2,box_factor_a1.25,box_factor,1.25,all,0.01949330000206828,0.00358517293628561,0.5724378401050891,0.011781103552266968,3.8017342708045874,0.18835540921983854,0.7677226788415549,0.02096918974029262,4.1994691443397265,0.2083953999528383,240.0,0.0,0.0,0.0,-0.18495702976098094,0.004527176221773827,0.2687210578840654,0.013306561860903504,0.5954494246049831,0.019058442056179566,4.123252654610311,0.6336548276836731,0.7658735919770996,0.11341225526920512,4.495153696499017,0.6926928117085509,48.0,0.0,0.0,0.0,-0.13203909371019062,0.03223702454941432,0.2248479169941988,0.0013292870830588699,0.5724378401050891,0.011781103552266968,3.7180515207363083,0.07222970817497751,0.7681849505576688,0.0021415766419354727,4.119830748130427,0.07973526746673494,192.0,0.0,0.0,0.0,-0.1981865137736785,0.00240028586013629,0.2796893431065321,0.01696552409689415,0.5999580614645488,0.020455763581995426,11760.0,8640.0,2880.0,3120.0,2400.0,11040.0,220800.0,2400.0,2880.0,1.0,0.0,0.5260416666666667,0.014240344898895738,1.0,0.0,1.0,0.0,6.634841722609638,0.20105440324562043,6.179967319809732,0.18873788785409257,0.0,0.0,5.742031472696235,0.3048515063921732,-1.4038290865671479,0.03758555569420485,1.4038290865671479,0.03758555569420485,1.5975612235272583,0.06233999807664237,0.8565287188882318,0.010976416880142427,2.2603578054553797,0.04856197257434772,,,,,,,,,,,2,0.05065345768844571,0.5,1.0,0.5,1.0,1.0
20,3,2,box_factor_a1.5,box_factor,1.5,all,0.01994089991785586,0.0002770444061522661,0.6248270614541975,0.010571541339393536,4.552271240783707,0.20359057061747382,0.8882830976910521,0.02181676410624438,5.031264447896258,0.22478867225566518,240.0,0.0,0.0,0.0,-0.14339529233643084,0.005549989767983767,0.27876056119516157,0.01662538483408921,0.6216184079205374,0.03582930038379695,4.996284137753917,0.7156255761788556,0.8878512727459205,0.13720196774208684,5.448550905039304,0.7821605532372816,48.0,0.0,0.0,0.0,-0.08995515857988688,0.04213751910682361,0.23527327794722647,0.006051171386611999,0.6248270614541975,0.010571541339393536,4.436854546706983,0.06802812313722562,0.888391053927335,0.007029536802716344,4.919319726927572,0.0744984685945278,192.0,0.0,0.0,0.0,-0.15675532577556683,0.0035968925667261573,0.28963238200714536,0.022294523889264447,0.6209092346329372,0.04093516331607086,11760.0,8640.0,2880.0,3120.0,2400.0,11040.0,220800.0,2400.0,2880.0,1.0,0.0,0.5270833333333333,0.014731391274719688,1.0,0.0,1.0,0.0,6.942056654971704,0.23360950627536697,6.070987292160874,0.20976053499560737,0.0,0.0,5.590116766891242,0.3353851821193175,-1.2770402392902123,0.037092303669658766,1.2770402392902123,0.037092303669658766,1.5662404275533413,0.06795332904690753,0.9833175661651674,0.01146966890468848,2.2603578054553797,0.04856197257434772,,,,,,,,,,,2,0.07596577552934451,0.0,1.0,0.5,1.0,1.0
20,3,2,box_factor_a2,box_factor,2.0,all,0.021413550013676286,0.0030666514543127165,0.773284684135765,0.04013421010529035,6.109873441175873,0.23049714781295982,1.1271104538945638,0.024409085849397136,6.755299442178825,0.25384002507560904,240.0,0.0,0.0,0.0,-0.06357661340745849,0.007463276844982929,0.31546567406337783,0.0266022028095995,0.7370508245076315,0.06869843515527319,6.590399592286445,0.9770910792249661,1.1107631115970151,0.1902623775408809,7.188090012453213,1.0672568803309859,48.0,0.0,0.0,0.0,-0.013301537022096414,0.06367278077558909,0.271560676964929,0.004674446546478957,0.773284684135765,0.04013421010529035,5.984151983684589,0.03696242419299565,1.1311972894689508,0.01705423707347414,6.637824341223391,0.03919354464925545,192.0,0.0,0.0,0.0,-0.076145382503799,0.0065890991376686085,0.32644192333799016,0.03208414187537964,0.7294741132879166,0.07480519986948933,11760.0,8640.0,2880.0,3120.0,2400.0,11040.0,220800.0,2400.0,2880.0,1.0,0.0,0.5274305555555556,0.014240344898895738,1.0,0.0,1.0,0.0,7.5433510566388025,0.287490862251878,5.939952346131372,0.2442124529690457,0.0,0.0,5.748912936942379,0.3986622883711514,-1.0573836775901553,0.03628134029570969,1.0573836775901553,0.03628134029570969,1.5709169358065656,0.07120200675287133,1.2029741278652244,0.01228063227863779,2.2603578054553797,0.04856197257434772,,,,,,,,,,,2,0.14475694807121106,0.0,1.0,0.0,0.5,0.5
20,3,2,f_zero,f_zero,0.0,all,0.002091800095513463,6.561935040892209e-05,0.7418178112140326,0.0036223849903742307,1.5015553520881433,0.0001002476459666243,0.3525169123182873,0.00045892906848064944,1.622303760908433,0.00042684704717898473,240.0,0.0,0.0,0.0,-0.3846690380934557,0.0018974826716678043,0.38574560832522364,0.002428632963904884,0.7639167541823555,0.005085923757336877,1.47280216012035,0.024048557041673097,0.3332626078899241,0.004724115517405095,1.574925424965773,0.026485038387404198,48.0,0.0,0.0,0.0,-0.3302117201817031,0.002714694650525017,0.33088327090210035,0.0019234931042826377,0.7418178112140326,0.0036223849903742307,1.5082324234816082,0.005417742496951043,0.35733048842537807,0.001754690214952056,1.6336313492699088,0.00676245889352081,192.0,0.0,0.0,0.0,-0.39828336757139393,0.0016931796769535453,0.3994611926810044,0.002554917928810406,0.7682760479396376,0.005370097728998971,2160.0,1920.0,0.0,240.0,0.0,1920.0,38400.0,0.0,0.0,0.0,0.0,0.0,0.0,0.0,0.0,0.0,0.0,0.0,0.0,0.0,0.0,0.0,0.0,,,,,,,,,,,,,,,,,,,,,,,2,0.0,0.0,1.0,0.0,0.0,0.0
20,3,2,raw,raw,1.0,all,0.01790239999536425,0.0034215481690180647,1.913110285758762,0.006329552361100956,12.34709696959246,4.630791544865739,1.4148013250582676,0.33778141118738303,13.650079671864564,5.1231514063127115,240.0,0.0,0.0,0.0,-0.157895368370381,0.011549202803584508,0.4616910566994588,0.07062558689655242,1.5398098533157087,0.435822629885807,12.77541585015327,0.5296269629309832,1.4057472124057262,0.3283118330249647,13.924334763368075,0.5791868103894975,48.0,0.0,0.0,0.0,-0.056384755797176694,0.13361449178031856,0.461195113698228,0.029115373601644245,1.913110285758762,0.006329552361100956,12.119872708390746,5.699029113368847,1.4170648532214027,0.34014880572798734,13.444770872660708,6.325050678646296,192.0,0.0,0.0,0.0,-0.18327302151368208,0.018967119440598985,0.46181504244976646,0.08100314022027943,1.4389036753920914,0.558316234873216,11760.0,8640.0,2880.0,3120.0,2400.0,11040.0,220800.0,2400.0,2880.0,1.0,0.0,0.5246527777777777,0.015222437650543756,1.0,0.0,0.0,0.0,7.208894063885875,0.457410313469167,7.208894063885875,0.457410313469167,0.0,0.0,13.373653827403327,4.883512366233383,-1.3920670632881862,0.041283029931584926,1.3920670632881862,0.041283029931584926,2.090546523582489,0.15970882159364472,0.8682907421671937,0.08984500250593287,2.2603578054553797,0.04856197257434772,,,,,,,,,,,2,0.8959222522276893,0.0,0.0,0.0,0.0,0.0
20,3,2,sample_ball,sample_ball,1.0,all,0.01894479990005493,0.0010255875822294278,0.6978761676792871,0.0027504963440582154,2.307973445522341,0.01205773843513832,0.5020874665891273,0.007129588578885702,2.5314988007573094,0.014750113428095893,240.0,0.0,0.0,0.0,-0.32750613808228046,0.008298901181153609,0.34081473697492604,0.0028008682864794168,0.7308126686353098,0.019576497377913636,2.2828815989888955,0.4138702941034782,0.4781476746860742,0.05794911273126637,2.4735107895589934,0.45556404214783014,48.0,0.0,0.0,0.0,-0.2709812931930747,0.03380290374645392,0.2910113607544975,0.008274787231557704,0.6978761676792871,0.0027504963440582154,2.3087808737125153,0.08166197043119175,0.5080724145648905,0.0055752924592094065,2.539704575427046,0.09005363175129728,192.0,0.0,0.0,0.0,-0.3416373493045819,0.0019229005398285323,0.3532655810300332,0.0014323885502098795,0.7372264421328405,0.022779033675375506,11760.0,8640.0,2880.0,3120.0,2400.0,11040.0,220800.0,2400.0,2880.0,1.0,0.0,0.5229166666666667,0.015713484026367786,0.5229166666666667,0.015713484026367786,0.5229166666666667,0.015713484026367786,5.844327709583773,0.16468100816605705,3.478190944850061,0.12987694591468518,0.0,0.0,8.345837294365502,0.2532680473523944,-1.9678456460814688,0.037623375230611045,1.9678456460814688,0.037623375230611045,2.004402899382945,0.042116048639434016,0.29251215937391095,0.010938597343736766,2.2603578054553797,0.04856197257434772,,,,,,,,,,,2,0.025112776683918456,0.0,1.0,0.0,1.0,1.0
20,3,2,sample_box,sample_box,1.0,all,0.018821600009687245,0.003927129580681352,0.5524480644328479,0.01281319560393891,3.094619095873309,0.16671764294946348,0.6499152693024104,0.02097837116998945,3.414452306894477,0.18499411211214542,240.0,0.0,0.0,0.0,-0.2266561994576602,0.0047342103499715795,0.2698938354249482,0.00980540176162455,0.5944636316900722,0.005442231627351661,3.277261162950855,0.5308935887352172,0.643181242809181,0.08735533504757836,3.5701838536585413,0.5806524534900395,48.0,0.0,0.0,0.0,-0.17486730818137208,0.02398375915548985,0.22296873082017687,0.0020609555690521753,0.5524480644328479,0.01281319560393891,3.0468368108120005,0.07454609042385403,0.6515987759257178,0.004384130200592278,3.3718767162950116,0.08294410410795962,192.0,0.0,0.0,0.0,-0.2396034222767322,7.81768514079633e-05,0.2816251115761411,0.011741513309767589,0.6025387953233333,0.004088866473267982,11760.0,8640.0,2880.0,3120.0,2400.0,11040.0,220800.0,2400.0,2880.0,1.0,0.0,0.5251736111111112,0.014485868086807772,1.0,0.0,1.0,0.0,6.339538921723561,0.1650545888213935,6.339538921723561,0.1650545888213935,0.0,0.0,6.079895151563373,0.27908906654559273,-1.543272378173113,0.038172362225133476,1.543272378173113,0.038172362225133476,1.6613685094230655,0.0529014662387289,0.7170854272822668,0.010389610349214078,2.2603578054553797,0.04856197257434772,,,,,,,,,,,2,0.031419514806405195,0.5,1.0,0.0,1.0,1.0
20,3,2,shrink_c0.1,shrink,0.1,all,0.015401649987325072,0.0015112993889978602,0.7399894334375889,0.0003937920550420218,1.531473561436714,0.006033803258761046,0.35968532864460956,0.002446234436998333,1.6574682789788668,0.007438473884488773,240.0,0.0,0.0,0.0,-0.37580405053722293,0.0026210999694932916,0.3771108395301723,0.0030375889339201052,0.7518974165779841,0.005907471556819513,1.5111856192000723,0.028010461732099347,0.3422681737297203,0.004889937653841605,1.6178552104661303,0.031228680816484167,48.0,0.0,0.0,0.0,-0.3263907158485579,0.0034620217643410514,0.3278293542979564,0.0017223698932531482,0.7399894334375889,0.0003937920550420218,1.5361671362646794,0.013936475417391634,0.3640396173733319,0.004280277459708298,1.66693180541421,0.01660368669283874,192.0,0.0,0.0,0.0,-0.3881573842093892,0.002410869520781371,0.3894312108382263,0.0033663936940868592,0.7542620497674313,0.007148622062580465,11760.0,8640.0,2880.0,3120.0,2400.0,11040.0,220800.0,2400.0,2880.0,1.0,0.0,0.5166666666666666,0.017677669529663664,1.0,0.0,1.0,0.0,5.640385489408383,0.10623059757426613,6.522880003909499,0.13709197012136326,0.0,0.0,9.461564082642123,0.2549835453169325,-2.190016527552415,0.044055153519710996,2.190016527552415,0.044055153519710996,2.1914871108511536,0.04528582108304647,0.07034127790296495,0.004506819054636972,2.2603578054553797,0.04856197257434772,,,,,,,,,,,2,0.0009071106215023304,0.0,1.0,0.0,1.0,1.0
20,3,2,shrink_c0.25,shrink,0.25,all,0.019448949955403805,0.00026240726664558824,0.7363835128515163,0.002368049581415446,1.757902131360739,0.0634506506600139,0.404911432983734,0.010904519899307656,1.9144819518955036,0.0716913841709757,240.0,0.0,0.0,0.0,-0.359121695683285,0.0035850676604040543,0.36209542044572945,0.00254509158733284,0.7364005997109222,0.0032172868535156056,1.7422484995478795,0.03318164834375573,0.3837580877632011,0.008424770189250788,1.8747717992544781,0.03658603191627522,48.0,0.0,0.0,0.0,-0.3162092174972664,0.007495722094686882,0.31982902029512006,0.004207271332822971,0.7363835128515163,0.002368049581415446,1.7611945435848932,0.0860207641512877,0.41019976928886726,0.015736842421447367,1.9236080563197753,0.09748203412963684,192.0,0.0,0.0,0.0,-0.3698498152297896,0.002607404051833401,0.3726620204833818,0.002129546650960342,0.7364039705902035,0.0033877540020764273,11760.0,8640.0,2880.0,3120.0,2400.0,11040.0,220800.0,2400.0,2880.0,1.0,0.0,0.5185763888888889,0.01694109996592768,1.0,0.0,1.0,0.0,5.713423543773133,0.12184450175166384,4.585295327845449,0.10641980852643919,0.0,0.0,8.816097282661534,0.2571335459979591,-2.0803344588515236,0.03655127724326764,2.0803344588515236,0.03655127724326764,2.093779212339611,0.0436779335879967,0.18002334660385644,0.012010695331080108,2.2603578054553797,0.04856197257434772,,,,,,,,,,,2,0.006709086552486092,0.0,1.0,0.0,1.0,1.0
20,3,2,shrink_c0.5,shrink,0.5,all,0.017494299914687872,0.0007018741024299503,0.7436507007307871,0.03846957819820162,3.0048735090897907,0.5378293105496231,0.576193693550688,0.0549399792034068,3.3076923522499033,0.5972461309298113,240.0,0.0,0.0,0.0,-0.3180776023048095,0.005262647003309384,0.3467976168644338,0.009231974970134055,0.7452011380657634,0.03206746675204848,2.9443367997295025,0.12883650283994075,0.5480879231135549,0.02730260426335128,3.1982938631771547,0.14313018891223123,48.0,0.0,0.0,0.0,-0.2778314000027466,0.025950336860603513,0.3061246280817468,0.020545181008872693,0.7436507007307871,0.03846957819820162,3.0151000564246457,0.6327923396115307,0.5832201361599711,0.06184932293842074,3.3295306691639324,0.7046420480945859,192.0,0.0,0.0,0.0,-0.3281391528803253,9.072453898585666e-05,0.35696586406010555,0.01667626396488575,0.7451100391422687,0.046216302348926756,11760.0,8640.0,2880.0,3120.0,2400.0,11040.0,220800.0,2400.0,2880.0,1.0,0.0,0.5213541666666667,0.01645005359010377,1.0,0.0,1.0,0.0,5.997040243700649,0.18529054191753075,2.123844550220627,0.06503825880827312,0.0,0.0,8.19077379768397,0.3980716024197869,-1.8816110269207877,0.020066995723756993,1.8816110269207877,0.020066995723756993,1.9788847116100903,0.05873117496691535,0.37874677853459215,0.02849497685059025,2.2603578054553797,0.04856197257434772,,,,,,,,,,,2,0.047325534705311596,0.0,1.0,0.0,0.5,0.5
20,3,2,shrink_c0.75,shrink,0.75,all,0.01824310002848506,0.0003493107755525118,1.0069723015181071,0.05971918878302818,6.236679495516022,1.945548246217024,0.8983397563990378,0.15568789604929548,6.89014798542064,2.1532344436813418,240.0,0.0,0.0,0.0,-0.25363580938988856,0.0076705742133730895,0.37586199235829487,0.032504647313316905,0.9412715435326324,0.1718588224866775,6.257873579655968,0.40574203358824845,0.8754274924676211,0.13607056543312288,6.818640483842193,0.445664337631983,48.0,0.0,0.0,0.0,-0.19718700150157342,0.06551207980392937,0.3455809659997312,0.018923282076825667,1.0069723015181071,0.05971918878302818,6.201481759230338,2.3216515897716166,0.9040678223818921,0.16059222870333878,6.874019041796783,2.5773747765245134,192.0,0.0,0.0,0.0,-0.26774801136196735,0.0067898021842659985,0.3834322489479357,0.04536162966085251,0.9234253384412858,0.22341729331375568,11760.0,8640.0,2880.0,3120.0,2400.0,11040.0,220800.0,2400.0,2880.0,1.0,0.0,0.5232638888888889,0.016204530402191733,1.0,0.0,1.0,0.0,6.4937438332969295,0.29730795774743085,0.5664485809834662,0.02364209345156756,0.0,0.0,8.868180617011916,1.2602511452259524,-1.6551882987155495,0.004631047996940732,1.6551882987155495,0.004631047996940732,1.9784972896364517,0.09668647938559265,0.6051695067398302,0.053193020571288524,2.2603578054553797,0.04856197257434772,,,,,,,,,,,2,0.231733229119893,0.0,1.0,0.0,0.5,0.5
20,3,2,z_only_box,z_only_box,1.0,all,0.020336500136181712,0.0005481490701147821,0.5597223389851531,0.027794146755067587,3.1335624572154,0.21643987762865852,0.6540337880437528,0.02565993811945238,3.4576446808418364,0.2401027280108819,240.0,0.0,0.0,0.0,-0.22509503287924415,0.006550601019386707,0.27022145642734086,0.010609738508014544,0.5960646151838696,0.008390744517827665,3.3786058803975214,0.6497027430600516,0.6532173143497824,0.09631869215588718,3.6808739938337895,0.7101956239766116,48.0,0.0,0.0,0.0,-0.1707189583854128,0.028019304297421888,0.22423490345728947,0.005682701485743801,0.5597223389851531,0.027794146755067587,3.0686130169960375,0.10438452710376574,0.6542379064672454,0.007995249610343884,3.3961315573483972,0.11617944800332984,192.0,0.0,0.0,0.0,-0.23868905150270198,0.0011834251998779023,0.28171809466985376,0.011841497763582195,0.6030572052533647,0.0047798980881685665,11760.0,8640.0,2880.0,3120.0,2400.0,11040.0,220800.0,2400.0,2880.0,1.0,0.0,0.5251736111111112,0.014485868086807772,1.0,0.0,1.0,0.0,6.339538921723561,0.1650545888213935,6.33951196386998,0.16502927876463053,0.0,0.0,6.085412341078069,0.28273663989667863,-1.542253538988303,0.03726581297556556,1.542253538988303,0.03726581297556556,1.6623873486078753,0.05380801548829681,0.7181042664670765,0.011296159598781913,2.2603578054553797,0.04856197257434772,,,,,,,,,,,2,0.03267681412288604,0.0,1.0,0.0,1.0,1.0
20,3,2,z_zero,z_zero,0.0,all,0.016245749895460904,0.0018453367064128559,0.7418178112140326,0.0036223849903742307,1.5015553520881433,0.0001002476459666243,0.3525169123182873,0.00045892906848064944,1.622303760908433,0.00042684704717898473,240.0,0.0,0.0,0.0,-0.3846690380934557,0.0018974826716678043,0.38574560832522364,0.002428632963904884,0.7639167541823555,0.005085923757336877,1.47280216012035,0.024048557041673097,0.3332626078899241,0.004724115517405095,1.574925424965773,0.026485038387404198,48.0,0.0,0.0,0.0,-0.3302117201817031,0.002714694650525017,0.33088327090210035,0.0019234931042826377,0.7418178112140326,0.0036223849903742307,1.5082324234816082,0.005417742496951043,0.35733048842537807,0.001754690214952056,1.6336313492699088,0.00676245889352081,192.0,0.0,0.0,0.0,-0.39828336757139393,0.0016931796769535453,0.3994611926810044,0.002554917928810406,0.7682760479396376,0.005370097728998971,11760.0,8640.0,2880.0,3120.0,2400.0,11040.0,220800.0,2400.0,2880.0,1.0,0.0,0.5149305555555556,0.016695576778015645,1.0,0.0,1.0,0.0,5.627791664515783,0.1033209522501077,8.031951108263662,0.1653867016668073,0.0,0.0,9.978437846547958,0.2724013438789835,-2.2603578054553797,0.04856197257434772,2.2603578054553797,0.04856197257434772,2.2603578054553797,0.04856197257434772,0.0,0.0,2.2603578054553797,0.04856197257434772,,,,,,,,,,,2,0.0,0.0,1.0,0.0,0.0,0.0
20,3,3,batch_box,batch_box,1.0,all,0.03414694988168776,0.0016223151757923172,0.6450487914736621,0.005994768713063616,1.2150865674256563,0.05584402106519427,0.28141101861861084,0.008980551818474833,1.308102560328083,0.06499252598156205,240.0,0.0,0.0,0.0,-0.32868567588775766,0.005307510712122636,0.32899914716053047,0.0051190673408093735,0.6600820731534024,0.012383824027082399,1.113796912449092,0.03823026336037859,0.2534174724659423,0.008738092457232786,1.1828069369850256,0.0422927196862597,48.0,0.0,0.0,0.0,-0.2799790111875713,0.0005144081288420599,0.2806407977616232,0.0014503156772627435,0.6450487914736621,0.005994768713063616,1.2377688634589945,0.05963875903300406,0.288409405156778,0.009041166658785259,1.3369014920579247,0.06998413713369231,192.0,0.0,0.0,0.0,-0.3408623420628042,0.006762990422363947,0.34108873451025723,0.006761413095327437,0.6630291994124098,0.01597432214851575,34080.0,28080.0,5760.0,6000.0,5040.0,33120.0,662400.0,5040.0,5760.0,1.0,0.0,0.47829861111111116,0.01178511301977581,1.0,0.0,1.0,0.0,3.44093779792982,0.06299976610040298,3.44093779792982,0.06299976610040298,0.0,0.0,8.055726628636837,0.10000639553281196,-1.970814283301119,0.03990714947065355,1.970814283301119,0.03990714947065355,1.988727228922017,0.03990976643070867,0.2706536220223356,0.0019950566687477415,2.2414679053234545,0.041902206139400586,0.4242187588935008,0.011537244382918869,0.2835,0.005656854249492365,0.1405,0.0014142135623730668,0.9995,0.0,0.820138888888889,0.02062394778460768,2,0.003996124189356918,0.0,1.0,0.0,1.0,1.0
20,3,3,box_factor_a0.25,box_factor,0.25,all,0.028738550026901066,0.0016630443426136512,0.6617693349389508,0.019722082695305995,1.0714948296967546,0.014670637471211678,0.25467987839126927,0.002673008897560877,1.1412149224027828,0.017366502122403753,240.0,0.0,0.0,0.0,-0.34250384772662457,0.0008454029840973294,0.3427323159403476,0.0006462349603812576,0.6815851981390066,0.003582470950610178,1.0227794066851286,0.035941914683567076,0.2366749053743239,0.010639787313015413,1.0784253326776874,0.038314318287153454,48.0,0.0,0.0,0.0,-0.29084781736803067,0.007045284410670626,0.2914621286138566,0.007914051706035995,0.6617693349389508,0.019722082695305995,1.082638187752473,0.009933822559300719,0.25918112164550555,0.000681314293697162,1.1559990472805182,0.012602689055672078,192.0,0.0,0.0,0.0,-0.3554178553162731,0.0028180748327892445,0.35554986277197037,0.002786306626985556,0.6854471228944611,0.008099519184644558,34080.0,28080.0,5760.0,6000.0,5040.0,33120.0,662400.0,5040.0,5760.0,1.0,0.0,0.4751736111111111,0.012276159395599798,1.0,0.0,1.0,0.0,3.4130853166750215,0.05559240522788823,4.755035822799234,0.07754529009927034,0.0,0.0,8.393068815914434,0.07694926429943372,-2.023279345584063,0.038200915730620406,2.023279345584063,0.038200915730620406,2.0325640930626463,0.03950710226723063,0.2181885597393916,0.0037012904087806503,2.2414679053234545,0.041902206139400586,,,,,,,,,,,2,0.0010853861867460527,0.0,0.5,0.0,1.0,1.0
20,3,3,box_factor_a0.5,box_factor,0.5,all,0.029972750111483037,0.0024814498713646676,0.5911701903048208,0.023650962158715427,1.324584002712272,0.06352005623584558,0.30445873386773825,0.008267222449374908,1.4373084811780046,0.07305970685325965,240.0,0.0,0.0,0.0,-0.3004845097210675,0.006057108304909171,0.3012428435283788,0.0060636668657950196,0.6117890390175249,0.013613628785464826,1.1905998316004607,0.0344883831932506,0.27163872814186013,0.00820540208026441,1.2739203736257423,0.03631974499119004,48.0,0.0,0.0,0.0,-0.25393277844733475,0.006025846747727891,0.25466483475163193,0.007061130701685688,0.5911701903048208,0.023650962158715427,1.354240468983496,0.06963433025399574,0.31266373529920777,0.008282677541652577,1.4744192944648944,0.08094948190891856,192.0,0.0,0.0,0.0,-0.31212244253950067,0.009077847068068443,0.3128873457225656,0.009344866257665169,0.6157138778872369,0.020800487956788346,34080.0,28080.0,5760.0,6000.0,5040.0,33120.0,662400.0,5040.0,5760.0,1.0,0.0,0.4810763888888889,0.011539589831863794,1.0,0.0,1.0,0.0,3.4903794521650036,0.05973150435106139,4.316640066588876,0.07287145956342214,0.0,0.0,7.270597887127201,0.07602614504822273,-1.829818788373581,0.035041204533912094,1.829818788373581,0.035041204533912094,1.8647229110594046,0.03734113586702976,0.4116491169498733,0.006861001605488866,2.2414679053234545,0.041902206139400586,,,,,,,,,,,2,0.004985951425691976,0.0,1.0,0.0,1.0,1.0
20,3,3,box_factor_a0.75,box_factor,0.75,all,0.030049600056372583,0.00012558229740265362,0.524669290964124,0.033854919391548506,1.7766813490515432,0.15577272422017532,0.3831126452811501,0.01844420702313656,1.9494529828111298,0.17530811414395883,240.0,0.0,0.0,0.0,-0.2557778837897754,0.012460163475854241,0.2619623151894932,0.008769196099129309,0.5496781194276692,0.02035826762050898,1.5110883494869611,0.05680571332737793,0.3297414511760896,0.004845843678065969,1.6338484397294946,0.06054854792368903,48.0,0.0,0.0,0.0,-0.21339013812904528,0.004814178408207902,0.2168625540102748,0.008320214610951811,0.524669290964124,0.033854919391548506,1.8335341737314117,0.17551195477468418,0.3964554438074152,0.021843797859404247,2.018778125390522,0.19866071207304287,192.0,0.0,0.0,0.0,-0.26637482020495795,0.016778748946869777,0.2732372554842978,0.013041548776649588,0.5542586952217436,0.03067592899528017,34080.0,28080.0,5760.0,6000.0,5040.0,33120.0,662400.0,5040.0,5760.0,1.0,0.0,0.4835069444444444,0.011048543456039806,1.0,0.0,1.0,0.0,3.60233963814698,0.06407665275112472,3.986709180896615,0.06993149292206716,0.0,0.0,6.455024156670471,0.0800763459521768,-1.6576806863484503,0.03268442557985003,1.6576806863484503,0.03268442557985003,1.7298356395199632,0.03645691111700679,0.5837872189750042,0.00921778055955071,2.2414679053234545,0.041902206139400586,,,,,,,,,,,2,0.013158678418315577,0.0,1.0,0.0,1.0,1.0
20,3,3,box_factor_a1.25,box_factor,1.25,all,0.026344550075009465,0.0021220981030628163,0.4629619023136018,0.07505526288522409,3.010645803694234,0.36634703712809535,0.5845335773949661,0.04515568518428113,3.32478812800304,0.4066181641825528,240.0,0.0,0.0,0.0,-0.1650048741927321,0.027309062551470715,0.21931173764501993,0.0018068133080966727,0.4949525185276977,0.00017854186141057305,2.44688273264841,0.002225317887567923,0.48163787145412407,0.010972313882490186,2.663950464412512,7.088095188666774e-05,48.0,0.0,0.0,0.0,-0.13152300308604187,0.0030951069511478625,0.18262127540682083,0.026153365207152817,0.4629619023136018,0.07505526288522409,3.1269889899417262,0.43553131631625513,0.6102575038801767,0.05918768495097389,3.464917163771837,0.4854647946238463,192.0,0.0,0.0,0.0,-0.17337534196940463,0.03491010492712535,0.22848435320456972,0.008796857936909019,0.5004636769007493,0.014149264556625457,34080.0,28080.0,5760.0,6000.0,5040.0,33120.0,662400.0,5040.0,5760.0,1.0,0.0,0.48663194444444446,0.011294066643951819,1.0,0.0,1.0,0.0,3.878219675341553,0.07255709289678305,3.5412549340164854,0.06768876070712197,0.0,0.0,5.546654554449318,0.09368091324325892,-1.3687011428196991,0.029931535209298397,1.3687011428196991,0.029931535209298397,1.5614229823089834,0.035912594033289565,0.8727667625037554,0.011970670930102465,2.2414679053234545,0.041902206139400586,,,,,,,,,,,2,0.04471948816676573,0.0,1.0,0.5,1.0,1.0
20,3,3,box_factor_a1.5,box_factor,1.5,all,0.029169499990530312,0.0024587518178080274,0.48282877388312584,0.09690590150720874,3.687244166627681,0.4509805526386707,0.6931479869771946,0.05822338987641934,4.074951212158783,0.4992945492058678,240.0,0.0,0.0,0.0,-0.12096191661698524,0.034018089090574424,0.22213498444289564,0.005143250758376885,0.5125315413046173,0.031308840064235184,3.012740065664758,0.0651842351079963,0.5696146447738493,0.024005531242504544,3.282650563832725,0.0740672832252565,48.0,0.0,0.0,0.0,-0.09013480676290317,0.0034418843071057606,0.1856850607436104,0.03067764173890998,0.48282877388312584,0.09690590150720874,3.825754778017669,0.5493237806199028,0.724031322528031,0.07878062015615031,4.242247729835319,0.6107162951236476,192.0,0.0,0.0,0.0,-0.12866869408050577,0.043383082439994516,0.23124746536771695,0.0012403469867564253,0.5177715535484526,0.019073537737815303,34080.0,28080.0,5760.0,6000.0,5040.0,33120.0,662400.0,5040.0,5760.0,1.0,0.0,0.4874131944444444,0.010680258674171774,1.0,0.0,1.0,0.0,4.02360290264642,0.075746469854857,3.389979323988202,0.06673111919626809,0.0,0.0,5.373198426074094,0.1043612041375738,-1.2481015104331772,0.029986991523628458,1.2481015104331772,0.029986991523628458,1.5226470200721445,0.034423306200386194,0.9933663948902777,0.011915214615772756,2.2414679053234545,0.041902206139400586,,,,,,,,,,,2,0.06830299250417961,0.5,1.0,0.5,1.0,1.0
20,3,3,box_factor_a2,box_factor,2.0,all,0.02773239999078214,0.0012497406569508078,0.6116377526179033,0.13549976393970567,5.087654790938392,0.6152316042538108,0.9142270960870995,0.08206707680511598,5.624997795452638,0.6792269998508741,240.0,0.0,0.0,0.0,-0.03734232180012855,0.046577739587141766,0.25032389264713145,0.015850729168903566,0.6175799424180485,0.114525641988953,4.267472569680264,0.21423394277240332,0.7549517520839255,0.0493632402299662,4.65168296704053,0.2377524762723106,48.0,0.0,0.0,0.0,-0.010082525158551047,0.004183581467962982,0.2204272550816172,0.03076724460050411,0.6116377526179033,0.13549976393970567,5.2555889244069505,0.7771473908711437,0.9540459320878929,0.1149246560638867,5.830266552410279,0.8616577139733674,192.0,0.0,0.0,0.0,-0.044157270960522924,0.05926806985091795,0.25779805203851003,0.012121600311003488,0.6187178263358064,0.11037374645119111,34080.0,28080.0,5760.0,6000.0,5040.0,33120.0,662400.0,5040.0,5760.0,1.0,0.0,0.48819444444444443,0.011048543456039806,1.0,0.0,1.0,0.0,4.2996676724306795,0.08107924751404792,3.172728702146636,0.065331788792368,0.0,0.0,5.431746887512851,0.11398816947605103,-1.0464392838140242,0.03143885462316756,1.0464392838140242,0.03143885462316756,1.5174860527222154,0.030855592597104145,1.1950286215094303,0.010463351516233257,2.2414679053234545,0.041902206139400586,,,,,,,,,,,2,0.1305078354965106,0.0,1.0,0.0,1.0,1.0
20,3,3,f_zero,f_zero,0.0,all,0.0041521500097587705,2.7506580917803204e-05,0.7290415787603894,0.014339174525115213,1.0221759672169963,0.007671232630332894,0.2443670024678527,0.0027952674507536776,1.0739059275350349,0.008200170580392973,240.0,0.0,0.0,0.0,-0.3812899143406495,0.0031448958597427596,0.3814178540035673,0.0033258298662065706,0.7513139522442174,0.004747403733977736,0.9868306940655023,0.04557946908282656,0.23059646010970153,0.0141007030602029,1.029000110578293,0.05016257019076908,48.0,0.0,0.0,0.0,-0.3244172324466062,0.006384117698784766,0.32491142462906,0.007083010985629639,0.7290415787603894,0.014339174525115213,1.0302376082637155,0.0008944951478252348,0.24780963805739048,3.1091451608667445e-05,1.084466341830502,0.001519620212200647,192.0,0.0,0.0,0.0,-0.39550808481416033,0.002335090399982258,0.39554446134719423,0.0023865345863509115,0.7556982274532607,0.0028904607396979406,6720.0,6480.0,0.0,240.0,0.0,6480.0,129600.0,0.0,0.0,0.0,0.0,0.0,0.0,0.0,0.0,0.0,0.0,0.0,0.0,0.0,0.0,0.0,0.0,,,,,,,,,,,,,,,,,,,,,,,2,0.0,0.0,0.5,0.0,0.0,0.0
20,3,3,raw,raw,1.0,all,0.027510900050401688,0.0015827876880619243,0.9540175990143186,0.45626253815176687,6.803610555937482,2.3050471907087347,0.9589730948297264,0.1520606005851695,7.520165289149363,2.547052774935001,240.0,0.0,0.0,0.0,-0.12842772024038948,0.04652626199756807,0.3454601502006315,0.06912650448739201,0.9043553901031163,0.334604244715031,9.081275730316193,5.454178219757732,1.0079877080358908,0.2746955731615471,9.907023388496743,5.952377016560518,48.0,0.0,0.0,0.0,-0.04920880011469039,0.004603527047628386,0.3052866787593053,0.1210268486268151,0.9540175990143186,0.45626253815176687,6.059661516689197,1.2700305126436118,0.9467194415281852,0.1214018574410751,6.717103043391318,1.404091646215166,192.0,0.0,0.0,0.0,-0.14823245027181425,0.057006945735052994,0.355503518060963,0.05615141845253617,0.8932713758595299,0.3089401204118728,34080.0,28080.0,5760.0,6000.0,5040.0,33120.0,662400.0,5040.0,5760.0,1.0,0.0,0.48541666666666666,0.011539589831863794,1.0,0.0,0.0,0.0,4.0672193779063,0.051203905181432856,4.0672193779063,0.051203905181432856,0.0,0.0,8.592038770704644,0.43013146659863444,-1.3882450883997044,0.049814051423704736,1.3882450883997044,0.049814051423704736,1.8693519429550483,0.0402498642427393,0.8532228169237501,0.007911845284303444,2.2414679053234545,0.041902206139400586,,,,,,,,,,,2,0.30865160043533874,0.0,0.0,0.0,0.5,0.5
20,3,3,sample_ball,sample_ball,1.0,all,0.025959899998269975,0.0054875728535874226,0.5676348662762031,0.05936769938173114,1.685506196139349,0.18478372941510912,0.36910459959391684,0.02667158468619358,1.8422658531780478,0.20758181493891123,240.0,0.0,0.0,0.0,-0.29167222558603356,0.007255300195794575,0.297786345268714,0.0023456231309296302,0.6230628896727184,0.004726354229217857,1.5634097306590533,0.17912403518941541,0.33628891360714797,0.031092868227721726,1.6888588294190376,0.19386354967776329,48.0,0.0,0.0,0.0,-0.23171097739790197,0.017059576496512564,0.23461573429132504,0.02082010699493771,0.5676348662762031,0.05936769938173114,1.7130446117799796,0.18613961051661435,0.37730852109060903,0.025566263800811485,1.8778234947469215,0.2108050313285483,192.0,0.0,0.0,0.0,-0.3066625376330665,0.013334019368871273,0.3135789980130612,0.008137055662396463,0.6332320573474902,0.016266622623425226,34080.0,28080.0,5760.0,6000.0,5040.0,33120.0,662400.0,5040.0,5760.0,1.0,0.0,0.4822916666666667,0.01080302026812783,0.4822916666666667,0.01080302026812783,0.4822916666666667,0.01080302026812783,3.495065490309163,0.05728295440482056,1.753455276576187,0.019642392515275556,0.0,0.0,7.777209448343828,0.08741691284980088,-1.86583138870445,0.0388246888608877,1.86583138870445,0.0388246888608877,1.9163129914222568,0.03845887382659555,0.3756365166190045,0.0030775172785134416,2.2414679053234545,0.041902206139400586,,,,,,,,,,,2,0.01449181779490576,0.0,1.0,0.0,1.0,1.0
20,3,3,sample_box,sample_box,1.0,all,0.02584799996111542,0.0006569022626159374,0.47962527612385825,0.05123489688954035,2.3603391685438115,0.2579272582162081,0.47911785014462205,0.031319139586787864,2.601925602310907,0.2876085007716551,240.0,0.0,0.0,0.0,-0.21036265316166736,0.019856709999874985,0.2328379760839595,0.00833900828109654,0.5073441125997703,0.01852518388309442,1.9505140926370048,0.054247660180373254,0.40108899998849257,0.0011539112063482613,2.119343203711286,0.05729606801893369,48.0,0.0,0.0,0.0,-0.17295747092872904,0.0033126787276056007,0.19070226399468654,0.021251314552954426,0.47962527612385825,0.05123489688954035,2.4463467088447617,0.2973732154206709,0.4986250626836544,0.03943740228507184,2.7059116470395885,0.3331307178290338,192.0,0.0,0.0,0.0,-0.2197139487199019,0.02564905718174513,0.24337190410627776,0.01573658898960922,0.5121825170267097,0.031664592627097234,34080.0,28080.0,5760.0,6000.0,5040.0,33120.0,662400.0,5040.0,5760.0,1.0,0.0,0.4855902777777778,0.010557497080215816,1.0,0.0,1.0,0.0,3.7349772186163777,0.06870227456807894,3.7349772186163777,0.06870227456807894,0.0,0.0,5.894905754511662,0.08385387315508247,-1.5047819844950598,0.030818700391113483,1.5047819844950598,0.030818700391113483,1.6285694748164805,0.03669836118059351,0.7366859208283948,0.011083505748287576,2.2414679053234545,0.041902206139400586,,,,,,,,,,,2,0.025984063741266685,0.5,1.0,0.0,1.0,1.0
20,3,3,shrink_c0.1,shrink,0.1,all,0.027614999911747873,0.0004993586599712314,0.7039176273740557,0.019583204839039175,1.0355297936857273,0.00937985429340678,0.24745455461244814,0.0030073982479698084,1.0922696511311563,0.01062987294933774,240.0,0.0,0.0,0.0,-0.3706407168217142,0.00181301993862076,0.3708059606815005,0.002017536450050524,0.7331050249164612,0.001782085530299224,0.9905042968340196,0.04669020780246557,0.23165747860123342,0.015378089041825537,1.0365537895939272,0.05063720355034103,48.0,0.0,0.0,0.0,-0.3120361683507762,0.00745506027524037,0.31258032263558244,0.008224610644836804,0.7039176273740557,0.019583204839039175,1.045773982287236,0.0010449446094371545,0.2514038236152518,8.527445049409392e-05,1.105338289922234,0.0014734555215853487,192.0,0.0,0.0,0.0,-0.38529185393944876,0.0004025098544658575,0.38536237019298,0.00046576790135391947,0.738799360425001,0.0016221143378874344,34080.0,28080.0,5760.0,6000.0,5040.0,33120.0,662400.0,5040.0,5760.0,1.0,0.0,0.47152777777777777,0.012030636207687784,1.0,0.0,1.0,0.0,3.3907519955060703,0.05294804680933501,4.342798340885796,0.06856733932739291,0.0,0.0,9.334403867590165,0.09117831887089092,-2.1664707638003593,0.04242898439236277,2.1664707638003593,0.04242898439236277,2.1676345721425685,0.042477543924218215,0.07499714152309547,0.0005267782529616733,2.2414679053234545,0.041902206139400586,,,,,,,,,,,2,0.00032315166269270923,0.0,0.5,0.0,1.0,1.0
20,3,3,shrink_c0.25,shrink,0.25,all,0.02709644997958094,0.0018997838492438512,0.6599090300895151,0.026969971229481953,1.1544527887286167,0.0339417245563368,0.27216436321211984,0.006499462981253037,1.2339026190973623,0.03944017243705335,240.0,0.0,0.0,0.0,-0.35078114753489936,0.0008563199921481607,0.3513316017076949,0.0006773700631344724,0.7012703376487694,0.004021010203136033,1.088597965519746,0.07359863222889619,0.25178135683253056,0.018161274450730805,1.152879002142642,0.07988841507942233,48.0,0.0,0.0,0.0,-0.289605038702892,0.009320745293188137,0.29022771983240325,0.010201349391576723,0.6599090300895151,0.026969971229481953,1.169345851021296,0.025249351096190493,0.2772601148070172,0.00358401011388358,1.252783384693779,0.03037912054082633,192.0,0.0,0.0,0.0,-0.3660751747429012,0.0034005863134821323,0.36660757217651774,0.003397049926812291,0.709203824691594,0.00981167466778299,34080.0,28080.0,5760.0,6000.0,5040.0,33120.0,662400.0,5040.0,5760.0,1.0,0.0,0.4761284722222222,0.010680258674171833,1.0,0.0,1.0,0.0,3.4211182836918956,0.05452251357784518,3.0422935152501487,0.0480045725219961,0.0,0.0,8.618498777548712,0.09769341766090597,-2.0511572592438023,0.04338650712820305,2.0511572592438023,0.04338650712820305,2.0620361437869104,0.043501807539568185,0.1903106460796521,0.0014843009888026125,2.2414679053234545,0.041902206139400586,,,,,,,,,,,2,0.0024183044380331606,0.0,0.5,0.0,1.0,1.0
20,3,3,shrink_c0.5,shrink,0.5,all,0.02674115006811917,0.0016122740184068506,0.5804753974954995,0.04224358476711982,1.8346166762346887,0.27177370735048956,0.3790005638058583,0.02909301251835215,2.007616211475138,0.30494187789470195,240.0,0.0,0.0,0.0,-0.30338560650044116,0.008594902190475592,0.3100179195597488,0.004794456570494002,0.644637877503794,0.007288514204051805,1.936492885051702,0.6236611099855903,0.36106026610032155,0.05722801453786181,2.0985860643627414,0.6838908772675067,48.0,0.0,0.0,0.0,-0.23757447496210088,0.011053493162227373,0.2403178626713502,0.013218379856012673,0.5804753974954995,0.04224358476711982,1.805015700446106,0.18353353400282943,0.38348563823224247,0.022059262013474735,1.9795126909922567,0.20774585644163682,192.0,0.0,0.0,0.0,-0.3198383893850263,0.013507001028651395,0.3274429337818484,0.00929766567712067,0.6565518792414708,0.01608995636301223,34080.0,28080.0,5760.0,6000.0,5040.0,33120.0,662400.0,5040.0,5760.0,1.0,0.0,0.48072916666666665,0.010557497080215816,1.0,0.0,1.0,0.0,3.5411200517842385,0.056082389060663505,1.3921544144420825,0.021015725749419546,0.0,0.0,7.764657426541945,0.10105974686902423,-1.8488151287639298,0.0453269951717504,1.8488151287639298,0.0453269951717504,1.917954726373709,0.04497296546750272,0.3926527765595247,0.0034247890323497935,2.2414679053234545,0.041902206139400586,,,,,,,,,,,2,0.017525161278945635,0.0,1.0,0.0,1.0,1.0
20,3,3,shrink_c0.75,shrink,0.75,all,0.025295550003647804,0.0011673626659027415,0.6067548571725141,0.14583777766282469,3.5765384373003055,0.9769912537843911,0.5980925318339005,0.07633021854786845,3.9470530361921035,1.0824295878276913,240.0,0.0,0.0,0.0,-0.23172667086102217,0.022881374828021658,0.2993005718274962,0.02377676616244696,0.6600520849457061,0.07093363013707338,4.388928052996379,2.3235827137517946,0.6020480539564858,0.13813481167658825,4.784561046750037,2.537696768924447,48.0,0.0,0.0,0.0,-0.16016318188058346,0.007704642112941962,0.2414855886275017,0.0537395389849621,0.6067548571725141,0.14583777766282469,3.3244819523017304,0.5752623013110664,0.5971036513032543,0.060879070265688597,3.678572189389019,0.639041579454343,192.0,0.0,0.0,0.0,-0.24961754310613188,0.030527879063262563,0.3137543176274948,0.016286072956818245,0.6696709284502647,0.057424752799713416,34080.0,28080.0,5760.0,6000.0,5040.0,33120.0,662400.0,5040.0,5760.0,1.0,0.0,0.48368055555555556,0.010557497080215816,1.0,0.0,1.0,0.0,3.755295195636286,0.05520001900912861,0.36442677410696533,0.0049842348150357495,0.0,0.0,7.543573719017856,0.15103582268257118,-1.6294936823328818,0.047533050020199134,1.6294936823328818,0.047533050020199134,1.845515578130696,0.04698988630377287,0.6119742229905726,0.005630843880797998,2.2414679053234545,0.041902206139400586,,,,,,,,,,,2,0.08376654206982494,0.0,1.0,0.0,1.0,1.0
20,3,3,z_only_box,z_only_box,1.0,all,0.02594205003697425,0.003272561035165578,0.486519920958644,0.060985397122639964,2.3884040342069897,0.27170670584325335,0.48257131886050103,0.03235263389429185,2.63309600596162,0.30275981081253145,240.0,0.0,0.0,0.0,-0.20896100239058044,0.020767461124010494,0.23263363892759692,0.007633239467004971,0.5081724793887102,0.015421899711361863,2.0161789631267784,0.14711181059848366,0.406028390030171,0.005831441180444016,2.191110140780601,0.15878984375233574,48.0,0.0,0.0,0.0,-0.17024092706605254,0.0005290944457728925,0.19257590935579327,0.023901049233709008,0.486519920958644,0.060985397122639964,2.4678719145172074,0.2966452235915514,0.5017070510680836,0.038982932072753836,2.7299517235436728,0.3322052830744097,192.0,0.0,0.0,0.0,-0.2186410212217124,0.02582705279356993,0.2426480713205478,0.015516811642183508,0.5117434101135704,0.030026906340549105,34080.0,28080.0,5760.0,6000.0,5040.0,33120.0,662400.0,5040.0,5760.0,1.0,0.0,0.4855902777777778,0.010557497080215816,1.0,0.0,1.0,0.0,3.7349772186163777,0.06870227456807894,3.7349562843634185,0.06869070865098789,0.0,0.0,5.900232099360473,0.0871656072711631,-1.5042325477332783,0.030540619064667023,1.5042325477332783,0.030540619064667023,1.6291189115782623,0.036976442507039735,0.7372353575901764,0.011361587074734152,2.2414679053234545,0.041902206139400586,,,,,,,,,,,2,0.0266513310934841,0.0,1.0,0.5,1.0,1.0
20,3,3,z_zero,z_zero,0.0,all,0.028538550017401576,0.0014680244537447918,0.7290415787603894,0.014339174525115213,1.0221759672169963,0.007671232630332894,0.2443670024678527,0.0027952674507536776,1.0739059275350349,0.008200170580392973,240.0,0.0,0.0,0.0,-0.3812899143406495,0.0031448958597427596,0.3814178540035673,0.0033258298662065706,0.7513139522442174,0.004747403733977736,0.9868306940655023,0.04557946908282656,0.23059646010970153,0.0141007030602029,1.029000110578293,0.05016257019076908,48.0,0.0,0.0,0.0,-0.3244172324466062,0.006384117698784766,0.32491142462906,0.007083010985629639,0.7290415787603894,0.014339174525115213,1.0302376082637155,0.0008944951478252348,0.24780963805739048,3.1091451608667445e-05,1.084466341830502,0.001519620212200647,192.0,0.0,0.0,0.0,-0.39550808481416033,0.002335090399982258,0.39554446134719423,0.0023865345863509115,0.7556982274532607,0.0028904607396979406,34080.0,28080.0,5760.0,6000.0,5040.0,33120.0,662400.0,5040.0,5760.0,1.0,0.0,0.46987847222222223,0.011907874613731767,1.0,0.0,1.0,0.0,3.3857439932016176,0.05159722237064253,5.350540827073917,0.08358343483151821,0.0,0.0,9.888004201600664,0.08281781363300088,-2.2414679053234545,0.041902206139400586,2.2414679053234545,0.041902206139400586,2.2414679053234545,0.041902206139400586,0.0,0.0,2.2414679053234545,0.041902206139400586,,,,,,,,,,,2,0.0,0.0,0.5,0.0,0.0,0.0
20,3,4,batch_box,batch_box,1.0,all,0.06026580010075122,0.007754274488985339,0.6273151564141448,0.02053211197171043,0.9751135608964348,0.03832096776048701,0.22941727996565928,0.007699059511693116,1.0342093392603138,0.04509417468247669,240.0,0.0,0.0,0.0,-0.32675660069492174,0.0006645249744610034,0.32692489361594723,0.0006282117089082126,0.6513499551554907,0.0056786580653661115,0.9464879504244831,0.011218765051325758,0.22027449326317128,0.0005898951846390612,0.996192786795647,0.010222500044599936,48.0,0.0,0.0,0.0,-0.2753038556554315,0.009345098058646603,0.2756603945671966,0.009849320223178588,0.6273151564141448,0.02053211197171043,0.9816967467062094,0.04449321423545116,0.2317029766412813,0.009476350593456652,1.043203281981973,0.05323838816617756,192.0,0.0,0.0,0.0,-0.33961978695479433,0.0015056182965853574,0.33974101837813486,0.001677065419659347,0.6560072597971338,0.010711403666962585,75120.0,65280.0,9600.0,9840.0,8640.0,73920.0,1478400.0,8640.0,9600.0,1.0,0.0,0.44161458333333337,0.0021360517348343626,1.0,0.0,1.0,0.0,2.470712523997224,0.043013374712170455,2.470712523997224,0.043013374712170455,0.0,0.0,7.86414248715041,0.026449497566892025,-1.9513518506677991,0.010895317988405236,1.9513518506677991,0.010895317988405236,1.963370206915621,0.00786721372708344,0.26593697689780244,0.0011959252658259349,2.2172888275656017,0.012091243254231013,0.43162264872129896,0.0009303174949434984,0.2985,0.0014142135623730963,0.151,0.0007071067811865482,0.9995,0.0,0.8294642857142858,0.008838834764831853,2,0.002017873589642754,0.0,0.5,0.0,1.0,1.0
20,3,4,box_factor_a0.25,box_factor,0.25,all,0.04805154993664473,0.0009340174623028116,0.6506042411302784,0.006356500619619981,0.8770947603235103,0.004622072965668952,0.21023498254503237,0.002159863000368064,0.9171369289378319,0.005983341935465635,240.0,0.0,0.0,0.0,-0.3392499276163421,0.0008578206518164172,0.3393124612581704,0.0009462565761945052,0.6715494689888339,0.003420369545496272,0.8609870606000969,0.002894634220174738,0.20420799872066359,0.0016723381807577727,0.8957869201020605,0.004204736823518507,48.0,0.0,0.0,0.0,-0.28799810234872525,0.0033931389189118012,0.2883107705578664,0.003835318540802144,0.6506042411302784,0.006356500619619981,0.8808479818799643,0.006355941588841018,0.21174172850112455,0.0022817442052705775,0.9222671613802046,0.008400313566215222,192.0,0.0,0.0,0.0,-0.3520628839332463,0.00022399108504253184,0.3520628839332463,0.00022399108504253184,0.6756674273056849,0.005310568032728012,75120.0,65280.0,9600.0,9840.0,8640.0,73920.0,1478400.0,8640.0,9600.0,1.0,0.0,0.4375,0.0014731391274719688,1.0,0.0,1.0,0.0,2.4567500288394024,0.04316805198945863,3.612840235023658,0.05257017237624384,0.0,0.0,8.155502151703393,0.008186512694904034,-1.9935895587940105,0.010888475324911941,1.9935895587940105,0.010888475324911941,2.002076745462619,0.007663177597992866,0.22369926877159113,0.0012027679293192296,2.2172888275656017,0.012091243254231013,,,,,,,,,,,2,0.0006730416146927171,0.0,0.5,0.0,1.0,1.0
20,3,4,box_factor_a0.5,box_factor,0.5,all,0.046536299865692854,0.004885542165737875,0.5770476083818445,0.010369677236943787,1.0583774710985725,0.02477314236287844,0.24640095485922836,0.005161884010792724,1.1371667345486383,0.029499822612623294,240.0,0.0,0.0,0.0,-0.2947100382047524,0.0001994265453604679,0.29532984278347546,0.0008225027245831789,0.5945436039023196,0.010496144370972127,1.0081185890283502,0.011119508069118341,0.23398812570881886,0.0002775000448798523,1.07129867220298,0.01140164272801818,48.0,0.0,0.0,0.0,-0.24946237530040943,0.006842926424006996,0.2498927773387794,0.00743407882020908,0.5770476083818445,0.010369677236943787,1.0698817491181232,0.027817023185182924,0.24950416214683074,0.006382980002270963,1.1526624112494455,0.03362239301411147,192.0,0.0,0.0,0.0,-0.30602195393083814,0.001960014787702366,0.30668910914464953,0.0028866481107812213,0.5979518681422964,0.01454003758532052,75120.0,65280.0,9600.0,9840.0,8640.0,73920.0,1478400.0,8640.0,9600.0,1.0,0.0,0.44505208333333335,0.001546796083845579,1.0,0.0,1.0,0.0,2.4974671355961746,0.04151644242489022,3.1973755222711855,0.04706702546201001,0.0,0.0,7.016163573211755,0.0051512608541065714,-1.7983196778882988,0.00915375664670431,1.7983196778882988,0.00915375664670431,1.8286115047704865,0.003376906738373925,0.4189691496773028,0.0029374866075268396,2.2172888275656017,0.012091243254231013,,,,,,,,,,,2,0.002971772495125877,0.0,1.0,0.0,1.0,1.0
20,3,4,box_factor_a0.75,box_factor,0.75,all,0.04778129991609603,0.007837288634028116,0.5121223294447701,0.009183599978981575,1.4112823758016613,0.08134021849548484,0.3107313957047456,0.013983501142568957,1.5422893515096583,0.09269637282864814,240.0,0.0,0.0,0.0,-0.2494428218494682,0.0017649897455958856,0.25267889732549964,0.004797393594115352,0.5255865480762163,0.01904197469900657,1.3356975811855696,0.08030277967304722,0.28878472525923227,0.009018762296363782,1.4410540407764632,0.08811503276414799,48.0,0.0,0.0,0.0,-0.21025340961348232,0.009595043573054197,0.21299105921110212,0.008999918473794635,0.5121223294447701,0.009183599978981575,1.4285334568068986,0.08160232899376606,0.316218063316124,0.015224685854120163,1.5660164010989908,0.09378467053187318,192.0,0.0,0.0,0.0,-0.2592401749084646,0.0046049980752584235,0.26260085685409906,0.008246721611092854,0.5281609481403766,0.024540407230618802,75120.0,65280.0,9600.0,9840.0,8640.0,73920.0,1478400.0,8640.0,9600.0,1.0,0.0,0.449375,0.0025043365167023547,1.0,0.0,1.0,0.0,2.5587230818066113,0.039146193764105795,2.8789784264060128,0.04154091228138994,0.0,0.0,6.192280005334894,0.009744682260335808,-1.627386552339795,0.00796998224273185,1.627386552339795,0.00796998224273185,1.6932866061654877,0.0006503352674805511,0.5899022752258066,0.004121261011499006,2.2172888275656017,0.012091243254231013,,,,,,,,,,,2,0.007348288777768876,0.0,1.0,0.0,1.0,1.0
20,3,4,box_factor_a1.25,box_factor,1.25,all,0.04418484994675964,0.0016275474765443667,0.4384545697182819,0.00859325448545965,2.4188131642492054,0.29648646415174074,0.4819639153702825,0.03988701349266407,2.6695345659604763,0.33028765923522796,240.0,0.0,0.0,0.0,-0.16117357130680732,0.00431621465814308,0.1979615081341098,0.00825608517609525,0.44206253942528995,0.026992988274729814,2.322981514325153,0.38029568942274505,0.44155108249895464,0.043747711408328664,2.5290640471752446,0.41675350904586766,48.0,0.0,0.0,0.0,-0.1350550674747632,0.011920740744269416,0.1749792944049483,0.006528829322438738,0.4384545697182819,0.00859325448545965,2.440607037978294,0.2777636614601138,0.49206712358811444,0.03892183901374791,2.7024300639127463,0.31069968640712803,192.0,0.0,0.0,0.0,-0.16770319726481836,0.008375453508746187,0.20370706156640017,0.01195231380072873,0.44273830261018415,0.030653678030990252,75120.0,65280.0,9600.0,9840.0,8640.0,73920.0,1478400.0,8640.0,9600.0,1.0,0.0,0.45453125,0.002283365647581524,1.0,0.0,1.0,0.0,2.7108920764695417,0.034586190584131836,2.438948873681886,0.03278622111732224,0.0,0.0,5.265831320924246,0.009687248177290452,-1.3483761354426913,0.0075823676546267,1.3483761354426913,0.0075823676546267,1.5217823491148357,0.0006121743523186533,0.8689126921229103,0.004508875599604235,2.2172888275656017,0.012091243254231013,,,,,,,,,,,2,0.021994748672377534,0.0,1.0,1.0,1.0,1.0
20,3,4,box_factor_a1.5,box_factor,1.5,all,0.0473989499732852,0.0051066544111936455,0.4363312515103903,0.020965317800395865,3.0029344421800253,0.4243221708053737,0.5780430599795462,0.05411420742419598,3.317920634760704,0.47151034581772455,240.0,0.0,0.0,0.0,-0.11852706281014587,0.005607862697810091,0.19620493521156854,0.012060987023472866,0.4394913659893517,0.026255208891711082,2.882623642139327,0.5720319490658198,0.5281397331245306,0.06249722070940751,3.1415629598624735,0.6263602097156133,48.0,0.0,0.0,0.0,-0.09926497377194543,0.01218972728082392,0.17726281156765544,0.0020704103189719534,0.4363312515103903,0.020965317800395865,3.0299798724761997,0.3913522190879118,0.5905188916933001,0.05201845410289319,3.3588600519319733,0.43644173631745564,192.0,0.0,0.0,0.0,-0.12334258506969598,0.010057260192468583,0.2009404661225468,0.014558631199598082,0.4401194178216632,0.02730831089598101,75120.0,65280.0,9600.0,9840.0,8640.0,73920.0,1478400.0,8640.0,9600.0,1.0,0.0,0.45609375,0.001546796083845579,1.0,0.0,1.0,0.0,2.7899990834399233,0.03301496100679926,2.2863640351483303,0.029798685094911046,0.0,0.0,5.075170456177434,0.018298475734763855,-1.2350847949404589,0.0075831071274193,1.2350847949404589,0.0075831071274193,1.4790578362876143,0.0016014340403605397,0.9822040326251427,0.004508136126811909,2.2172888275656017,0.012091243254231013,,,,,,,,,,,2,0.032819961191437944,1.0,1.0,1.0,1.0,1.0
20,3,4,box_factor_a2,box_factor,2.0,all,0.045793149969540536,0.0028832278756849247,0.4892536948594356,0.04590309064493415,4.12869622798443,0.6154758491607413,0.765749695406285,0.07854493806577346,4.56460701826397,0.6828197076105226,240.0,0.0,0.0,0.0,-0.04063009065135202,0.007233807923834008,0.22212274551564026,0.009958131756637439,0.5033144461630317,0.01853416349936578,3.9527303344390177,0.7942365988812228,0.6966342277479516,0.088244523986017,4.3104518662618805,0.8693573763916673,48.0,0.0,0.0,0.0,-0.03472288650889331,0.013954779994939513,0.20580670660924805,0.015008727973814279,0.4892536948594356,0.04590309064493415,4.168405886169368,0.5757459512084137,0.7830285623208684,0.07612004158571253,4.623733891549628,0.6407883567462496,192.0,0.0,0.0,0.0,-0.0421068916869667,0.012530954903527394,0.2262017552422383,0.008695482702343228,0.5059982341648911,0.013227147446355794,75120.0,65280.0,9600.0,9840.0,8640.0,73920.0,1478400.0,8640.0,9600.0,1.0,0.0,0.45718749999999997,0.0016204530402191303,1.0,0.0,1.0,0.0,2.936938563356347,0.032842770115182884,2.0667661810638984,0.027673153710904015,0.0,0.0,5.056755958328077,0.046389162022961186,-1.0532786689665792,0.006703553609864158,1.0532786689665792,0.006703553609864158,1.4563409599177,0.00217773744805905,1.1640101585990226,0.005387689644367168,2.2172888275656017,0.012091243254231013,,,,,,,,,,,2,0.060394228051361326,0.0,1.0,0.0,1.0,1.0
20,3,4,f_zero,f_zero,0.0,all,0.006257799919694662,0.0005894440913046005,0.7254685972850108,0.0029416428227174484,0.8673759790647335,0.002305412937193411,0.2098892849616485,0.0017124113994267279,0.8914900134451602,0.002442236327134039,240.0,0.0,0.0,0.0,-0.382801801627781,0.0018585139354534302,0.3828390861349868,0.0019112421912103339,0.751292345327712,0.0016145333354517764,0.8577800710732131,0.0022583561116140084,0.20519627299174775,0.00018810990584147507,0.8809443226804385,0.0021560003181142636,48.0,0.0,0.0,0.0,-0.3254340253724107,0.0013158411670895558,0.3256204479084401,0.0010521998883047815,0.7254685972850108,0.0029416428227174484,0.8696230307545624,0.003367640722540583,0.21106253795412366,0.0020934867728230533,0.8940445429503158,0.003548699449898919,192.0,0.0,0.0,0.0,-0.3971437456916236,0.0026521027110890934,0.3971437456916236,0.0026521027110890934,0.7563682363432749,0.002491984285933233,15600.0,15360.0,0.0,240.0,0.0,15360.0,307200.0,0.0,0.0,0.0,0.0,0.0,0.0,0.0,0.0,0.0,0.0,0.0,0.0,0.0,0.0,0.0,0.0,,,,,,,,,,,,,,,,,,,,,,,2,0.0,0.0,0.0,0.0,0.0,0.0
20,3,4,raw,raw,1.0,all,0.044002799899317324,0.0013153601719958568,0.7261776672419835,0.1746823628123397,5.976446618579443,0.5322197596005704,0.8127239937035355,0.09811914690234655,6.608164759179803,0.5895711266127991,240.0,0.0,0.0,0.0,-0.1357135582763667,0.011991460177841641,0.2997267040937732,0.0024947181778975556,0.7049055511447213,0.017425732350883613,5.463060623685136,0.15574478552011656,0.7853017942641052,0.00853447209677106,5.956471761751056,0.1662129536271402,48.0,0.0,0.0,0.0,-0.07423625371806544,0.06764350079073407,0.2771495026226319,0.03930444367223162,0.7261776672419835,0.1746823628123397,6.086492661398378,0.6788915081297974,0.819579543563393,0.12051531560374037,6.752497815406081,0.7536646792306545,192.0,0.0,0.0,0.0,-0.15108288441594198,0.001921549975381447,0.3053710044615585,0.006707713195685963,0.6973076156223135,0.05766829500327527,75120.0,65280.0,9600.0,9840.0,8640.0,73920.0,1478400.0,8640.0,9600.0,1.0,0.0,0.45197916666666665,0.002062394778460772,1.0,0.0,0.0,0.0,2.8101203505255645,0.08285249562222635,2.8101203505255645,0.08285249562222635,0.0,0.0,7.963047964548177,0.562321410666007,-1.3662130326301944,0.0022327496104387204,1.3662130326301944,0.0022327496104387204,1.7717347374391768,0.02069698317562568,0.8510757949354074,0.01432399286466989,2.2172888275656017,0.012091243254231013,,,,,,,,,,,2,0.13066514715262778,0.0,0.0,0.0,1.0,1.0
20,3,4,sample_ball,sample_ball,1.0,all,0.05275004985742271,0.007429217413753449,0.564346096086503,0.019738640856258184,1.4254738682037933,0.0408288213350057,0.3169332519314708,0.008726911298868267,1.5530950873093419,0.046118588370040174,240.0,0.0,0.0,0.0,-0.276534703885156,0.005666015500264902,0.2809639343773241,0.004124073898159398,0.5896879388277134,0.0021713461718995087,1.4018132603291458,0.09261548379270604,0.3058167403638815,0.01015349430659992,1.5105081292692042,0.10105854970601472,48.0,0.0,0.0,0.0,-0.22741358652184857,0.01452959767978146,0.2314277157812082,0.0130733812197179,0.564346096086503,0.019738640856258184,1.4308604889039318,0.02886312180661086,0.3197123798233681,0.008370265546935417,1.563166797120875,0.033164221028188993,192.0,0.0,0.0,0.0,-0.28881498322598276,0.0034501199553857846,0.29334798902635306,0.0018867470677698247,0.594597357684642,0.006346333766664254,75120.0,65280.0,9600.0,9840.0,8640.0,73920.0,1478400.0,8640.0,9600.0,1.0,0.0,0.44609374999999996,0.001841423909339961,0.44609374999999996,0.001841423909339961,0.44609374999999996,0.001841423909339961,2.5133478489466095,0.04395314688564308,1.119636146611806,0.03141233381400957,0.0,0.0,7.227292730726338,0.0330358471027912,-1.786870470805603,0.010506251335819686,1.786870470805603,0.010506251335819686,1.8366056571616935,0.006608055103941095,0.4304183567599986,0.0015849919184113867,2.2172888275656017,0.012091243254231013,,,,,,,,,,,2,0.008097454374817448,0.0,1.0,0.0,1.0,1.0
20,3,4,sample_box,sample_box,1.0,all,0.04636799998115748,0.0010200721073389454,0.4645185356306617,0.0016835224526366465,1.876938105656418,0.1766759871960032,0.39123965977131847,0.02605022964372739,2.065697789414499,0.19804762508934792,240.0,0.0,0.0,0.0,-0.20493310623324337,0.003138938183731599,0.2161292042472964,0.008271062097313018,0.47268819974340737,0.024789912510450842,1.7891139666411775,0.2143422749123133,0.35927890161523623,0.024898131512003888,1.942829956114858,0.23525645551930405,48.0,0.0,0.0,0.0,-0.17213699811296207,0.010747478108627553,0.18626636162294052,0.007399967693647022,0.4645185356306617,0.0016835224526366465,1.8969882608356519,0.16835644209927533,0.39922984931033906,0.02633825417665815,2.094521736439652,0.18973105242253993,192.0,0.0,0.0,0.0,-0.2131321332633137,0.006610542256821447,0.22359491490338534,0.012188819545053029,0.47422541072394964,0.030000652187877317,75120.0,65280.0,9600.0,9840.0,8640.0,73920.0,1478400.0,8640.0,9600.0,0.9999479166666667,7.365695637357097e-05,0.4525520833333333,0.002430679560328764,0.9999479166666667,7.365695637357097e-05,0.9999479166666667,7.365695637357097e-05,2.632180509875221,0.037261008941207124,2.632180509875221,0.037261008941207124,0.0,0.0,5.625126212341565,0.008807448696814293,-1.478317906312889,0.007541652613239908,1.478317906312889,0.007541652613239908,1.5916653337501985,0.0006470192645776222,0.7389709212527127,0.004549590640991302,2.2172888275656017,0.012091243254231013,,,,,,,,,,,2,0.01356535360429139,0.0,1.0,0.0,1.0,1.0
20,3,4,shrink_c0.1,shrink,0.1,all,0.05245975009165704,0.008054865318656654,0.7032388824880682,0.002320808392795456,0.8657087091949274,0.008296626165811723,0.20878022095655696,0.0031410518069156152,0.8931249965115844,0.009496637213909021,240.0,0.0,0.0,0.0,-0.3716337582730326,0.0024620648402826325,0.371687699072912,0.0025383486510374134,0.7319891780607843,0.0019489494778163964,0.8522254936053855,0.003921165243448249,0.2034242705187348,0.0024070507667837424,0.8779776126842445,0.004180542121972556,48.0,0.0,0.0,0.0,-0.3141911325690646,0.0011370044821718034,0.3144608365684617,0.0015184235359454123,0.7032388824880682,0.002320808392795456,0.8688581393604973,0.009309583174557148,0.21011920856601252,0.0033245520669485714,0.8967827911693742,0.010768006692680469,192.0,0.0,0.0,0.0,-0.3859944146990246,0.002793329929810286,0.3859944146990246,0.002793329929810286,0.737625315965649,0.0018781410063346594,75120.0,65280.0,9600.0,9840.0,8640.0,73920.0,1478400.0,8640.0,9600.0,1.0,0.0,0.4323958333333333,0.002062394778460772,1.0,0.0,1.0,0.0,2.4453329471316696,0.04346086334696398,3.378445564873257,0.045842832570855155,0.0,0.0,9.107534714378732,0.02483301182805783,-2.1405276266811217,0.010954126016634494,2.1405276266811217,0.010954126016634494,2.1414088541191045,0.010499663644147707,0.07676120088447966,0.0011371172375964215,2.2172888275656017,0.012091243254231013,,,,,,,,,,,2,0.00021849541133892028,0.0,0.0,0.0,1.0,1.0
20,3,4,shrink_c0.25,shrink,0.25,all,0.04781859996728599,0.011668958895554834,0.6651595068840351,0.012023224345993894,0.9247330394412304,0.02171377093811,0.22140133981454235,0.004015372200594664,0.9684779594635889,0.02496657242333396,240.0,0.0,0.0,0.0,-0.3513183540606083,0.0037094057396107227,0.35139747499319574,0.00382129963554337,0.6986577373462881,0.0027408496651065775,0.9068982864256285,0.009019533279627595,0.21529283314790304,0.0012786582633207229,0.9463233854581592,0.008680833617196449,48.0,0.0,0.0,0.0,-0.2938436778639312,0.0057955520247629936,0.2942392825268681,0.006355021504426366,0.6651595068840351,0.012023224345993894,0.9288795954293315,0.024639608789216175,0.22292846648120224,0.004699550684913083,0.9737923390465,0.028833715774471073,192.0,0.0,0.0,0.0,-0.36568702310977763,0.0031878691683226157,0.36568702310977763,0.0031878691683226157,0.7051828285597027,0.000984079722273542,75120.0,65280.0,9600.0,9840.0,8640.0,73920.0,1478400.0,8640.0,9600.0,1.0,0.0,0.4371875,0.0016204530402191893,1.0,0.0,1.0,0.0,2.460469065941382,0.04552115100547629,2.361349652378153,0.03280993577375603,0.0,0.0,8.345646968340205,0.024148275709023247,-2.0231864710863885,0.009071631067071893,2.0231864710863885,0.009071631067071893,2.0303634814097746,0.008073357209422911,0.19410235647921342,0.003019612187159199,2.2172888275656017,0.012091243254231013,,,,,,,,,,,2,0.0014490249906356036,0.0,0.5,0.0,1.0,1.0
20,3,4,shrink_c0.5,shrink,0.5,all,0.05196159996557981,0.0057173824963601206,0.5920153785971739,0.030492983891696968,1.416903671210713,0.08212524222881588,0.3040227113601611,0.012225132570969565,1.5396028361855671,0.09238038932514363,240.0,0.0,0.0,0.0,-0.30426172630156406,0.006395834031017301,0.3063308081802002,0.005222306997554593,0.6323819825637498,0.002804118317622266,1.3839933146588241,0.01012897520956617,0.2960475946357629,0.000751702523242443,1.4886926591165612,0.013558584246300924,48.0,0.0,0.0,0.0,-0.2465559770870604,0.0177214449134963,0.2479603816196876,0.017455009175155297,0.5920153785971739,0.030492983891696968,1.4241437746147674,0.10330974617063911,0.3060164905412607,0.015469341344522639,1.5512695010965707,0.11725201790718368,192.0,0.0,0.0,0.0,-0.3186881636051899,0.00356443131039757,0.3209234148203283,0.0021641314531544533,0.6401069613743198,0.0023347647358264666,75120.0,65280.0,9600.0,9840.0,8640.0,73920.0,1478400.0,8640.0,9600.0,1.0,0.0,0.4438020833333334,0.0018414239093400002,1.0,0.0,1.0,0.0,2.52330473854553,0.05302137139500033,1.0724936830028162,0.016306002529835065,0.0,0.0,7.389834046877069,0.04570132708386096,-1.819480394183552,0.005558239513598992,1.819480394183552,0.005558239513598992,1.8689190953914512,0.009953027219725541,0.39780843338204985,0.006533003740632178,2.2172888275656017,0.012091243254231013,,,,,,,,,,,2,0.008202938484487263,0.0,1.0,0.0,1.0,1.0
20,3,4,shrink_c0.75,shrink,0.75,all,0.05322280013933778,0.0026916725894725623,0.5607864928775962,0.004580377473033126,2.9515872325626997,0.24269535612398238,0.49210042736049747,0.042303853931111315,3.255697643765843,0.2696025536133269,240.0,0.0,0.0,0.0,-0.23470307536777468,0.009346838835239032,0.27193883534330754,0.004300686509287665,0.5897802362935542,0.002141223838247454,2.7844902324128076,0.06675666990204333,0.4782331328224718,0.004109478273361204,3.030446591032841,0.07329490170541586,48.0,0.0,0.0,0.0,-0.17590785753927843,0.03736853025139253,0.2272588434560937,0.0045202374825612235,0.5607864928775962,0.004580377473033126,2.987562617898984,0.31102960663786056,0.49556725099500387,0.05185244784554878,3.306022308766328,0.34673791169507706,192.0,0.0,0.0,0.0,-0.2494018798248987,0.002341415981200629,0.28310883331511094,0.00424579876596928,0.5954295317634541,0.0016807015370098152,75120.0,65280.0,9600.0,9840.0,8640.0,73920.0,1478400.0,8640.0,9600.0,1.0,0.0,0.44848958333333333,0.0028726212985703274,1.0,0.0,1.0,0.0,2.638918960969735,0.06544824409451708,0.27754358883739183,0.0048205330710038114,0.0,0.0,7.02579547757694,0.15251066935598007,-1.6019095852378886,0.0017303516142747081,1.6019095852378886,0.0017303516142747081,1.7742434738460253,0.016255386528304706,0.6153792423277131,0.01036089163995666,2.2172888275656017,0.012091243254231013,,,,,,,,,,,2,0.03521014138019926,0.0,1.0,0.0,1.0,1.0
20,3,4,z_only_box,z_only_box,1.0,all,0.051246399874798954,0.007432540923249111,0.46451668546516933,0.0017710997679326575,1.9020173928714323,0.14870913325601903,0.3927079239306595,0.024892015549649548,2.0936445693111563,0.16687788327432376,240.0,0.0,0.0,0.0,-0.20442836792888391,0.0029948273449153847,0.21602272007385537,0.008369941743326982,0.4728459370482523,0.025210251882732824,1.7925067653912126,0.21689064331074992,0.359639187042899,0.025050551252354655,1.9465537921536489,0.23804569133622883,48.0,0.0,0.0,0.0,-0.17203334689882382,0.010701315706254454,0.18629900337069435,0.007546552646437806,0.46451668546516933,0.0017710997679326575,1.9267321211042823,0.13382889538092013,0.4009751081525996,0.024852381623973234,2.127781243046485,0.15111909964460166,192.0,0.0,0.0,0.0,-0.21252712318639894,0.006418863107707825,0.2234536492496456,0.01234906534076816,0.4744112886044558,0.03051905736301731,75120.0,65280.0,9600.0,9840.0,8640.0,73920.0,1478400.0,8640.0,9600.0,0.9999479166666667,7.365695637357097e-05,0.4525520833333333,0.002430679560328764,0.9999479166666667,7.365695637357097e-05,0.9999479166666667,7.365695637357097e-05,2.632180509875221,0.037261008941207124,2.632172368534767,0.03725173415344008,0.0,0.0,5.627144462445093,0.007136587963080318,-1.4780597671092939,0.007329642368544874,1.4780597671092939,0.007329642368544874,1.5919234729537937,0.0008590295092726555,0.7392290604563079,0.0047616008856863345,2.2172888275656017,0.012091243254231013,,,,,,,,,,,2,0.013990473530998398,0.0,1.0,0.5,1.0,1.0
20,3,4,z_zero,z_zero,0.0,all,0.0519900000654161,0.008851562586246527,0.7254685972850108,0.0029416428227174484,0.8673759790647335,0.002305412937193411,0.2098892849616485,0.0017124113994267279,0.8914900134451602,0.002442236327134039,240.0,0.0,0.0,0.0,-0.382801801627781,0.0018585139354534302,0.3828390861349868,0.0019112421912103339,0.751292345327712,0.0016145333354517764,0.8577800710732131,0.0022583561116140084,0.20519627299174775,0.00018810990584147507,0.8809443226804385,0.0021560003181142636,48.0,0.0,0.0,0.0,-0.3254340253724107,0.0013158411670895558,0.3256204479084401,0.0010521998883047815,0.7254685972850108,0.0029416428227174484,0.8696230307545624,0.003367640722540583,0.21106253795412366,0.0020934867728230533,0.8940445429503158,0.003548699449898919,192.0,0.0,0.0,0.0,-0.3971437456916236,0.0026521027110890934,0.3971437456916236,0.0026521027110890934,0.7563682363432749,0.002491984285933233,75120.0,65280.0,9600.0,9840.0,8640.0,73920.0,1478400.0,8640.0,9600.0,0.9999479166666667,7.365695637357097e-05,0.4308854166666667,0.0028726212985703864,1.0,0.0,1.0,0.0,2.4430386105899693,0.04306237026727548,4.164638038047959,0.05644282290473776,0.0,0.0,9.687767846871127,0.028885524327501293,-2.2172888275656017,0.012091243254231013,2.2172888275656017,0.012091243254231013,2.2172888275656017,0.012091243254231013,0.0,0.0,2.2172888275656017,0.012091243254231013,,,,,,,,,,,2,0.0,0.0,0.0,0.0,0.0,0.0
20,3,6,batch_box,batch_box,1.0,all,0.1347220999887213,0.009037814613536106,0.6230253730740714,0.019964391541414633,0.8015180951470606,0.00530719770434948,0.19143991144410616,0.0011855073187040876,0.8318534592383768,0.006540451467994497,240.0,0.0,0.0,0.0,-0.32756576408842253,0.0006319120866344665,0.32759161117752555,0.0006666272643535095,0.6503066856759971,0.0015444147207282996,0.7947836630576666,0.027373098358837077,0.18673641114275946,0.005303390230844646,0.8236010270958358,0.03439778964938555,48.0,0.0,0.0,0.0,-0.27583479926068133,0.009412697190657945,0.2758573930013912,0.009435458934002914,0.6230253730740714,0.019964391541414633,0.8030546802862288,0.0001545939712275534,0.19261578651944278,0.00015603659066893306,0.8337855623331247,0.00017838649830633833,192.0,0.0,0.0,0.0,-0.34049850529535786,0.001563284189371457,0.3405251657215591,0.0015255806530589985,0.6556153146285587,0.0019689234628671097,236400.0,216000.0,20160.0,20400.0,18720.0,234720.0,4694400.0,18720.0,20160.0,0.9993799603174602,0.0002455231879119163,0.38278769841269844,0.002244783432338258,0.9993799603174602,0.0002455231879119163,0.9999007936507937,0.0,1.4981405083799584,0.006637648365153443,1.4981405083799584,0.006637648365153443,0.0,0.0,7.854752894846599,0.09316912827271503,-1.9319686634377216,0.019503884965443783,1.9319686634377216,0.019503884965443783,1.942871564889466,0.018459935766770425,0.25358803760474424,0.0011202166286861963,2.185556701042466,0.020624101594129664,0.45994677676750884,0.004147717542951796,0.33,0.0035355339059327407,0.173,0.0007071067811865482,0.9995,0.0,0.8131944444444444,0.005565192259338601,2,0.0008736393385671809,0.0,0.0,0.0,1.0,1.0
20,3,6,box_factor_a0.25,box_factor,0.25,all,0.13861865003127605,0.0046635812210474425,0.6518322384753348,0.013557723662662642,0.7515577049884563,0.0009135611926707454,0.18252747275081996,0.0004399116015098419,0.7687502753942244,4.8071840078874955e-05,240.0,0.0,0.0,0.0,-0.3386732443634057,0.002524471346712164,0.3386768791710275,0.002529480589031786,0.670096857106102,0.005319591151205705,0.755907010982712,0.01042198706020977,0.18094222508001712,0.002485485448031589,0.774279583701979,0.014325403405679905,48.0,0.0,0.0,0.0,-0.2883769710401529,0.005797203180695751,0.2883951450782619,0.0058222493922934285,0.6518322384753348,0.013557723662662642,0.7505152578486491,0.0036074833332556504,0.1829237846685207,0.001171260863895207,0.767373479218987,0.0035895713072646982,192.0,0.0,0.0,0.0,-0.3512473126942188,0.0017062883882162678,0.3512473126942188,0.0017062883882162678,0.6736973138682207,0.0037201008650886986,236400.0,216000.0,20160.0,20400.0,18720.0,234720.0,4694400.0,18720.0,20160.0,0.9993303571428571,0.0003858221524331739,0.3808531746031746,0.0030164277372045664,0.999702380952381,0.00014029896452113987,0.999702380952381,0.00014029896452113987,1.4944325540561194,0.006447479382509332,2.4244466064190204,0.010288234927376285,0.0,0.0,8.051351480780209,0.08515356538762724,-1.9580988326902624,0.0173958186885807,1.9580988326902624,0.0173958186885807,1.9664590402922608,0.01743861592394053,0.22745786835220366,0.0032282829055492405,2.185556701042466,0.020624101594129664,,,,,,,,,,,2,0.00033026855646783155,0.0,0.0,0.0,1.0,1.0
20,3,6,box_factor_a0.5,box_factor,0.5,all,0.13541375007480383,0.000542704553395035,0.5785802909525033,0.024218555827600654,0.830770087907696,0.010008787797840998,0.19739964570827892,0.0035168393183755194,0.8754578132700643,0.01307091147516748,240.0,0.0,0.0,0.0,-0.29616304897987644,0.0040079736119004155,0.2961826000128598,0.003992114491432514,0.5934941749752045,0.009339406894700704,0.8177219460290275,0.03411831357046047,0.19003313414730028,0.007971137855666612,0.8559350491669605,0.04200961815348474,48.0,0.0,0.0,0.0,-0.2509391351382128,0.01158925089805283,0.2509635111466408,0.011613729094015526,0.5785802909525033,0.024218555827600654,0.8337679819953103,0.004430460407879673,0.19924127359852356,0.0024032646840527437,0.8800864130494912,0.00620024985692094,192.0,0.0,0.0,0.0,-0.30746902744029236,0.0021126542903622597,0.3074873722294145,0.0020867108407868267,0.59642012107104,0.006443041492447037,236400.0,216000.0,20160.0,20400.0,18720.0,234720.0,4694400.0,18720.0,20160.0,0.9994295634920635,0.0003156726701725255,0.3875248015873016,0.002841054031553063,0.9995287698412698,0.00024552318791203406,0.9995287698412698,0.00024552318791203406,1.5108355743881594,0.008367509751649427,2.0581873075018837,0.010992411490808438,0.0,0.0,6.933338388954317,0.07135369763991768,-1.7641603765243081,0.014297615459479775,1.7641603765243081,0.014297615459479775,1.794643493869041,0.01514329013210023,0.4213963245181578,0.006326486134650029,2.185556701042466,0.020624101594129664,,,,,,,,,,,2,0.0012779781435298863,0.0,0.0,0.0,1.0,1.0
20,3,6,box_factor_a0.75,box_factor,0.75,all,0.12694560003001243,0.01139516720536362,0.5094148181335512,0.031845329376100594,1.0371904697731793,0.03644657017766096,0.23599715338671526,0.010113089535238672,1.1210893079143815,0.04271123047730387,240.0,0.0,0.0,0.0,-0.25501938096883237,0.005553995257207321,0.2552221005200138,0.005421159664184257,0.5225232592555473,0.013127440519927407,1.0034874648967786,0.08885652638881428,0.22279967740559142,0.015843034277782653,1.0724301834729089,0.10203849734604524,48.0,0.0,0.0,0.0,-0.21405941917950144,0.018063412755286397,0.21452288371843226,0.017473469851558173,0.5094148181335512,0.031845329376100594,1.044786901204016,0.024581393450071584,0.23929652238199617,0.008680603349602677,1.1324080155538911,0.02901246989367871,192.0,0.0,0.0,0.0,-0.2652593714161651,0.002426640882687541,0.2653969047204092,0.0024080821173407684,0.525073918299505,0.009484175885926418,236400.0,216000.0,20160.0,20400.0,18720.0,234720.0,4694400.0,18720.0,20160.0,0.999454365079365,0.00028059792904227974,0.3920882936507937,0.003121651960595343,0.9995039682539683,0.00028059792904227974,0.9995039682539683,0.00028059792904227974,1.535795201125739,0.010748440847768218,1.7791876074020694,0.012129652844875296,0.0,0.0,6.145683205784489,0.06423212773584992,-1.5996645523228545,0.012011164795994272,1.5996645523228545,0.012011164795994272,1.66372881894495,0.014197054265726733,0.5858921487196114,0.008612936798135707,2.185556701042466,0.020624101594129664,,,,,,,,,,,2,0.003066618608136255,0.0,0.5,0.0,1.0,1.0
20,3,6,box_factor_a1.25,box_factor,1.25,all,0.14266894990578294,0.0006721049272188454,0.4098323515415515,0.024440878090544585,1.7101231728460844,0.12185431073468905,0.3556505384563149,0.023432581744525418,1.882985997912296,0.13660999309199445,240.0,0.0,0.0,0.0,-0.17640779175374863,0.010799726044108676,0.19005503415250247,0.009284072359287417,0.41428130176067435,0.01937216678107142,1.634899518962045,0.21683275718779554,0.33284488130598344,0.028830539043767738,1.775923089963631,0.23907796064492265,48.0,0.0,0.0,0.0,-0.1431619457377251,0.030389718036488923,0.16406588488617194,0.01359470453862692,0.4098323515415515,0.024440878090544585,1.7269777936335755,0.10070162756541683,0.3613519527438977,0.022083092419714838,1.9077458821998532,0.11341608551353498,192.0,0.0,0.0,0.0,-0.1847192532577545,0.0059022280460136484,0.1965523214690851,0.008206414314452556,0.415164588210598,0.018368223183040832,236400.0,216000.0,20160.0,20400.0,18720.0,234720.0,4694400.0,18720.0,20160.0,0.9994295634920635,0.00024552318791203406,0.396875,0.0023149329145988667,0.9993551587301588,0.0002104484467817491,0.9993551587301588,0.0002104484467817491,1.596678469502329,0.015758633867923273,1.4012567002098268,0.01437723894756884,0.0,0.0,5.272944308711648,0.05993341052337951,-1.3432864368756605,0.008184550042688175,1.3432864368756605,0.008184550042688175,1.4986191709973808,0.012500819584379706,0.8422702641668055,0.012439551551441805,2.185556701042466,0.020624101594129664,,,,,,,,,,,2,0.010103348867387282,0.0,1.0,1.0,1.0,1.0
20,3,6,box_factor_a1.5,box_factor,1.5,all,0.12758840003516525,0.006605791635581953,0.39034637356012925,0.006999316852664868,2.10009147928902,0.17677048184968525,0.4237040906074243,0.030535315480898016,2.3176845870701825,0.19696111760754628,240.0,0.0,0.0,0.0,-0.13980395743117363,0.014166841461880752,0.17464585376477243,0.006954549207947333,0.38791073064114,0.016717996528928854,2.0122780564752643,0.2631773279328905,0.39695481103993036,0.03429707781621779,2.190473948296443,0.28849140449456273,48.0,0.0,0.0,0.0,-0.11002935876134497,0.035864537166393165,0.15322907704647534,0.0026796318946817176,0.39034637356012925,0.006999316852664868,2.119983672352473,0.15748714547409712,0.43039141049929774,0.029594874897068087,2.347370513091652,0.1762195763376166,192.0,0.0,0.0,0.0,-0.14724760709863083,0.00874241753575267,0.1800000479443467,0.009363094483604577,0.3874049009029724,0.018684417825375627,236400.0,216000.0,20160.0,20400.0,18720.0,234720.0,4694400.0,18720.0,20160.0,0.9994295634920635,0.00024552318791203406,0.3982390873015873,0.0022097086912079927,0.9992559523809523,0.00028059792904227974,0.9992559523809523,0.00028059792904227974,1.626977975265543,0.017946829208203754,1.2745821807923776,0.015288208775683784,0.0,0.0,5.081869006400707,0.0627112211127387,-1.2456294909379173,0.006500541254497487,1.2456294909379173,0.006500541254497487,1.4570609194588102,0.013613320388149143,0.9399272101045486,0.014123560339632532,2.185556701042466,0.020624101594129664,,,,,,,,,,,2,0.015692444161973105,0.5,1.0,1.0,1.0,1.0
20,3,6,box_factor_a2,box_factor,2.0,all,0.13140469999052584,0.00304112495209429,0.41378449235413295,0.045115125489826095,2.8999229515655944,0.27504764085092437,0.5603724587064053,0.042460529592792166,3.2048994401235706,0.3049087909400524,240.0,0.0,0.0,0.0,-0.07416042969704302,0.021090857362898775,0.17201622054079985,0.001263101796796658,0.4008562257904784,0.005025080268090727,2.7911909499083096,0.3343224927708634,0.5249001604435074,0.04094235908213444,3.0423223464429863,0.36451880524689984,48.0,0.0,0.0,0.0,-0.04987953262436991,0.04691771285667926,0.15758000965572966,0.023092892064039316,0.41378449235413295,0.045115125489826095,2.924870447733908,0.2617672542474487,0.5692405332721298,0.04284007222045672,3.243232551360884,0.2913826746244856,192.0,0.0,0.0,0.0,-0.08023065396521128,0.014634143489453648,0.17562527326206737,0.00419434577001399,0.3979659487069056,0.0033385425779838235,236400.0,216000.0,20160.0,20400.0,18720.0,234720.0,4694400.0,18720.0,20160.0,0.9994047619047619,0.00028059792904227974,0.39967757936507936,0.0023500076557291323,0.9991815476190475,0.00038582215243305616,0.9991815476190475,0.00038582215243305616,1.6798999641128458,0.021458585235561607,1.1004222154876273,0.016656999582621963,0.0,0.0,4.995396736385331,0.07577898082202897,-1.0980671672184745,0.003940182204294865,1.0980671672184745,0.003940182204294865,1.4318236262741106,0.018106782830032902,1.0874895338239914,0.016683919389835898,2.185556701042466,0.020624101594129664,,,,,,,,,,,2,0.0310894188704704,0.5,1.0,1.0,1.0,1.0
20,3,6,f_zero,f_zero,0.0,all,0.023289000033400953,0.003179010836539585,0.7260622075786749,0.004674471121270492,0.7817391623038384,0.0011405836170264804,0.19068022765889717,0.00024323242046341419,0.7885893326753113,0.0007809214325309156,240.0,0.0,0.0,0.0,-0.38280563311446414,0.0015452381279577067,0.38280854780863993,0.001549360127991283,0.7506385936815638,0.002815671029551642,0.7880000035106306,0.008788755818188016,0.19154752681123344,0.0035024839010536846,0.799347320890688,0.01114613495908397,48.0,0.0,0.0,0.0,-0.32638124585389344,0.0013941066399679254,0.3263958193247725,0.0014147166401359634,0.7260622075786749,0.004674471121270492,0.7802452909495392,0.0035067776461732924,0.1904634028708131,0.0011796615008426766,0.7859260659799097,0.0037432044666809113,192.0,0.0,0.0,0.0,-0.3969117299296069,0.0015830209999550882,0.3969117299296069,0.0015830209999550882,0.7554752895480152,0.002457432029756062,52080.0,51840.0,0.0,240.0,0.0,51840.0,1036800.0,0.0,0.0,0.0,0.0,0.0,0.0,0.0,0.0,0.0,0.0,0.0,0.0,0.0,0.0,0.0,0.0,,,,,,,,,,,,,,,,,,,,,,,2,0.0,0.0,0.0,0.0,0.0,0.0
20,3,6,raw,raw,1.0,all,0.12030689988750964,0.008889746478544508,0.5328177661546285,0.05000103980905426,3.3493413404208807,0.3317972769580826,0.5540310711359924,0.04895934915690558,3.700463740333396,0.3669746343784034,240.0,0.0,0.0,0.0,-0.15832538299961996,0.028791168512008868,0.22024859527888668,0.010823184250668324,0.501661800155745,0.03683838215930765,3.0703679369392116,0.24632246022733217,0.5348859110546649,0.008506798305237491,3.3444129030054857,0.2680857963007223,48.0,0.0,0.0,0.0,-0.10524755837923165,0.06517953521779439,0.2006605343168115,0.011955546633165878,0.5328177661546285,0.05000103980905426,3.411772932994329,0.3502774213229779,0.5588173611563243,0.0590724868698227,3.7822427205624427,0.38882855906703273,192.0,0.0,0.0,0.0,-0.171594839154717,0.019694076835562433,0.22514561051940551,0.010540093655043919,0.4951567108465792,0.03401388672028069,236400.0,216000.0,20160.0,20400.0,18720.0,234720.0,4694400.0,18720.0,20160.0,0.9994295634920635,0.00024552318791203406,0.39546130952380953,0.002911203513813633,0.9994295634920635,0.00024552318791203406,0.0,0.0,1.612585713184631,0.015599802086035902,1.612585713184631,0.015599802086035902,0.0,0.0,6.531413398578582,0.0594656568280551,-1.3737833098893053,0.015939962027304574,1.3737833098893053,0.015939962027304574,1.6584378297486908,0.010222084108270288,0.8117733911531604,0.0046841395668253665,2.185556701042466,0.020624101594129664,,,,,,,,,,,2,0.042086388151918244,0.0,0.0,0.5,1.0,1.0
20,3,6,sample_ball,sample_ball,1.0,all,0.13543649995699525,0.014691698931347516,0.5226350117333853,0.0554522763343515,1.2155951404114593,0.07814903080746208,0.2734813435539547,0.01402545862321429,1.3208779629855445,0.08964901650089478,240.0,0.0,0.0,0.0,-0.259225971298357,0.007909495982174225,0.25989469610767013,0.00777285769505457,0.5415173326386883,0.016155949914997747,1.204897928388025,0.14736713157872788,0.26214272687930956,0.019103071588497264,1.2949770960290645,0.16778194627523874,48.0,0.0,0.0,0.0,-0.21232846508005937,0.03184952595805972,0.21394423682119412,0.03049717497737275,0.5226350117333853,0.0554522763343515,1.2178138094004185,0.06200944110107969,0.27631599772261595,0.012756055381893472,1.326763566267016,0.0710562440283475,192.0,0.0,0.0,0.0,-0.27095034785293143,0.0019244884882028566,0.2713823109292892,0.0020917783744750407,0.5450556160529638,0.008599749093415855,236400.0,216000.0,20160.0,20400.0,18720.0,234720.0,4694400.0,18720.0,20160.0,0.9994295634920635,0.00024552318791203406,0.38958333333333334,0.002314932914598808,0.38958333333333334,0.002314932914598808,0.38958333333333334,0.002314932914598808,1.5242988079577113,0.009782359934995783,0.5371034347233044,0.001268712219337439,0.0,0.0,6.813823024023157,0.0727089538353269,-1.6907761887720665,0.016476967812357367,1.6907761887720665,0.016476967812357367,1.750142227748269,0.015503553678278457,0.4947805122703992,0.004147133781772673,2.185556701042466,0.020624101594129664,,,,,,,,,,,2,0.005536151511258656,0.0,0.0,0.0,1.0,1.0
20,3,6,sample_box,sample_box,1.0,all,0.1291465499671176,0.013486152702419048,0.45090934653186093,0.03329689541185048,1.344157330380566,0.07725334618738525,0.2911982435251019,0.016956339875593227,1.4718654096978674,0.08771070882257055,240.0,0.0,0.0,0.0,-0.21499778354818677,0.008127940538494737,0.21762708212618304,0.008280672496425412,0.4610111807688701,0.0174762318432094,1.290661815034444,0.16315268137205446,0.27297115948328743,0.023075993587180956,1.3950588125888541,0.1820339807807261,48.0,0.0,0.0,0.0,-0.17786679801461064,0.02502249230022405,0.18259132562117628,0.022819153420450742,0.45090934653186093,0.03329689541185048,1.356054063762791,0.05800365219619571,0.29575501453555547,0.01542642644769631,1.489532660080538,0.06620254697485747,192.0,0.0,0.0,0.0,-0.22428052993158076,0.003904302598062363,0.2263860212524347,0.0046460522654190725,0.4629785192414232,0.014385540642805053,236400.0,216000.0,20160.0,20400.0,18720.0,234720.0,4694400.0,18720.0,20160.0,0.9994047619047619,0.00028059792904227974,0.3949652777777778,0.002911203513813633,0.9994047619047619,0.00028059792904227974,0.9994047619047619,0.00028059792904227974,1.565518131725291,0.013240653077577972,1.565518131725291,0.013240653077577972,0.0,0.0,5.611430053265105,0.06047583326898583,-1.4603268766928852,0.009988838253680939,1.4603268766928852,0.009988838253680939,1.5665085788952795,0.012862786700321042,0.7252298243495807,0.01063526334044908,2.185556701042466,0.020624101594129664,,,,,,,,,,,2,0.005946501062351191,0.0,0.5,0.0,1.0,1.0
20,3,6,shrink_c0.1,shrink,0.1,all,0.1242150500183925,0.0005419971119573346,0.708430513545695,0.005597259255729565,0.7690263933347932,0.0011215511798856573,0.18734809343463754,0.00011071735379888834,0.7772965816186821,0.00046355024923831046,240.0,0.0,0.0,0.0,-0.372096061474723,0.002117591408706839,0.3720991271659362,0.002121926950798547,0.7312593090921176,0.004221898613704401,0.776578634206025,0.008102313288049466,0.18853653078333543,0.003130907838060221,0.788995008803636,0.010474373888058771,48.0,0.0,0.0,0.0,-0.3173484682199895,0.0023816409805896607,0.3173637966760555,0.002403318691048457,0.708430513545695,0.005597259255729565,0.7672254169351125,0.003324535071351208,0.18705098409746307,0.0009211236517636386,0.7744012188879543,0.0031848789328653257,192.0,0.0,0.0,0.0,-0.3857829597884063,0.0020515790157361337,0.3857829597884063,0.0020515790157361337,0.7357563045958528,0.003956560128111447,236400.0,216000.0,20160.0,20400.0,18720.0,234720.0,4694400.0,18720.0,20160.0,0.9993055555555554,0.00021044844678167057,0.37668650793650793,0.0025253813613805177,1.0,0.0,1.0,0.0,1.4899234216639505,0.0057873946648902535,2.3615920938906525,0.0091995975164673,0.0,0.0,9.013715064798385,0.10379428533425718,-2.109639331797121,0.020551990393981895,2.109639331797121,0.020551990393981895,2.110091501869326,0.020480287113656192,0.07591736924534483,7.211120014865392e-05,2.185556701042466,0.020624101594129664,,,,,,,,,,,2,5.6682444303847806e-05,0.0,0.0,0.0,1.0,1.0
20,3,6,shrink_c0.25,shrink,0.25,all,0.13040565000846982,0.008634693013783437,0.6745151934539201,0.011921537358317727,0.778380028423315,0.005274233654135748,0.1893816402422499,0.0012979055463531195,0.7957675832436323,0.007822152343595451,240.0,0.0,0.0,0.0,-0.35252660905665345,0.003617404250183314,0.35253013985312265,0.003621726001472087,0.6960810058161051,0.007590256341821135,0.7817952250499443,0.007531581830543256,0.18889748920039368,0.0029908408491389764,0.8007528226309668,0.01069782580704118,48.0,0.0,0.0,0.0,-0.2999963579656897,0.0059387262356912635,0.3000140119480358,0.005960334992135324,0.6745151934539201,0.011921537358317727,0.7775715370513376,0.004738724277214226,0.18950267800271392,0.0008746717206566529,0.7945447021411476,0.007114499030986295,192.0,0.0,0.0,0.0,-0.3656591718293944,0.0030370737538062778,0.3656591718293944,0.0030370737538062778,0.700328217733519,0.00675374951731571,236400.0,216000.0,20160.0,20400.0,18720.0,234720.0,4694400.0,18720.0,20160.0,0.9993551587301588,0.000350747411302889,0.3801835317460317,0.002279858173468543,1.0,0.0,1.0,0.0,1.4943106345946586,0.006285334556158291,1.6465764621033845,0.006848132195518155,0.0,0.0,8.24602422729744,0.09701099553264643,-1.9941871757096732,0.020320446408711765,1.9941871757096732,0.020320446408711765,1.9984391615401735,0.019833798982074255,0.19136952533279256,0.0003036551854177038,2.185556701042466,0.020624101594129664,,,,,,,,,,,2,0.0004132135509061617,0.0,0.0,0.0,1.0,1.0
20,3,6,shrink_c0.5,shrink,0.5,all,0.12255135003942996,0.004454277666436565,0.5968860093541226,0.03222272868052568,1.0016828907998692,0.0612103627227229,0.22992453256513434,0.009242600365188881,1.0690434029296783,0.07233108491233697,240.0,0.0,0.0,0.0,-0.30810006441772797,0.008281373254184442,0.3081302083453392,0.008264936349012167,0.6195810292224257,0.015529986192797213,0.9793975861264349,0.04222180574532163,0.22108261815968178,0.0026409838222479303,1.0367266834068722,0.051122871579105236,48.0,0.0,0.0,0.0,-0.2580064529657863,0.017705682409130518,0.25803059252053073,0.017723530137892133,0.5968860093541226,0.03222272868052568,1.0068470007492862,0.06557440039314459,0.23213501116649746,0.010893004500924076,1.0767623860846725,0.07732902473438882,192.0,0.0,0.0,0.0,-0.32062346728071345,0.005925295965447954,0.32065511230154137,0.005900287901792169,0.6240088835975457,0.012327995270389216,236400.0,216000.0,20160.0,20400.0,18720.0,234720.0,4694400.0,18720.0,20160.0,0.999454365079365,0.00028059792904227974,0.38720238095238096,0.0025253813613805177,1.0,0.0,1.0,0.0,1.514194301477712,0.008089044259319129,0.7412084833923915,0.0036570987510281495,0.0,0.0,7.22777860382158,0.07638298458978367,-1.7964696618355658,0.01953131356023468,1.7964696618355658,0.01953131356023468,1.8283076064362271,0.016599983011542082,0.3890870392069,0.0010927880338953571,2.185556701042466,0.020624101594129664,,,,,,,,,,,2,0.0027857964039771036,0.0,0.0,0.0,1.0,1.0
20,3,6,shrink_c0.75,shrink,0.75,all,0.13292504998389632,0.00012975417686072414,0.515817320042941,0.03874703076594805,1.7866225789574672,0.17563918162266243,0.3451526362035918,0.027288298324665238,1.9616076245002025,0.19701314616841195,240.0,0.0,0.0,0.0,-0.24490624159845958,0.01638875729108505,0.2520615939145913,0.010102931158588948,0.5328875635089848,0.015212083374978765,1.6871409955141425,0.13612529609220894,0.3303436072477207,0.00604081626088822,1.8280952598682074,0.1518857938400181,48.0,0.0,0.0,0.0,-0.1949205225412709,0.03726320784244503,0.20752285602513804,0.025998155521856678,0.515817320042941,0.03874703076594805,1.8092634932315579,0.18441418563703593,0.3488548934425596,0.03260016884060948,1.992814776462903,0.2072600747777944,192.0,0.0,0.0,0.0,-0.25740267136275674,0.011170144653245038,0.26319627838695464,0.006129125067772016,0.5361846253441129,0.010670926152349996,236400.0,216000.0,20160.0,20400.0,18720.0,234720.0,4694400.0,18720.0,20160.0,0.9994295634920635,0.0003156726701725255,0.39223710317460314,0.0027709045492925323,1.0,0.0,1.0,0.0,1.5530315724987684,0.011176691152229924,0.18906417712466256,0.0011529886657098082,0.0,0.0,6.5958548488312285,0.05324944393628134,-1.5903523197766183,0.018117539836998327,1.5903523197766183,0.018117539836998327,1.7068084557562748,0.011542716521236783,0.5952043812658476,0.0025065617571315363,2.185556701042466,0.020624101594129664,,,,,,,,,,,2,0.012236743875163497,0.0,0.0,0.0,1.0,1.0
20,3,6,z_only_box,z_only_box,1.0,all,0.12647870008368045,0.010678161067229243,0.45076352658349456,0.03350311596049475,1.349554725771771,0.07638855175721841,0.2919624324136667,0.016876200024405978,1.4779327933238326,0.08672065361655629,240.0,0.0,0.0,0.0,-0.21457798811601364,0.008143745823129829,0.21733354070771072,0.008298929204278781,0.460667779455859,0.01737749824501212,1.2954378326885498,0.1699069903126243,0.27333612109169964,0.02359212724354294,1.4003206174898941,0.18947529663433788,48.0,0.0,0.0,0.0,-0.1774198991800947,0.025654502693005208,0.18235038224914862,0.023159898804936182,0.45076352658349456,0.03350311596049475,1.361519687428142,0.05543845566570503,0.2966190102441585,0.015197218219621644,1.4957028218195907,0.06329732579276647,192.0,0.0,0.0,0.0,-0.22386751034999341,0.0037660566056610116,0.22607933032235122,0.004583686804114429,0.4625951818183035,0.014225595083787785,236400.0,216000.0,20160.0,20400.0,18720.0,234720.0,4694400.0,18720.0,20160.0,0.9994047619047619,0.00028059792904227974,0.3949652777777778,0.002911203513813633,0.9994047619047619,0.00028059792904227974,0.9994047619047619,0.00028059792904227974,1.565518131725291,0.013240653077577972,1.5655163026977146,0.013240754693728268,0.0,0.0,5.612352629386202,0.06031126657644017,-1.460216054416827,0.010010085978438027,1.460216054416827,0.010010085978438027,1.5666194011713377,0.012841538975563954,0.7253406466256386,0.010614015615691873,2.185556701042466,0.020624101594129664,,,,,,,,,,,2,0.0060158875996111855,0.0,0.5,1.0,1.0,1.0
20,3,6,z_zero,z_zero,0.0,all,0.12842199997976422,0.005100219772806146,0.7260622075786749,0.004674471121270492,0.7817391623038384,0.0011405836170264804,0.19068022765889717,0.00024323242046341419,0.7885893326753113,0.0007809214325309156,240.0,0.0,0.0,0.0,-0.38280563311446414,0.0015452381279577067,0.38280854780863993,0.001549360127991283,0.7506385936815638,0.002815671029551642,0.7880000035106306,0.008788755818188016,0.19154752681123344,0.0035024839010536846,0.799347320890688,0.01114613495908397,48.0,0.0,0.0,0.0,-0.32638124585389344,0.0013941066399679254,0.3263958193247725,0.0014147166401359634,0.7260622075786749,0.004674471121270492,0.7802452909495392,0.0035067776461732924,0.1904634028708131,0.0011796615008426766,0.7859260659799097,0.0037432044666809113,192.0,0.0,0.0,0.0,-0.3969117299296069,0.0015830209999550882,0.3969117299296069,0.0015830209999550882,0.7554752895480152,0.002457432029756062,236400.0,216000.0,20160.0,20400.0,18720.0,234720.0,4694400.0,18720.0,20160.0,0.9993303571428571,0.00010522422339089417,0.37581845238095235,0.0022097086912079727,1.0,0.0,1.0,0.0,1.4893582515691777,0.0056881939186753236,2.912266164503949,0.011086005348450764,0.0,0.0,9.588337076236277,0.10568624629920086,-2.185556701042466,0.020624101594129664,2.185556701042466,0.020624101594129664,2.185556701042466,0.020624101594129664,0.0,0.0,2.185556701042466,0.020624101594129664,,,,,,,,,,,2,0.0,0.0,0.0,0.0,0.0,0.0
20,3,8,batch_box,batch_box,1.0,all,0.3211285499855876,0.021246508191391098,0.6239740599409564,0.006556021428410665,0.753104362155221,0.005438811599564366,0.17958315067909364,0.0016157052118186315,0.7753108872050731,0.005734446002333789,240.0,0.0,0.0,0.0,-0.3248017052530634,0.00302543622248378,0.32481632662236837,0.003032776453437262,0.6456008436897871,0.003942802364856796,0.7635743517926962,0.01846808985110884,0.179254691200125,0.004040585110530763,0.7875788065728248,0.020349118428540675,48.0,0.0,0.0,0.0,-0.27673393147694425,0.004457193797742736,0.27674987091930675,0.0044405254387413755,0.6239740599409564,0.006556021428410665,0.7505962065861648,0.0023115956614709696,0.1796652655488358,0.0010094852371406134,0.7722646266334965,0.0020952422401552986,192.0,0.0,0.0,0.0,-0.3368186486970932,0.0026674968286690606,0.33683294054813373,0.0026808392071112973,0.649854674149909,0.0034396591970288102,541680.0,506880.0,34560.0,34800.0,32640.0,539520.0,10790400.0,32640.0,34560.0,0.9978298611111112,0.00020460265659333555,0.33088831018518516,0.0054219703997232345,0.9978298611111112,0.00020460265659333555,0.9996672453703703,6.138079697800852e-05,1.0413794174363327,0.020228757038223126,1.0413794174363327,0.020228757038223126,0.0,0.0,7.6723876007411755,0.13096154385373812,-1.898508559956289,0.021638586458934215,1.898508559956289,0.021638586458934215,1.907187375725976,0.022106721381648792,0.25257303440215756,0.0032479884680497216,2.1510815943584465,0.02488657492698425,0.4876701889064132,0.0006985064895846937,0.3565,0.0014142135623730963,0.188,0.0007071067811865482,0.9995,0.0,0.8009469696969698,0.004553339121277069,2,0.001019237356289877,0.0,0.0,0.0,1.0,1.0
20,3,8,box_factor_a0.25,box_factor,0.25,all,0.3244531499221921,0.003874308548876693,0.6456850695194982,0.0025966441546583837,0.7112599094957193,0.002986916834730237,0.1712901248684417,0.0012453191912640221,0.7213922124368224,0.003505885809958216,240.0,0.0,0.0,0.0,-0.3360776124095625,0.0005445040891658689,0.336080040131438,0.0005410707719638429,0.6645133993028534,0.0004993230547949964,0.7225043035658892,0.002439341439862393,0.17259104962015148,0.0009126809746807585,0.7363560862806288,0.0024158625092966283,48.0,0.0,0.0,0.0,-0.28752269905395816,0.001652024033241728,0.2875348376633356,0.001634857447231814,0.6456850695194982,0.0025966441546583837,0.7085806756300895,0.0031187690565463253,0.17096489368051426,0.0013284787454098527,0.7176905919961031,0.0037792173309885483,192.0,0.0,0.0,0.0,-0.3482163407484637,0.0002676241031469042,0.3482163407484637,0.0002676241031469042,0.6682285742081072,9.256855629845957e-05,541680.0,506880.0,34560.0,34800.0,32640.0,539520.0,10790400.0,32640.0,34560.0,0.9975549768518519,0.00018414239093410403,0.32977430555555554,0.005401510134063944,0.9988425925925926,0.00016368212527463703,0.9988425925925926,0.00016368212527463703,1.0395587301755485,0.020153129648396113,1.8317596111253684,0.03254339942864434,0.0,0.0,7.833004998648239,0.14038724700432328,-1.917555984066893,0.02355542724577902,1.917555984066893,0.02355542724577902,1.9253859185794648,0.023523716304595148,0.23352561029155372,0.001331147681204557,2.1510815943584465,0.02488657492698425,,,,,,,,,,,2,0.00026141497398864886,0.0,0.0,0.0,1.0,1.0
20,3,8,box_factor_a0.5,box_factor,0.5,all,0.31499690003693104,0.012662019647445979,0.5761399194291661,0.002422168761468676,0.7588163162762682,0.009239414662007851,0.18031124409316673,0.0036035004823093924,0.7923578403678653,0.010776940201315857,240.0,0.0,0.0,0.0,-0.29336183443601416,0.0011906244936379404,0.2934175031323729,0.0011722516727833414,0.5876031363861323,0.00040989893628048376,0.7587635772672843,0.0028826824173212823,0.17746077259365645,0.0015289084355294628,0.7890461597885199,0.0029649780738904164,48.0,0.0,0.0,0.0,-0.25150959001536055,0.0025473506465266533,0.25153502460358557,0.002538097940692043,0.5761399194291661,0.002422168761468676,0.758824877950084,0.010739248004249446,0.18102386196804432,0.0041221484940043894,0.7931586649208893,0.012674786753805276,192.0,0.0,0.0,0.0,-0.3038248955411775,0.0008514429554157549,0.30388812276456967,0.000830790105806166,0.589876945155688,1.5391707603170386e-05,541680.0,506880.0,34560.0,34800.0,32640.0,539520.0,10790400.0,32640.0,34560.0,0.9979456018518518,0.0002455231879119163,0.3349537037037037,0.005360589602745266,0.9986111111111111,0.00020460265659333555,0.9986111111111111,0.00020460265659333555,1.0477742754846946,0.019840239745741544,1.5036879875682156,0.027496872933511805,0.0,0.0,6.699544319540587,0.11101579049159219,-1.721677663974012,0.022060762932939754,1.721677663974012,0.022060762932939754,1.7504979812268187,0.02048862760777106,0.4294039303844348,0.002825811994044047,2.1510815943584465,0.02488657492698425,,,,,,,,,,,2,0.001142611224513546,0.0,0.0,0.0,1.0,1.0
20,3,8,box_factor_a0.75,box_factor,0.75,all,0.3240812999429181,0.00877307379442648,0.5177213946066201,0.0004678394888426292,0.9106166094410211,0.010527907073694168,0.21017841214794603,0.0030384749871276073,0.9773052801502498,0.011918276199996882,240.0,0.0,0.0,0.0,-0.25391368809698106,0.002219558093637573,0.2545339017688555,0.0018560022224559313,0.5209890230800365,0.0008764081130623631,0.8835952328659245,0.0011075292708146427,0.19992738812869842,0.002428745528151688,0.9377188000691167,0.0011945927438752795,48.0,0.0,0.0,0.0,-0.2183886652612207,0.003087094877370478,0.2192424894673687,0.0019339246516049768,0.5177213946066201,0.0004678394888426292,0.9168698373377364,0.01267143843089902,0.21274116815275793,0.0031909073518715456,0.9867228907593725,0.014409888358218782,192.0,0.0,0.0,0.0,-0.26279494380592117,0.0020026738977043344,0.26335675484422716,0.0018365216151686307,0.5216424649075451,0.0009578098222470599,541680.0,506880.0,34560.0,34800.0,32640.0,539520.0,10790400.0,32640.0,34560.0,0.9982060185185184,0.0002864437192306148,0.3388744212962963,0.0055447319936792515,0.9984519675925927,0.00030690398489004254,0.9984519675925927,0.00030690398489004254,1.0606508696384926,0.01943084554627708,1.258960496789816,0.022915512533962082,0.0,0.0,5.920011854113472,0.08891515138094562,-1.5589573075762202,0.020273169467721494,1.5589573075762202,0.020273169467721494,1.6193163118583689,0.016854063706592124,0.5921242867822263,0.004613405459262719,2.1510815943584465,0.02488657492698425,,,,,,,,,,,2,0.002676431363046476,0.0,0.0,0.0,1.0,1.0
20,3,8,box_factor_a1.25,box_factor,1.25,all,0.31760625005699694,0.02277414178909271,0.4393586771327619,0.008590851572321886,1.4240971038283963,0.023024519518163495,0.3037545328477108,0.002816950084428527,1.5637995577589985,0.0258323342427915,240.0,0.0,0.0,0.0,-0.18228295619332757,0.0025967447214493475,0.19372269988753257,0.001567714956325603,0.4228017720864997,0.002160693114960858,1.29868405180392,0.04093516464618053,0.2725685392669668,0.010990516271603737,1.4048805817118315,0.045632911235810425,48.0,0.0,0.0,0.0,-0.16055510651694024,0.003105049471455827,0.17634882516531586,0.0015837360178785208,0.4393586771327619,0.008590851572321886,1.4520912989194585,0.01927020582405384,0.3115510312428968,0.0007735585376347193,1.6001879954512572,0.021626351035045496,192.0,0.0,0.0,0.0,-0.1877149186124244,0.0024696685339477497,0.1980661685680868,0.0023555776998766733,0.419393578182652,0.0008089253556947456,541680.0,506880.0,34560.0,34800.0,32640.0,539520.0,10790400.0,32640.0,34560.0,0.9983651620370371,0.000265983453571344,0.34292534722222223,0.0057493346502725876,0.9982060185185185,0.00024552318791203406,0.9982060185185185,0.00024552318791203406,1.0922345234140591,0.018757417695048236,0.9395114071729731,0.01596145359543311,0.0,0.0,5.090216537717025,0.058732534070912785,-1.3156120541345953,0.016868951140813614,1.3156120541345953,0.016868951140813614,1.4570343173078155,0.01042172393050771,0.8354695402238514,0.008017623786170125,2.1510815943584465,0.02488657492698425,,,,,,,,,,,2,0.007800833482893337,0.0,1.0,1.0,1.0,1.0
20,3,8,box_factor_a1.5,box_factor,1.5,all,0.30013674998190254,0.02703870266094707,0.41976877721142436,0.012679264938657451,1.7265386314092477,0.03487242858681168,0.35716630161348384,0.002871577702409666,1.9022098617476404,0.038927084338572344,240.0,0.0,0.0,0.0,-0.15020888561803297,0.0024650298225796083,0.17676005506215672,0.0020491500468735892,0.39592217226822735,0.0027804229699230536,1.5436204870229888,0.06888996641962965,0.31467234614085027,0.015890741641615892,1.6753851398430792,0.07628627289937463,48.0,0.0,0.0,0.0,-0.13485109834686776,0.00365192239070817,0.16296962518010116,0.0035190439783209723,0.41976877721142436,0.012679264938657451,1.7668841446158017,0.027915602573322824,0.3677897904816422,0.00038321328239192406,1.9535373390576405,0.03118409611390962,192.0,0.0,0.0,0.0,-0.1540483324358243,0.002168306680547522,0.18020766253267062,0.0034411985531722813,0.3909451033585307,0.0006482308532894335,541680.0,506880.0,34560.0,34800.0,32640.0,539520.0,10790400.0,32640.0,34560.0,0.9983940972222223,0.00022506292225264556,0.344212962962963,0.006056238635162532,0.998119212962963,0.0002046026565932963,0.998119212962963,0.0002046026565932963,1.1077373193909748,0.018602075408958942,0.8375991792381581,0.013586238213723033,0.0,0.0,4.914097582622252,0.04932694062759823,-1.2271837862955373,0.015464627632525294,1.2271837862955373,0.015464627632525294,1.4175125821208545,0.009244197664473926,0.9238978080629092,0.009421947294459075,2.1510815943584465,0.02488657492698425,,,,,,,,,,,2,0.01150450347727617,0.0,1.0,1.0,1.0,1.0
20,3,8,box_factor_a2,box_factor,2.0,all,0.3000197000801563,0.034611886959132525,0.41658643572127363,0.020605444026208883,2.3353487948708143,0.06121566654356411,0.46301400861090225,0.0038564572076565666,2.5789086750739934,0.06796514584485017,240.0,0.0,0.0,0.0,-0.09493090910523737,0.0015445588563949891,0.16802216720911473,0.0011927074685388354,0.3888264894327823,0.000532819214983358,2.0342981817256858,0.13203029310882936,0.3974996171746685,0.024650427323873732,2.213696441327186,0.14540388200373353,48.0,0.0,0.0,0.0,-0.09055216364647331,0.004834235068226601,0.15359741794686066,0.011010809591974145,0.41658643572127363,0.020605444026208883,2.4007072631993016,0.04720152401079825,0.47939260646996074,0.0013420353213978282,2.660282715297431,0.05242905827964497,192.0,0.0,0.0,0.0,-0.0960255954699284,0.0007221398034370812,0.17162835452467823,0.0012618180623200019,0.3829466110888228,0.0038499815409895745,541680.0,506880.0,34560.0,34800.0,32640.0,539520.0,10790400.0,32640.0,34560.0,0.9984085648148148,0.00020460265659333555,0.3453703703703704,0.006015318103843892,0.9978877314814815,0.00016368212527463703,0.9978877314814815,0.00016368212527463703,1.1340094238598089,0.018476692913494935,0.7049889071848192,0.010462920711690827,0.0,0.0,4.828614846292521,0.037685778908833734,-1.1001386406078044,0.013334006678601311,1.1001386406078044,0.013334006678601311,1.3945700157806145,0.008906722780377388,1.0509429537506416,0.011552568248382626,2.1510815943584465,0.02488657492698425,,,,,,,,,,,2,0.02080125063926924,1.0,1.0,1.0,1.0,1.0
20,3,8,f_zero,f_zero,0.0,all,0.06365700007881969,0.000512369523815446,0.7235985029980139,0.003371248649036591,0.7560188994651413,0.0016165894149844622,0.18370934455608828,0.0007364292459500799,0.7571728391266571,0.002179388694863479,240.0,0.0,0.0,0.0,-0.38289838404435583,0.00038020588828196165,0.38289991196908657,0.0003780450764054084,0.7508828043574387,0.000897574327633329,0.7621084718193599,0.0001705453497768909,0.1836010547417664,0.0004938281409629999,0.7692909734034432,0.0004082422214263294,48.0,0.0,0.0,0.0,-0.32625018367332104,0.0012699537027362326,0.32625782329697495,0.0012591496433535057,0.7235985029980139,0.003371248649036591,0.7545745498898625,0.002042500322902563,0.18373641700966875,0.0010439935926783816,0.7541837593122045,0.002620641200879888,192.0,0.0,0.0,0.0,-0.3970604341371145,0.00015776893466833996,0.3970604341371145,0.00015776893466833996,0.7562406008609253,0.00042259577641099106,123120.0,122880.0,0.0,240.0,0.0,122880.0,2457600.0,0.0,0.0,0.0,0.0,0.0,0.0,0.0,0.0,0.0,0.0,0.0,0.0,0.0,0.0,0.0,0.0,,,,,,,,,,,,,,,,,,,,,,,2,0.0,0.0,0.0,0.0,0.0,0.0
20,3,8,raw,raw,1.0,all,0.30088074994273484,0.020538269914836003,0.5091401739225804,0.04043906265156238,2.4422659397981628,0.21339270292210763,0.45682537252899225,0.020129607149760444,2.694443505548886,0.23734125575031267,240.0,0.0,0.0,0.0,-0.16399986416451506,0.005770628534112042,0.21091540689802668,0.0014444404409645784,0.4740741154106434,0.006571294913842158,2.00810309933982,0.03692123642224139,0.37599466821216254,0.00395004831051733,2.1812169812458477,0.04234113797313249,48.0,0.0,0.0,0.0,-0.1487982360209787,0.012155877562676191,0.19543753172059003,0.00018164035340271747,0.5091401739225804,0.04043906265156238,2.533369434231253,0.24735384425924958,0.4770330486081996,0.026149521014829924,2.804980671819901,0.2756213160207085,192.0,0.0,0.0,0.0,-0.16780027120039914,0.010252255058309108,0.21478487569238588,0.00185096063955639,0.466569261149511,0.0008408960018501016,541680.0,506880.0,34560.0,34800.0,32640.0,539520.0,10790400.0,32640.0,34560.0,0.9982349537037036,0.00016368212527467628,0.34253472222222225,0.005769794915931877,0.9982349537037036,0.00016368212527467628,0.0,0.0,1.1045287097730938,0.02089304040588093,1.1045287097730938,0.02089304040588093,0.0,0.0,6.063048119464067,0.049033441784508976,-1.3300917642553838,0.013055138918713967,1.3300917642553838,0.013055138918713967,1.5885943013047958,0.011663953730810838,0.8209898301030629,0.011831436008269735,2.1510815943584465,0.02488657492698425,,,,,,,,,,,2,0.032049643703496805,0.0,0.0,0.0,1.0,1.0
20,3,8,sample_ball,sample_ball,1.0,all,0.3148129000328481,0.017884427414624506,0.5368391576112013,0.015837822125690536,1.0814660756988177,0.009012786149924302,0.2477070189788923,0.004293417807858688,1.1708103921130397,0.011084701590049522,240.0,0.0,0.0,0.0,-0.24979577696229438,4.560621651757169e-05,0.25168425782863635,0.0012230593871472243,0.5272508334000552,0.008662508249637654,1.032360997880458,0.006551662854252129,0.23083430441602432,0.0031944923932888565,1.1023860166214063,0.00583225006243089,48.0,0.0,0.0,0.0,-0.21695701696169511,0.0010154109737474449,0.21980989034634066,0.0020913334097123547,0.5368391576112013,0.015837822125690536,1.0927159670631457,0.012485236424582364,0.25192519761960935,0.004568149161501163,1.186903622370422,0.014927297734879507,192.0,0.0,0.0,0.0,-0.2580054669624442,0.0003108605140837964,0.25965284969921026,0.0010059908815059269,0.5252993380960279,0.007190972006575077,541680.0,506880.0,34560.0,34800.0,32640.0,539520.0,10790400.0,32640.0,34560.0,0.9981915509259258,0.00010230132829662852,0.33807870370370374,0.005647033321975861,0.33807870370370374,0.005647033321975861,0.33807870370370374,0.005647033321975861,1.0592616629401133,0.01988185268990249,0.312574547576975,0.008678188834557609,0.0,0.0,6.336528513662985,0.08132587057463381,-1.5994862338613975,0.018622350833372683,1.5994862338613975,0.018622350833372683,1.6633140218749793,0.01550627380599476,0.5515953604970489,0.006264224093611294,2.1510815943584465,0.02488657492698425,,,,,,,,,,,2,0.005185298431565203,0.0,0.0,0.0,1.0,1.0
20,3,8,sample_box,sample_box,1.0,all,0.31601210008375347,0.007243460447297748,0.4723023677639846,0.0036504418377879466,1.1438317632934059,0.014776900764369431,0.25340119174993625,0.0027466156173276968,1.246923430725225,0.016660015027219678,240.0,0.0,0.0,0.0,-0.21688153171127023,0.002462616372577056,0.22063631896778899,0.0007519820450722084,0.46521432317418204,0.0005357215523650147,1.0719885545774406,0.014919404475097228,0.23287204156076113,0.005711642167659829,1.1520439058933198,0.016839567329890507,48.0,0.0,0.0,0.0,-0.1883432485906995,0.002886119514972334,0.1951434529362896,0.0005098458415071914,0.4723023677639846,0.0036504418377879466,1.160134956050813,0.01475409262368985,0.25853347929723,0.002005358979744691,1.2690151022813843,0.01663435402634179,192.0,0.0,0.0,0.0,-0.2240161024914129,0.0023567405869782585,0.22700953547566385,0.001067439016717051,0.46377718803695295,0.00010098829837722553,541680.0,506880.0,34560.0,34800.0,32640.0,539520.0,10790400.0,32640.0,34560.0,0.9982494212962962,0.00022506292225256703,0.3412760416666667,0.005790255181591227,0.9982494212962962,0.00022506292225256703,0.9982494212962962,0.00022506292225256703,1.076092253383805,0.019060061646870675,1.076092253383805,0.019060061646870675,0.0,0.0,5.4072292794708,0.07174325160973186,-1.424951366882397,0.018481025049124408,1.424951366882397,0.018481025049124408,1.5230613055047117,0.013542867940166953,0.7261302274760495,0.00640554987785957,2.1510815943584465,0.02488657492698425,,,,,,,,,,,2,0.0048756608686509155,0.0,1.0,0.0,1.0,1.0
20,3,8,shrink_c0.1,shrink,0.1,all,0.3032187500502914,0.017935409954799007,0.7067209345092608,0.001114696471678888,0.7418482303266296,0.0011587801946175663,0.17961712871270724,0.00032053549991779433,0.7441112080898973,0.0012720442965184966,240.0,0.0,0.0,0.0,-0.3723241658541817,3.735940026963444e-05,0.3723259327826036,3.985821440764073e-05,0.7317384450025077,0.0006486433512202806,0.7524209162187414,0.0014169255277711019,0.1810066687283411,0.00015992200557925814,0.7608925188182583,0.001869604390327674,48.0,0.0,0.0,0.0,-0.31780987249998555,0.0006086934948332863,0.3178187071420949,0.0005961994241435493,0.7067209345092608,0.001114696471678888,0.7393314930489856,0.0010968255024528116,0.17926974370879875,0.0004406498762920648,0.7399554743994552,0.0011220946083597787,192.0,0.0,0.0,0.0,-0.38595273919273076,0.00019887262404531065,0.38595273919273076,0.00019887262404531065,0.7366577057147587,0.000988313084469763,541680.0,506880.0,34560.0,34800.0,32640.0,539520.0,10790400.0,32640.0,34560.0,0.9974103009259259,0.00030690398488996404,0.3277922453703703,0.0055856525249979305,1.0,0.0,1.0,0.0,1.0374345463333303,0.02029618290429962,1.8457300249508335,0.030699557822908962,0.0,0.0,8.826824740203897,0.15633401303572905,-2.072956807323239,0.023698348477884993,2.072956807323239,0.023698348477884993,2.0732732249343417,0.023688873312732332,0.07812478703520759,0.0011882264490987347,2.1510815943584465,0.02488657492698425,,,,,,,,,,,2,6.109616308336684e-05,0.0,0.0,0.0,1.0,1.0
20,3,8,shrink_c0.25,shrink,0.25,all,0.311178750009276,0.0017283811774286488,0.6771922996405337,0.0023086341362603775,0.7363488181657275,0.00026369814106045063,0.17775505124562047,0.000568103750581566,0.7448771961778613,0.00041880683411823995,240.0,0.0,0.0,0.0,-0.35306706758295114,0.0006965280291343167,0.3530691945964026,0.0006995360804047506,0.6973081280620803,0.0034940942280665644,0.7478925033247807,0.006363343159590491,0.17971114261081672,0.0009466911068039445,0.7607321826072853,0.007063621409152526,48.0,0.0,0.0,0.0,-0.30231360476019004,6.261982053567428e-05,0.3023242398274474,4.7579564183583525e-05,0.6771922996405337,0.0023086341362603775,0.7335948128269371,0.0012035878047539864,0.17726602840432137,0.0009468024649279191,0.7409481600415672,0.0022947868158014,192.0,0.0,0.0,0.0,-0.36575543328864135,0.0008863149915517556,0.36575543328864135,0.0008863149915517556,0.7012764432330187,0.003724232047250872,541680.0,506880.0,34560.0,34800.0,32640.0,539520.0,10790400.0,32640.0,34560.0,0.9975549768518519,0.00010230132829670702,0.3296875,0.005687953853294559,1.0,0.0,1.0,0.0,1.0395499434646829,0.020320499805765047,1.2859616093181554,0.021380644446775048,0.0,0.0,8.026955863923227,0.13437662599767278,-1.954543670545501,0.021900175233686814,1.954543670545501,0.021900175233686814,1.9581462847039477,0.022099644363580712,0.19653792381294555,0.0029863996932969765,2.1510815943584465,0.02488657492698425,,,,,,,,,,,2,0.00044467679297495005,0.0,0.0,0.0,1.0,1.0
20,3,8,shrink_c0.5,shrink,0.5,all,0.30681169987656176,0.0015530893063854276,0.6165725957445858,0.008744415900704782,0.8607211153800033,0.02030892571995907,0.2021357572134458,0.005611818016285266,0.9057599269102738,0.025151006198303502,240.0,0.0,0.0,0.0,-0.30957148973758647,0.001970626106081056,0.3095822839560554,0.001963086253305697,0.6229311620560215,0.009634915415953032,0.8309651566189877,0.013750552939232353,0.19315281157900607,0.0007654199534558373,0.8661241878596668,0.014531973754544417,48.0,0.0,0.0,0.0,-0.267073273514124,0.0008449655922360117,0.2670869303577299,0.0008256518987894262,0.6165725957445858,0.008744415900704782,0.8675013216302527,0.02801262240008774,0.2043814936220557,0.006823417531992625,0.9150568725820205,0.034333638373648535,192.0,0.0,0.0,0.0,-0.3201960437934521,0.002674524030660264,0.32020612235563684,0.002660270791329404,0.624199682328113,0.009811607043425841,541680.0,506880.0,34560.0,34800.0,32640.0,539520.0,10790400.0,32640.0,34560.0,0.9978153935185186,0.00014322185961540554,0.33502604166666666,0.005708414118953889,1.0,0.0,1.0,0.0,1.0499511735581128,0.020476529716111795,0.5773212239029308,0.009549174040538276,0.0,0.0,6.965671761839122,0.10468823723385987,-1.7531548548455596,0.018892910614550062,1.7531548548455596,0.018892910614550062,1.7802711353823844,0.018663458199297486,0.39792673951288704,0.005993664312433697,2.1510815943584465,0.02488657492698425,,,,,,,,,,,2,0.002681180280280002,0.0,0.0,0.0,1.0,1.0
20,3,8,shrink_c0.75,shrink,0.75,all,0.3211646000854671,0.010618339707304728,0.5494742870308698,0.019005523200039037,1.3791028787063335,0.09113466870959841,0.28989717750835986,0.012592577857375725,1.5055067730571707,0.10353158189544855,240.0,0.0,0.0,0.0,-0.2480147290756463,0.003607016791444802,0.2512082446948848,0.004260261916056794,0.5340814458838623,0.015045100440675377,1.2060494985909416,0.00030649171093337536,0.2524788536320991,0.00014201009508362015,1.294655470178362,0.001210463843910791,48.0,0.0,0.0,0.0,-0.21705841043457091,0.004561286384171456,0.22337227374182078,0.004234815159090996,0.5494742870308698,0.019005523200039037,1.4165440964492126,0.10972279694739369,0.299251758477425,0.015705219797948772,1.5522956377407413,0.1246841420286462,192.0,0.0,0.0,0.0,-0.25575380873591513,0.0056490925853488645,0.2581672374331508,0.00426662360529813,0.5309363563610894,0.01422391178572204,541680.0,506880.0,34560.0,34800.0,32640.0,539520.0,10790400.0,32640.0,34560.0,0.998119212962963,0.00016368212527475477,0.3394675925925926,0.005892556509887895,1.0,0.0,1.0,0.0,1.0712054620584017,0.020682311797992792,0.14660979404836472,0.002399305048615144,0.0,0.0,6.27916711786076,0.08033767938875573,-1.5454819513762956,0.015924619149562894,1.5454819513762956,0.015924619149562894,1.6484312981146867,0.013795089540230288,0.6055996429821507,0.008961955777421121,2.1510815943584465,0.02488657492698425,,,,,,,,,,,2,0.010282304622453768,0.0,0.0,0.0,1.0,1.0
20,3,8,z_only_box,z_only_box,1.0,all,0.31005679990630597,0.0086013882777451,0.4699571822900749,0.00032577667788565175,1.1492584217993156,0.011692373578882542,0.2540927984576304,0.002352610811806986,1.253078324782238,0.013122983201637118,240.0,0.0,0.0,0.0,-0.2163105485373793,0.0027892098778986023,0.22034713139463624,0.0012834309421394454,0.4645857383406977,0.0002535219739934275,1.0841970919671504,0.0004844093515370228,0.2344192540864361,0.0039050600429742658,1.1657724783990457,0.0005118807117393987,48.0,0.0,0.0,0.0,-0.18723529090273178,0.004399621421681899,0.1944155978848969,0.000572883525764131,0.4699571822900749,0.00032577667788565175,1.1640718068798441,0.014373812831398967,0.25901118455042904,0.0019644985040151194,1.273479577113843,0.01618038847189224,192.0,0.0,0.0,0.0,-0.2235793629460412,0.0023866069919528396,0.2268300147720711,0.0014610677962332715,0.4634999555105036,0.0003714316302680385,541680.0,506880.0,34560.0,34800.0,32640.0,539520.0,10790400.0,32640.0,34560.0,0.9982494212962962,0.00022506292225256703,0.3412760416666667,0.005790255181591227,0.9982494212962962,0.00022506292225256703,0.9982494212962962,0.00022506292225256703,1.076092253383805,0.019060061646870675,1.076090360086156,0.019059121782216755,0.0,0.0,5.408002312580962,0.0721685423301753,-1.424867113770485,0.018441989221274324,1.424867113770485,0.018441989221274324,1.5231455586166234,0.013581903768017507,0.7262144805879613,0.006444585705709849,2.1510815943584465,0.02488657492698425,,,,,,,,,,,2,0.005005346650436574,0.0,1.0,1.0,1.0,1.0
20,3,8,z_zero,z_zero,0.0,all,0.29421105002984405,0.009770023745545645,0.7235985029980139,0.003371248649036591,0.7560188994651413,0.0016165894149844622,0.18370934455608828,0.0007364292459500799,0.7571728391266571,0.002179388694863479,240.0,0.0,0.0,0.0,-0.38289838404435583,0.00038020588828196165,0.38289991196908657,0.0003780450764054084,0.7508828043574387,0.000897574327633329,0.7621084718193599,0.0001705453497768909,0.1836010547417664,0.0004938281409629999,0.7692909734034432,0.0004082422214263294,48.0,0.0,0.0,0.0,-0.32625018367332104,0.0012699537027362326,0.32625782329697495,0.0012591496433535057,0.7235985029980139,0.003371248649036591,0.7545745498898625,0.002042500322902563,0.18373641700966875,0.0010439935926783816,0.7541837593122045,0.002620641200879888,192.0,0.0,0.0,0.0,-0.3970604341371145,0.00015776893466833996,0.3970604341371145,0.00015776893466833996,0.7562406008609253,0.00042259577641099106,541680.0,506880.0,34560.0,34800.0,32640.0,539520.0,10790400.0,32640.0,34560.0,0.9975260416666667,0.00034782451620874106,0.3273582175925926,0.005790255181591207,1.0,0.0,1.0,0.0,1.037158907406173,0.020294592429387918,2.2763639343021627,0.03782889600751721,0.0,0.0,9.426290902076015,0.17271853497223524,-2.1510815943584465,0.02488657492698425,2.1510815943584465,0.02488657492698425,2.1510815943584465,0.02488657492698425,0.0,0.0,2.1510815943584465,0.02488657492698425,,,,,,,,,,,2,0.0,0.0,0.0,0.0,0.0,0.0
20,3,10,batch_box,batch_box,1.0,all,0.6522198999300599,0.012304223855180364,0.6072768782367031,0.011630102685897783,0.7205314212262032,0.00022484961692453674,0.17364113323848457,0.001041222401721049,0.7394399374045546,0.001430834746971999,240.0,0.0,0.0,0.0,-0.3172403101269115,0.004939968358551213,0.3174978389251878,0.004575767639327226,0.6299378512977725,0.008837397241884794,0.7420259757669938,0.00833301108933223,0.17801891392882385,0.003057549686364505,0.7651949054318253,0.011408953897709325,48.0,0.0,0.0,0.0,-0.2722051666247798,0.0045194580027337694,0.2722051666247798,0.0045194580027337694,0.6072768782367031,0.011630102685897783,0.7153579061555924,0.0023194349317533303,0.17254668806589973,0.0005371405805602049,0.7330028912478886,0.001112479112048581,192.0,0.0,0.0,0.0,-0.32849909600244437,0.005045095947505593,0.32882100700028977,0.0045898450484755755,0.6343882492517583,0.008302132733529026,1037040.0,984000.0,52800.0,53040.0,50400.0,1034400.0,20688000.0,50400.0,52800.0,0.9963162878787879,0.00038837304269711756,0.3003503787878788,0.0004419417382415828,0.9963162878787879,0.00038837304269711756,0.9993276515151515,4.0176521658329275e-05,0.8062667393972991,0.0010194402957965209,0.8062667393972991,0.0010194402957965209,0.0,0.0,7.830735581547118,0.042165304762541524,-1.9355637544513076,0.014122552867441825,1.9355637544513076,0.014122552867441825,1.9434567073694315,0.014240700266644443,0.2598377870518155,0.005879454035947684,2.1954015415031227,0.020002006903389352,0.494212105343108,0.0010574346092795217,0.365,0.0007071067811865482,0.20500000000000002,0.004949747468305827,0.9995,0.0,0.8011217948717949,0.004306098987994986,2,0.0008203931086973195,0.0,0.0,0.0,1.0,1.0
20,3,10,box_factor_a0.25,box_factor,0.25,all,0.6366835500812158,0.012975762928030724,0.6349758406721437,0.0032204934668860234,0.6905992222548891,0.0010765107232832715,0.1665284986126771,0.000525481744435079,0.697880369410803,2.247783994115816e-05,240.0,0.0,0.0,0.0,-0.33268128366989724,0.0027409889683678583,0.33273095113875195,0.002670748560304806,0.6573602811881818,0.0062470019323178526,0.7116636204832678,0.007960462645357755,0.1716585604820322,0.0023822469009866717,0.7254714797219612,0.009852306018250802,48.0,0.0,0.0,0.0,-0.2829258994119655,0.0013787611111714475,0.2829258994119655,0.0013787611111714475,0.6349758406721437,0.0032204934668860234,0.6855257069793579,0.003290300176908982,0.16524598314533834,6.129045529722979e-05,0.6909646193888732,0.002497772201839186,192.0,0.0,0.0,0.0,-0.3451201297343802,0.0030815459326669807,0.3451822140704486,0.0029937454225881805,0.6617616667511503,0.006830805536596893,1037040.0,984000.0,52800.0,53040.0,50400.0,1034400.0,20688000.0,50400.0,52800.0,0.9958712121212121,0.00029462782549444087,0.2996780303030303,0.00021427478217772342,0.9979924242424243,0.0001874904344056282,0.9979924242424243,0.0001874904344056282,0.805357171063892,0.0010608846523789382,1.5254272164754363,0.0017001859979113212,0.0,0.0,7.987274063079942,0.054262126390991615,-1.9522399898781468,0.015774492195790465,1.9522399898781468,0.015774492195790465,1.9600948825686868,0.016107836309763094,0.2431615516249757,0.004227514707598682,2.1954015415031227,0.020002006903389352,,,,,,,,,,,2,0.00019312521848539998,0.0,0.0,0.0,1.0,1.0
20,3,10,box_factor_a0.5,box_factor,0.5,all,0.6285440499195829,0.01912476356209294,0.5628915176769327,0.002722198177450976,0.7173844814235777,0.0011897939941141742,0.17140376127900323,0.0012286953894374035,0.7454405521836251,0.002911852935048072,240.0,0.0,0.0,0.0,-0.2880750138168557,0.003949830450963138,0.28823090979157184,0.003729360249200154,0.576859390825321,0.008635372433289155,0.7350550245363143,0.018743777121816275,0.17321305139529092,0.0043330508688520265,0.7637005983607679,0.021895111317707983,48.0,0.0,0.0,0.0,-0.24646476723731933,0.001860106139303121,0.24646476723731933,0.001860106139303121,0.5628915176769327,0.002722198177450976,0.7131194024764791,0.0030794161133389495,0.1709514387499313,0.00045260651958372813,0.7408760891049997,0.0018661322714906353,192.0,0.0,0.0,0.0,-0.29847757546173975,0.004472261528878143,0.29867244543013494,0.004196673776674437,0.5796193168053203,0.009788751363733533,1037040.0,984000.0,52800.0,53040.0,50400.0,1034400.0,20688000.0,50400.0,52800.0,0.9965625,0.0003615886949249242,0.30358901515151515,0.00038837304269717643,0.9975946969696969,0.00029462782549432307,0.9975946969696969,0.00029462782549432307,0.810423324515458,0.0011014028478436503,1.2174643195973143,0.00011168144772075904,0.0,0.0,6.811834175684154,0.050289301900933815,-1.750344934564432,0.012518364946075474,1.750344934564432,0.012518364946075474,1.7798020507983012,0.015026333134678573,0.4450566069386911,0.0074836419573141725,2.1954015415031227,0.020002006903389352,,,,,,,,,,,2,0.0008479949333065995,0.0,0.0,0.0,1.0,1.0
20,3,10,box_factor_a0.75,box_factor,0.75,all,0.6386524499394,0.04245080203345923,0.5048883369844857,0.0029570741005196387,0.8406010157099398,0.005854908138866902,0.1937727938408445,0.0007435330979280141,0.8988547863180192,0.0056593294583443966,240.0,0.0,0.0,0.0,-0.24718525288857596,0.004868765034359755,0.2483899302246961,0.003652424114208522,0.5076256497076528,0.008253014554263895,0.8314435588016871,0.005968153085213085,0.18668145582990286,0.0009004516147953038,0.8804548750946044,0.006393503715067006,48.0,0.0,0.0,0.0,-0.2149020695367022,0.00047393393093575156,0.21594245262473555,0.0009973899422246043,0.5048883369844857,0.0029570741005196387,0.8427353576485499,0.008607430983777815,0.1955456283435799,0.0011545292761088338,0.9032791253293293,0.008528614489692846,192.0,0.0,0.0,0.0,-0.2552560487265444,0.00596747281021572,0.2565017996246863,0.004814877628316794,0.5081585926996623,0.010489058424109986,1037040.0,984000.0,52800.0,53040.0,50400.0,1034400.0,20688000.0,50400.0,52800.0,0.9970454545454546,0.00037498086881102087,0.30709280303030306,0.0003883730426971372,0.9974431818181819,0.00026784347772220823,0.9974431818181819,0.00026784347772220823,0.8185471904933276,0.001083887468657064,0.9924141296032021,0.000751521402933889,0.0,0.0,6.01668942996556,0.05275651583752296,-1.5852720050854439,0.010114478083286004,1.5852720050854439,0.010114478083286004,1.6456231810775224,0.014835748139731575,0.610129536417679,0.009887528820103504,2.1954015415031227,0.020002006903389352,,,,,,,,,,,2,0.0022475527036983642,0.0,0.0,0.0,1.0,1.0
20,3,10,box_factor_a1.25,box_factor,1.25,all,0.6233754999702796,0.0037414434077602584,0.42048618877156196,0.019558654441307534,1.2814643990282524,0.03391298497785833,0.2714455699073251,0.009204458036346506,1.4051509354899618,0.03827159316452031,240.0,0.0,0.0,0.0,-0.17399174563117753,0.005610890680300248,0.18925925164093227,0.0011227670355453143,0.4121379659817002,0.005477775134037951,1.1722371425060505,0.07169112384529941,0.24100431196005256,0.016879863856582394,1.2665484532992632,0.08035863901671218,48.0,0.0,0.0,0.0,-0.15859857269285837,0.007713555734556024,0.16951856700851484,0.00993246500182316,0.42048618877156196,0.019558654441307534,1.3058167854907765,0.025947768488127108,0.27905588439414325,0.007285606581287511,1.4368609689896565,0.029269284949195024,192.0,0.0,0.0,0.0,-0.17784003886575733,0.008942002284014261,0.1941944227990366,0.001079657456024174,0.41041283245799237,0.0025825333363762156,1037040.0,984000.0,52800.0,53040.0,50400.0,1034400.0,20688000.0,50400.0,52800.0,0.9972537878787879,0.0002946278254944016,0.3109753787878788,0.0002812356516082657,0.9969507575757576,0.00034819652103882753,0.9969507575757576,0.00034819652103882753,0.8378909976466307,0.0011047870252499945,0.7086418868366249,0.0010353618855128413,0.0,0.0,5.18631871348903,0.06368680549007692,-1.34653755110382,0.007561671229932876,1.34653755110382,0.007561671229932876,1.483204623579936,0.01725114493237508,0.8488639903993029,0.012440335673456359,2.1954015415031227,0.020002006903389352,,,,,,,,,,,2,0.007614098528398923,0.0,1.0,1.0,1.0,1.0
20,3,10,box_factor_a1.5,box_factor,1.5,all,0.5998086999170482,0.043142281669375185,0.3991964170286209,0.02082993798227591,1.5364365174202823,0.0478805770047361,0.31654512919456224,0.013550564517191534,1.690843037888657,0.05417102616195706,240.0,0.0,0.0,0.0,-0.1424342140806205,0.006091288480005539,0.1697224546295915,0.001707236263211258,0.39062901373203684,0.01614869700874733,1.3783364775903224,0.11127883408211814,0.27519305668956495,0.024833233789565784,1.4947130496394598,0.12341378288751186,48.0,0.0,0.0,0.0,-0.13446882975055585,0.011366397520360182,0.15541626178967416,0.008916541286650887,0.3991964170286209,0.02082993798227591,1.5712163220803657,0.03483469985017212,0.32688314732081153,0.010729897199098044,1.735135531766229,0.0397177022371377,192.0,0.0,0.0,0.0,-0.14442556016313668,0.010455709980096968,0.1732990028395709,9.508999264862485e-05,0.3888835608338248,0.015185154652476957,1037040.0,984000.0,52800.0,53040.0,50400.0,1034400.0,20688000.0,50400.0,52800.0,0.9972727272727273,0.0003214121732666342,0.3119791666666667,0.00014731391274716153,0.9967708333333334,0.000441941738241622,0.9967708333333334,0.000441941738241622,0.8469426333782675,0.0011749578962391388,0.6220708212471338,0.0008099998124137332,0.0,0.0,5.011161570433902,0.06962397716960768,-1.2636043536793289,0.007139461567383523,1.2636043536793289,0.007139461567383523,1.4438528139725668,0.01858043288960734,0.9317971878237938,0.012862545336005789,2.1954015415031227,0.020002006903389352,,,,,,,,,,,2,0.011355586543346449,0.5,1.0,1.0,1.0,1.0
20,3,10,box_factor_a2,box_factor,2.0,all,0.614398599951528,0.031647554058933464,0.39184303606059595,0.012332596310973352,2.0283202313638586,0.0589640400025521,0.4031374740661375,0.020238531875220928,2.2377674632368914,0.06711409054579581,240.0,0.0,0.0,0.0,-0.08991560426604295,0.008012153246186374,0.16136592020521132,0.004531263226725528,0.3927163985813601,0.04051992875160235,1.7838904216958071,0.1657420386715279,0.3416874320499256,0.03860483176787257,1.940194849208194,0.18216796635135254,48.0,0.0,0.0,0.0,-0.0941230056703428,0.01625220987985549,0.15004488265717916,0.004073411633832528,0.39184303606059595,0.012332596310973352,2.0813830052559723,0.03750092198184682,0.41849998457019044,0.01564695690205805,2.3041254805245823,0.04363999242237759,192.0,0.0,0.0,0.0,-0.08886375391496798,0.014078244027696831,0.16419617959221933,0.004645726124948797,0.39276964893436817,0.04617735638809724,1037040.0,984000.0,52800.0,53040.0,50400.0,1034400.0,20688000.0,50400.0,52800.0,0.9972916666666667,0.0003214121732666342,0.31327651515151517,0.00024105912994997565,0.9965056818181819,0.000441941738241622,0.9965056818181819,0.000441941738241622,0.8613938049701408,0.001265892515122686,0.5148177293745237,0.000158206689967261,0.0,0.0,4.909698696964622,0.07929771645504487,-1.1499115133732167,0.00694348654754293,1.1499115133732167,0.00694348654754293,1.4187143498361863,0.019126703555814972,1.0454900281299058,0.0130585203558465,2.1954015415031227,0.020002006903389352,,,,,,,,,,,2,0.020678342138289545,0.5,1.0,1.0,1.0,1.0
20,3,10,f_zero,f_zero,0.0,all,0.13370994990691543,0.00639797293420045,0.7223792313842731,0.0005200923846768486,0.7479958859616391,0.0024538433480866075,0.18177212103450607,0.00048226699785565815,0.7473825783139499,0.002824384160065269,240.0,0.0,0.0,0.0,-0.38296744235443725,0.0004371107083351049,0.38296744235443725,0.0004371107083351049,0.7507058475215105,0.0008195535682597538,0.7579757248715607,0.0018693495803990625,0.18322518834176008,0.000304044565611532,0.7646297073457968,0.0021148967509394146,48.0,0.0,0.0,0.0,-0.32511384821060624,8.582188042670306e-05,0.32511384821060624,8.582188042670306e-05,0.7223792313842731,0.0005200923846768486,0.7456197416755508,0.0034908998431047475,0.18140885420769254,0.0006788448887224434,0.7431075442029815,0.004065698301704502,192.0,0.0,0.0,0.0,-0.39743084089039493,0.0005678438555256108,0.39743084089039493,0.0005678438555256108,0.7562640002633932,0.0010765572611210832,240240.0,240000.0,0.0,240.0,0.0,240000.0,4800000.0,0.0,0.0,0.0,0.0,0.0,0.0,0.0,0.0,0.0,0.0,0.0,0.0,0.0,0.0,0.0,0.0,,,,,,,,,,,,,,,,,,,,,,,2,0.0,0.0,0.0,0.0,0.0,0.0
20,3,10,raw,raw,1.0,all,0.5777894499478862,0.08205401431509979,0.4513960334532376,0.015109482964129005,1.9092172875720845,0.005685143315497489,0.37763006992416404,0.010158735627428105,2.1022149376015418,0.006497442043133078,240.0,0.0,0.0,0.0,-0.1663118954639017,0.004892221484224411,0.2044256649147689,0.001516956842320964,0.46392915817692515,0.0033883006497508793,1.7163161102423041,0.3649289570410329,0.33246417044388965,0.0674638243955746,1.8632509773481076,0.4014852139682478,48.0,0.0,0.0,0.0,-0.14278919154701616,0.03566526781827538,0.18083334015489727,0.009420741936980446,0.4513960334532376,0.015109482964129005,1.9473208963192583,0.06900335348713676,0.3889215447942326,0.004167536564608546,2.1512987211638768,0.07701340480661961,192.0,0.0,0.0,0.0,-0.17219257144312305,0.015031593809849371,0.2103237461047368,0.0004589894313439362,0.4663865710686019,0.0011114988523991056,1037040.0,984000.0,52800.0,53040.0,50400.0,1034400.0,20688000.0,50400.0,52800.0,0.9971401515151515,0.0003749808688110601,0.3104640151515151,0.00038837304269717643,0.9971401515151515,0.0003749808688110601,0.0,0.0,0.8428444185829116,0.00045981714138371973,0.8428444185829116,0.00045981714138371973,0.0,0.0,5.962231796496898,0.0636178789289919,-1.3634029400537315,0.009663346891185934,1.3634029400537315,0.009663346891185934,1.588932743439127,0.016475100584589487,0.831998601449391,0.010338660012203064,2.1954015415031227,0.020002006903389352,,,,,,,,,,,2,0.022283356344507507,0.0,0.0,0.0,1.0,1.0
20,3,10,sample_ball,sample_ball,1.0,all,0.649790000054054,0.003189617354385155,0.4855731821201611,0.010367076862157957,1.045174468183627,0.025362940453520763,0.23666782997177208,0.0032969860544253228,1.131963243801236,0.027631377200506357,240.0,0.0,0.0,0.0,-0.23611112984182664,0.004231581675374079,0.23839448241114589,0.0027164621779650414,0.5052641493035858,0.010649712056308554,0.9912549530616457,0.05396125200402156,0.21947627565406036,0.010092404461134567,1.0611485882175382,0.06101071578600379,48.0,0.0,0.0,0.0,-0.1993743026996635,0.005734826914435306,0.20149316620124014,0.00823551484107143,0.4855731821201611,0.010367076862157957,1.0574360323133236,0.019048392913661758,0.2409657185512,0.001598131452748009,1.1485134930523757,0.020118245425190025,192.0,0.0,0.0,0.0,-0.2452953366273674,0.006723183822826457,0.2476198114636223,0.005454456432724157,0.5090755455313689,0.014676703567209537,1037040.0,984000.0,52800.0,53040.0,50400.0,1034400.0,20688000.0,50400.0,52800.0,0.9970075757575758,0.000401765216583332,0.30709280303030306,0.0004419417382416024,0.30709280303030306,0.0004419417382416024,0.30709280303030306,0.0004419417382416024,0.8197176140721129,0.0010922622648205324,0.20433377181565907,0.0007946059143611103,0.0,0.0,6.275240403558162,0.051542241396480934,-1.5932515583760676,0.009868658417770775,1.5932515583760676,0.009868658417770775,1.6628730221017791,0.014452679810140057,0.6021499831270551,0.010133348485618459,2.1954015415031227,0.020002006903389352,,,,,,,,,,,2,0.004107772421481752,0.0,0.0,0.0,1.0,1.0
20,3,10,sample_box,sample_box,1.0,all,0.6262765999417752,0.027003135165979304,0.45603486584732017,0.01253411153211773,1.0394805527008129,0.019306998753162323,0.2289090225560136,0.004690607125216743,1.130668434389061,0.02143576846555684,240.0,0.0,0.0,0.0,-0.20908282629876945,0.005341118010373335,0.21478539415052691,0.0006665385752968346,0.4514468929534524,0.00355809145578035,0.9836440907000659,0.028314030464546294,0.21035173664826265,0.007770079207333436,1.055240920466128,0.032508901579197884,48.0,0.0,0.0,0.0,-0.18542263330795053,0.0034239596130732687,0.18953902756828978,0.007510466032793156,0.45603486584732017,0.01253411153211773,1.0522167030893788,0.017328291903231676,0.23354834403295135,0.003920739104687598,1.148324933740072,0.018965199943994836,192.0,0.0,0.0,0.0,-0.21499787454647412,0.007532387416235022,0.22109698579608617,0.002710789727319352,0.45048535518247523,0.00682847347688419,1037040.0,984000.0,52800.0,53040.0,50400.0,1034400.0,20688000.0,50400.0,52800.0,0.9971212121212121,0.00032141217326651646,0.30955492424242426,0.00025445130383607234,0.9971212121212121,0.00032141217326651646,0.9971212121212121,0.00032141217326651646,0.8281384110648027,0.001085376441387362,0.8281384110648027,0.001085376441387362,0.0,0.0,5.501121297270206,0.05756233315594198,-1.4522401599589863,0.008496055791804307,1.4522401599589863,0.008496055791804307,1.5488313246284733,0.015493036670806065,0.7431613815441366,0.011505951111585281,2.1954015415031227,0.020002006903389352,,,,,,,,,,,2,0.00449366271297493,0.0,1.0,0.0,1.0,1.0
20,3,10,shrink_c0.1,shrink,0.1,all,0.6397999000037089,0.01695062233292552,0.7028897955885698,0.003430122975644393,0.7318351818293789,0.0016196623956643299,0.17700595039542652,0.0002509289208182402,0.7319028730034204,0.0018096621307542643,240.0,0.0,0.0,0.0,-0.37230354624662243,0.000412722668488189,0.37230354624662243,0.000412722668488189,0.7315349226094398,0.0007774977653890217,0.7443072895475348,0.003857447074621859,0.1796591446276648,0.0007844561073303523,0.7520090766350497,0.003935581606681582,48.0,0.0,0.0,0.0,-0.3157204193803797,0.0009820181437093986,0.3157204193803797,0.0009820181437093986,0.7028897955885698,0.003430122975644393,0.7288581417184623,0.002939486807210778,0.17634265183736694,0.0005097751778553908,0.7269050318561249,0.003261284360741375,192.0,0.0,0.0,0.0,-0.3864493279631831,0.0007614078715375466,0.3864493279631831,0.0007614078715375466,0.7371494607608894,0.0015830030908850665,1037040.0,984000.0,52800.0,53040.0,50400.0,1034400.0,20688000.0,50400.0,52800.0,0.9951609848484848,0.00030801999938041976,0.29866477272727276,0.00020088260829162675,1.0,0.0,1.0,0.0,0.8041278299896957,0.0010301926656222226,1.580792509793044,0.0031462938299093245,0.0,0.0,9.036621279211857,0.06428935885966956,-2.1152260337802726,0.018832078269677227,2.1152260337802726,0.018832078269677227,2.1155374155003797,0.0187548845854751,0.08017550772285043,0.0011699286337122819,2.1954015415031227,0.020002006903389352,,,,,,,,,,,2,3.089322593290481e-05,0.0,0.0,0.0,1.0,1.0
20,3,10,shrink_c0.25,shrink,0.25,all,0.64834389986936,0.0035433120607273076,0.6679467272301952,0.009186874619912928,0.7164570841172916,0.0014980276980231066,0.17279967304334087,0.0002503684437076291,0.7209000820182314,0.0014906422669948253,240.0,0.0,0.0,0.0,-0.35278676239569107,0.0005614289727619423,0.35278676239569107,0.0005614289727619423,0.6964327258601068,0.0015326295443864606,0.7320408854534375,0.005442091863995392,0.1765076737317425,0.0015082695631764209,0.7437298906428006,0.0048001006743745005,48.0,0.0,0.0,0.0,-0.29870262553085436,0.003056373043923574,0.29870262553085436,0.003056373043923574,0.6679467272301952,0.009186874619912928,0.7127252884735698,0.0031800830927063406,0.17187267287124047,6.41068361595394e-05,0.7152101614026654,0.00308829667917389,192.0,0.0,0.0,0.0,-0.36630779661190027,0.0014658794769332037,0.36630779661190027,0.0014658794769332037,0.7020019795576697,0.003580347733236023,1037040.0,984000.0,52800.0,53040.0,50400.0,1034400.0,20688000.0,50400.0,52800.0,0.9956344696969697,0.0005222947815582414,0.2996401515151515,0.00034819652103882753,1.0,0.0,1.0,0.0,0.8051890159897475,0.001043337272650909,1.1005987080164221,0.0021312367234073613,0.0,0.0,8.199499113342153,0.05700016867363152,-1.9939862623141438,0.017114995499370775,1.9939862623141438,0.017114995499370775,1.996934485806249,0.016896584725472494,0.20141527918897906,0.002887011404018391,2.1954015415031227,0.020002006903389352,,,,,,,,,,,2,0.00022458797674370103,0.0,0.0,0.0,1.0,1.0
20,3,10,shrink_c0.5,shrink,0.5,all,0.6452588500687853,0.008110726850454669,0.594580962185896,0.02230621860185463,0.781625412765522,0.00707172448965223,0.1867640354409555,0.0002589904534415324,0.8136816317381799,0.007486576346857281,240.0,0.0,0.0,0.0,-0.30897968841577594,0.001322047001580093,0.309165216480781,0.0010596706958491573,0.6199825082795622,0.004883497892385978,0.787690322467995,0.025943832212124922,0.1866260974942625,0.0045269540395128215,0.8195070124785163,0.032842683683873275,48.0,0.0,0.0,0.0,-0.26118984499560455,0.00913423931231806,0.26118984499560455,0.00913423931231806,0.594580962185896,0.02230621860185463,0.7801542759064721,0.002576091964610428,0.18679851992762875,0.001455476576680094,0.8121926831286355,0.0012396298671922968,192.0,0.0,0.0,0.0,-0.3209271492708188,0.003936118580054597,0.32115905935207506,0.0036081481978909175,0.6248879395190832,0.010078228946447483,1037040.0,984000.0,52800.0,53040.0,50400.0,1034400.0,20688000.0,50400.0,52800.0,0.9962689393939395,0.0005624713032166491,0.3039867424242424,0.0004151573904693698,1.0,0.0,1.0,0.0,0.8108623779961539,0.0009730661627508835,0.4929479643815727,0.000933040967127819,0.0,0.0,7.0756722076011105,0.05171964015001812,-1.7888117066999945,0.014387587066495604,1.7888117066999945,0.014387587066495604,1.810541136894078,0.015324285049824827,0.4065898348031284,0.005614419836893984,2.1954015415031227,0.020002006903389352,,,,,,,,,,,2,0.0015365976949694511,0.0,0.0,0.0,1.0,1.0
20,3,10,shrink_c0.75,shrink,0.75,all,0.6317796499934047,0.01741526219716365,0.5104364019477383,0.033668029634629455,1.1385026978997905,0.012369536257951785,0.24972221689007462,0.003477996705752398,1.235188100257285,0.013213531955869834,240.0,0.0,0.0,0.0,-0.24800260468255753,0.002753974577748091,0.2508502863560568,0.0008298203866169432,0.528623913924539,0.007880688822441625,1.0799640716936316,0.1510485945119154,0.2344421965644204,0.02824544039866935,1.1573072755739733,0.17090975090950122,48.0,0.0,0.0,0.0,-0.210057901901958,0.019582758349229047,0.21231349613194198,0.018129755981185085,0.5104364019477383,0.033668029634629455,1.15068064218216,0.018324027391063962,0.25354222197148824,0.002713864217476865,1.2519913302927268,0.022359225630641757,192.0,0.0,0.0,0.0,-0.25748878037770745,0.008338157809492337,0.26048448391208545,0.005569714478567524,0.5320094345933513,0.015886701416985647,1037040.0,984000.0,52800.0,53040.0,50400.0,1034400.0,20688000.0,50400.0,52800.0,0.9967140151515151,0.000495510433786048,0.30772727272727274,0.0003214121732666342,1.0,0.0,1.0,0.0,0.8231104142534353,0.000782904739202455,0.12471634688665076,0.00023771474090306842,0.0,0.0,6.312392373929445,0.05439658657932046,-1.5789324181250615,0.011882723549015728,1.5789324181250615,0.011882723549015728,1.665135447789655,0.0146927670954482,0.6164691233780613,0.00811928335437331,2.1954015415031227,0.020002006903389352,,,,,,,,,,,2,0.006688357072979161,0.0,0.0,0.0,1.0,1.0
20,3,10,z_only_box,z_only_box,1.0,all,0.6300784499617293,0.028451219056658508,0.4561305856932496,0.012649843231008264,1.0473054133548905,0.011843399122753586,0.22961447694732867,0.004184760965273667,1.1395116005459114,0.013155450968875375,240.0,0.0,0.0,0.0,-0.20826136706805398,0.005633617235306283,0.21446811940048605,0.0002854612722772886,0.45115566279565045,0.0020881220631903553,0.9868928401221622,0.02579730687788589,0.21072362919769422,0.007511137538275932,1.0588459306723645,0.0297148976465212,48.0,0.0,0.0,0.0,-0.1852178013602142,0.003227282873685837,0.18961059765746596,0.0075186820444577696,0.4561305856932496,0.012649843231008264,1.06104432540823,0.008786750020790563,0.23433718888473726,0.0033531668220231543,1.1583371861824496,0.009468969742293758,192.0,0.0,0.0,0.0,-0.21402225849501394,0.00784884226255432,0.22068249983624105,0.002236497101461053,0.4501210960485652,0.005086211311522833,1037040.0,984000.0,52800.0,53040.0,50400.0,1034400.0,20688000.0,50400.0,52800.0,0.9971212121212121,0.00032141217326651646,0.30955492424242426,0.00025445130383607234,0.9971212121212121,0.00032141217326651646,0.9971212121212121,0.00032141217326651646,0.8281384110648027,0.001085376441387362,0.8281345232933683,0.0010851850635930419,0.0,0.0,5.501922932034882,0.05776143707635736,-1.4521459692370513,0.00848088011379671,1.4521459692370513,0.00848088011379671,1.5489255153504085,0.015508212348813898,0.7432555722660716,0.011521126789592995,2.1954015415031227,0.020002006903389352,,,,,,,,,,,2,0.004988721304504035,0.0,1.0,0.5,1.0,1.0
20,3,10,z_zero,z_zero,0.0,all,0.6372811499750242,0.007239005887609625,0.7223792313842731,0.0005200923846768486,0.7479958859616391,0.0024538433480866075,0.18177212103450607,0.00048226699785565815,0.7473825783139499,0.002824384160065269,240.0,0.0,0.0,0.0,-0.38296744235443725,0.0004371107083351049,0.38296744235443725,0.0004371107083351049,0.7507058475215105,0.0008195535682597538,0.7579757248715607,0.0018693495803990625,0.18322518834176008,0.000304044565611532,0.7646297073457968,0.0021148967509394146,48.0,0.0,0.0,0.0,-0.32511384821060624,8.582188042670306e-05,0.32511384821060624,8.582188042670306e-05,0.7223792313842731,0.0005200923846768486,0.7456197416755508,0.0034908998431047475,0.18140885420769254,0.0006788448887224434,0.7431075442029815,0.004065698301704502,192.0,0.0,0.0,0.0,-0.39743084089039493,0.0005678438555256108,0.39743084089039493,0.0005678438555256108,0.7562640002633932,0.0010765572611210832,1037040.0,984000.0,52800.0,53040.0,50400.0,1034400.0,20688000.0,50400.0,52800.0,0.9950662878787879,0.0002544513038361116,0.2984753787878788,9.374521720275522e-05,1.0,0.0,1.0,0.0,0.8039974043425069,0.0010164874907756612,1.9499457536951255,0.003973540107089639,0.0,0.0,9.661271004045565,0.07089818427593936,-2.1954015415031227,0.020002006903389352,2.1954015415031227,0.020002006903389352,2.1954015415031227,0.020002006903389352,0.0,0.0,2.1954015415031227,0.020002006903389352,,,,,,,,,,,2,0.0,0.0,0.0,0.0,0.0,0.0
20,4,2,batch_box,batch_box,1.0,all,0.06333480007015169,0.00021269769300502064,0.6298251381178064,0.01970024534951801,1.558082782353459,0.04241050129274877,0.3558596386062031,0.008423339156080683,1.6956687144345353,0.04831449231930043,240.0,0.0,0.0,0.0,-0.3226215063263683,0.003085346279130613,0.32471972652572734,0.0024699547238672083,0.6663585558815233,0.006188333880897755,1.4722352272773418,0.022998641873792518,0.3291157131254909,0.003185244458896154,1.5836451154788267,0.02398507969304214,48.0,0.0,0.0,0.0,-0.2693646371144055,0.004154107467799388,0.2704137667957759,0.003525062522700808,0.6298251381178064,0.01970024534951801,1.5774785614741578,0.056837619962643686,0.36254561997638113,0.01132548505982493,1.7217129265812554,0.0645905771886235,192.0,0.0,0.0,0.0,-0.3359357236293591,0.004895209715863133,0.3382962164582153,0.003968709035509197,0.6734364826439986,0.003654017228421666,52080.0,38400.0,13440.0,13680.0,11040.0,49440.0,988800.0,11040.0,13440.0,0.9999627976190476,5.2612111695447085e-05,0.4655877976190476,0.0036302357069845142,0.9999627976190476,5.2612111695447085e-05,0.9999627976190476,5.2612111695447085e-05,5.089063980994926,0.059212263241106865,5.089063980994926,0.059212263241106865,0.0,0.0,6.806999278756361,0.13286408603227826,-1.7049909993843992,0.024463947002754987,1.7049909993843992,0.024463947002754987,1.7279365225245809,0.02226387260682351,0.2793262671540585,0.0027770452946431256,1.9843172665384579,0.0272409922973988,0.490372728615179,0.001566847414743477,0.323,0.0035355339059327407,0.125,0.0007071067811865482,0.9995,0.0,0.7277777777777777,0.0008417937871268393,2,0.007979638690821876,0.0,1.0,0.0,1.0,1.0
20,4,2,box_factor_a0.25,box_factor,0.25,all,0.05116535001434386,0.0011771206491497754,0.6558838683483676,0.011134138140394604,1.2654982041731921,0.02298845683595002,0.29749159250321405,0.005586312469347849,1.3631477118660218,0.026023667639821273,240.0,0.0,0.0,0.0,-0.33850594585443033,0.004110604753021661,0.33927838121617593,0.0043515551003337925,0.6813533468998143,0.0011991152353474795,1.224669718841476,0.021059915573852683,0.27841506161905827,0.007137994039337186,1.305936589372189,0.022471386734113023,48.0,0.0,0.0,0.0,-0.2881878073584245,0.0032908236222980946,0.2891652605127315,0.004001127329658257,0.6558838683483676,0.011134138140394604,1.274941201798749,0.02342900312497287,0.30226072522425296,0.005198392076850417,1.376756861598635,0.026853322360011426,192.0,0.0,0.0,0.0,-0.3510854804784318,0.0043155500357026306,0.3518066613920371,0.004439162043002677,0.6863434518956504,0.0007064710018178993,52080.0,38400.0,13440.0,13680.0,11040.0,49440.0,988800.0,11040.0,13440.0,0.9999627976190476,5.2612111695447085e-05,0.45997023809523807,0.003998520488852506,0.9999627976190476,5.2612111695447085e-05,0.9999627976190476,5.2612111695447085e-05,4.993105393544157,0.05083902473259354,6.52367834689203,0.047294230221173184,0.0,0.0,7.191291654434748,0.15836071717056596,-1.7742126112877095,0.02435891887788452,1.7742126112877095,0.02435891887788452,1.7832601936349466,0.023436313184695,0.2101046552507484,0.0028820734195142902,1.9843172665384579,0.0272409922973988,,,,,,,,,,,2,0.002215995479974941,0.0,1.0,0.0,1.0,1.0
20,4,2,box_factor_a0.5,box_factor,0.5,all,0.05055209994316101,0.004559283082142791,0.5857673871953887,0.012356192992591324,1.738433608284853,0.03317876536287356,0.3928197888610361,0.0074528648557351295,1.9031619837366973,0.03770494045138809,240.0,0.0,0.0,0.0,-0.2861119351319308,0.003473753309770148,0.2887415574565213,0.003230363747800693,0.6036405964865914,0.00778018399275677,1.6322428604242996,0.02477742452589686,0.3581255997898989,0.01159174351253811,1.7636442173176419,0.028129348124682613,48.0,0.0,0.0,0.0,-0.24535722469229945,0.004667452483238462,0.24735401420722838,0.002622579006345063,0.5857673871953887,0.012356192992591324,1.7625556356809629,0.03503213424408925,0.40149333612882043,0.006418145191534413,1.935702554216356,0.03986517287100501,192.0,0.0,0.0,0.0,-0.2963006127418386,0.0055090547580223595,0.29908844326884443,0.004693599436337186,0.607162704628809,0.006894828992293013,52080.0,38400.0,13440.0,13680.0,11040.0,49440.0,988800.0,11040.0,13440.0,0.9999627976190476,5.2612111695447085e-05,0.4666666666666667,0.0039985204888524865,0.9999627976190476,5.2612111695447085e-05,0.9999627976190476,5.2612111695447085e-05,5.180938619790027,0.05868202992504574,6.148541378442509,0.057747427359405475,0.0,0.0,6.123567203630021,0.1155484623590678,-1.5844774416283633,0.021691762071452552,1.5844774416283633,0.021691762071452552,1.6199541297009163,0.019236101904675548,0.3998398249100944,0.005549230225946088,1.9843172665384579,0.0272409922973988,,,,,,,,,,,2,0.009770888380840233,0.0,1.0,0.0,1.0,1.0
20,4,2,box_factor_a0.75,box_factor,0.75,all,0.05294544994831085,0.0009962428389537177,0.5321489350382216,0.030007409673367725,2.5961702513301725,0.07896180023648772,0.5481726609625539,0.012596783186866129,2.862848028099913,0.08834575053378185,240.0,0.0,0.0,0.0,-0.2251199207962467,0.0012241586910316357,0.24432606731746764,0.0024654476296043343,0.5386347489838319,0.013567435132057108,2.341770322008478,0.12393132890176375,0.48915230655385866,0.026311629673481957,2.546268103975727,0.1370979883770393,48.0,0.0,0.0,0.0,-0.19122978601874102,0.018489023622876213,0.2151050424139998,0.0059877300830706,0.5321489350382216,0.030007409673367725,2.652568971594917,0.06970225159595085,0.5629277495647276,0.009168071565212202,2.9348875537973704,0.07817570644108433,192.0,0.0,0.0,0.0,-0.2335924544906231,0.006152454269508539,0.2516313235433346,0.004578742057773034,0.539896664501025,0.010315720141269647,52080.0,38400.0,13440.0,13680.0,11040.0,49440.0,988800.0,11040.0,13440.0,0.9999627976190476,5.2612111695447085e-05,0.4704613095238095,0.0033671751485073766,0.9999627976190476,5.2612111695447085e-05,0.9999627976190476,5.2612111695447085e-05,5.469823488240339,0.07146346758440594,5.933190833058816,0.07169506171034888,0.0,0.0,5.344365675726987,0.07427543775524169,-1.4106264637754515,0.020235554613210114,1.4106264637754515,0.020235554613210114,1.491912359676712,0.015293869294485903,0.5736908027630061,0.007005437684188329,1.9843172665384579,0.0272409922973988,,,,,,,,,,,2,0.025930654518585783,0.0,1.0,0.0,1.0,1.0
20,4,2,box_factor_a1.25,box_factor,1.25,all,0.050621500122360885,0.006706059317461624,0.6209095637233236,0.02976996098358641,4.988184655152066,0.1687617130182309,0.9720463020021073,0.0307980517139933,5.5156296985500095,0.18759910946875916,240.0,0.0,0.0,0.0,-0.07874210408231293,0.0015492421143943973,0.241852229053823,0.0010920581190464278,0.5803726511263811,0.022110417260720286,4.367801497131479,0.723951958693393,0.8354295973656269,0.11809815920193763,4.761411890059152,0.7910439935222859,48.0,0.0,0.0,0.0,-0.07029353740862143,0.0551892225395113,0.23510648702318782,0.012212954812945456,0.6209095637233236,0.02976996098358641,5.119146158569414,0.05749691116323349,1.0062004781612273,0.00897302484200759,5.679642843677795,0.06473106104986083,192.0,0.0,0.0,0.0,-0.0808542457507358,0.011860752991884828,0.2435386645614818,0.0016881660544283317,0.5715789606171823,0.03344882676126489,52080.0,38400.0,13440.0,13680.0,11040.0,49440.0,988800.0,11040.0,13440.0,0.9999627976190476,5.2612111695447085e-05,0.4743303571428571,0.002841054031553063,0.9999627976190476,5.2612111695447085e-05,0.9999627976190476,5.2612111695447085e-05,6.293579057565612,0.102809658032487,5.861406136747879,0.10140916276067446,0.0,0.0,4.52889396240197,0.01603885132816194,-1.101823708830592,0.01818522223716655,1.101823708830592,0.01818522223716655,1.339752958228527,0.002945254980985412,0.8824935577078656,0.009055770060231814,1.9843172665384579,0.0272409922973988,,,,,,,,,,,2,0.10277003272844837,0.0,1.0,0.0,1.0,1.0
20,4,2,box_factor_a1.5,box_factor,1.5,all,0.050429349998012185,0.0014352147785403307,0.7647000221793564,0.07349317781629552,6.302616626570554,0.2691586614084889,1.2118356845419203,0.04730046668762875,6.969856642778273,0.2983467031829984,240.0,0.0,0.0,0.0,-0.0012852098102801935,0.004481926845852193,0.2830826199827883,0.005187030859372446,0.6991013431507737,0.0007234506242554518,5.592376436477004,1.0449210959607205,1.037033445080605,0.1713008726270464,6.097117597781926,1.1409184105675043,48.0,0.0,0.0,0.0,-0.004116853912895374,0.07037971956895295,0.27798249942583136,0.0189924820638682,0.7647000221793564,0.07349317781629552,6.451834362454466,0.11126310509469374,1.255536244407249,0.01630036520277421,7.159080784138036,0.124112466234563,192.0,0.0,0.0,0.0,-0.0005772987846264007,0.01199252133492299,0.2843576501220275,0.0017356680582485324,0.6846713632591499,0.017364013873495933,52080.0,38400.0,13440.0,13680.0,11040.0,49440.0,988800.0,11040.0,13440.0,0.9999627976190476,5.2612111695447085e-05,0.4753720238095238,0.002841054031553122,0.9999627976190476,5.2612111695447085e-05,0.9999627976190476,5.2612111695447085e-05,6.800277042971718,0.12143292034802539,5.961200202753297,0.11776416455697877,0.0,0.0,4.44594409796495,0.06731225391282915,-0.9651930413166456,0.017163532341736846,0.9651930413166456,0.017163532341736846,1.3147650879321051,0.004867878679543958,1.019124225221812,0.01007745995566152,1.9843172665384579,0.0272409922973988,,,,,,,,,,,2,0.16552277245901517,0.0,1.0,0.0,1.0,1.0
20,4,2,box_factor_a2,box_factor,2.0,all,0.061975950142368674,0.007059117705172939,1.1269108234208896,0.10134770846704416,9.091318291275964,0.4662903283871096,1.7182125130550308,0.07574841421548228,10.053182878130407,0.5157515490631787,240.0,0.0,0.0,0.0,0.15925576455786605,0.009204581263921844,0.4035107201990331,0.015258859540367407,1.0353702505379458,0.047618005878178604,8.062392594692088,1.6583336768669028,1.4405588214868228,0.27534995530598494,8.789429675371087,1.811130931944745,48.0,0.0,0.0,0.0,0.12613965921038095,0.09005614166122657,0.382238640144987,0.029464579483516194,1.1269108234208896,0.10134770846704416,9.305992004604207,0.22401648436994032,1.7876259359470825,0.025848028942857006,10.325476901605592,0.2482989014055547,192.0,0.0,0.0,0.0,0.16753479089473733,0.011008308835404271,0.4088287402125447,0.011707429554580191,1.0158502332970922,0.035707082773299516,52080.0,38400.0,13440.0,13680.0,11040.0,49440.0,988800.0,11040.0,13440.0,0.9999627976190476,5.2612111695447085e-05,0.4765625,0.0027358298081622276,0.9999627976190476,5.2612111695447085e-05,0.9999627976190476,5.2612111695447085e-05,7.945319637503159,0.16319310596598463,6.353929253538501,0.15229448827665434,0.0,0.0,4.8269370248766,0.1731171005742815,-0.7220809874324785,0.015094156531521331,0.7220809874324785,0.015094156531521331,1.341322572478905,0.018723108158616917,1.2622362791059794,0.012146835765876956,1.9843172665384579,0.0272409922973988,,,,,,,,,,,2,0.34505315975890744,0.0,1.0,0.0,0.0,0.0
20,4,2,f_zero,f_zero,0.0,all,0.003202150110155344,0.0009955355621521444,0.729081452656908,0.00028068370836600653,1.1675142677106791,0.014982910485148973,0.27670719511040887,0.00318561997958565,1.241953267720707,0.017281406806759835,240.0,0.0,0.0,0.0,-0.3816082185910811,0.0012381414055926848,0.3820689095825147,0.0013887686216133982,0.753949069538671,0.00012595898963025783,1.129992367527974,0.031168828899053057,0.2614089409197806,0.006703560152515112,1.1916974683829278,0.035204340080499275,48.0,0.0,0.0,0.0,-0.3261274092447549,0.0016912495701118702,0.3268946547290802,0.0010617248674274493,0.729081452656908,0.00028068370836600653,1.1761762796174924,0.011316153772164635,0.28053175865806596,0.002306134936353284,1.2538988563980804,0.013126353395690432,192.0,0.0,0.0,0.0,-0.3954784209276626,0.0019704891495188628,0.3958624732958734,0.002001391993873703,0.7588426535082404,0.0002044013443062519,4080.0,3840.0,0.0,240.0,0.0,3840.0,76800.0,0.0,0.0,0.0,0.0,0.0,0.0,0.0,0.0,0.0,0.0,0.0,0.0,0.0,0.0,0.0,0.0,,,,,,,,,,,,,,,,,,,,,,,2,0.0,0.0,1.0,0.0,0.0,0.0
20,4,2,raw,raw,1.0,all,0.048638350097462535,0.0029689293762286528,6.230939642302227,0.329454699176265,241.53882660361597,104.24315146077366,12.212475408527748,5.871405674792185,267.1647687457598,115.24163455449623,240.0,0.0,0.0,0.0,1.0708322570548243,0.4324737499956278,2.4516985646709504,1.1637489619563175,24.150402310487422,13.51366740453421,106.55365369879657,65.60119580827487,6.2219107635969895,3.1287156338523836,116.30601454762865,71.65918063752669,48.0,0.0,0.0,0.0,0.6765587540022953,0.32442691836640325,1.162233051706285,0.1511596717172201,6.230939642302227,0.329454699176265,263.3934659303246,111.88774542694628,13.710116569760437,6.5570781850271365,292.2998936095986,124.09054623617321,192.0,0.0,0.0,0.0,1.1694006328179565,0.45948545790293427,2.7740649429121165,1.4168962845160913,26.28239339828279,14.92575424845315,52080.0,38400.0,13440.0,13680.0,11040.0,49440.0,988800.0,11040.0,13440.0,0.9999627976190476,5.2612111695447085e-05,0.4733630952380952,0.003367175148507357,0.9999627976190476,5.2612111695447085e-05,0.0,0.0,15.644311160689842,0.9115044105293602,15.644311160689842,0.9115044105293602,0.0,0.0,476.70244916930926,448.5161151919903,-0.7225044879196121,0.2211477875724417,0.7225044879196121,0.2211477875724417,2.273033789731499,0.2923795881956492,1.2618127786188456,0.19390679527504376,1.9843172665384579,0.0272409922973988,,,,,,,,,,,2,247.0039544410157,0.0,0.0,0.0,0.0,0.0
20,4,2,sample_ball,sample_ball,1.0,all,0.05398630001582205,0.0008543264974834418,0.6815526414791413,0.13490003119515534,2.3683813431152494,0.13083835619558587,0.5033439377786467,0.0060419469906169586,2.6013589281998355,0.14340154462704136,240.0,0.0,0.0,0.0,-0.29580586813640486,0.004958292036350127,0.31814319199477065,0.012230227716433681,0.692625888000233,0.04337877023682763,2.3044428282246248,0.27929767711723663,0.47546602493756984,0.032249942912010415,2.4983795961490483,0.30007285318811666,48.0,0.0,0.0,0.0,-0.24777227800438065,0.017555451652724333,0.27296558852663616,0.03769507125603944,0.6815526414791413,0.13490003119515534,2.382519253344822,0.0970085798138933,0.510313415988916,0.0005100519897314594,2.625143442127373,0.1070652661392495,192.0,0.0,0.0,0.0,-0.30781426566941095,0.010586727958618654,0.32943759286180424,0.005864016831532288,0.6940937449970133,0.025386375066467477,52080.0,38400.0,13440.0,13680.0,11040.0,49440.0,988800.0,11040.0,13440.0,0.9999627976190476,5.2612111695447085e-05,0.46830357142857143,0.00494553849937022,0.46830357142857143,0.00494553849937022,0.46830357142857143,0.00494553849937022,5.254405808380509,0.06953870786427473,3.1785110901219893,0.06596456559447642,0.0,0.0,6.889347276107122,0.13181282507564282,-1.6672778796855865,0.019740427655866023,1.6672778796855865,0.019740427655866023,1.7185567061710076,0.020427049634102266,0.31703938685287136,0.007500564641532384,1.9843172665384579,0.0272409922973988,,,,,,,,,,,2,0.04033419204176106,0.0,1.0,0.0,1.0,1.0
20,4,2,sample_box,sample_box,1.0,all,0.058524649939499795,0.005816165489646544,0.5435037911139504,0.015019842193824955,3.7485708090758187,0.13566431949893723,0.7474975389333967,0.020305868823455746,4.142673382102189,0.15102648451832915,240.0,0.0,0.0,0.0,-0.15421069568409712,0.00027712402096260357,0.22765184010519604,0.002026968701401521,0.5226930868670644,0.019627813116721755,3.2545905233511787,0.437345031887502,0.6475417529152547,0.07280957734307403,3.5456120662887383,0.47907571524738196,48.0,0.0,0.0,0.0,-0.13191874498228426,0.03771235912752967,0.2126330286982931,0.006715769964242768,0.5435037911139504,0.015019842193824955,3.8540859238887473,0.075942144958646,0.7724864854379322,0.007179941693551075,4.27378403955921,0.08508682314208954,192.0,0.0,0.0,0.0,-0.1597836833595503,0.009081684755679163,0.2314065429569218,0.0008547683856911796,0.518411547156127,0.020601506657164596,52080.0,38400.0,13440.0,13680.0,11040.0,49440.0,988800.0,11040.0,13440.0,0.9999627976190476,5.2612111695447085e-05,0.47295386904761905,0.0028936661432484904,0.9999627976190476,5.2612111695447085e-05,0.9999627976190476,5.2612111695447085e-05,5.844757878023657,0.08609953337772155,5.844757878023657,0.08609953337772155,0.0,0.0,4.820667573857948,0.02994710692436892,-1.250007885368782,0.019259978360329062,1.250007885368782,0.019259978360329062,1.398394340462057,0.01004988284874258,0.7343093811696759,0.007981013937069029,1.9843172665384579,0.0272409922973988,,,,,,,,,,,2,0.056869443935429045,1.0,1.0,0.0,1.0,1.0
20,4,2,shrink_c0.1,shrink,0.1,all,0.05329780001193285,0.003794052058961093,0.7022703588003747,0.005325249827426173,1.1986080670866053,0.00396028533420482,0.2834119536380244,0.0007461487989958515,1.2798875140304449,0.005336695666725564,240.0,0.0,0.0,0.0,-0.3704798775729944,0.0013077703111514787,0.3710816123019308,0.0010118993403394382,0.737664997487808,0.006078270452037944,1.1663409909306213,0.019510497209502608,0.2683946451862475,0.003744004652829971,1.235738173610915,0.022537233800449852,48.0,0.0,0.0,0.0,-0.3127349418775376,0.001826244070679493,0.3135965750239467,0.0010796638038725497,0.7022703588003747,0.005325249827426173,1.2060811639822846,0.00041248373524439624,0.2871662807509686,3.3151644627027575e-06,1.290421560632463,0.0013154484260020105,192.0,0.0,0.0,0.0,-0.38491611149685856,0.0011781518712693623,0.3854528716214269,0.0009949582244561947,0.7445671767066047,0.006222496437925842,52080.0,38400.0,13440.0,13680.0,11040.0,49440.0,988800.0,11040.0,13440.0,0.9999627976190476,5.2612111695447085e-05,0.45665922619047616,0.004261581047329585,1.0,0.0,1.0,0.0,4.945427541192353,0.0494301731754245,5.791244682856785,0.03485148536819188,0.0,0.0,8.06440365738479,0.19114589323491812,-1.9083020038202103,0.02698025821635013,1.9083020038202103,0.02698025821635013,1.9113351842285269,0.026599530930352014,0.07601526271824735,0.00026073408104827225,1.9843172665384579,0.0272409922973988,,,,,,,,,,,2,0.0011328602040852338,0.0,1.0,0.0,1.0,1.0
20,4,2,shrink_c0.25,shrink,0.25,all,0.060238749952986836,0.0030666514543127165,0.6598216821588017,0.030618230865357945,1.604989618181596,0.012975222719952833,0.35453428885091776,0.0006687304943840154,1.7446469124790207,0.012891331405719924,240.0,0.0,0.0,0.0,-0.3458474072114307,0.0074729716933223354,0.3480645224277281,0.007330633168524108,0.7095318407424963,0.018949906879475644,1.5290943997041047,0.037759530681608366,0.3326880296176204,0.0007402102565569856,1.6443082047793758,0.044227247878938704,48.0,0.0,0.0,0.0,-0.28365572541447637,0.007579428192195089,0.28703881839507384,0.010024313014887425,0.6598216821588017,0.030618230865357945,1.6222694077159963,0.024263838056721332,0.35999585365924214,0.0010209656821192263,1.768151345867936,0.025869661562540457,192.0,0.0,0.0,0.0,-0.36139532766066923,0.007446357568604118,0.3633209484358916,0.0066572132069332105,0.7190826085365849,0.016811968257809062,52080.0,38400.0,13440.0,13680.0,11040.0,49440.0,988800.0,11040.0,13440.0,0.9999627976190476,5.2612111695447085e-05,0.4616443452380952,0.004261581047329643,1.0,0.0,1.0,0.0,5.06907937996143,0.05905747362314777,4.112128665039846,0.0311211461409408,0.0,0.0,7.405028111381074,0.16945062245069434,-1.7891842522760815,0.02701068477653717,1.7891842522760815,0.02701068477653717,1.8119743061613836,0.02489344122604619,0.19513301426237617,0.00023030752086116427,1.9843172665384579,0.0272409922973988,,,,,,,,,,,2,0.009060939219297843,0.0,1.0,0.0,1.0,1.0
20,4,2,shrink_c0.5,shrink,0.5,all,0.05995855003129691,0.0038554996945480715,0.7367038321716559,0.04945970008385303,8.664566402894087,2.3353821736461455,0.9188961845490571,0.12240881699026618,9.583099204723522,2.5853588289647056,240.0,0.0,0.0,0.0,-0.24609433619047583,0.03363200645110843,0.3550410793080804,0.0034518147297524005,0.9016017539882486,0.13181518710632206,5.179347473248793,1.5987382427679238,0.7195757365818187,0.11408922918721393,5.645458087223377,1.7499862619189617,48.0,0.0,0.0,0.0,-0.18453234416107078,0.03893978959457945,0.3050583940068512,0.02554005170985683,0.7367038321716559,0.04945970008385303,9.298062081454397,2.479639553323076,0.9687262965408668,0.12448871394102928,10.318515391997169,2.753625247846491,192.0,0.0,0.0,0.0,-0.26148483419782703,0.0323050606652406,0.3675367506333876,0.010699781339654728,0.9296675071665756,0.16136449073017617,52080.0,38400.0,13440.0,13680.0,11040.0,49440.0,988800.0,11040.0,13440.0,0.9999627976190476,5.2612111695447085e-05,0.46715029761904764,0.004261581047329643,1.0,0.0,1.0,0.0,5.728420307895201,0.08627078250347898,2.0165019386536374,0.02174005671019569,0.0,0.0,7.309617417532857,0.3524982907407924,-1.562804857952103,0.03342187992978418,1.562804857952103,0.03342187992978418,1.714041049083419,0.010162709835262618,0.42151240858635475,0.006180887632385641,1.9843172665384579,0.0272409922973988,,,,,,,,,,,2,0.20498156708110496,0.0,1.0,0.0,0.0,0.0
20,4,2,shrink_c0.75,shrink,0.75,all,0.06028954987414181,0.0025889300973318922,1.9057816149577385,0.021169886873184322,51.76852564356703,22.53356297997838,3.3143487784173074,1.1393849208803415,57.271390909143946,24.92016475087984,240.0,0.0,0.0,0.0,0.07597435666388688,0.12900747273639585,0.7352649633809449,0.20254121866067262,4.644545159767941,2.5069374705985474,25.492936955635827,12.721707687306518,2.0617201462161763,0.7435055430101917,27.821568218664222,13.898429656163417,48.0,0.0,0.0,0.0,0.06346613740391273,0.1187201405364942,0.5035330912840157,0.04180237169627012,1.9057816149577385,0.021169886873184322,56.20170135322506,24.292056742656538,3.6275059364675903,1.2383547653478795,62.38189466219185,26.951806597577647,192.0,0.0,0.0,0.0,0.07910141147888036,0.1315793057863712,0.7931979314051774,0.2427259304017731,5.003818863545874,2.7956562816964894,52080.0,38400.0,13440.0,13680.0,11040.0,49440.0,988800.0,11040.0,13440.0,0.9999627976190476,5.2612111695447085e-05,0.4707217261904762,0.004051132600547933,1.0,0.0,1.0,0.0,8.048082855774764,0.035784980704642845,0.6571631813855525,0.0019709540815985513,0.0,0.0,30.069188090279212,22.983776739677047,-1.2525963759060335,0.07315810009811387,1.2525963759060335,0.07315810009811387,1.7981401667536434,0.05518223244082776,0.7317208906324244,0.04591710780071534,1.9843172665384579,0.0272409922973988,,,,,,,,,,,2,9.306759129473782,0.0,1.0,0.0,0.0,0.0
20,4,2,z_only_box,z_only_box,1.0,all,0.051650999928824604,0.005827691335625258,0.5542244325109367,0.02213719243285437,4.018871282242656,0.20043385099761402,0.7828852488865872,0.03195213851548089,4.441915937203742,0.22280442064159525,240.0,0.0,0.0,0.0,-0.15323125402692966,0.0016552169303934692,0.2327151550876882,0.0005414774052249781,0.5414651733701308,0.019125491877504206,3.360805845114003,0.4531386038676642,0.6617736947841648,0.0745803783340819,3.6615157124827915,0.4965360447143039,48.0,0.0,0.0,0.0,-0.12949414624187094,0.03634274238341325,0.21947738099773642,0.0021271328373499987,0.5542244325109367,0.02213719243285437,4.157654750947165,0.15302975111790507,0.8131631374121928,0.021295078560830506,4.610973502477103,0.1707642756979364,192.0,0.0,0.0,0.0,-0.15916553097319436,0.007016664432861517,0.2360245986101761,0.0001450635471937304,0.538866794998891,0.01850502700918542,52080.0,38400.0,13440.0,13680.0,11040.0,49440.0,988800.0,11040.0,13440.0,0.9999627976190476,5.2612111695447085e-05,0.47295386904761905,0.0028936661432484904,0.9999627976190476,5.2612111695447085e-05,0.9999627976190476,5.2612111695447085e-05,5.850122796620688,0.08599373563991912,5.8499170105359095,0.08591948766091781,0.0,0.0,4.838525248656245,0.023271945143307396,-1.2484195927340718,0.019980049795978564,1.2484195927340718,0.019980049795978564,1.4009512606200722,0.009249409902642867,0.735897673804386,0.007260942501419762,1.9843172665384579,0.0272409922973988,,,,,,,,,,,2,0.06287087224579943,0.0,1.0,0.0,1.0,1.0
20,4,2,z_zero,z_zero,0.0,all,0.053611200070008636,0.005123413051832789,0.729081452656908,0.00028068370836600653,1.1675142677106791,0.014982910485148973,0.27670719511040887,0.00318561997958565,1.241953267720707,0.017281406806759835,240.0,0.0,0.0,0.0,-0.3816082185910811,0.0012381414055926848,0.3820689095825147,0.0013887686216133982,0.753949069538671,0.00012595898963025783,1.129992367527974,0.031168828899053057,0.2614089409197806,0.006703560152515112,1.1916974683829278,0.035204340080499275,48.0,0.0,0.0,0.0,-0.3261274092447549,0.0016912495701118702,0.3268946547290802,0.0010617248674274493,0.729081452656908,0.00028068370836600653,1.1761762796174924,0.011316153772164635,0.28053175865806596,0.002306134936353284,1.2538988563980804,0.013126353395690432,192.0,0.0,0.0,0.0,-0.3954784209276626,0.0019704891495188628,0.3958624732958734,0.002001391993873703,0.7588426535082404,0.0002044013443062519,52080.0,38400.0,13440.0,13680.0,11040.0,49440.0,988800.0,11040.0,13440.0,0.9999627976190476,5.2612111695447085e-05,0.45342261904761905,0.0045246416058068,1.0,0.0,1.0,0.0,4.925583949145744,0.0489369600558804,7.118780205902482,0.041901636245485194,0.0,0.0,8.60121361661545,0.20506985155341662,-1.9843172665384579,0.0272409922973988,1.9843172665384579,0.0272409922973988,1.9843172665384579,0.0272409922973988,0.0,0.0,1.9843172665384579,0.0272409922973988,,,,,,,,,,,2,0.0,0.0,1.0,0.0,0.0,0.0
20,4,3,batch_box,batch_box,1.0,all,0.14723399991635233,0.00018285788889543466,0.6471135724657345,0.012450817810006252,1.0359163566316152,0.024407419588193483,0.23866739668739817,0.0035459361608143397,1.1032715350407019,0.02817584585311807,240.0,0.0,0.0,0.0,-0.3292842213129019,0.0018354376425797785,0.3297723692691658,0.001342829201501017,0.6592802002861226,0.0006343307714177839,1.0609069974135064,0.09494995468997627,0.23709014930534117,0.017631091501821426,1.1230311982721517,0.1055639040413424,48.0,0.0,0.0,0.0,-0.2796361826719953,0.004226017454342605,0.2801280026627173,0.004565486213916481,0.6471135724657345,0.012450817810006252,1.0295807429941017,0.00726646944848393,0.23906170853291242,2.4647325562568244e-05,1.0979798622237817,0.008858986780186415,192.0,0.0,0.0,0.0,-0.3416962309731285,0.0033508014168104777,0.34218346092077795,0.0028199080553553673,0.6616800571319186,0.003203194421719099,219840.0,181440.0,38160.0,38400.0,33120.0,214560.0,4291200.0,33120.0,38160.0,0.9999082809224318,1.8530051917830854e-05,0.4216850104821803,0.002760977735765099,0.9999082809224318,1.8530051917830854e-05,1.0,0.0,3.169040853832623,0.00032185850206928194,3.169040853832623,0.00032185850206928194,0.0,0.0,6.857246785858063,0.055440024179476806,-1.7102909572862,0.009650852526098621,1.7102909572862,0.009650852526098621,1.726104174922207,0.010692716733537291,0.25811094181607913,0.0031270765034286836,1.968401899102279,0.01277792902952746,0.5017407984397482,0.002543310682687836,0.3395,0.0028284271247461927,0.138,0.0007071067811865482,0.9995,0.0,0.7181547619047619,0.003282995769794705,2,0.002672657460322463,0.0,1.0,0.0,1.0,1.0
20,4,3,box_factor_a0.25,box_factor,0.25,all,0.12082369986455888,0.00423825662857201,0.6486824566970051,0.0011563757138138445,0.8593684406491244,0.007352969802960646,0.20625166146844806,0.0017778394994346673,0.8964241294122485,0.008867126479257886,240.0,0.0,0.0,0.0,-0.3388464472393744,0.0009529287875256778,0.3389254012360703,0.0009592573248690781,0.6710036662583174,0.001343445371989581,0.862599569891629,0.012966262025045272,0.2042224894880997,0.001524887381171612,0.8978992676538782,0.015012103519183704,48.0,0.0,0.0,0.0,-0.2882214108290107,0.0026081621743650222,0.28831570188165345,0.0024748144889071935,0.6486824566970051,0.0011563757138138445,0.8586016101675704,0.006022352095613813,0.20675895446353515,0.0018410775290004214,0.8960603529421499,0.0073635184999667974,192.0,0.0,0.0,0.0,-0.3515027063419653,0.0018432015279983577,0.35157782607467447,0.0018177752783131705,0.6753954146312364,0.0013796884092029153,219840.0,181440.0,38160.0,38400.0,33120.0,214560.0,4291200.0,33120.0,38160.0,0.999895178197065,0.0,0.41685010482180296,0.0025200870608325524,0.9999344863731656,1.8530051917948612e-05,0.9999344863731656,1.8530051917948612e-05,3.141379515879767,0.0017865918757519635,4.388586382817934,0.0031239945861515515,0.0,0.0,7.098739124902844,0.048986237716217164,-1.7508549359120855,0.009039965327674065,1.7508549359120855,0.009039965327674065,1.7596625653311,0.009552151378396878,0.21754696319019312,0.003737963701852807,1.968401899102279,0.01277792902952746,,,,,,,,,,,2,0.0007729038795278013,0.0,1.0,0.0,1.0,1.0
20,4,3,box_factor_a0.5,box_factor,0.5,all,0.12299814994912595,0.0025562618445605207,0.5748356437932491,0.003854400798722427,1.100255645583898,0.0038540066042902204,0.25518673148764615,0.0020609091613958616,1.1854478961382533,0.004005641949052701,240.0,0.0,0.0,0.0,-0.2910459937466062,0.0019341767580770912,0.2913704755787479,0.0020767440021877883,0.5898211003932414,0.003372972172062413,1.1108743678827944,0.027926257003899314,0.2507279978484498,0.004437429539984757,1.1864827515872174,0.031532828852066014,48.0,0.0,0.0,0.0,-0.24717439590975537,0.0067713781738134495,0.24755910122776975,0.006681955852629444,0.5748356437932491,0.003854400798722427,1.0976965748421423,0.001893978229066674,0.25630141489744523,0.0014667790667486059,1.1851464824232232,0.0027237337172544823,192.0,0.0,0.0,0.0,-0.3020138932058189,0.00411056549104973,0.3023233191664924,0.004266418965892138,0.5927784198382045,0.004780133938511087,219840.0,181440.0,38160.0,38400.0,33120.0,214560.0,4291200.0,33120.0,38160.0,0.9998820754716982,1.8530051917830854e-05,0.4246331236897275,0.0025200870608325524,0.9999082809224318,1.8530051917830854e-05,0.9999082809224318,1.8530051917830854e-05,3.2138292199014953,0.0006502159701840984,3.983934551813216,0.001351002627421089,0.0,0.0,5.998813589070394,0.035177538843229,-1.5579896649017062,0.005669209472815498,1.5579896649017062,0.005669209472815498,1.590720283368619,0.007820705365955789,0.41041223420057255,0.007108719556711728,1.968401899102279,0.01277792902952746,,,,,,,,,,,2,0.003670972701586465,0.0,1.0,0.0,1.0,1.0
20,4,3,box_factor_a0.75,box_factor,0.75,all,0.12366755004040897,0.0021775353675615636,0.5157099885762036,0.006451351812167721,1.6323952522346747,0.05881073056678185,0.3540790484534775,0.01119147909285465,1.7906575043441395,0.06511889598699588,240.0,0.0,0.0,0.0,-0.23899709795532353,0.0034841731961797436,0.24360751288989851,0.002846416893159922,0.5144298291729432,0.00918517283815003,1.662845760549447,0.22138062705298242,0.3414721345880708,0.03173010592161737,1.801386443628846,0.24400039932256523,48.0,0.0,0.0,0.0,-0.20422095278320904,0.01288566792289734,0.21379975147003422,0.010446692819043592,0.5157099885762036,0.006451351812167721,1.623946357277172,0.019578364462238537,0.3572307769198292,0.006056822385663927,1.786669805139823,0.021127237231598706,192.0,0.0,0.0,0.0,-0.24769113424835218,0.007576633475949002,0.2510594532448646,0.006169694321210844,0.5141436968191859,0.01233405328781973,219840.0,181440.0,38160.0,38400.0,33120.0,214560.0,4291200.0,33120.0,38160.0,0.9999082809224318,1.8530051917830854e-05,0.4297562893081761,0.0026127373204219814,0.9999082809224318,1.8530051917830854e-05,0.9999082809224318,1.8530051917830854e-05,3.326009488647673,0.0004786003074161219,3.6859903778402745,0.00019709747719257812,0.0,0.0,5.20743541337856,0.028275986675181313,-1.3860397952596104,0.0024102524439389185,1.3860397952596104,0.0024102524439389185,1.4580399684175944,0.008470060994494107,0.5823621038426687,0.010367676585587954,1.968401899102279,0.01277792902952746,,,,,,,,,,,2,0.010075112640592429,0.0,1.0,0.0,1.0,1.0
20,4,3,box_factor_a1.25,box_factor,1.25,all,0.12201825005467981,0.006658895347616664,0.49260432964958695,0.021699437984907203,3.3479412200198615,0.09572805484730833,0.6558101800903945,0.016961339840954298,3.700225393263717,0.10570693998648692,240.0,0.0,0.0,0.0,-0.11809102411323238,0.008674605981779115,0.19718851669390247,0.008141577450627392,0.45676868439434315,0.016434884448495744,3.296718751743291,0.8066536234175667,0.6083577170414125,0.10258697659418842,3.5930972956076888,0.8818439759426185,48.0,0.0,0.0,0.0,-0.10967574839265562,0.024527064085938754,0.1874068064890494,0.010627766417925684,0.49260432964958695,0.021699437984907203,3.348959382575144,0.06908581926780569,0.66767329585264,0.004445069347354151,3.713687662198226,0.07730496352656442,192.0,0.0,0.0,0.0,-0.12019484304337658,0.016975023498708552,0.19963394424511574,0.0075200302088028305,0.4492286468614434,0.015288745190585588,219840.0,181440.0,38160.0,38400.0,33120.0,214560.0,4291200.0,33120.0,38160.0,0.9999082809224318,1.8530051917830854e-05,0.4348794549266247,0.0027795077876830087,0.9999082809224318,1.8530051917830854e-05,0.9999082809224318,1.8530051917830854e-05,3.645595564967662,0.005244413667675867,3.3254837715005134,0.005499464178670983,0.0,0.0,4.352201587374198,0.03542852469665293,-1.0941703261695666,0.0021867321838017545,1.0941703261695666,0.0021867321838017545,1.2910188778323,0.008672675170027832,0.8742315729327119,0.01496466121332906,1.968401899102279,0.01277792902952746,,,,,,,,,,,2,0.044587597382945904,1.0,1.0,1.0,1.0,1.0
20,4,3,box_factor_a1.5,box_factor,1.5,all,0.11997674987651408,0.0028673887278150515,0.5509420479917229,0.024910437975863862,4.346853425851791,0.12323746495217681,0.836258209940187,0.01713566309432036,4.8062796259128415,0.13645357485724108,240.0,0.0,0.0,0.0,-0.0519118982201712,0.011162280358296483,0.21321627125768128,0.008378934962253568,0.514935404385743,0.006705290771718957,4.376810430558387,1.06286493689182,0.7824181201020795,0.13284523690868894,4.772848154946597,1.1615151422146361,48.0,0.0,0.0,0.0,-0.05643233905310773,0.024439818329282218,0.1993463448975989,0.0044311662654940645,0.5509420479917229,0.024910437975863862,4.324870867658704,0.10071065452002713,0.8497182323997139,0.011791730359271802,4.797822871993714,0.11208414962608412,192.0,0.0,0.0,0.0,-0.05078178801193706,0.020062805030191155,0.2166837528477019,0.009365877136443443,0.5073612945709076,0.0027415554361477183,219840.0,181440.0,38160.0,38400.0,33120.0,214560.0,4291200.0,33120.0,38160.0,0.9999082809224318,1.8530051917830854e-05,0.43629454926624733,0.0027053875800114495,0.9999082809224318,1.8530051917830854e-05,0.9999082809224318,1.8530051917830854e-05,3.840124703226464,0.009397536209597112,3.232867775510699,0.009948381895797942,0.0,0.0,4.216069909318797,0.04476986254054263,-0.970370502381411,0.0041782233804607775,0.970370502381411,0.0041782233804607775,1.2542177356513127,0.008689718112226862,0.998031396720868,0.01695615240998773,1.968401899102279,0.01277792902952746,,,,,,,,,,,2,0.07705288104644227,0.0,1.0,0.0,1.0,1.0
20,4,3,box_factor_a2,box_factor,2.0,all,0.12589669995941222,0.0011934548578535248,0.7882926675164773,0.01153696183005676,6.453886940392309,0.07681167231550207,1.2235604500861506,0.009539366683329989,7.135998835051675,0.08579225865666784,240.0,0.0,0.0,0.0,0.08638240874946204,0.020745033613590112,0.291266343594196,0.0014512448800803944,0.7645881623855253,0.02654674911195503,6.569994659085435,1.2188479080796073,1.1623624610453387,0.17115435070669743,7.165383878352906,1.332198276056589,48.0,0.0,0.0,0.0,0.055797796458863735,0.019995833563205046,0.26645879456877286,0.0013461677562567782,0.7882926675164773,0.01153696183005676,6.411271347571406,0.19914719996837793,1.2388599473463535,0.030864379322512167,7.112200959524889,0.22064747447798436,192.0,0.0,0.0,0.0,0.09402856182211164,0.030930250407788882,0.29746823085055185,0.0021505980391646876,0.7596189806212759,0.03448742025912135,219840.0,181440.0,38160.0,38400.0,33120.0,214560.0,4291200.0,33120.0,38160.0,0.9999082809224318,1.8530051917830854e-05,0.4378537735849057,0.0025756772165862214,0.999895178197065,3.706010383574021e-05,0.999895178197065,3.706010383574021e-05,4.2689672222386825,0.024216688267382224,3.1673057766562476,0.02523951668279898,0.0,0.0,4.375929346520483,0.07628982458083328,-0.7603871820583914,0.0078023459762386884,0.7603871820583914,0.0078023459762386884,1.2558309667359362,0.01187195025585554,1.2080147170438873,0.02058027500576564,1.968401899102279,0.01277792902952746,,,,,,,,,,,2,0.17223257254220617,0.0,1.0,0.0,0.5,0.5
20,4,3,f_zero,f_zero,0.0,all,0.0059541999362409115,0.00036274574205986726,0.7309279325350625,0.002855661344187564,0.8423897662674635,0.006264819349781864,0.2049712968846592,0.0003734139513283445,0.8617000598564456,0.007534007432095273,240.0,0.0,0.0,0.0,-0.3827778105409926,0.0005990760584643279,0.3828146731140173,0.0005790043523243142,0.7508782628572206,0.00013809104419880823,0.8433510812788341,0.00019999111408278432,0.20456835873410567,0.0026413503035464833,0.863289420829181,0.00023193105028851885,48.0,0.0,0.0,0.0,-0.3282606268865814,0.00022085731185860982,0.3283082925658175,0.0001534478618232109,0.7309279325350625,0.002855661344187564,0.8421591502044365,0.007792415395091641,0.20507203142229757,0.0011271050150470344,0.8613067780530757,0.009321277095448392,192.0,0.0,0.0,0.0,-0.3964071064545953,0.0008040594010449838,0.3964412682510672,0.0007621174058610777,0.7548188623497836,0.00039014254580754386,19680.0,19440.0,0.0,240.0,0.0,19440.0,388800.0,0.0,0.0,0.0,0.0,0.0,0.0,0.0,0.0,0.0,0.0,0.0,0.0,0.0,0.0,0.0,0.0,,,,,,,,,,,,,,,,,,,,,,,2,0.0,0.0,1.0,0.0,0.0,0.0
20,4,3,raw,raw,1.0,all,0.11245599994435906,0.0033887383291774766,4.872547151943054,3.2430293277711963,69.18989550101341,1.8729890769798914,4.981585018009691,0.22744121512296622,76.54887364726363,2.062579372884869,240.0,0.0,0.0,0.0,0.4087926005682593,0.02096316706368425,0.9549128010426171,0.049128938101860024,5.976979057636106,0.7082626553304247,55.48738948949462,27.15755128459506,4.346994354828135,1.141280242620621,60.54886393606819,29.622193663881664,48.0,0.0,0.0,0.0,0.46105987356643924,0.2612711878135917,0.804885332185683,0.2959893680595823,4.872547151943054,3.2430293277711963,71.26934211849499,7.2363780999189204,5.140232683805079,0.0010185417514484375,79.11219534228658,8.019326450377866,192.0,0.0,0.0,0.0,0.39572578231871436,0.09152175578300314,0.9924196682568507,0.13540851464222062,6.0365673524735755,1.3675012347823765,219840.0,181440.0,38160.0,38400.0,33120.0,214560.0,4291200.0,33120.0,38160.0,0.9999475890985325,3.706010383577947e-05,0.43332023060796643,0.0029092181511081775,0.9999475890985325,3.706010383577947e-05,0.0,0.0,5.147836586308201,0.775796756689398,5.147836586308201,0.775796756689398,0.0,0.0,32.57305666495999,3.042693657639393,-0.9785493509752836,0.0006394378785697896,0.9785493509752836,0.0006394378785697896,1.6940109055664714,0.003996975881641818,0.9898525481269953,0.013417366908096544,1.968401899102279,0.01277792902952746,,,,,,,,,,,2,12.618534625103711,0.0,0.0,0.0,0.0,0.0
20,4,3,sample_ball,sample_ball,1.0,all,0.11256069992668927,0.00043868909472043443,0.5591887137707772,0.019704837655391452,1.8289774642758672,0.04647882619213184,0.3883451624124533,0.004664184002860815,2.0061409601980684,0.052143882872082103,240.0,0.0,0.0,0.0,-0.2674715534683475,0.0013449017203179966,0.2731346916095146,0.0010287020493488527,0.5787133052717099,0.003145648322629491,1.9621790477611047,0.06774944568422929,0.3853674645606643,0.005133083235377861,2.1284107446360916,0.07546208779041227,48.0,0.0,0.0,0.0,-0.21490854574145957,0.015121634871659493,0.22537140175455855,0.016573425627546837,0.5591887137707772,0.019704837655391452,1.7960944774747332,0.04103341149947217,0.38908958687540063,0.004546959194731563,1.9751178759036043,0.046038565181374724,192.0,0.0,0.0,0.0,-0.28061230540006943,0.0054615358683124055,0.28507551407325366,0.0028574788452006166,0.5825253661080882,4.461758750821315e-05,219840.0,181440.0,38160.0,38400.0,33120.0,214560.0,4291200.0,33120.0,38160.0,0.9999475890985325,3.706010383577947e-05,0.42742400419287213,0.0028350979434366382,0.42742400419287213,0.0028350979434366382,0.42742400419287213,0.0028350979434366382,3.2461881911587023,0.002780247949035987,1.7169883783059914,0.00717119866842895,0.0,0.0,6.3259215379808165,0.03538450428374509,-1.5695376390781743,0.0044438569453190396,1.5695376390781743,0.0044438569453190396,1.6195947887051279,0.008072594449804559,0.39886426002410436,0.008334072084207892,1.968401899102279,0.01277792902952746,,,,,,,,,,,2,0.012329832460659369,0.0,1.0,0.0,1.0,1.0
20,4,3,sample_box,sample_box,1.0,all,0.12416264996863902,0.010314495832400105,0.48574166193236673,0.004166192007137484,2.4211933238694616,0.08583757352032204,0.49235709329221883,0.016027166978236262,2.6716204400692427,0.09469985906408852,240.0,0.0,0.0,0.0,-0.18096899528388813,0.006323492056534462,0.20604374486036398,0.0063061611168443886,0.46039033893436015,0.016733479825515537,2.4220281686059573,0.5480332124268461,0.4632099030400814,0.07074603189251064,2.635834422452865,0.6002532181070889,48.0,0.0,0.0,0.0,-0.15934795052673464,0.020195054091544665,0.1948164776037371,0.002912231685884298,0.48574166193236673,0.004166192007137484,2.414553944177289,0.023328683621798917,0.4996438908552532,0.0023474507496676106,2.6730440897509613,0.026775343670972066,192.0,0.0,0.0,0.0,-0.18637425647317657,0.012953128593554302,0.20885056167452065,0.0071546434745844685,0.4551066230640499,0.019433149823185437,219840.0,181440.0,38160.0,38400.0,33120.0,214560.0,4291200.0,33120.0,38160.0,0.9999082809224318,1.8530051917830854e-05,0.43267819706498956,0.00270538758001141,0.9999082809224318,1.8530051917830854e-05,0.9999082809224318,1.8530051917830854e-05,3.471865634278932,0.0022199293885963975,3.471865634278932,0.0022199293885963975,0.0,0.0,4.671807312207845,0.029508476182059033,-1.2321492924721205,0.00014006849391562856,1.2321492924721205,0.00014006849391562856,1.358324439699275,0.009413279841548876,0.7362526066301585,0.012917997523442738,1.968401899102279,0.01277792902952746,,,,,,,,,,,2,0.0225890182361101,0.0,1.0,0.0,1.0,1.0
20,4,3,shrink_c0.1,shrink,0.1,all,0.11853370012249798,0.0031223006055069074,0.7133210529435716,0.0004957561171583073,0.8469967142254069,0.0021847721316953163,0.20517469932804988,0.00023256523465194396,0.870618194015458,0.0027621161853132324,240.0,0.0,0.0,0.0,-0.37295786419702864,0.0009256695202298413,0.37298183132427676,0.0009197660986781184,0.7332484404063297,0.0008250622577648724,0.8493743452452553,0.009174143648198484,0.20406682264147719,0.000786488217081737,0.87310207700853,0.010718642414228348,48.0,0.0,0.0,0.0,-0.3194322971941246,0.0015701169912003346,0.31948177913871617,0.0015001389540662952,0.7133210529435716,0.0004957561171583073,0.846430518736998,0.0005298676773116719,0.20545166849969304,9.40844890445227e-05,0.8700050448314511,0.0008122884197189036,192.0,0.0,0.0,0.0,-0.38633925594775465,0.001549616148087341,0.38635684437066686,0.0015247423618641874,0.7371836413420743,0.000889098422826948,219840.0,181440.0,38160.0,38400.0,33120.0,214560.0,4291200.0,33120.0,38160.0,0.9999213836477987,3.706010383585797e-05,0.4125786163522013,0.0029277482030260673,1.0,0.0,1.0,0.0,3.121718890288067,0.002391607748017272,4.012149536165154,0.003951951943179049,0.0,0.0,7.9786438086154075,0.06439822285731758,-1.8885516909974633,0.011424257603479204,1.8885516909974633,0.011424257603479204,1.8896416012178714,0.011356736482145932,0.07985020810481544,0.0013536714260476144,1.968401899102279,0.01277792902952746,,,,,,,,,,,2,0.0002444788228954014,0.0,1.0,0.0,1.0,1.0
20,4,3,shrink_c0.25,shrink,0.25,all,0.11986099986825138,0.0069517082727403225,0.6766284153149236,0.0054190699691126325,0.985669902600391,0.018118970617762763,0.23229676894574877,0.004130949180115996,1.0393725899576525,0.02159974196552812,240.0,0.0,0.0,0.0,-0.3529686286643783,2.7347494494153074e-05,0.35297965904093154,4.2946802613869536e-05,0.6997203309718611,0.0035431467797753897,1.0061357010110008,0.01874707457858234,0.23006979537897607,0.0016280203869273588,1.0577730663711342,0.021926852688152514,48.0,0.0,0.0,0.0,-0.2996870087428315,0.003897940000837784,0.2997391994007833,0.0038241312645331763,0.6766284153149236,0.0054190699691126325,0.9807786063531623,0.01796808467413304,0.23285351233744195,0.0047566813784131546,1.0348296106061534,0.021519130054323,192.0,0.0,0.0,0.0,-0.36628903364476495,0.0010086693683271227,0.3662897739509686,0.001009716319400685,0.7042641084466542,0.00318182064923371,219840.0,181440.0,38160.0,38400.0,33120.0,214560.0,4291200.0,33120.0,38160.0,0.9999082809224319,5.5590155753688824e-05,0.4183700209643606,0.0028165678915187094,1.0,0.0,1.0,0.0,3.155917409160826,0.0008803847360755276,2.816626924809457,0.002117735490305432,0.0,0.0,7.213817998540996,0.051479501280876326,-1.7654655935776566,0.009388334305558507,1.7654655935776566,0.009388334305558507,1.775762260482466,0.009981210964727144,0.20293630552462236,0.003389594723968169,1.968401899102279,0.01277792902952746,,,,,,,,,,,2,0.001945972958112301,0.0,1.0,0.0,1.0,1.0
20,4,3,shrink_c0.5,shrink,0.5,all,0.1279839500784874,0.01187734345130482,0.6052456567336022,0.011122421022719745,2.7552578535866186,0.16081518730806488,0.4786871194218501,0.015510651932316655,3.035375340271549,0.17996046969610027,240.0,0.0,0.0,0.0,-0.2899215832009651,0.0036997320103373125,0.3007451904627131,0.005094762225625799,0.6352949105849393,0.021936492190666065,2.7273788345537944,0.2514567349060796,0.4604710788097439,0.026772935818758403,2.966128892716881,0.27610798165646144,48.0,0.0,0.0,0.0,-0.23491899020453538,0.009912374722986374,0.25175809985264774,0.014163964642263244,0.6052456567336022,0.011122421022719745,2.761571052717856,0.13970803631320144,0.48324112957487675,0.012695080960706193,3.051798472351731,0.15716963840431653,192.0,0.0,0.0,0.0,-0.3036722314500725,0.0021465713321750495,0.31299196311522937,0.002827461621466536,0.6411483199397026,0.023991805605055237,219840.0,181440.0,38160.0,38400.0,33120.0,214560.0,4291200.0,33120.0,38160.0,0.9999082809224319,5.5590155753688824e-05,0.4256158280922432,0.0030574585664512365,1.0,0.0,1.0,0.0,3.3200190552806994,0.016786411270307743,1.3057207738897652,0.0033144266732463975,0.0,0.0,6.344104447667633,0.043810978232225184,-1.5468315507790953,0.005797157071788397,1.5468315507790953,0.005797157071788397,1.6245489260357684,0.009788377022170443,0.42157034832318363,0.0069807719577386134,1.968401899102279,0.01277792902952746,,,,,,,,,,,2,0.023351910189508773,0.0,1.0,0.0,1.0,1.0
20,4,3,shrink_c0.75,shrink,0.75,all,0.12174349999986589,0.006298200148518528,1.055927753709157,0.2885851803134456,13.630748179858752,0.7792677502948038,1.479074893644835,0.07208377089472738,15.08019211937267,0.8642956401923682,240.0,0.0,0.0,0.0,-0.11910337539535222,0.003833879983058352,0.37687600627733087,0.005380603015841988,1.1943710412756343,0.05238135230946024,11.80611713528885,2.3357785212084416,1.3527396585984686,0.18382701929466194,12.88287065222374,2.5475625491004377,48.0,0.0,0.0,0.0,-0.06395653301919377,0.042453411725653846,0.33704659802971804,0.04532401306397517,1.055927753709157,0.2885851803134456,14.013159774591074,0.47251998105838605,1.5106587024064266,0.044147958794743584,15.554730815858813,0.5273050639146979,192.0,0.0,0.0,0.0,-0.13289008598939184,0.005821002952590532,0.38683335833923405,0.01805675703579625,1.2149301768005978,0.11217952788321625,219840.0,181440.0,38160.0,38400.0,33120.0,214560.0,4291200.0,33120.0,38160.0,0.9999475890985325,3.706010383577947e-05,0.4302410901467505,0.0032612891375480234,1.0,0.0,1.0,0.0,3.7962410330892964,0.1550632140421498,0.3604839486346355,0.009438237521516337,0.0,0.0,7.082560740415152,0.15045810114392008,-1.297420212192734,0.001936876711011184,1.297420212192734,0.001936876711011184,1.577467556652066,0.008539709894995817,0.6709816869095448,0.010841052318515766,1.968401899102279,0.01277792902952746,,,,,,,,,,,2,0.47613645950028904,0.0,1.0,0.0,0.0,0.0
20,4,3,z_only_box,z_only_box,1.0,all,0.10985460004303604,0.0012206078003705412,0.5062302749159582,0.024427334660905627,2.700744884542884,0.13163161001648216,0.5169067023025069,0.0005952870559771169,2.981783892081829,0.14673868297066908,240.0,0.0,0.0,0.0,-0.17695735574970678,0.005625722402802387,0.20932222152507757,0.006772615821027792,0.4670100121578704,0.017025110820355155,2.709185758839854,0.7175924611071287,0.49668056458888155,0.08279963364636318,2.94964172605129,0.7850097009639511,48.0,0.0,0.0,0.0,-0.1488713679246722,0.026486712444873765,0.20437533043172967,0.009794315527856477,0.5062302749159582,0.024427334660905627,2.678994486746401,0.33523991345744325,0.5219632367309133,0.019955799591619337,2.9674581822825608,0.3739960781637652,192.0,0.0,0.0,0.0,-0.18397885270596542,0.013653831114721397,0.21055894429841457,0.006017190894320606,0.4587283411855797,0.015400531963478856,219840.0,181440.0,38160.0,38400.0,33120.0,214560.0,4291200.0,33120.0,38160.0,0.9999082809224318,1.8530051917830854e-05,0.43267819706498956,0.00270538758001141,0.9999082809224318,1.8530051917830854e-05,0.9999082809224318,1.8530051917830854e-05,3.479145772525431,0.005086669433448203,3.4790488605885925,0.004997843045270912,0.0,0.0,4.686403906282619,0.039989091003803184,-1.2309753926866558,0.0006344151165816514,1.2309753926866558,0.0006344151165816514,1.359495899274231,0.010019539981909964,0.7374265064156227,0.013412344146108996,1.968401899102279,0.01277792902952746,,,,,,,,,,,2,0.024268420870814655,0.0,1.0,0.0,1.0,1.0
20,4,3,z_zero,z_zero,0.0,all,0.11541204992681742,0.007156981370326219,0.7309279325350625,0.002855661344187564,0.8423897662674635,0.006264819349781864,0.2049712968846592,0.0003734139513283445,0.8617000598564456,0.007534007432095273,240.0,0.0,0.0,0.0,-0.3827778105409926,0.0005990760584643279,0.3828146731140173,0.0005790043523243142,0.7508782628572206,0.00013809104419880823,0.8433510812788341,0.00019999111408278432,0.20456835873410567,0.0026413503035464833,0.863289420829181,0.00023193105028851885,48.0,0.0,0.0,0.0,-0.3282606268865814,0.00022085731185860982,0.3283082925658175,0.0001534478618232109,0.7309279325350625,0.002855661344187564,0.8421591502044365,0.007792415395091641,0.20507203142229757,0.0011271050150470344,0.8613067780530757,0.009321277095448392,192.0,0.0,0.0,0.0,-0.3964071064545953,0.0008040594010449838,0.3964412682510672,0.0007621174058610777,0.7548188623497836,0.00039014254580754386,219840.0,181440.0,38160.0,38400.0,33120.0,214560.0,4291200.0,33120.0,38160.0,0.9999082809224319,5.5590155753688824e-05,0.41050838574423476,0.0029648083068618664,1.0,0.0,1.0,0.0,3.1160330556523332,0.0030076289893196002,4.94116165046443,0.005421717903609027,0.0,0.0,8.574924742591001,0.07646499338091173,-1.968401899102279,0.01277792902952746,1.968401899102279,0.01277792902952746,1.968401899102279,0.01277792902952746,0.0,0.0,1.968401899102279,0.01277792902952746,,,,,,,,,,,2,0.0,0.0,1.0,0.0,0.0,0.0
20,4,4,batch_box,batch_box,1.0,all,0.36232864996418357,0.023484642495304978,0.6240041019044154,0.016196799645366758,0.8605371000410055,0.007406262064988942,0.2000788177770515,0.00012801463219715514,0.9014682222183696,0.009813780712653784,240.0,0.0,0.0,0.0,-0.32345503176755985,0.0025382390865725008,0.323458580919221,0.002533219828158426,0.6487857301282997,0.0070663932265350735,0.8285440229162997,0.019534075716354897,0.19181530573258138,0.002346597508197828,0.8623271577617346,0.020123954115867846,48.0,0.0,0.0,0.0,-0.27225283393749744,0.004116110464418503,0.27227057969580304,0.004091014172348111,0.6240041019044154,0.016196799645366758,0.8678553754542377,0.013477015600925856,0.20214469578816904,0.0007466676672959206,0.9106995467909851,0.01673959509169139,192.0,0.0,0.0,0.0,-0.3362555812250755,0.002143771242110966,0.3362555812250755,0.002143771242110966,0.6536390251034996,0.005318007825289424,635760.0,552960.0,82560.0,82800.0,73920.0,626880.0,12537600.0,73920.0,82560.0,0.9995942344961241,8.564762368989755e-06,0.39001937984496127,0.0014731391274720276,0.9995942344961241,8.564762368989755e-06,0.9998970445736434,4.282381184510578e-05,2.2321822049722213,0.02685817170112664,2.2321822049722213,0.02685817170112664,0.0,0.0,6.784763928713126,0.02917964919604881,-1.6984537571703413,0.009181983825313494,1.6984537571703413,0.009181983825313494,1.7133358188388081,0.00986463853992547,0.2503503398150104,0.002891881942666054,1.9488040969853517,0.012073865767979577,0.5043673182246278,0.005476762334210847,0.349,0.006363961030678933,0.152,0.0007071067811865482,0.9995,0.0,0.7328616352201258,0.00811616274003429,2,0.0019368144322852502,0.0,1.0,0.0,1.0,1.0
20,4,4,box_factor_a0.25,box_factor,0.25,all,0.3674099501222372,0.01672767159583959,0.6387995151738297,0.01068841654503982,0.7453039798451102,0.0030058226608114446,0.17951882231959732,0.0004476373008602268,0.7628378375840132,0.004752566360079215,240.0,0.0,0.0,0.0,-0.3339866009794886,0.0026626348794257645,0.3339895110501798,0.0026585194179867887,0.662030423680016,0.005885586025606596,0.7506615235103378,0.0035399883689520364,0.1793692243088486,0.0016006069345871577,0.770305062370789,0.0024087866586960742,48.0,0.0,0.0,0.0,-0.28317257633928605,0.0042879671867184065,0.28318712669274193,0.004267389879523763,0.6387995151738297,0.01068841654503982,0.744029970700235,0.004564150323905285,0.17955622182228448,0.0009596983597220657,0.7609980481432459,0.006522811859331581,192.0,0.0,0.0,0.0,-0.3466901071395393,0.002256301802602599,0.3466901071395393,0.002256301802602599,0.666593880758297,0.004962570145805188,635760.0,552960.0,82560.0,82800.0,73920.0,626880.0,12537600.0,73920.0,82560.0,0.999563953488372,1.7129524738097268e-05,0.38606468023255813,0.0015330924640551324,0.9998183139534884,1.7129524738097268e-05,0.9998183139534884,1.7129524738097268e-05,2.21941550640178,0.027351224651577844,3.2922332356579176,0.037823439419958985,0.0,0.0,6.960314295674744,0.033523838592077304,-1.7260028783918855,0.009501063726758002,1.7260028783918855,0.009501063726758002,1.735711315095629,0.010474601765334405,0.2228012185934663,0.002572802041221527,1.9488040969853517,0.012073865767979577,,,,,,,,,,,2,0.00039719546571367697,0.0,1.0,0.0,1.0,1.0
20,4,4,box_factor_a0.5,box_factor,0.5,all,0.36923519999254495,0.02275780741575283,0.5629095381441942,0.02693779804453164,0.9031380944795643,0.024280495824551378,0.2070248296608425,0.0031047970062373885,0.9615332860641632,0.029528842469934556,240.0,0.0,0.0,0.0,-0.2852970693386028,0.00589717155205927,0.28531596799218156,0.005913654951210491,0.5769419949841856,0.01162991572320318,0.8502220012485839,0.01885855381645912,0.19496473234246475,0.00021144520538067012,0.8949402341721724,0.01810322990007531,48.0,0.0,0.0,0.0,-0.24265343421478705,0.010139559712045998,0.24268069593472041,0.010126896940857064,0.5629095381441942,0.02693779804453164,0.915042798950711,0.033753757055117864,0.21003985399043695,0.0039338575591419105,0.9769490780071243,0.04020946367115515,192.0,0.0,0.0,0.0,-0.2959579781195568,0.004836574512062549,0.2959747860065469,0.004860344453798724,0.5796928393103375,0.008647376275783446,635760.0,552960.0,82560.0,82800.0,73920.0,626880.0,12537600.0,73920.0,82560.0,0.9996245155038759,1.7129524738097268e-05,0.3940225290697674,0.0017557762856497297,0.9997638081395349,8.564762368989755e-06,0.9997638081395349,8.564762368989755e-06,2.259010268308173,0.028882600875240524,2.9091962507964264,0.0356544419860373,0.0,0.0,5.872104213436546,0.03243557579359552,-1.532501809783732,0.007374930949788966,1.532501809783732,0.007374930949788966,1.5674630582238263,0.011165375333206913,0.41630228720161966,0.004698934818190278,1.9488040969853517,0.012073865767979577,,,,,,,,,,,2,0.0023316594572363554,0.0,1.0,0.0,1.0,1.0
20,4,4,box_factor_a0.75,box_factor,0.75,all,0.3507605999475345,0.03372277070774525,0.49664720339564117,0.05023231768311617,1.324422386003146,0.02008023037117862,0.2804102990737385,0.0018194785059310935,1.4472511494366462,0.023594760309469824,240.0,0.0,0.0,0.0,-0.23289727517712716,0.007613452904434381,0.23475408748768958,0.006294684868940395,0.49560885694596524,0.013853832168766539,1.125977389940724,0.11422313731986207,0.23969255274210338,0.013721766797419033,1.210025297194155,0.12276103981674952,48.0,0.0,0.0,0.0,-0.20109588894632574,0.016357279166583156,0.2018434572409087,0.01684608336640102,0.49664720339564117,0.05023231768311617,1.3661888967390925,0.04627235132177041,0.29058973565664725,0.005704789831768608,1.4985307611797771,0.05255789993407954,192.0,0.0,0.0,0.0,-0.24084762173482754,0.0054274963388972145,0.2429817450493848,0.003656835244575289,0.4952392740197681,0.0065351453599688265,635760.0,552960.0,82560.0,82800.0,73920.0,626880.0,12537600.0,73920.0,82560.0,0.9996426841085271,8.564762369029008e-06,0.3994791666666667,0.0015416572264241814,0.9997153585271318,2.5694287107126276e-05,0.9997153585271318,2.5694287107126276e-05,2.320848337106362,0.030613512292848023,2.619139258635596,0.03390112652040621,0.0,0.0,5.0993366065719865,0.033027075284533705,-1.3638718532851417,0.005717730109389789,1.3638718532851417,0.005717730109389789,1.437332266811527,0.012617711217013652,0.5849322437002099,0.006356135658589789,1.9488040969853517,0.012073865767979577,,,,,,,,,,,2,0.008107771376214294,0.0,1.0,0.0,1.0,1.0
20,4,4,box_factor_a1.25,box_factor,1.25,all,0.36132625001482666,0.0006159607151907787,0.4437366488443534,0.10224541800162681,2.7358750045072306,0.040416544208899625,0.5360472239874028,0.0038632266581855377,3.0229808809453242,0.04463631519974257,240.0,0.0,0.0,0.0,-0.11666532175549567,0.011357996665992433,0.1646950969959115,0.006937821936251433,0.40008424999139913,0.006633007831179387,2.1116466279178323,0.5322129868853261,0.41035866208776595,0.07437268528621595,2.2975009941257265,0.5794123783783935,48.0,0.0,0.0,0.0,-0.11613218661544406,0.02048365733383015,0.16057103581018603,0.03788343458964041,0.4437366488443534,0.10224541800162681,2.857548874966229,0.04497298215767945,0.5674693644623119,0.013764137998822071,3.1685951984585916,0.04960736197792631,192.0,0.0,0.0,0.0,-0.11679860554050855,0.009076581499033001,0.1657261122923429,0.0007985812270958489,0.38927478735992227,0.015210050204846665,635760.0,552960.0,82560.0,82800.0,73920.0,626880.0,12537600.0,73920.0,82560.0,0.9997032461240309,5.995333658312455e-05,0.4060016957364341,0.0017900353351257869,0.9996850775193798,5.138857421409554e-05,0.9996850775193798,5.138857421409554e-05,2.4926094296776125,0.033719516309694685,2.236961012711606,0.030548548659117145,0.0,0.0,4.259667305997766,0.03789649708313484,-1.0878354754729287,0.0029877509173819625,1.0878354754729287,0.0029877509173819625,1.2731251443538536,0.013171984139854695,0.8609686215124228,0.009086114850597654,1.9488040969853517,0.012073865767979577,,,,,,,,,,,2,0.03444561631807292,1.0,1.0,1.0,1.0,1.0
20,4,4,box_factor_a1.5,box_factor,1.5,all,0.36016629997175187,0.007804478958823655,0.47722022569101846,0.14036515247600748,3.621980464872064,0.06586299082574974,0.7000363309429716,0.002858279918869717,4.004791655138804,0.07305117534750355,240.0,0.0,0.0,0.0,-0.052569584891580715,0.015141656714627675,0.16636065259284763,0.000697407345751445,0.4291212656521963,0.001582364683289056,2.7444428830098513,0.7879692219837611,0.519649884885535,0.10979830380635294,2.9893684804531016,0.8581882387553303,48.0,0.0,0.0,0.0,-0.07096933824037843,0.02004982754777452,0.16552549418502466,0.042695321382308714,0.47722022569101846,0.14036515247600748,3.7900907200079352,0.056837709842989206,0.7451329424573307,0.023876726053001163,4.205243858724995,0.062414780286261747,192.0,0.0,0.0,0.0,-0.04796964655438129,0.01391461400634095,0.1665694421948034,0.009802071163387875,0.41572804744001957,0.03430507365336335,635760.0,552960.0,82560.0,82800.0,73920.0,626880.0,12537600.0,73920.0,82560.0,0.9997153585271319,5.9953336583203054e-05,0.4075823643410853,0.0019013772459231639,0.9996669089147286,7.708286132122182e-05,0.9996669089147286,7.708286132122182e-05,2.5944764687792663,0.034671766989237504,2.118015747326907,0.028444254955503647,0.0,0.0,4.105792628622954,0.041461277051665094,-0.9753866441542064,0.0016508826827993446,0.9753866441542064,0.0016508826827993446,1.2347417519474038,0.013471330960715613,0.9734174528311452,0.010422983085180429,1.9488040969853517,0.012073865767979577,,,,,,,,,,,2,0.05850950479758117,0.0,1.0,0.5,1.0,1.0
20,4,4,box_factor_a2,box_factor,2.0,all,0.37757205008529127,0.008568225128775978,0.6489930468003191,0.20237453936085656,5.526204079519342,0.06070381029711131,1.0551839991970358,0.0020329494252837852,6.110563337430065,0.06769410052582917,240.0,0.0,0.0,0.0,0.08373872605422342,0.021450203642720597,0.23850132632846668,0.017105750511044765,0.6425416530177244,0.017005172581333376,4.153992067159846,1.3208217426932256,0.7595786959988997,0.1798691981656591,4.526847787381298,1.4394864804098675,48.0,0.0,0.0,0.0,0.02749644473261096,0.016247869082070668,0.21152913408476176,0.038672445357431154,0.6489930468003191,0.20237453936085656,5.784296111345923,0.15213578548727139,1.12908532499657,0.04750848632301956,6.417834903172399,0.16774935600648744,192.0,0.0,0.0,0.0,0.09779929638462653,0.022750787282883086,0.24524437438939292,0.031050299478163717,0.6366530247105098,0.06201860828812264,635760.0,552960.0,82560.0,82800.0,73920.0,626880.0,12537600.0,73920.0,82560.0,0.9997395833333333,5.9953336583203054e-05,0.4096535852713178,0.002106931542779664,0.9996608527131783,6.851809895223207e-05,0.9996608527131783,6.851809895223207e-05,2.813664050165289,0.03329594801421685,1.9778812612189909,0.02152470046892444,0.0,0.0,4.166375004165856,0.05147139541759707,-0.791795133061941,0.0011886408297738795,0.791795133061941,0.0011886408297738795,1.2261486263874093,0.01449789027361771,1.1570089639234102,0.013262506597753574,1.9488040969853517,0.012073865767979577,,,,,,,,,,,2,0.13347897352099347,0.0,1.0,0.0,1.0,1.0
20,4,4,f_zero,f_zero,0.0,all,0.02581935003399849,0.0010856211581216405,0.7263186868059546,0.00018972661842022609,0.7745071402678927,0.00011388621316328547,0.18819311960703816,0.0005048991625274492,0.7796693284032732,0.00014918823118763213,240.0,0.0,0.0,0.0,-0.3826836703634958,0.00026354024013308994,0.38268584126756144,0.00026661036210532546,0.7512108856018705,4.8369905032475365e-05,0.7841875317416671,0.0019694071422849636,0.1896073038828243,0.0007128838518627008,0.794830826275623,0.002283282395306576,48.0,0.0,0.0,0.0,-0.3263874766118313,0.000436419008430372,0.32639833113215944,0.00045176961829145165,0.7263186868059546,0.00018972661842022609,0.7722049751296269,0.0003307256854486175,0.1878395735380916,0.0004529029901936437,0.7759215362174323,0.0003846350784558008,192.0,0.0,0.0,0.0,-0.396757718801412,0.00022032054805882825,0.396757718801412,0.00022032054805882825,0.7561088623619543,9.428746057238397e-05,61680.0,61440.0,0.0,240.0,0.0,61440.0,1228800.0,0.0,0.0,0.0,0.0,0.0,0.0,0.0,0.0,0.0,0.0,0.0,0.0,0.0,0.0,0.0,0.0,,,,,,,,,,,,,,,,,,,,,,,2,0.0,0.0,1.0,0.0,0.0,0.0
20,4,4,raw,raw,1.0,all,0.34515084989834577,0.04408803702898828,1.6238979024651665,0.18705274268154568,35.86843440382617,13.717320737335776,3.050087829252665,1.008192876887413,39.66403828898598,15.150855927574531,240.0,0.0,0.0,0.0,0.26475087043486434,0.29969893290844185,0.6729756543616173,0.2647759087015493,4.008501533381297,2.3587122334367714,12.416240658550658,6.660842095993762,1.3284276761094935,0.5970837621852675,13.534036834900338,7.289913925755385,48.0,0.0,0.0,0.0,-0.07133187487369236,0.2566977354298006,0.379854520070124,0.05322079279260053,1.6238979024651665,0.18705274268154568,39.411428885301525,14.934736658968218,3.4805028675384575,1.1109701555629488,43.72729152729861,16.547976425796765,192.0,0.0,0.0,0.0,0.34877155676200344,0.3104492322781021,0.7462559379344906,0.31766468767878664,4.312599785100086,2.6466182389662873,635760.0,552960.0,82560.0,82800.0,73920.0,626880.0,12537600.0,73920.0,82560.0,0.999733527131783,3.425904947611603e-05,0.40457848837209304,0.001507398176948085,0.999733527131783,3.425904947611603e-05,0.0,0.0,3.111190393684095,0.12823131297197624,3.111190393684095,0.12823131297197624,0.0,0.0,11.134438044328444,4.001845282649711,-1.0484412200563336,0.018471875936283893,1.0484412200563336,0.018471875936283893,1.5349799788228062,0.002190381448961317,0.9003628769290184,0.006398010168303766,1.9488040969853517,0.012073865767979577,,,,,,,,,,,2,5.55533790372876,0.0,0.0,0.0,0.0,0.0
20,4,4,sample_ball,sample_ball,1.0,all,0.35803390003275126,0.012786187720517738,0.5706616575558833,0.05768799280079812,1.535038002856357,0.04519646792626233,0.3254533933685718,0.004628160919464042,1.6793199189656298,0.048263708081062694,240.0,0.0,0.0,0.0,-0.24676095652952554,0.012360080297054491,0.2517960849659788,0.014389600248934011,0.5491696560424452,0.03217416635282351,1.291087566879341,0.08700907827938863,0.2737507509066016,0.02331480953543836,1.3873529560340994,0.09197758789769372,48.0,0.0,0.0,0.0,-0.21718780600822207,0.008707554049562994,0.21981522572272433,0.011896399248322332,0.5706616575558833,0.05768799280079812,1.5870381746708786,0.037328717992730645,0.3383790539840644,4.350123452947286e-05,1.743093632177934,0.039975898492431286,192.0,0.0,0.0,0.0,-0.2541542441598514,0.013273211858927336,0.2597912997767924,0.015012900499086981,0.5446870657862614,0.02681836505213152,635760.0,552960.0,82560.0,82800.0,73920.0,626880.0,12537600.0,73920.0,82560.0,0.9996911337209302,2.569428710700852e-05,0.396875,0.0012847143553534287,0.396875,0.0012847143553534287,0.396875,0.0012847143553534287,2.285393725258042,0.027581199669040237,1.0622580508125445,0.014975636369405203,0.0,0.0,5.96734046912635,0.02617738936310747,-1.5023606650681358,0.007875240204364512,1.5023606650681358,0.007875240204364512,1.5597432305073782,0.011445561539078174,0.4464434319172159,0.004198625563615085,1.9488040969853517,0.012073865767979577,,,,,,,,,,,2,0.01418709081687772,0.0,1.0,0.0,1.0,1.0
20,4,4,sample_box,sample_box,1.0,all,0.36232279997784644,0.022070641246364167,0.45292437528236995,0.07130118556823269,1.9611004192965407,0.004655169429925209,0.393545136467218,0.001965055284851511,2.161527767716371,0.004655683227984207,240.0,0.0,0.0,0.0,-0.17631171405346907,0.008778415805219717,0.19110933855526088,0.006284961475633721,0.4303684832580966,0.011596641785621814,1.5641134894775284,0.2987721900471059,0.31436843574215745,0.04187160174053467,1.6962773843194687,0.3248014206091098,48.0,0.0,0.0,0.0,-0.15847250468644897,0.01911308295834189,0.17205751252944504,0.027213917992775342,0.45292437528236995,0.07130118556823269,2.040694031677263,0.04850406624790386,0.41333931164848314,0.008011581329069269,2.2574684793733564,0.054051002385553965,192.0,0.0,0.0,0.0,-0.18077151639522404,0.006194749016939161,0.19587229506171486,0.0010527223463483164,0.4251911536848079,0.0011521437389243926,635760.0,552960.0,82560.0,82800.0,73920.0,626880.0,12537600.0,73920.0,82560.0,0.9996971899224807,5.13885742142133e-05,0.4034278100775194,0.001918506770661163,0.9996971899224807,5.13885742142133e-05,0.9996971899224807,5.13885742142133e-05,2.400168370151453,0.032312003716414385,2.400168370151453,0.032312003716414385,0.0,0.0,4.577966506077274,0.03493181064316851,-1.2165560646937932,0.004246879653351729,1.2165560646937932,0.004246879653351729,1.3399673254275526,0.013003302070216069,0.7322480322915587,0.007826986114627928,1.9488040969853517,0.012073865767979577,,,,,,,,,,,2,0.018622597813147214,0.0,1.0,0.0,1.0,1.0
20,4,4,shrink_c0.1,shrink,0.1,all,0.3692204999970272,0.044424549321300404,0.711295394217284,0.005883212512387161,0.7626280004397253,8.494400416372361e-05,0.18493941774551537,9.397130984874116e-05,0.769222764233296,0.0005367853520855409,240.0,0.0,0.0,0.0,-0.37197192037403326,0.00045964664842930013,0.37197438488499934,0.00045616130359642937,0.7326962513010564,0.0020165251844147334,0.7751529834781536,0.00040965438082625987,0.18694470940383176,0.001217102388990177,0.786834112507314,0.0015037172952286557,48.0,0.0,0.0,0.0,-0.317338120777345,0.0015306553365216163,0.3173504433321756,0.001513228612357125,0.711295394217284,0.005883212512387161,0.7596425371112714,6.765728702576424e-06,0.18443809483093626,0.00018681145993661041,0.7648604956802341,0.0002939266834487163,192.0,0.0,0.0,0.0,-0.3856303702732053,0.0001918944764061426,0.3856303702732053,0.0001918944764061426,0.7369160096706054,0.0012675398410398643,635760.0,552960.0,82560.0,82800.0,73920.0,626880.0,12537600.0,73920.0,82560.0,0.999467054263566,1.7129524738097268e-05,0.38126211240310076,0.0016101753253763545,1.0,0.0,1.0,0.0,2.2083146644803753,0.026838959600473597,3.0873469149772337,0.03375514937093597,0.0,0.0,7.857253870679741,0.03323854550386573,-1.8698905644650392,0.011295848757132356,1.8698905644650392,0.011295848757132356,1.8706836201859938,0.011321853247708395,0.07891353252031251,0.0007780170108473199,1.9488040969853517,0.012073865767979577,,,,,,,,,,,2,8.49823554858089e-05,0.0,1.0,0.0,1.0,1.0
20,4,4,shrink_c0.25,shrink,0.25,all,0.3642504500458017,0.028440895383679117,0.6836780718296533,0.016485435829638635,0.7967608385168616,0.0013727722105824807,0.19119506988443385,0.0004929019132582425,0.8170972564605963,0.002535954217934105,240.0,0.0,0.0,0.0,-0.35202232512606896,0.0014135636108925868,0.35202522911524514,0.0014094567500146427,0.6995766547042006,0.004632147803429148,0.808911554034265,0.008594540834135696,0.19110256347606397,0.0013496433763780283,0.8307920863327871,0.012585443796405452,48.0,0.0,0.0,0.0,-0.3001355557104877,0.004569288930576067,0.3001500756563687,0.004548754626186268,0.6836780718296533,0.016485435829638635,0.7938618933960426,0.0003634940718982496,0.19121819648652635,0.0009535382356673249,0.8137086297325007,3.055119890346008e-05,192.0,0.0,0.0,0.0,-0.3649940174799643,0.0006246322809718148,0.3649940174799643,0.0006246322809718148,0.702712556319721,0.0023175944740917815,635760.0,552960.0,82560.0,82800.0,73920.0,626880.0,12537600.0,73920.0,82560.0,0.9995457848837209,4.282381184510578e-05,0.3861858042635659,0.0015502219887931906,1.0,0.0,1.0,0.0,2.223020598627648,0.027356936837017308,2.159692457339533,0.02393836763153786,0.0,0.0,7.089703402185801,0.027992537387834256,-1.749121905790492,0.010111961023379794,1.749121905790492,0.010111961023379794,1.75691364285412,0.010324968044276045,0.19968219119485958,0.0019619047445998228,1.9488040969853517,0.012073865767979577,,,,,,,,,,,2,0.0008178600309142937,0.0,1.0,0.0,1.0,1.0
20,4,4,shrink_c0.5,shrink,0.5,all,0.3515952001325786,0.011313567120015609,0.6308478101331599,0.02869522741932825,1.6798115062369265,0.15554787736572076,0.32201231417473486,0.021064675663826582,1.8353769376797613,0.17432783617273803,240.0,0.0,0.0,0.0,-0.2983189541473833,0.002685904490777218,0.30103593383861366,0.000455251789061422,0.6304803218006741,0.002199279097729336,1.2508067635362452,0.06398013100493347,0.25536286699027333,0.024371383624932432,1.3374619617125107,0.0687367435525203,48.0,0.0,0.0,0.0,-0.2589565822636009,0.004370365881268545,0.260314051110189,0.002842550341482979,0.6308478101331599,0.02869522741932825,1.7658044878079595,0.17219430004487857,0.3386746759708502,0.02023799867355008,1.9375037694050943,0.1938780239749752,192.0,0.0,0.0,0.0,-0.30815954711832894,0.004449972083788713,0.3112164045207198,0.001279702321697488,0.6303394105991564,0.003123440040459061,635760.0,552960.0,82560.0,82800.0,73920.0,626880.0,12537600.0,73920.0,82560.0,0.9996002906976744,1.712952473797951e-05,0.3943677325581395,0.0014217505532578144,1.0,0.0,1.0,0.0,2.2946520425824968,0.03051469363548794,0.9863393726144521,0.011597156747025923,0.0,0.0,6.141453075603414,0.022656360820576163,-1.5388869360096662,0.008465966005667354,1.5388869360096662,0.008465966005667354,1.5945912566975227,0.010062683460388688,0.40991716097568554,0.0036078997623123603,1.9488040969853517,0.012073865767979577,,,,,,,,,,,2,0.01278286127825412,0.0,1.0,0.0,1.0,1.0
20,4,4,shrink_c0.75,shrink,0.75,all,0.3466421499615535,0.01075332634955363,0.6492524085019635,0.01803672813154632,7.714742424032229,2.399043315017468,0.9311667397280323,0.18552056887180368,8.530347450328668,2.6533989747858846,240.0,0.0,0.0,0.0,-0.16377748822542149,0.05164640465319787,0.30969918616480696,0.04331109108609226,0.90450374833706,0.25101974866184124,3.284073080634494,1.1985539446100246,0.5119785821501484,0.14473274967308283,3.5736486670702847,1.3138330971187142,48.0,0.0,0.0,0.0,-0.1925418811253511,0.03768091953504654,0.23551247192629493,0.01240798294144,0.6492524085019635,0.01803672813154632,8.426852109246164,2.6043313734796394,1.0359637791225031,0.195717523671484,9.349438407762085,2.8894848911183986,192.0,0.0,0.0,0.0,-0.1565863900004391,0.05513777593273576,0.32824586472443495,0.0572408595929754,0.9450976053895757,0.2909493403532238,635760.0,552960.0,82560.0,82800.0,73920.0,626880.0,12537600.0,73920.0,82560.0,0.9996911337209302,8.564762368989755e-06,0.40051477713178296,0.0015330924640551324,1.0,0.0,1.0,0.0,2.504796344061899,0.048419014838208804,0.2625843794770419,0.004055272718710775,0.0,0.0,5.9220891458427065,0.1188670212048625,-1.310846504185451,0.009101297348960853,1.310846504185451,0.009101297348960853,1.5077070636818144,0.007999504777182405,0.637957592799901,0.0029725684190190778,1.9488040969853517,0.012073865767979577,,,,,,,,,,,2,0.2291147835215906,0.0,1.0,0.0,0.5,0.5
20,4,4,z_only_box,z_only_box,1.0,all,0.33946609997656196,0.03373252902026454,0.44538516751550755,0.07805523561912518,2.039601224821898,0.009440888489780216,0.4025831285028215,0.00019070167424930484,2.248867824216595,0.010954953690741415,240.0,0.0,0.0,0.0,-0.17234153755941006,0.009826983101734903,0.18993278951726236,0.0065966020932853395,0.4290202375177538,0.010679247728434373,1.6177947064822056,0.24472419977558454,0.3218167863323841,0.03385401314471187,1.7556538220530067,0.26505814521978793,48.0,0.0,0.0,0.0,-0.15163204757359863,0.026531606212240336,0.1689609715974156,0.030380236712431542,0.44538516751550755,0.07805523561912518,2.1249595671748818,0.05516207556123063,0.4227747140454309,0.008225126193366331,2.3514514285058423,0.06136116625173472,192.0,0.0,0.0,0.0,-0.1775189100558629,0.005650827324108517,0.1951757439972241,0.000650693438498827,0.42501395173887613,0.003475595715636628,635760.0,552960.0,82560.0,82800.0,73920.0,626880.0,12537600.0,73920.0,82560.0,0.9996971899224807,5.13885742142133e-05,0.40343386627906974,0.0019270715330301726,0.9996971899224807,5.13885742142133e-05,0.9996971899224807,5.13885742142133e-05,2.4014097442789293,0.03303449689367387,2.4013777393568905,0.033026817781559116,0.0,0.0,4.584385012185688,0.03640320051664454,-1.215902337292206,0.004105764032980168,1.215902337292206,0.004105764032980168,1.3406120419705252,0.013140144176735967,0.7329017596931455,0.007968101734999174,1.9488040969853517,0.012073865767979577,,,,,,,,,,,2,0.019226917669300625,0.0,1.0,0.5,1.0,1.0
20,4,4,z_zero,z_zero,0.0,all,0.35369895002804697,0.02619385146648061,0.7263186868059546,0.00018972661842022609,0.7745071402678927,0.00011388621316328547,0.18819311960703816,0.0005048991625274492,0.7796693284032732,0.00014918823118763213,240.0,0.0,0.0,0.0,-0.3826836703634958,0.00026354024013308994,0.38268584126756144,0.00026661036210532546,0.7512108856018705,4.8369905032475365e-05,0.7841875317416671,0.0019694071422849636,0.1896073038828243,0.0007128838518627008,0.794830826275623,0.002283282395306576,48.0,0.0,0.0,0.0,-0.3263874766118313,0.000436419008430372,0.32639833113215944,0.00045176961829145165,0.7263186868059546,0.00018972661842022609,0.7722049751296269,0.0003307256854486175,0.1878395735380916,0.0004529029901936437,0.7759215362174323,0.0003846350784558008,192.0,0.0,0.0,0.0,-0.396757718801412,0.00022032054805882825,0.396757718801412,0.00022032054805882825,0.7561088623619543,9.428746057238397e-05,635760.0,552960.0,82560.0,82800.0,73920.0,626880.0,12537600.0,73920.0,82560.0,0.9994307170542636,0.0,0.37980862403100774,0.0015759162759002383,1.0,0.0,1.0,0.0,2.206008468802322,0.026679392846754833,3.804760907350098,0.041357641879052144,0.0,0.0,8.44568145835903,0.03778593129151633,-1.9488040969853517,0.012073865767979577,1.9488040969853517,0.012073865767979577,1.9488040969853517,0.012073865767979577,0.0,0.0,1.9488040969853517,0.012073865767979577,,,,,,,,,,,2,0.0,0.0,1.0,0.0,0.0,0.0
20,5,2,batch_box,batch_box,1.0,all,0.18247955001424998,0.011085949278001604,0.6628762624373388,0.033787670355446185,1.4057669737161358,0.05805880858530366,0.3201161238172392,0.010160049525627008,1.5233262435661792,0.06605463101430617,240.0,0.0,0.0,0.0,-0.33196882268767763,0.004623606505417049,0.332750207013103,0.004344851871977005,0.6709298315219914,0.0038483399559120263,1.3356181805979004,0.08823742747583391,0.30397726885644233,0.02470120950732605,1.4291125276281529,0.09530684708328871,48.0,0.0,0.0,0.0,-0.28217547850170793,0.005711189559380641,0.2830669190611502,0.0056214776963891865,0.6628762624373388,0.033787670355446185,1.4217595326428865,0.05139227188772246,0.32415083755743845,0.006524759530202232,1.5454072670566255,0.059488520066861936,192.0,0.0,0.0,0.0,-0.3444171587341701,0.007207305521616452,0.3451710290010912,0.006836434264068563,0.6724088154112663,0.011296888303717377,231600.0,170880.0,60480.0,60720.0,49440.0,220320.0,4406400.0,49440.0,60480.0,0.9999917328042328,1.1691580376748573e-05,0.4209325396825397,0.0016835875742536785,0.9999917328042328,1.1691580376748573e-05,0.9999917328042328,1.1691580376748573e-05,4.726547329310528,0.053844280480112604,4.726547329310528,0.053844280480112604,0.0,0.0,5.982965280461649,0.020270387052729252,-1.5155321209982224,0.0009479924265157652,1.5155321209982224,0.0009479924265157652,1.5385268153637457,0.0017528191919926404,0.27385059748721174,0.008930618542588918,1.7893827184854336,0.007982626116073917,0.5401489444303853,0.0009615087842170383,0.3935,0.0028284271247461927,0.1265,0.0014142135623730963,0.9995,0.0,0.6568223443223443,0.0013598207330510481,2,0.006829488820963919,0.0,1.0,0.0,1.0,1.0
20,5,2,box_factor_a0.25,box_factor,0.25,all,0.16841180005576462,0.016939167280481414,0.6510667757496416,0.02227472590166993,1.0819358456015888,0.0026352752945451286,0.2562245495971226,0.001041462306953227,1.1531151952341765,0.0035251662711395042,240.0,0.0,0.0,0.0,-0.34301767352562845,0.0024678954841856632,0.3432518492713033,0.0023120865536284296,0.6824712818607271,0.0037010710633046152,1.0733111403320033,0.026233644075836143,0.2487136876908285,0.005075361714931737,1.1366545700036896,0.02708137696454001,48.0,0.0,0.0,0.0,-0.2865854554078438,0.0026245963072739314,0.2872541077194533,0.0027704490988873505,0.6510667757496416,0.02227472590166993,1.0839235040224207,0.002878262984449012,0.2581022650736961,3.2987454958609436e-05,1.1570628714391107,0.002125430375923398,192.0,0.0,0.0,0.0,-0.35712572805507464,0.003741018432050503,0.3572512846592658,0.0035827204667573356,0.68854543401234,0.00863273727506915,231600.0,170880.0,60480.0,60720.0,49440.0,220320.0,4406400.0,49440.0,60480.0,1.0,0.0,0.4157572751322751,0.0019875686640495145,1.0,0.0,1.0,0.0,4.637906500682725,0.0567497586696779,6.074918177889818,0.07023840121379857,0.0,0.0,6.326843309164127,0.01305045229428662,-1.579709669246818,0.0004319087261590856,1.579709669246818,0.0004319087261590856,1.5894510101602255,4.688718909185323e-05,0.20967304923861615,0.007550717389914008,1.7893827184854336,0.007982626116073917,,,,,,,,,,,2,0.0018081266853377993,0.0,1.0,0.0,1.0,1.0
20,5,2,box_factor_a0.5,box_factor,0.5,all,0.16238654998596758,0.00933020310672437,0.5830626900223939,0.04623365078759446,1.6200279839011142,0.07055445568688361,0.3605692299652345,0.012245222878758,1.7706201650869589,0.07903362963695482,240.0,0.0,0.0,0.0,-0.2908033650195371,0.002667039054784202,0.29187615967729186,0.002327796194449917,0.6017246064320672,0.001190720060033484,1.4194032047481633,0.12652578596114405,0.3205251704457355,0.028656256747715835,1.5286265855837462,0.13668315829765584,48.0,0.0,0.0,0.0,-0.24456272373607943,0.011498552365950114,0.24544532077648162,0.011647271369811826,0.5830626900223939,0.04623365078759446,1.6636687677349964,0.05944358095739252,0.3705802448451092,0.008142464411518582,1.8246611917625999,0.06745878957488971,192.0,0.0,0.0,0.0,-0.30236352534040145,0.006208436909967717,0.3034838694024944,0.005821563085515356,0.6052015125150101,0.0075196887633477505,231600.0,170880.0,60480.0,60720.0,49440.0,220320.0,4406400.0,49440.0,60480.0,1.0,0.0,0.42295800264550265,0.0013679149040810943,1.0,0.0,1.0,0.0,4.811697434619273,0.05778571945262055,5.721181262342567,0.06698902927782323,0.0,0.0,5.2689041730515775,0.04760187040499367,-1.3907954156589732,0.006122856255496755,1.3907954156589732,0.006122856255496755,1.4269902599204636,0.005040327029936511,0.39858730282646093,0.014105482371570046,1.7893827184854336,0.007982626116073917,,,,,,,,,,,2,0.010714444640956666,0.0,1.0,0.0,1.0,1.0
20,5,2,box_factor_a0.75,box_factor,0.75,all,0.16380630002822727,0.011477474402877079,0.5409677936082552,0.053739764566053144,2.669950041336765,0.1672002696184197,0.555374995599291,0.02846849751366675,2.9451014159110587,0.18485998011627275,240.0,0.0,0.0,0.0,-0.22395232659828318,0.000412566246739085,0.23843829541745604,0.0045369036624462065,0.5328453340688766,0.02287250777271591,2.0754571555978263,0.33629207527860955,0.4570314904104749,0.07115084581629225,2.25373807857284,0.36675273811022585,48.0,0.0,0.0,0.0,-0.20105075739501557,0.01765526724744169,0.20997712167460214,0.017536764328023913,0.5409677936082552,0.053739764566053144,2.790807482181818,0.13869221095864465,0.579960871896495,0.01779791043801051,3.089387245705389,0.1539257598246143,192.0,0.0,0.0,0.0,-0.2296777188991001,0.004929524620284299,0.24555358885316952,0.0012869384960517676,0.5310935339335747,0.016566394703519467,231600.0,170880.0,60480.0,60720.0,49440.0,220320.0,4406400.0,49440.0,60480.0,1.0,0.0,0.42743055555555554,0.001379606484457882,1.0,0.0,1.0,0.0,5.096097126199504,0.058741464367251466,5.532656119774068,0.06343021154978536,0.0,0.0,4.504389560500904,0.06684322594027899,-1.2178975386396713,0.011963759531578076,1.2178975386396713,0.011963759531578076,1.2987397317959686,0.006232300169403419,0.5714851798457625,0.019946385647651093,1.7893827184854336,0.007982626116073917,,,,,,,,,,,2,0.032852721580675544,0.5,1.0,0.5,1.0,1.0
20,5,2,box_factor_a1.25,box_factor,1.25,all,0.17445339995902032,0.011357407580364907,0.6822174141036779,0.047845343877737895,5.693036649042874,0.4907125256524492,1.1265476653169373,0.09323832649717932,6.294621243221474,0.5415075205933826,240.0,0.0,0.0,0.0,-0.05146433629258344,0.001253375154977354,0.2603820610352615,0.027822048961831502,0.6787654435301042,0.10212464656104311,4.3643898337199785,0.996091339530236,0.8972976983414812,0.18116277103924816,4.755999761280117,1.088499061236622,48.0,0.0,0.0,0.0,-0.10128326457425288,0.06167221110567015,0.23478670622731096,0.014246082452011918,0.6822174141036779,0.047845343877737895,5.959236726189126,0.4072741703807327,1.1838601570608012,0.07125721536166255,6.61139951244478,0.45024858420935854,192.0,0.0,0.0,0.0,-0.039009604222166074,0.013851333832695833,0.2667808997372492,0.03121604058928642,0.6777991632880205,0.11313261127490602,231600.0,170880.0,60480.0,60720.0,49440.0,220320.0,4406400.0,49440.0,60480.0,1.0,0.0,0.43183697089947093,0.0013679149040810943,1.0,0.0,1.0,0.0,5.988632126326585,0.05467853729830118,5.5782442433152735,0.05001563361120823,0.0,0.0,3.7238632859446756,0.07003454944385522,-0.911388459765891,0.02152284462161726,0.911388459765891,0.02152284462161726,1.1435836039983798,0.008202494929838097,0.8779942587195431,0.0295054707376902,1.7893827184854336,0.007982626116073917,,,,,,,,,,,2,0.1584167005252199,0.0,1.0,0.0,1.0,1.0
20,5,2,box_factor_a1.5,box_factor,1.5,all,0.15668595011811703,0.0033804655284320707,0.8596226387978213,0.009150576930269702,7.49372067395182,0.8130548726061141,1.4686913182423285,0.14852409644198192,8.285427791736893,0.8979654877739184,240.0,0.0,0.0,0.0,0.04654995828913379,0.0015415964624564322,0.33104768326643863,0.04788524656060478,0.9003152168344595,0.13806894413013612,5.9494750648501125,1.520372506301973,1.176133704987971,0.24457006958006539,6.484941754877179,1.663247266652627,48.0,0.0,0.0,0.0,-0.04617027532084576,0.09008635428204635,0.28576201411127566,0.00037892472362340284,0.8596226387978213,0.009150576930269702,7.807121104378163,0.6911792888382852,1.5418307215559177,0.12451260315746111,8.661053336924088,0.7646816389725003,192.0,0.0,0.0,0.0,0.06973001669162869,0.020594592992441055,0.3423691005552294,0.05976182701985015,0.9069453002406301,0.1663132689996113,231600.0,170880.0,60480.0,60720.0,49440.0,220320.0,4406400.0,49440.0,60480.0,1.0,0.0,0.43293650793650795,0.0013796064844578428,1.0,0.0,1.0,0.0,6.58420244859664,0.05275944635367633,5.783175464645797,0.04356597054061398,0.0,0.0,3.659031935540056,0.05790626970552964,-0.7751093260657146,0.025242247028075974,0.7751093260657146,0.025242247028075974,1.1195231217998496,0.00840846363411527,1.0142733924197196,0.033224873144149424,1.7893827184854336,0.007982626116073917,,,,,,,,,,,2,0.2770391109039748,0.0,1.0,0.0,0.0,0.0
20,5,2,box_factor_a2,box_factor,2.0,all,0.16258804989047348,0.011154255983911477,1.339745351417874,0.2073679902306753,11.3253175903676,1.4198077885956188,2.195426862349614,0.25219621991696445,12.519407287315932,1.5698168452706083,240.0,0.0,0.0,0.0,0.24723028232574812,0.002821560931723991,0.518177257543158,0.06280024380918091,1.4567181258956103,0.17078697946060892,9.365795669778473,2.1819996324557094,1.8062178264097748,0.35310767572446533,10.208404351455272,2.3920259194420876,48.0,0.0,0.0,0.0,0.08765222856524564,0.1506608528191845,0.42577924308271453,0.04900338994826371,1.339745351417874,0.2073679902306753,11.73417696077124,1.2827366958316924,2.2927291213345735,0.22696835596508852,13.014872936702702,1.4206400572820943,192.0,0.0,0.0,0.0,0.2871247957658738,0.034138262040141136,0.541276761158269,0.09075115224854197,1.4737557668415318,0.24054005499889844,231600.0,170880.0,60480.0,60720.0,49440.0,220320.0,4406400.0,49440.0,60480.0,1.0,0.0,0.43443287037037037,0.0013912980648346502,1.0,0.0,1.0,0.0,8.023716657757575,0.05312046047506281,6.4850605957777105,0.035176531633542875,0.0,0.0,4.073548121225878,0.025424429148632372,-0.5325245705574169,0.03084471519034568,0.5325245705574169,0.03084471519034568,1.1541798128449874,0.004900728610048531,1.2568581479280172,0.03882734130641916,1.7893827184854336,0.007982626116073917,,,,,,,,,,,2,0.6423298183336337,0.0,1.0,0.0,0.0,0.0
20,5,2,f_zero,f_zero,0.0,all,0.004202850046567619,0.0006023843262503339,0.7261098753916551,0.0039488170235714125,0.9847670474404118,0.0019367494544358455,0.2365353706888622,0.0012888011810170369,1.0286316590012552,0.002649924885933433,240.0,0.0,0.0,0.0,-0.3866100090614435,0.001620477879820869,0.38673974852014403,0.0015314426977924877,0.7605879394939732,0.00226024349788638,0.9828933675496964,0.033108653267437234,0.234056263684568,0.008848993151777475,1.0248951006855116,0.037318730777356625,48.0,0.0,0.0,0.0,-0.32515379546791034,0.0025818130535939627,0.32559399175724457,0.0024315020913155748,0.7261098753916551,0.0039488170235714125,0.9851367699500371,0.005401547183138046,0.23715514743993577,0.0006012468116730752,1.0294534707749745,0.005778253636534157,192.0,0.0,0.0,0.0,-0.40197406245982675,0.0013801440863776301,0.4020261877108689,0.0013064278494117258,0.7673193367561264,0.003440239958022508,7920.0,7680.0,0.0,240.0,0.0,7680.0,153600.0,0.0,0.0,0.0,0.0,0.0,0.0,0.0,0.0,0.0,0.0,0.0,0.0,0.0,0.0,0.0,0.0,,,,,,,,,,,,,,,,,,,,,,,2,0.0,0.0,1.0,0.0,0.0,0.0
20,5,2,raw,raw,1.0,all,0.1759454500861466,0.016061435617275886,37561.77863526046,51777.54004058766,394002.8853087205,392085.0551313879,7057.934085070429,6079.135181555851,434620.197924925,432986.3913031169,240.0,0.0,0.0,0.0,3018.296774576212,2562.3358126528287,3112.2264755099727,2447.2245877174696,77599.67607593327,66690.55105763485,134981.36444657177,180306.69452575297,5159.857794079302,6853.587379944819,146456.43017701877,195576.960438927,48.0,0.0,0.0,0.0,2946.2638606364376,4079.8033205607376,2959.754956237034,4063.641166926364,37561.77863526046,51777.54004058766,385294.171134481,510457.7720996037,7532.453157818209,9312.315821931015,426648.8881015845,565178.2234877249,192.0,0.0,0.0,0.0,3036.3050030611557,4222.87059595622,3150.344355328208,4074.941026378429,69798.77235559496,94620.61204718784,231600.0,170880.0,60480.0,60720.0,49440.0,220320.0,4406400.0,49440.0,60480.0,1.0,0.0,0.4314649470899471,0.0013796064844579018,1.0,0.0,0.0,0.0,2836.462215546321,1093.0411009475158,2836.462215546321,1093.0411009475158,0.0,0.0,238600883.17619014,322026838.2478313,54.797128704616,52.96845382931217,54.797128704616,52.96845382931217,58.860130914502435,52.1563239892254,56.58651142310143,52.96047120319609,1.7893827184854336,0.007982626116073917,,,,,,,,,,,2,2873466864.789566,0.0,0.0,0.0,0.0,0.0
20,5,2,sample_ball,sample_ball,1.0,all,0.15029134997166693,0.012526184305962414,0.6884788772070556,0.09602669225970098,2.806015048107824,0.12201812534233468,0.5704051513943224,0.031635004381556565,3.0904744351889164,0.13552771397944127,240.0,0.0,0.0,0.0,-0.2814258907816839,0.003199775379770878,0.29898095618772813,0.0004273699676408907,0.665258992963661,0.005484228747072771,2.56429755544724,0.010348153730384623,0.5149946698634034,0.044883347542060484,2.7834886954494618,0.015932836597311557,48.0,0.0,0.0,0.0,-0.24454156431315585,0.059753495949234466,0.26575975708428934,0.03755304022430787,0.6884788772070556,0.09602669225970098,2.8597075411534094,0.15016695674830463,0.5842577717770521,0.02832291859143066,3.1604743716640264,0.16831456531143713,192.0,0.0,0.0,0.0,-0.29064697239881593,0.018938093212022205,0.30728625596358783,0.00885404759652581,0.6597434811696985,0.01347532914137316,231600.0,170880.0,60480.0,60720.0,49440.0,220320.0,4406400.0,49440.0,60480.0,1.0,0.0,0.425338955026455,0.00160174651161636,0.425338955026455,0.00160174651161636,0.425338955026455,0.00160174651161636,4.8952923856512305,0.05435106562729229,3.021128556167066,0.051327391180274046,0.0,0.0,5.8855348446620095,0.05939693185928524,-1.4533424546379052,0.008266411746418274,1.4533424546379052,0.008266411746418274,1.5042289751827838,0.004165565451450832,0.33604026384752894,0.016249037862491544,1.7893827184854336,0.007982626116073917,,,,,,,,,,,2,0.048729743381667974,0.0,1.0,0.0,1.0,1.0
20,5,2,sample_box,sample_box,1.0,all,0.14360175002366304,0.0027864957546324862,0.5652024841138259,0.0739545587875937,4.061756426197318,0.30574697586257166,0.8183762993498622,0.055373102790494066,4.48948509263923,0.33725973342447646,240.0,0.0,0.0,0.0,-0.142021421996,0.0029181084547198408,0.22256582185973428,0.01223837450622989,0.5417534589153212,0.0659485732366379,3.067756662581354,0.5838036660950651,0.6580026414903969,0.12000997997753912,3.3405156380540477,0.6368100879962837,48.0,0.0,0.0,0.0,-0.15061825734501277,0.0396415476385067,0.2043307694718649,0.022568217447980418,0.5652024841138259,0.0739545587875937,4.260692803834871,0.26106246723356724,0.8584697138147287,0.03921388349373285,4.725665405499343,0.2887201675977005,192.0,0.0,0.0,0.0,-0.13987221315874684,0.006262751341226867,0.22712458495670163,0.009655913770792208,0.5369199617133232,0.06427237057394614,231600.0,170880.0,60480.0,60720.0,49440.0,220320.0,4406400.0,49440.0,60480.0,1.0,0.0,0.4302910052910053,0.0014731391274719688,1.0,0.0,1.0,0.0,5.489585620955166,0.05509976830183582,5.489585620955166,0.05509976830183582,0.0,0.0,3.998542122342915,0.07383123368284922,-1.0586222419525764,0.01707716936925438,1.0586222419525764,0.01707716936925438,1.203743704847935,0.007060374020996222,0.7307604765328575,0.02505979548532767,1.7893827184854336,0.007982626116073917,,,,,,,,,,,2,0.07745158199929568,0.5,1.0,0.0,1.0,1.0
20,5,2,shrink_c0.1,shrink,0.1,all,0.1413813999388367,0.0031092899062988197,0.7111154807831961,0.008696042947767572,1.014790297058888,0.010409328128411055,0.24309675977038256,0.003351772411534885,1.0670441034863967,0.012790226093339073,240.0,0.0,0.0,0.0,-0.37478742009367016,0.0022453682626073493,0.37491675383776174,0.00217197363116707,0.7401253419108942,0.004190548331395995,1.031829582405181,0.0436743388737505,0.243777907795403,0.010876435421980152,1.0826352270453887,0.04852965015464369,48.0,0.0,0.0,0.0,-0.3178974656243646,5.116354630188571e-05,0.31831795354323,4.058346260558684e-06,0.7111154807831961,0.008696042947767572,1.0106482715783613,0.0023970086545442018,0.24292647276412743,0.0014706066589235483,1.0631111620533962,0.00390412404588493,192.0,0.0,0.0,0.0,-0.3890099087109966,0.0027939194416837444,0.3890664539113947,0.0027139524523936975,0.7457997806829221,0.006657872655837275,231600.0,170880.0,60480.0,60720.0,49440.0,220320.0,4406400.0,49440.0,60480.0,1.0,0.0,0.4124834656084656,0.0020811013070636012,1.0,0.0,1.0,0.0,4.5961162247867655,0.05699984866330364,5.399408500656891,0.06080305449859246,0.0,0.0,7.152703602938381,0.013066552219527976,-1.7089072072076346,0.003982390462097772,1.7089072072076346,0.003982390462097772,1.711273645719861,0.004300774376603342,0.08047551127779931,0.0040002356539751305,1.7893827184854336,0.007982626116073917,,,,,,,,,,,2,0.0005484586474061522,0.0,1.0,0.0,1.0,1.0
20,5,2,shrink_c0.25,shrink,0.25,all,0.1444805000210181,0.000951341463402059,0.6951258177824411,0.04560382959609948,1.7441343968785084,0.05945856144089708,0.3380704926639564,0.00908858856851428,1.9005708651172102,0.06635522235294282,240.0,0.0,0.0,0.0,-0.3529749697232164,0.0054180362185356195,0.3538046990273846,0.004420699375807908,0.7182419524799901,0.0061628212247772695,1.479383144445481,0.08373246643632534,0.3220319744519884,0.02334104920261268,1.586334449291022,0.08925859725233828,48.0,0.0,0.0,0.0,-0.30598938532916786,0.017467050689941286,0.3064376495137624,0.017271300795547243,0.6951258177824411,0.04560382959609948,1.8002532789754992,0.08743303415974109,0.3420801222169484,0.005525473409989746,1.968952234291418,0.09725226824615209,192.0,0.0,0.0,0.0,-0.36472136582172854,0.011139307945654807,0.36564646140579016,0.009843699418646663,0.7225740761906413,0.01616209161873815,231600.0,170880.0,60480.0,60720.0,49440.0,220320.0,4406400.0,49440.0,60480.0,1.0,0.0,0.4183201058201058,0.0014497559667184716,1.0,0.0,1.0,0.0,4.723264044081579,0.062166841034487115,3.8426375101170906,0.045679025530858064,0.0,0.0,6.438340084203004,0.02300003015239491,-1.582873829453178,0.0022508618542024382,1.582873829453178,0.0022508618542024382,1.603116078016172,0.0004676387855181038,0.2065088890322562,0.01023348797027565,1.7893827184854336,0.007982626116073917,,,,,,,,,,,2,0.012712160520379904,0.0,1.0,0.0,1.0,1.0
20,5,2,shrink_c0.5,shrink,0.5,all,0.15809414989780635,0.00013753224604450803,3.6933110711175954,3.148448684765531,85.60126791963876,74.54722830021099,3.31069201006874,1.5843098856831792,94.6683058650968,82.52961804516869,240.0,0.0,0.0,0.0,-0.3063210133101921,0.5074771204775886,0.9578869460655766,0.2928802090888948,8.818201345153986,4.424391950125409,15.616227359437325,9.695269678232943,1.5585756705926108,0.411584186955523,16.971844341914164,10.504318037151425,48.0,0.0,0.0,0.0,-0.015626304933254204,0.5275280697307009,0.6604854863447501,0.2877648871103408,3.6933110711175954,3.148448684765531,94.84775314755049,82.77819354271824,3.748721094937771,1.8774913103650925,105.24530959056253,91.9496951121676,192.0,0.0,0.0,0.0,-0.37899469040442657,0.7662284180296609,1.0322373109957834,0.29415903958353334,9.509703670260016,4.680766634666267,231600.0,170880.0,60480.0,60720.0,49440.0,220320.0,4406400.0,49440.0,60480.0,1.0,0.0,0.4246279761904762,0.001718662315383944,1.0,0.0,1.0,0.0,6.394226594747797,0.48374647990810826,2.1547152620492342,0.12717507829478744,0.0,0.0,13.746879333859724,9.224456040399225,-1.3353712987029254,0.020595239004046126,1.3353712987029254,0.020595239004046126,1.5111684908366017,0.007303083832091768,0.4540114197825086,0.02857786512011957,1.7893827184854336,0.007982626116073917,,,,,,,,,,,2,30.74280287040707,0.0,1.0,0.0,0.0,0.0
20,5,2,shrink_c0.75,shrink,0.75,all,0.15690185013227165,0.010387327891532707,669.2915260103549,896.6244121846108,6523.821875159718,4790.386307220483,145.4517584869474,56.70624499708066,7199.851567215539,5286.491806260647,240.0,0.0,0.0,0.0,44.82165609060477,40.94627435330107,56.92005884235823,26.602099903846646,1207.593455047631,894.6040365802522,2444.7988354460517,3066.8833062119006,100.25159390386482,118.98835541652896,2653.0404140257833,3326.0444990309325,48.0,0.0,0.0,0.0,52.8337575073456,73.20337844966616,54.75711322959425,71.39821310809334,669.2915260103549,896.6244121846108,6844.626253690384,5901.681179881535,156.75179963271805,100.62989510048307,7582.496450051805,6529.6747725933565,192.0,0.0,0.0,0.0,42.81863073641955,69.48368755404287,57.460795245549214,51.10217815683165,1126.5503128807898,1258.3878929571836,231600.0,170880.0,60480.0,60720.0,49440.0,220320.0,4406400.0,49440.0,60480.0,1.0,0.0,0.4287698412698413,0.0015199054489789827,1.0,0.0,1.0,0.0,77.69170503386087,31.64768754573477,5.007629149504057,1.9813300352731638,0.0,0.0,54847.581111325904,66602.04015988891,-0.010990755183397899,0.5804249435760116,0.41042241357241704,0.015543275041083682,2.7264020242901577,0.5338711938620042,1.7783919633020364,0.5724423174599382,1.7893827184854336,0.007982626116073917,,,,,,,,,,,2,647889.078991095,0.0,1.0,0.0,0.0,0.0
20,5,2,z_only_box,z_only_box,1.0,all,0.17142519995104522,0.006198356733938125,0.5760372930083479,0.007136722777653728,4.807041290560444,0.47244859204893563,0.9030879140780548,0.0552985749696811,5.313955223796686,0.522256794674945,240.0,0.0,0.0,0.0,-0.14024836101038496,0.003620652055250832,0.2389264268483139,0.012648564765456251,0.6152053736500751,0.06094712054898739,3.520849780519078,0.47847011306139997,0.7197057766149004,0.09859198003233782,3.836078919445704,0.5233800683338109,48.0,0.0,0.0,0.0,-0.13749710580658886,0.03876442000264608,0.20624120576748006,0.00762555082160361,0.5760372930083479,0.007136722777653728,5.062876069821166,0.4759069913158232,0.9489334484438434,0.044475223704016985,5.615810670915474,0.5275592970073347,192.0,0.0,0.0,0.0,-0.14093617481133403,0.005165289931597996,0.24709773211852237,0.013904318251419414,0.6225339955304945,0.07099424038778232,231600.0,170880.0,60480.0,60720.0,49440.0,220320.0,4406400.0,49440.0,60480.0,1.0,0.0,0.43031580687830684,0.0014380643863417034,1.0,0.0,1.0,0.0,5.521987829275069,0.06185048054183705,5.521806668587679,0.06183093434879123,0.0,0.0,4.021786849855538,0.07103076995614693,-1.0569683162164387,0.017434240643527794,1.0569683162164387,0.017434240643527794,1.2064017395286366,0.006774679647925701,0.7324144022689952,0.025416866759600927,1.7893827184854336,0.007982626116073917,,,,,,,,,,,2,0.11324318626130694,0.0,1.0,0.0,1.0,1.0
20,5,2,z_zero,z_zero,0.0,all,0.17133735003881156,0.024765212913396995,0.7261098753916551,0.0039488170235714125,0.9847670474404118,0.0019367494544358455,0.2365353706888622,0.0012888011810170369,1.0286316590012552,0.002649924885933433,240.0,0.0,0.0,0.0,-0.3866100090614435,0.001620477879820869,0.38673974852014403,0.0015314426977924877,0.7605879394939732,0.00226024349788638,0.9828933675496964,0.033108653267437234,0.234056263684568,0.008848993151777475,1.0248951006855116,0.037318730777356625,48.0,0.0,0.0,0.0,-0.32515379546791034,0.0025818130535939627,0.32559399175724457,0.0024315020913155748,0.7261098753916551,0.0039488170235714125,0.9851367699500371,0.005401547183138046,0.23715514743993577,0.0006012468116730752,1.0294534707749745,0.005778253636534157,192.0,0.0,0.0,0.0,-0.40197406245982675,0.0013801440863776301,0.4020261877108689,0.0013064278494117258,0.7673193367561264,0.003440239958022508,231600.0,170880.0,60480.0,60720.0,49440.0,220320.0,4406400.0,49440.0,60480.0,1.0,0.0,0.409755291005291,0.002104484467817098,1.0,0.0,1.0,0.0,4.577155343892451,0.056415228080273994,6.635862379098294,0.07441308606985307,0.0,0.0,7.736025598159802,0.047451080306937336,-1.7893827184854336,0.007982626116073917,1.7893827184854336,0.007982626116073917,1.7893827184854336,0.007982626116073917,0.0,0.0,1.7893827184854336,0.007982626116073917,,,,,,,,,,,2,0.0,0.0,1.0,0.0,0.0,0.0
