artifact,stage,reused_from_stage,pde,equation_name,family,d,n,M,method,transform,factor,rep,chunk_size,dtype,test_skill,test_value_rmse,test_value_bias,test_value_mae,test_value_relative_l2,test_gradient_relative_l2,validation_skill,validation_value_rmse,f_calls,recursively_evaluated_states,stochastic_samples,standard_normal_variates,dose_normal_variates,wall_time_seconds,pre_correction_violation_rate,pre_ball_violation_rate,activation_rate,mean_box_overshoot_energy,mean_method_overshoot_energy,batch_alpha_mean,batch_alpha_p10,batch_alpha_p90,nonfinite_count,nonfinite_state_count,nonfinite_generator_count,generator_bias,generator_mae,generator_mse,child_u_z_noise_correlation,child_noise_count,generator_bias_by_s_bin_json,mean_rep_skill,median_rep_skill,repetition_averaged_skill,sampling_variation_skill
raw/e5/N3/d100/n3_M6/box/rep00.npz,e5,e0,N3,N3_multidirection_lse,multidirection_lse,100,3,6,box,box,1.0,0,4,float64,0.4617762190340005,0.06255856124019368,-0.04997091901755245,0.05017315817291457,0.37831780286046257,1.9614144516841776,0.4660274292497685,0.060688202216733024,100800,102000,1173600,117360000,0,3.5814012000337243,1.0,0.9511607142857142,1.0,0.8400917757075429,0.840091775707543,,,,0,0,0,-0.21535993062316725,0.21539696579224035,0.05102825574295809,0.0011816837551233794,100800,"[{""bias"": null, ""count"": 0, ""high"": -2.0, ""low"": ""-Infinity"", ""mae"": null}, {""bias"": null, ""count"": 0, ""high"": -1.0, ""low"": -2.0, ""mae"": null}, {""bias"": null, ""count"": 0, ""high"": -0.25, ""low"": -1.0, ""mae"": null}, {""bias"": null, ""count"": 0, ""high"": 0.25, ""low"": -0.25, ""mae"": null}, {""bias"": null, ""count"": 0, ""high"": 1.0, ""low"": 0.25, ""mae"": null}, {""bias"": null, ""count"": 0, ""high"": 2.0, ""low"": 1.0, ""mae"": null}, {""bias"": null, ""count"": 0, ""high"": ""Infinity"", ""low"": 2.0, ""mae"": null}]",0.4623607031943191,0.46080757574956,0.44267076613384604,0.1336397346354174
raw/e5/N3/d100/n3_M6/box/rep01.npz,e5,e0,N3,N3_multidirection_lse,multidirection_lse,100,3,6,box,box,1.0,1,4,float64,0.4582459761677756,0.06208030596104249,-0.04987600521893567,0.0500963393324336,0.3754255930201466,1.9406691918943568,0.47858972091663043,0.06232412072524532,100800,102000,1173600,117360000,0,3.7371439000125974,1.0,0.9504960317460317,1.0,0.8368160321320156,0.8368160321320156,,,,0,0,0,-0.2148668890466061,0.21489764701586697,0.05082692588605594,-0.005278930862975219,100800,"[{""bias"": null, ""count"": 0, ""high"": -2.0, ""low"": ""-Infinity"", ""mae"": null}, {""bias"": null, ""count"": 0, ""high"": -1.0, ""low"": -2.0, ""mae"": null}, {""bias"": null, ""count"": 0, ""high"": -0.25, ""low"": -1.0, ""mae"": null}, {""bias"": null, ""count"": 0, ""high"": 0.25, ""low"": -0.25, ""mae"": null}, {""bias"": null, ""count"": 0, ""high"": 1.0, ""low"": 0.25, ""mae"": null}, {""bias"": null, ""count"": 0, ""high"": 2.0, ""low"": 1.0, ""mae"": null}, {""bias"": null, ""count"": 0, ""high"": ""Infinity"", ""low"": 2.0, ""mae"": null}]",0.4623607031943191,0.46080757574956,0.44267076613384604,0.1336397346354174
raw/e5/N3/d100/n3_M6/box/rep02.npz,e5,e0,N3,N3_multidirection_lse,multidirection_lse,100,3,6,box,box,1.0,2,4,float64,0.46551531468668866,0.06306511059187091,-0.04999616899626716,0.05030974166737755,0.3813811187994454,1.9653350778537262,0.4462989780284187,0.05811907395947214,100800,102000,1173600,117360000,0,3.9582126999739558,1.0,0.9487896825396825,1.0,0.8352203476033992,0.8352203476033992,,,,0,0,0,-0.2145858183451011,0.2146256097583904,0.05071237039085459,0.0005155357110153335,100800,"[{""bias"": null, ""count"": 0, ""high"": -2.0, ""low"": ""-Infinity"", ""mae"": null}, {""bias"": null, ""count"": 0, ""high"": -1.0, ""low"": -2.0, ""mae"": null}, {""bias"": null, ""count"": 0, ""high"": -0.25, ""low"": -1.0, ""mae"": null}, {""bias"": null, ""count"": 0, ""high"": 0.25, ""low"": -0.25, ""mae"": null}, {""bias"": null, ""count"": 0, ""high"": 1.0, ""low"": 0.25, ""mae"": null}, {""bias"": null, ""count"": 0, ""high"": 2.0, ""low"": 1.0, ""mae"": null}, {""bias"": null, ""count"": 0, ""high"": ""Infinity"", ""low"": 2.0, ""mae"": null}]",0.4623607031943191,0.46080757574956,0.44267076613384604,0.1336397346354174
raw/e5/N3/d100/n3_M6/box/rep03.npz,e5,,N3,N3_multidirection_lse,multidirection_lse,100,3,6,box,box,1.0,3,4,float64,0.45554376510976685,0.06171422726537037,-0.04931828757861663,0.04950016204448348,0.3732117619301228,1.9714363599302944,0.46585377579047316,0.060665588276883356,100800,102000,1173600,117360000,0,6.063223399920389,1.0,0.950327380952381,1.0,0.837919093331616,0.837919093331616,,,,0,0,0,-0.2150877818290067,0.21512411494673028,0.05092291163344953,-0.002727401078748102,100800,"[{""bias"": null, ""count"": 0, ""high"": -2.0, ""low"": ""-Infinity"", ""mae"": null}, {""bias"": null, ""count"": 0, ""high"": -1.0, ""low"": -2.0, ""mae"": null}, {""bias"": null, ""count"": 0, ""high"": -0.25, ""low"": -1.0, ""mae"": null}, {""bias"": null, ""count"": 0, ""high"": 0.25, ""low"": -0.25, ""mae"": null}, {""bias"": null, ""count"": 0, ""high"": 1.0, ""low"": 0.25, ""mae"": null}, {""bias"": null, ""count"": 0, ""high"": 2.0, ""low"": 1.0, ""mae"": null}, {""bias"": null, ""count"": 0, ""high"": ""Infinity"", ""low"": 2.0, ""mae"": null}]",0.4623607031943191,0.46080757574956,0.44267076613384604,0.1336397346354174
raw/e5/N3/d100/n3_M6/box/rep04.npz,e5,,N3,N3_multidirection_lse,multidirection_lse,100,3,6,box,box,1.0,4,4,float64,0.45408290519867683,0.06151631907858144,-0.049139473911779905,0.04929761536746919,0.37201492829281113,1.9514373934111888,0.4462936407547499,0.05811837891552544,100800,102000,1173600,117360000,0,6.257710499921814,1.0,0.9499900793650794,1.0,0.8373331940734172,0.8373331940734172,,,,0,0,0,-0.21503480760657342,0.21507618125571504,0.05090946153841349,-0.005878360100903544,100800,"[{""bias"": null, ""count"": 0, ""high"": -2.0, ""low"": ""-Infinity"", ""mae"": null}, {""bias"": null, ""count"": 0, ""high"": -1.0, ""low"": -2.0, ""mae"": null}, {""bias"": null, ""count"": 0, ""high"": -0.25, ""low"": -1.0, ""mae"": null}, {""bias"": null, ""count"": 0, ""high"": 0.25, ""low"": -0.25, ""mae"": null}, {""bias"": null, ""count"": 0, ""high"": 1.0, ""low"": 0.25, ""mae"": null}, {""bias"": null, ""count"": 0, ""high"": 2.0, ""low"": 1.0, ""mae"": null}, {""bias"": null, ""count"": 0, ""high"": ""Infinity"", ""low"": 2.0, ""mae"": null}]",0.4623607031943191,0.46080757574956,0.44267076613384604,0.1336397346354174
raw/e5/N3/d100/n3_M6/box/rep05.npz,e5,,N3,N3_multidirection_lse,multidirection_lse,100,3,6,box,box,1.0,5,4,float64,0.4740576675749312,0.06422237526741523,-0.051103334131259746,0.051259660593755314,0.38837958264996403,1.9553370863153727,0.461241901085617,0.060065009068193606,100800,102000,1173600,117360000,0,6.288375000003725,1.0,0.950654761904762,1.0,0.834255617488402,0.834255617488402,,,,0,0,0,-0.21488204257521493,0.21491957017495358,0.05079903657522552,-0.0014110507450230023,100800,"[{""bias"": null, ""count"": 0, ""high"": -2.0, ""low"": ""-Infinity"", ""mae"": null}, {""bias"": null, ""count"": 0, ""high"": -1.0, ""low"": -2.0, ""mae"": null}, {""bias"": null, ""count"": 0, ""high"": -0.25, ""low"": -1.0, ""mae"": null}, {""bias"": null, ""count"": 0, ""high"": 0.25, ""low"": -0.25, ""mae"": null}, {""bias"": null, ""count"": 0, ""high"": 1.0, ""low"": 0.25, ""mae"": null}, {""bias"": null, ""count"": 0, ""high"": 2.0, ""low"": 1.0, ""mae"": null}, {""bias"": null, ""count"": 0, ""high"": ""Infinity"", ""low"": 2.0, ""mae"": null}]",0.4623607031943191,0.46080757574956,0.44267076613384604,0.1336397346354174
raw/e5/N3/d100/n3_M6/box/rep06.npz,e5,,N3,N3_multidirection_lse,multidirection_lse,100,3,6,box,box,1.0,6,4,float64,0.45958896105921243,0.06226224517556367,-0.04955310060590629,0.049820216643638164,0.3765258555985575,1.9710364738406294,0.4562535124667592,0.059415398512599804,100800,102000,1173600,117360000,0,5.700020399875939,1.0,0.9495238095238095,1.0,0.8342491862913235,0.8342491862913235,,,,0,0,0,-0.21464307222808823,0.2146795647139232,0.050720846066704975,-0.0056880662120154185,100800,"[{""bias"": null, ""count"": 0, ""high"": -2.0, ""low"": ""-Infinity"", ""mae"": null}, {""bias"": null, ""count"": 0, ""high"": -1.0, ""low"": -2.0, ""mae"": null}, {""bias"": null, ""count"": 0, ""high"": -0.25, ""low"": -1.0, ""mae"": null}, {""bias"": null, ""count"": 0, ""high"": 0.25, ""low"": -0.25, ""mae"": null}, {""bias"": null, ""count"": 0, ""high"": 1.0, ""low"": 0.25, ""mae"": null}, {""bias"": null, ""count"": 0, ""high"": 2.0, ""low"": 1.0, ""mae"": null}, {""bias"": null, ""count"": 0, ""high"": ""Infinity"", ""low"": 2.0, ""mae"": null}]",0.4623607031943191,0.46080757574956,0.44267076613384604,0.1336397346354174
raw/e5/N3/d100/n3_M6/box/rep07.npz,e5,,N3,N3_multidirection_lse,multidirection_lse,100,3,6,box,box,1.0,7,4,float64,0.4624688665570554,0.0626523968053502,-0.049768680590976014,0.05001995137056051,0.3788852657965726,1.9644071409010486,0.4675947330911554,0.060892303620408504,100800,102000,1173600,117360000,0,5.86818389990367,1.0,0.9501190476190476,1.0,0.8337199619380884,0.8337199619380884,,,,0,0,0,-0.2149133164769343,0.21495197337425714,0.05083097985743056,-0.0026873826208675894,100800,"[{""bias"": null, ""count"": 0, ""high"": -2.0, ""low"": ""-Infinity"", ""mae"": null}, {""bias"": null, ""count"": 0, ""high"": -1.0, ""low"": -2.0, ""mae"": null}, {""bias"": null, ""count"": 0, ""high"": -0.25, ""low"": -1.0, ""mae"": null}, {""bias"": null, ""count"": 0, ""high"": 0.25, ""low"": -0.25, ""mae"": null}, {""bias"": null, ""count"": 0, ""high"": 1.0, ""low"": 0.25, ""mae"": null}, {""bias"": null, ""count"": 0, ""high"": 2.0, ""low"": 1.0, ""mae"": null}, {""bias"": null, ""count"": 0, ""high"": ""Infinity"", ""low"": 2.0, ""mae"": null}]",0.4623607031943191,0.46080757574956,0.44267076613384604,0.1336397346354174
raw/e5/N3/d100/n3_M6/box/rep08.npz,e5,,N3,N3_multidirection_lse,multidirection_lse,100,3,6,box,box,1.0,8,4,float64,0.45983893246511953,0.06229610974212244,-0.04955567626553492,0.04980020637072351,0.3767306488060954,1.95451020893055,0.4600444235008569,0.05990906811439413,100800,102000,1173600,117360000,0,5.845799499889836,1.0,0.9503472222222222,1.0,0.836841660600384,0.836841660600384,,,,0,0,0,-0.21510252641461153,0.21513907012849046,0.05089247280466297,-0.0034293128950872087,100800,"[{""bias"": null, ""count"": 0, ""high"": -2.0, ""low"": ""-Infinity"", ""mae"": null}, {""bias"": null, ""count"": 0, ""high"": -1.0, ""low"": -2.0, ""mae"": null}, {""bias"": null, ""count"": 0, ""high"": -0.25, ""low"": -1.0, ""mae"": null}, {""bias"": null, ""count"": 0, ""high"": 0.25, ""low"": -0.25, ""mae"": null}, {""bias"": null, ""count"": 0, ""high"": 1.0, ""low"": 0.25, ""mae"": null}, {""bias"": null, ""count"": 0, ""high"": 2.0, ""low"": 1.0, ""mae"": null}, {""bias"": null, ""count"": 0, ""high"": ""Infinity"", ""low"": 2.0, ""mae"": null}]",0.4623607031943191,0.46080757574956,0.44267076613384604,0.1336397346354174
raw/e5/N3/d100/n3_M6/box/rep09.npz,e5,,N3,N3_multidirection_lse,multidirection_lse,100,3,6,box,box,1.0,9,4,float64,0.4724884240899634,0.06400978395021727,-0.05106932394707323,0.05119025733481713,0.38709395397764307,1.9637780128799496,0.47897096315225984,0.06237376781560368,100800,102000,1173600,117360000,0,5.819746299879625,1.0,0.9501686507936508,1.0,0.8344680557531523,0.8344680557531523,,,,0,0,0,-0.21481442294385084,0.2148462448809818,0.050789321486960144,-0.0036256626889463323,100800,"[{""bias"": null, ""count"": 0, ""high"": -2.0, ""low"": ""-Infinity"", ""mae"": null}, {""bias"": null, ""count"": 0, ""high"": -1.0, ""low"": -2.0, ""mae"": null}, {""bias"": null, ""count"": 0, ""high"": -0.25, ""low"": -1.0, ""mae"": null}, {""bias"": null, ""count"": 0, ""high"": 0.25, ""low"": -0.25, ""mae"": null}, {""bias"": null, ""count"": 0, ""high"": 1.0, ""low"": 0.25, ""mae"": null}, {""bias"": null, ""count"": 0, ""high"": 2.0, ""low"": 1.0, ""mae"": null}, {""bias"": null, ""count"": 0, ""high"": ""Infinity"", ""low"": 2.0, ""mae"": null}]",0.4623607031943191,0.46080757574956,0.44267076613384604,0.1336397346354174
raw/e5/N3/d100/n3_M6/centre/rep00.npz,e5,e0,N3,N3_multidirection_lse,multidirection_lse,100,3,6,centre,centre,0.0,0,4,float64,0.08833893835171258,0.011967608241779988,-0.0003815088508333226,0.008958454708588243,0.07237313591886166,0.79507544941212,0.09158567994190274,0.011926701982797388,100800,102000,1173600,117360000,0,3.5416554999537766,1.0,0.9176289682539682,1.0,0.8121020023957002,1.952703152961244,,,,0,0,0,-0.005426043091933271,0.007030072246826435,6.373140858730763e-05,1.8792687602761271e-06,100800,"[{""bias"": null, ""count"": 0, ""high"": -2.0, ""low"": ""-Infinity"", ""mae"": null}, {""bias"": null, ""count"": 0, ""high"": -1.0, ""low"": -2.0, ""mae"": null}, {""bias"": null, ""count"": 0, ""high"": -0.25, ""low"": -1.0, ""mae"": null}, {""bias"": null, ""count"": 0, ""high"": 0.25, ""low"": -0.25, ""mae"": null}, {""bias"": null, ""count"": 0, ""high"": 1.0, ""low"": 0.25, ""mae"": null}, {""bias"": null, ""count"": 0, ""high"": 2.0, ""low"": 1.0, ""mae"": null}, {""bias"": null, ""count"": 0, ""high"": ""Infinity"", ""low"": 2.0, ""mae"": null}]",0.08749085839372153,0.0880806888043119,0.02944461987506403,0.08240939017900677
raw/e5/N3/d100/n3_M6/centre/rep01.npz,e5,e0,N3,N3_multidirection_lse,multidirection_lse,100,3,6,centre,centre,0.0,1,4,float64,0.08800669156290553,0.011922597519642922,-0.0009303860133651117,0.008953981376615789,0.0721009372434689,0.7940028648339041,0.090719177816286,0.0118138621520919,100800,102000,1173600,117360000,0,4.1081460998393595,1.0,0.9173015873015873,1.0,0.8094740285839634,1.9472130880658731,,,,0,0,0,-0.005438482343810386,0.007039217780278784,6.409750484045593e-05,-0.00557363926226125,100800,"[{""bias"": null, ""count"": 0, ""high"": -2.0, ""low"": ""-Infinity"", ""mae"": null}, {""bias"": null, ""count"": 0, ""high"": -1.0, ""low"": -2.0, ""mae"": null}, {""bias"": null, ""count"": 0, ""high"": -0.25, ""low"": -1.0, ""mae"": null}, {""bias"": null, ""count"": 0, ""high"": 0.25, ""low"": -0.25, ""mae"": null}, {""bias"": null, ""count"": 0, ""high"": 1.0, ""low"": 0.25, ""mae"": null}, {""bias"": null, ""count"": 0, ""high"": 2.0, ""low"": 1.0, ""mae"": null}, {""bias"": null, ""count"": 0, ""high"": ""Infinity"", ""low"": 2.0, ""mae"": null}]",0.08749085839372153,0.0880806888043119,0.02944461987506403,0.08240939017900677
raw/e5/N3/d100/n3_M6/centre/rep02.npz,e5,e0,N3,N3_multidirection_lse,multidirection_lse,100,3,6,centre,centre,0.0,2,4,float64,0.08720179865721131,0.011813555650319286,-0.0015203893638577653,0.008980703177464713,0.07144151542166696,0.7961879809827724,0.08504885061250105,0.011075446465847152,100800,102000,1173600,117360000,0,4.396541999885812,1.0,0.9161309523809524,1.0,0.8081258434392284,1.9452537107231096,,,,0,0,0,-0.005368610210233514,0.007047113594098263,6.43829837880094e-05,0.0020038010329175566,100800,"[{""bias"": null, ""count"": 0, ""high"": -2.0, ""low"": ""-Infinity"", ""mae"": null}, {""bias"": null, ""count"": 0, ""high"": -1.0, ""low"": -2.0, ""mae"": null}, {""bias"": null, ""count"": 0, ""high"": -0.25, ""low"": -1.0, ""mae"": null}, {""bias"": null, ""count"": 0, ""high"": 0.25, ""low"": -0.25, ""mae"": null}, {""bias"": null, ""count"": 0, ""high"": 1.0, ""low"": 0.25, ""mae"": null}, {""bias"": null, ""count"": 0, ""high"": 2.0, ""low"": 1.0, ""mae"": null}, {""bias"": null, ""count"": 0, ""high"": ""Infinity"", ""low"": 2.0, ""mae"": null}]",0.08749085839372153,0.0880806888043119,0.02944461987506403,0.08240939017900677
raw/e5/N3/d100/n3_M6/centre/rep03.npz,e5,,N3,N3_multidirection_lse,multidirection_lse,100,3,6,centre,centre,0.0,3,4,float64,0.08633108453810394,0.01169559673364569,-0.0006675481736635481,0.00864810138640318,0.0707281684824301,0.7967255499852609,0.09960417235863148,0.012970906376609935,100800,102000,1173600,117360000,0,5.767098000040278,1.0,0.9175992063492063,1.0,0.81026402912676,1.949595113622683,,,,0,0,0,-0.005405542687100975,0.007013678846136695,6.34538388472501e-05,-0.0034789604552815405,100800,"[{""bias"": null, ""count"": 0, ""high"": -2.0, ""low"": ""-Infinity"", ""mae"": null}, {""bias"": null, ""count"": 0, ""high"": -1.0, ""low"": -2.0, ""mae"": null}, {""bias"": null, ""count"": 0, ""high"": -0.25, ""low"": -1.0, ""mae"": null}, {""bias"": null, ""count"": 0, ""high"": 0.25, ""low"": -0.25, ""mae"": null}, {""bias"": null, ""count"": 0, ""high"": 1.0, ""low"": 0.25, ""mae"": null}, {""bias"": null, ""count"": 0, ""high"": 2.0, ""low"": 1.0, ""mae"": null}, {""bias"": null, ""count"": 0, ""high"": ""Infinity"", ""low"": 2.0, ""mae"": null}]",0.08749085839372153,0.0880806888043119,0.02944461987506403,0.08240939017900677
raw/e5/N3/d100/n3_M6/centre/rep04.npz,e5,,N3,N3_multidirection_lse,multidirection_lse,100,3,6,centre,centre,0.0,4,4,float64,0.08460327429537473,0.011461523781367368,-0.0009432504676124419,0.008571794243066947,0.06931263137192985,0.7922145785890577,0.0932100366670031,0.012138233071350906,100800,102000,1173600,117360000,0,5.971951700048521,1.0,0.9166269841269842,1.0,0.8097786145336204,1.9488016993041541,,,,0,0,0,-0.0054015452261397985,0.007063111621052874,6.448369909157457e-05,-0.005414564063676381,100800,"[{""bias"": null, ""count"": 0, ""high"": -2.0, ""low"": ""-Infinity"", ""mae"": null}, {""bias"": null, ""count"": 0, ""high"": -1.0, ""low"": -2.0, ""mae"": null}, {""bias"": null, ""count"": 0, ""high"": -0.25, ""low"": -1.0, ""mae"": null}, {""bias"": null, ""count"": 0, ""high"": 0.25, ""low"": -0.25, ""mae"": null}, {""bias"": null, ""count"": 0, ""high"": 1.0, ""low"": 0.25, ""mae"": null}, {""bias"": null, ""count"": 0, ""high"": 2.0, ""low"": 1.0, ""mae"": null}, {""bias"": null, ""count"": 0, ""high"": ""Infinity"", ""low"": 2.0, ""mae"": null}]",0.08749085839372153,0.0880806888043119,0.02944461987506403,0.08240939017900677
raw/e5/N3/d100/n3_M6/centre/rep05.npz,e5,,N3,N3_multidirection_lse,multidirection_lse,100,3,6,centre,centre,0.0,5,4,float64,0.08938523660981831,0.012109354202176438,-0.001405022101892857,0.009088921823267086,0.07323033306723659,0.7934267960962281,0.08534930570854111,0.011114573089048027,100800,102000,1173600,117360000,0,5.906082999892533,1.0,0.9185912698412698,1.0,0.8067589393208553,1.9436064205561088,,,,0,0,0,-0.005429192043095648,0.007028245300000866,6.391272769149718e-05,-0.0021369908536276834,100800,"[{""bias"": null, ""count"": 0, ""high"": -2.0, ""low"": ""-Infinity"", ""mae"": null}, {""bias"": null, ""count"": 0, ""high"": -1.0, ""low"": -2.0, ""mae"": null}, {""bias"": null, ""count"": 0, ""high"": -0.25, ""low"": -1.0, ""mae"": null}, {""bias"": null, ""count"": 0, ""high"": 0.25, ""low"": -0.25, ""mae"": null}, {""bias"": null, ""count"": 0, ""high"": 1.0, ""low"": 0.25, ""mae"": null}, {""bias"": null, ""count"": 0, ""high"": 2.0, ""low"": 1.0, ""mae"": null}, {""bias"": null, ""count"": 0, ""high"": ""Infinity"", ""low"": 2.0, ""mae"": null}]",0.08749085839372153,0.0880806888043119,0.02944461987506403,0.08240939017900677
raw/e5/N3/d100/n3_M6/centre/rep06.npz,e5,,N3,N3_multidirection_lse,multidirection_lse,100,3,6,centre,centre,0.0,6,4,float64,0.08825653974947216,0.01195644539321419,-0.0005530993673331416,0.008998007575249744,0.07230562950152476,0.793961024180858,0.08811519328113603,0.011474759493922546,100800,102000,1173600,117360000,0,5.70348359993659,1.0,0.917420634920635,1.0,0.8061688812246341,1.9425610312784285,,,,0,0,0,-0.005432651809472777,0.00700444628419364,6.337597533588226e-05,-0.005888660391109593,100800,"[{""bias"": null, ""count"": 0, ""high"": -2.0, ""low"": ""-Infinity"", ""mae"": null}, {""bias"": null, ""count"": 0, ""high"": -1.0, ""low"": -2.0, ""mae"": null}, {""bias"": null, ""count"": 0, ""high"": -0.25, ""low"": -1.0, ""mae"": null}, {""bias"": null, ""count"": 0, ""high"": 0.25, ""low"": -0.25, ""mae"": null}, {""bias"": null, ""count"": 0, ""high"": 1.0, ""low"": 0.25, ""mae"": null}, {""bias"": null, ""count"": 0, ""high"": 2.0, ""low"": 1.0, ""mae"": null}, {""bias"": null, ""count"": 0, ""high"": ""Infinity"", ""low"": 2.0, ""mae"": null}]",0.08749085839372153,0.0880806888043119,0.02944461987506403,0.08240939017900677
raw/e5/N3/d100/n3_M6/centre/rep07.npz,e5,,N3,N3_multidirection_lse,multidirection_lse,100,3,6,centre,centre,0.0,7,4,float64,0.08407480961427956,0.011389930683340948,-0.0008370594805200663,0.008449525008074664,0.0688796779438397,0.793427307180143,0.09328793259429179,0.012148377031749901,100800,102000,1173600,117360000,0,5.761864800006151,1.0,0.9175198412698413,1.0,0.8058037412267446,1.943140871784312,,,,0,0,0,-0.005431399859889708,0.007007753124064103,6.355632827648687e-05,-0.0024632532059753864,100800,"[{""bias"": null, ""count"": 0, ""high"": -2.0, ""low"": ""-Infinity"", ""mae"": null}, {""bias"": null, ""count"": 0, ""high"": -1.0, ""low"": -2.0, ""mae"": null}, {""bias"": null, ""count"": 0, ""high"": -0.25, ""low"": -1.0, ""mae"": null}, {""bias"": null, ""count"": 0, ""high"": 0.25, ""low"": -0.25, ""mae"": null}, {""bias"": null, ""count"": 0, ""high"": 1.0, ""low"": 0.25, ""mae"": null}, {""bias"": null, ""count"": 0, ""high"": 2.0, ""low"": 1.0, ""mae"": null}, {""bias"": null, ""count"": 0, ""high"": ""Infinity"", ""low"": 2.0, ""mae"": null}]",0.08749085839372153,0.0880806888043119,0.02944461987506403,0.08240939017900677
raw/e5/N3/d100/n3_M6/centre/rep08.npz,e5,,N3,N3_multidirection_lse,multidirection_lse,100,3,6,centre,centre,0.0,8,4,float64,0.08815468604571827,0.011942646888871204,-0.00079846468514308,0.009197533357762603,0.07222218417058505,0.7969454194695303,0.09991165256991805,0.01301094784213106,100800,102000,1173600,117360000,0,5.886657900176942,1.0,0.9175297619047619,1.0,0.8088640580267997,1.947452443117171,,,,0,0,0,-0.0054148480008232225,0.007033276001273128,6.405552149818282e-05,-0.003418122145442737,100800,"[{""bias"": null, ""count"": 0, ""high"": -2.0, ""low"": ""-Infinity"", ""mae"": null}, {""bias"": null, ""count"": 0, ""high"": -1.0, ""low"": -2.0, ""mae"": null}, {""bias"": null, ""count"": 0, ""high"": -0.25, ""low"": -1.0, ""mae"": null}, {""bias"": null, ""count"": 0, ""high"": 0.25, ""low"": -0.25, ""mae"": null}, {""bias"": null, ""count"": 0, ""high"": 1.0, ""low"": 0.25, ""mae"": null}, {""bias"": null, ""count"": 0, ""high"": 2.0, ""low"": 1.0, ""mae"": null}, {""bias"": null, ""count"": 0, ""high"": ""Infinity"", ""low"": 2.0, ""mae"": null}]",0.08749085839372153,0.0880806888043119,0.02944461987506403,0.08240939017900677
raw/e5/N3/d100/n3_M6/centre/rep09.npz,e5,,N3,N3_multidirection_lse,multidirection_lse,100,3,6,centre,centre,0.0,9,4,float64,0.09055552451261888,0.01226789750609356,-0.002225357453075012,0.00919878238467507,0.07418911078218228,0.7988942190478249,0.09046083580171638,0.011780219685066902,100800,102000,1173600,117360000,0,6.087476599961519,1.0,0.9176984126984127,1.0,0.8067093208134352,1.9435402440570104,,,,0,0,0,-0.005423805608915968,0.007041282433901411,6.422453593707272e-05,-0.003930035510719115,100800,"[{""bias"": null, ""count"": 0, ""high"": -2.0, ""low"": ""-Infinity"", ""mae"": null}, {""bias"": null, ""count"": 0, ""high"": -1.0, ""low"": -2.0, ""mae"": null}, {""bias"": null, ""count"": 0, ""high"": -0.25, ""low"": -1.0, ""mae"": null}, {""bias"": null, ""count"": 0, ""high"": 0.25, ""low"": -0.25, ""mae"": null}, {""bias"": null, ""count"": 0, ""high"": 1.0, ""low"": 0.25, ""mae"": null}, {""bias"": null, ""count"": 0, ""high"": 2.0, ""low"": 1.0, ""mae"": null}, {""bias"": null, ""count"": 0, ""high"": ""Infinity"", ""low"": 2.0, ""mae"": null}]",0.08749085839372153,0.0880806888043119,0.02944461987506403,0.08240939017900677
raw/e5/N3/d100/n3_M6/oracle_state/rep00.npz,e5,e0,N3,N3_multidirection_lse,multidirection_lse,100,3,6,oracle_state,oracle_state,1.0,0,4,float64,0.08805928164748981,0.011929722096205084,0.0006842838704223212,0.008936451048303064,0.0721440225398356,0.7853398828757338,0.08967911285441782,0.011678420182879899,100800,102000,1173600,117360000,0,3.437146299984306,0.0,0.0,0.0,0.0,0.0,,,,0,0,0,0.0,0.0,0.0,9.30880613277595e-06,100800,"[{""bias"": null, ""count"": 0, ""high"": -2.0, ""low"": ""-Infinity"", ""mae"": null}, {""bias"": null, ""count"": 0, ""high"": -1.0, ""low"": -2.0, ""mae"": null}, {""bias"": null, ""count"": 0, ""high"": -0.25, ""low"": -1.0, ""mae"": null}, {""bias"": null, ""count"": 0, ""high"": 0.25, ""low"": -0.25, ""mae"": null}, {""bias"": null, ""count"": 0, ""high"": 1.0, ""low"": 0.25, ""mae"": null}, {""bias"": null, ""count"": 0, ""high"": 2.0, ""low"": 1.0, ""mae"": null}, {""bias"": null, ""count"": 0, ""high"": ""Infinity"", ""low"": 2.0, ""mae"": null}]",0.08683895308075892,0.08765760762330091,0.02727362591537726,0.08245890704595357
raw/e5/N3/d100/n3_M6/oracle_state/rep01.npz,e5,e0,N3,N3_multidirection_lse,multidirection_lse,100,3,6,oracle_state,oracle_state,1.0,1,4,float64,0.08784293474933942,0.011900412768181696,0.0001580812214644886,0.008864665638699821,0.07196677676625474,0.7838727530319396,0.0893301950034096,0.011632982520266125,100800,102000,1173600,117360000,0,4.196428699884564,0.0,0.0,0.0,0.0,0.0,,,,0,0,0,0.0,0.0,0.0,-0.005565710150600751,100800,"[{""bias"": null, ""count"": 0, ""high"": -2.0, ""low"": ""-Infinity"", ""mae"": null}, {""bias"": null, ""count"": 0, ""high"": -1.0, ""low"": -2.0, ""mae"": null}, {""bias"": null, ""count"": 0, ""high"": -0.25, ""low"": -1.0, ""mae"": null}, {""bias"": null, ""count"": 0, ""high"": 0.25, ""low"": -0.25, ""mae"": null}, {""bias"": null, ""count"": 0, ""high"": 1.0, ""low"": 0.25, ""mae"": null}, {""bias"": null, ""count"": 0, ""high"": 2.0, ""low"": 1.0, ""mae"": null}, {""bias"": null, ""count"": 0, ""high"": ""Infinity"", ""low"": 2.0, ""mae"": null}]",0.08683895308075892,0.08765760762330091,0.02727362591537726,0.08245890704595357
raw/e5/N3/d100/n3_M6/oracle_state/rep02.npz,e5,e0,N3,N3_multidirection_lse,multidirection_lse,100,3,6,oracle_state,oracle_state,1.0,2,4,float64,0.08615400783389618,0.011671607486500035,-0.00044974980162115253,0.008877817809814002,0.07058309546456489,0.7860601073897973,0.08490220208998361,0.011056349231155086,100800,102000,1173600,117360000,0,3.4465089000295848,0.0,0.0,0.0,0.0,0.0,,,,0,0,0,0.0,0.0,0.0,0.002033204880224991,100800,"[{""bias"": null, ""count"": 0, ""high"": -2.0, ""low"": ""-Infinity"", ""mae"": null}, {""bias"": null, ""count"": 0, ""high"": -1.0, ""low"": -2.0, ""mae"": null}, {""bias"": null, ""count"": 0, ""high"": -0.25, ""low"": -1.0, ""mae"": null}, {""bias"": null, ""count"": 0, ""high"": 0.25, ""low"": -0.25, ""mae"": null}, {""bias"": null, ""count"": 0, ""high"": 1.0, ""low"": 0.25, ""mae"": null}, {""bias"": null, ""count"": 0, ""high"": 2.0, ""low"": 1.0, ""mae"": null}, {""bias"": null, ""count"": 0, ""high"": ""Infinity"", ""low"": 2.0, ""mae"": null}]",0.08683895308075892,0.08765760762330091,0.02727362591537726,0.08245890704595357
raw/e5/N3/d100/n3_M6/oracle_state/rep03.npz,e5,,N3,N3_multidirection_lse,multidirection_lse,100,3,6,oracle_state,oracle_state,1.0,3,4,float64,0.08574131581026881,0.011615698545828642,0.0004423838157513198,0.008628696111611104,0.07024499070039285,0.7864293647161966,0.09880580413804226,0.012866939251557808,100800,102000,1173600,117360000,0,5.805025200126693,0.0,0.0,0.0,0.0,0.0,,,,0,0,0,0.0,0.0,0.0,-0.0035159966250338944,100800,"[{""bias"": null, ""count"": 0, ""high"": -2.0, ""low"": ""-Infinity"", ""mae"": null}, {""bias"": null, ""count"": 0, ""high"": -1.0, ""low"": -2.0, ""mae"": null}, {""bias"": null, ""count"": 0, ""high"": -0.25, ""low"": -1.0, ""mae"": null}, {""bias"": null, ""count"": 0, ""high"": 0.25, ""low"": -0.25, ""mae"": null}, {""bias"": null, ""count"": 0, ""high"": 1.0, ""low"": 0.25, ""mae"": null}, {""bias"": null, ""count"": 0, ""high"": 2.0, ""low"": 1.0, ""mae"": null}, {""bias"": null, ""count"": 0, ""high"": ""Infinity"", ""low"": 2.0, ""mae"": null}]",0.08683895308075892,0.08765760762330091,0.02727362591537726,0.08245890704595357
raw/e5/N3/d100/n3_M6/oracle_state/rep04.npz,e5,,N3,N3_multidirection_lse,multidirection_lse,100,3,6,oracle_state,oracle_state,1.0,4,4,float64,0.08476998820581667,0.011484109141864693,0.000145906561362856,0.00858155333277146,0.06944921449965481,0.7822751403420228,0.09236254006429531,0.012027868225904096,100800,102000,1173600,117360000,0,5.526912299916148,0.0,0.0,0.0,0.0,0.0,,,,0,0,0,0.0,0.0,0.0,-0.005423914155065247,100800,"[{""bias"": null, ""count"": 0, ""high"": -2.0, ""low"": ""-Infinity"", ""mae"": null}, {""bias"": null, ""count"": 0, ""high"": -1.0, ""low"": -2.0, ""mae"": null}, {""bias"": null, ""count"": 0, ""high"": -0.25, ""low"": -1.0, ""mae"": null}, {""bias"": null, ""count"": 0, ""high"": 0.25, ""low"": -0.25, ""mae"": null}, {""bias"": null, ""count"": 0, ""high"": 1.0, ""low"": 0.25, ""mae"": null}, {""bias"": null, ""count"": 0, ""high"": 2.0, ""low"": 1.0, ""mae"": null}, {""bias"": null, ""count"": 0, ""high"": ""Infinity"", ""low"": 2.0, ""mae"": null}]",0.08683895308075892,0.08765760762330091,0.02727362591537726,0.08245890704595357
raw/e5/N3/d100/n3_M6/oracle_state/rep05.npz,e5,,N3,N3_multidirection_lse,multidirection_lse,100,3,6,oracle_state,oracle_state,1.0,5,4,float64,0.08785152658618442,0.011901576736634984,-0.00030287593855417213,0.008954454379090987,0.07197381577065505,0.7834210044584925,0.08512690171461773,0.011085610633814951,100800,102000,1173600,117360000,0,5.779226199956611,0.0,0.0,0.0,0.0,0.0,,,,0,0,0,0.0,0.0,0.0,-0.0021152770064560324,100800,"[{""bias"": null, ""count"": 0, ""high"": -2.0, ""low"": ""-Infinity"", ""mae"": null}, {""bias"": null, ""count"": 0, ""high"": -1.0, ""low"": -2.0, ""mae"": null}, {""bias"": null, ""count"": 0, ""high"": -0.25, ""low"": -1.0, ""mae"": null}, {""bias"": null, ""count"": 0, ""high"": 0.25, ""low"": -0.25, ""mae"": null}, {""bias"": null, ""count"": 0, ""high"": 1.0, ""low"": 0.25, ""mae"": null}, {""bias"": null, ""count"": 0, ""high"": 2.0, ""low"": 1.0, ""mae"": null}, {""bias"": null, ""count"": 0, ""high"": ""Infinity"", ""low"": 2.0, ""mae"": null}]",0.08683895308075892,0.08765760762330091,0.02727362591537726,0.08245890704595357
raw/e5/N3/d100/n3_M6/oracle_state/rep06.npz,e5,,N3,N3_multidirection_lse,multidirection_lse,100,3,6,oracle_state,oracle_state,1.0,6,4,float64,0.08807149589020953,0.01193137680560693,0.0005398170470611841,0.00893017816231904,0.07215402926014484,0.7840359424763991,0.08832372910662901,0.011501915973461369,100800,102000,1173600,117360000,0,5.498028700007126,0.0,0.0,0.0,0.0,0.0,,,,0,0,0,0.0,0.0,0.0,-0.005858652487497319,100800,"[{""bias"": null, ""count"": 0, ""high"": -2.0, ""low"": ""-Infinity"", ""mae"": null}, {""bias"": null, ""count"": 0, ""high"": -1.0, ""low"": -2.0, ""mae"": null}, {""bias"": null, ""count"": 0, ""high"": -0.25, ""low"": -1.0, ""mae"": null}, {""bias"": null, ""count"": 0, ""high"": 0.25, ""low"": -0.25, ""mae"": null}, {""bias"": null, ""count"": 0, ""high"": 1.0, ""low"": 0.25, ""mae"": null}, {""bias"": null, ""count"": 0, ""high"": 2.0, ""low"": 1.0, ""mae"": null}, {""bias"": null, ""count"": 0, ""high"": ""Infinity"", ""low"": 2.0, ""mae"": null}]",0.08683895308075892,0.08765760762330091,0.02727362591537726,0.08245890704595357
raw/e5/N3/d100/n3_M6/oracle_state/rep07.npz,e5,,N3,N3_multidirection_lse,multidirection_lse,100,3,6,oracle_state,oracle_state,1.0,7,4,float64,0.08386788474783771,0.011361897793391567,0.00025477555224466677,0.00843172379679265,0.06871015132552825,0.7835803588313468,0.09180063027724264,0.011954693788856234,100800,102000,1173600,117360000,0,6.08986880001612,0.0,0.0,0.0,0.0,0.0,,,,0,0,0,0.0,0.0,0.0,-0.002467584423783216,100800,"[{""bias"": null, ""count"": 0, ""high"": -2.0, ""low"": ""-Infinity"", ""mae"": null}, {""bias"": null, ""count"": 0, ""high"": -1.0, ""low"": -2.0, ""mae"": null}, {""bias"": null, ""count"": 0, ""high"": -0.25, ""low"": -1.0, ""mae"": null}, {""bias"": null, ""count"": 0, ""high"": 0.25, ""low"": -0.25, ""mae"": null}, {""bias"": null, ""count"": 0, ""high"": 1.0, ""low"": 0.25, ""mae"": null}, {""bias"": null, ""count"": 0, ""high"": 2.0, ""low"": 1.0, ""mae"": null}, {""bias"": null, ""count"": 0, ""high"": ""Infinity"", ""low"": 2.0, ""mae"": null}]",0.08683895308075892,0.08765760762330091,0.02727362591537726,0.08245890704595357
raw/e5/N3/d100/n3_M6/oracle_state/rep08.npz,e5,,N3,N3_multidirection_lse,multidirection_lse,100,3,6,oracle_state,oracle_state,1.0,8,4,float64,0.08747228049726238,0.011850198842536054,0.00029059542368981993,0.009145975145849989,0.07166311214151505,0.7869677853997155,0.09905341849692254,0.012899184714679334,100800,102000,1173600,117360000,0,5.697806400014088,0.0,0.0,0.0,0.0,0.0,,,,0,0,0,0.0,0.0,0.0,-0.0034245402457333957,100800,"[{""bias"": null, ""count"": 0, ""high"": -2.0, ""low"": ""-Infinity"", ""mae"": null}, {""bias"": null, ""count"": 0, ""high"": -1.0, ""low"": -2.0, ""mae"": null}, {""bias"": null, ""count"": 0, ""high"": -0.25, ""low"": -1.0, ""mae"": null}, {""bias"": null, ""count"": 0, ""high"": 0.25, ""low"": -0.25, ""mae"": null}, {""bias"": null, ""count"": 0, ""high"": 1.0, ""low"": 0.25, ""mae"": null}, {""bias"": null, ""count"": 0, ""high"": 2.0, ""low"": 1.0, ""mae"": null}, {""bias"": null, ""count"": 0, ""high"": ""Infinity"", ""low"": 2.0, ""mae"": null}]",0.08683895308075892,0.08765760762330091,0.02727362591537726,0.08245890704595357
raw/e5/N3/d100/n3_M6/oracle_state/rep09.npz,e5,,N3,N3_multidirection_lse,multidirection_lse,100,3,6,oracle_state,oracle_state,1.0,9,4,float64,0.08855881483928432,0.011997395736557892,-0.001145597904987376,0.008970085601748968,0.07255327336693734,0.7889604987818815,0.09014967894282043,0.011739699429844586,100800,102000,1173600,117360000,0,5.568122900091112,0.0,0.0,0.0,0.0,0.0,,,,0,0,0,0.0,0.0,0.0,-0.003915182548858308,100800,"[{""bias"": null, ""count"": 0, ""high"": -2.0, ""low"": ""-Infinity"", ""mae"": null}, {""bias"": null, ""count"": 0, ""high"": -1.0, ""low"": -2.0, ""mae"": null}, {""bias"": null, ""count"": 0, ""high"": -0.25, ""low"": -1.0, ""mae"": null}, {""bias"": null, ""count"": 0, ""high"": 0.25, ""low"": -0.25, ""mae"": null}, {""bias"": null, ""count"": 0, ""high"": 1.0, ""low"": 0.25, ""mae"": null}, {""bias"": null, ""count"": 0, ""high"": 2.0, ""low"": 1.0, ""mae"": null}, {""bias"": null, ""count"": 0, ""high"": ""Infinity"", ""low"": 2.0, ""mae"": null}]",0.08683895308075892,0.08765760762330091,0.02727362591537726,0.08245890704595357
raw/e5/N3/d100/n3_M6/raw/rep00.npz,e5,e0,N3,N3_multidirection_lse,multidirection_lse,100,3,6,raw,raw,1.0,0,4,float64,28.860875105577993,3.9098913030100055,-2.7049161299620152,2.705190386973911,23.6447491415069,234.2743191114905,30.007499378475778,3.9077124563914998,100800,102000,1173600,117360000,0,3.655129599850625,1.0,0.9576190476190476,0.0,1.9581218442881598,0.0,,,,0,0,0,-1.6778147583792513,1.6778407475830135,18.602448009017984,0.01396587180566265,100800,"[{""bias"": null, ""count"": 0, ""high"": -2.0, ""low"": ""-Infinity"", ""mae"": null}, {""bias"": null, ""count"": 0, ""high"": -1.0, ""low"": -2.0, ""mae"": null}, {""bias"": null, ""count"": 0, ""high"": -0.25, ""low"": -1.0, ""mae"": null}, {""bias"": null, ""count"": 0, ""high"": 0.25, ""low"": -0.25, ""mae"": null}, {""bias"": null, ""count"": 0, ""high"": 1.0, ""low"": 0.25, ""mae"": null}, {""bias"": null, ""count"": 0, ""high"": 2.0, ""low"": 1.0, ""mae"": null}, {""bias"": null, ""count"": 0, ""high"": ""Infinity"", ""low"": 2.0, ""mae"": null}]",28.89695872438325,29.007421229976952,27.411891518753624,9.150310420279375
raw/e5/N3/d100/n3_M6/raw/rep01.npz,e5,e0,N3,N3_multidirection_lse,multidirection_lse,100,3,6,raw,raw,1.0,1,4,float64,29.299006223130547,3.969246573417787,-2.725554893774684,2.7256379019056483,24.003695304009646,246.01775999762592,27.379898817732858,3.5655344124255466,100800,102000,1173600,117360000,0,4.157412200002,1.0,0.957281746031746,0.0,1.9556812353150774,0.0,,,,0,0,0,-1.673807320013167,1.6738270947385938,19.61220622548766,-0.0010794862753465116,100800,"[{""bias"": null, ""count"": 0, ""high"": -2.0, ""low"": ""-Infinity"", ""mae"": null}, {""bias"": null, ""count"": 0, ""high"": -1.0, ""low"": -2.0, ""mae"": null}, {""bias"": null, ""count"": 0, ""high"": -0.25, ""low"": -1.0, ""mae"": null}, {""bias"": null, ""count"": 0, ""high"": 0.25, ""low"": -0.25, ""mae"": null}, {""bias"": null, ""count"": 0, ""high"": 1.0, ""low"": 0.25, ""mae"": null}, {""bias"": null, ""count"": 0, ""high"": 2.0, ""low"": 1.0, ""mae"": null}, {""bias"": null, ""count"": 0, ""high"": ""Infinity"", ""low"": 2.0, ""mae"": null}]",28.89695872438325,29.007421229976952,27.411891518753624,9.150310420279375
raw/e5/N3/d100/n3_M6/raw/rep02.npz,e5,e0,N3,N3_multidirection_lse,multidirection_lse,100,3,6,raw,raw,1.0,2,4,float64,29.107188993017726,3.94326037178523,-2.7286680538781485,2.728717005187385,23.846545866563797,234.87474114759516,30.180617980787925,3.930256744742748,100800,102000,1173600,117360000,0,4.025468199979514,1.0,0.9561706349206349,0.0,1.944050493789446,0.0,,,,0,0,0,-1.6670588933119082,1.6670868160725365,18.924144041581012,-0.011890116524288053,100800,"[{""bias"": null, ""count"": 0, ""high"": -2.0, ""low"": ""-Infinity"", ""mae"": null}, {""bias"": null, ""count"": 0, ""high"": -1.0, ""low"": -2.0, ""mae"": null}, {""bias"": null, ""count"": 0, ""high"": -0.25, ""low"": -1.0, ""mae"": null}, {""bias"": null, ""count"": 0, ""high"": 0.25, ""low"": -0.25, ""mae"": null}, {""bias"": null, ""count"": 0, ""high"": 1.0, ""low"": 0.25, ""mae"": null}, {""bias"": null, ""count"": 0, ""high"": 2.0, ""low"": 1.0, ""mae"": null}, {""bias"": null, ""count"": 0, ""high"": ""Infinity"", ""low"": 2.0, ""mae"": null}]",28.89695872438325,29.007421229976952,27.411891518753624,9.150310420279375
raw/e5/N3/d100/n3_M6/raw/rep03.npz,e5,,N3,N3_multidirection_lse,multidirection_lse,100,3,6,raw,raw,1.0,3,4,float64,29.021034098583733,3.9315886441876806,-2.7092273349734883,2.709305574429744,23.775962044737447,239.48995014425552,27.188330570928958,3.540587527820372,100800,102000,1173600,117360000,0,5.089984999969602,1.0,0.9575,0.0,1.946970455519893,0.0,,,,0,0,0,-1.6704771785421972,1.670500637634713,19.24930873343872,-0.004173034466302475,100800,"[{""bias"": null, ""count"": 0, ""high"": -2.0, ""low"": ""-Infinity"", ""mae"": null}, {""bias"": null, ""count"": 0, ""high"": -1.0, ""low"": -2.0, ""mae"": null}, {""bias"": null, ""count"": 0, ""high"": -0.25, ""low"": -1.0, ""mae"": null}, {""bias"": null, ""count"": 0, ""high"": 0.25, ""low"": -0.25, ""mae"": null}, {""bias"": null, ""count"": 0, ""high"": 1.0, ""low"": 0.25, ""mae"": null}, {""bias"": null, ""count"": 0, ""high"": 2.0, ""low"": 1.0, ""mae"": null}, {""bias"": null, ""count"": 0, ""high"": ""Infinity"", ""low"": 2.0, ""mae"": null}]",28.89695872438325,29.007421229976952,27.411891518753624,9.150310420279375
raw/e5/N3/d100/n3_M6/raw/rep04.npz,e5,,N3,N3_multidirection_lse,multidirection_lse,100,3,6,raw,raw,1.0,4,4,float64,28.89918675957881,3.9150815268765293,-2.7083667135823655,2.7084028180049966,23.676136597525876,249.48316597351402,25.950271575587422,3.3793618789642754,100800,102000,1173600,117360000,0,6.228149599861354,1.0,0.9567956349206349,0.0,1.94921378776876,0.0,,,,0,0,0,-1.671381578931054,1.6714088498474868,19.44206161347002,-0.008940031366115549,100800,"[{""bias"": null, ""count"": 0, ""high"": -2.0, ""low"": ""-Infinity"", ""mae"": null}, {""bias"": null, ""count"": 0, ""high"": -1.0, ""low"": -2.0, ""mae"": null}, {""bias"": null, ""count"": 0, ""high"": -0.25, ""low"": -1.0, ""mae"": null}, {""bias"": null, ""count"": 0, ""high"": 0.25, ""low"": -0.25, ""mae"": null}, {""bias"": null, ""count"": 0, ""high"": 1.0, ""low"": 0.25, ""mae"": null}, {""bias"": null, ""count"": 0, ""high"": 2.0, ""low"": 1.0, ""mae"": null}, {""bias"": null, ""count"": 0, ""high"": ""Infinity"", ""low"": 2.0, ""mae"": null}]",28.89695872438325,29.007421229976952,27.411891518753624,9.150310420279375
raw/e5/N3/d100/n3_M6/raw/rep05.npz,e5,,N3,N3_multidirection_lse,multidirection_lse,100,3,6,raw,raw,1.0,5,4,float64,28.03933012558754,3.798593514549136,-2.639918060685583,2.6399585514972963,22.971684832497637,231.94457444533114,25.82140479840665,3.3625802636736144,100800,102000,1173600,117360000,0,5.841037499951199,1.0,0.9574702380952381,0.0,1.916153984746247,0.0,,,,0,0,0,-1.652690766755645,1.6527148871613173,18.034720811336545,-0.0010842293097575915,100800,"[{""bias"": null, ""count"": 0, ""high"": -2.0, ""low"": ""-Infinity"", ""mae"": null}, {""bias"": null, ""count"": 0, ""high"": -1.0, ""low"": -2.0, ""mae"": null}, {""bias"": null, ""count"": 0, ""high"": -0.25, ""low"": -1.0, ""mae"": null}, {""bias"": null, ""count"": 0, ""high"": 0.25, ""low"": -0.25, ""mae"": null}, {""bias"": null, ""count"": 0, ""high"": 1.0, ""low"": 0.25, ""mae"": null}, {""bias"": null, ""count"": 0, ""high"": 2.0, ""low"": 1.0, ""mae"": null}, {""bias"": null, ""count"": 0, ""high"": ""Infinity"", ""low"": 2.0, ""mae"": null}]",28.89695872438325,29.007421229976952,27.411891518753624,9.150310420279375
raw/e5/N3/d100/n3_M6/raw/rep06.npz,e5,,N3,N3_multidirection_lse,multidirection_lse,100,3,6,raw,raw,1.0,6,4,float64,29.05491269758656,3.936178305419876,-2.7286873716611155,2.728718456171275,23.80371764714926,236.1753280265574,25.822328146892488,3.362700506294774,100800,102000,1173600,117360000,0,6.17680269991979,1.0,0.95625,0.0,1.9560226827082716,0.0,,,,0,0,0,-1.6742505856102667,1.6742739978947756,18.897901855069172,-0.0033546785182296673,100800,"[{""bias"": null, ""count"": 0, ""high"": -2.0, ""low"": ""-Infinity"", ""mae"": null}, {""bias"": null, ""count"": 0, ""high"": -1.0, ""low"": -2.0, ""mae"": null}, {""bias"": null, ""count"": 0, ""high"": -0.25, ""low"": -1.0, ""mae"": null}, {""bias"": null, ""count"": 0, ""high"": 0.25, ""low"": -0.25, ""mae"": null}, {""bias"": null, ""count"": 0, ""high"": 1.0, ""low"": 0.25, ""mae"": null}, {""bias"": null, ""count"": 0, ""high"": 2.0, ""low"": 1.0, ""mae"": null}, {""bias"": null, ""count"": 0, ""high"": ""Infinity"", ""low"": 2.0, ""mae"": null}]",28.89695872438325,29.007421229976952,27.411891518753624,9.150310420279375
raw/e5/N3/d100/n3_M6/raw/rep07.npz,e5,,N3,N3_multidirection_lse,multidirection_lse,100,3,6,raw,raw,1.0,7,4,float64,29.012667937686345,3.930455248903836,-2.7122152407192752,2.712325745119695,23.769107929088747,244.61488417942172,26.786621950251043,3.4882752121200866,100800,102000,1173600,117360000,0,5.829811400035396,1.0,0.956656746031746,0.0,1.9564802545061517,0.0,,,,0,0,0,-1.674704444842605,1.6747306308905472,19.42014427781839,0.005751041803686179,100800,"[{""bias"": null, ""count"": 0, ""high"": -2.0, ""low"": ""-Infinity"", ""mae"": null}, {""bias"": null, ""count"": 0, ""high"": -1.0, ""low"": -2.0, ""mae"": null}, {""bias"": null, ""count"": 0, ""high"": -0.25, ""low"": -1.0, ""mae"": null}, {""bias"": null, ""count"": 0, ""high"": 0.25, ""low"": -0.25, ""mae"": null}, {""bias"": null, ""count"": 0, ""high"": 1.0, ""low"": 0.25, ""mae"": null}, {""bias"": null, ""count"": 0, ""high"": 2.0, ""low"": 1.0, ""mae"": null}, {""bias"": null, ""count"": 0, ""high"": ""Infinity"", ""low"": 2.0, ""mae"": null}]",28.89695872438325,29.007421229976952,27.411891518753624,9.150310420279375
raw/e5/N3/d100/n3_M6/raw/rep08.npz,e5,,N3,N3_multidirection_lse,multidirection_lse,100,3,6,raw,raw,1.0,8,4,float64,29.00217452226756,3.9290336664488796,-2.7358605864234744,2.7359221877544657,23.760511024999488,240.3148385381867,28.034926297903144,3.650835057149585,100800,102000,1173600,117360000,0,6.098578699864447,1.0,0.9570535714285714,0.0,1.9563964579147373,0.0,,,,0,0,0,-1.6755506012705221,1.675573862437568,19.220213908921743,-0.002925097019191158,100800,"[{""bias"": null, ""count"": 0, ""high"": -2.0, ""low"": ""-Infinity"", ""mae"": null}, {""bias"": null, ""count"": 0, ""high"": -1.0, ""low"": -2.0, ""mae"": null}, {""bias"": null, ""count"": 0, ""high"": -0.25, ""low"": -1.0, ""mae"": null}, {""bias"": null, ""count"": 0, ""high"": 0.25, ""low"": -0.25, ""mae"": null}, {""bias"": null, ""count"": 0, ""high"": 1.0, ""low"": 0.25, ""mae"": null}, {""bias"": null, ""count"": 0, ""high"": 2.0, ""low"": 1.0, ""mae"": null}, {""bias"": null, ""count"": 0, ""high"": ""Infinity"", ""low"": 2.0, ""mae"": null}]",28.89695872438325,29.007421229976952,27.411891518753624,9.150310420279375
raw/e5/N3/d100/n3_M6/raw/rep09.npz,e5,,N3,N3_multidirection_lse,multidirection_lse,100,3,6,raw,raw,1.0,9,4,float64,28.673210780815687,3.884467711085325,-2.6800184805980014,2.680134801335115,23.491002040437277,240.59982672374164,28.61951688357813,3.726963090502805,100800,102000,1173600,117360000,0,5.439243900123984,1.0,0.9568849206349206,0.0,1.951259009870855,0.0,,,,0,0,0,-1.6712477001927468,1.6712667999221897,19.269556192812278,-0.0022028753656830984,100800,"[{""bias"": null, ""count"": 0, ""high"": -2.0, ""low"": ""-Infinity"", ""mae"": null}, {""bias"": null, ""count"": 0, ""high"": -1.0, ""low"": -2.0, ""mae"": null}, {""bias"": null, ""count"": 0, ""high"": -0.25, ""low"": -1.0, ""mae"": null}, {""bias"": null, ""count"": 0, ""high"": 0.25, ""low"": -0.25, ""mae"": null}, {""bias"": null, ""count"": 0, ""high"": 1.0, ""low"": 0.25, ""mae"": null}, {""bias"": null, ""count"": 0, ""high"": 2.0, ""low"": 1.0, ""mae"": null}, {""bias"": null, ""count"": 0, ""high"": ""Infinity"", ""low"": 2.0, ""mae"": null}]",28.89695872438325,29.007421229976952,27.411891518753624,9.150310420279375
raw/e5/N3/d100/n4_M6/box/rep00.npz,e5,e0,N3,N3_multidirection_lse,multidirection_lse,100,4,6,box,box,1.0,0,4,float64,0.24185845881940846,0.032765475102126865,-0.024742148448490188,0.024956173288840738,0.19814654148969754,1.5855742842737555,0.23268200954087548,0.03030090497021849,1267200,1268400,14652000,1465200000,0,55.054464400047436,0.9999936868686868,0.9432954545454545,0.9999936868686868,0.8223763033691743,0.8223763033691743,,,,0,0,0,-0.21291120404223807,0.21294692907489662,0.050081377725825556,-0.00010450246605058576,1267200,"[{""bias"": null, ""count"": 0, ""high"": -2.0, ""low"": ""-Infinity"", ""mae"": null}, {""bias"": null, ""count"": 0, ""high"": -1.0, ""low"": -2.0, ""mae"": null}, {""bias"": null, ""count"": 0, ""high"": -0.25, ""low"": -1.0, ""mae"": null}, {""bias"": null, ""count"": 0, ""high"": 0.25, ""low"": -0.25, ""mae"": null}, {""bias"": null, ""count"": 0, ""high"": 1.0, ""low"": 0.25, ""mae"": null}, {""bias"": null, ""count"": 0, ""high"": 2.0, ""low"": 1.0, ""mae"": null}, {""bias"": null, ""count"": 0, ""high"": ""Infinity"", ""low"": 2.0, ""mae"": null}]",0.24243425914066555,0.24190039771795127,0.22770264432716927,0.08329149617976155
raw/e5/N3/d100/n4_M6/box/rep01.npz,e5,e0,N3,N3_multidirection_lse,multidirection_lse,100,4,6,box,box,1.0,1,4,float64,0.23971354872107037,0.03247489606359973,-0.024404833438382702,0.024730639800439325,0.19638928842579143,1.57926714171967,0.2435436480824549,0.03171535672744145,1267200,1268400,14652000,1465200000,0,54.30848210002296,0.9999928977272727,0.9432244318181818,0.9999928977272727,0.8227718490670671,0.8227718490670671,,,,0,0,0,-0.21285426260379509,0.21289040716514074,0.05007338078047662,-0.0018352629151126955,1267200,"[{""bias"": null, ""count"": 0, ""high"": -2.0, ""low"": ""-Infinity"", ""mae"": null}, {""bias"": null, ""count"": 0, ""high"": -1.0, ""low"": -2.0, ""mae"": null}, {""bias"": null, ""count"": 0, ""high"": -0.25, ""low"": -1.0, ""mae"": null}, {""bias"": null, ""count"": 0, ""high"": 0.25, ""low"": -0.25, ""mae"": null}, {""bias"": null, ""count"": 0, ""high"": 1.0, ""low"": 0.25, ""mae"": null}, {""bias"": null, ""count"": 0, ""high"": 2.0, ""low"": 1.0, ""mae"": null}, {""bias"": null, ""count"": 0, ""high"": ""Infinity"", ""low"": 2.0, ""mae"": null}]",0.24243425914066555,0.24190039771795127,0.22770264432716927,0.08329149617976155
raw/e5/N3/d100/n4_M6/box/rep02.npz,e5,e0,N3,N3_multidirection_lse,multidirection_lse,100,4,6,box,box,1.0,2,4,float64,0.2480765090075778,0.033607857748649744,-0.025392528606118344,0.02561374065170058,0.20324078192110254,1.5624436117216316,0.2384410524237615,0.0310508736139399,1267200,1268400,14652000,1465200000,0,54.4269686001353,0.9999921085858586,0.9434927398989899,0.9999921085858586,0.8224566793509815,0.8224566793509815,,,,0,0,0,-0.21284128770115385,0.2128768213336378,0.05004908100471714,-0.0007270422344255958,1267200,"[{""bias"": null, ""count"": 0, ""high"": -2.0, ""low"": ""-Infinity"", ""mae"": null}, {""bias"": null, ""count"": 0, ""high"": -1.0, ""low"": -2.0, ""mae"": null}, {""bias"": null, ""count"": 0, ""high"": -0.25, ""low"": -1.0, ""mae"": null}, {""bias"": null, ""count"": 0, ""high"": 0.25, ""low"": -0.25, ""mae"": null}, {""bias"": null, ""count"": 0, ""high"": 1.0, ""low"": 0.25, ""mae"": null}, {""bias"": null, ""count"": 0, ""high"": 2.0, ""low"": 1.0, ""mae"": null}, {""bias"": null, ""count"": 0, ""high"": ""Infinity"", ""low"": 2.0, ""mae"": null}]",0.24243425914066555,0.24190039771795127,0.22770264432716927,0.08329149617976155
raw/e5/N3/d100/n4_M6/box/rep03.npz,e5,,N3,N3_multidirection_lse,multidirection_lse,100,4,6,box,box,1.0,3,4,float64,0.2467112141226205,0.03342289611539328,-0.025072925053604343,0.02535166796141789,0.20212224151160682,1.5591578245179076,0.24058377840860554,0.03132990909490419,1267200,1268400,14652000,1465200000,0,66.87349239992909,0.9999897411616162,0.943454071969697,0.9999897411616162,0.8211610579133585,0.8211610579133585,,,,0,0,0,-0.21283794264439268,0.21287133168573005,0.05004610274964584,-0.001969827383146866,1267200,"[{""bias"": null, ""count"": 0, ""high"": -2.0, ""low"": ""-Infinity"", ""mae"": null}, {""bias"": null, ""count"": 0, ""high"": -1.0, ""low"": -2.0, ""mae"": null}, {""bias"": null, ""count"": 0, ""high"": -0.25, ""low"": -1.0, ""mae"": null}, {""bias"": null, ""count"": 0, ""high"": 0.25, ""low"": -0.25, ""mae"": null}, {""bias"": null, ""count"": 0, ""high"": 1.0, ""low"": 0.25, ""mae"": null}, {""bias"": null, ""count"": 0, ""high"": 2.0, ""low"": 1.0, ""mae"": null}, {""bias"": null, ""count"": 0, ""high"": ""Infinity"", ""low"": 2.0, ""mae"": null}]",0.24243425914066555,0.24190039771795127,0.22770264432716927,0.08329149617976155
raw/e5/N3/d100/n4_M6/box/rep04.npz,e5,,N3,N3_multidirection_lse,multidirection_lse,100,4,6,box,box,1.0,4,4,float64,0.23796387476962652,0.03223786115246735,-0.02457360981484956,0.02478475816401453,0.19495583911041287,1.5738682791601077,0.23385057331627873,0.030453080636828903,1267200,1268400,14652000,1465200000,0,65.37929690000601,0.9999897411616162,0.9435787563131313,0.9999897411616162,0.8221643507966061,0.8221643507966061,,,,0,0,0,-0.2129313233447866,0.21296472417286594,0.0500890314631611,0.00016572278969031245,1267200,"[{""bias"": null, ""count"": 0, ""high"": -2.0, ""low"": ""-Infinity"", ""mae"": null}, {""bias"": null, ""count"": 0, ""high"": -1.0, ""low"": -2.0, ""mae"": null}, {""bias"": null, ""count"": 0, ""high"": -0.25, ""low"": -1.0, ""mae"": null}, {""bias"": null, ""count"": 0, ""high"": 0.25, ""low"": -0.25, ""mae"": null}, {""bias"": null, ""count"": 0, ""high"": 1.0, ""low"": 0.25, ""mae"": null}, {""bias"": null, ""count"": 0, ""high"": 2.0, ""low"": 1.0, ""mae"": null}, {""bias"": null, ""count"": 0, ""high"": ""Infinity"", ""low"": 2.0, ""mae"": null}]",0.24243425914066555,0.24190039771795127,0.22770264432716927,0.08329149617976155
raw/e5/N3/d100/n4_M6/box/rep05.npz,e5,,N3,N3_multidirection_lse,multidirection_lse,100,4,6,box,box,1.0,5,4,float64,0.24194233661649409,0.03277683834278194,-0.02464438081688801,0.024954723487438737,0.19821525976186974,1.564656690255445,0.2432404205641908,0.031675869066863795,1267200,1268400,14652000,1465200000,0,64.60739250015467,0.9999905303030303,0.9432591540404041,0.9999905303030303,0.8223069319899374,0.8223069319899374,,,,0,0,0,-0.2128486281592696,0.2128835737410277,0.05005253532338396,-0.0013917576769631075,1267200,"[{""bias"": null, ""count"": 0, ""high"": -2.0, ""low"": ""-Infinity"", ""mae"": null}, {""bias"": null, ""count"": 0, ""high"": -1.0, ""low"": -2.0, ""mae"": null}, {""bias"": null, ""count"": 0, ""high"": -0.25, ""low"": -1.0, ""mae"": null}, {""bias"": null, ""count"": 0, ""high"": 0.25, ""low"": -0.25, ""mae"": null}, {""bias"": null, ""count"": 0, ""high"": 1.0, ""low"": 0.25, ""mae"": null}, {""bias"": null, ""count"": 0, ""high"": 2.0, ""low"": 1.0, ""mae"": null}, {""bias"": null, ""count"": 0, ""high"": ""Infinity"", ""low"": 2.0, ""mae"": null}]",0.24243425914066555,0.24190039771795127,0.22770264432716927,0.08329149617976155
raw/e5/N3/d100/n4_M6/box/rep06.npz,e5,,N3,N3_multidirection_lse,multidirection_lse,100,4,6,box,box,1.0,6,4,float64,0.2440031035376474,0.033056018188613805,-0.024912487696326157,0.025100828968865955,0.19990357713656945,1.5713743621326859,0.23960807132160652,0.031202848099598786,1267200,1268400,14652000,1465200000,0,65.94314430002123,0.9999921085858586,0.942734375,0.9999921085858586,0.8213133854783936,0.8213133854783937,,,,0,0,0,-0.21270977911259242,0.2127461131203442,0.050011044144698084,-0.001450741109088099,1267200,"[{""bias"": null, ""count"": 0, ""high"": -2.0, ""low"": ""-Infinity"", ""mae"": null}, {""bias"": null, ""count"": 0, ""high"": -1.0, ""low"": -2.0, ""mae"": null}, {""bias"": null, ""count"": 0, ""high"": -0.25, ""low"": -1.0, ""mae"": null}, {""bias"": null, ""count"": 0, ""high"": 0.25, ""low"": -0.25, ""mae"": null}, {""bias"": null, ""count"": 0, ""high"": 1.0, ""low"": 0.25, ""mae"": null}, {""bias"": null, ""count"": 0, ""high"": 2.0, ""low"": 1.0, ""mae"": null}, {""bias"": null, ""count"": 0, ""high"": ""Infinity"", ""low"": 2.0, ""mae"": null}]",0.24243425914066555,0.24190039771795127,0.22770264432716927,0.08329149617976155
raw/e5/N3/d100/n4_M6/box/rep07.npz,e5,,N3,N3_multidirection_lse,multidirection_lse,100,4,6,box,box,1.0,7,4,float64,0.23818913030491473,0.032268377367071256,-0.024677711086749602,0.024865769875537954,0.19514038343227216,1.581546292896481,0.2516662517791226,0.032773118963589906,1267200,1268400,14652000,1465200000,0,65.26620539999567,0.9999968434343435,0.9434793244949495,0.9999968434343435,0.8229392789112059,0.8229392789112058,,,,0,0,0,-0.21293242412637542,0.21296740394621502,0.050092342837654756,-0.0019537225558388083,1267200,"[{""bias"": null, ""count"": 0, ""high"": -2.0, ""low"": ""-Infinity"", ""mae"": null}, {""bias"": null, ""count"": 0, ""high"": -1.0, ""low"": -2.0, ""mae"": null}, {""bias"": null, ""count"": 0, ""high"": -0.25, ""low"": -1.0, ""mae"": null}, {""bias"": null, ""count"": 0, ""high"": 0.25, ""low"": -0.25, ""mae"": null}, {""bias"": null, ""count"": 0, ""high"": 1.0, ""low"": 0.25, ""mae"": null}, {""bias"": null, ""count"": 0, ""high"": 2.0, ""low"": 1.0, ""mae"": null}, {""bias"": null, ""count"": 0, ""high"": ""Infinity"", ""low"": 2.0, ""mae"": null}]",0.24243425914066555,0.24190039771795127,0.22770264432716927,0.08329149617976155
raw/e5/N3/d100/n4_M6/box/rep08.npz,e5,,N3,N3_multidirection_lse,multidirection_lse,100,4,6,box,box,1.0,8,4,float64,0.24584821580774155,0.03330598248773944,-0.02523076366884708,0.025454916411164923,0.20141521587256403,1.559742826322992,0.24077445179540555,0.031354739446787336,1267200,1268400,14652000,1465200000,0,64.81381770013832,0.9999936868686868,0.9434146148989899,0.9999936868686868,0.8222737597120815,0.8222737597120815,,,,0,0,0,-0.212816379676858,0.21285213615970475,0.050044800694020376,-0.0017841029097758429,1267200,"[{""bias"": null, ""count"": 0, ""high"": -2.0, ""low"": ""-Infinity"", ""mae"": null}, {""bias"": null, ""count"": 0, ""high"": -1.0, ""low"": -2.0, ""mae"": null}, {""bias"": null, ""count"": 0, ""high"": -0.25, ""low"": -1.0, ""mae"": null}, {""bias"": null, ""count"": 0, ""high"": 0.25, ""low"": -0.25, ""mae"": null}, {""bias"": null, ""count"": 0, ""high"": 1.0, ""low"": 0.25, ""mae"": null}, {""bias"": null, ""count"": 0, ""high"": 2.0, ""low"": 1.0, ""mae"": null}, {""bias"": null, ""count"": 0, ""high"": ""Infinity"", ""low"": 2.0, ""mae"": null}]",0.24243425914066555,0.24190039771795127,0.22770264432716927,0.08329149617976155
raw/e5/N3/d100/n4_M6/box/rep09.npz,e5,,N3,N3_multidirection_lse,multidirection_lse,100,4,6,box,box,1.0,9,4,float64,0.24003619969955406,0.03251860680522022,-0.02477853297936292,0.024995943654695207,0.1966536255749112,1.563854023767466,0.2530041432093514,0.032947345244202765,1267200,1268400,14652000,1465200000,0,64.20055539999157,0.999994476010101,0.9431186868686868,0.999994476010101,0.8229064948101412,0.8229064948101413,,,,0,0,0,-0.21288156503449482,0.2129179432528114,0.050079912906947216,-0.00011413690693140058,1267200,"[{""bias"": null, ""count"": 0, ""high"": -2.0, ""low"": ""-Infinity"", ""mae"": null}, {""bias"": null, ""count"": 0, ""high"": -1.0, ""low"": -2.0, ""mae"": null}, {""bias"": null, ""count"": 0, ""high"": -0.25, ""low"": -1.0, ""mae"": null}, {""bias"": null, ""count"": 0, ""high"": 0.25, ""low"": -0.25, ""mae"": null}, {""bias"": null, ""count"": 0, ""high"": 1.0, ""low"": 0.25, ""mae"": null}, {""bias"": null, ""count"": 0, ""high"": 2.0, ""low"": 1.0, ""mae"": null}, {""bias"": null, ""count"": 0, ""high"": ""Infinity"", ""low"": 2.0, ""mae"": null}]",0.24243425914066555,0.24190039771795127,0.22770264432716927,0.08329149617976155
raw/e5/N3/d100/n4_M6/centre/rep00.npz,e5,e0,N3,N3_multidirection_lse,multidirection_lse,100,4,6,centre,centre,0.0,0,4,float64,0.03878903601617516,0.005254896603688686,-0.0012233588267887075,0.003921211026788971,0.031778559128516425,0.3243610539842796,0.03993691667874305,0.005200766142057679,1267200,1268400,14652000,1465200000,0,52.61184350005351,0.9999124053030303,0.9087539457070707,1.0,0.7983697019739381,1.9255018271449693,,,,0,0,0,-0.004967233636623921,0.006939157268793502,6.392767160308894e-05,-1.1542962549130308e-05,1267200,"[{""bias"": null, ""count"": 0, ""high"": -2.0, ""low"": ""-Infinity"", ""mae"": null}, {""bias"": null, ""count"": 0, ""high"": -1.0, ""low"": -2.0, ""mae"": null}, {""bias"": null, ""count"": 0, ""high"": -0.25, ""low"": -1.0, ""mae"": null}, {""bias"": null, ""count"": 0, ""high"": 0.25, ""low"": -0.25, ""mae"": null}, {""bias"": null, ""count"": 0, ""high"": 1.0, ""low"": 0.25, ""mae"": null}, {""bias"": null, ""count"": 0, ""high"": 2.0, ""low"": 1.0, ""mae"": null}, {""bias"": null, ""count"": 0, ""high"": ""Infinity"", ""low"": 2.0, ""mae"": null}]",0.037336407189889606,0.03755857089503224,0.01586377147263536,0.03381945781095912
raw/e5/N3/d100/n4_M6/centre/rep01.npz,e5,e0,N3,N3_multidirection_lse,multidirection_lse,100,4,6,centre,centre,0.0,1,4,float64,0.03751414123167105,0.005082181812056397,-0.0011018031717843805,0.0037903594195287742,0.03073408049607228,0.32362175613349986,0.03612767142901567,0.004704708975678561,1267200,1268400,14652000,1465200000,0,53.15203450014815,0.99989898989899,0.9087357954545454,1.0,0.7988961379057649,1.9261223573484298,,,,0,0,0,-0.004973592552029567,0.006929108705648114,6.357164718813755e-05,-0.0022854219501085523,1267200,"[{""bias"": null, ""count"": 0, ""high"": -2.0, ""low"": ""-Infinity"", ""mae"": null}, {""bias"": null, ""count"": 0, ""high"": -1.0, ""low"": -2.0, ""mae"": null}, {""bias"": null, ""count"": 0, ""high"": -0.25, ""low"": -1.0, ""mae"": null}, {""bias"": null, ""count"": 0, ""high"": 0.25, ""low"": -0.25, ""mae"": null}, {""bias"": null, ""count"": 0, ""high"": 1.0, ""low"": 0.25, ""mae"": null}, {""bias"": null, ""count"": 0, ""high"": 2.0, ""low"": 1.0, ""mae"": null}, {""bias"": null, ""count"": 0, ""high"": ""Infinity"", ""low"": 2.0, ""mae"": null}]",0.037336407189889606,0.03755857089503224,0.01586377147263536,0.03381945781095912
raw/e5/N3/d100/n4_M6/centre/rep02.npz,e5,e0,N3,N3_multidirection_lse,multidirection_lse,100,4,6,centre,centre,0.0,2,4,float64,0.039645042991437666,0.005370863088268633,-0.0011540534533065056,0.004005077020001463,0.03247985699697746,0.32533860465644987,0.040253845183372584,0.005242038007124006,1267200,1268400,14652000,1465200000,0,53.20403810008429,0.9999108270202021,0.9088880997474748,1.0,0.7984621300823357,1.9255796883453569,,,,0,0,0,-0.004928210378852214,0.006965747711960999,6.481746111972046e-05,-0.00041578073736498123,1267200,"[{""bias"": null, ""count"": 0, ""high"": -2.0, ""low"": ""-Infinity"", ""mae"": null}, {""bias"": null, ""count"": 0, ""high"": -1.0, ""low"": -2.0, ""mae"": null}, {""bias"": null, ""count"": 0, ""high"": -0.25, ""low"": -1.0, ""mae"": null}, {""bias"": null, ""count"": 0, ""high"": 0.25, ""low"": -0.25, ""mae"": null}, {""bias"": null, ""count"": 0, ""high"": 1.0, ""low"": 0.25, ""mae"": null}, {""bias"": null, ""count"": 0, ""high"": 2.0, ""low"": 1.0, ""mae"": null}, {""bias"": null, ""count"": 0, ""high"": ""Infinity"", ""low"": 2.0, ""mae"": null}]",0.037336407189889606,0.03755857089503224,0.01586377147263536,0.03381945781095912
raw/e5/N3/d100/n4_M6/centre/rep03.npz,e5,,N3,N3_multidirection_lse,multidirection_lse,100,4,6,centre,centre,0.0,3,4,float64,0.03623473044669177,0.004908855220854008,-0.0011076657252460608,0.003643232086459611,0.029685902055567308,0.32514500118068845,0.039442606547379855,0.005136394838295059,1267200,1268400,14652000,1465200000,0,65.43838890013285,0.9999084595959596,0.9089101957070707,1.0,0.7972022647062493,1.923703941495583,,,,0,0,0,-0.004996886503765328,0.006949881854872096,6.383027561854469e-05,-0.0020931492106263006,1267200,"[{""bias"": null, ""count"": 0, ""high"": -2.0, ""low"": ""-Infinity"", ""mae"": null}, {""bias"": null, ""count"": 0, ""high"": -1.0, ""low"": -2.0, ""mae"": null}, {""bias"": null, ""count"": 0, ""high"": -0.25, ""low"": -1.0, ""mae"": null}, {""bias"": null, ""count"": 0, ""high"": 0.25, ""low"": -0.25, ""mae"": null}, {""bias"": null, ""count"": 0, ""high"": 1.0, ""low"": 0.25, ""mae"": null}, {""bias"": null, ""count"": 0, ""high"": 2.0, ""low"": 1.0, ""mae"": null}, {""bias"": null, ""count"": 0, ""high"": ""Infinity"", ""low"": 2.0, ""mae"": null}]",0.037336407189889606,0.03755857089503224,0.01586377147263536,0.03381945781095912
raw/e5/N3/d100/n4_M6/centre/rep04.npz,e5,,N3,N3_multidirection_lse,multidirection_lse,100,4,6,centre,centre,0.0,4,4,float64,0.03564054018806334,0.004828358031629987,-0.0012540662290467077,0.0036569566772870527,0.029199101861318143,0.32523861818018396,0.037475378564206,0.004880213501841395,1267200,1268400,14652000,1465200000,0,64.33085669996217,0.9999084595959596,0.9089030934343434,1.0,0.7985215465071757,1.9260550051908154,,,,0,0,0,-0.004966991165799218,0.006929131730668298,6.372350540609428e-05,0.000143385490619112,1267200,"[{""bias"": null, ""count"": 0, ""high"": -2.0, ""low"": ""-Infinity"", ""mae"": null}, {""bias"": null, ""count"": 0, ""high"": -1.0, ""low"": -2.0, ""mae"": null}, {""bias"": null, ""count"": 0, ""high"": -0.25, ""low"": -1.0, ""mae"": null}, {""bias"": null, ""count"": 0, ""high"": 0.25, ""low"": -0.25, ""mae"": null}, {""bias"": null, ""count"": 0, ""high"": 1.0, ""low"": 0.25, ""mae"": null}, {""bias"": null, ""count"": 0, ""high"": 2.0, ""low"": 1.0, ""mae"": null}, {""bias"": null, ""count"": 0, ""high"": ""Infinity"", ""low"": 2.0, ""mae"": null}]",0.037336407189889606,0.03755857089503224,0.01586377147263536,0.03381945781095912
raw/e5/N3/d100/n4_M6/centre/rep05.npz,e5,,N3,N3_multidirection_lse,multidirection_lse,100,4,6,centre,centre,0.0,5,4,float64,0.03764335347357339,0.005099686680464172,-0.0009001797436449394,0.0038280081019781737,0.030839939761760384,0.3244595802992842,0.038750221610731446,0.005046229336417233,1267200,1268400,14652000,1465200000,0,64.39229699992575,0.9999068813131313,0.9090364583333334,1.0,0.7983887644841355,1.925538669939197,,,,0,0,0,-0.004944896612162271,0.006945078010946729,6.390500918032404e-05,-0.001306020985626284,1267200,"[{""bias"": null, ""count"": 0, ""high"": -2.0, ""low"": ""-Infinity"", ""mae"": null}, {""bias"": null, ""count"": 0, ""high"": -1.0, ""low"": -2.0, ""mae"": null}, {""bias"": null, ""count"": 0, ""high"": -0.25, ""low"": -1.0, ""mae"": null}, {""bias"": null, ""count"": 0, ""high"": 0.25, ""low"": -0.25, ""mae"": null}, {""bias"": null, ""count"": 0, ""high"": 1.0, ""low"": 0.25, ""mae"": null}, {""bias"": null, ""count"": 0, ""high"": 2.0, ""low"": 1.0, ""mae"": null}, {""bias"": null, ""count"": 0, ""high"": ""Infinity"", ""low"": 2.0, ""mae"": null}]",0.037336407189889606,0.03755857089503224,0.01586377147263536,0.03381945781095912
raw/e5/N3/d100/n4_M6/centre/rep06.npz,e5,,N3,N3_multidirection_lse,multidirection_lse,100,4,6,centre,centre,0.0,6,4,float64,0.037720250390484066,0.005110104195025233,-0.0011455896700629871,0.003854260060014668,0.03090293883242116,0.32441477437007465,0.03940079947762755,0.005130950532350876,1267200,1268400,14652000,1465200000,0,62.805615099845454,0.9999084595959596,0.9082946654040404,1.0,0.7975090063657627,1.92391571128441,,,,0,0,0,-0.004940838748959915,0.0069575412372072775,6.475012925418776e-05,-0.0019012065675337545,1267200,"[{""bias"": null, ""count"": 0, ""high"": -2.0, ""low"": ""-Infinity"", ""mae"": null}, {""bias"": null, ""count"": 0, ""high"": -1.0, ""low"": -2.0, ""mae"": null}, {""bias"": null, ""count"": 0, ""high"": -0.25, ""low"": -1.0, ""mae"": null}, {""bias"": null, ""count"": 0, ""high"": 0.25, ""low"": -0.25, ""mae"": null}, {""bias"": null, ""count"": 0, ""high"": 1.0, ""low"": 0.25, ""mae"": null}, {""bias"": null, ""count"": 0, ""high"": 2.0, ""low"": 1.0, ""mae"": null}, {""bias"": null, ""count"": 0, ""high"": ""Infinity"", ""low"": 2.0, ""mae"": null}]",0.037336407189889606,0.03755857089503224,0.01586377147263536,0.03381945781095912
raw/e5/N3/d100/n4_M6/centre/rep07.npz,e5,,N3,N3_multidirection_lse,multidirection_lse,100,4,6,centre,centre,0.0,7,4,float64,0.03630006096724407,0.004917705792196496,-0.0010747364278100033,0.003700714983659853,0.029739425164762454,0.32549871574976774,0.041465825911463555,0.005399867625924721,1267200,1268400,14652000,1465200000,0,63.15462710009888,0.9999076704545454,0.9090648674242424,1.0,0.7991938382278038,1.9270557999989502,,,,0,0,0,-0.004949163834466001,0.006944396688084416,6.418582570658294e-05,-0.002234559711464439,1267200,"[{""bias"": null, ""count"": 0, ""high"": -2.0, ""low"": ""-Infinity"", ""mae"": null}, {""bias"": null, ""count"": 0, ""high"": -1.0, ""low"": -2.0, ""mae"": null}, {""bias"": null, ""count"": 0, ""high"": -0.25, ""low"": -1.0, ""mae"": null}, {""bias"": null, ""count"": 0, ""high"": 0.25, ""low"": -0.25, ""mae"": null}, {""bias"": null, ""count"": 0, ""high"": 1.0, ""low"": 0.25, ""mae"": null}, {""bias"": null, ""count"": 0, ""high"": 2.0, ""low"": 1.0, ""mae"": null}, {""bias"": null, ""count"": 0, ""high"": ""Infinity"", ""low"": 2.0, ""mae"": null}]",0.037336407189889606,0.03755857089503224,0.01586377147263536,0.03381945781095912
raw/e5/N3/d100/n4_M6/centre/rep08.npz,e5,,N3,N3_multidirection_lse,multidirection_lse,100,4,6,centre,centre,0.0,8,4,float64,0.03760300055839343,0.005094219919268053,-0.001169356972153119,0.0037771321961886178,0.030806879968768377,0.32377752533812415,0.036538095910588556,0.004758156310253891,1267200,1268400,14652000,1465200000,0,58.716931799892336,0.9999116161616162,0.9088265467171717,1.0,0.7984658676893228,1.9255206718748616,,,,0,0,0,-0.00493311616625952,0.006971286792896722,6.468889562253354e-05,-0.002167070947844496,1267200,"[{""bias"": null, ""count"": 0, ""high"": -2.0, ""low"": ""-Infinity"", ""mae"": null}, {""bias"": null, ""count"": 0, ""high"": -1.0, ""low"": -2.0, ""mae"": null}, {""bias"": null, ""count"": 0, ""high"": -0.25, ""low"": -1.0, ""mae"": null}, {""bias"": null, ""count"": 0, ""high"": 0.25, ""low"": -0.25, ""mae"": null}, {""bias"": null, ""count"": 0, ""high"": 1.0, ""low"": 0.25, ""mae"": null}, {""bias"": null, ""count"": 0, ""high"": 2.0, ""low"": 1.0, ""mae"": null}, {""bias"": null, ""count"": 0, ""high"": ""Infinity"", ""low"": 2.0, ""mae"": null}]",0.037336407189889606,0.03755857089503224,0.01586377147263536,0.03381945781095912
raw/e5/N3/d100/n4_M6/centre/rep09.npz,e5,,N3,N3_multidirection_lse,multidirection_lse,100,4,6,centre,centre,0.0,9,4,float64,0.03627391563516212,0.004914163785720686,-0.0010478573444054327,0.0036760890068493466,0.029718005169144246,0.32416678789443615,0.041793813354875656,0.005442579636079117,1267200,1268400,14652000,1465200000,0,58.640088899992406,0.9998863636363636,0.9085172032828283,1.0,0.7990847865343106,1.926634771779555,,,,0,0,0,-0.0049576296752904744,0.00695744751176225,6.420551251507481e-05,0.000505450650885815,1267200,"[{""bias"": null, ""count"": 0, ""high"": -2.0, ""low"": ""-Infinity"", ""mae"": null}, {""bias"": null, ""count"": 0, ""high"": -1.0, ""low"": -2.0, ""mae"": null}, {""bias"": null, ""count"": 0, ""high"": -0.25, ""low"": -1.0, ""mae"": null}, {""bias"": null, ""count"": 0, ""high"": 0.25, ""low"": -0.25, ""mae"": null}, {""bias"": null, ""count"": 0, ""high"": 1.0, ""low"": 0.25, ""mae"": null}, {""bias"": null, ""count"": 0, ""high"": 2.0, ""low"": 1.0, ""mae"": null}, {""bias"": null, ""count"": 0, ""high"": ""Infinity"", ""low"": 2.0, ""mae"": null}]",0.037336407189889606,0.03755857089503224,0.01586377147263536,0.03381945781095912
raw/e5/N3/d100/n4_M6/oracle_state/rep00.npz,e5,e0,N3,N3_multidirection_lse,multidirection_lse,100,4,6,oracle_state,oracle_state,1.0,0,4,float64,0.03692278415202828,0.005002068444245807,-0.00013108365110561841,0.003707617329590534,0.03024960143055341,0.32026714249343685,0.03775148181731297,0.004916168917779527,1267200,1268400,14652000,1465200000,0,54.01177280000411,0.0,0.0,0.0,0.0,0.0,,,,0,0,0,0.0,0.0,0.0,-9.94062446570109e-06,1267200,"[{""bias"": null, ""count"": 0, ""high"": -2.0, ""low"": ""-Infinity"", ""mae"": null}, {""bias"": null, ""count"": 0, ""high"": -1.0, ""low"": -2.0, ""mae"": null}, {""bias"": null, ""count"": 0, ""high"": -0.25, ""low"": -1.0, ""mae"": null}, {""bias"": null, ""count"": 0, ""high"": 0.25, ""low"": -0.25, ""mae"": null}, {""bias"": null, ""count"": 0, ""high"": 1.0, ""low"": 0.25, ""mae"": null}, {""bias"": null, ""count"": 0, ""high"": 2.0, ""low"": 1.0, ""mae"": null}, {""bias"": null, ""count"": 0, ""high"": ""Infinity"", ""low"": 2.0, ""mae"": null}]",0.035509225862066104,0.0358943377269208,0.010920194791651051,0.03380638089576569
raw/e5/N3/d100/n4_M6/oracle_state/rep01.npz,e5,e0,N3,N3_multidirection_lse,multidirection_lse,100,4,6,oracle_state,oracle_state,1.0,1,4,float64,0.035814276113835676,0.004851894690955551,-9.121254768002758e-06,0.003614416958965372,0.029341437891210752,0.31951216763571494,0.03417085937836254,0.004449884049125729,1267200,1268400,14652000,1465200000,0,54.45238790009171,0.0,0.0,0.0,0.0,0.0,,,,0,0,0,0.0,0.0,0.0,-0.0022852085618340783,1267200,"[{""bias"": null, ""count"": 0, ""high"": -2.0, ""low"": ""-Infinity"", ""mae"": null}, {""bias"": null, ""count"": 0, ""high"": -1.0, ""low"": -2.0, ""mae"": null}, {""bias"": null, ""count"": 0, ""high"": -0.25, ""low"": -1.0, ""mae"": null}, {""bias"": null, ""count"": 0, ""high"": 0.25, ""low"": -0.25, ""mae"": null}, {""bias"": null, ""count"": 0, ""high"": 1.0, ""low"": 0.25, ""mae"": null}, {""bias"": null, ""count"": 0, ""high"": 2.0, ""low"": 1.0, ""mae"": null}, {""bias"": null, ""count"": 0, ""high"": ""Infinity"", ""low"": 2.0, ""mae"": null}]",0.035509225862066104,0.0358943377269208,0.010920194791651051,0.03380638089576569
raw/e5/N3/d100/n4_M6/oracle_state/rep02.npz,e5,e0,N3,N3_multidirection_lse,multidirection_lse,100,4,6,oracle_state,oracle_state,1.0,2,4,float64,0.03708499511974716,0.005024043774155824,-5.493271210701707e-05,0.003742435925303671,0.030382495447996854,0.3211849253812275,0.03740868637229476,0.004871528542598756,1267200,1268400,14652000,1465200000,0,52.72769460012205,0.0,0.0,0.0,0.0,0.0,,,,0,0,0,0.0,0.0,0.0,-0.0004060449437083832,1267200,"[{""bias"": null, ""count"": 0, ""high"": -2.0, ""low"": ""-Infinity"", ""mae"": null}, {""bias"": null, ""count"": 0, ""high"": -1.0, ""low"": -2.0, ""mae"": null}, {""bias"": null, ""count"": 0, ""high"": -0.25, ""low"": -1.0, ""mae"": null}, {""bias"": null, ""count"": 0, ""high"": 0.25, ""low"": -0.25, ""mae"": null}, {""bias"": null, ""count"": 0, ""high"": 1.0, ""low"": 0.25, ""mae"": null}, {""bias"": null, ""count"": 0, ""high"": 2.0, ""low"": 1.0, ""mae"": null}, {""bias"": null, ""count"": 0, ""high"": ""Infinity"", ""low"": 2.0, ""mae"": null}]",0.035509225862066104,0.0358943377269208,0.010920194791651051,0.03380638089576569
raw/e5/N3/d100/n4_M6/oracle_state/rep03.npz,e5,,N3,N3_multidirection_lse,multidirection_lse,100,4,6,oracle_state,oracle_state,1.0,3,4,float64,0.034671405644748236,0.004697065729906885,-1.5148703558654664e-05,0.0034441856738443074,0.028405122362178643,0.32088096285553136,0.03737810489233727,0.004867546083792125,1267200,1268400,14652000,1465200000,0,63.277418199926615,0.0,0.0,0.0,0.0,0.0,,,,0,0,0,0.0,0.0,0.0,-0.0020916957348555325,1267200,"[{""bias"": null, ""count"": 0, ""high"": -2.0, ""low"": ""-Infinity"", ""mae"": null}, {""bias"": null, ""count"": 0, ""high"": -1.0, ""low"": -2.0, ""mae"": null}, {""bias"": null, ""count"": 0, ""high"": -0.25, ""low"": -1.0, ""mae"": null}, {""bias"": null, ""count"": 0, ""high"": 0.25, ""low"": -0.25, ""mae"": null}, {""bias"": null, ""count"": 0, ""high"": 1.0, ""low"": 0.25, ""mae"": null}, {""bias"": null, ""count"": 0, ""high"": 2.0, ""low"": 1.0, ""mae"": null}, {""bias"": null, ""count"": 0, ""high"": ""Infinity"", ""low"": 2.0, ""mae"": null}]",0.035509225862066104,0.0358943377269208,0.010920194791651051,0.03380638089576569
raw/e5/N3/d100/n4_M6/oracle_state/rep04.npz,e5,,N3,N3_multidirection_lse,multidirection_lse,100,4,6,oracle_state,oracle_state,1.0,4,4,float64,0.033795315671899806,0.004578378526107154,-0.00016208407051780321,0.003409253764347363,0.027687371165875274,0.32116132077602644,0.03461401407513004,0.0045075936605406975,1267200,1268400,14652000,1465200000,0,63.07521130004898,0.0,0.0,0.0,0.0,0.0,,,,0,0,0,0.0,0.0,0.0,0.00015251827634628427,1267200,"[{""bias"": null, ""count"": 0, ""high"": -2.0, ""low"": ""-Infinity"", ""mae"": null}, {""bias"": null, ""count"": 0, ""high"": -1.0, ""low"": -2.0, ""mae"": null}, {""bias"": null, ""count"": 0, ""high"": -0.25, ""low"": -1.0, ""mae"": null}, {""bias"": null, ""count"": 0, ""high"": 0.25, ""low"": -0.25, ""mae"": null}, {""bias"": null, ""count"": 0, ""high"": 1.0, ""low"": 0.25, ""mae"": null}, {""bias"": null, ""count"": 0, ""high"": 2.0, ""low"": 1.0, ""mae"": null}, {""bias"": null, ""count"": 0, ""high"": ""Infinity"", ""low"": 2.0, ""mae"": null}]",0.035509225862066104,0.0358943377269208,0.010920194791651051,0.03380638089576569
raw/e5/N3/d100/n4_M6/oracle_state/rep05.npz,e5,,N3,N3_multidirection_lse,multidirection_lse,100,4,6,oracle_state,oracle_state,1.0,5,4,float64,0.03622238918757112,0.004907183304062591,0.0001892491517175088,0.0037119604146587898,0.029675791274971414,0.3202929866736388,0.03609788854313001,0.004700830513408354,1267200,1268400,14652000,1465200000,0,63.46647739992477,0.0,0.0,0.0,0.0,0.0,,,,0,0,0,0.0,0.0,0.0,-0.0013018162979861081,1267200,"[{""bias"": null, ""count"": 0, ""high"": -2.0, ""low"": ""-Infinity"", ""mae"": null}, {""bias"": null, ""count"": 0, ""high"": -1.0, ""low"": -2.0, ""mae"": null}, {""bias"": null, ""count"": 0, ""high"": -0.25, ""low"": -1.0, ""mae"": null}, {""bias"": null, ""count"": 0, ""high"": 0.25, ""low"": -0.25, ""mae"": null}, {""bias"": null, ""count"": 0, ""high"": 1.0, ""low"": 0.25, ""mae"": null}, {""bias"": null, ""count"": 0, ""high"": 2.0, ""low"": 1.0, ""mae"": null}, {""bias"": null, ""count"": 0, ""high"": ""Infinity"", ""low"": 2.0, ""mae"": null}]",0.035509225862066104,0.0358943377269208,0.010920194791651051,0.03380638089576569
raw/e5/N3/d100/n4_M6/oracle_state/rep06.npz,e5,,N3,N3_multidirection_lse,multidirection_lse,100,4,6,oracle_state,oracle_state,1.0,6,4,float64,0.03602163056170156,0.004879985777916202,-5.5205663138647724e-05,0.0037156375647253437,0.02951131645120691,0.32030722236501974,0.037670131875957476,0.004905575160027436,1267200,1268400,14652000,1465200000,0,63.64454650017433,0.0,0.0,0.0,0.0,0.0,,,,0,0,0,0.0,0.0,0.0,-0.001904230381281718,1267200,"[{""bias"": null, ""count"": 0, ""high"": -2.0, ""low"": ""-Infinity"", ""mae"": null}, {""bias"": null, ""count"": 0, ""high"": -1.0, ""low"": -2.0, ""mae"": null}, {""bias"": null, ""count"": 0, ""high"": -0.25, ""low"": -1.0, ""mae"": null}, {""bias"": null, ""count"": 0, ""high"": 0.25, ""low"": -0.25, ""mae"": null}, {""bias"": null, ""count"": 0, ""high"": 1.0, ""low"": 0.25, ""mae"": null}, {""bias"": null, ""count"": 0, ""high"": 2.0, ""low"": 1.0, ""mae"": null}, {""bias"": null, ""count"": 0, ""high"": ""Infinity"", ""low"": 2.0, ""mae"": null}]",0.035509225862066104,0.0358943377269208,0.010920194791651051,0.03380638089576569
raw/e5/N3/d100/n4_M6/oracle_state/rep07.npz,e5,,N3,N3_multidirection_lse,multidirection_lse,100,4,6,oracle_state,oracle_state,1.0,7,4,float64,0.034352956606739746,0.004653924240967049,9.195488363501935e-06,0.003521335195732919,0.02814422772227184,0.3212889190483186,0.03724093570840331,0.004849683291497067,1267200,1268400,14652000,1465200000,0,62.601631300058216,0.0,0.0,0.0,0.0,0.0,,,,0,0,0,0.0,0.0,0.0,-0.0022346701232522853,1267200,"[{""bias"": null, ""count"": 0, ""high"": -2.0, ""low"": ""-Infinity"", ""mae"": null}, {""bias"": null, ""count"": 0, ""high"": -1.0, ""low"": -2.0, ""mae"": null}, {""bias"": null, ""count"": 0, ""high"": -0.25, ""low"": -1.0, ""mae"": null}, {""bias"": null, ""count"": 0, ""high"": 0.25, ""low"": -0.25, ""mae"": null}, {""bias"": null, ""count"": 0, ""high"": 1.0, ""low"": 0.25, ""mae"": null}, {""bias"": null, ""count"": 0, ""high"": 2.0, ""low"": 1.0, ""mae"": null}, {""bias"": null, ""count"": 0, ""high"": ""Infinity"", ""low"": 2.0, ""mae"": null}]",0.035509225862066104,0.0358943377269208,0.010920194791651051,0.03380638089576569
raw/e5/N3/d100/n4_M6/oracle_state/rep08.npz,e5,,N3,N3_multidirection_lse,multidirection_lse,100,4,6,oracle_state,oracle_state,1.0,8,4,float64,0.03597439934000593,0.004873587186665495,-7.078229093233664e-05,0.0036098425205408754,0.02947262149186992,0.3195620537046944,0.03488829328006046,0.004543311540665177,1267200,1268400,14652000,1465200000,0,62.69902559998445,0.0,0.0,0.0,0.0,0.0,,,,0,0,0,0.0,0.0,0.0,-0.002161757855966378,1267200,"[{""bias"": null, ""count"": 0, ""high"": -2.0, ""low"": ""-Infinity"", ""mae"": null}, {""bias"": null, ""count"": 0, ""high"": -1.0, ""low"": -2.0, ""mae"": null}, {""bias"": null, ""count"": 0, ""high"": -0.25, ""low"": -1.0, ""mae"": null}, {""bias"": null, ""count"": 0, ""high"": 0.25, ""low"": -0.25, ""mae"": null}, {""bias"": null, ""count"": 0, ""high"": 1.0, ""low"": 0.25, ""mae"": null}, {""bias"": null, ""count"": 0, ""high"": 2.0, ""low"": 1.0, ""mae"": null}, {""bias"": null, ""count"": 0, ""high"": ""Infinity"", ""low"": 2.0, ""mae"": null}]",0.035509225862066104,0.0358943377269208,0.010920194791651051,0.03380638089576569
raw/e5/N3/d100/n4_M6/oracle_state/rep09.npz,e5,,N3,N3_multidirection_lse,multidirection_lse,100,4,6,oracle_state,oracle_state,1.0,9,4,float64,0.03423210622238362,0.004637552184851948,5.052753778225933e-05,0.003489965700310255,0.028045219046640823,0.32008097442282474,0.038498843552210636,0.005013493747284808,1267200,1268400,14652000,1465200000,0,64.58170199999586,0.0,0.0,0.0,0.0,0.0,,,,0,0,0,0.0,0.0,0.0,0.000512158945805571,1267200,"[{""bias"": null, ""count"": 0, ""high"": -2.0, ""low"": ""-Infinity"", ""mae"": null}, {""bias"": null, ""count"": 0, ""high"": -1.0, ""low"": -2.0, ""mae"": null}, {""bias"": null, ""count"": 0, ""high"": -0.25, ""low"": -1.0, ""mae"": null}, {""bias"": null, ""count"": 0, ""high"": 0.25, ""low"": -0.25, ""mae"": null}, {""bias"": null, ""count"": 0, ""high"": 1.0, ""low"": 0.25, ""mae"": null}, {""bias"": null, ""count"": 0, ""high"": 2.0, ""low"": 1.0, ""mae"": null}, {""bias"": null, ""count"": 0, ""high"": ""Infinity"", ""low"": 2.0, ""mae"": null}]",0.035509225862066104,0.0358943377269208,0.010920194791651051,0.03380638089576569
raw/e5/N3/d100/n4_M6/raw/rep00.npz,e5,e0,N3,N3_multidirection_lse,multidirection_lse,100,4,6,raw,raw,1.0,0,4,float64,4221.013828664168,571.8366195829348,-301.72809418533456,301.7281078461677,3458.1353731130066,63947.8749033356,6585.870249649491,857.6418476640404,1267200,1268400,14652000,1465200000,0,51.2532155001536,0.9999992108585859,0.9558435921717172,0.0,18.022200123116882,0.0,,,,0,0,0,-9.810808156425724,9.810831737749146,93886.24498466226,-0.0219990931275298,1267200,"[{""bias"": null, ""count"": 0, ""high"": -2.0, ""low"": ""-Infinity"", ""mae"": null}, {""bias"": null, ""count"": 0, ""high"": -1.0, ""low"": -2.0, ""mae"": null}, {""bias"": null, ""count"": 0, ""high"": -0.25, ""low"": -1.0, ""mae"": null}, {""bias"": null, ""count"": 0, ""high"": 0.25, ""low"": -0.25, ""mae"": null}, {""bias"": null, ""count"": 0, ""high"": 1.0, ""low"": 0.25, ""mae"": null}, {""bias"": null, ""count"": 0, ""high"": 2.0, ""low"": 1.0, ""mae"": null}, {""bias"": null, ""count"": 0, ""high"": ""Infinity"", ""low"": 2.0, ""mae"": null}]",4615.241959083172,4553.996437718387,4061.4950108084718,2215.1483923398055
raw/e5/N3/d100/n4_M6/raw/rep01.npz,e5,e0,N3,N3_multidirection_lse,multidirection_lse,100,4,6,raw,raw,1.0,1,4,float64,4637.683386401555,628.2844117606422,-313.7241237891375,313.7241370594675,3799.498797872744,76287.20845657737,4442.089145642355,578.4689643042766,1267200,1268400,14652000,1465200000,0,52.018142900196835,0.9999992108585859,0.9559493371212121,0.0,17.293225775238138,0.0,,,,0,0,0,-9.443066635656333,9.443089615682451,114255.56604068332,0.0029247767984678847,1267200,"[{""bias"": null, ""count"": 0, ""high"": -2.0, ""low"": ""-Infinity"", ""mae"": null}, {""bias"": null, ""count"": 0, ""high"": -1.0, ""low"": -2.0, ""mae"": null}, {""bias"": null, ""count"": 0, ""high"": -0.25, ""low"": -1.0, ""mae"": null}, {""bias"": null, ""count"": 0, ""high"": 0.25, ""low"": -0.25, ""mae"": null}, {""bias"": null, ""count"": 0, ""high"": 1.0, ""low"": 0.25, ""mae"": null}, {""bias"": null, ""count"": 0, ""high"": 2.0, ""low"": 1.0, ""mae"": null}, {""bias"": null, ""count"": 0, ""high"": ""Infinity"", ""low"": 2.0, ""mae"": null}]",4615.241959083172,4553.996437718387,4061.4950108084718,2215.1483923398055
raw/e5/N3/d100/n4_M6/raw/rep02.npz,e5,e0,N3,N3_multidirection_lse,multidirection_lse,100,4,6,raw,raw,1.0,2,4,float64,4673.048732557897,633.0754882217262,-319.50503653729527,319.5050465152575,3828.472442473273,63606.93264453719,4285.109978704591,558.0264263140343,1267200,1268400,14652000,1465200000,0,52.332013400038704,1.0,0.9561292613636364,0.0,17.2945478721014,0.0,,,,0,0,0,-9.445455532502441,9.445478763766973,78322.57531315829,0.027197182771216164,1267200,"[{""bias"": null, ""count"": 0, ""high"": -2.0, ""low"": ""-Infinity"", ""mae"": null}, {""bias"": null, ""count"": 0, ""high"": -1.0, ""low"": -2.0, ""mae"": null}, {""bias"": null, ""count"": 0, ""high"": -0.25, ""low"": -1.0, ""mae"": null}, {""bias"": null, ""count"": 0, ""high"": 0.25, ""low"": -0.25, ""mae"": null}, {""bias"": null, ""count"": 0, ""high"": 1.0, ""low"": 0.25, ""mae"": null}, {""bias"": null, ""count"": 0, ""high"": 2.0, ""low"": 1.0, ""mae"": null}, {""bias"": null, ""count"": 0, ""high"": ""Infinity"", ""low"": 2.0, ""mae"": null}]",4615.241959083172,4553.996437718387,4061.4950108084718,2215.1483923398055
raw/e5/N3/d100/n4_M6/raw/rep03.npz,e5,,N3,N3_multidirection_lse,multidirection_lse,100,4,6,raw,raw,1.0,3,4,float64,5383.958337975769,729.3850863638975,-332.66713347503185,332.6671796406224,4410.896891520712,73687.61438223686,5282.623854481518,687.9272004049561,1267200,1268400,14652000,1465200000,0,62.20004960009828,0.9999984217171717,0.9562531565656566,0.0,18.076352641875584,0.0,,,,0,0,0,-9.83657530377664,9.836596845676246,108758.62650354438,-0.002843869686257276,1267200,"[{""bias"": null, ""count"": 0, ""high"": -2.0, ""low"": ""-Infinity"", ""mae"": null}, {""bias"": null, ""count"": 0, ""high"": -1.0, ""low"": -2.0, ""mae"": null}, {""bias"": null, ""count"": 0, ""high"": -0.25, ""low"": -1.0, ""mae"": null}, {""bias"": null, ""count"": 0, ""high"": 0.25, ""low"": -0.25, ""mae"": null}, {""bias"": null, ""count"": 0, ""high"": 1.0, ""low"": 0.25, ""mae"": null}, {""bias"": null, ""count"": 0, ""high"": 2.0, ""low"": 1.0, ""mae"": null}, {""bias"": null, ""count"": 0, ""high"": ""Infinity"", ""low"": 2.0, ""mae"": null}]",4615.241959083172,4553.996437718387,4061.4950108084718,2215.1483923398055
raw/e5/N3/d100/n4_M6/raw/rep04.npz,e5,,N3,N3_multidirection_lse,multidirection_lse,100,4,6,raw,raw,1.0,4,4,float64,4381.332766880606,593.5556291398939,-303.1666849130119,303.1667276763284,3589.4793141020928,66536.04406758401,4739.690565975506,617.2239689318807,1267200,1268400,14652000,1465200000,0,62.726939799962565,1.0,0.9563415404040404,0.0,16.828931875954254,0.0,,,,0,0,0,-9.208145412188648,9.20816715086146,89165.95630048374,0.030914947306066476,1267200,"[{""bias"": null, ""count"": 0, ""high"": -2.0, ""low"": ""-Infinity"", ""mae"": null}, {""bias"": null, ""count"": 0, ""high"": -1.0, ""low"": -2.0, ""mae"": null}, {""bias"": null, ""count"": 0, ""high"": -0.25, ""low"": -1.0, ""mae"": null}, {""bias"": null, ""count"": 0, ""high"": 0.25, ""low"": -0.25, ""mae"": null}, {""bias"": null, ""count"": 0, ""high"": 1.0, ""low"": 0.25, ""mae"": null}, {""bias"": null, ""count"": 0, ""high"": 2.0, ""low"": 1.0, ""mae"": null}, {""bias"": null, ""count"": 0, ""high"": ""Infinity"", ""low"": 2.0, ""mae"": null}]",4615.241959083172,4553.996437718387,4061.4950108084718,2215.1483923398055
raw/e5/N3/d100/n4_M6/raw/rep05.npz,e5,,N3,N3_multidirection_lse,multidirection_lse,100,4,6,raw,raw,1.0,5,4,float64,4707.24648179807,637.7083859369735,-322.93612391178146,322.936183385989,3856.4895139941486,67424.45943135991,3555.309535389763,462.9885077240231,1267200,1268400,14652000,1465200000,0,57.50667590019293,1.0,0.9561261047979798,0.0,17.136434347392164,0.0,,,,0,0,0,-9.364948207525721,9.364970917077313,84454.01511779493,-0.046818003221570044,1267200,"[{""bias"": null, ""count"": 0, ""high"": -2.0, ""low"": ""-Infinity"", ""mae"": null}, {""bias"": null, ""count"": 0, ""high"": -1.0, ""low"": -2.0, ""mae"": null}, {""bias"": null, ""count"": 0, ""high"": -0.25, ""low"": -1.0, ""mae"": null}, {""bias"": null, ""count"": 0, ""high"": 0.25, ""low"": -0.25, ""mae"": null}, {""bias"": null, ""count"": 0, ""high"": 1.0, ""low"": 0.25, ""mae"": null}, {""bias"": null, ""count"": 0, ""high"": 2.0, ""low"": 1.0, ""mae"": null}, {""bias"": null, ""count"": 0, ""high"": ""Infinity"", ""low"": 2.0, ""mae"": null}]",4615.241959083172,4553.996437718387,4061.4950108084718,2215.1483923398055
raw/e5/N3/d100/n4_M6/raw/rep06.npz,e5,,N3,N3_multidirection_lse,multidirection_lse,100,4,6,raw,raw,1.0,6,4,float64,4333.295136776902,587.0477907090562,-305.52117672109637,305.5212151152668,3550.1236913429248,60027.33373736782,4562.400861590507,594.136500780097,1267200,1268400,14652000,1465200000,0,56.97848080005497,0.9999992108585859,0.9555926452020203,0.0,16.392192887616233,0.0,,,,0,0,0,-8.990068720557696,8.990092420810003,71989.87927585289,0.00924385585723879,1267200,"[{""bias"": null, ""count"": 0, ""high"": -2.0, ""low"": ""-Infinity"", ""mae"": null}, {""bias"": null, ""count"": 0, ""high"": -1.0, ""low"": -2.0, ""mae"": null}, {""bias"": null, ""count"": 0, ""high"": -0.25, ""low"": -1.0, ""mae"": null}, {""bias"": null, ""count"": 0, ""high"": 0.25, ""low"": -0.25, ""mae"": null}, {""bias"": null, ""count"": 0, ""high"": 1.0, ""low"": 0.25, ""mae"": null}, {""bias"": null, ""count"": 0, ""high"": 2.0, ""low"": 1.0, ""mae"": null}, {""bias"": null, ""count"": 0, ""high"": ""Infinity"", ""low"": 2.0, ""mae"": null}]",4615.241959083172,4553.996437718387,4061.4950108084718,2215.1483923398055
raw/e5/N3/d100/n4_M6/raw/rep07.npz,e5,,N3,N3_multidirection_lse,multidirection_lse,100,4,6,raw,raw,1.0,7,4,float64,4470.309489035219,605.6096403523057,-315.09957136409633,315.099652113354,3662.374964947162,62492.892548623124,4677.478135688829,609.1223845343478,1267200,1268400,14652000,1465200000,0,43.045160999987274,0.9999984217171717,0.9563375946969697,0.0,17.040750784255838,0.0,,,,0,0,0,-9.317165045343778,9.317187749179455,77746.97015393108,-0.02622594579241511,1267200,"[{""bias"": null, ""count"": 0, ""high"": -2.0, ""low"": ""-Infinity"", ""mae"": null}, {""bias"": null, ""count"": 0, ""high"": -1.0, ""low"": -2.0, ""mae"": null}, {""bias"": null, ""count"": 0, ""high"": -0.25, ""low"": -1.0, ""mae"": null}, {""bias"": null, ""count"": 0, ""high"": 0.25, ""low"": -0.25, ""mae"": null}, {""bias"": null, ""count"": 0, ""high"": 1.0, ""low"": 0.25, ""mae"": null}, {""bias"": null, ""count"": 0, ""high"": 2.0, ""low"": 1.0, ""mae"": null}, {""bias"": null, ""count"": 0, ""high"": ""Infinity"", ""low"": 2.0, ""mae"": null}]",4615.241959083172,4553.996437718387,4061.4950108084718,2215.1483923398055
raw/e5/N3/d100/n4_M6/raw/rep08.npz,e5,,N3,N3_multidirection_lse,multidirection_lse,100,4,6,raw,raw,1.0,8,4,float64,4897.31093094472,663.4571317394266,-331.47282560898674,331.4728610718922,4012.2029566514257,69180.60881321788,3718.517303109732,484.24216231400345,1267200,1268400,14652000,1465200000,0,43.09974290011451,0.9999992108585859,0.9561505681818182,0.0,17.06347169925413,0.0,,,,0,0,0,-9.327124526442438,9.327147556388006,90728.9196313896,0.003187461218187204,1267200,"[{""bias"": null, ""count"": 0, ""high"": -2.0, ""low"": ""-Infinity"", ""mae"": null}, {""bias"": null, ""count"": 0, ""high"": -1.0, ""low"": -2.0, ""mae"": null}, {""bias"": null, ""count"": 0, ""high"": -0.25, ""low"": -1.0, ""mae"": null}, {""bias"": null, ""count"": 0, ""high"": 0.25, ""low"": -0.25, ""mae"": null}, {""bias"": null, ""count"": 0, ""high"": 1.0, ""low"": 0.25, ""mae"": null}, {""bias"": null, ""count"": 0, ""high"": 2.0, ""low"": 1.0, ""mae"": null}, {""bias"": null, ""count"": 0, ""high"": ""Infinity"", ""low"": 2.0, ""mae"": null}]",4615.241959083172,4553.996437718387,4061.4950108084718,2215.1483923398055
raw/e5/N3/d100/n4_M6/raw/rep09.npz,e5,,N3,N3_multidirection_lse,multidirection_lse,100,4,6,raw,raw,1.0,9,4,float64,4447.220499796827,602.4816881371275,-302.0268078060037,302.0269573888066,3643.4589287398203,67603.35363730253,4753.47005091187,619.0183958599409,1267200,1268400,14652000,1465200000,0,65.41468590009026,1.0,0.9559438131313132,0.0,17.571820315888985,0.0,,,,0,0,0,-9.582380876432204,9.582405172454848,103465.22074533642,-0.011575799632670797,1267200,"[{""bias"": null, ""count"": 0, ""high"": -2.0, ""low"": ""-Infinity"", ""mae"": null}, {""bias"": null, ""count"": 0, ""high"": -1.0, ""low"": -2.0, ""mae"": null}, {""bias"": null, ""count"": 0, ""high"": -0.25, ""low"": -1.0, ""mae"": null}, {""bias"": null, ""count"": 0, ""high"": 0.25, ""low"": -0.25, ""mae"": null}, {""bias"": null, ""count"": 0, ""high"": 1.0, ""low"": 0.25, ""mae"": null}, {""bias"": null, ""count"": 0, ""high"": 2.0, ""low"": 1.0, ""mae"": null}, {""bias"": null, ""count"": 0, ""high"": ""Infinity"", ""low"": 2.0, ""mae"": null}]",4615.241959083172,4553.996437718387,4061.4950108084718,2215.1483923398055
raw/e5/N4/d20/n3_M6/box/rep00.npz,e5,,N4,N4_published_vb,published_vb,20,3,6,box,box,1.0,0,16,float64,1.1434505327033144,0.2870764711851255,-0.21837521353848127,0.2261546264817454,0.4783094292266151,1.4929936758023599,1.0852834891794707,0.27188467521858656,100800,102000,1173600,23472000,0,0.9061235999688506,0.9995436507936508,0.3846031746031746,0.9995436507936508,1.560253235681232,1.560253235681232,,,,0,0,0,-1.4356330963869621,1.554877555384562,5.515079303183831,0.34759826664664695,100800,"[{""bias"": null, ""count"": 0, ""high"": -2.0, ""low"": ""-Infinity"", ""mae"": null}, {""bias"": null, ""count"": 0, ""high"": -1.0, ""low"": -2.0, ""mae"": null}, {""bias"": null, ""count"": 0, ""high"": -0.25, ""low"": -1.0, ""mae"": null}, {""bias"": null, ""count"": 0, ""high"": 0.25, ""low"": -0.25, ""mae"": null}, {""bias"": null, ""count"": 0, ""high"": 1.0, ""low"": 0.25, ""mae"": null}, {""bias"": null, ""count"": 0, ""high"": 2.0, ""low"": 1.0, ""mae"": null}, {""bias"": null, ""count"": 0, ""high"": ""Infinity"", ""low"": 2.0, ""mae"": null}]",1.1499247416943903,1.15094738519559,1.1030501557281798,0.32514364365942017
raw/e5/N4/d20/n3_M6/box/rep01.npz,e5,,N4,N4_published_vb,published_vb,20,3,6,box,box,1.0,1,16,float64,1.1398843488491963,0.28618113951387497,-0.22011933839734946,0.22620321538267993,0.47681768182259965,1.457267263630253,1.0957191384170228,0.27449900882997513,100800,102000,1173600,23472000,0,0.8797549000009894,0.9995535714285714,0.38671626984126983,0.9995535714285714,1.5747612815336354,1.5747612815336354,,,,0,0,0,-1.445201672533112,1.5639177741826786,5.548347339725892,0.33715228915208,100800,"[{""bias"": null, ""count"": 0, ""high"": -2.0, ""low"": ""-Infinity"", ""mae"": null}, {""bias"": null, ""count"": 0, ""high"": -1.0, ""low"": -2.0, ""mae"": null}, {""bias"": null, ""count"": 0, ""high"": -0.25, ""low"": -1.0, ""mae"": null}, {""bias"": null, ""count"": 0, ""high"": 0.25, ""low"": -0.25, ""mae"": null}, {""bias"": null, ""count"": 0, ""high"": 1.0, ""low"": 0.25, ""mae"": null}, {""bias"": null, ""count"": 0, ""high"": 2.0, ""low"": 1.0, ""mae"": null}, {""bias"": null, ""count"": 0, ""high"": ""Infinity"", ""low"": 2.0, ""mae"": null}]",1.1499247416943903,1.15094738519559,1.1030501557281798,0.32514364365942017
raw/e5/N4/d20/n3_M6/box/rep02.npz,e5,,N4,N4_published_vb,published_vb,20,3,6,box,box,1.0,2,16,float64,1.1591894431234722,0.29102790654196226,-0.21958552423315292,0.22872945994640548,0.4848930714957012,1.5208128456543806,1.1128881761584282,0.27880018755118363,100800,102000,1173600,23472000,0,0.8877610999625176,0.9996825396825397,0.38627976190476193,0.9996825396825397,1.5698522259650896,1.5698522259650896,,,,0,0,0,-1.4454608971988565,1.5671634545554403,5.581115799361925,0.3446936948151718,100800,"[{""bias"": null, ""count"": 0, ""high"": -2.0, ""low"": ""-Infinity"", ""mae"": null}, {""bias"": null, ""count"": 0, ""high"": -1.0, ""low"": -2.0, ""mae"": null}, {""bias"": null, ""count"": 0, ""high"": -0.25, ""low"": -1.0, ""mae"": null}, {""bias"": null, ""count"": 0, ""high"": 0.25, ""low"": -0.25, ""mae"": null}, {""bias"": null, ""count"": 0, ""high"": 1.0, ""low"": 0.25, ""mae"": null}, {""bias"": null, ""count"": 0, ""high"": 2.0, ""low"": 1.0, ""mae"": null}, {""bias"": null, ""count"": 0, ""high"": ""Infinity"", ""low"": 2.0, ""mae"": null}]",1.1499247416943903,1.15094738519559,1.1030501557281798,0.32514364365942017
raw/e5/N4/d20/n3_M6/box/rep03.npz,e5,,N4,N4_published_vb,published_vb,20,3,6,box,box,1.0,3,16,float64,1.159038520222078,0.29099001560333915,-0.2201136135629948,0.2277261066453659,0.4848299399086683,1.4813243324720873,1.119472762451667,0.28044975480585504,100800,102000,1173600,23472000,0,0.9025588999502361,0.9994246031746031,0.38487103174603177,0.9994246031746031,1.5581562201188064,1.5581562201188062,,,,0,0,0,-1.4405792240763375,1.5607031425339686,5.539915510680473,0.34883803993704504,100800,"[{""bias"": null, ""count"": 0, ""high"": -2.0, ""low"": ""-Infinity"", ""mae"": null}, {""bias"": null, ""count"": 0, ""high"": -1.0, ""low"": -2.0, ""mae"": null}, {""bias"": null, ""count"": 0, ""high"": -0.25, ""low"": -1.0, ""mae"": null}, {""bias"": null, ""count"": 0, ""high"": 0.25, ""low"": -0.25, ""mae"": null}, {""bias"": null, ""count"": 0, ""high"": 1.0, ""low"": 0.25, ""mae"": null}, {""bias"": null, ""count"": 0, ""high"": 2.0, ""low"": 1.0, ""mae"": null}, {""bias"": null, ""count"": 0, ""high"": ""Infinity"", ""low"": 2.0, ""mae"": null}]",1.1499247416943903,1.15094738519559,1.1030501557281798,0.32514364365942017
raw/e5/N4/d20/n3_M6/box/rep04.npz,e5,,N4,N4_published_vb,published_vb,20,3,6,box,box,1.0,4,16,float64,1.1401616467027529,0.286250758344764,-0.21733042356597235,0.224560089853266,0.4769336765020955,1.468149453472607,1.144067409898038,0.2866111935448963,100800,102000,1173600,23472000,0,0.8327399999834597,0.9996130952380953,0.3867063492063492,0.9996130952380953,1.5701470794063248,1.5701470794063248,,,,0,0,0,-1.4538014344273473,1.5729972925019966,5.5917821742837175,0.340981209255795,100800,"[{""bias"": null, ""count"": 0, ""high"": -2.0, ""low"": ""-Infinity"", ""mae"": null}, {""bias"": null, ""count"": 0, ""high"": -1.0, ""low"": -2.0, ""mae"": null}, {""bias"": null, ""count"": 0, ""high"": -0.25, ""low"": -1.0, ""mae"": null}, {""bias"": null, ""count"": 0, ""high"": 0.25, ""low"": -0.25, ""mae"": null}, {""bias"": null, ""count"": 0, ""high"": 1.0, ""low"": 0.25, ""mae"": null}, {""bias"": null, ""count"": 0, ""high"": 2.0, ""low"": 1.0, ""mae"": null}, {""bias"": null, ""count"": 0, ""high"": ""Infinity"", ""low"": 2.0, ""mae"": null}]",1.1499247416943903,1.15094738519559,1.1030501557281798,0.32514364365942017
raw/e5/N4/d20/n3_M6/box/rep05.npz,e5,,N4,N4_published_vb,published_vb,20,3,6,box,box,1.0,5,16,float64,1.151761330774243,0.2891629930893952,-0.21997024070393387,0.22694646676289273,0.4817858656513072,1.4799297909905178,1.1116563853215562,0.2784915999287244,100800,102000,1173600,23472000,0,0.8042762998957187,0.9995337301587301,0.3857440476190476,0.9995337301587301,1.5786539315029386,1.5786539315029386,,,,0,0,0,-1.4411325262135355,1.5650968665881775,5.553287681124118,0.34281939890997865,100800,"[{""bias"": null, ""count"": 0, ""high"": -2.0, ""low"": ""-Infinity"", ""mae"": null}, {""bias"": null, ""count"": 0, ""high"": -1.0, ""low"": -2.0, ""mae"": null}, {""bias"": null, ""count"": 0, ""high"": -0.25, ""low"": -1.0, ""mae"": null}, {""bias"": null, ""count"": 0, ""high"": 0.25, ""low"": -0.25, ""mae"": null}, {""bias"": null, ""count"": 0, ""high"": 1.0, ""low"": 0.25, ""mae"": null}, {""bias"": null, ""count"": 0, ""high"": 2.0, ""low"": 1.0, ""mae"": null}, {""bias"": null, ""count"": 0, ""high"": ""Infinity"", ""low"": 2.0, ""mae"": null}]",1.1499247416943903,1.15094738519559,1.1030501557281798,0.32514364365942017
raw/e5/N4/d20/n3_M6/box/rep06.npz,e5,,N4,N4_published_vb,published_vb,20,3,6,box,box,1.0,6,16,float64,1.130447822910362,0.28381199061823986,-0.21395322901157812,0.2219161902407486,0.47287034942246936,1.4940787536241782,1.122124796052667,0.2811141409330427,100800,102000,1173600,23472000,0,0.8528954999055713,0.9995734126984127,0.38456349206349205,0.9995734126984127,1.5736758355449332,1.5736758355449332,,,,0,0,0,-1.428698961271869,1.55639648847388,5.505964377326533,0.33819054358328293,100800,"[{""bias"": null, ""count"": 0, ""high"": -2.0, ""low"": ""-Infinity"", ""mae"": null}, {""bias"": null, ""count"": 0, ""high"": -1.0, ""low"": -2.0, ""mae"": null}, {""bias"": null, ""count"": 0, ""high"": -0.25, ""low"": -1.0, ""mae"": null}, {""bias"": null, ""count"": 0, ""high"": 0.25, ""low"": -0.25, ""mae"": null}, {""bias"": null, ""count"": 0, ""high"": 1.0, ""low"": 0.25, ""mae"": null}, {""bias"": null, ""count"": 0, ""high"": 2.0, ""low"": 1.0, ""mae"": null}, {""bias"": null, ""count"": 0, ""high"": ""Infinity"", ""low"": 2.0, ""mae"": null}]",1.1499247416943903,1.15094738519559,1.1030501557281798,0.32514364365942017
raw/e5/N4/d20/n3_M6/box/rep07.npz,e5,,N4,N4_published_vb,published_vb,20,3,6,box,box,1.0,7,16,float64,1.1501334396169371,0.28875429220068427,-0.21920415182235217,0.22604394337033462,0.4811049129838988,1.4825897413557552,1.1488519667661765,0.28780981833107283,100800,102000,1173600,23472000,0,0.880856400122866,0.9995734126984127,0.3853670634920635,0.9995734126984127,1.5703521699144345,1.5703521699144345,,,,0,0,0,-1.4403910512021179,1.558221320194648,5.5249587131149145,0.34034163808912576,100800,"[{""bias"": null, ""count"": 0, ""high"": -2.0, ""low"": ""-Infinity"", ""mae"": null}, {""bias"": null, ""count"": 0, ""high"": -1.0, ""low"": -2.0, ""mae"": null}, {""bias"": null, ""count"": 0, ""high"": -0.25, ""low"": -1.0, ""mae"": null}, {""bias"": null, ""count"": 0, ""high"": 0.25, ""low"": -0.25, ""mae"": null}, {""bias"": null, ""count"": 0, ""high"": 1.0, ""low"": 0.25, ""mae"": null}, {""bias"": null, ""count"": 0, ""high"": 2.0, ""low"": 1.0, ""mae"": null}, {""bias"": null, ""count"": 0, ""high"": ""Infinity"", ""low"": 2.0, ""mae"": null}]",1.1499247416943903,1.15094738519559,1.1030501557281798,0.32514364365942017
raw/e5/N4/d20/n3_M6/box/rep08.npz,e5,,N4,N4_published_vb,published_vb,20,3,6,box,box,1.0,8,16,float64,1.1631832762325498,0.2920306045010473,-0.22043484917602335,0.22841952771890597,0.4865637061057642,1.4144757999879172,1.1525475318384366,0.2887356294388971,100800,102000,1173600,23472000,0,0.8455717000178993,0.9995138888888889,0.37913690476190476,0.9995138888888889,1.5559094906513076,1.5559094906513076,,,,0,0,0,-1.4263816391817639,1.5371811080790354,5.43239702071825,0.3411343671217025,100800,"[{""bias"": null, ""count"": 0, ""high"": -2.0, ""low"": ""-Infinity"", ""mae"": null}, {""bias"": null, ""count"": 0, ""high"": -1.0, ""low"": -2.0, ""mae"": null}, {""bias"": null, ""count"": 0, ""high"": -0.25, ""low"": -1.0, ""mae"": null}, {""bias"": null, ""count"": 0, ""high"": 0.25, ""low"": -0.25, ""mae"": null}, {""bias"": null, ""count"": 0, ""high"": 1.0, ""low"": 0.25, ""mae"": null}, {""bias"": null, ""count"": 0, ""high"": 2.0, ""low"": 1.0, ""mae"": null}, {""bias"": null, ""count"": 0, ""high"": ""Infinity"", ""low"": 2.0, ""mae"": null}]",1.1499247416943903,1.15094738519559,1.1030501557281798,0.32514364365942017
raw/e5/N4/d20/n3_M6/box/rep09.npz,e5,,N4,N4_published_vb,published_vb,20,3,6,box,box,1.0,9,16,float64,1.1619970558089965,0.29173279015446923,-0.21987799977473577,0.22683707079452328,0.4860675058789077,1.4738183912261462,1.1112674019483073,0.27839415200921247,100800,102000,1173600,23472000,0,0.8688024000730366,0.9995039682539683,0.3814781746031746,0.9995039682539683,1.5594919036608177,1.5594919036608177,,,,0,0,0,-1.4292510678020705,1.550702148715793,5.480584406536335,0.3461412645530887,100800,"[{""bias"": null, ""count"": 0, ""high"": -2.0, ""low"": ""-Infinity"", ""mae"": null}, {""bias"": null, ""count"": 0, ""high"": -1.0, ""low"": -2.0, ""mae"": null}, {""bias"": null, ""count"": 0, ""high"": -0.25, ""low"": -1.0, ""mae"": null}, {""bias"": null, ""count"": 0, ""high"": 0.25, ""low"": -0.25, ""mae"": null}, {""bias"": null, ""count"": 0, ""high"": 1.0, ""low"": 0.25, ""mae"": null}, {""bias"": null, ""count"": 0, ""high"": 2.0, ""low"": 1.0, ""mae"": null}, {""bias"": null, ""count"": 0, ""high"": ""Infinity"", ""low"": 2.0, ""mae"": null}]",1.1499247416943903,1.15094738519559,1.1030501557281798,0.32514364365942017
raw/e5/N4/d20/n3_M6/centre/rep00.npz,e5,,N4,N4_published_vb,published_vb,20,3,6,centre,centre,0.0,0,16,float64,1.066815569152329,0.26783637790920073,-0.20890063400027606,0.21441715445151655,0.44625275110498697,1.3239360774217523,1.0427796487500633,0.261236634438542,100800,102000,1173600,23472000,0,0.7926390001084656,0.9996428571428572,0.3854861111111111,1.0,1.5757490202134024,2.9989103449111045,,,,0,0,0,-1.3800002763339274,1.5723973187797333,5.527708233259231,0.3486496905562687,100800,"[{""bias"": null, ""count"": 0, ""high"": -2.0, ""low"": ""-Infinity"", ""mae"": null}, {""bias"": null, ""count"": 0, ""high"": -1.0, ""low"": -2.0, ""mae"": null}, {""bias"": null, ""count"": 0, ""high"": -0.25, ""low"": -1.0, ""mae"": null}, {""bias"": null, ""count"": 0, ""high"": 0.25, ""low"": -0.25, ""mae"": null}, {""bias"": null, ""count"": 0, ""high"": 1.0, ""low"": 0.25, ""mae"": null}, {""bias"": null, ""count"": 0, ""high"": 2.0, ""low"": 1.0, ""mae"": null}, {""bias"": null, ""count"": 0, ""high"": ""Infinity"", ""low"": 2.0, ""mae"": null}]",1.0718471287996103,1.0729366389667863,1.0381414330562477,0.26680336526949944
raw/e5/N4/d20/n3_M6/centre/rep01.npz,e5,,N4,N4_published_vb,published_vb,20,3,6,centre,centre,0.0,1,16,float64,1.0635680762828534,0.26702105729278214,-0.20812481773783,0.2137043759340002,0.4448943132745861,1.3403674695154655,1.0164332826691789,0.2546363560260261,100800,102000,1173600,23472000,0,0.8642750999424607,0.9996527777777777,0.3875396825396825,1.0,1.5889954385216718,3.01964593021134,,,,0,0,0,-1.3896473570096892,1.582647446354733,5.566914898722307,0.337931668688082,100800,"[{""bias"": null, ""count"": 0, ""high"": -2.0, ""low"": ""-Infinity"", ""mae"": null}, {""bias"": null, ""count"": 0, ""high"": -1.0, ""low"": -2.0, ""mae"": null}, {""bias"": null, ""count"": 0, ""high"": -0.25, ""low"": -1.0, ""mae"": null}, {""bias"": null, ""count"": 0, ""high"": 0.25, ""low"": -0.25, ""mae"": null}, {""bias"": null, ""count"": 0, ""high"": 1.0, ""low"": 0.25, ""mae"": null}, {""bias"": null, ""count"": 0, ""high"": 2.0, ""low"": 1.0, ""mae"": null}, {""bias"": null, ""count"": 0, ""high"": ""Infinity"", ""low"": 2.0, ""mae"": null}]",1.0718471287996103,1.0729366389667863,1.0381414330562477,0.26680336526949944
raw/e5/N4/d20/n3_M6/centre/rep02.npz,e5,,N4,N4_published_vb,published_vb,20,3,6,centre,centre,0.0,2,16,float64,1.077277803883585,0.27046304285137257,-0.2091534513512986,0.2157496098905861,0.4506291411451503,1.3272374013587969,1.0454108817317842,0.2618958096050236,100800,102000,1173600,23472000,0,0.8239035999868065,0.999811507936508,0.38686507936507936,1.0,1.5856052099284994,3.013872092017603,,,,0,0,0,-1.3877424379214576,1.585776670871345,5.5998934228130155,0.34569183762769784,100800,"[{""bias"": null, ""count"": 0, ""high"": -2.0, ""low"": ""-Infinity"", ""mae"": null}, {""bias"": null, ""count"": 0, ""high"": -1.0, ""low"": -2.0, ""mae"": null}, {""bias"": null, ""count"": 0, ""high"": -0.25, ""low"": -1.0, ""mae"": null}, {""bias"": null, ""count"": 0, ""high"": 0.25, ""low"": -0.25, ""mae"": null}, {""bias"": null, ""count"": 0, ""high"": 1.0, ""low"": 0.25, ""mae"": null}, {""bias"": null, ""count"": 0, ""high"": 2.0, ""low"": 1.0, ""mae"": null}, {""bias"": null, ""count"": 0, ""high"": ""Infinity"", ""low"": 2.0, ""mae"": null}]",1.0718471287996103,1.0729366389667863,1.0381414330562477,0.26680336526949944
raw/e5/N4/d20/n3_M6/centre/rep03.npz,e5,,N4,N4_published_vb,published_vb,20,3,6,centre,centre,0.0,3,16,float64,1.0855680013738522,0.27254439274178466,-0.2095912528302236,0.21669413840573562,0.4540969602736007,1.3373079917186486,1.0276080348259882,0.25743584932993635,100800,102000,1173600,23472000,0,0.8524109001737088,0.9996726190476191,0.38589285714285715,1.0,1.5731450090659882,2.9981902228501895,,,,0,0,0,-1.3810241408916937,1.5775960097441648,5.550086756405359,0.3494858387217149,100800,"[{""bias"": null, ""count"": 0, ""high"": -2.0, ""low"": ""-Infinity"", ""mae"": null}, {""bias"": null, ""count"": 0, ""high"": -1.0, ""low"": -2.0, ""mae"": null}, {""bias"": null, ""count"": 0, ""high"": -0.25, ""low"": -1.0, ""mae"": null}, {""bias"": null, ""count"": 0, ""high"": 0.25, ""low"": -0.25, ""mae"": null}, {""bias"": null, ""count"": 0, ""high"": 1.0, ""low"": 0.25, ""mae"": null}, {""bias"": null, ""count"": 0, ""high"": 2.0, ""low"": 1.0, ""mae"": null}, {""bias"": null, ""count"": 0, ""high"": ""Infinity"", ""low"": 2.0, ""mae"": null}]",1.0718471287996103,1.0729366389667863,1.0381414330562477,0.26680336526949944
raw/e5/N4/d20/n3_M6/centre/rep04.npz,e5,,N4,N4_published_vb,published_vb,20,3,6,centre,centre,0.0,4,16,float64,1.0665959143493933,0.2677812310323555,-0.2085356581452405,0.21478496137784794,0.44616086871881105,1.3273823195732601,1.0643062061534958,0.26662945679929817,100800,102000,1173600,23472000,0,0.8221763998735696,0.999702380952381,0.3877579365079365,1.0,1.584396736187122,3.013441416991089,,,,0,0,0,-1.396179457280312,1.5912872098821618,5.6052844092702045,0.34228115184286767,100800,"[{""bias"": null, ""count"": 0, ""high"": -2.0, ""low"": ""-Infinity"", ""mae"": null}, {""bias"": null, ""count"": 0, ""high"": -1.0, ""low"": -2.0, ""mae"": null}, {""bias"": null, ""count"": 0, ""high"": -0.25, ""low"": -1.0, ""mae"": null}, {""bias"": null, ""count"": 0, ""high"": 0.25, ""low"": -0.25, ""mae"": null}, {""bias"": null, ""count"": 0, ""high"": 1.0, ""low"": 0.25, ""mae"": null}, {""bias"": null, ""count"": 0, ""high"": 2.0, ""low"": 1.0, ""mae"": null}, {""bias"": null, ""count"": 0, ""high"": ""Infinity"", ""low"": 2.0, ""mae"": null}]",1.0718471287996103,1.0729366389667863,1.0381414330562477,0.26680336526949944
raw/e5/N4/d20/n3_M6/centre/rep05.npz,e5,,N4,N4_published_vb,published_vb,20,3,6,centre,centre,0.0,5,16,float64,1.077014925113743,0.2703970440980926,-0.20915407346014508,0.21507155534049222,0.4505191780197129,1.335514120763586,1.035817757196849,0.25949254485943696,100800,102000,1173600,23472000,0,0.9593144000973552,0.9997619047619047,0.3864186507936508,1.0,1.5943361283526059,3.026200409228636,,,,0,0,0,-1.3866495871110591,1.5838599632647288,5.572098893543593,0.3437879636152985,100800,"[{""bias"": null, ""count"": 0, ""high"": -2.0, ""low"": ""-Infinity"", ""mae"": null}, {""bias"": null, ""count"": 0, ""high"": -1.0, ""low"": -2.0, ""mae"": null}, {""bias"": null, ""count"": 0, ""high"": -0.25, ""low"": -1.0, ""mae"": null}, {""bias"": null, ""count"": 0, ""high"": 0.25, ""low"": -0.25, ""mae"": null}, {""bias"": null, ""count"": 0, ""high"": 1.0, ""low"": 0.25, ""mae"": null}, {""bias"": null, ""count"": 0, ""high"": 2.0, ""low"": 1.0, ""mae"": null}, {""bias"": null, ""count"": 0, ""high"": ""Infinity"", ""low"": 2.0, ""mae"": null}]",1.0718471287996103,1.0729366389667863,1.0381414330562477,0.26680336526949944
raw/e5/N4/d20/n3_M6/centre/rep06.npz,e5,,N4,N4_published_vb,published_vb,20,3,6,centre,centre,0.0,6,16,float64,1.056759069205653,0.2653115773738074,-0.20418147489239918,0.21097273463741267,0.4420460813698826,1.3519340115324967,1.039511149062551,0.26041781153664456,100800,102000,1173600,23472000,0,0.8464967999607325,0.9996924603174603,0.38535714285714284,1.0,1.5896491645181379,3.018029661344323,,,,0,0,0,-1.3725596858855216,1.5752370013038561,5.529388328726881,0.3394499745765033,100800,"[{""bias"": null, ""count"": 0, ""high"": -2.0, ""low"": ""-Infinity"", ""mae"": null}, {""bias"": null, ""count"": 0, ""high"": -1.0, ""low"": -2.0, ""mae"": null}, {""bias"": null, ""count"": 0, ""high"": -0.25, ""low"": -1.0, ""mae"": null}, {""bias"": null, ""count"": 0, ""high"": 0.25, ""low"": -0.25, ""mae"": null}, {""bias"": null, ""count"": 0, ""high"": 1.0, ""low"": 0.25, ""mae"": null}, {""bias"": null, ""count"": 0, ""high"": 2.0, ""low"": 1.0, ""mae"": null}, {""bias"": null, ""count"": 0, ""high"": ""Infinity"", ""low"": 2.0, ""mae"": null}]",1.0718471287996103,1.0729366389667863,1.0381414330562477,0.26680336526949944
raw/e5/N4/d20/n3_M6/centre/rep07.npz,e5,,N4,N4_published_vb,published_vb,20,3,6,centre,centre,0.0,7,16,float64,1.0748033457874389,0.2698418015488234,-0.20822601975850183,0.2149402010094324,0.44959406651291867,1.3317765696917263,1.0545829197414223,0.2641935839655535,100800,102000,1173600,23472000,0,0.9573985000606626,0.9996924603174603,0.38604166666666667,1.0,1.5848777810125358,3.0112606238148762,,,,0,0,0,-1.3825716476868128,1.5771587282945523,5.545166263580482,0.3410768354364444,100800,"[{""bias"": null, ""count"": 0, ""high"": -2.0, ""low"": ""-Infinity"", ""mae"": null}, {""bias"": null, ""count"": 0, ""high"": -1.0, ""low"": -2.0, ""mae"": null}, {""bias"": null, ""count"": 0, ""high"": -0.25, ""low"": -1.0, ""mae"": null}, {""bias"": null, ""count"": 0, ""high"": 0.25, ""low"": -0.25, ""mae"": null}, {""bias"": null, ""count"": 0, ""high"": 1.0, ""low"": 0.25, ""mae"": null}, {""bias"": null, ""count"": 0, ""high"": 2.0, ""low"": 1.0, ""mae"": null}, {""bias"": null, ""count"": 0, ""high"": ""Infinity"", ""low"": 2.0, ""mae"": null}]",1.0718471287996103,1.0729366389667863,1.0381414330562477,0.26680336526949944
raw/e5/N4/d20/n3_M6/centre/rep08.npz,e5,,N4,N4_published_vb,published_vb,20,3,6,centre,centre,0.0,8,16,float64,1.0710699321461337,0.2689044849068114,-0.20916375030599438,0.2147637343509503,0.44803236629348026,1.2892878891228945,1.0843309984285898,0.27164605771354394,100800,102000,1173600,23472000,0,0.9377245998475701,0.9997123015873016,0.3800099206349206,1.0,1.569731370466433,2.987337513484109,,,,0,0,0,-1.3716850353377503,1.5518704704315736,5.433440401636903,0.34223228597076244,100800,"[{""bias"": null, ""count"": 0, ""high"": -2.0, ""low"": ""-Infinity"", ""mae"": null}, {""bias"": null, ""count"": 0, ""high"": -1.0, ""low"": -2.0, ""mae"": null}, {""bias"": null, ""count"": 0, ""high"": -0.25, ""low"": -1.0, ""mae"": null}, {""bias"": null, ""count"": 0, ""high"": 0.25, ""low"": -0.25, ""mae"": null}, {""bias"": null, ""count"": 0, ""high"": 1.0, ""low"": 0.25, ""mae"": null}, {""bias"": null, ""count"": 0, ""high"": 2.0, ""low"": 1.0, ""mae"": null}, {""bias"": null, ""count"": 0, ""high"": ""Infinity"", ""low"": 2.0, ""mae"": null}]",1.0718471287996103,1.0729366389667863,1.0381414330562477,0.26680336526949944
raw/e5/N4/d20/n3_M6/centre/rep09.npz,e5,,N4,N4_published_vb,published_vb,20,3,6,centre,centre,0.0,9,16,float64,1.0789986507011202,0.2708950813328801,-0.20791716551422842,0.2142768137938943,0.45134897749621267,1.3214182606249818,1.0285039675420227,0.2576602979444646,100800,102000,1173600,23472000,0,0.969859599834308,0.9997123015873016,0.3823015873015873,1.0,1.5739144697300813,2.9958237613047345,,,,0,0,0,-1.3721570669777692,1.5695250007376522,5.501668764717687,0.3471836711378221,100800,"[{""bias"": null, ""count"": 0, ""high"": -2.0, ""low"": ""-Infinity"", ""mae"": null}, {""bias"": null, ""count"": 0, ""high"": -1.0, ""low"": -2.0, ""mae"": null}, {""bias"": null, ""count"": 0, ""high"": -0.25, ""low"": -1.0, ""mae"": null}, {""bias"": null, ""count"": 0, ""high"": 0.25, ""low"": -0.25, ""mae"": null}, {""bias"": null, ""count"": 0, ""high"": 1.0, ""low"": 0.25, ""mae"": null}, {""bias"": null, ""count"": 0, ""high"": 2.0, ""low"": 1.0, ""mae"": null}, {""bias"": null, ""count"": 0, ""high"": ""Infinity"", ""low"": 2.0, ""mae"": null}]",1.0718471287996103,1.0729366389667863,1.0381414330562477,0.26680336526949944
raw/e5/N4/d20/n3_M6/oracle_state/rep00.npz,e5,,N4,N4_published_vb,published_vb,20,3,6,oracle_state,oracle_state,1.0,0,16,float64,0.3640135914813093,0.09138981907579571,-0.0018010120129442824,0.06430660733889475,0.15226818143197374,1.8954779124481507,0.35031545864263214,0.08776085294461873,100800,102000,1173600,23472000,0,0.8628728999756277,0.0,0.0,0.0,0.0,0.0,,,,0,0,0,0.0,0.0,0.0,0.3645841169485581,100800,"[{""bias"": null, ""count"": 0, ""high"": -2.0, ""low"": ""-Infinity"", ""mae"": null}, {""bias"": null, ""count"": 0, ""high"": -1.0, ""low"": -2.0, ""mae"": null}, {""bias"": null, ""count"": 0, ""high"": -0.25, ""low"": -1.0, ""mae"": null}, {""bias"": null, ""count"": 0, ""high"": 0.25, ""low"": -0.25, ""mae"": null}, {""bias"": null, ""count"": 0, ""high"": 1.0, ""low"": 0.25, ""mae"": null}, {""bias"": null, ""count"": 0, ""high"": 2.0, ""low"": 1.0, ""mae"": null}, {""bias"": null, ""count"": 0, ""high"": ""Infinity"", ""low"": 2.0, ""mae"": null}]",0.36227649072081886,0.36286473681477305,0.11899275216523375,0.3422814396504029
raw/e5/N4/d20/n3_M6/oracle_state/rep01.npz,e5,,N4,N4_published_vb,published_vb,20,3,6,oracle_state,oracle_state,1.0,1,16,float64,0.3547556350188562,0.08906550211094792,-0.0011251986320748358,0.061995684397263086,0.14839554527963242,1.9112204674314657,0.3739254503847513,0.09367561623063611,100800,102000,1173600,23472000,0,0.7642717000562698,0.0,0.0,0.0,0.0,0.0,,,,0,0,0,0.0,0.0,0.0,0.35732275669597224,100800,"[{""bias"": null, ""count"": 0, ""high"": -2.0, ""low"": ""-Infinity"", ""mae"": null}, {""bias"": null, ""count"": 0, ""high"": -1.0, ""low"": -2.0, ""mae"": null}, {""bias"": null, ""count"": 0, ""high"": -0.25, ""low"": -1.0, ""mae"": null}, {""bias"": null, ""count"": 0, ""high"": 0.25, ""low"": -0.25, ""mae"": null}, {""bias"": null, ""count"": 0, ""high"": 1.0, ""low"": 0.25, ""mae"": null}, {""bias"": null, ""count"": 0, ""high"": 2.0, ""low"": 1.0, ""mae"": null}, {""bias"": null, ""count"": 0, ""high"": ""Infinity"", ""low"": 2.0, ""mae"": null}]",0.36227649072081886,0.36286473681477305,0.11899275216523375,0.3422814396504029
raw/e5/N4/d20/n3_M6/oracle_state/rep02.npz,e5,,N4,N4_published_vb,published_vb,20,3,6,oracle_state,oracle_state,1.0,2,16,float64,0.35064430841447536,0.08803330605198521,-0.004206575335956244,0.06293724160171697,0.14667576272213384,1.9112637242266388,0.3862908291335263,0.09677338471102395,100800,102000,1173600,23472000,0,0.8378453999757767,0.0,0.0,0.0,0.0,0.0,,,,0,0,0,0.0,0.0,0.0,0.36426278708435844,100800,"[{""bias"": null, ""count"": 0, ""high"": -2.0, ""low"": ""-Infinity"", ""mae"": null}, {""bias"": null, ""count"": 0, ""high"": -1.0, ""low"": -2.0, ""mae"": null}, {""bias"": null, ""count"": 0, ""high"": -0.25, ""low"": -1.0, ""mae"": null}, {""bias"": null, ""count"": 0, ""high"": 0.25, ""low"": -0.25, ""mae"": null}, {""bias"": null, ""count"": 0, ""high"": 1.0, ""low"": 0.25, ""mae"": null}, {""bias"": null, ""count"": 0, ""high"": 2.0, ""low"": 1.0, ""mae"": null}, {""bias"": null, ""count"": 0, ""high"": ""Infinity"", ""low"": 2.0, ""mae"": null}]",0.36227649072081886,0.36286473681477305,0.11899275216523375,0.3422814396504029
raw/e5/N4/d20/n3_M6/oracle_state/rep03.npz,e5,,N4,N4_published_vb,published_vb,20,3,6,oracle_state,oracle_state,1.0,3,16,float64,0.3722025144976168,0.09344574283908298,0.0017862621622441524,0.06467063432009333,0.15569363708736678,1.904424692900887,0.34732264001727486,0.08701109352410216,100800,102000,1173600,23472000,0,0.800152099924162,0.0,0.0,0.0,0.0,0.0,,,,0,0,0,0.0,0.0,0.0,0.36754947431432916,100800,"[{""bias"": null, ""count"": 0, ""high"": -2.0, ""low"": ""-Infinity"", ""mae"": null}, {""bias"": null, ""count"": 0, ""high"": -1.0, ""low"": -2.0, ""mae"": null}, {""bias"": null, ""count"": 0, ""high"": -0.25, ""low"": -1.0, ""mae"": null}, {""bias"": null, ""count"": 0, ""high"": 0.25, ""low"": -0.25, ""mae"": null}, {""bias"": null, ""count"": 0, ""high"": 1.0, ""low"": 0.25, ""mae"": null}, {""bias"": null, ""count"": 0, ""high"": 2.0, ""low"": 1.0, ""mae"": null}, {""bias"": null, ""count"": 0, ""high"": ""Infinity"", ""low"": 2.0, ""mae"": null}]",0.36227649072081886,0.36286473681477305,0.11899275216523375,0.3422814396504029
raw/e5/N4/d20/n3_M6/oracle_state/rep04.npz,e5,,N4,N4_published_vb,published_vb,20,3,6,oracle_state,oracle_state,1.0,4,16,float64,0.3779439935523725,0.09488720751051553,0.0013106926259208872,0.06597713193566453,0.1580953182192162,1.8998414352547686,0.3391153175470265,0.08495499921649893,100800,102000,1173600,23472000,0,0.8210505000315607,0.0,0.0,0.0,0.0,0.0,,,,0,0,0,0.0,0.0,0.0,0.35969653019502346,100800,"[{""bias"": null, ""count"": 0, ""high"": -2.0, ""low"": ""-Infinity"", ""mae"": null}, {""bias"": null, ""count"": 0, ""high"": -1.0, ""low"": -2.0, ""mae"": null}, {""bias"": null, ""count"": 0, ""high"": -0.25, ""low"": -1.0, ""mae"": null}, {""bias"": null, ""count"": 0, ""high"": 0.25, ""low"": -0.25, ""mae"": null}, {""bias"": null, ""count"": 0, ""high"": 1.0, ""low"": 0.25, ""mae"": null}, {""bias"": null, ""count"": 0, ""high"": 2.0, ""low"": 1.0, ""mae"": null}, {""bias"": null, ""count"": 0, ""high"": ""Infinity"", ""low"": 2.0, ""mae"": null}]",0.36227649072081886,0.36286473681477305,0.11899275216523375,0.3422814396504029
raw/e5/N4/d20/n3_M6/oracle_state/rep05.npz,e5,,N4,N4_published_vb,published_vb,20,3,6,oracle_state,oracle_state,1.0,5,16,float64,0.36193559918341806,0.09086811509388566,0.00208056389430995,0.0636948613303218,0.15139894985481764,1.887945080809857,0.3854328483731291,0.09655844380138129,100800,102000,1173600,23472000,0,0.7617649000603706,0.0,0.0,0.0,0.0,0.0,,,,0,0,0,0.0,0.0,0.0,0.3609598999531065,100800,"[{""bias"": null, ""count"": 0, ""high"": -2.0, ""low"": ""-Infinity"", ""mae"": null}, {""bias"": null, ""count"": 0, ""high"": -1.0, ""low"": -2.0, ""mae"": null}, {""bias"": null, ""count"": 0, ""high"": -0.25, ""low"": -1.0, ""mae"": null}, {""bias"": null, ""count"": 0, ""high"": 0.25, ""low"": -0.25, ""mae"": null}, {""bias"": null, ""count"": 0, ""high"": 1.0, ""low"": 0.25, ""mae"": null}, {""bias"": null, ""count"": 0, ""high"": 2.0, ""low"": 1.0, ""mae"": null}, {""bias"": null, ""count"": 0, ""high"": ""Infinity"", ""low"": 2.0, ""mae"": null}]",0.36227649072081886,0.36286473681477305,0.11899275216523375,0.3422814396504029
raw/e5/N4/d20/n3_M6/oracle_state/rep06.npz,e5,,N4,N4_published_vb,published_vb,20,3,6,oracle_state,oracle_state,1.0,6,16,float64,0.368893571343163,0.09261499441843463,0.0011216780028711658,0.06524705635721381,0.15430949438395805,1.894216955673011,0.3650946521567316,0.09146332908899604,100800,102000,1173600,23472000,0,0.8054638998582959,0.0,0.0,0.0,0.0,0.0,,,,0,0,0,0.0,0.0,0.0,0.35612242260767407,100800,"[{""bias"": null, ""count"": 0, ""high"": -2.0, ""low"": ""-Infinity"", ""mae"": null}, {""bias"": null, ""count"": 0, ""high"": -1.0, ""low"": -2.0, ""mae"": null}, {""bias"": null, ""count"": 0, ""high"": -0.25, ""low"": -1.0, ""mae"": null}, {""bias"": null, ""count"": 0, ""high"": 0.25, ""low"": -0.25, ""mae"": null}, {""bias"": null, ""count"": 0, ""high"": 1.0, ""low"": 0.25, ""mae"": null}, {""bias"": null, ""count"": 0, ""high"": 2.0, ""low"": 1.0, ""mae"": null}, {""bias"": null, ""count"": 0, ""high"": ""Infinity"", ""low"": 2.0, ""mae"": null}]",0.36227649072081886,0.36286473681477305,0.11899275216523375,0.3422814396504029
raw/e5/N4/d20/n3_M6/oracle_state/rep07.npz,e5,,N4,N4_published_vb,published_vb,20,3,6,oracle_state,oracle_state,1.0,7,16,float64,0.3529862630326554,0.08862128082503758,0.002626918243493649,0.0622324806177978,0.14765541067773721,1.9006859077729263,0.3415529286832066,0.08556566833537643,100800,102000,1173600,23472000,0,0.7750695999711752,0.0,0.0,0.0,0.0,0.0,,,,0,0,0,0.0,0.0,0.0,0.36031084384513634,100800,"[{""bias"": null, ""count"": 0, ""high"": -2.0, ""low"": ""-Infinity"", ""mae"": null}, {""bias"": null, ""count"": 0, ""high"": -1.0, ""low"": -2.0, ""mae"": null}, {""bias"": null, ""count"": 0, ""high"": -0.25, ""low"": -1.0, ""mae"": null}, {""bias"": null, ""count"": 0, ""high"": 0.25, ""low"": -0.25, ""mae"": null}, {""bias"": null, ""count"": 0, ""high"": 1.0, ""low"": 0.25, ""mae"": null}, {""bias"": null, ""count"": 0, ""high"": 2.0, ""low"": 1.0, ""mae"": null}, {""bias"": null, ""count"": 0, ""high"": ""Infinity"", ""low"": 2.0, ""mae"": null}]",0.36227649072081886,0.36286473681477305,0.11899275216523375,0.3422814396504029
raw/e5/N4/d20/n3_M6/oracle_state/rep08.npz,e5,,N4,N4_published_vb,published_vb,20,3,6,oracle_state,oracle_state,1.0,8,16,float64,0.363793874446128,0.09133465657482596,-0.0030216433517700537,0.06388332671527543,0.15217627301382775,1.90462764052887,0.34976794702155645,0.08762369060799541,100800,102000,1173600,23472000,0,0.8185137000400573,0.0,0.0,0.0,0.0,0.0,,,,0,0,0,0.0,0.0,0.0,0.36070492683585237,100800,"[{""bias"": null, ""count"": 0, ""high"": -2.0, ""low"": ""-Infinity"", ""mae"": null}, {""bias"": null, ""count"": 0, ""high"": -1.0, ""low"": -2.0, ""mae"": null}, {""bias"": null, ""count"": 0, ""high"": -0.25, ""low"": -1.0, ""mae"": null}, {""bias"": null, ""count"": 0, ""high"": 0.25, ""low"": -0.25, ""mae"": null}, {""bias"": null, ""count"": 0, ""high"": 1.0, ""low"": 0.25, ""mae"": null}, {""bias"": null, ""count"": 0, ""high"": 2.0, ""low"": 1.0, ""mae"": null}, {""bias"": null, ""count"": 0, ""high"": ""Infinity"", ""low"": 2.0, ""mae"": null}]",0.36227649072081886,0.36286473681477305,0.11899275216523375,0.3422814396504029
raw/e5/N4/d20/n3_M6/oracle_state/rep09.npz,e5,,N4,N4_published_vb,published_vb,20,3,6,oracle_state,oracle_state,1.0,9,16,float64,0.35559555623819417,0.08927637404009994,-0.0004990644847398306,0.0633790786762265,0.14874688731632474,1.9069982174083377,0.38779046590492544,0.09714907296262167,100800,102000,1173600,23472000,0,0.8211756001692265,0.0,0.0,0.0,0.0,0.0,,,,0,0,0,0.0,0.0,0.0,0.36467164789604145,100800,"[{""bias"": null, ""count"": 0, ""high"": -2.0, ""low"": ""-Infinity"", ""mae"": null}, {""bias"": null, ""count"": 0, ""high"": -1.0, ""low"": -2.0, ""mae"": null}, {""bias"": null, ""count"": 0, ""high"": -0.25, ""low"": -1.0, ""mae"": null}, {""bias"": null, ""count"": 0, ""high"": 0.25, ""low"": -0.25, ""mae"": null}, {""bias"": null, ""count"": 0, ""high"": 1.0, ""low"": 0.25, ""mae"": null}, {""bias"": null, ""count"": 0, ""high"": 2.0, ""low"": 1.0, ""mae"": null}, {""bias"": null, ""count"": 0, ""high"": ""Infinity"", ""low"": 2.0, ""mae"": null}]",0.36227649072081886,0.36286473681477305,0.11899275216523375,0.3422814396504029
raw/e5/N4/d20/n3_M6/raw/rep00.npz,e5,,N4,N4_published_vb,published_vb,20,3,6,raw,raw,1.0,0,16,float64,1.279088544683077,0.3211299616720806,-0.1630200260927999,0.23559027221948553,0.5350472925936405,3.4879435481611547,1.1274099734921716,0.2824381809335948,100800,102000,1173600,23472000,0,0.8963176000397652,0.9995535714285714,0.38490079365079366,0.0,1.6236827016508997,0.0,,,,0,0,0,-1.318919777382464,1.6482682620089135,6.420051378813425,0.35230246898581147,100800,"[{""bias"": null, ""count"": 0, ""high"": -2.0, ""low"": ""-Infinity"", ""mae"": null}, {""bias"": null, ""count"": 0, ""high"": -1.0, ""low"": -2.0, ""mae"": null}, {""bias"": null, ""count"": 0, ""high"": -0.25, ""low"": -1.0, ""mae"": null}, {""bias"": null, ""count"": 0, ""high"": 0.25, ""low"": -0.25, ""mae"": null}, {""bias"": null, ""count"": 0, ""high"": 1.0, ""low"": 0.25, ""mae"": null}, {""bias"": null, ""count"": 0, ""high"": 2.0, ""low"": 1.0, ""mae"": null}, {""bias"": null, ""count"": 0, ""high"": ""Infinity"", ""low"": 2.0, ""mae"": null}]",1.346747583139488,1.3267389658873703,0.9682075922836617,0.9377192075707876
raw/e5/N4/d20/n3_M6/raw/rep01.npz,e5,,N4,N4_published_vb,published_vb,20,3,6,raw,raw,1.0,1,16,float64,1.3076039420475956,0.3282890817351884,-0.1599449107236758,0.24122436589460186,0.546975384843812,3.8011163517471247,1.4060358451526875,0.35223939451437897,100800,102000,1173600,23472000,0,0.964036799967289,0.9995833333333334,0.3873214285714286,0.0,1.6389590003954517,0.0,,,,0,0,0,-1.3252534722523166,1.6523496822813064,6.468801691513591,0.3422161767279662,100800,"[{""bias"": null, ""count"": 0, ""high"": -2.0, ""low"": ""-Infinity"", ""mae"": null}, {""bias"": null, ""count"": 0, ""high"": -1.0, ""low"": -2.0, ""mae"": null}, {""bias"": null, ""count"": 0, ""high"": -0.25, ""low"": -1.0, ""mae"": null}, {""bias"": null, ""count"": 0, ""high"": 0.25, ""low"": -0.25, ""mae"": null}, {""bias"": null, ""count"": 0, ""high"": 1.0, ""low"": 0.25, ""mae"": null}, {""bias"": null, ""count"": 0, ""high"": 2.0, ""low"": 1.0, ""mae"": null}, {""bias"": null, ""count"": 0, ""high"": ""Infinity"", ""low"": 2.0, ""mae"": null}]",1.346747583139488,1.3267389658873703,0.9682075922836617,0.9377192075707876
raw/e5/N4/d20/n3_M6/raw/rep02.npz,e5,,N4,N4_published_vb,published_vb,20,3,6,raw,raw,1.0,2,16,float64,1.3242211803748782,0.3324610314640153,-0.1622361829301401,0.24003129964813763,0.5539264348038435,3.921088146470408,1.245025924954269,0.31190327008553087,100800,102000,1173600,23472000,0,0.9319684999063611,0.9996527777777777,0.38668650793650794,0.0,1.6339891973393394,0.0,,,,0,0,0,-1.3270723492434624,1.6628582621351502,6.551803114328421,0.3492550371423475,100800,"[{""bias"": null, ""count"": 0, ""high"": -2.0, ""low"": ""-Infinity"", ""mae"": null}, {""bias"": null, ""count"": 0, ""high"": -1.0, ""low"": -2.0, ""mae"": null}, {""bias"": null, ""count"": 0, ""high"": -0.25, ""low"": -1.0, ""mae"": null}, {""bias"": null, ""count"": 0, ""high"": 0.25, ""low"": -0.25, ""mae"": null}, {""bias"": null, ""count"": 0, ""high"": 1.0, ""low"": 0.25, ""mae"": null}, {""bias"": null, ""count"": 0, ""high"": 2.0, ""low"": 1.0, ""mae"": null}, {""bias"": null, ""count"": 0, ""high"": ""Infinity"", ""low"": 2.0, ""mae"": null}]",1.346747583139488,1.3267389658873703,0.9682075922836617,0.9377192075707876
raw/e5/N4/d20/n3_M6/raw/rep03.npz,e5,,N4,N4_published_vb,published_vb,20,3,6,raw,raw,1.0,3,16,float64,1.4532669233312008,0.3648594566252513,-0.158032579556396,0.25203034894420784,0.6079067285657759,4.144375911564677,1.3184971059821133,0.330309233495869,100800,102000,1173600,23472000,0,0.9192105000838637,0.9994146825396826,0.38495039682539683,0.0,1.6173904721435581,0.0,,,,0,0,0,-1.3247388942458853,1.6587706834974072,6.532422064137675,0.3538653710886329,100800,"[{""bias"": null, ""count"": 0, ""high"": -2.0, ""low"": ""-Infinity"", ""mae"": null}, {""bias"": null, ""count"": 0, ""high"": -1.0, ""low"": -2.0, ""mae"": null}, {""bias"": null, ""count"": 0, ""high"": -0.25, ""low"": -1.0, ""mae"": null}, {""bias"": null, ""count"": 0, ""high"": 0.25, ""low"": -0.25, ""mae"": null}, {""bias"": null, ""count"": 0, ""high"": 1.0, ""low"": 0.25, ""mae"": null}, {""bias"": null, ""count"": 0, ""high"": 2.0, ""low"": 1.0, ""mae"": null}, {""bias"": null, ""count"": 0, ""high"": ""Infinity"", ""low"": 2.0, ""mae"": null}]",1.346747583139488,1.3267389658873703,0.9682075922836617,0.9377192075707876
raw/e5/N4/d20/n3_M6/raw/rep04.npz,e5,,N4,N4_published_vb,published_vb,20,3,6,raw,raw,1.0,4,16,float64,1.3060823259157595,0.3279070624198507,-0.1550477796699798,0.23918490790539254,0.5463388873979629,3.644380290671825,1.1992017150379752,0.3004234120074729,100800,102000,1173600,23472000,0,0.8638808999676257,0.9996527777777777,0.3871527777777778,0.0,1.6352422533165725,0.0,,,,0,0,0,-1.3300478994429565,1.6681040340258646,6.549175996300349,0.3459552209181888,100800,"[{""bias"": null, ""count"": 0, ""high"": -2.0, ""low"": ""-Infinity"", ""mae"": null}, {""bias"": null, ""count"": 0, ""high"": -1.0, ""low"": -2.0, ""mae"": null}, {""bias"": null, ""count"": 0, ""high"": -0.25, ""low"": -1.0, ""mae"": null}, {""bias"": null, ""count"": 0, ""high"": 0.25, ""low"": -0.25, ""mae"": null}, {""bias"": null, ""count"": 0, ""high"": 1.0, ""low"": 0.25, ""mae"": null}, {""bias"": null, ""count"": 0, ""high"": 2.0, ""low"": 1.0, ""mae"": null}, {""bias"": null, ""count"": 0, ""high"": ""Infinity"", ""low"": 2.0, ""mae"": null}]",1.346747583139488,1.3267389658873703,0.9682075922836617,0.9377192075707876
raw/e5/N4/d20/n3_M6/raw/rep05.npz,e5,,N4,N4_published_vb,published_vb,20,3,6,raw,raw,1.0,5,16,float64,1.3146782564563526,0.3300651701259286,-0.16490613813476412,0.24125999615415716,0.5499345957499653,3.8690654958355832,1.3850064212047979,0.3469711137774918,100800,102000,1173600,23472000,0,0.8091981001198292,0.9995238095238095,0.3858333333333333,0.0,1.641308849029419,0.0,,,,0,0,0,-1.3184207486439952,1.6583445177675131,6.544194543517103,0.34815749609921776,100800,"[{""bias"": null, ""count"": 0, ""high"": -2.0, ""low"": ""-Infinity"", ""mae"": null}, {""bias"": null, ""count"": 0, ""high"": -1.0, ""low"": -2.0, ""mae"": null}, {""bias"": null, ""count"": 0, ""high"": -0.25, ""low"": -1.0, ""mae"": null}, {""bias"": null, ""count"": 0, ""high"": 0.25, ""low"": -0.25, ""mae"": null}, {""bias"": null, ""count"": 0, ""high"": 1.0, ""low"": 0.25, ""mae"": null}, {""bias"": null, ""count"": 0, ""high"": 2.0, ""low"": 1.0, ""mae"": null}, {""bias"": null, ""count"": 0, ""high"": ""Infinity"", ""low"": 2.0, ""mae"": null}]",1.346747583139488,1.3267389658873703,0.9682075922836617,0.9377192075707876
raw/e5/N4/d20/n3_M6/raw/rep06.npz,e5,,N4,N4_published_vb,published_vb,20,3,6,raw,raw,1.0,6,16,float64,1.4284804260059256,0.3586365200121938,-0.15419461342850316,0.25184412559935276,0.5975384484792288,3.960997394207296,1.3840020336989605,0.34671949512343425,100800,102000,1173600,23472000,0,1.0247361999936402,0.9995535714285714,0.38490079365079366,0.0,1.6362024412752074,0.0,,,,0,0,0,-1.308719939076524,1.6508001332215985,6.474423357714196,0.34311969179862417,100800,"[{""bias"": null, ""count"": 0, ""high"": -2.0, ""low"": ""-Infinity"", ""mae"": null}, {""bias"": null, ""count"": 0, ""high"": -1.0, ""low"": -2.0, ""mae"": null}, {""bias"": null, ""count"": 0, ""high"": -0.25, ""low"": -1.0, ""mae"": null}, {""bias"": null, ""count"": 0, ""high"": 0.25, ""low"": -0.25, ""mae"": null}, {""bias"": null, ""count"": 0, ""high"": 1.0, ""low"": 0.25, ""mae"": null}, {""bias"": null, ""count"": 0, ""high"": 2.0, ""low"": 1.0, ""mae"": null}, {""bias"": null, ""count"": 0, ""high"": ""Infinity"", ""low"": 2.0, ""mae"": null}]",1.346747583139488,1.3267389658873703,0.9682075922836617,0.9377192075707876
raw/e5/N4/d20/n3_M6/raw/rep07.npz,e5,,N4,N4_published_vb,published_vb,20,3,6,raw,raw,1.0,7,16,float64,1.3292567513998623,0.33372526976633765,-0.16480067314740637,0.24299703264825284,0.5560328320933667,3.4757035886696457,1.2394268504616928,0.3105005927527266,100800,102000,1173600,23472000,0,0.8396201999858022,0.999563492063492,0.3860218253968254,0.0,1.6352299333208309,0.0,,,,0,0,0,-1.3216162871537698,1.6512139417171414,6.468102999189848,0.3454433972543246,100800,"[{""bias"": null, ""count"": 0, ""high"": -2.0, ""low"": ""-Infinity"", ""mae"": null}, {""bias"": null, ""count"": 0, ""high"": -1.0, ""low"": -2.0, ""mae"": null}, {""bias"": null, ""count"": 0, ""high"": -0.25, ""low"": -1.0, ""mae"": null}, {""bias"": null, ""count"": 0, ""high"": 0.25, ""low"": -0.25, ""mae"": null}, {""bias"": null, ""count"": 0, ""high"": 1.0, ""low"": 0.25, ""mae"": null}, {""bias"": null, ""count"": 0, ""high"": 2.0, ""low"": 1.0, ""mae"": null}, {""bias"": null, ""count"": 0, ""high"": ""Infinity"", ""low"": 2.0, ""mae"": null}]",1.346747583139488,1.3267389658873703,0.9682075922836617,0.9377192075707876
raw/e5/N4/d20/n3_M6/raw/rep08.npz,e5,,N4,N4_published_vb,published_vb,20,3,6,raw,raw,1.0,8,16,float64,1.3306180450865386,0.3340670382789586,-0.16242981029953113,0.2433131484283556,0.5566022660895578,3.541807720710866,1.2298177000944963,0.30809331322368205,100800,102000,1173600,23472000,0,0.8769388000946492,0.9995238095238095,0.37950396825396826,0.0,1.6193480808229828,0.0,,,,0,0,0,-1.3046185731965618,1.636550601700985,6.406461877706826,0.3455699075315394,100800,"[{""bias"": null, ""count"": 0, ""high"": -2.0, ""low"": ""-Infinity"", ""mae"": null}, {""bias"": null, ""count"": 0, ""high"": -1.0, ""low"": -2.0, ""mae"": null}, {""bias"": null, ""count"": 0, ""high"": -0.25, ""low"": -1.0, ""mae"": null}, {""bias"": null, ""count"": 0, ""high"": 0.25, ""low"": -0.25, ""mae"": null}, {""bias"": null, ""count"": 0, ""high"": 1.0, ""low"": 0.25, ""mae"": null}, {""bias"": null, ""count"": 0, ""high"": 2.0, ""low"": 1.0, ""mae"": null}, {""bias"": null, ""count"": 0, ""high"": ""Infinity"", ""low"": 2.0, ""mae"": null}]",1.346747583139488,1.3267389658873703,0.9682075922836617,0.9377192075707876
raw/e5/N4/d20/n3_M6/raw/rep09.npz,e5,,N4,N4_published_vb,published_vb,20,3,6,raw,raw,1.0,9,16,float64,1.3941794360936892,0.3500248600754221,-0.1662866041669376,0.2511850174898402,0.5831902222660302,3.597830868442886,1.2052441656644495,0.3019371637068979,100800,102000,1173600,23472000,0,0.791378399822861,0.9995436507936508,0.38180555555555556,0.0,1.6186525721312897,0.0,,,,0,0,0,-1.3097664674728864,1.6454721206929237,6.406967220050277,0.3503875275327142,100800,"[{""bias"": null, ""count"": 0, ""high"": -2.0, ""low"": ""-Infinity"", ""mae"": null}, {""bias"": null, ""count"": 0, ""high"": -1.0, ""low"": -2.0, ""mae"": null}, {""bias"": null, ""count"": 0, ""high"": -0.25, ""low"": -1.0, ""mae"": null}, {""bias"": null, ""count"": 0, ""high"": 0.25, ""low"": -0.25, ""mae"": null}, {""bias"": null, ""count"": 0, ""high"": 1.0, ""low"": 0.25, ""mae"": null}, {""bias"": null, ""count"": 0, ""high"": 2.0, ""low"": 1.0, ""mae"": null}, {""bias"": null, ""count"": 0, ""high"": ""Infinity"", ""low"": 2.0, ""mae"": null}]",1.346747583139488,1.3267389658873703,0.9682075922836617,0.9377192075707876
raw/e5/N4/d20/n4_M6/box/rep00.npz,e5,,N4,N4_published_vb,published_vb,20,4,6,box,box,1.0,0,16,float64,0.9446883269814649,0.2371749223278252,-0.16796936127079873,0.18051310614714555,0.39516649085578814,1.4985762482208516,0.9207451988975538,0.2306646252866165,1267200,1268400,14652000,293040000,0,9.060718700056896,0.9986923926767677,0.3476625631313131,0.9986923926767677,1.4272381687799,1.4272381687799,,,,0,0,0,-1.1709888127576455,1.2936110138337409,4.36857465265348,0.3520940592146148,1267200,"[{""bias"": null, ""count"": 0, ""high"": -2.0, ""low"": ""-Infinity"", ""mae"": null}, {""bias"": null, ""count"": 0, ""high"": -1.0, ""low"": -2.0, ""mae"": null}, {""bias"": null, ""count"": 0, ""high"": -0.25, ""low"": -1.0, ""mae"": null}, {""bias"": null, ""count"": 0, ""high"": 0.25, ""low"": -0.25, ""mae"": null}, {""bias"": null, ""count"": 0, ""high"": 1.0, ""low"": 0.25, ""mae"": null}, {""bias"": null, ""count"": 0, ""high"": 2.0, ""low"": 1.0, ""mae"": null}, {""bias"": null, ""count"": 0, ""high"": ""Infinity"", ""low"": 2.0, ""mae"": null}]",0.9363568665306529,0.9394050454927805,0.875861218987311,0.33138119531206023
raw/e5/N4/d20/n4_M6/box/rep01.npz,e5,,N4,N4_published_vb,published_vb,20,4,6,box,box,1.0,1,16,float64,0.9458332623221165,0.2374623715772058,-0.16815944980794456,0.17919222169355462,0.39564542138546643,1.539976461098729,0.892387927351603,0.22356057584587066,1267200,1268400,14652000,293040000,0,8.99585449998267,0.9987034406565657,0.34665640782828283,0.9987034406565657,1.4250349168074752,1.4250349168074752,,,,0,0,0,-1.1750164547360946,1.2974780754566086,4.383959724016059,0.3516326420384201,1267200,"[{""bias"": null, ""count"": 0, ""high"": -2.0, ""low"": ""-Infinity"", ""mae"": null}, {""bias"": null, ""count"": 0, ""high"": -1.0, ""low"": -2.0, ""mae"": null}, {""bias"": null, ""count"": 0, ""high"": -0.25, ""low"": -1.0, ""mae"": null}, {""bias"": null, ""count"": 0, ""high"": 0.25, ""low"": -0.25, ""mae"": null}, {""bias"": null, ""count"": 0, ""high"": 1.0, ""low"": 0.25, ""mae"": null}, {""bias"": null, ""count"": 0, ""high"": 2.0, ""low"": 1.0, ""mae"": null}, {""bias"": null, ""count"": 0, ""high"": ""Infinity"", ""low"": 2.0, ""mae"": null}]",0.9363568665306529,0.9394050454927805,0.875861218987311,0.33138119531206023
raw/e5/N4/d20/n4_M6/box/rep02.npz,e5,,N4,N4_published_vb,published_vb,20,4,6,box,box,1.0,2,16,float64,0.9198690658624957,0.23094375998570701,-0.16194123469766908,0.1770288031205918,0.3847845055576794,1.5809374133925684,0.8824723201007487,0.22107652289208268,1267200,1268400,14652000,293040000,0,12.814893600065261,0.9986537247474747,0.3457244318181818,0.9986537247474747,1.4211883518998545,1.4211883518998545,,,,0,0,0,-1.16836896100833,1.2934208164153544,4.369362648081041,0.34854167438195965,1267200,"[{""bias"": null, ""count"": 0, ""high"": -2.0, ""low"": ""-Infinity"", ""mae"": null}, {""bias"": null, ""count"": 0, ""high"": -1.0, ""low"": -2.0, ""mae"": null}, {""bias"": null, ""count"": 0, ""high"": -0.25, ""low"": -1.0, ""mae"": null}, {""bias"": null, ""count"": 0, ""high"": 0.25, ""low"": -0.25, ""mae"": null}, {""bias"": null, ""count"": 0, ""high"": 1.0, ""low"": 0.25, ""mae"": null}, {""bias"": null, ""count"": 0, ""high"": 2.0, ""low"": 1.0, ""mae"": null}, {""bias"": null, ""count"": 0, ""high"": ""Infinity"", ""low"": 2.0, ""mae"": null}]",0.9363568665306529,0.9394050454927805,0.875861218987311,0.33138119531206023
raw/e5/N4/d20/n4_M6/box/rep03.npz,e5,,N4,N4_published_vb,published_vb,20,4,6,box,box,1.0,3,16,float64,0.9477734703669489,0.2379494832300017,-0.16833454356675415,0.1819756920747272,0.39645701731897015,1.5365251433005112,0.9241692221830451,0.2315224098822529,1267200,1268400,14652000,293040000,0,12.785686600022018,0.9987357954545455,0.3451586174242424,0.9987357954545455,1.4218910855596385,1.4218910855596387,,,,0,0,0,-1.1655303412222944,1.2872343489120963,4.341987771340564,0.34926570684499203,1267200,"[{""bias"": null, ""count"": 0, ""high"": -2.0, ""low"": ""-Infinity"", ""mae"": null}, {""bias"": null, ""count"": 0, ""high"": -1.0, ""low"": -2.0, ""mae"": null}, {""bias"": null, ""count"": 0, ""high"": -0.25, ""low"": -1.0, ""mae"": null}, {""bias"": null, ""count"": 0, ""high"": 0.25, ""low"": -0.25, ""mae"": null}, {""bias"": null, ""count"": 0, ""high"": 1.0, ""low"": 0.25, ""mae"": null}, {""bias"": null, ""count"": 0, ""high"": 2.0, ""low"": 1.0, ""mae"": null}, {""bias"": null, ""count"": 0, ""high"": ""Infinity"", ""low"": 2.0, ""mae"": null}]",0.9363568665306529,0.9394050454927805,0.875861218987311,0.33138119531206023
raw/e5/N4/d20/n4_M6/box/rep04.npz,e5,,N4,N4_published_vb,published_vb,20,4,6,box,box,1.0,4,16,float64,0.9358702191896849,0.23496103445511643,-0.1663421059435855,0.17785048743231044,0.391477844968525,1.543697054117298,0.9081161787365054,0.22750080949189577,1267200,1268400,14652000,293040000,0,12.59263759991154,0.9987200126262626,0.34541903409090907,0.9987200126262626,1.4214311896535496,1.4214311896535496,,,,0,0,0,-1.1694742961153077,1.2916959679724342,4.349859611297928,0.353645769956929,1267200,"[{""bias"": null, ""count"": 0, ""high"": -2.0, ""low"": ""-Infinity"", ""mae"": null}, {""bias"": null, ""count"": 0, ""high"": -1.0, ""low"": -2.0, ""mae"": null}, {""bias"": null, ""count"": 0, ""high"": -0.25, ""low"": -1.0, ""mae"": null}, {""bias"": null, ""count"": 0, ""high"": 0.25, ""low"": -0.25, ""mae"": null}, {""bias"": null, ""count"": 0, ""high"": 1.0, ""low"": 0.25, ""mae"": null}, {""bias"": null, ""count"": 0, ""high"": 2.0, ""low"": 1.0, ""mae"": null}, {""bias"": null, ""count"": 0, ""high"": ""Infinity"", ""low"": 2.0, ""mae"": null}]",0.9363568665306529,0.9394050454927805,0.875861218987311,0.33138119531206023
raw/e5/N4/d20/n4_M6/box/rep05.npz,e5,,N4,N4_published_vb,published_vb,20,4,6,box,box,1.0,5,16,float64,0.9402113558707587,0.23605092698976646,-0.16483081943361555,0.1787441061230689,0.39329375789937127,1.5903062771113896,0.9097669897542797,0.22791436983985072,1267200,1268400,14652000,293040000,0,12.62413079990074,0.9986316287878788,0.34565104166666666,0.9986316287878788,1.4225985577669538,1.4225985577669538,,,,0,0,0,-1.1662013254345505,1.2879264422879266,4.350276297821682,0.3501170765283392,1267200,"[{""bias"": null, ""count"": 0, ""high"": -2.0, ""low"": ""-Infinity"", ""mae"": null}, {""bias"": null, ""count"": 0, ""high"": -1.0, ""low"": -2.0, ""mae"": null}, {""bias"": null, ""count"": 0, ""high"": -0.25, ""low"": -1.0, ""mae"": null}, {""bias"": null, ""count"": 0, ""high"": 0.25, ""low"": -0.25, ""mae"": null}, {""bias"": null, ""count"": 0, ""high"": 1.0, ""low"": 0.25, ""mae"": null}, {""bias"": null, ""count"": 0, ""high"": 2.0, ""low"": 1.0, ""mae"": null}, {""bias"": null, ""count"": 0, ""high"": ""Infinity"", ""low"": 2.0, ""mae"": null}]",0.9363568665306529,0.9394050454927805,0.875861218987311,0.33138119531206023
raw/e5/N4/d20/n4_M6/box/rep06.npz,e5,,N4,N4_published_vb,published_vb,20,4,6,box,box,1.0,6,16,float64,0.9560429358462262,0.24002562810945327,-0.16839396213693825,0.18241898693581546,0.3999161641734048,1.512360613782077,0.870935491594346,0.2181863224027273,1267200,1268400,14652000,293040000,0,12.632010699948296,0.998716856060606,0.34699731691919194,0.998716856060606,1.429454034453446,1.429454034453446,,,,0,0,0,-1.1697667910464908,1.2917612279819464,4.354233443186218,0.3485006864677942,1267200,"[{""bias"": null, ""count"": 0, ""high"": -2.0, ""low"": ""-Infinity"", ""mae"": null}, {""bias"": null, ""count"": 0, ""high"": -1.0, ""low"": -2.0, ""mae"": null}, {""bias"": null, ""count"": 0, ""high"": -0.25, ""low"": -1.0, ""mae"": null}, {""bias"": null, ""count"": 0, ""high"": 0.25, ""low"": -0.25, ""mae"": null}, {""bias"": null, ""count"": 0, ""high"": 1.0, ""low"": 0.25, ""mae"": null}, {""bias"": null, ""count"": 0, ""high"": 2.0, ""low"": 1.0, ""mae"": null}, {""bias"": null, ""count"": 0, ""high"": ""Infinity"", ""low"": 2.0, ""mae"": null}]",0.9363568665306529,0.9394050454927805,0.875861218987311,0.33138119531206023
raw/e5/N4/d20/n4_M6/box/rep07.npz,e5,,N4,N4_published_vb,published_vb,20,4,6,box,box,1.0,7,16,float64,0.9385987351148024,0.2356460599117956,-0.16526499833388394,0.17888698068901623,0.39261919289521946,1.5350706311722457,0.9386730108413947,0.23515589174033938,1267200,1268400,14652000,293040000,0,12.607195399934426,0.998721590909091,0.34470880681818183,0.998721590909091,1.418293303802871,1.4182933038028713,,,,0,0,0,-1.164531627160949,1.2865651132452456,4.330789246495409,0.3504130615341538,1267200,"[{""bias"": null, ""count"": 0, ""high"": -2.0, ""low"": ""-Infinity"", ""mae"": null}, {""bias"": null, ""count"": 0, ""high"": -1.0, ""low"": -2.0, ""mae"": null}, {""bias"": null, ""count"": 0, ""high"": -0.25, ""low"": -1.0, ""mae"": null}, {""bias"": null, ""count"": 0, ""high"": 0.25, ""low"": -0.25, ""mae"": null}, {""bias"": null, ""count"": 0, ""high"": 1.0, ""low"": 0.25, ""mae"": null}, {""bias"": null, ""count"": 0, ""high"": 2.0, ""low"": 1.0, ""mae"": null}, {""bias"": null, ""count"": 0, ""high"": ""Infinity"", ""low"": 2.0, ""mae"": null}]",0.9363568665306529,0.9394050454927805,0.875861218987311,0.33138119531206023
raw/e5/N4/d20/n4_M6/box/rep08.npz,e5,,N4,N4_published_vb,published_vb,20,4,6,box,box,1.0,8,16,float64,0.9092906724995394,0.22828793207659223,-0.16263637345731258,0.17382270630091715,0.380359525948279,1.625095704171761,0.9345011201497284,0.2341107517773158,1267200,1268400,14652000,293040000,0,12.5259861999657,0.9987097537878787,0.3485519255050505,0.9987097537878787,1.43725752329095,1.43725752329095,,,,0,0,0,-1.1749613387322106,1.3012641307599093,4.396423858919243,0.3472259082611496,1267200,"[{""bias"": null, ""count"": 0, ""high"": -2.0, ""low"": ""-Infinity"", ""mae"": null}, {""bias"": null, ""count"": 0, ""high"": -1.0, ""low"": -2.0, ""mae"": null}, {""bias"": null, ""count"": 0, ""high"": -0.25, ""low"": -1.0, ""mae"": null}, {""bias"": null, ""count"": 0, ""high"": 0.25, ""low"": -0.25, ""mae"": null}, {""bias"": null, ""count"": 0, ""high"": 1.0, ""low"": 0.25, ""mae"": null}, {""bias"": null, ""count"": 0, ""high"": 2.0, ""low"": 1.0, ""mae"": null}, {""bias"": null, ""count"": 0, ""high"": ""Infinity"", ""low"": 2.0, ""mae"": null}]",0.9363568665306529,0.9394050454927805,0.875861218987311,0.33138119531206023
raw/e5/N4/d20/n4_M6/box/rep09.npz,e5,,N4,N4_published_vb,published_vb,20,4,6,box,box,1.0,9,16,float64,0.9253906212524919,0.2323300102794262,-0.16342546100543032,0.17783407913228264,0.3870941918374946,1.5915536189428812,0.9233626455359892,0.2313203467052949,1267200,1268400,14652000,293040000,0,12.617201700108126,0.9987263257575758,0.3459414457070707,0.9987263257575758,1.4219004420462886,1.4219004420462886,,,,0,0,0,-1.1682868244744176,1.291548897576644,4.361210019891693,0.34887978420503446,1267200,"[{""bias"": null, ""count"": 0, ""high"": -2.0, ""low"": ""-Infinity"", ""mae"": null}, {""bias"": null, ""count"": 0, ""high"": -1.0, ""low"": -2.0, ""mae"": null}, {""bias"": null, ""count"": 0, ""high"": -0.25, ""low"": -1.0, ""mae"": null}, {""bias"": null, ""count"": 0, ""high"": 0.25, ""low"": -0.25, ""mae"": null}, {""bias"": null, ""count"": 0, ""high"": 1.0, ""low"": 0.25, ""mae"": null}, {""bias"": null, ""count"": 0, ""high"": 2.0, ""low"": 1.0, ""mae"": null}, {""bias"": null, ""count"": 0, ""high"": ""Infinity"", ""low"": 2.0, ""mae"": null}]",0.9363568665306529,0.9394050454927805,0.875861218987311,0.33138119531206023
raw/e5/N4/d20/n4_M6/centre/rep00.npz,e5,,N4,N4_published_vb,published_vb,20,4,6,centre,centre,0.0,0,16,float64,0.8999605708519791,0.22594550222923554,-0.17619799310141893,0.18327439914926705,0.37645671120812546,1.076004981705429,0.888364856764674,0.2225527182208223,1267200,1268400,14652000,293040000,0,12.349268699996173,0.9990214646464647,0.3479979482323232,1.0,1.438744624786947,2.7772656590603453,,,,0,0,0,-1.1192656580333795,1.329385418035743,4.464744736910211,0.35260578878806226,1267200,"[{""bias"": null, ""count"": 0, ""high"": -2.0, ""low"": ""-Infinity"", ""mae"": null}, {""bias"": null, ""count"": 0, ""high"": -1.0, ""low"": -2.0, ""mae"": null}, {""bias"": null, ""count"": 0, ""high"": -0.25, ""low"": -1.0, ""mae"": null}, {""bias"": null, ""count"": 0, ""high"": 0.25, ""low"": -0.25, ""mae"": null}, {""bias"": null, ""count"": 0, ""high"": 1.0, ""low"": 0.25, ""mae"": null}, {""bias"": null, ""count"": 0, ""high"": 2.0, ""low"": 1.0, ""mae"": null}, {""bias"": null, ""count"": 0, ""high"": ""Infinity"", ""low"": 2.0, ""mae"": null}]",0.900493054129431,0.9016263388831245,0.876926504623749,0.20482939823213675
raw/e5/N4/d20/n4_M6/centre/rep01.npz,e5,,N4,N4_published_vb,published_vb,20,4,6,centre,centre,0.0,1,16,float64,0.9098809657239971,0.2284361320126587,-0.17648064948302922,0.18380104791981183,0.3806064477058816,1.1016371734617272,0.8594813962547729,0.21531684818481855,1267200,1268400,14652000,293040000,0,12.447586299851537,0.9990025252525252,0.3470880681818182,1.0,1.436285012122618,2.7735639084969654,,,,0,0,0,-1.1219040453913718,1.3333104789644579,4.480234144872153,0.35217884295014495,1267200,"[{""bias"": null, ""count"": 0, ""high"": -2.0, ""low"": ""-Infinity"", ""mae"": null}, {""bias"": null, ""count"": 0, ""high"": -1.0, ""low"": -2.0, ""mae"": null}, {""bias"": null, ""count"": 0, ""high"": -0.25, ""low"": -1.0, ""mae"": null}, {""bias"": null, ""count"": 0, ""high"": 0.25, ""low"": -0.25, ""mae"": null}, {""bias"": null, ""count"": 0, ""high"": 1.0, ""low"": 0.25, ""mae"": null}, {""bias"": null, ""count"": 0, ""high"": 2.0, ""low"": 1.0, ""mae"": null}, {""bias"": null, ""count"": 0, ""high"": ""Infinity"", ""low"": 2.0, ""mae"": null}]",0.900493054129431,0.9016263388831245,0.876926504623749,0.20482939823213675
raw/e5/N4/d20/n4_M6/centre/rep02.npz,e5,,N4,N4_published_vb,published_vb,20,4,6,centre,centre,0.0,2,16,float64,0.8878039386390972,0.22289343921701335,-0.174563286276905,0.18158196511505,0.37137154866828687,1.107854172402288,0.8512530397050408,0.21325548443017592,1267200,1268400,14652000,293040000,0,12.541044400073588,0.9989599116161616,0.34625157828282827,1.0,1.433045418270467,2.7685826316278974,,,,0,0,0,-1.1137183296419833,1.3291592570895525,4.46794334939811,0.34918771549550054,1267200,"[{""bias"": null, ""count"": 0, ""high"": -2.0, ""low"": ""-Infinity"", ""mae"": null}, {""bias"": null, ""count"": 0, ""high"": -1.0, ""low"": -2.0, ""mae"": null}, {""bias"": null, ""count"": 0, ""high"": -0.25, ""low"": -1.0, ""mae"": null}, {""bias"": null, ""count"": 0, ""high"": 0.25, ""low"": -0.25, ""mae"": null}, {""bias"": null, ""count"": 0, ""high"": 1.0, ""low"": 0.25, ""mae"": null}, {""bias"": null, ""count"": 0, ""high"": 2.0, ""low"": 1.0, ""mae"": null}, {""bias"": null, ""count"": 0, ""high"": ""Infinity"", ""low"": 2.0, ""mae"": null}]",0.900493054129431,0.9016263388831245,0.876926504623749,0.20482939823213675
raw/e5/N4/d20/n4_M6/centre/rep03.npz,e5,,N4,N4_published_vb,published_vb,20,4,6,centre,centre,0.0,3,16,float64,0.904673990892182,0.22712886080370376,-0.17757842073748525,0.1837002885313705,0.37842835159365645,1.0889395740002095,0.8870283714715881,0.22221790259571791,1267200,1268400,14652000,293040000,0,12.360594100086018,0.9989954229797979,0.3456226325757576,1.0,1.433046011764004,2.7672901382807527,,,,0,0,0,-1.112952095275178,1.3233021862000096,4.443451192923785,0.34980409220771164,1267200,"[{""bias"": null, ""count"": 0, ""high"": -2.0, ""low"": ""-Infinity"", ""mae"": null}, {""bias"": null, ""count"": 0, ""high"": -1.0, ""low"": -2.0, ""mae"": null}, {""bias"": null, ""count"": 0, ""high"": -0.25, ""low"": -1.0, ""mae"": null}, {""bias"": null, ""count"": 0, ""high"": 0.25, ""low"": -0.25, ""mae"": null}, {""bias"": null, ""count"": 0, ""high"": 1.0, ""low"": 0.25, ""mae"": null}, {""bias"": null, ""count"": 0, ""high"": 2.0, ""low"": 1.0, ""mae"": null}, {""bias"": null, ""count"": 0, ""high"": ""Infinity"", ""low"": 2.0, ""mae"": null}]",0.900493054129431,0.9016263388831245,0.876926504623749,0.20482939823213675
raw/e5/N4/d20/n4_M6/centre/rep04.npz,e5,,N4,N4_published_vb,published_vb,20,4,6,centre,centre,0.0,4,16,float64,0.9017677851178042,0.22639922425679185,-0.17724850747627283,0.18356250481431136,0.37721267537032965,1.0688550546125528,0.8570406069265902,0.21470538286687504,1267200,1268400,14652000,293040000,0,13.207420000107959,0.9989867424242425,0.34590988005050505,1.0,1.4330101537382043,2.7678033735058567,,,,0,0,0,-1.1168443765313176,1.3275580115788719,4.446819249503254,0.354122810635296,1267200,"[{""bias"": null, ""count"": 0, ""high"": -2.0, ""low"": ""-Infinity"", ""mae"": null}, {""bias"": null, ""count"": 0, ""high"": -1.0, ""low"": -2.0, ""mae"": null}, {""bias"": null, ""count"": 0, ""high"": -0.25, ""low"": -1.0, ""mae"": null}, {""bias"": null, ""count"": 0, ""high"": 0.25, ""low"": -0.25, ""mae"": null}, {""bias"": null, ""count"": 0, ""high"": 1.0, ""low"": 0.25, ""mae"": null}, {""bias"": null, ""count"": 0, ""high"": 2.0, ""low"": 1.0, ""mae"": null}, {""bias"": null, ""count"": 0, ""high"": ""Infinity"", ""low"": 2.0, ""mae"": null}]",0.900493054129431,0.9016263388831245,0.876926504623749,0.20482939823213675
raw/e5/N4/d20/n4_M6/centre/rep05.npz,e5,,N4,N4_published_vb,published_vb,20,4,6,centre,centre,0.0,5,16,float64,0.9014848926484447,0.22632820083294805,-0.1758820587009885,0.18247342236335265,0.37709434044312296,1.0986552281600497,0.8989327758645761,0.2252001880117665,1267200,1268400,14652000,293040000,0,13.312561600003392,0.9989780618686869,0.3460921717171717,1.0,1.4336797893541486,2.768676189554584,,,,0,0,0,-1.1130887186656608,1.3259210036388696,4.45729527582315,0.35061045736621466,1267200,"[{""bias"": null, ""count"": 0, ""high"": -2.0, ""low"": ""-Infinity"", ""mae"": null}, {""bias"": null, ""count"": 0, ""high"": -1.0, ""low"": -2.0, ""mae"": null}, {""bias"": null, ""count"": 0, ""high"": -0.25, ""low"": -1.0, ""mae"": null}, {""bias"": null, ""count"": 0, ""high"": 0.25, ""low"": -0.25, ""mae"": null}, {""bias"": null, ""count"": 0, ""high"": 1.0, ""low"": 0.25, ""mae"": null}, {""bias"": null, ""count"": 0, ""high"": 2.0, ""low"": 1.0, ""mae"": null}, {""bias"": null, ""count"": 0, ""high"": ""Infinity"", ""low"": 2.0, ""mae"": null}]",0.900493054129431,0.9016263388831245,0.876926504623749,0.20482939823213675
raw/e5/N4/d20/n4_M6/centre/rep06.npz,e5,,N4,N4_published_vb,published_vb,20,4,6,centre,centre,0.0,6,16,float64,0.9138647858468661,0.22943631609583517,-0.17859749832605798,0.18470635350483025,0.38227289384816115,1.0723497998351021,0.8459331488201631,0.21192274803470487,1267200,1268400,14652000,293040000,0,12.637064600130543,0.9989827967171717,0.3474447601010101,1.0,1.4402026005263613,2.7783846012068207,,,,0,0,0,-1.1176319906501293,1.3284645122318943,4.4570145805356916,0.3489858699882078,1267200,"[{""bias"": null, ""count"": 0, ""high"": -2.0, ""low"": ""-Infinity"", ""mae"": null}, {""bias"": null, ""count"": 0, ""high"": -1.0, ""low"": -2.0, ""mae"": null}, {""bias"": null, ""count"": 0, ""high"": -0.25, ""low"": -1.0, ""mae"": null}, {""bias"": null, ""count"": 0, ""high"": 0.25, ""low"": -0.25, ""mae"": null}, {""bias"": null, ""count"": 0, ""high"": 1.0, ""low"": 0.25, ""mae"": null}, {""bias"": null, ""count"": 0, ""high"": 2.0, ""low"": 1.0, ""mae"": null}, {""bias"": null, ""count"": 0, ""high"": ""Infinity"", ""low"": 2.0, ""mae"": null}]",0.900493054129431,0.9016263388831245,0.876926504623749,0.20482939823213675
raw/e5/N4/d20/n4_M6/centre/rep07.npz,e5,,N4,N4_published_vb,published_vb,20,4,6,centre,centre,0.0,7,16,float64,0.9032583125226348,0.22677343838791988,-0.17610007112119602,0.18215390729026898,0.37783616829097716,1.0847181399408554,0.8859208506988305,0.22194044704737387,1267200,1268400,14652000,293040000,0,12.65640960005112,0.9989678030303031,0.34524147727272725,1.0,1.429199683328938,2.762460997366602,,,,0,0,0,-1.1114130149678763,1.322324385854816,4.428313031528694,0.3509673009185137,1267200,"[{""bias"": null, ""count"": 0, ""high"": -2.0, ""low"": ""-Infinity"", ""mae"": null}, {""bias"": null, ""count"": 0, ""high"": -1.0, ""low"": -2.0, ""mae"": null}, {""bias"": null, ""count"": 0, ""high"": -0.25, ""low"": -1.0, ""mae"": null}, {""bias"": null, ""count"": 0, ""high"": 0.25, ""low"": -0.25, ""mae"": null}, {""bias"": null, ""count"": 0, ""high"": 1.0, ""low"": 0.25, ""mae"": null}, {""bias"": null, ""count"": 0, ""high"": 2.0, ""low"": 1.0, ""mae"": null}, {""bias"": null, ""count"": 0, ""high"": ""Infinity"", ""low"": 2.0, ""mae"": null}]",0.900493054129431,0.9016263388831245,0.876926504623749,0.20482939823213675
raw/e5/N4/d20/n4_M6/centre/rep08.npz,e5,,N4,N4_published_vb,published_vb,20,4,6,centre,centre,0.0,8,16,float64,0.8957327491261563,0.2248840587236913,-0.17571021851020294,0.18184277935617477,0.37468819832653244,1.146441267538987,0.889899330149167,0.22293713372325463,1267200,1268400,14652000,293040000,0,12.360486299963668,0.9989954229797979,0.348989898989899,1.0,1.4495459142552574,2.7916872248007616,,,,0,0,0,-1.1221711014652,1.3377333295576401,4.495139812462208,0.3479902395281684,1267200,"[{""bias"": null, ""count"": 0, ""high"": -2.0, ""low"": ""-Infinity"", ""mae"": null}, {""bias"": null, ""count"": 0, ""high"": -1.0, ""low"": -2.0, ""mae"": null}, {""bias"": null, ""count"": 0, ""high"": -0.25, ""low"": -1.0, ""mae"": null}, {""bias"": null, ""count"": 0, ""high"": 0.25, ""low"": -0.25, ""mae"": null}, {""bias"": null, ""count"": 0, ""high"": 1.0, ""low"": 0.25, ""mae"": null}, {""bias"": null, ""count"": 0, ""high"": 2.0, ""low"": 1.0, ""mae"": null}, {""bias"": null, ""count"": 0, ""high"": ""Infinity"", ""low"": 2.0, ""mae"": null}]",0.900493054129431,0.9016263388831245,0.876926504623749,0.20482939823213675
raw/e5/N4/d20/n4_M6/centre/rep09.npz,e5,,N4,N4_published_vb,published_vb,20,4,6,centre,centre,0.0,9,16,float64,0.886502549925149,0.2225667105401224,-0.17327291887844545,0.18046133740832737,0.37082717313548713,1.0998815653088954,0.8879002318577901,0.22243632062225374,1267200,1268400,14652000,293040000,0,12.412966700037941,0.9989954229797979,0.34640309343434345,1.0,1.4330624238092518,2.7683823560060565,,,,0,0,0,-1.1145652804956723,1.3265733937041138,4.4555182338954715,0.349259910693639,1267200,"[{""bias"": null, ""count"": 0, ""high"": -2.0, ""low"": ""-Infinity"", ""mae"": null}, {""bias"": null, ""count"": 0, ""high"": -1.0, ""low"": -2.0, ""mae"": null}, {""bias"": null, ""count"": 0, ""high"": -0.25, ""low"": -1.0, ""mae"": null}, {""bias"": null, ""count"": 0, ""high"": 0.25, ""low"": -0.25, ""mae"": null}, {""bias"": null, ""count"": 0, ""high"": 1.0, ""low"": 0.25, ""mae"": null}, {""bias"": null, ""count"": 0, ""high"": 2.0, ""low"": 1.0, ""mae"": null}, {""bias"": null, ""count"": 0, ""high"": ""Infinity"", ""low"": 2.0, ""mae"": null}]",0.900493054129431,0.9016263388831245,0.876926504623749,0.20482939823213675
raw/e5/N4/d20/n4_M6/oracle_state/rep00.npz,e5,,N4,N4_published_vb,published_vb,20,4,6,oracle_state,oracle_state,1.0,0,16,float64,0.14280240586836568,0.035852194372166434,-0.00016814250232396736,0.02497689978858603,0.05973475484033717,0.78237375412856,0.13100479070315169,0.03281925444137593,1267200,1268400,14652000,293040000,0,12.351628000149503,0.0,0.0,0.0,0.0,0.0,,,,0,0,0,0.0,0.0,0.0,0.36561186681751895,1267200,"[{""bias"": null, ""count"": 0, ""high"": -2.0, ""low"": ""-Infinity"", ""mae"": null}, {""bias"": null, ""count"": 0, ""high"": -1.0, ""low"": -2.0, ""mae"": null}, {""bias"": null, ""count"": 0, ""high"": -0.25, ""low"": -1.0, ""mae"": null}, {""bias"": null, ""count"": 0, ""high"": 0.25, ""low"": -0.25, ""mae"": null}, {""bias"": null, ""count"": 0, ""high"": 1.0, ""low"": 0.25, ""mae"": null}, {""bias"": null, ""count"": 0, ""high"": 2.0, ""low"": 1.0, ""mae"": null}, {""bias"": null, ""count"": 0, ""high"": ""Infinity"", ""low"": 2.0, ""mae"": null}]",0.14820269370320754,0.14744796960717416,0.04732981170096092,0.14051121699918304
raw/e5/N4/d20/n4_M6/oracle_state/rep01.npz,e5,,N4,N4_published_vb,published_vb,20,4,6,oracle_state,oracle_state,1.0,1,16,float64,0.14813744193546374,0.037191616834253184,0.00036240354097386067,0.026349333727299605,0.061966419423258985,0.7764821447126541,0.14413622775357052,0.03610893546315736,1267200,1268400,14652000,293040000,0,12.44869099999778,0.0,0.0,0.0,0.0,0.0,,,,0,0,0,0.0,0.0,0.0,0.36502679853851805,1267200,"[{""bias"": null, ""count"": 0, ""high"": -2.0, ""low"": ""-Infinity"", ""mae"": null}, {""bias"": null, ""count"": 0, ""high"": -1.0, ""low"": -2.0, ""mae"": null}, {""bias"": null, ""count"": 0, ""high"": -0.25, ""low"": -1.0, ""mae"": null}, {""bias"": null, ""count"": 0, ""high"": 0.25, ""low"": -0.25, ""mae"": null}, {""bias"": null, ""count"": 0, ""high"": 1.0, ""low"": 0.25, ""mae"": null}, {""bias"": null, ""count"": 0, ""high"": 2.0, ""low"": 1.0, ""mae"": null}, {""bias"": null, ""count"": 0, ""high"": ""Infinity"", ""low"": 2.0, ""mae"": null}]",0.14820269370320754,0.14744796960717416,0.04732981170096092,0.14051121699918304
raw/e5/N4/d20/n4_M6/oracle_state/rep02.npz,e5,,N4,N4_published_vb,published_vb,20,4,6,oracle_state,oracle_state,1.0,2,16,float64,0.15679045805849748,0.0393640565355455,-0.0024414614727968974,0.027252898414053126,0.06558600687765641,0.7763818063381523,0.13672166908334643,0.03425144394500374,1267200,1268400,14652000,293040000,0,12.357159099774435,0.0,0.0,0.0,0.0,0.0,,,,0,0,0,0.0,0.0,0.0,0.3623660945430502,1267200,"[{""bias"": null, ""count"": 0, ""high"": -2.0, ""low"": ""-Infinity"", ""mae"": null}, {""bias"": null, ""count"": 0, ""high"": -1.0, ""low"": -2.0, ""mae"": null}, {""bias"": null, ""count"": 0, ""high"": -0.25, ""low"": -1.0, ""mae"": null}, {""bias"": null, ""count"": 0, ""high"": 0.25, ""low"": -0.25, ""mae"": null}, {""bias"": null, ""count"": 0, ""high"": 1.0, ""low"": 0.25, ""mae"": null}, {""bias"": null, ""count"": 0, ""high"": 2.0, ""low"": 1.0, ""mae"": null}, {""bias"": null, ""count"": 0, ""high"": ""Infinity"", ""low"": 2.0, ""mae"": null}]",0.14820269370320754,0.14744796960717416,0.04732981170096092,0.14051121699918304
raw/e5/N4/d20/n4_M6/oracle_state/rep03.npz,e5,,N4,N4_published_vb,published_vb,20,4,6,oracle_state,oracle_state,1.0,3,16,float64,0.15434149722162083,0.03874921661460985,-0.0010599016366961548,0.027097334575824483,0.06456159783976344,0.7778684827042107,0.1509393102298646,0.03781324027198745,1267200,1268400,14652000,293040000,0,12.188376200152561,0.0,0.0,0.0,0.0,0.0,,,,0,0,0,0.0,0.0,0.0,0.36321353681182206,1267200,"[{""bias"": null, ""count"": 0, ""high"": -2.0, ""low"": ""-Infinity"", ""mae"": null}, {""bias"": null, ""count"": 0, ""high"": -1.0, ""low"": -2.0, ""mae"": null}, {""bias"": null, ""count"": 0, ""high"": -0.25, ""low"": -1.0, ""mae"": null}, {""bias"": null, ""count"": 0, ""high"": 0.25, ""low"": -0.25, ""mae"": null}, {""bias"": null, ""count"": 0, ""high"": 1.0, ""low"": 0.25, ""mae"": null}, {""bias"": null, ""count"": 0, ""high"": 2.0, ""low"": 1.0, ""mae"": null}, {""bias"": null, ""count"": 0, ""high"": ""Infinity"", ""low"": 2.0, ""mae"": null}]",0.14820269370320754,0.14744796960717416,0.04732981170096092,0.14051121699918304
raw/e5/N4/d20/n4_M6/oracle_state/rep04.npz,e5,,N4,N4_published_vb,published_vb,20,4,6,oracle_state,oracle_state,1.0,4,16,float64,0.15153087591519188,0.03804357765305392,-0.001937937781325605,0.026993902372711643,0.06338590493972,0.7777958998361036,0.15142525860582104,0.03793497981533,1267200,1268400,14652000,293040000,0,12.408197700046003,0.0,0.0,0.0,0.0,0.0,,,,0,0,0,0.0,0.0,0.0,0.36805057390226087,1267200,"[{""bias"": null, ""count"": 0, ""high"": -2.0, ""low"": ""-Infinity"", ""mae"": null}, {""bias"": null, ""count"": 0, ""high"": -1.0, ""low"": -2.0, ""mae"": null}, {""bias"": null, ""count"": 0, ""high"": -0.25, ""low"": -1.0, ""mae"": null}, {""bias"": null, ""count"": 0, ""high"": 0.25, ""low"": -0.25, ""mae"": null}, {""bias"": null, ""count"": 0, ""high"": 1.0, ""low"": 0.25, ""mae"": null}, {""bias"": null, ""count"": 0, ""high"": 2.0, ""low"": 1.0, ""mae"": null}, {""bias"": null, ""count"": 0, ""high"": ""Infinity"", ""low"": 2.0, ""mae"": null}]",0.14820269370320754,0.14744796960717416,0.04732981170096092,0.14051121699918304
raw/e5/N4/d20/n4_M6/oracle_state/rep05.npz,e5,,N4,N4_published_vb,published_vb,20,4,6,oracle_state,oracle_state,1.0,5,16,float64,0.14492571588990155,0.03638527589233805,-0.0017287853038375357,0.025842227105155158,0.06062294298265315,0.7677875207963479,0.14969060089025202,0.037500414234709706,1267200,1268400,14652000,293040000,0,12.348878599936143,0.0,0.0,0.0,0.0,0.0,,,,0,0,0,0.0,0.0,0.0,0.3630429209366377,1267200,"[{""bias"": null, ""count"": 0, ""high"": -2.0, ""low"": ""-Infinity"", ""mae"": null}, {""bias"": null, ""count"": 0, ""high"": -1.0, ""low"": -2.0, ""mae"": null}, {""bias"": null, ""count"": 0, ""high"": -0.25, ""low"": -1.0, ""mae"": null}, {""bias"": null, ""count"": 0, ""high"": 0.25, ""low"": -0.25, ""mae"": null}, {""bias"": null, ""count"": 0, ""high"": 1.0, ""low"": 0.25, ""mae"": null}, {""bias"": null, ""count"": 0, ""high"": 2.0, ""low"": 1.0, ""mae"": null}, {""bias"": null, ""count"": 0, ""high"": ""Infinity"", ""low"": 2.0, ""mae"": null}]",0.14820269370320754,0.14744796960717416,0.04732981170096092,0.14051121699918304
raw/e5/N4/d20/n4_M6/oracle_state/rep06.npz,e5,,N4,N4_published_vb,published_vb,20,4,6,oracle_state,oracle_state,1.0,6,16,float64,0.14460018058024454,0.03630354649061085,0.0004561768760443763,0.025869676831413998,0.060486770403514946,0.7817465724867845,0.14428399264750935,0.03614595345025273,1267200,1268400,14652000,293040000,0,12.12905290001072,0.0,0.0,0.0,0.0,0.0,,,,0,0,0,0.0,0.0,0.0,0.3626076461842129,1267200,"[{""bias"": null, ""count"": 0, ""high"": -2.0, ""low"": ""-Infinity"", ""mae"": null}, {""bias"": null, ""count"": 0, ""high"": -1.0, ""low"": -2.0, ""mae"": null}, {""bias"": null, ""count"": 0, ""high"": -0.25, ""low"": -1.0, ""mae"": null}, {""bias"": null, ""count"": 0, ""high"": 0.25, ""low"": -0.25, ""mae"": null}, {""bias"": null, ""count"": 0, ""high"": 1.0, ""low"": 0.25, ""mae"": null}, {""bias"": null, ""count"": 0, ""high"": 2.0, ""low"": 1.0, ""mae"": null}, {""bias"": null, ""count"": 0, ""high"": ""Infinity"", ""low"": 2.0, ""mae"": null}]",0.14820269370320754,0.14744796960717416,0.04732981170096092,0.14051121699918304
raw/e5/N4/d20/n4_M6/oracle_state/rep07.npz,e5,,N4,N4_published_vb,published_vb,20,4,6,oracle_state,oracle_state,1.0,7,16,float64,0.14691382347665163,0.03688441327871127,-0.00046001904240622565,0.026356140001002948,0.06145457546509328,0.7679837756456767,0.13680757166523416,0.03427296421672062,1267200,1268400,14652000,293040000,0,12.095727799925953,0.0,0.0,0.0,0.0,0.0,,,,0,0,0,0.0,0.0,0.0,0.36410037835830183,1267200,"[{""bias"": null, ""count"": 0, ""high"": -2.0, ""low"": ""-Infinity"", ""mae"": null}, {""bias"": null, ""count"": 0, ""high"": -1.0, ""low"": -2.0, ""mae"": null}, {""bias"": null, ""count"": 0, ""high"": -0.25, ""low"": -1.0, ""mae"": null}, {""bias"": null, ""count"": 0, ""high"": 0.25, ""low"": -0.25, ""mae"": null}, {""bias"": null, ""count"": 0, ""high"": 1.0, ""low"": 0.25, ""mae"": null}, {""bias"": null, ""count"": 0, ""high"": 2.0, ""low"": 1.0, ""mae"": null}, {""bias"": null, ""count"": 0, ""high"": ""Infinity"", ""low"": 2.0, ""mae"": null}]",0.14820269370320754,0.14744796960717416,0.04732981170096092,0.14051121699918304
raw/e5/N4/d20/n4_M6/oracle_state/rep08.npz,e5,,N4,N4_published_vb,published_vb,20,4,6,oracle_state,oracle_state,1.0,8,16,float64,0.14798211573769668,0.03715262039718638,-0.0007527484679884196,0.026682498700622323,0.06190144592167492,0.7854000950654401,0.1465675194467842,0.036718021438353406,1267200,1268400,14652000,293040000,0,12.139744299929589,0.0,0.0,0.0,0.0,0.0,,,,0,0,0,0.0,0.0,0.0,0.361637761317963,1267200,"[{""bias"": null, ""count"": 0, ""high"": -2.0, ""low"": ""-Infinity"", ""mae"": null}, {""bias"": null, ""count"": 0, ""high"": -1.0, ""low"": -2.0, ""mae"": null}, {""bias"": null, ""count"": 0, ""high"": -0.25, ""low"": -1.0, ""mae"": null}, {""bias"": null, ""count"": 0, ""high"": 0.25, ""low"": -0.25, ""mae"": null}, {""bias"": null, ""count"": 0, ""high"": 1.0, ""low"": 0.25, ""mae"": null}, {""bias"": null, ""count"": 0, ""high"": 2.0, ""low"": 1.0, ""mae"": null}, {""bias"": null, ""count"": 0, ""high"": ""Infinity"", ""low"": 2.0, ""mae"": null}]",0.14820269370320754,0.14744796960717416,0.04732981170096092,0.14051121699918304
raw/e5/N4/d20/n4_M6/oracle_state/rep09.npz,e5,,N4,N4_published_vb,published_vb,20,4,6,oracle_state,oracle_state,1.0,9,16,float64,0.14400242234844168,0.03615347237817668,-0.0013722939352270398,0.026014755378528327,0.060236726006759826,0.7845185772128642,0.14979476041018916,0.03752650822538715,1267200,1268400,14652000,293040000,0,12.164995400002226,0.0,0.0,0.0,0.0,0.0,,,,0,0,0,0.0,0.0,0.0,0.3630487541902638,1267200,"[{""bias"": null, ""count"": 0, ""high"": -2.0, ""low"": ""-Infinity"", ""mae"": null}, {""bias"": null, ""count"": 0, ""high"": -1.0, ""low"": -2.0, ""mae"": null}, {""bias"": null, ""count"": 0, ""high"": -0.25, ""low"": -1.0, ""mae"": null}, {""bias"": null, ""count"": 0, ""high"": 0.25, ""low"": -0.25, ""mae"": null}, {""bias"": null, ""count"": 0, ""high"": 1.0, ""low"": 0.25, ""mae"": null}, {""bias"": null, ""count"": 0, ""high"": 2.0, ""low"": 1.0, ""mae"": null}, {""bias"": null, ""count"": 0, ""high"": ""Infinity"", ""low"": 2.0, ""mae"": null}]",0.14820269370320754,0.14744796960717416,0.04732981170096092,0.14051121699918304
raw/e5/N4/d20/n4_M6/raw/rep00.npz,e5,,N4,N4_published_vb,published_vb,20,4,6,raw,raw,1.0,0,16,float64,2.5937788817613856,0.6511981647777679,0.05220303697196729,0.3226868895940425,1.0849869417107842,12.493444674395848,2.6637043265076255,0.6673098714865892,1267200,1268400,14652000,293040000,0,12.251022199867293,0.9987365845959596,0.3488873106060606,0.0,1.533538555022524,0.0,,,,0,0,0,-1.01841930514377,1.3843439443376049,5.500438761282622,0.3582300775388764,1267200,"[{""bias"": null, ""count"": 0, ""high"": -2.0, ""low"": ""-Infinity"", ""mae"": null}, {""bias"": null, ""count"": 0, ""high"": -1.0, ""low"": -2.0, ""mae"": null}, {""bias"": null, ""count"": 0, ""high"": -0.25, ""low"": -1.0, ""mae"": null}, {""bias"": null, ""count"": 0, ""high"": 0.25, ""low"": -0.25, ""mae"": null}, {""bias"": null, ""count"": 0, ""high"": 1.0, ""low"": 0.25, ""mae"": null}, {""bias"": null, ""count"": 0, ""high"": 2.0, ""low"": 1.0, ""mae"": null}, {""bias"": null, ""count"": 0, ""high"": ""Infinity"", ""low"": 2.0, ""mae"": null}]",5.114172474584106,3.6783133614392334,2.2291274666487255,6.14372061781426
raw/e5/N4/d20/n4_M6/raw/rep01.npz,e5,,N4,N4_published_vb,published_vb,20,4,6,raw,raw,1.0,1,16,float64,17.00219188400201,4.268596768180534,0.16972324440644976,0.47455655230891713,7.11207740348173,89.72163217101982,3.7442984008035998,0.9380197568412586,1267200,1268400,14652000,293040000,0,12.16989709995687,0.9987547348484849,0.3480729166666667,0.0,1.5546214796276792,0.0,,,,0,0,0,-1.0207941844478037,1.3915486241871116,14.997234019048609,0.3595571073824572,1267200,"[{""bias"": null, ""count"": 0, ""high"": -2.0, ""low"": ""-Infinity"", ""mae"": null}, {""bias"": null, ""count"": 0, ""high"": -1.0, ""low"": -2.0, ""mae"": null}, {""bias"": null, ""count"": 0, ""high"": -0.25, ""low"": -1.0, ""mae"": null}, {""bias"": null, ""count"": 0, ""high"": 0.25, ""low"": -0.25, ""mae"": null}, {""bias"": null, ""count"": 0, ""high"": 1.0, ""low"": 0.25, ""mae"": null}, {""bias"": null, ""count"": 0, ""high"": 2.0, ""low"": 1.0, ""mae"": null}, {""bias"": null, ""count"": 0, ""high"": ""Infinity"", ""low"": 2.0, ""mae"": null}]",5.114172474584106,3.6783133614392334,2.2291274666487255,6.14372061781426
raw/e5/N4/d20/n4_M6/raw/rep02.npz,e5,,N4,N4_published_vb,published_vb,20,4,6,raw,raw,1.0,2,16,float64,3.9444068507770105,0.9902889257154271,0.11813624364489331,0.37894987262511726,1.649959430227684,15.480169092661578,2.1265730588529625,0.532748015794444,1267200,1268400,14652000,293040000,0,12.26016220008023,0.9987294823232323,0.34700994318181816,0.0,1.526450252045996,0.0,,,,0,0,0,-1.0195928937927867,1.3860469341493578,5.522605047541714,0.35460873115071395,1267200,"[{""bias"": null, ""count"": 0, ""high"": -2.0, ""low"": ""-Infinity"", ""mae"": null}, {""bias"": null, ""count"": 0, ""high"": -1.0, ""low"": -2.0, ""mae"": null}, {""bias"": null, ""count"": 0, ""high"": -0.25, ""low"": -1.0, ""mae"": null}, {""bias"": null, ""count"": 0, ""high"": 0.25, ""low"": -0.25, ""mae"": null}, {""bias"": null, ""count"": 0, ""high"": 1.0, ""low"": 0.25, ""mae"": null}, {""bias"": null, ""count"": 0, ""high"": 2.0, ""low"": 1.0, ""mae"": null}, {""bias"": null, ""count"": 0, ""high"": ""Infinity"", ""low"": 2.0, ""mae"": null}]",5.114172474584106,3.6783133614392334,2.2291274666487255,6.14372061781426
raw/e5/N4/d20/n4_M6/raw/rep03.npz,e5,,N4,N4_published_vb,published_vb,20,4,6,raw,raw,1.0,3,16,float64,3.31790727657732,0.8329989671065255,0.04006402656740845,0.3498794551700711,1.3878924276108575,14.500804167882311,2.252407929767855,0.5642721045242327,1267200,1268400,14652000,293040000,0,12.107911600032821,0.9987760416666667,0.34649542297979796,0.0,1.5322911059879816,0.0,,,,0,0,0,-1.0117962429267482,1.3799384594574378,5.535618822074232,0.3554817509360041,1267200,"[{""bias"": null, ""count"": 0, ""high"": -2.0, ""low"": ""-Infinity"", ""mae"": null}, {""bias"": null, ""count"": 0, ""high"": -1.0, ""low"": -2.0, ""mae"": null}, {""bias"": null, ""count"": 0, ""high"": -0.25, ""low"": -1.0, ""mae"": null}, {""bias"": null, ""count"": 0, ""high"": 0.25, ""low"": -0.25, ""mae"": null}, {""bias"": null, ""count"": 0, ""high"": 1.0, ""low"": 0.25, ""mae"": null}, {""bias"": null, ""count"": 0, ""high"": 2.0, ""low"": 1.0, ""mae"": null}, {""bias"": null, ""count"": 0, ""high"": ""Infinity"", ""low"": 2.0, ""mae"": null}]",5.114172474584106,3.6783133614392334,2.2291274666487255,6.14372061781426
raw/e5/N4/d20/n4_M6/raw/rep04.npz,e5,,N4,N4_published_vb,published_vb,20,4,6,raw,raw,1.0,4,16,float64,5.162248909159934,1.296042249171276,0.07608483971253147,0.36850051869285144,2.1593870995262927,31.092687338627865,3.3347752504057464,0.8354262226628351,1267200,1268400,14652000,293040000,0,12.785163899883628,0.9987531565656566,0.3468276515151515,0.0,1.5404067084911504,0.0,,,,0,0,0,-1.0142152604627062,1.385618821619787,6.552597980949853,0.3608237018102794,1267200,"[{""bias"": null, ""count"": 0, ""high"": -2.0, ""low"": ""-Infinity"", ""mae"": null}, {""bias"": null, ""count"": 0, ""high"": -1.0, ""low"": -2.0, ""mae"": null}, {""bias"": null, ""count"": 0, ""high"": -0.25, ""low"": -1.0, ""mae"": null}, {""bias"": null, ""count"": 0, ""high"": 0.25, ""low"": -0.25, ""mae"": null}, {""bias"": null, ""count"": 0, ""high"": 1.0, ""low"": 0.25, ""mae"": null}, {""bias"": null, ""count"": 0, ""high"": 2.0, ""low"": 1.0, ""mae"": null}, {""bias"": null, ""count"": 0, ""high"": ""Infinity"", ""low"": 2.0, ""mae"": null}]",5.114172474584106,3.6783133614392334,2.2291274666487255,6.14372061781426
raw/e5/N4/d20/n4_M6/raw/rep05.npz,e5,,N4,N4_published_vb,published_vb,20,4,6,raw,raw,1.0,5,16,float64,2.75155958774425,0.6908108344991009,0.06481300915531003,0.3455987604731868,1.1509871728211034,12.463955939146752,3.4272486176586483,0.858592604232809,1267200,1268400,14652000,293040000,0,12.29925679997541,0.9986987058080808,0.3469097222222222,0.0,1.5298700794803288,0.0,,,,0,0,0,-1.0126674610661053,1.3810660362431386,5.518542663505919,0.3562922198790873,1267200,"[{""bias"": null, ""count"": 0, ""high"": -2.0, ""low"": ""-Infinity"", ""mae"": null}, {""bias"": null, ""count"": 0, ""high"": -1.0, ""low"": -2.0, ""mae"": null}, {""bias"": null, ""count"": 0, ""high"": -0.25, ""low"": -1.0, ""mae"": null}, {""bias"": null, ""count"": 0, ""high"": 0.25, ""low"": -0.25, ""mae"": null}, {""bias"": null, ""count"": 0, ""high"": 1.0, ""low"": 0.25, ""mae"": null}, {""bias"": null, ""count"": 0, ""high"": 2.0, ""low"": 1.0, ""mae"": null}, {""bias"": null, ""count"": 0, ""high"": ""Infinity"", ""low"": 2.0, ""mae"": null}]",5.114172474584106,3.6783133614392334,2.2291274666487255,6.14372061781426
raw/e5/N4/d20/n4_M6/raw/rep06.npz,e5,,N4,N4_published_vb,published_vb,20,4,6,raw,raw,1.0,6,16,float64,5.213420238986296,1.308889402915367,0.12587698970174024,0.40537391099327846,2.180792248994499,25.722189701161554,2.6388583943037913,0.6610854810161787,1267200,1268400,14652000,293040000,0,10.559509599814191,0.9987602588383838,0.34837357954545456,0.0,1.546948145714001,0.0,,,,0,0,0,-1.0150623993380712,1.3829204935654478,6.29206251291983,0.3557743216421548,1267200,"[{""bias"": null, ""count"": 0, ""high"": -2.0, ""low"": ""-Infinity"", ""mae"": null}, {""bias"": null, ""count"": 0, ""high"": -1.0, ""low"": -2.0, ""mae"": null}, {""bias"": null, ""count"": 0, ""high"": -0.25, ""low"": -1.0, ""mae"": null}, {""bias"": null, ""count"": 0, ""high"": 0.25, ""low"": -0.25, ""mae"": null}, {""bias"": null, ""count"": 0, ""high"": 1.0, ""low"": 0.25, ""mae"": null}, {""bias"": null, ""count"": 0, ""high"": 2.0, ""low"": 1.0, ""mae"": null}, {""bias"": null, ""count"": 0, ""high"": ""Infinity"", ""low"": 2.0, ""mae"": null}]",5.114172474584106,3.6783133614392334,2.2291274666487255,6.14372061781426
raw/e5/N4/d20/n4_M6/raw/rep07.npz,e5,,N4,N4_published_vb,published_vb,20,4,6,raw,raw,1.0,7,16,float64,3.412219872101456,0.8566772341911271,0.10411645028874882,0.37171557280073936,1.4273437221302459,13.232599349115166,2.005535871112919,0.5024258402466034,1267200,1268400,14652000,293040000,0,10.618084700079635,0.9987689393939394,0.3459951073232323,0.0,1.529837586419157,0.0,,,,0,0,0,-1.0129422187462214,1.3777760630267113,5.453783720160149,0.35686434521955956,1267200,"[{""bias"": null, ""count"": 0, ""high"": -2.0, ""low"": ""-Infinity"", ""mae"": null}, {""bias"": null, ""count"": 0, ""high"": -1.0, ""low"": -2.0, ""mae"": null}, {""bias"": null, ""count"": 0, ""high"": -0.25, ""low"": -1.0, ""mae"": null}, {""bias"": null, ""count"": 0, ""high"": 0.25, ""low"": -0.25, ""mae"": null}, {""bias"": null, ""count"": 0, ""high"": 1.0, ""low"": 0.25, ""mae"": null}, {""bias"": null, ""count"": 0, ""high"": 2.0, ""low"": 1.0, ""mae"": null}, {""bias"": null, ""count"": 0, ""high"": ""Infinity"", ""low"": 2.0, ""mae"": null}]",5.114172474584106,3.6783133614392334,2.2291274666487255,6.14372061781426
raw/e5/N4/d20/n4_M6/raw/rep08.npz,e5,,N4,N4_published_vb,published_vb,20,4,6,raw,raw,1.0,8,16,float64,2.9375273599787977,0.7375001929631151,0.08901449103963506,0.360904448855875,1.2287781541080316,20.147520889727836,2.1565248144621627,0.5402515145827566,1267200,1268400,14652000,293040000,0,8.506855399813503,0.9987736742424242,0.3498287563131313,0.0,1.5500955267183416,0.0,,,,0,0,0,-1.0209625933321367,1.3948021386189622,5.731900837937123,0.35377641480612093,1267200,"[{""bias"": null, ""count"": 0, ""high"": -2.0, ""low"": ""-Infinity"", ""mae"": null}, {""bias"": null, ""count"": 0, ""high"": -1.0, ""low"": -2.0, ""mae"": null}, {""bias"": null, ""count"": 0, ""high"": -0.25, ""low"": -1.0, ""mae"": null}, {""bias"": null, ""count"": 0, ""high"": 0.25, ""low"": -0.25, ""mae"": null}, {""bias"": null, ""count"": 0, ""high"": 1.0, ""low"": 0.25, ""mae"": null}, {""bias"": null, ""count"": 0, ""high"": 2.0, ""low"": 1.0, ""mae"": null}, {""bias"": null, ""count"": 0, ""high"": ""Infinity"", ""low"": 2.0, ""mae"": null}]",5.114172474584106,3.6783133614392334,2.2291274666487255,6.14372061781426
raw/e5/N4/d20/n4_M6/raw/rep09.npz,e5,,N4,N4_published_vb,published_vb,20,4,6,raw,raw,1.0,9,16,float64,4.806463884752608,1.2067183069576166,0.14102626447376307,0.41911533707147913,2.010560957000195,16.713604266498834,2.5643822148966593,0.6424277459160728,1267200,1268400,14652000,293040000,0,8.510882300091907,0.9987902462121212,0.34732796717171716,0.0,1.532240621311134,0.0,,,,0,0,0,-1.016228522153575,1.3870706441169198,5.5936324475701324,0.3557943366921958,1267200,"[{""bias"": null, ""count"": 0, ""high"": -2.0, ""low"": ""-Infinity"", ""mae"": null}, {""bias"": null, ""count"": 0, ""high"": -1.0, ""low"": -2.0, ""mae"": null}, {""bias"": null, ""count"": 0, ""high"": -0.25, ""low"": -1.0, ""mae"": null}, {""bias"": null, ""count"": 0, ""high"": 0.25, ""low"": -0.25, ""mae"": null}, {""bias"": null, ""count"": 0, ""high"": 1.0, ""low"": 0.25, ""mae"": null}, {""bias"": null, ""count"": 0, ""high"": 2.0, ""low"": 1.0, ""mae"": null}, {""bias"": null, ""count"": 0, ""high"": ""Infinity"", ""low"": 2.0, ""mae"": null}]",5.114172474584106,3.6783133614392334,2.2291274666487255,6.14372061781426
raw/e5/N4/d50/n3_M6/box/rep00.npz,e5,e0,N4,N4_published_vb,published_vb,50,3,6,box,box,1.0,0,4,float64,1.5092741241806658,0.4744558613958325,-0.36034885443345444,0.37846733573643265,0.7408329222980878,2.383556357045415,1.4400526144485923,0.47151192938777164,100800,102000,1173600,58680000,0,1.5122159000020474,1.0,0.3035813492063492,1.0,6.173483288639621,6.173483288639621,,,,0,0,0,-2.561227698238398,2.873306899255735,27.43771716567357,0.4120554751136248,100800,"[{""bias"": null, ""count"": 0, ""high"": -2.0, ""low"": ""-Infinity"", ""mae"": null}, {""bias"": null, ""count"": 0, ""high"": -1.0, ""low"": -2.0, ""mae"": null}, {""bias"": null, ""count"": 0, ""high"": -0.25, ""low"": -1.0, ""mae"": null}, {""bias"": null, ""count"": 0, ""high"": 0.25, ""low"": -0.25, ""mae"": null}, {""bias"": null, ""count"": 0, ""high"": 1.0, ""low"": 0.25, ""mae"": null}, {""bias"": null, ""count"": 0, ""high"": 2.0, ""low"": 1.0, ""mae"": null}, {""bias"": null, ""count"": 0, ""high"": ""Infinity"", ""low"": 2.0, ""mae"": null}]",1.4935346501047686,1.4947721053570522,1.4638248382217032,0.2965560328113336
raw/e5/N4/d50/n3_M6/box/rep01.npz,e5,e0,N4,N4_published_vb,published_vb,50,3,6,box,box,1.0,1,4,float64,1.4972859179361373,0.4706872453245629,-0.3583190910090831,0.374525517330253,0.7349484658412017,2.431099195770149,1.4314761862381142,0.4687037762882221,100800,102000,1173600,58680000,0,1.5004479000344872,1.0,0.3064980158730159,1.0,6.161747379615429,6.161747379615429,,,,0,0,0,-2.543627172101924,2.87113449233045,27.335792923938975,0.4043322697106881,100800,"[{""bias"": null, ""count"": 0, ""high"": -2.0, ""low"": ""-Infinity"", ""mae"": null}, {""bias"": null, ""count"": 0, ""high"": -1.0, ""low"": -2.0, ""mae"": null}, {""bias"": null, ""count"": 0, ""high"": -0.25, ""low"": -1.0, ""mae"": null}, {""bias"": null, ""count"": 0, ""high"": 0.25, ""low"": -0.25, ""mae"": null}, {""bias"": null, ""count"": 0, ""high"": 1.0, ""low"": 0.25, ""mae"": null}, {""bias"": null, ""count"": 0, ""high"": 2.0, ""low"": 1.0, ""mae"": null}, {""bias"": null, ""count"": 0, ""high"": ""Infinity"", ""low"": 2.0, ""mae"": null}]",1.4935346501047686,1.4947721053570522,1.4638248382217032,0.2965560328113336
raw/e5/N4/d50/n3_M6/box/rep02.npz,e5,e0,N4,N4_published_vb,published_vb,50,3,6,box,box,1.0,2,4,float64,1.4982900094089393,0.4710028918178115,-0.3607074403790961,0.3762862842952745,0.735441327944999,2.404021347323575,1.4364917556273495,0.4703460085066623,100800,102000,1173600,58680000,0,1.5235245001967996,1.0,0.30569444444444444,1.0,6.1579870047148635,6.1579870047148635,,,,0,0,0,-2.5616277080067573,2.8941792431390723,27.733806264788644,0.41373457957087617,100800,"[{""bias"": null, ""count"": 0, ""high"": -2.0, ""low"": ""-Infinity"", ""mae"": null}, {""bias"": null, ""count"": 0, ""high"": -1.0, ""low"": -2.0, ""mae"": null}, {""bias"": null, ""count"": 0, ""high"": -0.25, ""low"": -1.0, ""mae"": null}, {""bias"": null, ""count"": 0, ""high"": 0.25, ""low"": -0.25, ""mae"": null}, {""bias"": null, ""count"": 0, ""high"": 1.0, ""low"": 0.25, ""mae"": null}, {""bias"": null, ""count"": 0, ""high"": 2.0, ""low"": 1.0, ""mae"": null}, {""bias"": null, ""count"": 0, ""high"": ""Infinity"", ""low"": 2.0, ""mae"": null}]",1.4935346501047686,1.4947721053570522,1.4638248382217032,0.2965560328113336
raw/e5/N4/d50/n3_M6/box/rep03.npz,e5,,N4,N4_published_vb,published_vb,50,3,6,box,box,1.0,3,4,float64,1.47754905927571,0.46448276058123344,-0.35399776527845206,0.36890586171588297,0.7252605539873318,2.421300146936544,1.4168742188072736,0.463922699703177,100800,102000,1173600,58680000,0,1.7674368000589311,1.0,0.3051488095238095,1.0,6.169091532681617,6.169091532681617,,,,0,0,0,-2.543686970215038,2.8753403063044884,27.470870552652823,0.4098963048478896,100800,"[{""bias"": null, ""count"": 0, ""high"": -2.0, ""low"": ""-Infinity"", ""mae"": null}, {""bias"": null, ""count"": 0, ""high"": -1.0, ""low"": -2.0, ""mae"": null}, {""bias"": null, ""count"": 0, ""high"": -0.25, ""low"": -1.0, ""mae"": null}, {""bias"": null, ""count"": 0, ""high"": 0.25, ""low"": -0.25, ""mae"": null}, {""bias"": null, ""count"": 0, ""high"": 1.0, ""low"": 0.25, ""mae"": null}, {""bias"": null, ""count"": 0, ""high"": 2.0, ""low"": 1.0, ""mae"": null}, {""bias"": null, ""count"": 0, ""high"": ""Infinity"", ""low"": 2.0, ""mae"": null}]",1.4935346501047686,1.4947721053570522,1.4638248382217032,0.2965560328113336
raw/e5/N4/d50/n3_M6/box/rep04.npz,e5,,N4,N4_published_vb,published_vb,50,3,6,box,box,1.0,4,4,float64,1.4832884926445407,0.4662870105576324,-0.35051082945367573,0.36937160136906416,0.7280777766023915,2.6054890707282605,1.4503099578238163,0.47487045928919236,100800,102000,1173600,58680000,0,1.7832831998821348,1.0,0.3076686507936508,1.0,6.263216988641642,6.263216988641642,,,,0,0,0,-2.546979276179195,2.8858875525825605,27.49653961289408,0.40083871526316284,100800,"[{""bias"": null, ""count"": 0, ""high"": -2.0, ""low"": ""-Infinity"", ""mae"": null}, {""bias"": null, ""count"": 0, ""high"": -1.0, ""low"": -2.0, ""mae"": null}, {""bias"": null, ""count"": 0, ""high"": -0.25, ""low"": -1.0, ""mae"": null}, {""bias"": null, ""count"": 0, ""high"": 0.25, ""low"": -0.25, ""mae"": null}, {""bias"": null, ""count"": 0, ""high"": 1.0, ""low"": 0.25, ""mae"": null}, {""bias"": null, ""count"": 0, ""high"": 2.0, ""low"": 1.0, ""mae"": null}, {""bias"": null, ""count"": 0, ""high"": ""Infinity"", ""low"": 2.0, ""mae"": null}]",1.4935346501047686,1.4947721053570522,1.4638248382217032,0.2965560328113336
raw/e5/N4/d50/n3_M6/box/rep05.npz,e5,,N4,N4_published_vb,published_vb,50,3,6,box,box,1.0,5,4,float64,1.4908675542753096,0.46866956662017056,-0.35968473243276416,0.3730231492866324,0.7317979877199364,2.3250540183589594,1.4360715868026994,0.4702084339408502,100800,102000,1173600,58680000,0,1.733911900082603,1.0,0.30601190476190476,1.0,6.148477270031662,6.148477270031662,,,,0,0,0,-2.5533765171809835,2.882161225802493,27.371927236426338,0.41115542925225196,100800,"[{""bias"": null, ""count"": 0, ""high"": -2.0, ""low"": ""-Infinity"", ""mae"": null}, {""bias"": null, ""count"": 0, ""high"": -1.0, ""low"": -2.0, ""mae"": null}, {""bias"": null, ""count"": 0, ""high"": -0.25, ""low"": -1.0, ""mae"": null}, {""bias"": null, ""count"": 0, ""high"": 0.25, ""low"": -0.25, ""mae"": null}, {""bias"": null, ""count"": 0, ""high"": 1.0, ""low"": 0.25, ""mae"": null}, {""bias"": null, ""count"": 0, ""high"": 2.0, ""low"": 1.0, ""mae"": null}, {""bias"": null, ""count"": 0, ""high"": ""Infinity"", ""low"": 2.0, ""mae"": null}]",1.4935346501047686,1.4947721053570522,1.4638248382217032,0.2965560328113336
raw/e5/N4/d50/n3_M6/box/rep06.npz,e5,,N4,N4_published_vb,published_vb,50,3,6,box,box,1.0,6,4,float64,1.4854417576605052,0.46696391158680606,-0.35563442543354057,0.37235272107067613,0.7291347148939197,2.493631753277442,1.4618413101024788,0.47864613394636046,100800,102000,1173600,58680000,0,1.7358996998518705,1.0,0.30547619047619046,1.0,6.106541611534169,6.106541611534169,,,,0,0,0,-2.54910064253571,2.8811817029716265,27.460659042696616,0.4139627302126341,100800,"[{""bias"": null, ""count"": 0, ""high"": -2.0, ""low"": ""-Infinity"", ""mae"": null}, {""bias"": null, ""count"": 0, ""high"": -1.0, ""low"": -2.0, ""mae"": null}, {""bias"": null, ""count"": 0, ""high"": -0.25, ""low"": -1.0, ""mae"": null}, {""bias"": null, ""count"": 0, ""high"": 0.25, ""low"": -0.25, ""mae"": null}, {""bias"": null, ""count"": 0, ""high"": 1.0, ""low"": 0.25, ""mae"": null}, {""bias"": null, ""count"": 0, ""high"": 2.0, ""low"": 1.0, ""mae"": null}, {""bias"": null, ""count"": 0, ""high"": ""Infinity"", ""low"": 2.0, ""mae"": null}]",1.4935346501047686,1.4947721053570522,1.4638248382217032,0.2965560328113336
raw/e5/N4/d50/n3_M6/box/rep07.npz,e5,,N4,N4_published_vb,published_vb,50,3,6,box,box,1.0,7,4,float64,1.503805374951773,0.4727367037659615,-0.35712932826534405,0.37744746258269096,0.7381485660187039,2.505691680979939,1.456639787603228,0.4769430156819527,100800,102000,1173600,58680000,0,1.8249866000842303,1.0,0.30255952380952383,1.0,6.103748690280231,6.103748690280231,,,,0,0,0,-2.5280127443586125,2.860513207632725,27.24941638770341,0.4152149866053272,100800,"[{""bias"": null, ""count"": 0, ""high"": -2.0, ""low"": ""-Infinity"", ""mae"": null}, {""bias"": null, ""count"": 0, ""high"": -1.0, ""low"": -2.0, ""mae"": null}, {""bias"": null, ""count"": 0, ""high"": -0.25, ""low"": -1.0, ""mae"": null}, {""bias"": null, ""count"": 0, ""high"": 0.25, ""low"": -0.25, ""mae"": null}, {""bias"": null, ""count"": 0, ""high"": 1.0, ""low"": 0.25, ""mae"": null}, {""bias"": null, ""count"": 0, ""high"": 2.0, ""low"": 1.0, ""mae"": null}, {""bias"": null, ""count"": 0, ""high"": ""Infinity"", ""low"": 2.0, ""mae"": null}]",1.4935346501047686,1.4947721053570522,1.4638248382217032,0.2965560328113336
raw/e5/N4/d50/n3_M6/box/rep08.npz,e5,,N4,N4_published_vb,published_vb,50,3,6,box,box,1.0,8,4,float64,1.4935958318923013,0.4695272287811776,-0.35743295426507055,0.37467063929263644,0.7331371731253271,2.4692283034444102,1.4544149195601859,0.47621453408823694,100800,102000,1173600,58680000,0,1.7841358999721706,1.0,0.30541666666666667,1.0,6.1249148895202925,6.1249148895202925,,,,0,0,0,-2.5328621821863657,2.8707365545316548,27.369740144200982,0.41447708538636513,100800,"[{""bias"": null, ""count"": 0, ""high"": -2.0, ""low"": ""-Infinity"", ""mae"": null}, {""bias"": null, ""count"": 0, ""high"": -1.0, ""low"": -2.0, ""mae"": null}, {""bias"": null, ""count"": 0, ""high"": -0.25, ""low"": -1.0, ""mae"": null}, {""bias"": null, ""count"": 0, ""high"": 0.25, ""low"": -0.25, ""mae"": null}, {""bias"": null, ""count"": 0, ""high"": 1.0, ""low"": 0.25, ""mae"": null}, {""bias"": null, ""count"": 0, ""high"": 2.0, ""low"": 1.0, ""mae"": null}, {""bias"": null, ""count"": 0, ""high"": ""Infinity"", ""low"": 2.0, ""mae"": null}]",1.4935346501047686,1.4947721053570522,1.4638248382217032,0.2965560328113336
raw/e5/N4/d50/n3_M6/box/rep09.npz,e5,,N4,N4_published_vb,published_vb,50,3,6,box,box,1.0,9,4,float64,1.4959483788218033,0.4702667761318068,-0.35913490977796436,0.3739150439557733,0.7342919296991685,2.507882849918483,1.441907768354986,0.47211935663656684,100800,102000,1173600,58680000,0,1.8103358999360353,1.0,0.3038293650793651,1.0,6.129146360625949,6.129146360625949,,,,0,0,0,-2.5188759776887553,2.8469953576649196,27.12492726829737,0.41270831843013484,100800,"[{""bias"": null, ""count"": 0, ""high"": -2.0, ""low"": ""-Infinity"", ""mae"": null}, {""bias"": null, ""count"": 0, ""high"": -1.0, ""low"": -2.0, ""mae"": null}, {""bias"": null, ""count"": 0, ""high"": -0.25, ""low"": -1.0, ""mae"": null}, {""bias"": null, ""count"": 0, ""high"": 0.25, ""low"": -0.25, ""mae"": null}, {""bias"": null, ""count"": 0, ""high"": 1.0, ""low"": 0.25, ""mae"": null}, {""bias"": null, ""count"": 0, ""high"": 2.0, ""low"": 1.0, ""mae"": null}, {""bias"": null, ""count"": 0, ""high"": ""Infinity"", ""low"": 2.0, ""mae"": null}]",1.4935346501047686,1.4947721053570522,1.4638248382217032,0.2965560328113336
raw/e5/N4/d50/n3_M6/centre/rep00.npz,e5,e0,N4,N4_published_vb,published_vb,50,3,6,centre,centre,0.0,0,4,float64,1.4543298177897683,0.4571835529398444,-0.3447834732260292,0.36380792353545455,0.7138633013292615,2.310483113850016,1.3783065116427227,0.4512945958167206,100800,102000,1173600,58680000,0,1.4063925999216735,1.0,0.3045833333333333,1.0,6.291410755852946,10.17573886159673,,,,0,0,0,-2.435222963725958,2.943199429928211,28.16441572951722,0.4126585828621378,100800,"[{""bias"": null, ""count"": 0, ""high"": -2.0, ""low"": ""-Infinity"", ""mae"": null}, {""bias"": null, ""count"": 0, ""high"": -1.0, ""low"": -2.0, ""mae"": null}, {""bias"": null, ""count"": 0, ""high"": -0.25, ""low"": -1.0, ""mae"": null}, {""bias"": null, ""count"": 0, ""high"": 0.25, ""low"": -0.25, ""mae"": null}, {""bias"": null, ""count"": 0, ""high"": 1.0, ""low"": 0.25, ""mae"": null}, {""bias"": null, ""count"": 0, ""high"": 2.0, ""low"": 1.0, ""mae"": null}, {""bias"": null, ""count"": 0, ""high"": ""Infinity"", ""low"": 2.0, ""mae"": null}]",1.4423629230272947,1.4406180633551036,1.4162582800623045,0.2732811786754422
raw/e5/N4/d50/n3_M6/centre/rep01.npz,e5,e0,N4,N4_published_vb,published_vb,50,3,6,centre,centre,0.0,1,4,float64,1.4402284145139583,0.4527506316229521,-0.34157026860145323,0.35928648690544535,0.7069415741029411,2.384026037771233,1.3720423913318973,0.44924355447000885,100800,102000,1173600,58680000,0,1.4391409999225289,1.0,0.3073511904761905,1.0,6.267700994755244,10.16250365643887,,,,0,0,0,-2.4162785162483824,2.9413531682787197,28.061873356629253,0.4049805680566752,100800,"[{""bias"": null, ""count"": 0, ""high"": -2.0, ""low"": ""-Infinity"", ""mae"": null}, {""bias"": null, ""count"": 0, ""high"": -1.0, ""low"": -2.0, ""mae"": null}, {""bias"": null, ""count"": 0, ""high"": -0.25, ""low"": -1.0, ""mae"": null}, {""bias"": null, ""count"": 0, ""high"": 0.25, ""low"": -0.25, ""mae"": null}, {""bias"": null, ""count"": 0, ""high"": 1.0, ""low"": 0.25, ""mae"": null}, {""bias"": null, ""count"": 0, ""high"": 2.0, ""low"": 1.0, ""mae"": null}, {""bias"": null, ""count"": 0, ""high"": ""Infinity"", ""low"": 2.0, ""mae"": null}]",1.4423629230272947,1.4406180633551036,1.4162582800623045,0.2732811786754422
raw/e5/N4/d50/n3_M6/centre/rep02.npz,e5,e0,N4,N4_published_vb,published_vb,50,3,6,centre,centre,0.0,2,4,float64,1.4457724925913924,0.4544934696519965,-0.34577564704856084,0.36296969013373587,0.7096629058330428,2.3111913878428565,1.376195721541546,0.450603466407175,100800,102000,1173600,58680000,0,1.429915300104767,1.0,0.3067162698412698,1.0,6.271557452005436,10.159641527699616,,,,0,0,0,-2.4297697509887897,2.9722467008003717,28.5542412047473,0.4146254194225013,100800,"[{""bias"": null, ""count"": 0, ""high"": -2.0, ""low"": ""-Infinity"", ""mae"": null}, {""bias"": null, ""count"": 0, ""high"": -1.0, ""low"": -2.0, ""mae"": null}, {""bias"": null, ""count"": 0, ""high"": -0.25, ""low"": -1.0, ""mae"": null}, {""bias"": null, ""count"": 0, ""high"": 0.25, ""low"": -0.25, ""mae"": null}, {""bias"": null, ""count"": 0, ""high"": 1.0, ""low"": 0.25, ""mae"": null}, {""bias"": null, ""count"": 0, ""high"": 2.0, ""low"": 1.0, ""mae"": null}, {""bias"": null, ""count"": 0, ""high"": ""Infinity"", ""low"": 2.0, ""mae"": null}]",1.4423629230272947,1.4406180633551036,1.4162582800623045,0.2732811786754422
raw/e5/N4/d50/n3_M6/centre/rep03.npz,e5,,N4,N4_published_vb,published_vb,50,3,6,centre,centre,0.0,3,4,float64,1.4323246059024162,0.45026598800320355,-0.33904625535055444,0.3566560815203081,0.7030619596994593,2.3475266838235984,1.3592783301370086,0.4450642577829013,100800,102000,1173600,58680000,0,1.6869802000001073,1.0,0.3059325396825397,1.0,6.289263214211987,10.180715543366512,,,,0,0,0,-2.416810572407617,2.9469976447280657,28.22600653244139,0.4103676048378903,100800,"[{""bias"": null, ""count"": 0, ""high"": -2.0, ""low"": ""-Infinity"", ""mae"": null}, {""bias"": null, ""count"": 0, ""high"": -1.0, ""low"": -2.0, ""mae"": null}, {""bias"": null, ""count"": 0, ""high"": -0.25, ""low"": -1.0, ""mae"": null}, {""bias"": null, ""count"": 0, ""high"": 0.25, ""low"": -0.25, ""mae"": null}, {""bias"": null, ""count"": 0, ""high"": 1.0, ""low"": 0.25, ""mae"": null}, {""bias"": null, ""count"": 0, ""high"": 2.0, ""low"": 1.0, ""mae"": null}, {""bias"": null, ""count"": 0, ""high"": ""Infinity"", ""low"": 2.0, ""mae"": null}]",1.4423629230272947,1.4406180633551036,1.4162582800623045,0.2732811786754422
raw/e5/N4/d50/n3_M6/centre/rep04.npz,e5,,N4,N4_published_vb,published_vb,50,3,6,centre,centre,0.0,4,4,float64,1.4324788734704186,0.4503144836016435,-0.337778900188657,0.35665060761233897,0.7031376825197131,2.4596610895330544,1.4005720626395717,0.4585849356307461,100800,102000,1173600,58680000,0,1.6842072999570519,1.0,0.30856150793650794,1.0,6.375577739211247,10.29128692717133,,,,0,0,0,-2.4194092115574293,2.9587701182457464,28.266809374682865,0.4014902489428353,100800,"[{""bias"": null, ""count"": 0, ""high"": -2.0, ""low"": ""-Infinity"", ""mae"": null}, {""bias"": null, ""count"": 0, ""high"": -1.0, ""low"": -2.0, ""mae"": null}, {""bias"": null, ""count"": 0, ""high"": -0.25, ""low"": -1.0, ""mae"": null}, {""bias"": null, ""count"": 0, ""high"": 0.25, ""low"": -0.25, ""mae"": null}, {""bias"": null, ""count"": 0, ""high"": 1.0, ""low"": 0.25, ""mae"": null}, {""bias"": null, ""count"": 0, ""high"": 2.0, ""low"": 1.0, ""mae"": null}, {""bias"": null, ""count"": 0, ""high"": ""Infinity"", ""low"": 2.0, ""mae"": null}]",1.4423629230272947,1.4406180633551036,1.4162582800623045,0.2732811786754422
raw/e5/N4/d50/n3_M6/centre/rep05.npz,e5,,N4,N4_published_vb,published_vb,50,3,6,centre,centre,0.0,5,4,float64,1.439554243976778,0.4525386991728948,-0.3445852339457454,0.35917670848929323,0.7066106549404212,2.2486000692878454,1.3758085624468899,0.45047670011414537,100800,102000,1173600,58680000,0,1.626828300068155,1.0,0.30685515873015873,1.0,6.260084610295417,10.15000003824413,,,,0,0,0,-2.4240159582432494,2.957794389311792,28.167856284739205,0.4118244872833647,100800,"[{""bias"": null, ""count"": 0, ""high"": -2.0, ""low"": ""-Infinity"", ""mae"": null}, {""bias"": null, ""count"": 0, ""high"": -1.0, ""low"": -2.0, ""mae"": null}, {""bias"": null, ""count"": 0, ""high"": -0.25, ""low"": -1.0, ""mae"": null}, {""bias"": null, ""count"": 0, ""high"": 0.25, ""low"": -0.25, ""mae"": null}, {""bias"": null, ""count"": 0, ""high"": 1.0, ""low"": 0.25, ""mae"": null}, {""bias"": null, ""count"": 0, ""high"": 2.0, ""low"": 1.0, ""mae"": null}, {""bias"": null, ""count"": 0, ""high"": ""Infinity"", ""low"": 2.0, ""mae"": null}]",1.4423629230272947,1.4406180633551036,1.4162582800623045,0.2732811786754422
raw/e5/N4/d50/n3_M6/centre/rep06.npz,e5,,N4,N4_published_vb,published_vb,50,3,6,centre,centre,0.0,6,4,float64,1.4358959973580143,0.4513886916806203,-0.3405726172702051,0.3587587507216034,0.704814990726979,2.3696060659792115,1.4099008788979328,0.461639440798648,100800,102000,1173600,58680000,0,1.6599405000451952,1.0,0.3063888888888889,1.0,6.213979633817902,10.09226130463218,,,,0,0,0,-2.4239859861008064,2.9473908955165835,28.14120289972245,0.41448282136619735,100800,"[{""bias"": null, ""count"": 0, ""high"": -2.0, ""low"": ""-Infinity"", ""mae"": null}, {""bias"": null, ""count"": 0, ""high"": -1.0, ""low"": -2.0, ""mae"": null}, {""bias"": null, ""count"": 0, ""high"": -0.25, ""low"": -1.0, ""mae"": null}, {""bias"": null, ""count"": 0, ""high"": 0.25, ""low"": -0.25, ""mae"": null}, {""bias"": null, ""count"": 0, ""high"": 1.0, ""low"": 0.25, ""mae"": null}, {""bias"": null, ""count"": 0, ""high"": 2.0, ""low"": 1.0, ""mae"": null}, {""bias"": null, ""count"": 0, ""high"": ""Infinity"", ""low"": 2.0, ""mae"": null}]",1.4423629230272947,1.4406180633551036,1.4162582800623045,0.2732811786754422
raw/e5/N4/d50/n3_M6/centre/rep07.npz,e5,,N4,N4_published_vb,published_vb,50,3,6,centre,centre,0.0,7,4,float64,1.455137492685273,0.45743745385958784,-0.34439209941329035,0.36474143295452216,0.7142597516118954,2.374051222355592,1.3955717401901582,0.4569476956701862,100800,102000,1173600,58680000,0,1.702576900133863,1.0,0.3031845238095238,1.0,6.215000703385086,10.084664940676412,,,,0,0,0,-2.3973930639291177,2.9366977590909937,28.03812553474057,0.41594777686130896,100800,"[{""bias"": null, ""count"": 0, ""high"": -2.0, ""low"": ""-Infinity"", ""mae"": null}, {""bias"": null, ""count"": 0, ""high"": -1.0, ""low"": -2.0, ""mae"": null}, {""bias"": null, ""count"": 0, ""high"": -0.25, ""low"": -1.0, ""mae"": null}, {""bias"": null, ""count"": 0, ""high"": 0.25, ""low"": -0.25, ""mae"": null}, {""bias"": null, ""count"": 0, ""high"": 1.0, ""low"": 0.25, ""mae"": null}, {""bias"": null, ""count"": 0, ""high"": 2.0, ""low"": 1.0, ""mae"": null}, {""bias"": null, ""count"": 0, ""high"": ""Infinity"", ""low"": 2.0, ""mae"": null}]",1.4423629230272947,1.4406180633551036,1.4162582800623045,0.2732811786754422
raw/e5/N4/d50/n3_M6/centre/rep08.npz,e5,,N4,N4_published_vb,published_vb,50,3,6,centre,centre,0.0,8,4,float64,1.4410077121962486,0.4529956118735315,-0.3424458054598159,0.36105312158985436,0.7073240953229512,2.345762334560426,1.4033779702249805,0.4595036651868787,100800,102000,1173600,58680000,0,1.7613707000855356,1.0,0.3063888888888889,1.0,6.240871157445559,10.120429024048216,,,,0,0,0,-2.400854334508688,2.948465953242993,28.190715594192525,0.41513269929831487,100800,"[{""bias"": null, ""count"": 0, ""high"": -2.0, ""low"": ""-Infinity"", ""mae"": null}, {""bias"": null, ""count"": 0, ""high"": -1.0, ""low"": -2.0, ""mae"": null}, {""bias"": null, ""count"": 0, ""high"": -0.25, ""low"": -1.0, ""mae"": null}, {""bias"": null, ""count"": 0, ""high"": 0.25, ""low"": -0.25, ""mae"": null}, {""bias"": null, ""count"": 0, ""high"": 1.0, ""low"": 0.25, ""mae"": null}, {""bias"": null, ""count"": 0, ""high"": 2.0, ""low"": 1.0, ""mae"": null}, {""bias"": null, ""count"": 0, ""high"": ""Infinity"", ""low"": 2.0, ""mae"": null}]",1.4423629230272947,1.4406180633551036,1.4162582800623045,0.2732811786754422
raw/e5/N4/d50/n3_M6/centre/rep09.npz,e5,,N4,N4_published_vb,published_vb,50,3,6,centre,centre,0.0,9,4,float64,1.4468995797886803,0.4548477811176805,-0.34514981375892334,0.36143376753227335,0.7102161408542187,2.396903713224398,1.3870948876902027,0.4541721463344976,100800,102000,1173600,58680000,0,1.7728490999434143,1.0,0.3046130952380952,1.0,6.2402071522725695,10.117109508509207,,,,0,0,0,-2.390707226258002,2.9199056186501373,27.8865258038685,0.4128576878511074,100800,"[{""bias"": null, ""count"": 0, ""high"": -2.0, ""low"": ""-Infinity"", ""mae"": null}, {""bias"": null, ""count"": 0, ""high"": -1.0, ""low"": -2.0, ""mae"": null}, {""bias"": null, ""count"": 0, ""high"": -0.25, ""low"": -1.0, ""mae"": null}, {""bias"": null, ""count"": 0, ""high"": 0.25, ""low"": -0.25, ""mae"": null}, {""bias"": null, ""count"": 0, ""high"": 1.0, ""low"": 0.25, ""mae"": null}, {""bias"": null, ""count"": 0, ""high"": 2.0, ""low"": 1.0, ""mae"": null}, {""bias"": null, ""count"": 0, ""high"": ""Infinity"", ""low"": 2.0, ""mae"": null}]",1.4423629230272947,1.4406180633551036,1.4162582800623045,0.2732811786754422
raw/e5/N4/d50/n3_M6/oracle_state/rep00.npz,e5,e0,N4,N4_published_vb,published_vb,50,3,6,oracle_state,oracle_state,1.0,0,4,float64,0.48457973085701644,0.15233262794029398,0.0020971107047621732,0.10468145454228178,0.23785779690095024,4.309741270879727,0.5062893961690232,0.16577275553757068,100800,102000,1173600,58680000,0,1.438843599986285,0.0,0.0,0.0,0.0,0.0,,,,0,0,0,0.0,0.0,0.0,0.426730859937595,100800,"[{""bias"": null, ""count"": 0, ""high"": -2.0, ""low"": ""-Infinity"", ""mae"": null}, {""bias"": null, ""count"": 0, ""high"": -1.0, ""low"": -2.0, ""mae"": null}, {""bias"": null, ""count"": 0, ""high"": -0.25, ""low"": -1.0, ""mae"": null}, {""bias"": null, ""count"": 0, ""high"": 0.25, ""low"": -0.25, ""mae"": null}, {""bias"": null, ""count"": 0, ""high"": 1.0, ""low"": 0.25, ""mae"": null}, {""bias"": null, ""count"": 0, ""high"": 2.0, ""low"": 1.0, ""mae"": null}, {""bias"": null, ""count"": 0, ""high"": ""Infinity"", ""low"": 2.0, ""mae"": null}]",0.47084904425015617,0.4731426643851435,0.1544328182869205,0.44494167741976515
raw/e5/N4/d50/n3_M6/oracle_state/rep01.npz,e5,e0,N4,N4_published_vb,published_vb,50,3,6,oracle_state,oracle_state,1.0,1,4,float64,0.44749857867106724,0.14067578593918612,-0.004572692755048588,0.09934090372325488,0.21965637285479836,4.273625618965683,0.4508489991119799,0.14762007950329942,100800,102000,1173600,58680000,0,1.4109495000448078,0.0,0.0,0.0,0.0,0.0,,,,0,0,0,0.0,0.0,0.0,0.4185869586329483,100800,"[{""bias"": null, ""count"": 0, ""high"": -2.0, ""low"": ""-Infinity"", ""mae"": null}, {""bias"": null, ""count"": 0, ""high"": -1.0, ""low"": -2.0, ""mae"": null}, {""bias"": null, ""count"": 0, ""high"": -0.25, ""low"": -1.0, ""mae"": null}, {""bias"": null, ""count"": 0, ""high"": 0.25, ""low"": -0.25, ""mae"": null}, {""bias"": null, ""count"": 0, ""high"": 1.0, ""low"": 0.25, ""mae"": null}, {""bias"": null, ""count"": 0, ""high"": 2.0, ""low"": 1.0, ""mae"": null}, {""bias"": null, ""count"": 0, ""high"": ""Infinity"", ""low"": 2.0, ""mae"": null}]",0.47084904425015617,0.4731426643851435,0.1544328182869205,0.44494167741976515
raw/e5/N4/d50/n3_M6/oracle_state/rep02.npz,e5,e0,N4,N4_published_vb,published_vb,50,3,6,oracle_state,oracle_state,1.0,2,4,float64,0.4722353104859319,0.1484520322905311,-0.0017576266030882312,0.10251218746958705,0.23179849139039485,4.303924484245851,0.49805281697356113,0.16307587813945243,100800,102000,1173600,58680000,0,1.3897024001926184,0.0,0.0,0.0,0.0,0.0,,,,0,0,0,0.0,0.0,0.0,0.42980401260291545,100800,"[{""bias"": null, ""count"": 0, ""high"": -2.0, ""low"": ""-Infinity"", ""mae"": null}, {""bias"": null, ""count"": 0, ""high"": -1.0, ""low"": -2.0, ""mae"": null}, {""bias"": null, ""count"": 0, ""high"": -0.25, ""low"": -1.0, ""mae"": null}, {""bias"": null, ""count"": 0, ""high"": 0.25, ""low"": -0.25, ""mae"": null}, {""bias"": null, ""count"": 0, ""high"": 1.0, ""low"": 0.25, ""mae"": null}, {""bias"": null, ""count"": 0, ""high"": 2.0, ""low"": 1.0, ""mae"": null}, {""bias"": null, ""count"": 0, ""high"": ""Infinity"", ""low"": 2.0, ""mae"": null}]",0.47084904425015617,0.4731426643851435,0.1544328182869205,0.44494167741976515
raw/e5/N4/d50/n3_M6/oracle_state/rep03.npz,e5,,N4,N4_published_vb,published_vb,50,3,6,oracle_state,oracle_state,1.0,3,4,float64,0.485774841287764,0.15270832320982713,0.0003592282720696787,0.10569072463577579,0.23844442138400118,4.291852103436895,0.43023309224715994,0.14086987751458113,100800,102000,1173600,58680000,0,1.7362552999984473,0.0,0.0,0.0,0.0,0.0,,,,0,0,0,0.0,0.0,0.0,0.42067403579480234,100800,"[{""bias"": null, ""count"": 0, ""high"": -2.0, ""low"": ""-Infinity"", ""mae"": null}, {""bias"": null, ""count"": 0, ""high"": -1.0, ""low"": -2.0, ""mae"": null}, {""bias"": null, ""count"": 0, ""high"": -0.25, ""low"": -1.0, ""mae"": null}, {""bias"": null, ""count"": 0, ""high"": 0.25, ""low"": -0.25, ""mae"": null}, {""bias"": null, ""count"": 0, ""high"": 1.0, ""low"": 0.25, ""mae"": null}, {""bias"": null, ""count"": 0, ""high"": 2.0, ""low"": 1.0, ""mae"": null}, {""bias"": null, ""count"": 0, ""high"": ""Infinity"", ""low"": 2.0, ""mae"": null}]",0.47084904425015617,0.4731426643851435,0.1544328182869205,0.44494167741976515
raw/e5/N4/d50/n3_M6/oracle_state/rep04.npz,e5,,N4,N4_published_vb,published_vb,50,3,6,oracle_state,oracle_state,1.0,4,4,float64,0.4571351987860982,0.143705156697201,0.011677223105105605,0.10074765545099833,0.2243865443501657,4.3202698785883,0.4554030501434302,0.14911119820745294,100800,102000,1173600,58680000,0,1.697757299989462,0.0,0.0,0.0,0.0,0.0,,,,0,0,0,0.0,0.0,0.0,0.4175000673274479,100800,"[{""bias"": null, ""count"": 0, ""high"": -2.0, ""low"": ""-Infinity"", ""mae"": null}, {""bias"": null, ""count"": 0, ""high"": -1.0, ""low"": -2.0, ""mae"": null}, {""bias"": null, ""count"": 0, ""high"": -0.25, ""low"": -1.0, ""mae"": null}, {""bias"": null, ""count"": 0, ""high"": 0.25, ""low"": -0.25, ""mae"": null}, {""bias"": null, ""count"": 0, ""high"": 1.0, ""low"": 0.25, ""mae"": null}, {""bias"": null, ""count"": 0, ""high"": 2.0, ""low"": 1.0, ""mae"": null}, {""bias"": null, ""count"": 0, ""high"": ""Infinity"", ""low"": 2.0, ""mae"": null}]",0.47084904425015617,0.4731426643851435,0.1544328182869205,0.44494167741976515
raw/e5/N4/d50/n3_M6/oracle_state/rep05.npz,e5,,N4,N4_published_vb,published_vb,50,3,6,oracle_state,oracle_state,1.0,5,4,float64,0.4766678679346947,0.1498454523650195,0.0015469978290304682,0.10439157496938233,0.23397422900850562,4.2848467990232395,0.4786482869389937,0.1567223134823963,100800,102000,1173600,58680000,0,1.7062047999352217,0.0,0.0,0.0,0.0,0.0,,,,0,0,0,0.0,0.0,0.0,0.4214319788308598,100800,"[{""bias"": null, ""count"": 0, ""high"": -2.0, ""low"": ""-Infinity"", ""mae"": null}, {""bias"": null, ""count"": 0, ""high"": -1.0, ""low"": -2.0, ""mae"": null}, {""bias"": null, ""count"": 0, ""high"": -0.25, ""low"": -1.0, ""mae"": null}, {""bias"": null, ""count"": 0, ""high"": 0.25, ""low"": -0.25, ""mae"": null}, {""bias"": null, ""count"": 0, ""high"": 1.0, ""low"": 0.25, ""mae"": null}, {""bias"": null, ""count"": 0, ""high"": 2.0, ""low"": 1.0, ""mae"": null}, {""bias"": null, ""count"": 0, ""high"": ""Infinity"", ""low"": 2.0, ""mae"": null}]",0.47084904425015617,0.4731426643851435,0.1544328182869205,0.44494167741976515
raw/e5/N4/d50/n3_M6/oracle_state/rep06.npz,e5,,N4,N4_published_vb,published_vb,50,3,6,oracle_state,oracle_state,1.0,6,4,float64,0.47509062787641027,0.14934963071241708,0.0018138920461325714,0.10438833097931277,0.23320003474993864,4.281910537265559,0.4551104040980176,0.1490153780269153,100800,102000,1173600,58680000,0,1.6735797000583261,0.0,0.0,0.0,0.0,0.0,,,,0,0,0,0.0,0.0,0.0,0.42101045972175916,100800,"[{""bias"": null, ""count"": 0, ""high"": -2.0, ""low"": ""-Infinity"", ""mae"": null}, {""bias"": null, ""count"": 0, ""high"": -1.0, ""low"": -2.0, ""mae"": null}, {""bias"": null, ""count"": 0, ""high"": -0.25, ""low"": -1.0, ""mae"": null}, {""bias"": null, ""count"": 0, ""high"": 0.25, ""low"": -0.25, ""mae"": null}, {""bias"": null, ""count"": 0, ""high"": 1.0, ""low"": 0.25, ""mae"": null}, {""bias"": null, ""count"": 0, ""high"": 2.0, ""low"": 1.0, ""mae"": null}, {""bias"": null, ""count"": 0, ""high"": ""Infinity"", ""low"": 2.0, ""mae"": null}]",0.47084904425015617,0.4731426643851435,0.1544328182869205,0.44494167741976515
raw/e5/N4/d50/n3_M6/oracle_state/rep07.npz,e5,,N4,N4_published_vb,published_vb,50,3,6,oracle_state,oracle_state,1.0,7,4,float64,0.4699179259600909,0.14772353860354753,-0.004022754338059169,0.10265153014564495,0.23066099441561624,4.268060490626664,0.46833195963782603,0.1533444706583465,100800,102000,1173600,58680000,0,1.6589815998449922,0.0,0.0,0.0,0.0,0.0,,,,0,0,0,0.0,0.0,0.0,0.43049156955201817,100800,"[{""bias"": null, ""count"": 0, ""high"": -2.0, ""low"": ""-Infinity"", ""mae"": null}, {""bias"": null, ""count"": 0, ""high"": -1.0, ""low"": -2.0, ""mae"": null}, {""bias"": null, ""count"": 0, ""high"": -0.25, ""low"": -1.0, ""mae"": null}, {""bias"": null, ""count"": 0, ""high"": 0.25, ""low"": -0.25, ""mae"": null}, {""bias"": null, ""count"": 0, ""high"": 1.0, ""low"": 0.25, ""mae"": null}, {""bias"": null, ""count"": 0, ""high"": 2.0, ""low"": 1.0, ""mae"": null}, {""bias"": null, ""count"": 0, ""high"": ""Infinity"", ""low"": 2.0, ""mae"": null}]",0.47084904425015617,0.4731426643851435,0.1544328182869205,0.44494167741976515
raw/e5/N4/d50/n3_M6/oracle_state/rep08.npz,e5,,N4,N4_published_vb,published_vb,50,3,6,oracle_state,oracle_state,1.0,8,4,float64,0.47405001828435517,0.14902250437236716,0.0025349904708963423,0.10228549151189027,0.2326892475889435,4.290826386524559,0.488265156789903,0.15987113513833948,100800,102000,1173600,58680000,0,1.6168692999053746,0.0,0.0,0.0,0.0,0.0,,,,0,0,0,0.0,0.0,0.0,0.42577635758192817,100800,"[{""bias"": null, ""count"": 0, ""high"": -2.0, ""low"": ""-Infinity"", ""mae"": null}, {""bias"": null, ""count"": 0, ""high"": -1.0, ""low"": -2.0, ""mae"": null}, {""bias"": null, ""count"": 0, ""high"": -0.25, ""low"": -1.0, ""mae"": null}, {""bias"": null, ""count"": 0, ""high"": 0.25, ""low"": -0.25, ""mae"": null}, {""bias"": null, ""count"": 0, ""high"": 1.0, ""low"": 0.25, ""mae"": null}, {""bias"": null, ""count"": 0, ""high"": 2.0, ""low"": 1.0, ""mae"": null}, {""bias"": null, ""count"": 0, ""high"": ""Infinity"", ""low"": 2.0, ""mae"": null}]",0.47084904425015617,0.4731426643851435,0.1544328182869205,0.44494167741976515
raw/e5/N4/d50/n3_M6/oracle_state/rep09.npz,e5,,N4,N4_published_vb,published_vb,50,3,6,oracle_state,oracle_state,1.0,9,4,float64,0.4655403423581326,0.14634740012384828,-0.0017530990083964697,0.10372155618410431,0.22851224091849817,4.255297062115079,0.46966658069836115,0.15378146146336333,100800,102000,1173600,58680000,0,1.519274900201708,0.0,0.0,0.0,0.0,0.0,,,,0,0,0,0.0,0.0,0.0,0.42370979206152093,100800,"[{""bias"": null, ""count"": 0, ""high"": -2.0, ""low"": ""-Infinity"", ""mae"": null}, {""bias"": null, ""count"": 0, ""high"": -1.0, ""low"": -2.0, ""mae"": null}, {""bias"": null, ""count"": 0, ""high"": -0.25, ""low"": -1.0, ""mae"": null}, {""bias"": null, ""count"": 0, ""high"": 0.25, ""low"": -0.25, ""mae"": null}, {""bias"": null, ""count"": 0, ""high"": 1.0, ""low"": 0.25, ""mae"": null}, {""bias"": null, ""count"": 0, ""high"": 2.0, ""low"": 1.0, ""mae"": null}, {""bias"": null, ""count"": 0, ""high"": ""Infinity"", ""low"": 2.0, ""mae"": null}]",0.47084904425015617,0.4731426643851435,0.1544328182869205,0.44494167741976515
raw/e5/N4/d50/n3_M6/raw/rep00.npz,e5,e0,N4,N4_published_vb,published_vb,50,3,6,raw,raw,1.0,0,4,float64,1.863712406283294,0.5858771848999063,-0.3204287525231496,0.41921827603165046,0.9148102959888676,6.719277764304244,1.5814710272356471,0.5178161185508273,100800,102000,1173600,58680000,0,1.4974777000024915,1.0,0.30444444444444446,0.0,6.34560908188553,0.0,,,,0,0,0,-2.506947172905185,3.015442324849265,31.330441098911148,0.4149004327427929,100800,"[{""bias"": null, ""count"": 0, ""high"": -2.0, ""low"": ""-Infinity"", ""mae"": null}, {""bias"": null, ""count"": 0, ""high"": -1.0, ""low"": -2.0, ""mae"": null}, {""bias"": null, ""count"": 0, ""high"": -0.25, ""low"": -1.0, ""mae"": null}, {""bias"": null, ""count"": 0, ""high"": 0.25, ""low"": -0.25, ""mae"": null}, {""bias"": null, ""count"": 0, ""high"": 1.0, ""low"": 0.25, ""mae"": null}, {""bias"": null, ""count"": 0, ""high"": 2.0, ""low"": 1.0, ""mae"": null}, {""bias"": null, ""count"": 0, ""high"": ""Infinity"", ""low"": 2.0, ""mae"": null}]",1.7971174239269085,1.7645143612514853,1.4564376552983265,1.0613558593020924
raw/e5/N4/d50/n3_M6/raw/rep01.npz,e5,e0,N4,N4_published_vb,published_vb,50,3,6,raw,raw,1.0,1,4,float64,2.151338086782188,0.6762952791442159,-0.312772869957368,0.42795264917116793,1.055992451038168,7.774448697879228,1.6334016463436682,0.5348195989544238,100800,102000,1173600,58680000,0,1.398493500193581,1.0,0.30720238095238095,0.0,6.355680946162692,0.0,,,,0,0,0,-2.494811270447858,3.0200685734838806,31.65579273827537,0.4070260432588611,100800,"[{""bias"": null, ""count"": 0, ""high"": -2.0, ""low"": ""-Infinity"", ""mae"": null}, {""bias"": null, ""count"": 0, ""high"": -1.0, ""low"": -2.0, ""mae"": null}, {""bias"": null, ""count"": 0, ""high"": -0.25, ""low"": -1.0, ""mae"": null}, {""bias"": null, ""count"": 0, ""high"": 0.25, ""low"": -0.25, ""mae"": null}, {""bias"": null, ""count"": 0, ""high"": 1.0, ""low"": 0.25, ""mae"": null}, {""bias"": null, ""count"": 0, ""high"": 2.0, ""low"": 1.0, ""mae"": null}, {""bias"": null, ""count"": 0, ""high"": ""Infinity"", ""low"": 2.0, ""mae"": null}]",1.7971174239269085,1.7645143612514853,1.4564376552983265,1.0613558593020924
raw/e5/N4/d50/n3_M6/raw/rep02.npz,e5,e0,N4,N4_published_vb,published_vb,50,3,6,raw,raw,1.0,2,4,float64,1.6756776703330307,0.5267665295270452,-0.34112248948026686,0.40757319100886125,0.8225127334084416,6.044473194244968,1.593971310964045,0.5219090474060194,100800,102000,1173600,58680000,0,1.4137140999082476,1.0,0.30674603174603177,0.0,6.336415569187469,0.0,,,,0,0,0,-2.5248136455710695,3.0374871941882446,31.311482971146113,0.4155067957576147,100800,"[{""bias"": null, ""count"": 0, ""high"": -2.0, ""low"": ""-Infinity"", ""mae"": null}, {""bias"": null, ""count"": 0, ""high"": -1.0, ""low"": -2.0, ""mae"": null}, {""bias"": null, ""count"": 0, ""high"": -0.25, ""low"": -1.0, ""mae"": null}, {""bias"": null, ""count"": 0, ""high"": 0.25, ""low"": -0.25, ""mae"": null}, {""bias"": null, ""count"": 0, ""high"": 1.0, ""low"": 0.25, ""mae"": null}, {""bias"": null, ""count"": 0, ""high"": 2.0, ""low"": 1.0, ""mae"": null}, {""bias"": null, ""count"": 0, ""high"": ""Infinity"", ""low"": 2.0, ""mae"": null}]",1.7971174239269085,1.7645143612514853,1.4564376552983265,1.0613558593020924
raw/e5/N4/d50/n3_M6/raw/rep03.npz,e5,,N4,N4_published_vb,published_vb,50,3,6,raw,raw,1.0,3,4,float64,1.711925916533368,0.5381615389554388,-0.3229488077349699,0.4094751251425072,0.8403053223957829,6.261968831749292,1.5633558988634089,0.5118847386524812,100800,102000,1173600,58680000,0,1.6409722999669611,1.0,0.3057142857142857,0.0,6.335885410527811,0.0,,,,0,0,0,-2.504399872639874,3.0079856316101226,31.021809190963587,0.4119313088403238,100800,"[{""bias"": null, ""count"": 0, ""high"": -2.0, ""low"": ""-Infinity"", ""mae"": null}, {""bias"": null, ""count"": 0, ""high"": -1.0, ""low"": -2.0, ""mae"": null}, {""bias"": null, ""count"": 0, ""high"": -0.25, ""low"": -1.0, ""mae"": null}, {""bias"": null, ""count"": 0, ""high"": 0.25, ""low"": -0.25, ""mae"": null}, {""bias"": null, ""count"": 0, ""high"": 1.0, ""low"": 0.25, ""mae"": null}, {""bias"": null, ""count"": 0, ""high"": 2.0, ""low"": 1.0, ""mae"": null}, {""bias"": null, ""count"": 0, ""high"": ""Infinity"", ""low"": 2.0, ""mae"": null}]",1.7971174239269085,1.7645143612514853,1.4564376552983265,1.0613558593020924
raw/e5/N4/d50/n3_M6/raw/rep04.npz,e5,,N4,N4_published_vb,published_vb,50,3,6,raw,raw,1.0,4,4,float64,1.7417295794181706,0.5475306272610085,-0.31651503181994045,0.4162875854051652,0.8549345632450036,7.183992314095208,1.5818057710200695,0.5179257226625521,100800,102000,1173600,58680000,0,1.6675752000883222,1.0,0.308640873015873,0.0,6.446149952152775,0.0,,,,0,0,0,-2.4919380322072566,3.0371391795356804,31.597604534733,0.4030280971468816,100800,"[{""bias"": null, ""count"": 0, ""high"": -2.0, ""low"": ""-Infinity"", ""mae"": null}, {""bias"": null, ""count"": 0, ""high"": -1.0, ""low"": -2.0, ""mae"": null}, {""bias"": null, ""count"": 0, ""high"": -0.25, ""low"": -1.0, ""mae"": null}, {""bias"": null, ""count"": 0, ""high"": 0.25, ""low"": -0.25, ""mae"": null}, {""bias"": null, ""count"": 0, ""high"": 1.0, ""low"": 0.25, ""mae"": null}, {""bias"": null, ""count"": 0, ""high"": 2.0, ""low"": 1.0, ""mae"": null}, {""bias"": null, ""count"": 0, ""high"": ""Infinity"", ""low"": 2.0, ""mae"": null}]",1.7971174239269085,1.7645143612514853,1.4564376552983265,1.0613558593020924
raw/e5/N4/d50/n3_M6/raw/rep05.npz,e5,,N4,N4_published_vb,published_vb,50,3,6,raw,raw,1.0,5,4,float64,1.7379457477816656,0.5463411408253026,-0.3300393483669428,0.4117235535384713,0.8530772551497775,6.546467094832111,1.8971917724573408,0.6211915759706438,100800,102000,1173600,58680000,0,1.5849663000553846,1.0,0.3065575396825397,0.0,6.331298747968287,0.0,,,,0,0,0,-2.512443431083816,3.0229304066039973,31.257447587354925,0.4141095777767907,100800,"[{""bias"": null, ""count"": 0, ""high"": -2.0, ""low"": ""-Infinity"", ""mae"": null}, {""bias"": null, ""count"": 0, ""high"": -1.0, ""low"": -2.0, ""mae"": null}, {""bias"": null, ""count"": 0, ""high"": -0.25, ""low"": -1.0, ""mae"": null}, {""bias"": null, ""count"": 0, ""high"": 0.25, ""low"": -0.25, ""mae"": null}, {""bias"": null, ""count"": 0, ""high"": 1.0, ""low"": 0.25, ""mae"": null}, {""bias"": null, ""count"": 0, ""high"": 2.0, ""low"": 1.0, ""mae"": null}, {""bias"": null, ""count"": 0, ""high"": ""Infinity"", ""low"": 2.0, ""mae"": null}]",1.7971174239269085,1.7645143612514853,1.4564376552983265,1.0613558593020924
raw/e5/N4/d50/n3_M6/raw/rep06.npz,e5,,N4,N4_published_vb,published_vb,50,3,6,raw,raw,1.0,6,4,float64,1.7872991430848002,0.5618558888132267,-0.3167712483075723,0.4102453686810469,0.8773025562279382,7.529084747117039,1.610153583454289,0.52720755834041,100800,102000,1173600,58680000,0,1.6055749000515789,1.0,0.30580357142857145,0.0,6.284432531509926,0.0,,,,0,0,0,-2.5052932284093554,3.0221908022390926,31.44439021026146,0.4163661924817053,100800,"[{""bias"": null, ""count"": 0, ""high"": -2.0, ""low"": ""-Infinity"", ""mae"": null}, {""bias"": null, ""count"": 0, ""high"": -1.0, ""low"": -2.0, ""mae"": null}, {""bias"": null, ""count"": 0, ""high"": -0.25, ""low"": -1.0, ""mae"": null}, {""bias"": null, ""count"": 0, ""high"": 0.25, ""low"": -0.25, ""mae"": null}, {""bias"": null, ""count"": 0, ""high"": 1.0, ""low"": 0.25, ""mae"": null}, {""bias"": null, ""count"": 0, ""high"": 2.0, ""low"": 1.0, ""mae"": null}, {""bias"": null, ""count"": 0, ""high"": ""Infinity"", ""low"": 2.0, ""mae"": null}]",1.7971174239269085,1.7645143612514853,1.4564376552983265,1.0613558593020924
raw/e5/N4/d50/n3_M6/raw/rep07.npz,e5,,N4,N4_published_vb,published_vb,50,3,6,raw,raw,1.0,7,4,float64,1.8030772015466086,0.5668158839517605,-0.3134500208096895,0.4195235257864978,0.8850472760049352,7.0181799118605115,1.6106231485795126,0.5273613065826241,100800,102000,1173600,58680000,0,1.5586971999146044,1.0,0.30354166666666665,0.0,6.2794874508164895,0.0,,,,0,0,0,-2.479827756587133,2.996837247926475,31.080966516476302,0.4175197157619058,100800,"[{""bias"": null, ""count"": 0, ""high"": -2.0, ""low"": ""-Infinity"", ""mae"": null}, {""bias"": null, ""count"": 0, ""high"": -1.0, ""low"": -2.0, ""mae"": null}, {""bias"": null, ""count"": 0, ""high"": -0.25, ""low"": -1.0, ""mae"": null}, {""bias"": null, ""count"": 0, ""high"": 0.25, ""low"": -0.25, ""mae"": null}, {""bias"": null, ""count"": 0, ""high"": 1.0, ""low"": 0.25, ""mae"": null}, {""bias"": null, ""count"": 0, ""high"": 2.0, ""low"": 1.0, ""mae"": null}, {""bias"": null, ""count"": 0, ""high"": ""Infinity"", ""low"": 2.0, ""mae"": null}]",1.7971174239269085,1.7645143612514853,1.4564376552983265,1.0613558593020924
raw/e5/N4/d50/n3_M6/raw/rep08.npz,e5,,N4,N4_published_vb,published_vb,50,3,6,raw,raw,1.0,8,4,float64,1.656068552012541,0.5206022012748721,-0.32589588734230307,0.40364995837476736,0.8128875233844217,6.146032068596702,1.9416268479543877,0.6357408139428455,100800,102000,1173600,58680000,0,1.6175051999744028,1.0,0.3064980158730159,0.0,6.298822887397658,0.0,,,,0,0,0,-2.482587919785637,3.0230692564441344,31.264821216734948,0.4168369813672981,100800,"[{""bias"": null, ""count"": 0, ""high"": -2.0, ""low"": ""-Infinity"", ""mae"": null}, {""bias"": null, ""count"": 0, ""high"": -1.0, ""low"": -2.0, ""mae"": null}, {""bias"": null, ""count"": 0, ""high"": -0.25, ""low"": -1.0, ""mae"": null}, {""bias"": null, ""count"": 0, ""high"": 0.25, ""low"": -0.25, ""mae"": null}, {""bias"": null, ""count"": 0, ""high"": 1.0, ""low"": 0.25, ""mae"": null}, {""bias"": null, ""count"": 0, ""high"": 2.0, ""low"": 1.0, ""mae"": null}, {""bias"": null, ""count"": 0, ""high"": ""Infinity"", ""low"": 2.0, ""mae"": null}]",1.7971174239269085,1.7645143612514853,1.4564376552983265,1.0613558593020924
raw/e5/N4/d50/n3_M6/raw/rep09.npz,e5,,N4,N4_published_vb,published_vb,50,3,6,raw,raw,1.0,9,4,float64,1.8423999354934169,0.5791773902601658,-0.32008499001018614,0.42262315994250466,0.9043489889514674,9.660545521628897,1.5791184190143328,0.5170458113895503,100800,102000,1173600,58680000,0,1.669201900018379,1.0,0.3045535714285714,0.0,6.3277239526351785,0.0,,,,0,0,0,-2.471902298136423,2.997213791446697,31.92120331359232,0.4160033690963579,100800,"[{""bias"": null, ""count"": 0, ""high"": -2.0, ""low"": ""-Infinity"", ""mae"": null}, {""bias"": null, ""count"": 0, ""high"": -1.0, ""low"": -2.0, ""mae"": null}, {""bias"": null, ""count"": 0, ""high"": -0.25, ""low"": -1.0, ""mae"": null}, {""bias"": null, ""count"": 0, ""high"": 0.25, ""low"": -0.25, ""mae"": null}, {""bias"": null, ""count"": 0, ""high"": 1.0, ""low"": 0.25, ""mae"": null}, {""bias"": null, ""count"": 0, ""high"": 2.0, ""low"": 1.0, ""mae"": null}, {""bias"": null, ""count"": 0, ""high"": ""Infinity"", ""low"": 2.0, ""mae"": null}]",1.7971174239269085,1.7645143612514853,1.4564376552983265,1.0613558593020924
raw/e5/N4/d50/n4_M6/box/rep00.npz,e5,e0,N4,N4_published_vb,published_vb,50,4,6,box,box,1.0,0,4,float64,1.3552208372438397,0.42602762441525743,-0.3064049215952482,0.33154930472209043,0.6652152827172125,2.713583699026454,1.26339635317223,0.4136699215631184,1267200,1268400,14652000,732600000,0,23.128861400065944,0.9999700126262626,0.2609635416666667,0.9999700126262626,5.401197249674781,5.401197249674781,,,,0,0,0,-1.9681723507917486,2.278676682672538,20.92804759180129,0.4218602575056498,1267200,"[{""bias"": null, ""count"": 0, ""high"": -2.0, ""low"": ""-Infinity"", ""mae"": null}, {""bias"": null, ""count"": 0, ""high"": -1.0, ""low"": -2.0, ""mae"": null}, {""bias"": null, ""count"": 0, ""high"": -0.25, ""low"": -1.0, ""mae"": null}, {""bias"": null, ""count"": 0, ""high"": 0.25, ""low"": -0.25, ""mae"": null}, {""bias"": null, ""count"": 0, ""high"": 1.0, ""low"": 0.25, ""mae"": null}, {""bias"": null, ""count"": 0, ""high"": 2.0, ""low"": 1.0, ""mae"": null}, {""bias"": null, ""count"": 0, ""high"": ""Infinity"", ""low"": 2.0, ""mae"": null}]",1.38025542822001,1.3779043173619812,1.3409723106942262,0.3274027069245425
raw/e5/N4/d50/n4_M6/box/rep01.npz,e5,e0,N4,N4_published_vb,published_vb,50,4,6,box,box,1.0,1,4,float64,1.3828422469688604,0.43471069897016396,-0.30886130517989335,0.3395596321084585,0.67877335633468,2.6851701319227397,1.2834202219327682,0.4202262743646471,1267200,1268400,14652000,732600000,0,23.245255200192332,0.9999668560606061,0.2599715909090909,0.9999668560606061,5.3975321278927515,5.3975321278927515,,,,0,0,0,-1.9468195158208519,2.262916004956863,20.74904963656767,0.42249558571883217,1267200,"[{""bias"": null, ""count"": 0, ""high"": -2.0, ""low"": ""-Infinity"", ""mae"": null}, {""bias"": null, ""count"": 0, ""high"": -1.0, ""low"": -2.0, ""mae"": null}, {""bias"": null, ""count"": 0, ""high"": -0.25, ""low"": -1.0, ""mae"": null}, {""bias"": null, ""count"": 0, ""high"": 0.25, ""low"": -0.25, ""mae"": null}, {""bias"": null, ""count"": 0, ""high"": 1.0, ""low"": 0.25, ""mae"": null}, {""bias"": null, ""count"": 0, ""high"": 2.0, ""low"": 1.0, ""mae"": null}, {""bias"": null, ""count"": 0, ""high"": ""Infinity"", ""low"": 2.0, ""mae"": null}]",1.38025542822001,1.3779043173619812,1.3409723106942262,0.3274027069245425
raw/e5/N4/d50/n4_M6/box/rep02.npz,e5,e0,N4,N4_published_vb,published_vb,50,4,6,box,box,1.0,2,4,float64,1.3661004794222622,0.42944775195785617,-0.31018783956466023,0.33468433140207926,0.6705555963020452,2.8101455558728565,1.3117117590018317,0.4294896839754742,1267200,1268400,14652000,732600000,0,23.918603900121525,0.9999715909090909,0.2603756313131313,0.9999715909090909,5.399600968237044,5.399600968237044,,,,0,0,0,-1.9574335431169667,2.2642364178002636,20.729409587753366,0.4213843787713571,1267200,"[{""bias"": null, ""count"": 0, ""high"": -2.0, ""low"": ""-Infinity"", ""mae"": null}, {""bias"": null, ""count"": 0, ""high"": -1.0, ""low"": -2.0, ""mae"": null}, {""bias"": null, ""count"": 0, ""high"": -0.25, ""low"": -1.0, ""mae"": null}, {""bias"": null, ""count"": 0, ""high"": 0.25, ""low"": -0.25, ""mae"": null}, {""bias"": null, ""count"": 0, ""high"": 1.0, ""low"": 0.25, ""mae"": null}, {""bias"": null, ""count"": 0, ""high"": 2.0, ""low"": 1.0, ""mae"": null}, {""bias"": null, ""count"": 0, ""high"": ""Infinity"", ""low"": 2.0, ""mae"": null}]",1.38025542822001,1.3779043173619812,1.3409723106942262,0.3274027069245425
raw/e5/N4/d50/n4_M6/box/rep03.npz,e5,,N4,N4_published_vb,published_vb,50,4,6,box,box,1.0,3,4,float64,1.3900510653749762,0.43697686526276935,-0.3113019528371094,0.34009365011220705,0.6823118321626003,2.775235767836108,1.285701043638901,0.42097307669149125,1267200,1268400,14652000,732600000,0,20.61551560019143,0.9999660669191919,0.25838541666666665,0.9999660669191919,5.35914589985568,5.35914589985568,,,,0,0,0,-1.9471908994445175,2.26480246186544,20.763291760408446,0.4233684544485481,1267200,"[{""bias"": null, ""count"": 0, ""high"": -2.0, ""low"": ""-Infinity"", ""mae"": null}, {""bias"": null, ""count"": 0, ""high"": -1.0, ""low"": -2.0, ""mae"": null}, {""bias"": null, ""count"": 0, ""high"": -0.25, ""low"": -1.0, ""mae"": null}, {""bias"": null, ""count"": 0, ""high"": 0.25, ""low"": -0.25, ""mae"": null}, {""bias"": null, ""count"": 0, ""high"": 1.0, ""low"": 0.25, ""mae"": null}, {""bias"": null, ""count"": 0, ""high"": 2.0, ""low"": 1.0, ""mae"": null}, {""bias"": null, ""count"": 0, ""high"": ""Infinity"", ""low"": 2.0, ""mae"": null}]",1.38025542822001,1.3779043173619812,1.3409723106942262,0.3274027069245425
raw/e5/N4/d50/n4_M6/box/rep04.npz,e5,,N4,N4_published_vb,published_vb,50,4,6,box,box,1.0,4,4,float64,1.389041837125892,0.4366596039710049,-0.31743190873962346,0.3412752207239887,0.6818164486527023,2.6754249779310517,1.3357677733899693,0.437366269625002,1267200,1268400,14652000,732600000,0,20.087077799951658,0.9999700126262626,0.260318023989899,0.9999700126262626,5.386060075439071,5.386060075439071,,,,0,0,0,-1.971301769599681,2.2833811868626808,20.95337653986477,0.42555103407832523,1267200,"[{""bias"": null, ""count"": 0, ""high"": -2.0, ""low"": ""-Infinity"", ""mae"": null}, {""bias"": null, ""count"": 0, ""high"": -1.0, ""low"": -2.0, ""mae"": null}, {""bias"": null, ""count"": 0, ""high"": -0.25, ""low"": -1.0, ""mae"": null}, {""bias"": null, ""count"": 0, ""high"": 0.25, ""low"": -0.25, ""mae"": null}, {""bias"": null, ""count"": 0, ""high"": 1.0, ""low"": 0.25, ""mae"": null}, {""bias"": null, ""count"": 0, ""high"": 2.0, ""low"": 1.0, ""mae"": null}, {""bias"": null, ""count"": 0, ""high"": ""Infinity"", ""low"": 2.0, ""mae"": null}]",1.38025542822001,1.3779043173619812,1.3409723106942262,0.3274027069245425
raw/e5/N4/d50/n4_M6/box/rep05.npz,e5,,N4,N4_published_vb,published_vb,50,4,6,box,box,1.0,5,4,float64,1.3728547844045969,0.4315710372757327,-0.3136816312471343,0.3389267271025946,0.6738709724938102,2.718254727009592,1.2668701702507104,0.41480734263827934,1267200,1268400,14652000,732600000,0,19.922054199967533,0.9999684343434343,0.26177714646464645,0.9999684343434343,5.449830392739066,5.449830392739066,,,,0,0,0,-1.9641307696024384,2.2829475961143615,20.941316851836767,0.42000177711691106,1267200,"[{""bias"": null, ""count"": 0, ""high"": -2.0, ""low"": ""-Infinity"", ""mae"": null}, {""bias"": null, ""count"": 0, ""high"": -1.0, ""low"": -2.0, ""mae"": null}, {""bias"": null, ""count"": 0, ""high"": -0.25, ""low"": -1.0, ""mae"": null}, {""bias"": null, ""count"": 0, ""high"": 0.25, ""low"": -0.25, ""mae"": null}, {""bias"": null, ""count"": 0, ""high"": 1.0, ""low"": 0.25, ""mae"": null}, {""bias"": null, ""count"": 0, ""high"": 2.0, ""low"": 1.0, ""mae"": null}, {""bias"": null, ""count"": 0, ""high"": ""Infinity"", ""low"": 2.0, ""mae"": null}]",1.38025542822001,1.3779043173619812,1.3409723106942262,0.3274027069245425
raw/e5/N4/d50/n4_M6/box/rep06.npz,e5,,N4,N4_published_vb,published_vb,50,4,6,box,box,1.0,6,4,float64,1.3733635733798044,0.43173098032890855,-0.310640611447523,0.33469234944033643,0.6741207134900261,2.7181524489898807,1.2921705028720474,0.4230913515201401,1267200,1268400,14652000,732600000,0,27.45567709999159,0.9999605429292929,0.26157118055555556,0.9999605429292929,5.440759371526347,5.440759371526347,,,,0,0,0,-1.9588714229847948,2.2852517980510894,20.969071446131466,0.42012281452739897,1267200,"[{""bias"": null, ""count"": 0, ""high"": -2.0, ""low"": ""-Infinity"", ""mae"": null}, {""bias"": null, ""count"": 0, ""high"": -1.0, ""low"": -2.0, ""mae"": null}, {""bias"": null, ""count"": 0, ""high"": -0.25, ""low"": -1.0, ""mae"": null}, {""bias"": null, ""count"": 0, ""high"": 0.25, ""low"": -0.25, ""mae"": null}, {""bias"": null, ""count"": 0, ""high"": 1.0, ""low"": 0.25, ""mae"": null}, {""bias"": null, ""count"": 0, ""high"": 2.0, ""low"": 1.0, ""mae"": null}, {""bias"": null, ""count"": 0, ""high"": ""Infinity"", ""low"": 2.0, ""mae"": null}]",1.38025542822001,1.3779043173619812,1.3409723106942262,0.3274027069245425
raw/e5/N4/d50/n4_M6/box/rep07.npz,e5,,N4,N4_published_vb,published_vb,50,4,6,box,box,1.0,7,4,float64,1.3691015712461787,0.430391176073881,-0.30947422830835525,0.3352720315232021,0.6720286935945624,2.954051807659161,1.2869391348121544,0.4213784610170371,1267200,1268400,14652000,732600000,0,26.69425669987686,0.9999636994949495,0.2623792613636364,0.9999636994949495,5.456920295475431,5.456920295475431,,,,0,0,0,-1.9781754438640788,2.293634909716998,21.034089834230066,0.4203065127863318,1267200,"[{""bias"": null, ""count"": 0, ""high"": -2.0, ""low"": ""-Infinity"", ""mae"": null}, {""bias"": null, ""count"": 0, ""high"": -1.0, ""low"": -2.0, ""mae"": null}, {""bias"": null, ""count"": 0, ""high"": -0.25, ""low"": -1.0, ""mae"": null}, {""bias"": null, ""count"": 0, ""high"": 0.25, ""low"": -0.25, ""mae"": null}, {""bias"": null, ""count"": 0, ""high"": 1.0, ""low"": 0.25, ""mae"": null}, {""bias"": null, ""count"": 0, ""high"": 2.0, ""low"": 1.0, ""mae"": null}, {""bias"": null, ""count"": 0, ""high"": ""Infinity"", ""low"": 2.0, ""mae"": null}]",1.38025542822001,1.3779043173619812,1.3409723106942262,0.3274027069245425
raw/e5/N4/d50/n4_M6/box/rep08.npz,e5,,N4,N4_published_vb,published_vb,50,4,6,box,box,1.0,8,4,float64,1.3824450613441577,0.4345858395793593,-0.3137129214597601,0.33983580952893544,0.6785783962659097,2.6735383487040862,1.3208927941815705,0.4324958016464131,1267200,1268400,14652000,732600000,0,26.51700699981302,0.9999684343434343,0.26027304292929293,0.9999684343434343,5.4050603608696735,5.4050603608696735,,,,0,0,0,-1.9612268317407786,2.277805971039411,20.934990405822045,0.42361634044722984,1267200,"[{""bias"": null, ""count"": 0, ""high"": -2.0, ""low"": ""-Infinity"", ""mae"": null}, {""bias"": null, ""count"": 0, ""high"": -1.0, ""low"": -2.0, ""mae"": null}, {""bias"": null, ""count"": 0, ""high"": -0.25, ""low"": -1.0, ""mae"": null}, {""bias"": null, ""count"": 0, ""high"": 0.25, ""low"": -0.25, ""mae"": null}, {""bias"": null, ""count"": 0, ""high"": 1.0, ""low"": 0.25, ""mae"": null}, {""bias"": null, ""count"": 0, ""high"": 2.0, ""low"": 1.0, ""mae"": null}, {""bias"": null, ""count"": 0, ""high"": ""Infinity"", ""low"": 2.0, ""mae"": null}]",1.38025542822001,1.3779043173619812,1.3409723106942262,0.3274027069245425
raw/e5/N4/d50/n4_M6/box/rep09.npz,e5,,N4,N4_published_vb,published_vb,50,4,6,box,box,1.0,9,4,float64,1.4215328256895319,0.4468734807741552,-0.3171423274486101,0.34699843453686496,0.6977647734933087,2.7159368317209727,1.2462493916822375,0.4080555455228512,1267200,1268400,14652000,732600000,0,27.48750160005875,0.9999676452020202,0.25865767045454546,0.9999676452020202,5.363358495955819,5.3633584959558185,,,,0,0,0,-1.9393019875037238,2.2576366825798893,20.704598724090108,0.4204608792765732,1267200,"[{""bias"": null, ""count"": 0, ""high"": -2.0, ""low"": ""-Infinity"", ""mae"": null}, {""bias"": null, ""count"": 0, ""high"": -1.0, ""low"": -2.0, ""mae"": null}, {""bias"": null, ""count"": 0, ""high"": -0.25, ""low"": -1.0, ""mae"": null}, {""bias"": null, ""count"": 0, ""high"": 0.25, ""low"": -0.25, ""mae"": null}, {""bias"": null, ""count"": 0, ""high"": 1.0, ""low"": 0.25, ""mae"": null}, {""bias"": null, ""count"": 0, ""high"": 2.0, ""low"": 1.0, ""mae"": null}, {""bias"": null, ""count"": 0, ""high"": ""Infinity"", ""low"": 2.0, ""mae"": null}]",1.38025542822001,1.3779043173619812,1.3409723106942262,0.3274027069245425
raw/e5/N4/d50/n4_M6/centre/rep00.npz,e5,e0,N4,N4_published_vb,published_vb,50,4,6,centre,centre,0.0,0,4,float64,1.2732336201631997,0.4002540985327016,-0.2920477671393711,0.3130870576520349,0.624971546574243,2.357993221521127,1.1704160668561703,0.3832256768486987,1267200,1268400,14652000,732600000,0,22.309892300050706,0.9999731691919191,0.2618505366161616,1.0,5.501069789489325,9.061858523160083,,,,0,0,0,-1.8383553534855526,2.3677313527668753,21.86592580554565,0.4223540424688485,1267200,"[{""bias"": null, ""count"": 0, ""high"": -2.0, ""low"": ""-Infinity"", ""mae"": null}, {""bias"": null, ""count"": 0, ""high"": -1.0, ""low"": -2.0, ""mae"": null}, {""bias"": null, ""count"": 0, ""high"": -0.25, ""low"": -1.0, ""mae"": null}, {""bias"": null, ""count"": 0, ""high"": 0.25, ""low"": -0.25, ""mae"": null}, {""bias"": null, ""count"": 0, ""high"": 1.0, ""low"": 0.25, ""mae"": null}, {""bias"": null, ""count"": 0, ""high"": 2.0, ""low"": 1.0, ""mae"": null}, {""bias"": null, ""count"": 0, ""high"": ""Infinity"", ""low"": 2.0, ""mae"": null}]",1.2912952428273365,1.2892342045106564,1.2629155626591704,0.2695490264269669
raw/e5/N4/d50/n4_M6/centre/rep01.npz,e5,e0,N4,N4_published_vb,published_vb,50,4,6,centre,centre,0.0,1,4,float64,1.2923460271116263,0.40626228045060614,-0.29598348328074825,0.3187284988856062,0.6343529439393106,2.30598021910137,1.1917005552748778,0.39019479040721916,1267200,1268400,14652000,732600000,0,22.706843700027093,0.9999747474747475,0.26080729166666666,1.0,5.4980871977593395,9.054233106926008,,,,0,0,0,-1.8169594558030837,2.353592895987776,21.709869872965285,0.42294684037931757,1267200,"[{""bias"": null, ""count"": 0, ""high"": -2.0, ""low"": ""-Infinity"", ""mae"": null}, {""bias"": null, ""count"": 0, ""high"": -1.0, ""low"": -2.0, ""mae"": null}, {""bias"": null, ""count"": 0, ""high"": -0.25, ""low"": -1.0, ""mae"": null}, {""bias"": null, ""count"": 0, ""high"": 0.25, ""low"": -0.25, ""mae"": null}, {""bias"": null, ""count"": 0, ""high"": 1.0, ""low"": 0.25, ""mae"": null}, {""bias"": null, ""count"": 0, ""high"": 2.0, ""low"": 1.0, ""mae"": null}, {""bias"": null, ""count"": 0, ""high"": ""Infinity"", ""low"": 2.0, ""mae"": null}]",1.2912952428273365,1.2892342045106564,1.2629155626591704,0.2695490264269669
raw/e5/N4/d50/n4_M6/centre/rep02.npz,e5,e0,N4,N4_published_vb,published_vb,50,4,6,centre,centre,0.0,2,4,float64,1.289393643111635,0.4053341681405594,-0.2951506529410647,0.31852291612919437,0.6329037550667146,2.3755828948106217,1.2244075366324576,0.40090393514931416,1267200,1268400,14652000,732600000,0,22.51118619996123,0.999972380050505,0.2612200126262626,1.0,5.496334872951068,9.054154697787341,,,,0,0,0,-1.8301473208658838,2.3512315218776116,21.64161518725328,0.4218262514538698,1267200,"[{""bias"": null, ""count"": 0, ""high"": -2.0, ""low"": ""-Infinity"", ""mae"": null}, {""bias"": null, ""count"": 0, ""high"": -1.0, ""low"": -2.0, ""mae"": null}, {""bias"": null, ""count"": 0, ""high"": -0.25, ""low"": -1.0, ""mae"": null}, {""bias"": null, ""count"": 0, ""high"": 0.25, ""low"": -0.25, ""mae"": null}, {""bias"": null, ""count"": 0, ""high"": 1.0, ""low"": 0.25, ""mae"": null}, {""bias"": null, ""count"": 0, ""high"": 2.0, ""low"": 1.0, ""mae"": null}, {""bias"": null, ""count"": 0, ""high"": ""Infinity"", ""low"": 2.0, ""mae"": null}]",1.2912952428273365,1.2892342045106564,1.2629155626591704,0.2695490264269669
raw/e5/N4/d50/n4_M6/centre/rep03.npz,e5,,N4,N4_published_vb,published_vb,50,4,6,centre,centre,0.0,3,4,float64,1.293460480063752,0.40661262021123307,-0.296669987315015,0.31860806300410555,0.6348999773933792,2.321669280466219,1.1965696540930195,0.391789064224083,1267200,1268400,14652000,732600000,0,26.864881200017408,0.9999747474747475,0.259307922979798,1.0,5.456665594224762,9.000057364563562,,,,0,0,0,-1.8153318585188114,2.3571539244535105,21.731325923948067,0.4239085366100034,1267200,"[{""bias"": null, ""count"": 0, ""high"": -2.0, ""low"": ""-Infinity"", ""mae"": null}, {""bias"": null, ""count"": 0, ""high"": -1.0, ""low"": -2.0, ""mae"": null}, {""bias"": null, ""count"": 0, ""high"": -0.25, ""low"": -1.0, ""mae"": null}, {""bias"": null, ""count"": 0, ""high"": 0.25, ""low"": -0.25, ""mae"": null}, {""bias"": null, ""count"": 0, ""high"": 1.0, ""low"": 0.25, ""mae"": null}, {""bias"": null, ""count"": 0, ""high"": 2.0, ""low"": 1.0, ""mae"": null}, {""bias"": null, ""count"": 0, ""high"": ""Infinity"", ""low"": 2.0, ""mae"": null}]",1.2912952428273365,1.2892342045106564,1.2629155626591704,0.2695490264269669
raw/e5/N4/d50/n4_M6/centre/rep04.npz,e5,,N4,N4_published_vb,published_vb,50,4,6,centre,centre,0.0,4,4,float64,1.2979147155464634,0.4080128549989043,-0.2995971946025951,0.32019296717367557,0.637086355756589,2.28618007189281,1.243056445277175,0.4070100890549574,1267200,1268400,14652000,732600000,0,25.957220799988136,0.9999755366161616,0.26112926136363634,1.0,5.486326914240028,9.042385592530394,,,,0,0,0,-1.8445779170125591,2.3702676184465066,21.857060421697284,0.4260280666722522,1267200,"[{""bias"": null, ""count"": 0, ""high"": -2.0, ""low"": ""-Infinity"", ""mae"": null}, {""bias"": null, ""count"": 0, ""high"": -1.0, ""low"": -2.0, ""mae"": null}, {""bias"": null, ""count"": 0, ""high"": -0.25, ""low"": -1.0, ""mae"": null}, {""bias"": null, ""count"": 0, ""high"": 0.25, ""low"": -0.25, ""mae"": null}, {""bias"": null, ""count"": 0, ""high"": 1.0, ""low"": 0.25, ""mae"": null}, {""bias"": null, ""count"": 0, ""high"": 2.0, ""low"": 1.0, ""mae"": null}, {""bias"": null, ""count"": 0, ""high"": ""Infinity"", ""low"": 2.0, ""mae"": null}]",1.2912952428273365,1.2892342045106564,1.2629155626591704,0.2695490264269669
raw/e5/N4/d50/n4_M6/centre/rep05.npz,e5,,N4,N4_published_vb,published_vb,50,4,6,centre,centre,0.0,5,4,float64,1.2813907729651213,0.40281838350729104,-0.29642589953804027,0.317865534809051,0.6289755159334607,2.3039813421956463,1.195187657576798,0.3913365614215931,1267200,1268400,14652000,732600000,0,26.948884800076485,0.999972380050505,0.2626199494949495,1.0,5.550948431879485,9.123188263633086,,,,0,0,0,-1.8349417564625536,2.3729197692212414,21.884774011351194,0.42057721804673587,1267200,"[{""bias"": null, ""count"": 0, ""high"": -2.0, ""low"": ""-Infinity"", ""mae"": null}, {""bias"": null, ""count"": 0, ""high"": -1.0, ""low"": -2.0, ""mae"": null}, {""bias"": null, ""count"": 0, ""high"": -0.25, ""low"": -1.0, ""mae"": null}, {""bias"": null, ""count"": 0, ""high"": 0.25, ""low"": -0.25, ""mae"": null}, {""bias"": null, ""count"": 0, ""high"": 1.0, ""low"": 0.25, ""mae"": null}, {""bias"": null, ""count"": 0, ""high"": 2.0, ""low"": 1.0, ""mae"": null}, {""bias"": null, ""count"": 0, ""high"": ""Infinity"", ""low"": 2.0, ""mae"": null}]",1.2912952428273365,1.2892342045106564,1.2629155626591704,0.2695490264269669
raw/e5/N4/d50/n4_M6/centre/rep06.npz,e5,,N4,N4_published_vb,published_vb,50,4,6,centre,centre,0.0,6,4,float64,1.286603199987305,0.4044569636122244,-0.29378201726172953,0.3169220087173613,0.63153405548651,2.396333745460091,1.198470967878651,0.3924116054579516,1267200,1268400,14652000,732600000,0,26.635497099952772,0.9999708017676767,0.2624542297979798,1.0,5.544307209474291,9.11498867423906,,,,0,0,0,-1.82875937922832,2.377475612272943,21.93804693886084,0.42075025120843834,1267200,"[{""bias"": null, ""count"": 0, ""high"": -2.0, ""low"": ""-Infinity"", ""mae"": null}, {""bias"": null, ""count"": 0, ""high"": -1.0, ""low"": -2.0, ""mae"": null}, {""bias"": null, ""count"": 0, ""high"": -0.25, ""low"": -1.0, ""mae"": null}, {""bias"": null, ""count"": 0, ""high"": 0.25, ""low"": -0.25, ""mae"": null}, {""bias"": null, ""count"": 0, ""high"": 1.0, ""low"": 0.25, ""mae"": null}, {""bias"": null, ""count"": 0, ""high"": 2.0, ""low"": 1.0, ""mae"": null}, {""bias"": null, ""count"": 0, ""high"": ""Infinity"", ""low"": 2.0, ""mae"": null}]",1.2912952428273365,1.2892342045106564,1.2629155626591704,0.2695490264269669
raw/e5/N4/d50/n4_M6/centre/rep07.npz,e5,,N4,N4_published_vb,published_vb,50,4,6,centre,centre,0.0,7,4,float64,1.2844893161394846,0.4037924424587508,-0.29573230372376735,0.31770181182526375,0.6304964475905754,2.4616711968773415,1.1830364330379732,0.38735792392651863,1267200,1268400,14652000,732600000,0,27.522204000037163,0.9999771148989899,0.26326941287878786,1.0,5.558523773712358,9.135191028291354,,,,0,0,0,-1.8442190822886377,2.3868171569917727,22.02772624234281,0.4207740533973853,1267200,"[{""bias"": null, ""count"": 0, ""high"": -2.0, ""low"": ""-Infinity"", ""mae"": null}, {""bias"": null, ""count"": 0, ""high"": -1.0, ""low"": -2.0, ""mae"": null}, {""bias"": null, ""count"": 0, ""high"": -0.25, ""low"": -1.0, ""mae"": null}, {""bias"": null, ""count"": 0, ""high"": 0.25, ""low"": -0.25, ""mae"": null}, {""bias"": null, ""count"": 0, ""high"": 1.0, ""low"": 0.25, ""mae"": null}, {""bias"": null, ""count"": 0, ""high"": 2.0, ""low"": 1.0, ""mae"": null}, {""bias"": null, ""count"": 0, ""high"": ""Infinity"", ""low"": 2.0, ""mae"": null}]",1.2912952428273365,1.2892342045106564,1.2629155626591704,0.2695490264269669
raw/e5/N4/d50/n4_M6/centre/rep08.npz,e5,,N4,N4_published_vb,published_vb,50,4,6,centre,centre,0.0,8,4,float64,1.289074765909678,0.4052339258087589,-0.29697738281202046,0.31855807952799586,0.6327472329839496,2.292827444484329,1.215844699148492,0.39810023201889444,1267200,1268400,14652000,732600000,0,21.432817899854854,0.9999755366161616,0.2611513573232323,1.0,5.503534296625519,9.062005584488851,,,,0,0,0,-1.8287462003261548,2.369841151913628,21.908702921328143,0.42410021171891465,1267200,"[{""bias"": null, ""count"": 0, ""high"": -2.0, ""low"": ""-Infinity"", ""mae"": null}, {""bias"": null, ""count"": 0, ""high"": -1.0, ""low"": -2.0, ""mae"": null}, {""bias"": null, ""count"": 0, ""high"": -0.25, ""low"": -1.0, ""mae"": null}, {""bias"": null, ""count"": 0, ""high"": 0.25, ""low"": -0.25, ""mae"": null}, {""bias"": null, ""count"": 0, ""high"": 1.0, ""low"": 0.25, ""mae"": null}, {""bias"": null, ""count"": 0, ""high"": 2.0, ""low"": 1.0, ""mae"": null}, {""bias"": null, ""count"": 0, ""high"": ""Infinity"", ""low"": 2.0, ""mae"": null}]",1.2912952428273365,1.2892342045106564,1.2629155626591704,0.2695490264269669
raw/e5/N4/d50/n4_M6/centre/rep09.npz,e5,,N4,N4_published_vb,published_vb,50,4,6,centre,centre,0.0,9,4,float64,1.3250458872751005,0.41654181819184105,-0.30163519911861936,0.3268409315661158,0.6504037941960832,2.2883197987115187,1.1798366976596137,0.3863102445663042,1267200,1268400,14652000,732600000,0,19.767499099951237,0.9999747474747475,0.2594767992424242,1.0,5.4653323389965065,9.010667132554035,,,,0,0,0,-1.808551648483851,2.3492865202616118,21.679276498517282,0.4208666760775565,1267200,"[{""bias"": null, ""count"": 0, ""high"": -2.0, ""low"": ""-Infinity"", ""mae"": null}, {""bias"": null, ""count"": 0, ""high"": -1.0, ""low"": -2.0, ""mae"": null}, {""bias"": null, ""count"": 0, ""high"": -0.25, ""low"": -1.0, ""mae"": null}, {""bias"": null, ""count"": 0, ""high"": 0.25, ""low"": -0.25, ""mae"": null}, {""bias"": null, ""count"": 0, ""high"": 1.0, ""low"": 0.25, ""mae"": null}, {""bias"": null, ""count"": 0, ""high"": 2.0, ""low"": 1.0, ""mae"": null}, {""bias"": null, ""count"": 0, ""high"": ""Infinity"", ""low"": 2.0, ""mae"": null}]",1.2912952428273365,1.2892342045106564,1.2629155626591704,0.2695490264269669
raw/e5/N4/d50/n4_M6/oracle_state/rep00.npz,e5,e0,N4,N4_published_vb,published_vb,50,4,6,oracle_state,oracle_state,1.0,0,4,float64,0.1980283185453093,0.062252240961984576,-0.000836348009208137,0.04361028857989216,0.09720295046159345,1.7375713231164645,0.19200485777916818,0.0628675508345547,1267200,1268400,14652000,732600000,0,23.052269299980253,0.0,0.0,0.0,0.0,0.0,,,,0,0,0,0.0,0.0,0.0,0.4321714733359952,1267200,"[{""bias"": null, ""count"": 0, ""high"": -2.0, ""low"": ""-Infinity"", ""mae"": null}, {""bias"": null, ""count"": 0, ""high"": -1.0, ""low"": -2.0, ""mae"": null}, {""bias"": null, ""count"": 0, ""high"": -0.25, ""low"": -1.0, ""mae"": null}, {""bias"": null, ""count"": 0, ""high"": 0.25, ""low"": -0.25, ""mae"": null}, {""bias"": null, ""count"": 0, ""high"": 1.0, ""low"": 0.25, ""mae"": null}, {""bias"": null, ""count"": 0, ""high"": 2.0, ""low"": 1.0, ""mae"": null}, {""bias"": null, ""count"": 0, ""high"": ""Infinity"", ""low"": 2.0, ""mae"": null}]",0.19373948750448805,0.19306729401585657,0.06009457442688922,0.1843087506264303
raw/e5/N4/d50/n4_M6/oracle_state/rep01.npz,e5,e0,N4,N4_published_vb,published_vb,50,4,6,oracle_state,oracle_state,1.0,1,4,float64,0.19006408767350164,0.05974860298257503,-0.0005294693779435561,0.04227803888677839,0.09329367756272829,1.7515731823641016,0.1827513670735384,0.059837709277096064,1267200,1268400,14652000,732600000,0,22.633633200079203,0.0,0.0,0.0,0.0,0.0,,,,0,0,0,0.0,0.0,0.0,0.43013227470734755,1267200,"[{""bias"": null, ""count"": 0, ""high"": -2.0, ""low"": ""-Infinity"", ""mae"": null}, {""bias"": null, ""count"": 0, ""high"": -1.0, ""low"": -2.0, ""mae"": null}, {""bias"": null, ""count"": 0, ""high"": -0.25, ""low"": -1.0, ""mae"": null}, {""bias"": null, ""count"": 0, ""high"": 0.25, ""low"": -0.25, ""mae"": null}, {""bias"": null, ""count"": 0, ""high"": 1.0, ""low"": 0.25, ""mae"": null}, {""bias"": null, ""count"": 0, ""high"": 2.0, ""low"": 1.0, ""mae"": null}, {""bias"": null, ""count"": 0, ""high"": ""Infinity"", ""low"": 2.0, ""mae"": null}]",0.19373948750448805,0.19306729401585657,0.06009457442688922,0.1843087506264303
raw/e5/N4/d50/n4_M6/oracle_state/rep02.npz,e5,e0,N4,N4_published_vb,published_vb,50,4,6,oracle_state,oracle_state,1.0,2,4,float64,0.18618150809538078,0.05852807411464972,-0.0020086647560895402,0.04154346330129046,0.09138789866621695,1.7491045268733092,0.19431773304606587,0.0636248483586773,1267200,1268400,14652000,732600000,0,21.970359799917787,0.0,0.0,0.0,0.0,0.0,,,,0,0,0,0.0,0.0,0.0,0.43018444070212764,1267200,"[{""bias"": null, ""count"": 0, ""high"": -2.0, ""low"": ""-Infinity"", ""mae"": null}, {""bias"": null, ""count"": 0, ""high"": -1.0, ""low"": -2.0, ""mae"": null}, {""bias"": null, ""count"": 0, ""high"": -0.25, ""low"": -1.0, ""mae"": null}, {""bias"": null, ""count"": 0, ""high"": 0.25, ""low"": -0.25, ""mae"": null}, {""bias"": null, ""count"": 0, ""high"": 1.0, ""low"": 0.25, ""mae"": null}, {""bias"": null, ""count"": 0, ""high"": 2.0, ""low"": 1.0, ""mae"": null}, {""bias"": null, ""count"": 0, ""high"": ""Infinity"", ""low"": 2.0, ""mae"": null}]",0.19373948750448805,0.19306729401585657,0.06009457442688922,0.1843087506264303
raw/e5/N4/d50/n4_M6/oracle_state/rep03.npz,e5,,N4,N4_published_vb,published_vb,50,4,6,oracle_state,oracle_state,1.0,3,4,float64,0.1851408190026532,0.058200922782744816,-0.003132226202774708,0.040999003203373706,0.09087707248201556,1.7313428933281887,0.18888627346332942,0.06184644251325727,1267200,1268400,14652000,732600000,0,26.238366900011897,0.0,0.0,0.0,0.0,0.0,,,,0,0,0,0.0,0.0,0.0,0.4331569241931038,1267200,"[{""bias"": null, ""count"": 0, ""high"": -2.0, ""low"": ""-Infinity"", ""mae"": null}, {""bias"": null, ""count"": 0, ""high"": -1.0, ""low"": -2.0, ""mae"": null}, {""bias"": null, ""count"": 0, ""high"": -0.25, ""low"": -1.0, ""mae"": null}, {""bias"": null, ""count"": 0, ""high"": 0.25, ""low"": -0.25, ""mae"": null}, {""bias"": null, ""count"": 0, ""high"": 1.0, ""low"": 0.25, ""mae"": null}, {""bias"": null, ""count"": 0, ""high"": 2.0, ""low"": 1.0, ""mae"": null}, {""bias"": null, ""count"": 0, ""high"": ""Infinity"", ""low"": 2.0, ""mae"": null}]",0.19373948750448805,0.19306729401585657,0.06009457442688922,0.1843087506264303
raw/e5/N4/d50/n4_M6/oracle_state/rep04.npz,e5,,N4,N4_published_vb,published_vb,50,4,6,oracle_state,oracle_state,1.0,4,4,float64,0.2003062740539833,0.0629683397314351,-0.0003637758158461177,0.044196769674172263,0.09832109355390421,1.7474538139534517,0.19535204739542425,0.06396351067529422,1267200,1268400,14652000,732600000,0,27.012267399812117,0.0,0.0,0.0,0.0,0.0,,,,0,0,0,0.0,0.0,0.0,0.43463640181715324,1267200,"[{""bias"": null, ""count"": 0, ""high"": -2.0, ""low"": ""-Infinity"", ""mae"": null}, {""bias"": null, ""count"": 0, ""high"": -1.0, ""low"": -2.0, ""mae"": null}, {""bias"": null, ""count"": 0, ""high"": -0.25, ""low"": -1.0, ""mae"": null}, {""bias"": null, ""count"": 0, ""high"": 0.25, ""low"": -0.25, ""mae"": null}, {""bias"": null, ""count"": 0, ""high"": 1.0, ""low"": 0.25, ""mae"": null}, {""bias"": null, ""count"": 0, ""high"": 2.0, ""low"": 1.0, ""mae"": null}, {""bias"": null, ""count"": 0, ""high"": ""Infinity"", ""low"": 2.0, ""mae"": null}]",0.19373948750448805,0.19306729401585657,0.06009457442688922,0.1843087506264303
raw/e5/N4/d50/n4_M6/oracle_state/rep05.npz,e5,,N4,N4_published_vb,published_vb,50,4,6,oracle_state,oracle_state,1.0,5,4,float64,0.194969380002203,0.061290632134155316,0.0033994400319895908,0.04206920400374687,0.09570145888778814,1.7641724739189237,0.18803922786486993,0.06156909701879283,1267200,1268400,14652000,732600000,0,26.067534199915826,0.0,0.0,0.0,0.0,0.0,,,,0,0,0,0.0,0.0,0.0,0.4294050018519244,1267200,"[{""bias"": null, ""count"": 0, ""high"": -2.0, ""low"": ""-Infinity"", ""mae"": null}, {""bias"": null, ""count"": 0, ""high"": -1.0, ""low"": -2.0, ""mae"": null}, {""bias"": null, ""count"": 0, ""high"": -0.25, ""low"": -1.0, ""mae"": null}, {""bias"": null, ""count"": 0, ""high"": 0.25, ""low"": -0.25, ""mae"": null}, {""bias"": null, ""count"": 0, ""high"": 1.0, ""low"": 0.25, ""mae"": null}, {""bias"": null, ""count"": 0, ""high"": 2.0, ""low"": 1.0, ""mae"": null}, {""bias"": null, ""count"": 0, ""high"": ""Infinity"", ""low"": 2.0, ""mae"": null}]",0.19373948750448805,0.19306729401585657,0.06009457442688922,0.1843087506264303
raw/e5/N4/d50/n4_M6/oracle_state/rep06.npz,e5,,N4,N4_published_vb,published_vb,50,4,6,oracle_state,oracle_state,1.0,6,4,float64,0.20795666306703262,0.0653733182910258,0.0043999381472014255,0.044265821752909496,0.10207631598729171,1.7451378261898831,0.18029448259747466,0.05903325926744467,1267200,1268400,14652000,732600000,0,26.847973700147122,0.0,0.0,0.0,0.0,0.0,,,,0,0,0,0.0,0.0,0.0,0.4304911430546573,1267200,"[{""bias"": null, ""count"": 0, ""high"": -2.0, ""low"": ""-Infinity"", ""mae"": null}, {""bias"": null, ""count"": 0, ""high"": -1.0, ""low"": -2.0, ""mae"": null}, {""bias"": null, ""count"": 0, ""high"": -0.25, ""low"": -1.0, ""mae"": null}, {""bias"": null, ""count"": 0, ""high"": 0.25, ""low"": -0.25, ""mae"": null}, {""bias"": null, ""count"": 0, ""high"": 1.0, ""low"": 0.25, ""mae"": null}, {""bias"": null, ""count"": 0, ""high"": 2.0, ""low"": 1.0, ""mae"": null}, {""bias"": null, ""count"": 0, ""high"": ""Infinity"", ""low"": 2.0, ""mae"": null}]",0.19373948750448805,0.19306729401585657,0.06009457442688922,0.1843087506264303
raw/e5/N4/d50/n4_M6/oracle_state/rep07.npz,e5,,N4,N4_published_vb,published_vb,50,4,6,oracle_state,oracle_state,1.0,7,4,float64,0.1874959482674692,0.05894128191706935,0.0007868244313580544,0.040782862951578555,0.09203309660492999,1.7369297993765407,0.1998856346253893,0.06544792898084836,1267200,1268400,14652000,732600000,0,25.470619299914688,0.0,0.0,0.0,0.0,0.0,,,,0,0,0,0.0,0.0,0.0,0.43162640759417065,1267200,"[{""bias"": null, ""count"": 0, ""high"": -2.0, ""low"": ""-Infinity"", ""mae"": null}, {""bias"": null, ""count"": 0, ""high"": -1.0, ""low"": -2.0, ""mae"": null}, {""bias"": null, ""count"": 0, ""high"": -0.25, ""low"": -1.0, ""mae"": null}, {""bias"": null, ""count"": 0, ""high"": 0.25, ""low"": -0.25, ""mae"": null}, {""bias"": null, ""count"": 0, ""high"": 1.0, ""low"": 0.25, ""mae"": null}, {""bias"": null, ""count"": 0, ""high"": 2.0, ""low"": 1.0, ""mae"": null}, {""bias"": null, ""count"": 0, ""high"": ""Infinity"", ""low"": 2.0, ""mae"": null}]",0.19373948750448805,0.19306729401585657,0.06009457442688922,0.1843087506264303
raw/e5/N4/d50/n4_M6/oracle_state/rep08.npz,e5,,N4,N4_published_vb,published_vb,50,4,6,oracle_state,oracle_state,1.0,8,4,float64,0.19608666830783728,0.06164186321735232,0.0020120451793021223,0.043253571443963135,0.09624988408586926,1.740440886063622,0.17426407234203253,0.057058740874148264,1267200,1268400,14652000,732600000,0,26.63452950003557,0.0,0.0,0.0,0.0,0.0,,,,0,0,0,0.0,0.0,0.0,0.43247001643609934,1267200,"[{""bias"": null, ""count"": 0, ""high"": -2.0, ""low"": ""-Infinity"", ""mae"": null}, {""bias"": null, ""count"": 0, ""high"": -1.0, ""low"": -2.0, ""mae"": null}, {""bias"": null, ""count"": 0, ""high"": -0.25, ""low"": -1.0, ""mae"": null}, {""bias"": null, ""count"": 0, ""high"": 0.25, ""low"": -0.25, ""mae"": null}, {""bias"": null, ""count"": 0, ""high"": 1.0, ""low"": 0.25, ""mae"": null}, {""bias"": null, ""count"": 0, ""high"": 2.0, ""low"": 1.0, ""mae"": null}, {""bias"": null, ""count"": 0, ""high"": ""Infinity"", ""low"": 2.0, ""mae"": null}]",0.19373948750448805,0.19306729401585657,0.06009457442688922,0.1843087506264303
raw/e5/N4/d50/n4_M6/oracle_state/rep09.npz,e5,,N4,N4_published_vb,published_vb,50,4,6,oracle_state,oracle_state,1.0,9,4,float64,0.19116520802951012,0.060094751504331544,-0.0016677878730657467,0.042423726945341265,0.09383416666147736,1.745871230589013,0.17205876096298306,0.0563366626578363,1267200,1268400,14652000,732600000,0,25.677489399909973,0.0,0.0,0.0,0.0,0.0,,,,0,0,0,0.0,0.0,0.0,0.43050193284001975,1267200,"[{""bias"": null, ""count"": 0, ""high"": -2.0, ""low"": ""-Infinity"", ""mae"": null}, {""bias"": null, ""count"": 0, ""high"": -1.0, ""low"": -2.0, ""mae"": null}, {""bias"": null, ""count"": 0, ""high"": -0.25, ""low"": -1.0, ""mae"": null}, {""bias"": null, ""count"": 0, ""high"": 0.25, ""low"": -0.25, ""mae"": null}, {""bias"": null, ""count"": 0, ""high"": 1.0, ""low"": 0.25, ""mae"": null}, {""bias"": null, ""count"": 0, ""high"": 2.0, ""low"": 1.0, ""mae"": null}, {""bias"": null, ""count"": 0, ""high"": ""Infinity"", ""low"": 2.0, ""mae"": null}]",0.19373948750448805,0.19306729401585657,0.06009457442688922,0.1843087506264303
raw/e5/N4/d50/n4_M6/raw/rep00.npz,e5,e0,N4,N4_published_vb,published_vb,50,4,6,raw,raw,1.0,0,4,float64,4.461712737799423,1.4025853397987391,0.009362401426817716,0.6009705175278853,2.1900486022000347,49.826847245349896,3.763428500133536,1.2322476383200498,1267200,1268400,14652000,732600000,0,21.952280099969357,0.9999715909090909,0.26171717171717174,0.0,5.897833021903309,0.0,,,,0,0,0,-1.8692033322880102,2.42465913563033,29.535953185282185,0.4257480527705472,1267200,"[{""bias"": null, ""count"": 0, ""high"": -2.0, ""low"": ""-Infinity"", ""mae"": null}, {""bias"": null, ""count"": 0, ""high"": -1.0, ""low"": -2.0, ""mae"": null}, {""bias"": null, ""count"": 0, ""high"": -0.25, ""low"": -1.0, ""mae"": null}, {""bias"": null, ""count"": 0, ""high"": 0.25, ""low"": -0.25, ""mae"": null}, {""bias"": null, ""count"": 0, ""high"": 1.0, ""low"": 0.25, ""mae"": null}, {""bias"": null, ""count"": 0, ""high"": 2.0, ""low"": 1.0, ""mae"": null}, {""bias"": null, ""count"": 0, ""high"": ""Infinity"", ""low"": 2.0, ""mae"": null}]",11.851650357367491,7.079562489440537,5.474324526405224,15.046405461934107
raw/e5/N4/d50/n4_M6/raw/rep01.npz,e5,e0,N4,N4_published_vb,published_vb,50,4,6,raw,raw,1.0,1,4,float64,6.118493527081044,1.9234114401928006,0.06429066667435356,0.6844764586333282,3.0032857299465587,45.33032531028587,5.239675795338205,1.7156106789697574,1267200,1268400,14652000,732600000,0,22.268796199932694,0.9999692234848485,0.2607339015151515,0.0,5.905208418117085,0.0,,,,0,0,0,-1.8466783160951756,2.406291306068189,29.68922925079415,0.42576847176284494,1267200,"[{""bias"": null, ""count"": 0, ""high"": -2.0, ""low"": ""-Infinity"", ""mae"": null}, {""bias"": null, ""count"": 0, ""high"": -1.0, ""low"": -2.0, ""mae"": null}, {""bias"": null, ""count"": 0, ""high"": -0.25, ""low"": -1.0, ""mae"": null}, {""bias"": null, ""count"": 0, ""high"": 0.25, ""low"": -0.25, ""mae"": null}, {""bias"": null, ""count"": 0, ""high"": 1.0, ""low"": 0.25, ""mae"": null}, {""bias"": null, ""count"": 0, ""high"": 2.0, ""low"": 1.0, ""mae"": null}, {""bias"": null, ""count"": 0, ""high"": ""Infinity"", ""low"": 2.0, ""mae"": null}]",11.851650357367491,7.079562489440537,5.474324526405224,15.046405461934107
raw/e5/N4/d50/n4_M6/raw/rep02.npz,e5,e0,N4,N4_published_vb,published_vb,50,4,6,raw,raw,1.0,2,4,float64,33.98129233866193,10.682369139957183,0.18211711592246244,1.2310103874125875,16.679846095143855,354.8687986119917,6.9223477202116745,2.2665626913221146,1267200,1268400,14652000,732600000,0,22.875930999871343,0.9999715909090909,0.26121527777777775,0.0,6.052485194720184,0.0,,,,0,0,0,-1.8511546123535263,2.4201296335841818,141.28335056284493,0.4258750398865421,1267200,"[{""bias"": null, ""count"": 0, ""high"": -2.0, ""low"": ""-Infinity"", ""mae"": null}, {""bias"": null, ""count"": 0, ""high"": -1.0, ""low"": -2.0, ""mae"": null}, {""bias"": null, ""count"": 0, ""high"": -0.25, ""low"": -1.0, ""mae"": null}, {""bias"": null, ""count"": 0, ""high"": 0.25, ""low"": -0.25, ""mae"": null}, {""bias"": null, ""count"": 0, ""high"": 1.0, ""low"": 0.25, ""mae"": null}, {""bias"": null, ""count"": 0, ""high"": 2.0, ""low"": 1.0, ""mae"": null}, {""bias"": null, ""count"": 0, ""high"": ""Infinity"", ""low"": 2.0, ""mae"": null}]",11.851650357367491,7.079562489440537,5.474324526405224,15.046405461934107
raw/e5/N4/d50/n4_M6/raw/rep03.npz,e5,,N4,N4_published_vb,published_vb,50,4,6,raw,raw,1.0,3,4,float64,6.792519672619385,2.135298499250619,0.09562530695083307,0.732128533011997,3.3341340172817446,108.10713475863699,10.599348272191431,3.470511496545279,1267200,1268400,14652000,732600000,0,26.849992800038308,0.9999700126262626,0.25909169823232325,0.0,6.035824360534167,0.0,,,,0,0,0,-1.8458876180019999,2.4145295610679236,43.30282443680848,0.42478866830876555,1267200,"[{""bias"": null, ""count"": 0, ""high"": -2.0, ""low"": ""-Infinity"", ""mae"": null}, {""bias"": null, ""count"": 0, ""high"": -1.0, ""low"": -2.0, ""mae"": null}, {""bias"": null, ""count"": 0, ""high"": -0.25, ""low"": -1.0, ""mae"": null}, {""bias"": null, ""count"": 0, ""high"": 0.25, ""low"": -0.25, ""mae"": null}, {""bias"": null, ""count"": 0, ""high"": 1.0, ""low"": 0.25, ""mae"": null}, {""bias"": null, ""count"": 0, ""high"": 2.0, ""low"": 1.0, ""mae"": null}, {""bias"": null, ""count"": 0, ""high"": ""Infinity"", ""low"": 2.0, ""mae"": null}]",11.851650357367491,7.079562489440537,5.474324526405224,15.046405461934107
raw/e5/N4/d50/n4_M6/raw/rep04.npz,e5,,N4,N4_published_vb,published_vb,50,4,6,raw,raw,1.0,4,4,float64,7.3666053062616905,2.315768229341962,0.1116913181863211,0.7191585364914833,3.615926125691117,55.14412488433432,4.863645028590714,1.5924880995866677,1267200,1268400,14652000,732600000,0,26.77111479989253,0.9999739583333334,0.26100299873737376,0.0,5.862438991037563,0.0,,,,0,0,0,-1.8754322291474494,2.422742944593041,28.598237585826823,0.4294090652271054,1267200,"[{""bias"": null, ""count"": 0, ""high"": -2.0, ""low"": ""-Infinity"", ""mae"": null}, {""bias"": null, ""count"": 0, ""high"": -1.0, ""low"": -2.0, ""mae"": null}, {""bias"": null, ""count"": 0, ""high"": -0.25, ""low"": -1.0, ""mae"": null}, {""bias"": null, ""count"": 0, ""high"": 0.25, ""low"": -0.25, ""mae"": null}, {""bias"": null, ""count"": 0, ""high"": 1.0, ""low"": 0.25, ""mae"": null}, {""bias"": null, ""count"": 0, ""high"": 2.0, ""low"": 1.0, ""mae"": null}, {""bias"": null, ""count"": 0, ""high"": ""Infinity"", ""low"": 2.0, ""mae"": null}]",11.851650357367491,7.079562489440537,5.474324526405224,15.046405461934107
raw/e5/N4/d50/n4_M6/raw/rep05.npz,e5,,N4,N4_published_vb,published_vb,50,4,6,raw,raw,1.0,5,4,float64,8.622751785298476,2.7106508091213515,-0.015925161958039915,0.6089345538860054,4.232510384302497,66.9489674043911,10.339626253670454,3.385471527290958,1267200,1268400,14652000,732600000,0,27.40690360008739,0.9999708017676767,0.26254103535353535,0.0,6.026306405356888,0.0,,,,0,0,0,-1.864743493203972,2.4290759680093204,31.417071068745365,0.42374533643495693,1267200,"[{""bias"": null, ""count"": 0, ""high"": -2.0, ""low"": ""-Infinity"", ""mae"": null}, {""bias"": null, ""count"": 0, ""high"": -1.0, ""low"": -2.0, ""mae"": null}, {""bias"": null, ""count"": 0, ""high"": -0.25, ""low"": -1.0, ""mae"": null}, {""bias"": null, ""count"": 0, ""high"": 0.25, ""low"": -0.25, ""mae"": null}, {""bias"": null, ""count"": 0, ""high"": 1.0, ""low"": 0.25, ""mae"": null}, {""bias"": null, ""count"": 0, ""high"": 2.0, ""low"": 1.0, ""mae"": null}, {""bias"": null, ""count"": 0, ""high"": ""Infinity"", ""low"": 2.0, ""mae"": null}]",11.851650357367491,7.079562489440537,5.474324526405224,15.046405461934107
raw/e5/N4/d50/n4_M6/raw/rep06.npz,e5,,N4,N4_published_vb,published_vb,50,4,6,raw,raw,1.0,6,4,float64,4.078013662286984,1.2819655845982936,-0.08163117100496094,0.5778532059945882,2.001708457198696,30.630501079258156,10.330066937682098,3.3823415503164544,1267200,1268400,14652000,732600000,0,27.145930900005624,0.9999581755050505,0.2622522095959596,0.0,5.963947173653708,0.0,,,,0,0,0,-1.8619729833149077,2.4272961205477768,28.75831934498351,0.42296347254933786,1267200,"[{""bias"": null, ""count"": 0, ""high"": -2.0, ""low"": ""-Infinity"", ""mae"": null}, {""bias"": null, ""count"": 0, ""high"": -1.0, ""low"": -2.0, ""mae"": null}, {""bias"": null, ""count"": 0, ""high"": -0.25, ""low"": -1.0, ""mae"": null}, {""bias"": null, ""count"": 0, ""high"": 0.25, ""low"": -0.25, ""mae"": null}, {""bias"": null, ""count"": 0, ""high"": 1.0, ""low"": 0.25, ""mae"": null}, {""bias"": null, ""count"": 0, ""high"": 2.0, ""low"": 1.0, ""mae"": null}, {""bias"": null, ""count"": 0, ""high"": ""Infinity"", ""low"": 2.0, ""mae"": null}]",11.851650357367491,7.079562489440537,5.474324526405224,15.046405461934107
raw/e5/N4/d50/n4_M6/raw/rep07.npz,e5,,N4,N4_published_vb,published_vb,50,4,6,raw,raw,1.0,7,4,float64,32.43411081871711,10.195996698383897,0.635819209178482,1.2709510939058375,15.920406184008723,285.0920039207626,4.167734639396619,1.364628334604715,1267200,1268400,14652000,732600000,0,27.530879700090736,0.9999668560606061,0.263074494949495,0.0,6.11771866380152,0.0,,,,0,0,0,-1.865669026166384,2.4536238633614125,102.39790825411932,0.42709106704047894,1267200,"[{""bias"": null, ""count"": 0, ""high"": -2.0, ""low"": ""-Infinity"", ""mae"": null}, {""bias"": null, ""count"": 0, ""high"": -1.0, ""low"": -2.0, ""mae"": null}, {""bias"": null, ""count"": 0, ""high"": -0.25, ""low"": -1.0, ""mae"": null}, {""bias"": null, ""count"": 0, ""high"": 0.25, ""low"": -0.25, ""mae"": null}, {""bias"": null, ""count"": 0, ""high"": 1.0, ""low"": 0.25, ""mae"": null}, {""bias"": null, ""count"": 0, ""high"": 2.0, ""low"": 1.0, ""mae"": null}, {""bias"": null, ""count"": 0, ""high"": ""Infinity"", ""low"": 2.0, ""mae"": null}]",11.851650357367491,7.079562489440537,5.474324526405224,15.046405461934107
raw/e5/N4/d50/n4_M6/raw/rep08.npz,e5,,N4,N4_published_vb,published_vb,50,4,6,raw,raw,1.0,8,4,float64,6.729215691874667,2.1153982410849097,-0.07740520707382596,0.5753111961540558,3.3030610184826226,34.69038343570788,7.114183499464304,2.32937488130286,1267200,1268400,14652000,732600000,0,27.564889600034803,0.9999715909090909,0.26091540404040403,0.0,5.860949827477165,0.0,,,,0,0,0,-1.8680877093860773,2.4201362644616475,27.0256097624125,0.4268244559718841,1267200,"[{""bias"": null, ""count"": 0, ""high"": -2.0, ""low"": ""-Infinity"", ""mae"": null}, {""bias"": null, ""count"": 0, ""high"": -1.0, ""low"": -2.0, ""mae"": null}, {""bias"": null, ""count"": 0, ""high"": -0.25, ""low"": -1.0, ""mae"": null}, {""bias"": null, ""count"": 0, ""high"": 0.25, ""low"": -0.25, ""mae"": null}, {""bias"": null, ""count"": 0, ""high"": 1.0, ""low"": 0.25, ""mae"": null}, {""bias"": null, ""count"": 0, ""high"": 2.0, ""low"": 1.0, ""mae"": null}, {""bias"": null, ""count"": 0, ""high"": ""Infinity"", ""low"": 2.0, ""mae"": null}]",11.851650357367491,7.079562489440537,5.474324526405224,15.046405461934107
raw/e5/N4/d50/n4_M6/raw/rep09.npz,e5,,N4,N4_published_vb,published_vb,50,4,6,raw,raw,1.0,9,4,float64,7.931788033074195,2.493439239001287,0.03905304921775846,0.6944830814186924,3.8933482085511213,54.337619772343885,4.342494645971444,1.421849457675602,1267200,1268400,14652000,732600000,0,20.05165489995852,0.9999692234848485,0.25937736742424244,0.0,5.825469341437746,0.0,,,,0,0,0,-1.8425168852410931,2.3992938536779946,29.49683079972464,0.4246620129529795,1267200,"[{""bias"": null, ""count"": 0, ""high"": -2.0, ""low"": ""-Infinity"", ""mae"": null}, {""bias"": null, ""count"": 0, ""high"": -1.0, ""low"": -2.0, ""mae"": null}, {""bias"": null, ""count"": 0, ""high"": -0.25, ""low"": -1.0, ""mae"": null}, {""bias"": null, ""count"": 0, ""high"": 0.25, ""low"": -0.25, ""mae"": null}, {""bias"": null, ""count"": 0, ""high"": 1.0, ""low"": 0.25, ""mae"": null}, {""bias"": null, ""count"": 0, ""high"": 2.0, ""low"": 1.0, ""mae"": null}, {""bias"": null, ""count"": 0, ""high"": ""Infinity"", ""low"": 2.0, ""mae"": null}]",11.851650357367491,7.079562489440537,5.474324526405224,15.046405461934107
raw/e5/N4/d100/n3_M6/box/rep00.npz,e5,e0,N4,N4_published_vb,published_vb,100,3,6,box,box,1.0,0,4,float64,1.4899553742491571,0.530517526601012,-0.3921780271532153,0.41291895545084056,0.8338238828592667,3.2706198216259947,1.448739676651378,0.5263299866587965,100800,102000,1173600,117360000,0,3.18597050011158,1.0,0.23268849206349207,1.0,16.184895250165482,16.184895250165482,,,,0,0,0,-3.46908787561414,4.03339076793852,77.0708901171868,0.4106508414990779,100800,"[{""bias"": null, ""count"": 0, ""high"": -2.0, ""low"": ""-Infinity"", ""mae"": null}, {""bias"": null, ""count"": 0, ""high"": -1.0, ""low"": -2.0, ""mae"": null}, {""bias"": null, ""count"": 0, ""high"": -0.25, ""low"": -1.0, ""mae"": null}, {""bias"": null, ""count"": 0, ""high"": 0.25, ""low"": -0.25, ""mae"": null}, {""bias"": null, ""count"": 0, ""high"": 1.0, ""low"": 0.25, ""mae"": null}, {""bias"": null, ""count"": 0, ""high"": 2.0, ""low"": 1.0, ""mae"": null}, {""bias"": null, ""count"": 0, ""high"": ""Infinity"", ""low"": 2.0, ""mae"": null}]",1.4883164953271257,1.489850327083766,1.4696917874943232,0.23475229181863896
raw/e5/N4/d100/n3_M6/box/rep01.npz,e5,e0,N4,N4_published_vb,published_vb,100,3,6,box,box,1.0,1,4,float64,1.489745279918375,0.5304427198473026,-0.39515978662399914,0.4142924303861966,0.8337063077468256,3.22218377217286,1.472944224613835,0.5351235467520828,100800,102000,1173600,117360000,0,2.675018500071019,1.0,0.22907738095238095,1.0,15.93891697159627,15.93891697159627,,,,0,0,0,-3.47521117741389,4.019260258172735,76.75750992419171,0.4249901108302237,100800,"[{""bias"": null, ""count"": 0, ""high"": -2.0, ""low"": ""-Infinity"", ""mae"": null}, {""bias"": null, ""count"": 0, ""high"": -1.0, ""low"": -2.0, ""mae"": null}, {""bias"": null, ""count"": 0, ""high"": -0.25, ""low"": -1.0, ""mae"": null}, {""bias"": null, ""count"": 0, ""high"": 0.25, ""low"": -0.25, ""mae"": null}, {""bias"": null, ""count"": 0, ""high"": 1.0, ""low"": 0.25, ""mae"": null}, {""bias"": null, ""count"": 0, ""high"": 2.0, ""low"": 1.0, ""mae"": null}, {""bias"": null, ""count"": 0, ""high"": ""Infinity"", ""low"": 2.0, ""mae"": null}]",1.4883164953271257,1.489850327083766,1.4696917874943232,0.23475229181863896
raw/e5/N4/d100/n3_M6/box/rep02.npz,e5,e0,N4,N4_published_vb,published_vb,100,3,6,box,box,1.0,2,4,float64,1.490124103807889,0.53057760490249,-0.39561400156469867,0.4126990945061809,0.8339183089999729,3.144689965519917,1.4647024278577792,0.532129285708107,100800,102000,1173600,117360000,0,2.9219540001358837,1.0,0.22913690476190476,1.0,15.758470533836455,15.758470533836455,,,,0,0,0,-3.4465972924031028,3.984471409950595,76.29377368256121,0.42572469274108987,100800,"[{""bias"": null, ""count"": 0, ""high"": -2.0, ""low"": ""-Infinity"", ""mae"": null}, {""bias"": null, ""count"": 0, ""high"": -1.0, ""low"": -2.0, ""mae"": null}, {""bias"": null, ""count"": 0, ""high"": -0.25, ""low"": -1.0, ""mae"": null}, {""bias"": null, ""count"": 0, ""high"": 0.25, ""low"": -0.25, ""mae"": null}, {""bias"": null, ""count"": 0, ""high"": 1.0, ""low"": 0.25, ""mae"": null}, {""bias"": null, ""count"": 0, ""high"": 2.0, ""low"": 1.0, ""mae"": null}, {""bias"": null, ""count"": 0, ""high"": ""Infinity"", ""low"": 2.0, ""mae"": null}]",1.4883164953271257,1.489850327083766,1.4696917874943232,0.23475229181863896
raw/e5/N4/d100/n3_M6/box/rep03.npz,e5,,N4,N4_published_vb,published_vb,100,3,6,box,box,1.0,3,4,float64,1.4883113074466956,0.5299321357438876,-0.39990331380779087,0.4146674413077361,0.8329038135816219,3.00766774934676,1.4677411659755057,0.5332332652696107,100800,102000,1173600,117360000,0,3.192229999927804,1.0,0.22987103174603174,1.0,15.903903056119674,15.90390305611968,,,,0,0,0,-3.4630897894589934,4.01009070033459,76.89621418792905,0.4228868809816557,100800,"[{""bias"": null, ""count"": 0, ""high"": -2.0, ""low"": ""-Infinity"", ""mae"": null}, {""bias"": null, ""count"": 0, ""high"": -1.0, ""low"": -2.0, ""mae"": null}, {""bias"": null, ""count"": 0, ""high"": -0.25, ""low"": -1.0, ""mae"": null}, {""bias"": null, ""count"": 0, ""high"": 0.25, ""low"": -0.25, ""mae"": null}, {""bias"": null, ""count"": 0, ""high"": 1.0, ""low"": 0.25, ""mae"": null}, {""bias"": null, ""count"": 0, ""high"": 2.0, ""low"": 1.0, ""mae"": null}, {""bias"": null, ""count"": 0, ""high"": ""Infinity"", ""low"": 2.0, ""mae"": null}]",1.4883164953271257,1.489850327083766,1.4696917874943232,0.23475229181863896
raw/e5/N4/d100/n3_M6/box/rep04.npz,e5,,N4,N4_published_vb,published_vb,100,3,6,box,box,1.0,4,4,float64,1.481968415305588,0.5276736684714077,-0.3939251091538895,0.4118440021728256,0.8293541401853157,3.2230824504797275,1.4730832480647285,0.5351740542464473,100800,102000,1173600,117360000,0,2.4876371999271214,1.0,0.23060515873015874,1.0,16.042209316187755,16.042209316187755,,,,0,0,0,-3.4569178484203955,4.010340282528703,76.58125317818735,0.4189153049433961,100800,"[{""bias"": null, ""count"": 0, ""high"": -2.0, ""low"": ""-Infinity"", ""mae"": null}, {""bias"": null, ""count"": 0, ""high"": -1.0, ""low"": -2.0, ""mae"": null}, {""bias"": null, ""count"": 0, ""high"": -0.25, ""low"": -1.0, ""mae"": null}, {""bias"": null, ""count"": 0, ""high"": 0.25, ""low"": -0.25, ""mae"": null}, {""bias"": null, ""count"": 0, ""high"": 1.0, ""low"": 0.25, ""mae"": null}, {""bias"": null, ""count"": 0, ""high"": 2.0, ""low"": 1.0, ""mae"": null}, {""bias"": null, ""count"": 0, ""high"": ""Infinity"", ""low"": 2.0, ""mae"": null}]",1.4883164953271257,1.489850327083766,1.4696917874943232,0.23475229181863896
raw/e5/N4/d100/n3_M6/box/rep05.npz,e5,,N4,N4_published_vb,published_vb,100,3,6,box,box,1.0,5,4,float64,1.4800600447660204,0.5269941689132415,-0.38972806513646746,0.4107494006007748,0.8282861585794646,3.3838718378673933,1.4482163262896282,0.5261398524384413,100800,102000,1173600,117360000,0,2.463493499904871,1.0,0.2320734126984127,1.0,16.07951360696117,16.07951360696117,,,,0,0,0,-3.463186677011622,4.0250024081901055,76.91354774669013,0.41623490485889747,100800,"[{""bias"": null, ""count"": 0, ""high"": -2.0, ""low"": ""-Infinity"", ""mae"": null}, {""bias"": null, ""count"": 0, ""high"": -1.0, ""low"": -2.0, ""mae"": null}, {""bias"": null, ""count"": 0, ""high"": -0.25, ""low"": -1.0, ""mae"": null}, {""bias"": null, ""count"": 0, ""high"": 0.25, ""low"": -0.25, ""mae"": null}, {""bias"": null, ""count"": 0, ""high"": 1.0, ""low"": 0.25, ""mae"": null}, {""bias"": null, ""count"": 0, ""high"": 2.0, ""low"": 1.0, ""mae"": null}, {""bias"": null, ""count"": 0, ""high"": ""Infinity"", ""low"": 2.0, ""mae"": null}]",1.4883164953271257,1.489850327083766,1.4696917874943232,0.23475229181863896
raw/e5/N4/d100/n3_M6/box/rep06.npz,e5,,N4,N4_published_vb,published_vb,100,3,6,box,box,1.0,6,4,float64,1.4878611884177213,0.5297718651491742,-0.39330483822084367,0.4139172643969778,0.8326519134220769,3.390910951378235,1.4529380046315625,0.5278552475082179,100800,102000,1173600,117360000,0,2.5628204001113772,1.0,0.23356150793650793,1.0,16.282712813365865,16.282712813365865,,,,0,0,0,-3.5277945832473114,4.074447486612789,78.48472199973223,0.4149443898298582,100800,"[{""bias"": null, ""count"": 0, ""high"": -2.0, ""low"": ""-Infinity"", ""mae"": null}, {""bias"": null, ""count"": 0, ""high"": -1.0, ""low"": -2.0, ""mae"": null}, {""bias"": null, ""count"": 0, ""high"": -0.25, ""low"": -1.0, ""mae"": null}, {""bias"": null, ""count"": 0, ""high"": 0.25, ""low"": -0.25, ""mae"": null}, {""bias"": null, ""count"": 0, ""high"": 1.0, ""low"": 0.25, ""mae"": null}, {""bias"": null, ""count"": 0, ""high"": 2.0, ""low"": 1.0, ""mae"": null}, {""bias"": null, ""count"": 0, ""high"": ""Infinity"", ""low"": 2.0, ""mae"": null}]",1.4883164953271257,1.489850327083766,1.4696917874943232,0.23475229181863896
raw/e5/N4/d100/n3_M6/box/rep07.npz,e5,,N4,N4_published_vb,published_vb,100,3,6,box,box,1.0,7,4,float64,1.490259350716772,0.5306257612814133,-0.3982729746901244,0.41392260367070033,0.8339939972418214,2.963911055506934,1.4756404342277842,0.5361030850314646,100800,102000,1173600,117360000,0,2.561443400103599,1.0,0.23058531746031746,1.0,15.931314237198945,15.931314237198945,,,,0,0,0,-3.480712306431011,4.0218740477207175,77.06299745869933,0.4234531682123926,100800,"[{""bias"": null, ""count"": 0, ""high"": -2.0, ""low"": ""-Infinity"", ""mae"": null}, {""bias"": null, ""count"": 0, ""high"": -1.0, ""low"": -2.0, ""mae"": null}, {""bias"": null, ""count"": 0, ""high"": -0.25, ""low"": -1.0, ""mae"": null}, {""bias"": null, ""count"": 0, ""high"": 0.25, ""low"": -0.25, ""mae"": null}, {""bias"": null, ""count"": 0, ""high"": 1.0, ""low"": 0.25, ""mae"": null}, {""bias"": null, ""count"": 0, ""high"": 2.0, ""low"": 1.0, ""mae"": null}, {""bias"": null, ""count"": 0, ""high"": ""Infinity"", ""low"": 2.0, ""mae"": null}]",1.4883164953271257,1.489850327083766,1.4696917874943232,0.23475229181863896
raw/e5/N4/d100/n3_M6/box/rep08.npz,e5,,N4,N4_published_vb,published_vb,100,3,6,box,box,1.0,8,4,float64,1.4948415292228023,0.5322573041111363,-0.3921994782924735,0.41600345758318436,0.8365583222812728,3.3151220925450913,1.4769990947133684,0.5365966890700482,100800,102000,1173600,117360000,0,2.7023324000183493,1.0,0.23174603174603176,1.0,16.04930370076033,16.04930370076033,,,,0,0,0,-3.5111134946361746,4.056485259159133,77.86581333253011,0.4253315379598885,100800,"[{""bias"": null, ""count"": 0, ""high"": -2.0, ""low"": ""-Infinity"", ""mae"": null}, {""bias"": null, ""count"": 0, ""high"": -1.0, ""low"": -2.0, ""mae"": null}, {""bias"": null, ""count"": 0, ""high"": -0.25, ""low"": -1.0, ""mae"": null}, {""bias"": null, ""count"": 0, ""high"": 0.25, ""low"": -0.25, ""mae"": null}, {""bias"": null, ""count"": 0, ""high"": 1.0, ""low"": 0.25, ""mae"": null}, {""bias"": null, ""count"": 0, ""high"": 2.0, ""low"": 1.0, ""mae"": null}, {""bias"": null, ""count"": 0, ""high"": ""Infinity"", ""low"": 2.0, ""mae"": null}]",1.4883164953271257,1.489850327083766,1.4696917874943232,0.23475229181863896
raw/e5/N4/d100/n3_M6/box/rep09.npz,e5,,N4,N4_published_vb,published_vb,100,3,6,box,box,1.0,9,4,float64,1.4900383594202378,0.5305470745247063,-0.3940012609973087,0.413959488966656,0.8338703238592896,3.4038105468945563,1.4666698331210497,0.5328440479270607,100800,102000,1173600,117360000,0,2.597927999915555,1.0,0.2321527777777778,1.0,16.304184021592086,16.304184021592086,,,,0,0,0,-3.5110131465730645,4.065451675383656,78.03430140333856,0.4214415293085549,100800,"[{""bias"": null, ""count"": 0, ""high"": -2.0, ""low"": ""-Infinity"", ""mae"": null}, {""bias"": null, ""count"": 0, ""high"": -1.0, ""low"": -2.0, ""mae"": null}, {""bias"": null, ""count"": 0, ""high"": -0.25, ""low"": -1.0, ""mae"": null}, {""bias"": null, ""count"": 0, ""high"": 0.25, ""low"": -0.25, ""mae"": null}, {""bias"": null, ""count"": 0, ""high"": 1.0, ""low"": 0.25, ""mae"": null}, {""bias"": null, ""count"": 0, ""high"": 2.0, ""low"": 1.0, ""mae"": null}, {""bias"": null, ""count"": 0, ""high"": ""Infinity"", ""low"": 2.0, ""mae"": null}]",1.4883164953271257,1.489850327083766,1.4696917874943232,0.23475229181863896
raw/e5/N4/d100/n3_M6/centre/rep00.npz,e5,e0,N4,N4_published_vb,published_vb,100,3,6,centre,centre,0.0,0,4,float64,1.4691432094319024,0.5231070910987898,-0.3852784699484408,0.40631938631060355,0.8221767688727987,3.1670980939476716,1.4399334931957388,0.5231306828118591,100800,102000,1173600,117360000,0,2.796037800144404,1.0,0.23324404761904763,1.0,16.545685455393308,24.282549222416275,,,,0,0,0,-3.2905475748230306,4.168416007301776,80.4123478430926,0.4117451624651499,100800,"[{""bias"": null, ""count"": 0, ""high"": -2.0, ""low"": ""-Infinity"", ""mae"": null}, {""bias"": null, ""count"": 0, ""high"": -1.0, ""low"": -2.0, ""mae"": null}, {""bias"": null, ""count"": 0, ""high"": -0.25, ""low"": -1.0, ""mae"": null}, {""bias"": null, ""count"": 0, ""high"": 0.25, ""low"": -0.25, ""mae"": null}, {""bias"": null, ""count"": 0, ""high"": 1.0, ""low"": 0.25, ""mae"": null}, {""bias"": null, ""count"": 0, ""high"": 2.0, ""low"": 1.0, ""mae"": null}, {""bias"": null, ""count"": 0, ""high"": ""Infinity"", ""low"": 2.0, ""mae"": null}]",1.4700350838986678,1.4696359738985028,1.452950141171801,0.2235032319781023
raw/e5/N4/d100/n3_M6/centre/rep01.npz,e5,e0,N4,N4_published_vb,published_vb,100,3,6,centre,centre,0.0,1,4,float64,1.4721202602313956,0.5241671078308404,-0.38835775507137377,0.4084182105208639,0.8238428161249545,3.1134757590068016,1.4447667726447815,0.5248866227843274,100800,102000,1173600,117360000,0,2.572066299850121,1.0,0.22959325396825397,1.0,16.31079509821268,23.98140624089439,,,,0,0,0,-3.2807908619002775,4.173108681754449,80.62870943676009,0.42563057231067597,100800,"[{""bias"": null, ""count"": 0, ""high"": -2.0, ""low"": ""-Infinity"", ""mae"": null}, {""bias"": null, ""count"": 0, ""high"": -1.0, ""low"": -2.0, ""mae"": null}, {""bias"": null, ""count"": 0, ""high"": -0.25, ""low"": -1.0, ""mae"": null}, {""bias"": null, ""count"": 0, ""high"": 0.25, ""low"": -0.25, ""mae"": null}, {""bias"": null, ""count"": 0, ""high"": 1.0, ""low"": 0.25, ""mae"": null}, {""bias"": null, ""count"": 0, ""high"": 2.0, ""low"": 1.0, ""mae"": null}, {""bias"": null, ""count"": 0, ""high"": ""Infinity"", ""low"": 2.0, ""mae"": null}]",1.4700350838986678,1.4696359738985028,1.452950141171801,0.2235032319781023
raw/e5/N4/d100/n3_M6/centre/rep02.npz,e5,e0,N4,N4_published_vb,published_vb,100,3,6,centre,centre,0.0,2,4,float64,1.4755385853449907,0.5253842458845868,-0.38763083054128367,0.40778528395189456,0.8257558137679407,3.203830628690235,1.4611776555244376,0.5308487289558608,100800,102000,1173600,117360000,0,3.3495555999688804,1.0,0.22953373015873016,1.0,16.152577354902192,23.806688525144846,,,,0,0,0,-3.2500613825240223,4.1377791362509955,80.09872932515555,0.42698296400792707,100800,"[{""bias"": null, ""count"": 0, ""high"": -2.0, ""low"": ""-Infinity"", ""mae"": null}, {""bias"": null, ""count"": 0, ""high"": -1.0, ""low"": -2.0, ""mae"": null}, {""bias"": null, ""count"": 0, ""high"": -0.25, ""low"": -1.0, ""mae"": null}, {""bias"": null, ""count"": 0, ""high"": 0.25, ""low"": -0.25, ""mae"": null}, {""bias"": null, ""count"": 0, ""high"": 1.0, ""low"": 0.25, ""mae"": null}, {""bias"": null, ""count"": 0, ""high"": 2.0, ""low"": 1.0, ""mae"": null}, {""bias"": null, ""count"": 0, ""high"": ""Infinity"", ""low"": 2.0, ""mae"": null}]",1.4700350838986678,1.4696359738985028,1.452950141171801,0.2235032319781023
raw/e5/N4/d100/n3_M6/centre/rep03.npz,e5,,N4,N4_published_vb,published_vb,100,3,6,centre,centre,0.0,3,4,float64,1.468031759398859,0.522711345204207,-0.3916557465770648,0.4080566421473199,0.8215547679738635,2.975346850603656,1.451891016587704,0.5274748746834536,100800,102000,1173600,117360000,0,2.4652480999939144,1.0,0.23028769841269842,1.0,16.27868293619258,23.953177495460107,,,,0,0,0,-3.2762163320345157,4.15292579878374,80.45364388036973,0.4238074381237492,100800,"[{""bias"": null, ""count"": 0, ""high"": -2.0, ""low"": ""-Infinity"", ""mae"": null}, {""bias"": null, ""count"": 0, ""high"": -1.0, ""low"": -2.0, ""mae"": null}, {""bias"": null, ""count"": 0, ""high"": -0.25, ""low"": -1.0, ""mae"": null}, {""bias"": null, ""count"": 0, ""high"": 0.25, ""low"": -0.25, ""mae"": null}, {""bias"": null, ""count"": 0, ""high"": 1.0, ""low"": 0.25, ""mae"": null}, {""bias"": null, ""count"": 0, ""high"": 2.0, ""low"": 1.0, ""mae"": null}, {""bias"": null, ""count"": 0, ""high"": ""Infinity"", ""low"": 2.0, ""mae"": null}]",1.4700350838986678,1.4696359738985028,1.452950141171801,0.2235032319781023
raw/e5/N4/d100/n3_M6/centre/rep04.npz,e5,,N4,N4_published_vb,published_vb,100,3,6,centre,centre,0.0,4,4,float64,1.4662824349450194,0.5220884760240201,-0.3861240558613551,0.40674989913961285,0.8205757933457029,3.188077580108925,1.4621011852041668,0.5311842491130324,100800,102000,1173600,117360000,0,2.403465799987316,1.0,0.23094246031746032,1.0,16.437573579004617,24.136068264483672,,,,0,0,0,-3.270672928501543,4.154590763521792,80.18344515163534,0.41925323345329396,100800,"[{""bias"": null, ""count"": 0, ""high"": -2.0, ""low"": ""-Infinity"", ""mae"": null}, {""bias"": null, ""count"": 0, ""high"": -1.0, ""low"": -2.0, ""mae"": null}, {""bias"": null, ""count"": 0, ""high"": -0.25, ""low"": -1.0, ""mae"": null}, {""bias"": null, ""count"": 0, ""high"": 0.25, ""low"": -0.25, ""mae"": null}, {""bias"": null, ""count"": 0, ""high"": 1.0, ""low"": 0.25, ""mae"": null}, {""bias"": null, ""count"": 0, ""high"": 2.0, ""low"": 1.0, ""mae"": null}, {""bias"": null, ""count"": 0, ""high"": ""Infinity"", ""low"": 2.0, ""mae"": null}]",1.4700350838986678,1.4696359738985028,1.452950141171801,0.2235032319781023
raw/e5/N4/d100/n3_M6/centre/rep05.npz,e5,,N4,N4_published_vb,published_vb,100,3,6,centre,centre,0.0,5,4,float64,1.4624491932218002,0.5207236016438791,-0.38129206871646965,0.4052436328260863,0.8184305958768168,3.3310275130982743,1.440151297512765,0.5232098115505291,100800,102000,1173600,117360000,0,2.374982299981639,1.0,0.2325297619047619,1.0,16.44055727189345,24.161061814739597,,,,0,0,0,-3.273075236660887,4.171283256253993,80.53420131347603,0.4170512277014224,100800,"[{""bias"": null, ""count"": 0, ""high"": -2.0, ""low"": ""-Infinity"", ""mae"": null}, {""bias"": null, ""count"": 0, ""high"": -1.0, ""low"": -2.0, ""mae"": null}, {""bias"": null, ""count"": 0, ""high"": -0.25, ""low"": -1.0, ""mae"": null}, {""bias"": null, ""count"": 0, ""high"": 0.25, ""low"": -0.25, ""mae"": null}, {""bias"": null, ""count"": 0, ""high"": 1.0, ""low"": 0.25, ""mae"": null}, {""bias"": null, ""count"": 0, ""high"": 2.0, ""low"": 1.0, ""mae"": null}, {""bias"": null, ""count"": 0, ""high"": ""Infinity"", ""low"": 2.0, ""mae"": null}]",1.4700350838986678,1.4696359738985028,1.452950141171801,0.2235032319781023
raw/e5/N4/d100/n3_M6/centre/rep06.npz,e5,,N4,N4_published_vb,published_vb,100,3,6,centre,centre,0.0,6,4,float64,1.4685397779530496,0.5228922316599321,-0.3836180346435062,0.406843211563352,0.8218390704507971,3.3941079205086937,1.4370949024984137,0.5220994172035986,100800,102000,1173600,117360000,0,2.435930599924177,1.0,0.2340079365079365,1.0,16.659284126741383,24.41243774116225,,,,0,0,0,-3.3357549414300065,4.221711329983131,82.0705050251456,0.4155757966433352,100800,"[{""bias"": null, ""count"": 0, ""high"": -2.0, ""low"": ""-Infinity"", ""mae"": null}, {""bias"": null, ""count"": 0, ""high"": -1.0, ""low"": -2.0, ""mae"": null}, {""bias"": null, ""count"": 0, ""high"": -0.25, ""low"": -1.0, ""mae"": null}, {""bias"": null, ""count"": 0, ""high"": 0.25, ""low"": -0.25, ""mae"": null}, {""bias"": null, ""count"": 0, ""high"": 1.0, ""low"": 0.25, ""mae"": null}, {""bias"": null, ""count"": 0, ""high"": 2.0, ""low"": 1.0, ""mae"": null}, {""bias"": null, ""count"": 0, ""high"": ""Infinity"", ""low"": 2.0, ""mae"": null}]",1.4700350838986678,1.4696359738985028,1.452950141171801,0.2235032319781023
raw/e5/N4/d100/n3_M6/centre/rep07.npz,e5,,N4,N4_published_vb,published_vb,100,3,6,centre,centre,0.0,7,4,float64,1.4701287383651032,0.5234580011871534,-0.389298605044133,0.40733142617268314,0.8227283005333801,2.9729625955880845,1.4502388359793614,0.5268746342043933,100800,102000,1173600,117360000,0,2.386192899895832,1.0,0.23093253968253968,1.0,16.34271887808636,24.022801068050455,,,,0,0,0,-3.2831445758515296,4.175820035374994,80.90669804880119,0.42485079500521,100800,"[{""bias"": null, ""count"": 0, ""high"": -2.0, ""low"": ""-Infinity"", ""mae"": null}, {""bias"": null, ""count"": 0, ""high"": -1.0, ""low"": -2.0, ""mae"": null}, {""bias"": null, ""count"": 0, ""high"": -0.25, ""low"": -1.0, ""mae"": null}, {""bias"": null, ""count"": 0, ""high"": 0.25, ""low"": -0.25, ""mae"": null}, {""bias"": null, ""count"": 0, ""high"": 1.0, ""low"": 0.25, ""mae"": null}, {""bias"": null, ""count"": 0, ""high"": 2.0, ""low"": 1.0, ""mae"": null}, {""bias"": null, ""count"": 0, ""high"": ""Infinity"", ""low"": 2.0, ""mae"": null}]",1.4700350838986678,1.4696359738985028,1.452950141171801,0.2235032319781023
raw/e5/N4/d100/n3_M6/centre/rep08.npz,e5,,N4,N4_published_vb,published_vb,100,3,6,centre,centre,0.0,8,4,float64,1.474730220865654,0.5250964174491977,-0.3830571929383228,0.4088034100480273,0.8253034286693162,3.237238144321073,1.4631763112678065,0.5315748445359727,100800,102000,1173600,117360000,0,2.4694117000326514,1.0,0.23232142857142857,1.0,16.407004222553624,24.116812280483817,,,,0,0,0,-3.328286926918197,4.198621903307099,81.36981808830787,0.4256678436486381,100800,"[{""bias"": null, ""count"": 0, ""high"": -2.0, ""low"": ""-Infinity"", ""mae"": null}, {""bias"": null, ""count"": 0, ""high"": -1.0, ""low"": -2.0, ""mae"": null}, {""bias"": null, ""count"": 0, ""high"": -0.25, ""low"": -1.0, ""mae"": null}, {""bias"": null, ""count"": 0, ""high"": 0.25, ""low"": -0.25, ""mae"": null}, {""bias"": null, ""count"": 0, ""high"": 1.0, ""low"": 0.25, ""mae"": null}, {""bias"": null, ""count"": 0, ""high"": 2.0, ""low"": 1.0, ""mae"": null}, {""bias"": null, ""count"": 0, ""high"": ""Infinity"", ""low"": 2.0, ""mae"": null}]",1.4700350838986678,1.4696359738985028,1.452950141171801,0.2235032319781023
raw/e5/N4/d100/n3_M6/centre/rep09.npz,e5,,N4,N4_published_vb,published_vb,100,3,6,centre,centre,0.0,9,4,float64,1.4733866592289038,0.5246180252713621,-0.3861001676623783,0.40785699093639977,0.8245515311291763,3.3078872491372517,1.4398738951969847,0.5231090307411699,100800,102000,1173600,117360000,0,2.349269099999219,1.0,0.23259920634920636,1.0,16.72018488197336,24.48070535116826,,,,0,0,0,-3.324363425264949,4.2085617559907424,81.60581904349338,0.42269153831562856,100800,"[{""bias"": null, ""count"": 0, ""high"": -2.0, ""low"": ""-Infinity"", ""mae"": null}, {""bias"": null, ""count"": 0, ""high"": -1.0, ""low"": -2.0, ""mae"": null}, {""bias"": null, ""count"": 0, ""high"": -0.25, ""low"": -1.0, ""mae"": null}, {""bias"": null, ""count"": 0, ""high"": 0.25, ""low"": -0.25, ""mae"": null}, {""bias"": null, ""count"": 0, ""high"": 1.0, ""low"": 0.25, ""mae"": null}, {""bias"": null, ""count"": 0, ""high"": 2.0, ""low"": 1.0, ""mae"": null}, {""bias"": null, ""count"": 0, ""high"": ""Infinity"", ""low"": 2.0, ""mae"": null}]",1.4700350838986678,1.4696359738985028,1.452950141171801,0.2235032319781023
raw/e5/N4/d100/n3_M6/oracle_state/rep00.npz,e5,e0,N4,N4_published_vb,published_vb,100,3,6,oracle_state,oracle_state,1.0,0,4,float64,0.5434838301535511,0.19351431747813605,0.0013647111742697347,0.12948381803127001,0.3041499130524153,7.307609979129551,0.4834259696863772,0.1756296098438222,100800,102000,1173600,117360000,0,2.4440597998909652,0.0,0.0,0.0,0.0,0.0,,,,0,0,0,0.0,0.0,0.0,0.4184728839488534,100800,"[{""bias"": null, ""count"": 0, ""high"": -2.0, ""low"": ""-Infinity"", ""mae"": null}, {""bias"": null, ""count"": 0, ""high"": -1.0, ""low"": -2.0, ""mae"": null}, {""bias"": null, ""count"": 0, ""high"": -0.25, ""low"": -1.0, ""mae"": null}, {""bias"": null, ""count"": 0, ""high"": 0.25, ""low"": -0.25, ""mae"": null}, {""bias"": null, ""count"": 0, ""high"": 1.0, ""low"": 0.25, ""mae"": null}, {""bias"": null, ""count"": 0, ""high"": 2.0, ""low"": 1.0, ""mae"": null}, {""bias"": null, ""count"": 0, ""high"": ""Infinity"", ""low"": 2.0, ""mae"": null}]",0.5372080089407781,0.540651517702961,0.18128160594835208,0.5059346902512674
raw/e5/N4/d100/n3_M6/oracle_state/rep01.npz,e5,e0,N4,N4_published_vb,published_vb,100,3,6,oracle_state,oracle_state,1.0,1,4,float64,0.558707355093422,0.19893484680192142,0.007416764066914803,0.13139730926492096,0.3126694559162846,7.313269210672791,0.5149558912902286,0.1870844926530416,100800,102000,1173600,117360000,0,2.8523646001704037,0.0,0.0,0.0,0.0,0.0,,,,0,0,0,0.0,0.0,0.0,0.4346359629323066,100800,"[{""bias"": null, ""count"": 0, ""high"": -2.0, ""low"": ""-Infinity"", ""mae"": null}, {""bias"": null, ""count"": 0, ""high"": -1.0, ""low"": -2.0, ""mae"": null}, {""bias"": null, ""count"": 0, ""high"": -0.25, ""low"": -1.0, ""mae"": null}, {""bias"": null, ""count"": 0, ""high"": 0.25, ""low"": -0.25, ""mae"": null}, {""bias"": null, ""count"": 0, ""high"": 1.0, ""low"": 0.25, ""mae"": null}, {""bias"": null, ""count"": 0, ""high"": 2.0, ""low"": 1.0, ""mae"": null}, {""bias"": null, ""count"": 0, ""high"": ""Infinity"", ""low"": 2.0, ""mae"": null}]",0.5372080089407781,0.540651517702961,0.18128160594835208,0.5059346902512674
raw/e5/N4/d100/n3_M6/oracle_state/rep02.npz,e5,e0,N4,N4_published_vb,published_vb,100,3,6,oracle_state,oracle_state,1.0,2,4,float64,0.5599799619732754,0.19938797463776378,0.005422095128148558,0.13447033642872702,0.3133816450383564,7.299141605438971,0.5053006775238159,0.1835767344168553,100800,102000,1173600,117360000,0,2.461058499990031,0.0,0.0,0.0,0.0,0.0,,,,0,0,0,0.0,0.0,0.0,0.4321750767851181,100800,"[{""bias"": null, ""count"": 0, ""high"": -2.0, ""low"": ""-Infinity"", ""mae"": null}, {""bias"": null, ""count"": 0, ""high"": -1.0, ""low"": -2.0, ""mae"": null}, {""bias"": null, ""count"": 0, ""high"": -0.25, ""low"": -1.0, ""mae"": null}, {""bias"": null, ""count"": 0, ""high"": 0.25, ""low"": -0.25, ""mae"": null}, {""bias"": null, ""count"": 0, ""high"": 1.0, ""low"": 0.25, ""mae"": null}, {""bias"": null, ""count"": 0, ""high"": 2.0, ""low"": 1.0, ""mae"": null}, {""bias"": null, ""count"": 0, ""high"": ""Infinity"", ""low"": 2.0, ""mae"": null}]",0.5372080089407781,0.540651517702961,0.18128160594835208,0.5059346902512674
raw/e5/N4/d100/n3_M6/oracle_state/rep03.npz,e5,,N4,N4_published_vb,published_vb,100,3,6,oracle_state,oracle_state,1.0,3,4,float64,0.508492245594959,0.18105511956341372,-0.004610623071208015,0.12151815746432594,0.2845675689041909,7.277687660230973,0.507993791549361,0.1845551480628542,100800,102000,1173600,117360000,0,2.406151599949226,0.0,0.0,0.0,0.0,0.0,,,,0,0,0,0.0,0.0,0.0,0.42655036278612024,100800,"[{""bias"": null, ""count"": 0, ""high"": -2.0, ""low"": ""-Infinity"", ""mae"": null}, {""bias"": null, ""count"": 0, ""high"": -1.0, ""low"": -2.0, ""mae"": null}, {""bias"": null, ""count"": 0, ""high"": -0.25, ""low"": -1.0, ""mae"": null}, {""bias"": null, ""count"": 0, ""high"": 0.25, ""low"": -0.25, ""mae"": null}, {""bias"": null, ""count"": 0, ""high"": 1.0, ""low"": 0.25, ""mae"": null}, {""bias"": null, ""count"": 0, ""high"": 2.0, ""low"": 1.0, ""mae"": null}, {""bias"": null, ""count"": 0, ""high"": ""Infinity"", ""low"": 2.0, ""mae"": null}]",0.5372080089407781,0.540651517702961,0.18128160594835208,0.5059346902512674
raw/e5/N4/d100/n3_M6/oracle_state/rep04.npz,e5,,N4,N4_published_vb,published_vb,100,3,6,oracle_state,oracle_state,1.0,4,4,float64,0.5399171284667313,0.19224434806179108,0.009000953736579559,0.12725310788715088,0.3021538794121438,7.354947851423889,0.48465883199051574,0.17607751115455955,100800,102000,1173600,117360000,0,2.4172233999706805,0.0,0.0,0.0,0.0,0.0,,,,0,0,0,0.0,0.0,0.0,0.4252892777426008,100800,"[{""bias"": null, ""count"": 0, ""high"": -2.0, ""low"": ""-Infinity"", ""mae"": null}, {""bias"": null, ""count"": 0, ""high"": -1.0, ""low"": -2.0, ""mae"": null}, {""bias"": null, ""count"": 0, ""high"": -0.25, ""low"": -1.0, ""mae"": null}, {""bias"": null, ""count"": 0, ""high"": 0.25, ""low"": -0.25, ""mae"": null}, {""bias"": null, ""count"": 0, ""high"": 1.0, ""low"": 0.25, ""mae"": null}, {""bias"": null, ""count"": 0, ""high"": 2.0, ""low"": 1.0, ""mae"": null}, {""bias"": null, ""count"": 0, ""high"": ""Infinity"", ""low"": 2.0, ""mae"": null}]",0.5372080089407781,0.540651517702961,0.18128160594835208,0.5059346902512674
raw/e5/N4/d100/n3_M6/oracle_state/rep05.npz,e5,,N4,N4_published_vb,published_vb,100,3,6,oracle_state,oracle_state,1.0,5,4,float64,0.522662176318409,0.18610050329062816,-0.009393096482059911,0.1282946462853188,0.2924974887258688,7.157563828883236,0.5145867165573402,0.1869503707432414,100800,102000,1173600,117360000,0,2.425942000001669,0.0,0.0,0.0,0.0,0.0,,,,0,0,0,0.0,0.0,0.0,0.42422188601768257,100800,"[{""bias"": null, ""count"": 0, ""high"": -2.0, ""low"": ""-Infinity"", ""mae"": null}, {""bias"": null, ""count"": 0, ""high"": -1.0, ""low"": -2.0, ""mae"": null}, {""bias"": null, ""count"": 0, ""high"": -0.25, ""low"": -1.0, ""mae"": null}, {""bias"": null, ""count"": 0, ""high"": 0.25, ""low"": -0.25, ""mae"": null}, {""bias"": null, ""count"": 0, ""high"": 1.0, ""low"": 0.25, ""mae"": null}, {""bias"": null, ""count"": 0, ""high"": 2.0, ""low"": 1.0, ""mae"": null}, {""bias"": null, ""count"": 0, ""high"": ""Infinity"", ""low"": 2.0, ""mae"": null}]",0.5372080089407781,0.540651517702961,0.18128160594835208,0.5059346902512674
raw/e5/N4/d100/n3_M6/oracle_state/rep06.npz,e5,,N4,N4_published_vb,published_vb,100,3,6,oracle_state,oracle_state,1.0,6,4,float64,0.5292081124661776,0.18843126695940743,0.008252107393461362,0.12568797432440745,0.29616079166098647,7.316989548232282,0.44209705041831454,0.1606147318242866,100800,102000,1173600,117360000,0,2.347505900077522,0.0,0.0,0.0,0.0,0.0,,,,0,0,0,0.0,0.0,0.0,0.42224430353162634,100800,"[{""bias"": null, ""count"": 0, ""high"": -2.0, ""low"": ""-Infinity"", ""mae"": null}, {""bias"": null, ""count"": 0, ""high"": -1.0, ""low"": -2.0, ""mae"": null}, {""bias"": null, ""count"": 0, ""high"": -0.25, ""low"": -1.0, ""mae"": null}, {""bias"": null, ""count"": 0, ""high"": 0.25, ""low"": -0.25, ""mae"": null}, {""bias"": null, ""count"": 0, ""high"": 1.0, ""low"": 0.25, ""mae"": null}, {""bias"": null, ""count"": 0, ""high"": 2.0, ""low"": 1.0, ""mae"": null}, {""bias"": null, ""count"": 0, ""high"": ""Infinity"", ""low"": 2.0, ""mae"": null}]",0.5372080089407781,0.540651517702961,0.18128160594835208,0.5059346902512674
raw/e5/N4/d100/n3_M6/oracle_state/rep07.npz,e5,,N4,N4_published_vb,published_vb,100,3,6,oracle_state,oracle_state,1.0,7,4,float64,0.523151804833683,0.1862748417395279,0.0028555826553585692,0.12775919155939747,0.2927714995833886,7.264453284280537,0.48028184591975237,0.17448734346787378,100800,102000,1173600,117360000,0,2.3964823000133038,0.0,0.0,0.0,0.0,0.0,,,,0,0,0,0.0,0.0,0.0,0.43493131820505704,100800,"[{""bias"": null, ""count"": 0, ""high"": -2.0, ""low"": ""-Infinity"", ""mae"": null}, {""bias"": null, ""count"": 0, ""high"": -1.0, ""low"": -2.0, ""mae"": null}, {""bias"": null, ""count"": 0, ""high"": -0.25, ""low"": -1.0, ""mae"": null}, {""bias"": null, ""count"": 0, ""high"": 0.25, ""low"": -0.25, ""mae"": null}, {""bias"": null, ""count"": 0, ""high"": 1.0, ""low"": 0.25, ""mae"": null}, {""bias"": null, ""count"": 0, ""high"": 2.0, ""low"": 1.0, ""mae"": null}, {""bias"": null, ""count"": 0, ""high"": ""Infinity"", ""low"": 2.0, ""mae"": null}]",0.5372080089407781,0.540651517702961,0.18128160594835208,0.5059346902512674
raw/e5/N4/d100/n3_M6/oracle_state/rep08.npz,e5,,N4,N4_published_vb,published_vb,100,3,6,oracle_state,oracle_state,1.0,8,4,float64,0.5413859069391908,0.19276732528366033,-0.00033645204930309323,0.1265601611511358,0.3029758520632263,7.279413086583989,0.5817169705657768,0.2113389246470939,100800,102000,1173600,117360000,0,2.306455299956724,0.0,0.0,0.0,0.0,0.0,,,,0,0,0,0.0,0.0,0.0,0.43370816784284083,100800,"[{""bias"": null, ""count"": 0, ""high"": -2.0, ""low"": ""-Infinity"", ""mae"": null}, {""bias"": null, ""count"": 0, ""high"": -1.0, ""low"": -2.0, ""mae"": null}, {""bias"": null, ""count"": 0, ""high"": -0.25, ""low"": -1.0, ""mae"": null}, {""bias"": null, ""count"": 0, ""high"": 0.25, ""low"": -0.25, ""mae"": null}, {""bias"": null, ""count"": 0, ""high"": 1.0, ""low"": 0.25, ""mae"": null}, {""bias"": null, ""count"": 0, ""high"": 2.0, ""low"": 1.0, ""mae"": null}, {""bias"": null, ""count"": 0, ""high"": ""Infinity"", ""low"": 2.0, ""mae"": null}]",0.5372080089407781,0.540651517702961,0.18128160594835208,0.5059346902512674
raw/e5/N4/d100/n3_M6/oracle_state/rep09.npz,e5,,N4,N4_published_vb,published_vb,100,3,6,oracle_state,oracle_state,1.0,9,4,float64,0.5450915675683826,0.19408677279557812,0.004914619197122623,0.1308223341892368,0.30504965131103834,7.2887074284739635,0.4374803265360719,0.15893746691706417,100800,102000,1173600,117360000,0,2.4047761999536306,0.0,0.0,0.0,0.0,0.0,,,,0,0,0,0.0,0.0,0.0,0.4303986996723118,100800,"[{""bias"": null, ""count"": 0, ""high"": -2.0, ""low"": ""-Infinity"", ""mae"": null}, {""bias"": null, ""count"": 0, ""high"": -1.0, ""low"": -2.0, ""mae"": null}, {""bias"": null, ""count"": 0, ""high"": -0.25, ""low"": -1.0, ""mae"": null}, {""bias"": null, ""count"": 0, ""high"": 0.25, ""low"": -0.25, ""mae"": null}, {""bias"": null, ""count"": 0, ""high"": 1.0, ""low"": 0.25, ""mae"": null}, {""bias"": null, ""count"": 0, ""high"": 2.0, ""low"": 1.0, ""mae"": null}, {""bias"": null, ""count"": 0, ""high"": ""Infinity"", ""low"": 2.0, ""mae"": null}]",0.5372080089407781,0.540651517702961,0.18128160594835208,0.5059346902512674
raw/e5/N4/d100/n3_M6/raw/rep00.npz,e5,e0,N4,N4_published_vb,published_vb,100,3,6,raw,raw,1.0,0,4,float64,3.975517192140607,1.4155333670963657,-0.33228794396240835,0.48151321602138264,2.224819104528509,16.770944627640798,1.5368563169568756,0.5583429361650941,100800,102000,1173600,117360000,0,2.6419065999798477,1.0,0.23529761904761906,0.0,16.567297557574427,0.0,,,,0,0,0,-3.488602046239774,4.14781457140904,87.40377083965757,0.4124280694768562,100800,"[{""bias"": null, ""count"": 0, ""high"": -2.0, ""low"": ""-Infinity"", ""mae"": null}, {""bias"": null, ""count"": 0, ""high"": -1.0, ""low"": -2.0, ""mae"": null}, {""bias"": null, ""count"": 0, ""high"": -0.25, ""low"": -1.0, ""mae"": null}, {""bias"": null, ""count"": 0, ""high"": 0.25, ""low"": -0.25, ""mae"": null}, {""bias"": null, ""count"": 0, ""high"": 1.0, ""low"": 0.25, ""mae"": null}, {""bias"": null, ""count"": 0, ""high"": 2.0, ""low"": 1.0, ""mae"": null}, {""bias"": null, ""count"": 0, ""high"": ""Infinity"", ""low"": 2.0, ""mae"": null}]",1.8812194537502478,1.6368894965571466,1.5056912709106274,1.3277468518941524
raw/e5/N4/d100/n3_M6/raw/rep01.npz,e5,e0,N4,N4_published_vb,published_vb,100,3,6,raw,raw,1.0,1,4,float64,1.723038677051097,0.6135097956525559,-0.3677422702001741,0.4549853277553255,0.9642643161305757,9.620270681993885,1.5041365731313348,0.5464557885921211,100800,102000,1173600,117360000,0,2.4619020000100136,1.0,0.2314781746031746,0.0,16.322100244602073,0.0,,,,0,0,0,-3.4948680293403633,4.125087682683013,84.66791337599747,0.4261089317980411,100800,"[{""bias"": null, ""count"": 0, ""high"": -2.0, ""low"": ""-Infinity"", ""mae"": null}, {""bias"": null, ""count"": 0, ""high"": -1.0, ""low"": -2.0, ""mae"": null}, {""bias"": null, ""count"": 0, ""high"": -0.25, ""low"": -1.0, ""mae"": null}, {""bias"": null, ""count"": 0, ""high"": 0.25, ""low"": -0.25, ""mae"": null}, {""bias"": null, ""count"": 0, ""high"": 1.0, ""low"": 0.25, ""mae"": null}, {""bias"": null, ""count"": 0, ""high"": 2.0, ""low"": 1.0, ""mae"": null}, {""bias"": null, ""count"": 0, ""high"": ""Infinity"", ""low"": 2.0, ""mae"": null}]",1.8812194537502478,1.6368894965571466,1.5056912709106274,1.3277468518941524
raw/e5/N4/d100/n3_M6/raw/rep02.npz,e5,e0,N4,N4_published_vb,published_vb,100,3,6,raw,raw,1.0,2,4,float64,1.5674636095713756,0.5581153177865864,-0.3842661485491136,0.43068980271800616,0.8771998247478018,6.805752431079753,1.5366968665459524,0.5582850075157954,100800,102000,1173600,117360000,0,2.4254846000112593,1.0,0.23166666666666666,0.0,16.05849477662667,0.0,,,,0,0,0,-3.499089400746916,4.093358416893637,82.8963373140241,0.42698157415502164,100800,"[{""bias"": null, ""count"": 0, ""high"": -2.0, ""low"": ""-Infinity"", ""mae"": null}, {""bias"": null, ""count"": 0, ""high"": -1.0, ""low"": -2.0, ""mae"": null}, {""bias"": null, ""count"": 0, ""high"": -0.25, ""low"": -1.0, ""mae"": null}, {""bias"": null, ""count"": 0, ""high"": 0.25, ""low"": -0.25, ""mae"": null}, {""bias"": null, ""count"": 0, ""high"": 1.0, ""low"": 0.25, ""mae"": null}, {""bias"": null, ""count"": 0, ""high"": 2.0, ""low"": 1.0, ""mae"": null}, {""bias"": null, ""count"": 0, ""high"": ""Infinity"", ""low"": 2.0, ""mae"": null}]",1.8812194537502478,1.6368894965571466,1.5056912709106274,1.3277468518941524
raw/e5/N4/d100/n3_M6/raw/rep03.npz,e5,,N4,N4_published_vb,published_vb,100,3,6,raw,raw,1.0,3,4,float64,1.6138700552180156,0.57463892190809,-0.391984275366645,0.44222476256270454,0.9031702688077645,8.505498579394676,1.5346975578000381,0.5575586546985686,100800,102000,1173600,117360000,0,2.4422667999751866,1.0,0.23231150793650793,0.0,16.272600023662037,0.0,,,,0,0,0,-3.4881122192422693,4.130172627907871,85.33251324150233,0.42449653880137417,100800,"[{""bias"": null, ""count"": 0, ""high"": -2.0, ""low"": ""-Infinity"", ""mae"": null}, {""bias"": null, ""count"": 0, ""high"": -1.0, ""low"": -2.0, ""mae"": null}, {""bias"": null, ""count"": 0, ""high"": -0.25, ""low"": -1.0, ""mae"": null}, {""bias"": null, ""count"": 0, ""high"": 0.25, ""low"": -0.25, ""mae"": null}, {""bias"": null, ""count"": 0, ""high"": 1.0, ""low"": 0.25, ""mae"": null}, {""bias"": null, ""count"": 0, ""high"": 2.0, ""low"": 1.0, ""mae"": null}, {""bias"": null, ""count"": 0, ""high"": ""Infinity"", ""low"": 2.0, ""mae"": null}]",1.8812194537502478,1.6368894965571466,1.5056912709106274,1.3277468518941524
raw/e5/N4/d100/n3_M6/raw/rep04.npz,e5,,N4,N4_published_vb,published_vb,100,3,6,raw,raw,1.0,4,4,float64,1.5798511636438617,0.5625260636792164,-0.38335120840547277,0.43467980735330003,0.8841322729367648,8.691957818874428,1.5596462456902949,0.5666225622977481,100800,102000,1173600,117360000,0,2.29102380014956,1.0,0.23308531746031746,0.0,16.379790552868357,0.0,,,,0,0,0,-3.4824362696719833,4.115143361525886,83.87401882970624,0.4203513114621857,100800,"[{""bias"": null, ""count"": 0, ""high"": -2.0, ""low"": ""-Infinity"", ""mae"": null}, {""bias"": null, ""count"": 0, ""high"": -1.0, ""low"": -2.0, ""mae"": null}, {""bias"": null, ""count"": 0, ""high"": -0.25, ""low"": -1.0, ""mae"": null}, {""bias"": null, ""count"": 0, ""high"": 0.25, ""low"": -0.25, ""mae"": null}, {""bias"": null, ""count"": 0, ""high"": 1.0, ""low"": 0.25, ""mae"": null}, {""bias"": null, ""count"": 0, ""high"": 2.0, ""low"": 1.0, ""mae"": null}, {""bias"": null, ""count"": 0, ""high"": ""Infinity"", ""low"": 2.0, ""mae"": null}]",1.8812194537502478,1.6368894965571466,1.5056912709106274,1.3277468518941524
raw/e5/N4/d100/n3_M6/raw/rep05.npz,e5,,N4,N4_published_vb,published_vb,100,3,6,raw,raw,1.0,5,4,float64,1.639417099061305,0.5837352711987789,-0.3740694083808585,0.4395246388642286,0.9174671636417607,8.297728198082558,1.4919666806348812,0.5420344426053094,100800,102000,1173600,117360000,0,2.400435599964112,1.0,0.23488095238095238,0.0,16.363243466199116,0.0,,,,0,0,0,-3.5044549092102724,4.143045950224201,84.678763232069,0.4174473692797527,100800,"[{""bias"": null, ""count"": 0, ""high"": -2.0, ""low"": ""-Infinity"", ""mae"": null}, {""bias"": null, ""count"": 0, ""high"": -1.0, ""low"": -2.0, ""mae"": null}, {""bias"": null, ""count"": 0, ""high"": -0.25, ""low"": -1.0, ""mae"": null}, {""bias"": null, ""count"": 0, ""high"": 0.25, ""low"": -0.25, ""mae"": null}, {""bias"": null, ""count"": 0, ""high"": 1.0, ""low"": 0.25, ""mae"": null}, {""bias"": null, ""count"": 0, ""high"": 2.0, ""low"": 1.0, ""mae"": null}, {""bias"": null, ""count"": 0, ""high"": ""Infinity"", ""low"": 2.0, ""mae"": null}]",1.8812194537502478,1.6368894965571466,1.5056912709106274,1.3277468518941524
raw/e5/N4/d100/n3_M6/raw/rep06.npz,e5,,N4,N4_published_vb,published_vb,100,3,6,raw,raw,1.0,6,4,float64,1.761994135222278,0.6273803810900552,-0.3589578113735437,0.46127105418932096,0.9860649632856792,12.83676079455743,1.5346980962699601,0.557558850325755,100800,102000,1173600,117360000,0,2.297151100123301,1.0,0.23615079365079364,0.0,16.7881924030189,0.0,,,,0,0,0,-3.5470227375715364,4.210650976229773,89.3691064404011,0.4169406915509813,100800,"[{""bias"": null, ""count"": 0, ""high"": -2.0, ""low"": ""-Infinity"", ""mae"": null}, {""bias"": null, ""count"": 0, ""high"": -1.0, ""low"": -2.0, ""mae"": null}, {""bias"": null, ""count"": 0, ""high"": -0.25, ""low"": -1.0, ""mae"": null}, {""bias"": null, ""count"": 0, ""high"": 0.25, ""low"": -0.25, ""mae"": null}, {""bias"": null, ""count"": 0, ""high"": 1.0, ""low"": 0.25, ""mae"": null}, {""bias"": null, ""count"": 0, ""high"": 2.0, ""low"": 1.0, ""mae"": null}, {""bias"": null, ""count"": 0, ""high"": ""Infinity"", ""low"": 2.0, ""mae"": null}]",1.8812194537502478,1.6368894965571466,1.5056912709106274,1.3277468518941524
raw/e5/N4/d100/n3_M6/raw/rep07.npz,e5,,N4,N4_published_vb,published_vb,100,3,6,raw,raw,1.0,7,4,float64,1.6059219352107694,0.5718088928748397,-0.39233283209425046,0.43957861711158536,0.8987222615718344,7.171776818265575,1.570530241135288,0.5705767393453448,100800,102000,1173600,117360000,0,2.4106974001042545,1.0,0.23330357142857142,0.0,16.26152454484446,0.0,,,,0,0,0,-3.5203553847116655,4.11246070047545,83.17999761108962,0.42426771935185886,100800,"[{""bias"": null, ""count"": 0, ""high"": -2.0, ""low"": ""-Infinity"", ""mae"": null}, {""bias"": null, ""count"": 0, ""high"": -1.0, ""low"": -2.0, ""mae"": null}, {""bias"": null, ""count"": 0, ""high"": -0.25, ""low"": -1.0, ""mae"": null}, {""bias"": null, ""count"": 0, ""high"": 0.25, ""low"": -0.25, ""mae"": null}, {""bias"": null, ""count"": 0, ""high"": 1.0, ""low"": 0.25, ""mae"": null}, {""bias"": null, ""count"": 0, ""high"": 2.0, ""low"": 1.0, ""mae"": null}, {""bias"": null, ""count"": 0, ""high"": ""Infinity"", ""low"": 2.0, ""mae"": null}]",1.8812194537502478,1.6368894965571466,1.5056912709106274,1.3277468518941524
raw/e5/N4/d100/n3_M6/raw/rep08.npz,e5,,N4,N4_published_vb,published_vb,100,3,6,raw,raw,1.0,8,4,float64,1.710758776330182,0.6091373811024565,-0.3754009509748715,0.45027810725746903,0.9573921139980792,9.580684546995705,1.7487289227511162,0.6353166724258439,100800,102000,1173600,117360000,0,2.468429100001231,1.0,0.23423611111111112,0.0,16.462555027206314,0.0,,,,0,0,0,-3.5407443910205516,4.163632879410768,86.9375548052044,0.42774917601229523,100800,"[{""bias"": null, ""count"": 0, ""high"": -2.0, ""low"": ""-Infinity"", ""mae"": null}, {""bias"": null, ""count"": 0, ""high"": -1.0, ""low"": -2.0, ""mae"": null}, {""bias"": null, ""count"": 0, ""high"": -0.25, ""low"": -1.0, ""mae"": null}, {""bias"": null, ""count"": 0, ""high"": 0.25, ""low"": -0.25, ""mae"": null}, {""bias"": null, ""count"": 0, ""high"": 1.0, ""low"": 0.25, ""mae"": null}, {""bias"": null, ""count"": 0, ""high"": 2.0, ""low"": 1.0, ""mae"": null}, {""bias"": null, ""count"": 0, ""high"": ""Infinity"", ""low"": 2.0, ""mae"": null}]",1.8812194537502478,1.6368894965571466,1.5056912709106274,1.3277468518941524
raw/e5/N4/d100/n3_M6/raw/rep09.npz,e5,,N4,N4_published_vb,published_vb,100,3,6,raw,raw,1.0,9,4,float64,1.634361894052988,0.5819353012776496,-0.3771817412600999,0.44280706023545663,0.9146381187310643,9.133883712105952,1.4832764446578794,0.538877262706427,100800,102000,1173600,117360000,0,2.98965649981983,1.0,0.23473214285714286,0.0,16.64109287473572,0.0,,,,0,0,0,-3.5360149084072745,4.18694789191611,86.10165854802892,0.4232910862561197,100800,"[{""bias"": null, ""count"": 0, ""high"": -2.0, ""low"": ""-Infinity"", ""mae"": null}, {""bias"": null, ""count"": 0, ""high"": -1.0, ""low"": -2.0, ""mae"": null}, {""bias"": null, ""count"": 0, ""high"": -0.25, ""low"": -1.0, ""mae"": null}, {""bias"": null, ""count"": 0, ""high"": 0.25, ""low"": -0.25, ""mae"": null}, {""bias"": null, ""count"": 0, ""high"": 1.0, ""low"": 0.25, ""mae"": null}, {""bias"": null, ""count"": 0, ""high"": 2.0, ""low"": 1.0, ""mae"": null}, {""bias"": null, ""count"": 0, ""high"": ""Infinity"", ""low"": 2.0, ""mae"": null}]",1.8812194537502478,1.6368894965571466,1.5056912709106274,1.3277468518941524
raw/e5/N4/d100/n4_M6/box/rep00.npz,e5,e0,N4,N4_published_vb,published_vb,100,4,6,box,box,1.0,0,4,float64,1.4351497554665718,0.5110032902534789,-0.35875840789743185,0.3929621811302359,0.8031530086535011,3.7923454513519013,1.3935233702445267,0.5062697934558049,1267200,1268400,14652000,1465200000,0,47.12823070003651,1.0,0.19005208333333334,1.0,13.790371145425457,13.790371145425457,,,,0,0,0,-2.5801117533960927,3.107852646220979,57.81077589558796,0.4362876035631331,1267200,"[{""bias"": null, ""count"": 0, ""high"": -2.0, ""low"": ""-Infinity"", ""mae"": null}, {""bias"": null, ""count"": 0, ""high"": -1.0, ""low"": -2.0, ""mae"": null}, {""bias"": null, ""count"": 0, ""high"": -0.25, ""low"": -1.0, ""mae"": null}, {""bias"": null, ""count"": 0, ""high"": 0.25, ""low"": -0.25, ""mae"": null}, {""bias"": null, ""count"": 0, ""high"": 1.0, ""low"": 0.25, ""mae"": null}, {""bias"": null, ""count"": 0, ""high"": 2.0, ""low"": 1.0, ""mae"": null}, {""bias"": null, ""count"": 0, ""high"": ""Infinity"", ""low"": 2.0, ""mae"": null}]",1.4397027302921992,1.435246020731014,1.4098435941104535,0.29187811403084457
raw/e5/N4/d100/n4_M6/box/rep01.npz,e5,e0,N4,N4_published_vb,published_vb,100,4,6,box,box,1.0,1,4,float64,1.4353422859954563,0.511071843192543,-0.35162282294246855,0.3897603308158354,0.8032607545336382,3.9026101032403924,1.3971461118619284,0.5075859426424985,1267200,1268400,14652000,1465200000,0,47.547784599941224,1.0,0.19057449494949494,1.0,13.99943983031626,13.99943983031626,,,,0,0,0,-2.585988751444922,3.109226815354874,57.74906242757517,0.4303497673620528,1267200,"[{""bias"": null, ""count"": 0, ""high"": -2.0, ""low"": ""-Infinity"", ""mae"": null}, {""bias"": null, ""count"": 0, ""high"": -1.0, ""low"": -2.0, ""mae"": null}, {""bias"": null, ""count"": 0, ""high"": -0.25, ""low"": -1.0, ""mae"": null}, {""bias"": null, ""count"": 0, ""high"": 0.25, ""low"": -0.25, ""mae"": null}, {""bias"": null, ""count"": 0, ""high"": 1.0, ""low"": 0.25, ""mae"": null}, {""bias"": null, ""count"": 0, ""high"": 2.0, ""low"": 1.0, ""mae"": null}, {""bias"": null, ""count"": 0, ""high"": ""Infinity"", ""low"": 2.0, ""mae"": null}]",1.4397027302921992,1.435246020731014,1.4098435941104535,0.29187811403084457
raw/e5/N4/d100/n4_M6/box/rep02.npz,e5,e0,N4,N4_published_vb,published_vb,100,4,6,box,box,1.0,2,4,float64,1.4340867218108349,0.510624783624702,-0.36137454129376617,0.39209696262353483,0.8025581030168922,3.913337528502047,1.3891466583786194,0.5046797253882851,1267200,1268400,14652000,1465200000,0,48.18014549999498,1.0,0.18874526515151516,1.0,13.750969659166485,13.750969659166485,,,,0,0,0,-2.5904449300500065,3.0980137340916127,57.835422562569065,0.4357236271771189,1267200,"[{""bias"": null, ""count"": 0, ""high"": -2.0, ""low"": ""-Infinity"", ""mae"": null}, {""bias"": null, ""count"": 0, ""high"": -1.0, ""low"": -2.0, ""mae"": null}, {""bias"": null, ""count"": 0, ""high"": -0.25, ""low"": -1.0, ""mae"": null}, {""bias"": null, ""count"": 0, ""high"": 0.25, ""low"": -0.25, ""mae"": null}, {""bias"": null, ""count"": 0, ""high"": 1.0, ""low"": 0.25, ""mae"": null}, {""bias"": null, ""count"": 0, ""high"": 2.0, ""low"": 1.0, ""mae"": null}, {""bias"": null, ""count"": 0, ""high"": ""Infinity"", ""low"": 2.0, ""mae"": null}]",1.4397027302921992,1.435246020731014,1.4098435941104535,0.29187811403084457
raw/e5/N4/d100/n4_M6/box/rep03.npz,e5,,N4,N4_published_vb,published_vb,100,4,6,box,box,1.0,3,4,float64,1.4515668394188161,0.516848801416345,-0.35928410568952707,0.3950176587429977,0.8123405030730473,3.968740140118676,1.3930491526445552,0.5060975092648706,1267200,1268400,14652000,1465200000,0,52.798631799872965,1.0,0.191015625,1.0,13.864140389139598,13.864140389139598,,,,0,0,0,-2.5883279170656506,3.128612947714015,58.29831410582503,0.4326093452134175,1267200,"[{""bias"": null, ""count"": 0, ""high"": -2.0, ""low"": ""-Infinity"", ""mae"": null}, {""bias"": null, ""count"": 0, ""high"": -1.0, ""low"": -2.0, ""mae"": null}, {""bias"": null, ""count"": 0, ""high"": -0.25, ""low"": -1.0, ""mae"": null}, {""bias"": null, ""count"": 0, ""high"": 0.25, ""low"": -0.25, ""mae"": null}, {""bias"": null, ""count"": 0, ""high"": 1.0, ""low"": 0.25, ""mae"": null}, {""bias"": null, ""count"": 0, ""high"": 2.0, ""low"": 1.0, ""mae"": null}, {""bias"": null, ""count"": 0, ""high"": ""Infinity"", ""low"": 2.0, ""mae"": null}]",1.4397027302921992,1.435246020731014,1.4098435941104535,0.29187811403084457
raw/e5/N4/d100/n4_M6/box/rep04.npz,e5,,N4,N4_published_vb,published_vb,100,4,6,box,box,1.0,4,4,float64,1.451090684729063,0.5166792604940778,-0.3583303361783068,0.3963936671834002,0.8120740325739213,3.8984601579823104,1.41149060646624,0.5127973258712407,1267200,1268400,14652000,1465200000,0,52.53438530000858,1.0,0.18662089646464647,1.0,13.47237154589081,13.47237154589081,,,,0,0,0,-2.5426189900892813,3.0498815842206084,56.65652365983987,0.4386803671118091,1267200,"[{""bias"": null, ""count"": 0, ""high"": -2.0, ""low"": ""-Infinity"", ""mae"": null}, {""bias"": null, ""count"": 0, ""high"": -1.0, ""low"": -2.0, ""mae"": null}, {""bias"": null, ""count"": 0, ""high"": -0.25, ""low"": -1.0, ""mae"": null}, {""bias"": null, ""count"": 0, ""high"": 0.25, ""low"": -0.25, ""mae"": null}, {""bias"": null, ""count"": 0, ""high"": 1.0, ""low"": 0.25, ""mae"": null}, {""bias"": null, ""count"": 0, ""high"": 2.0, ""low"": 1.0, ""mae"": null}, {""bias"": null, ""count"": 0, ""high"": ""Infinity"", ""low"": 2.0, ""mae"": null}]",1.4397027302921992,1.435246020731014,1.4098435941104535,0.29187811403084457
raw/e5/N4/d100/n4_M6/box/rep05.npz,e5,,N4,N4_published_vb,published_vb,100,4,6,box,box,1.0,5,4,float64,1.4495953094406715,0.5161468131382383,-0.3540075905763522,0.3933780099706027,0.8112371755439404,3.7703562203614798,1.4051165452449241,0.5104816168369358,1267200,1268400,14652000,1465200000,0,53.385845500044525,1.0,0.1888833648989899,1.0,13.798037203241602,13.798037203241602,,,,0,0,0,-2.562096778404849,3.0795666622480415,57.15204427587726,0.4320425044744747,1267200,"[{""bias"": null, ""count"": 0, ""high"": -2.0, ""low"": ""-Infinity"", ""mae"": null}, {""bias"": null, ""count"": 0, ""high"": -1.0, ""low"": -2.0, ""mae"": null}, {""bias"": null, ""count"": 0, ""high"": -0.25, ""low"": -1.0, ""mae"": null}, {""bias"": null, ""count"": 0, ""high"": 0.25, ""low"": -0.25, ""mae"": null}, {""bias"": null, ""count"": 0, ""high"": 1.0, ""low"": 0.25, ""mae"": null}, {""bias"": null, ""count"": 0, ""high"": 2.0, ""low"": 1.0, ""mae"": null}, {""bias"": null, ""count"": 0, ""high"": ""Infinity"", ""low"": 2.0, ""mae"": null}]",1.4397027302921992,1.435246020731014,1.4098435941104535,0.29187811403084457
raw/e5/N4/d100/n4_M6/box/rep06.npz,e5,,N4,N4_published_vb,published_vb,100,4,6,box,box,1.0,6,4,float64,1.455171851927251,0.5181324118870978,-0.3572225283947246,0.39681096005412664,0.8143579766024502,3.718982340823809,1.3753619384947544,0.4996717094213725,1267200,1268400,14652000,1465200000,0,52.80857259989716,1.0,0.19010574494949495,1.0,13.978196514902585,13.978196514902585,,,,0,0,0,-2.5648607012248767,3.0957190682479734,57.413412695854696,0.4277338300831413,1267200,"[{""bias"": null, ""count"": 0, ""high"": -2.0, ""low"": ""-Infinity"", ""mae"": null}, {""bias"": null, ""count"": 0, ""high"": -1.0, ""low"": -2.0, ""mae"": null}, {""bias"": null, ""count"": 0, ""high"": -0.25, ""low"": -1.0, ""mae"": null}, {""bias"": null, ""count"": 0, ""high"": 0.25, ""low"": -0.25, ""mae"": null}, {""bias"": null, ""count"": 0, ""high"": 1.0, ""low"": 0.25, ""mae"": null}, {""bias"": null, ""count"": 0, ""high"": 2.0, ""low"": 1.0, ""mae"": null}, {""bias"": null, ""count"": 0, ""high"": ""Infinity"", ""low"": 2.0, ""mae"": null}]",1.4397027302921992,1.435246020731014,1.4098435941104535,0.29187811403084457
raw/e5/N4/d100/n4_M6/box/rep07.npz,e5,,N4,N4_published_vb,published_vb,100,4,6,box,box,1.0,7,4,float64,1.4271940049014704,0.5081705442632313,-0.3598250133880788,0.3922103951771255,0.7987007311276755,3.661089873186844,1.430791944537244,0.5198095401241766,1267200,1268400,14652000,1465200000,0,52.93213680014014,1.0,0.18835069444444444,1.0,13.70810731504317,13.70810731504317,,,,0,0,0,-2.526894416886107,3.0481518967011385,56.53569211558355,0.4308040330640768,1267200,"[{""bias"": null, ""count"": 0, ""high"": -2.0, ""low"": ""-Infinity"", ""mae"": null}, {""bias"": null, ""count"": 0, ""high"": -1.0, ""low"": -2.0, ""mae"": null}, {""bias"": null, ""count"": 0, ""high"": -0.25, ""low"": -1.0, ""mae"": null}, {""bias"": null, ""count"": 0, ""high"": 0.25, ""low"": -0.25, ""mae"": null}, {""bias"": null, ""count"": 0, ""high"": 1.0, ""low"": 0.25, ""mae"": null}, {""bias"": null, ""count"": 0, ""high"": 2.0, ""low"": 1.0, ""mae"": null}, {""bias"": null, ""count"": 0, ""high"": ""Infinity"", ""low"": 2.0, ""mae"": null}]",1.4397027302921992,1.435246020731014,1.4098435941104535,0.29187811403084457
raw/e5/N4/d100/n4_M6/box/rep08.npz,e5,,N4,N4_published_vb,published_vb,100,4,6,box,box,1.0,8,4,float64,1.4266441120189588,0.5079747479212955,-0.36086201153613967,0.3921515391411993,0.7983929945159777,3.3855008531220996,1.372544756301426,0.49864822156490873,1267200,1268400,14652000,1465200000,0,51.77828179998323,1.0,0.19012468434343435,1.0,13.921708341538364,13.921708341538364,,,,0,0,0,-2.602197298518568,3.1142330967850014,57.94172206817197,0.43424662558308935,1267200,"[{""bias"": null, ""count"": 0, ""high"": -2.0, ""low"": ""-Infinity"", ""mae"": null}, {""bias"": null, ""count"": 0, ""high"": -1.0, ""low"": -2.0, ""mae"": null}, {""bias"": null, ""count"": 0, ""high"": -0.25, ""low"": -1.0, ""mae"": null}, {""bias"": null, ""count"": 0, ""high"": 0.25, ""low"": -0.25, ""mae"": null}, {""bias"": null, ""count"": 0, ""high"": 1.0, ""low"": 0.25, ""mae"": null}, {""bias"": null, ""count"": 0, ""high"": 2.0, ""low"": 1.0, ""mae"": null}, {""bias"": null, ""count"": 0, ""high"": ""Infinity"", ""low"": 2.0, ""mae"": null}]",1.4397027302921992,1.435246020731014,1.4098435941104535,0.29187811403084457
raw/e5/N4/d100/n4_M6/box/rep09.npz,e5,,N4,N4_published_vb,published_vb,100,4,6,box,box,1.0,9,4,float64,1.4311857372128987,0.5095918512294076,-0.35798004446092957,0.3913194087017594,0.8009346247011171,3.8107673706805234,1.4191117931655388,0.515566118055519,1267200,1268400,14652000,1465200000,0,52.52829549997114,1.0,0.18847616792929292,1.0,13.707924018761435,13.707924018761435,,,,0,0,0,-2.5537703078067193,3.065737804026346,56.91062741018018,0.4336888501082232,1267200,"[{""bias"": null, ""count"": 0, ""high"": -2.0, ""low"": ""-Infinity"", ""mae"": null}, {""bias"": null, ""count"": 0, ""high"": -1.0, ""low"": -2.0, ""mae"": null}, {""bias"": null, ""count"": 0, ""high"": -0.25, ""low"": -1.0, ""mae"": null}, {""bias"": null, ""count"": 0, ""high"": 0.25, ""low"": -0.25, ""mae"": null}, {""bias"": null, ""count"": 0, ""high"": 1.0, ""low"": 0.25, ""mae"": null}, {""bias"": null, ""count"": 0, ""high"": 2.0, ""low"": 1.0, ""mae"": null}, {""bias"": null, ""count"": 0, ""high"": ""Infinity"", ""low"": 2.0, ""mae"": null}]",1.4397027302921992,1.435246020731014,1.4098435941104535,0.29187811403084457
raw/e5/N4/d100/n4_M6/centre/rep00.npz,e5,e0,N4,N4_published_vb,published_vb,100,4,6,centre,centre,0.0,0,4,float64,1.4029603643776973,0.49954184889865444,-0.3483533923879943,0.3820342129806836,0.7851388563315723,3.409295682007874,1.3596513537921526,0.49396402296107267,1267200,1268400,14652000,1465200000,0,34.56719390000217,1.0,0.19063210227272728,1.0,14.126660734392361,21.092534157527705,,,,0,0,0,-2.3861624789269515,3.2667625086800745,61.68000968562662,0.4369745455606778,1267200,"[{""bias"": null, ""count"": 0, ""high"": -2.0, ""low"": ""-Infinity"", ""mae"": null}, {""bias"": null, ""count"": 0, ""high"": -1.0, ""low"": -2.0, ""mae"": null}, {""bias"": null, ""count"": 0, ""high"": -0.25, ""low"": -1.0, ""mae"": null}, {""bias"": null, ""count"": 0, ""high"": 0.25, ""low"": -0.25, ""mae"": null}, {""bias"": null, ""count"": 0, ""high"": 1.0, ""low"": 0.25, ""mae"": null}, {""bias"": null, ""count"": 0, ""high"": 2.0, ""low"": 1.0, ""mae"": null}, {""bias"": null, ""count"": 0, ""high"": ""Infinity"", ""low"": 2.0, ""mae"": null}]",1.401254692001347,1.4011919376112856,1.3783273409939811,0.2526038314289267
raw/e5/N4/d100/n4_M6/centre/rep01.npz,e5,e0,N4,N4_published_vb,published_vb,100,4,6,centre,centre,0.0,1,4,float64,1.3931895138139303,0.4960628135104368,-0.3428306318684641,0.37791968687173,0.7796707942025145,3.50740469256679,1.3598872308214691,0.4940497175518222,1267200,1268400,14652000,1465200000,0,34.526842599967495,1.0,0.1911205808080808,1.0,14.338649465671509,21.34007539913788,,,,0,0,0,-2.391916402512634,3.2720669666648887,61.71093382151326,0.4309722057693099,1267200,"[{""bias"": null, ""count"": 0, ""high"": -2.0, ""low"": ""-Infinity"", ""mae"": null}, {""bias"": null, ""count"": 0, ""high"": -1.0, ""low"": -2.0, ""mae"": null}, {""bias"": null, ""count"": 0, ""high"": -0.25, ""low"": -1.0, ""mae"": null}, {""bias"": null, ""count"": 0, ""high"": 0.25, ""low"": -0.25, ""mae"": null}, {""bias"": null, ""count"": 0, ""high"": 1.0, ""low"": 0.25, ""mae"": null}, {""bias"": null, ""count"": 0, ""high"": 2.0, ""low"": 1.0, ""mae"": null}, {""bias"": null, ""count"": 0, ""high"": ""Infinity"", ""low"": 2.0, ""mae"": null}]",1.401254692001347,1.4011919376112856,1.3783273409939811,0.2526038314289267
raw/e5/N4/d100/n4_M6/centre/rep02.npz,e5,e0,N4,N4_published_vb,published_vb,100,4,6,centre,centre,0.0,2,4,float64,1.398511007107285,0.4979575987560937,-0.3514671748457907,0.3807781766855376,0.7826488620541848,3.449150711692628,1.366125620285825,0.4963161367687903,1267200,1268400,14652000,1465200000,0,32.23178050015122,1.0,0.18934501262626263,1.0,14.071911201447438,21.020001706331104,,,,0,0,0,-2.3886392379872494,3.2667093466444315,61.96045792843866,0.43634424779527076,1267200,"[{""bias"": null, ""count"": 0, ""high"": -2.0, ""low"": ""-Infinity"", ""mae"": null}, {""bias"": null, ""count"": 0, ""high"": -1.0, ""low"": -2.0, ""mae"": null}, {""bias"": null, ""count"": 0, ""high"": -0.25, ""low"": -1.0, ""mae"": null}, {""bias"": null, ""count"": 0, ""high"": 0.25, ""low"": -0.25, ""mae"": null}, {""bias"": null, ""count"": 0, ""high"": 1.0, ""low"": 0.25, ""mae"": null}, {""bias"": null, ""count"": 0, ""high"": 2.0, ""low"": 1.0, ""mae"": null}, {""bias"": null, ""count"": 0, ""high"": ""Infinity"", ""low"": 2.0, ""mae"": null}]",1.401254692001347,1.4011919376112856,1.3783273409939811,0.2526038314289267
raw/e5/N4/d100/n4_M6/centre/rep03.npz,e5,,N4,N4_published_vb,published_vb,100,4,6,centre,centre,0.0,3,4,float64,1.411358308683803,0.502532043584219,-0.3496284868053489,0.3841152313032372,0.7898385987872022,3.6183928519156052,1.3499525224361275,0.4904404183684092,1267200,1268400,14652000,1465200000,0,51.14087389991619,1.0,0.19155618686868686,1.0,14.19199041826365,21.17740405877887,,,,0,0,0,-2.38980646361162,3.294814830581941,62.34444817586701,0.4331759583401104,1267200,"[{""bias"": null, ""count"": 0, ""high"": -2.0, ""low"": ""-Infinity"", ""mae"": null}, {""bias"": null, ""count"": 0, ""high"": -1.0, ""low"": -2.0, ""mae"": null}, {""bias"": null, ""count"": 0, ""high"": -0.25, ""low"": -1.0, ""mae"": null}, {""bias"": null, ""count"": 0, ""high"": 0.25, ""low"": -0.25, ""mae"": null}, {""bias"": null, ""count"": 0, ""high"": 1.0, ""low"": 0.25, ""mae"": null}, {""bias"": null, ""count"": 0, ""high"": 2.0, ""low"": 1.0, ""mae"": null}, {""bias"": null, ""count"": 0, ""high"": ""Infinity"", ""low"": 2.0, ""mae"": null}]",1.401254692001347,1.4011919376112856,1.3783273409939811,0.2526038314289267
raw/e5/N4/d100/n4_M6/centre/rep04.npz,e5,,N4,N4_published_vb,published_vb,100,4,6,centre,centre,0.0,4,4,float64,1.403543088798163,0.4997493353264887,-0.3503181443072227,0.38308376009124945,0.7854649664603098,3.470823799010914,1.380418784058615,0.5015088714050315,1267200,1268400,14652000,1465200000,0,51.55937449983321,1.0,0.18725694444444443,1.0,13.803652557659847,20.691807205126555,,,,0,0,0,-2.3460909670201704,3.212680248619263,60.61244340981452,0.4392946904818342,1267200,"[{""bias"": null, ""count"": 0, ""high"": -2.0, ""low"": ""-Infinity"", ""mae"": null}, {""bias"": null, ""count"": 0, ""high"": -1.0, ""low"": -2.0, ""mae"": null}, {""bias"": null, ""count"": 0, ""high"": -0.25, ""low"": -1.0, ""mae"": null}, {""bias"": null, ""count"": 0, ""high"": 0.25, ""low"": -0.25, ""mae"": null}, {""bias"": null, ""count"": 0, ""high"": 1.0, ""low"": 0.25, ""mae"": null}, {""bias"": null, ""count"": 0, ""high"": 2.0, ""low"": 1.0, ""mae"": null}, {""bias"": null, ""count"": 0, ""high"": ""Infinity"", ""low"": 2.0, ""mae"": null}]",1.401254692001347,1.4011919376112856,1.3783273409939811,0.2526038314289267
raw/e5/N4/d100/n4_M6/centre/rep05.npz,e5,,N4,N4_published_vb,published_vb,100,4,6,centre,centre,0.0,5,4,float64,1.4138345836479498,0.5034137527225381,-0.34623522140383944,0.38311032269515466,0.7912243968059333,3.410449478049587,1.3634539171937763,0.4953455017572301,1267200,1268400,14652000,1465200000,0,52.30316020012833,1.0,0.18944444444444444,1.0,14.136632501526297,21.091750338053057,,,,0,0,0,-2.3656207999283123,3.2436146299491977,61.154174093603814,0.4328103388579729,1267200,"[{""bias"": null, ""count"": 0, ""high"": -2.0, ""low"": ""-Infinity"", ""mae"": null}, {""bias"": null, ""count"": 0, ""high"": -1.0, ""low"": -2.0, ""mae"": null}, {""bias"": null, ""count"": 0, ""high"": -0.25, ""low"": -1.0, ""mae"": null}, {""bias"": null, ""count"": 0, ""high"": 0.25, ""low"": -0.25, ""mae"": null}, {""bias"": null, ""count"": 0, ""high"": 1.0, ""low"": 0.25, ""mae"": null}, {""bias"": null, ""count"": 0, ""high"": 2.0, ""low"": 1.0, ""mae"": null}, {""bias"": null, ""count"": 0, ""high"": ""Infinity"", ""low"": 2.0, ""mae"": null}]",1.401254692001347,1.4011919376112856,1.3783273409939811,0.2526038314289267
raw/e5/N4/d100/n4_M6/centre/rep06.npz,e5,,N4,N4_published_vb,published_vb,100,4,6,centre,centre,0.0,6,4,float64,1.4127147510714468,0.5030150221169366,-0.347860201546229,0.38463206490871304,0.7905977047833199,3.3202570621306435,1.3467373592913832,0.48927234324604446,1267200,1268400,14652000,1465200000,0,49.773758800001815,1.0,0.19064078282828284,1.0,14.327511591354577,21.320232740540277,,,,0,0,0,-2.3711219044942418,3.257647349324837,61.35816699097554,0.42854376973427316,1267200,"[{""bias"": null, ""count"": 0, ""high"": -2.0, ""low"": ""-Infinity"", ""mae"": null}, {""bias"": null, ""count"": 0, ""high"": -1.0, ""low"": -2.0, ""mae"": null}, {""bias"": null, ""count"": 0, ""high"": -0.25, ""low"": -1.0, ""mae"": null}, {""bias"": null, ""count"": 0, ""high"": 0.25, ""low"": -0.25, ""mae"": null}, {""bias"": null, ""count"": 0, ""high"": 1.0, ""low"": 0.25, ""mae"": null}, {""bias"": null, ""count"": 0, ""high"": 2.0, ""low"": 1.0, ""mae"": null}, {""bias"": null, ""count"": 0, ""high"": ""Infinity"", ""low"": 2.0, ""mae"": null}]",1.401254692001347,1.4011919376112856,1.3783273409939811,0.2526038314289267
raw/e5/N4/d100/n4_M6/centre/rep07.npz,e5,,N4,N4_published_vb,published_vb,100,4,6,centre,centre,0.0,7,4,float64,1.3894058317862668,0.4947155854890793,-0.3503686174806218,0.3812154803357007,0.7775533318312666,3.3358780830970267,1.3862774883341347,0.503637350242789,1267200,1268400,14652000,1465200000,0,49.19639730011113,1.0,0.18887231691919193,1.0,14.039631894840658,20.97372574084724,,,,0,0,0,-2.338003143696386,3.205058867913962,60.34979174492089,0.431721718055999,1267200,"[{""bias"": null, ""count"": 0, ""high"": -2.0, ""low"": ""-Infinity"", ""mae"": null}, {""bias"": null, ""count"": 0, ""high"": -1.0, ""low"": -2.0, ""mae"": null}, {""bias"": null, ""count"": 0, ""high"": -0.25, ""low"": -1.0, ""mae"": null}, {""bias"": null, ""count"": 0, ""high"": 0.25, ""low"": -0.25, ""mae"": null}, {""bias"": null, ""count"": 0, ""high"": 1.0, ""low"": 0.25, ""mae"": null}, {""bias"": null, ""count"": 0, ""high"": 2.0, ""low"": 1.0, ""mae"": null}, {""bias"": null, ""count"": 0, ""high"": ""Infinity"", ""low"": 2.0, ""mae"": null}]",1.401254692001347,1.4011919376112856,1.3783273409939811,0.2526038314289267
raw/e5/N4/d100/n4_M6/centre/rep08.npz,e5,,N4,N4_published_vb,published_vb,100,4,6,centre,centre,0.0,8,4,float64,1.387605959882051,0.49407471824746513,-0.351334850312192,0.3789159449172675,0.7765460693281337,3.0814960200604427,1.343401286681362,0.48806034147607585,1267200,1268400,14652000,1465200000,0,35.76550219999626,1.0,0.1906628787878788,1.0,14.256831371467214,21.244181902070483,,,,0,0,0,-2.4124404021485244,3.2726388913996733,61.8298259386238,0.4348028398535911,1267200,"[{""bias"": null, ""count"": 0, ""high"": -2.0, ""low"": ""-Infinity"", ""mae"": null}, {""bias"": null, ""count"": 0, ""high"": -1.0, ""low"": -2.0, ""mae"": null}, {""bias"": null, ""count"": 0, ""high"": -0.25, ""low"": -1.0, ""mae"": null}, {""bias"": null, ""count"": 0, ""high"": 0.25, ""low"": -0.25, ""mae"": null}, {""bias"": null, ""count"": 0, ""high"": 1.0, ""low"": 0.25, ""mae"": null}, {""bias"": null, ""count"": 0, ""high"": 2.0, ""low"": 1.0, ""mae"": null}, {""bias"": null, ""count"": 0, ""high"": ""Infinity"", ""low"": 2.0, ""mae"": null}]",1.401254692001347,1.4011919376112856,1.3783273409939811,0.2526038314289267
raw/e5/N4/d100/n4_M6/centre/rep09.npz,e5,,N4,N4_published_vb,published_vb,100,4,6,centre,centre,0.0,9,4,float64,1.3994235108448738,0.49828250729647444,-0.3509964722815173,0.38146336250926904,0.7831595266168622,3.379901434410738,1.3728484587446625,0.4987585572625314,1267200,1268400,14652000,1465200000,0,33.72978779999539,1.0,0.18907275883838384,1.0,14.02407190373616,20.96229848179527,,,,0,0,0,-2.360145998017148,3.2270328614110033,60.834937143036576,0.43437330497792387,1267200,"[{""bias"": null, ""count"": 0, ""high"": -2.0, ""low"": ""-Infinity"", ""mae"": null}, {""bias"": null, ""count"": 0, ""high"": -1.0, ""low"": -2.0, ""mae"": null}, {""bias"": null, ""count"": 0, ""high"": -0.25, ""low"": -1.0, ""mae"": null}, {""bias"": null, ""count"": 0, ""high"": 0.25, ""low"": -0.25, ""mae"": null}, {""bias"": null, ""count"": 0, ""high"": 1.0, ""low"": 0.25, ""mae"": null}, {""bias"": null, ""count"": 0, ""high"": 2.0, ""low"": 1.0, ""mae"": null}, {""bias"": null, ""count"": 0, ""high"": ""Infinity"", ""low"": 2.0, ""mae"": null}]",1.401254692001347,1.4011919376112856,1.3783273409939811,0.2526038314289267
raw/e5/N4/d100/n4_M6/oracle_state/rep00.npz,e5,e0,N4,N4_published_vb,published_vb,100,4,6,oracle_state,oracle_state,1.0,0,4,float64,0.21207567172789832,0.07551223530706791,-0.00030934108073973844,0.051186101130882865,0.11868393048298936,2.96180480920182,0.19002472848163754,0.06903635927039589,1267200,1268400,14652000,1465200000,0,45.65609130007215,0.0,0.0,0.0,0.0,0.0,,,,0,0,0,0.0,0.0,0.0,0.44064038394705113,1267200,"[{""bias"": null, ""count"": 0, ""high"": -2.0, ""low"": ""-Infinity"", ""mae"": null}, {""bias"": null, ""count"": 0, ""high"": -1.0, ""low"": -2.0, ""mae"": null}, {""bias"": null, ""count"": 0, ""high"": -0.25, ""low"": -1.0, ""mae"": null}, {""bias"": null, ""count"": 0, ""high"": 0.25, ""low"": -0.25, ""mae"": null}, {""bias"": null, ""count"": 0, ""high"": 1.0, ""low"": 0.25, ""mae"": null}, {""bias"": null, ""count"": 0, ""high"": 2.0, ""low"": 1.0, ""mae"": null}, {""bias"": null, ""count"": 0, ""high"": ""Infinity"", ""low"": 2.0, ""mae"": null}]",0.21674135804443942,0.21596168362630747,0.06671675618897191,0.20633247424378845
raw/e5/N4/d100/n4_M6/oracle_state/rep01.npz,e5,e0,N4,N4_published_vb,published_vb,100,4,6,oracle_state,oracle_state,1.0,1,4,float64,0.21187222644274015,0.07543979603046531,0.002766452261253704,0.05201624347325472,0.11857007637665044,2.9671048214321627,0.21413962555597862,0.0777973490189154,1267200,1268400,14652000,1465200000,0,45.99579870002344,0.0,0.0,0.0,0.0,0.0,,,,0,0,0,0.0,0.0,0.0,0.4356576258109341,1267200,"[{""bias"": null, ""count"": 0, ""high"": -2.0, ""low"": ""-Infinity"", ""mae"": null}, {""bias"": null, ""count"": 0, ""high"": -1.0, ""low"": -2.0, ""mae"": null}, {""bias"": null, ""count"": 0, ""high"": -0.25, ""low"": -1.0, ""mae"": null}, {""bias"": null, ""count"": 0, ""high"": 0.25, ""low"": -0.25, ""mae"": null}, {""bias"": null, ""count"": 0, ""high"": 1.0, ""low"": 0.25, ""mae"": null}, {""bias"": null, ""count"": 0, ""high"": 2.0, ""low"": 1.0, ""mae"": null}, {""bias"": null, ""count"": 0, ""high"": ""Infinity"", ""low"": 2.0, ""mae"": null}]",0.21674135804443942,0.21596168362630747,0.06671675618897191,0.20633247424378845
raw/e5/N4/d100/n4_M6/oracle_state/rep02.npz,e5,e0,N4,N4_published_vb,published_vb,100,4,6,oracle_state,oracle_state,1.0,2,4,float64,0.2180676822332788,0.0776457667185598,0.0031988859856100366,0.051959680277374624,0.12203723995257511,2.9762129868018836,0.1900547777500239,0.06904727622896602,1267200,1268400,14652000,1465200000,0,34.448381499852985,0.0,0.0,0.0,0.0,0.0,,,,0,0,0,0.0,0.0,0.0,0.43687462400968274,1267200,"[{""bias"": null, ""count"": 0, ""high"": -2.0, ""low"": ""-Infinity"", ""mae"": null}, {""bias"": null, ""count"": 0, ""high"": -1.0, ""low"": -2.0, ""mae"": null}, {""bias"": null, ""count"": 0, ""high"": -0.25, ""low"": -1.0, ""mae"": null}, {""bias"": null, ""count"": 0, ""high"": 0.25, ""low"": -0.25, ""mae"": null}, {""bias"": null, ""count"": 0, ""high"": 1.0, ""low"": 0.25, ""mae"": null}, {""bias"": null, ""count"": 0, ""high"": 2.0, ""low"": 1.0, ""mae"": null}, {""bias"": null, ""count"": 0, ""high"": ""Infinity"", ""low"": 2.0, ""mae"": null}]",0.21674135804443942,0.21596168362630747,0.06671675618897191,0.20633247424378845
raw/e5/N4/d100/n4_M6/oracle_state/rep03.npz,e5,,N4,N4_published_vb,published_vb,100,4,6,oracle_state,oracle_state,1.0,3,4,float64,0.20651843367028072,0.073533510145218,0.0025831400500690117,0.04996829438116964,0.1155739327640905,2.9815897317722793,0.221482098098069,0.0804648837992519,1267200,1268400,14652000,1465200000,0,49.57408199994825,0.0,0.0,0.0,0.0,0.0,,,,0,0,0,0.0,0.0,0.0,0.4360976634254565,1267200,"[{""bias"": null, ""count"": 0, ""high"": -2.0, ""low"": ""-Infinity"", ""mae"": null}, {""bias"": null, ""count"": 0, ""high"": -1.0, ""low"": -2.0, ""mae"": null}, {""bias"": null, ""count"": 0, ""high"": -0.25, ""low"": -1.0, ""mae"": null}, {""bias"": null, ""count"": 0, ""high"": 0.25, ""low"": -0.25, ""mae"": null}, {""bias"": null, ""count"": 0, ""high"": 1.0, ""low"": 0.25, ""mae"": null}, {""bias"": null, ""count"": 0, ""high"": 2.0, ""low"": 1.0, ""mae"": null}, {""bias"": null, ""count"": 0, ""high"": ""Infinity"", ""low"": 2.0, ""mae"": null}]",0.21674135804443942,0.21596168362630747,0.06671675618897191,0.20633247424378845
raw/e5/N4/d100/n4_M6/oracle_state/rep04.npz,e5,,N4,N4_published_vb,published_vb,100,4,6,oracle_state,oracle_state,1.0,4,4,float64,0.2112220220464867,0.0752082825005656,-0.0011057710051664792,0.05206208498402307,0.11820620242196278,2.9712201904542317,0.21626107308514347,0.07856807509739455,1267200,1268400,14652000,1465200000,0,49.5058970998507,0.0,0.0,0.0,0.0,0.0,,,,0,0,0,0.0,0.0,0.0,0.443143600087726,1267200,"[{""bias"": null, ""count"": 0, ""high"": -2.0, ""low"": ""-Infinity"", ""mae"": null}, {""bias"": null, ""count"": 0, ""high"": -1.0, ""low"": -2.0, ""mae"": null}, {""bias"": null, ""count"": 0, ""high"": -0.25, ""low"": -1.0, ""mae"": null}, {""bias"": null, ""count"": 0, ""high"": 0.25, ""low"": -0.25, ""mae"": null}, {""bias"": null, ""count"": 0, ""high"": 1.0, ""low"": 0.25, ""mae"": null}, {""bias"": null, ""count"": 0, ""high"": 2.0, ""low"": 1.0, ""mae"": null}, {""bias"": null, ""count"": 0, ""high"": ""Infinity"", ""low"": 2.0, ""mae"": null}]",0.21674135804443942,0.21596168362630747,0.06671675618897191,0.20633247424378845
raw/e5/N4/d100/n4_M6/oracle_state/rep05.npz,e5,,N4,N4_published_vb,published_vb,100,4,6,oracle_state,oracle_state,1.0,5,4,float64,0.23173991406001843,0.0825139384351072,-0.0014946490280849931,0.05516263739696363,0.12968863248832074,2.9594668846332266,0.19698113346371016,0.07156363494346253,1267200,1268400,14652000,1465200000,0,51.8259195999708,0.0,0.0,0.0,0.0,0.0,,,,0,0,0,0.0,0.0,0.0,0.4369124145784309,1267200,"[{""bias"": null, ""count"": 0, ""high"": -2.0, ""low"": ""-Infinity"", ""mae"": null}, {""bias"": null, ""count"": 0, ""high"": -1.0, ""low"": -2.0, ""mae"": null}, {""bias"": null, ""count"": 0, ""high"": -0.25, ""low"": -1.0, ""mae"": null}, {""bias"": null, ""count"": 0, ""high"": 0.25, ""low"": -0.25, ""mae"": null}, {""bias"": null, ""count"": 0, ""high"": 1.0, ""low"": 0.25, ""mae"": null}, {""bias"": null, ""count"": 0, ""high"": 2.0, ""low"": 1.0, ""mae"": null}, {""bias"": null, ""count"": 0, ""high"": ""Infinity"", ""low"": 2.0, ""mae"": null}]",0.21674135804443942,0.21596168362630747,0.06671675618897191,0.20633247424378845
raw/e5/N4/d100/n4_M6/oracle_state/rep06.npz,e5,,N4,N4_published_vb,published_vb,100,4,6,oracle_state,oracle_state,1.0,6,4,float64,0.217239390979007,0.07735084310197633,-0.0007574838200277,0.0515990513329494,0.12157370323079689,2.971681975044091,0.1786153567716106,0.06489131198777855,1267200,1268400,14652000,1465200000,0,51.86121900007129,0.0,0.0,0.0,0.0,0.0,,,,0,0,0,0.0,0.0,0.0,0.4326145991199279,1267200,"[{""bias"": null, ""count"": 0, ""high"": -2.0, ""low"": ""-Infinity"", ""mae"": null}, {""bias"": null, ""count"": 0, ""high"": -1.0, ""low"": -2.0, ""mae"": null}, {""bias"": null, ""count"": 0, ""high"": -0.25, ""low"": -1.0, ""mae"": null}, {""bias"": null, ""count"": 0, ""high"": 0.25, ""low"": -0.25, ""mae"": null}, {""bias"": null, ""count"": 0, ""high"": 1.0, ""low"": 0.25, ""mae"": null}, {""bias"": null, ""count"": 0, ""high"": 2.0, ""low"": 1.0, ""mae"": null}, {""bias"": null, ""count"": 0, ""high"": ""Infinity"", ""low"": 2.0, ""mae"": null}]",0.21674135804443942,0.21596168362630747,0.06671675618897191,0.20633247424378845
raw/e5/N4/d100/n4_M6/oracle_state/rep07.npz,e5,,N4,N4_published_vb,published_vb,100,4,6,oracle_state,oracle_state,1.0,7,4,float64,0.2146839762736079,0.0764409552540726,0.001311520374199353,0.05200819005486402,0.12014361623034207,2.971276971093309,0.17432342666116418,0.06333204529951254,1267200,1268400,14652000,1465200000,0,49.53213909990154,0.0,0.0,0.0,0.0,0.0,,,,0,0,0,0.0,0.0,0.0,0.4360776284023168,1267200,"[{""bias"": null, ""count"": 0, ""high"": -2.0, ""low"": ""-Infinity"", ""mae"": null}, {""bias"": null, ""count"": 0, ""high"": -1.0, ""low"": -2.0, ""mae"": null}, {""bias"": null, ""count"": 0, ""high"": -0.25, ""low"": -1.0, ""mae"": null}, {""bias"": null, ""count"": 0, ""high"": 0.25, ""low"": -0.25, ""mae"": null}, {""bias"": null, ""count"": 0, ""high"": 1.0, ""low"": 0.25, ""mae"": null}, {""bias"": null, ""count"": 0, ""high"": 2.0, ""low"": 1.0, ""mae"": null}, {""bias"": null, ""count"": 0, ""high"": ""Infinity"", ""low"": 2.0, ""mae"": null}]",0.21674135804443942,0.21596168362630747,0.06671675618897191,0.20633247424378845
raw/e5/N4/d100/n4_M6/oracle_state/rep08.npz,e5,,N4,N4_published_vb,published_vb,100,4,6,oracle_state,oracle_state,1.0,8,4,float64,0.22388136366449662,0.07971580179923474,-0.0031387094293470865,0.05491010964465395,0.125290751103624,2.9541357029983475,0.18850037411926096,0.06848255831902869,1267200,1268400,14652000,1465200000,0,49.63438499998301,0.0,0.0,0.0,0.0,0.0,,,,0,0,0,0.0,0.0,0.0,0.4391870840301968,1267200,"[{""bias"": null, ""count"": 0, ""high"": -2.0, ""low"": ""-Infinity"", ""mae"": null}, {""bias"": null, ""count"": 0, ""high"": -1.0, ""low"": -2.0, ""mae"": null}, {""bias"": null, ""count"": 0, ""high"": -0.25, ""low"": -1.0, ""mae"": null}, {""bias"": null, ""count"": 0, ""high"": 0.25, ""low"": -0.25, ""mae"": null}, {""bias"": null, ""count"": 0, ""high"": 1.0, ""low"": 0.25, ""mae"": null}, {""bias"": null, ""count"": 0, ""high"": 2.0, ""low"": 1.0, ""mae"": null}, {""bias"": null, ""count"": 0, ""high"": ""Infinity"", ""low"": 2.0, ""mae"": null}]",0.21674135804443942,0.21596168362630747,0.06671675618897191,0.20633247424378845
raw/e5/N4/d100/n4_M6/oracle_state/rep09.npz,e5,,N4,N4_published_vb,published_vb,100,4,6,oracle_state,oracle_state,1.0,9,4,float64,0.2201128993465791,0.07837399223662736,-0.00181135218592553,0.05230925061730164,0.12318180502088238,2.950575051210466,0.19063439086011744,0.06925785081694716,1267200,1268400,14652000,1465200000,0,50.166506700217724,0.0,0.0,0.0,0.0,0.0,,,,0,0,0,0.0,0.0,0.0,0.436381658709213,1267200,"[{""bias"": null, ""count"": 0, ""high"": -2.0, ""low"": ""-Infinity"", ""mae"": null}, {""bias"": null, ""count"": 0, ""high"": -1.0, ""low"": -2.0, ""mae"": null}, {""bias"": null, ""count"": 0, ""high"": -0.25, ""low"": -1.0, ""mae"": null}, {""bias"": null, ""count"": 0, ""high"": 0.25, ""low"": -0.25, ""mae"": null}, {""bias"": null, ""count"": 0, ""high"": 1.0, ""low"": 0.25, ""mae"": null}, {""bias"": null, ""count"": 0, ""high"": 2.0, ""low"": 1.0, ""mae"": null}, {""bias"": null, ""count"": 0, ""high"": ""Infinity"", ""low"": 2.0, ""mae"": null}]",0.21674135804443942,0.21596168362630747,0.06671675618897191,0.20633247424378845
raw/e5/N4/d100/n4_M6/raw/rep00.npz,e5,e0,N4,N4_published_vb,published_vb,100,4,6,raw,raw,1.0,0,4,float64,5.059165721219419,1.8013801832410619,-0.11892254487039942,0.6825719344435071,2.831261444874825,72.2324937920947,1.9448558306404595,0.7065699655305302,1267200,1268400,14652000,1465200000,0,46.79161510011181,1.0,0.1920975378787879,0.0,15.166859290306368,0.0,,,,0,0,0,-2.5580083738589816,3.236118986768584,82.0344498139916,0.4385961565616799,1267200,"[{""bias"": null, ""count"": 0, ""high"": -2.0, ""low"": ""-Infinity"", ""mae"": null}, {""bias"": null, ""count"": 0, ""high"": -1.0, ""low"": -2.0, ""mae"": null}, {""bias"": null, ""count"": 0, ""high"": -0.25, ""low"": -1.0, ""mae"": null}, {""bias"": null, ""count"": 0, ""high"": 0.25, ""low"": -0.25, ""mae"": null}, {""bias"": null, ""count"": 0, ""high"": 1.0, ""low"": 0.25, ""mae"": null}, {""bias"": null, ""count"": 0, ""high"": 2.0, ""low"": 1.0, ""mae"": null}, {""bias"": null, ""count"": 0, ""high"": ""Infinity"", ""low"": 2.0, ""mae"": null}]",8.600672054242738,8.439438625775601,4.285730472256841,7.965876414578534
raw/e5/N4/d100/n4_M6/raw/rep01.npz,e5,e0,N4,N4_published_vb,published_vb,100,4,6,raw,raw,1.0,1,4,float64,13.349721605134064,4.753337857744112,0.12801092494391747,0.9209926480762085,7.470906106495037,147.83152897704653,2.8941241967645546,1.0514410383188142,1267200,1268400,14652000,1465200000,0,45.631589199882,1.0,0.19258522727272728,0.0,15.375470285467886,0.0,,,,0,0,0,-2.5462033691636314,3.2382480811795986,103.27391552365465,0.433386957380963,1267200,"[{""bias"": null, ""count"": 0, ""high"": -2.0, ""low"": ""-Infinity"", ""mae"": null}, {""bias"": null, ""count"": 0, ""high"": -1.0, ""low"": -2.0, ""mae"": null}, {""bias"": null, ""count"": 0, ""high"": -0.25, ""low"": -1.0, ""mae"": null}, {""bias"": null, ""count"": 0, ""high"": 0.25, ""low"": -0.25, ""mae"": null}, {""bias"": null, ""count"": 0, ""high"": 1.0, ""low"": 0.25, ""mae"": null}, {""bias"": null, ""count"": 0, ""high"": 2.0, ""low"": 1.0, ""mae"": null}, {""bias"": null, ""count"": 0, ""high"": ""Infinity"", ""low"": 2.0, ""mae"": null}]",8.600672054242738,8.439438625775601,4.285730472256841,7.965876414578534
raw/e5/N4/d100/n4_M6/raw/rep02.npz,e5,e0,N4,N4_published_vb,published_vb,100,4,6,raw,raw,1.0,2,4,float64,7.6507875364607845,2.7241600322683768,-0.03493072531129641,0.7601098225779276,4.281611034020285,92.3850614779015,2.096477332060355,0.7616543565399467,1267200,1268400,14652000,1465200000,0,47.021954299882054,1.0,0.19069049873737373,0.0,15.239785059805937,0.0,,,,0,0,0,-2.5553754235729023,3.222347628369428,87.96772443207004,0.4380512765042256,1267200,"[{""bias"": null, ""count"": 0, ""high"": -2.0, ""low"": ""-Infinity"", ""mae"": null}, {""bias"": null, ""count"": 0, ""high"": -1.0, ""low"": -2.0, ""mae"": null}, {""bias"": null, ""count"": 0, ""high"": -0.25, ""low"": -1.0, ""mae"": null}, {""bias"": null, ""count"": 0, ""high"": 0.25, ""low"": -0.25, ""mae"": null}, {""bias"": null, ""count"": 0, ""high"": 1.0, ""low"": 0.25, ""mae"": null}, {""bias"": null, ""count"": 0, ""high"": 2.0, ""low"": 1.0, ""mae"": null}, {""bias"": null, ""count"": 0, ""high"": ""Infinity"", ""low"": 2.0, ""mae"": null}]",8.600672054242738,8.439438625775601,4.285730472256841,7.965876414578534
raw/e5/N4/d100/n4_M6/raw/rep03.npz,e5,,N4,N4_published_vb,published_vb,100,4,6,raw,raw,1.0,3,4,float64,9.51466158054457,3.3878160483161435,0.004571890795382664,0.7903472132580959,5.324691061421599,72.96173813859038,2.0447716714437263,0.7428695878881779,1267200,1268400,14652000,1465200000,0,46.99175349995494,1.0,0.19288352272727272,0.0,15.24384057219797,0.0,,,,0,0,0,-2.5639400019776013,3.244234115078359,78.76272440608157,0.4347751379031885,1267200,"[{""bias"": null, ""count"": 0, ""high"": -2.0, ""low"": ""-Infinity"", ""mae"": null}, {""bias"": null, ""count"": 0, ""high"": -1.0, ""low"": -2.0, ""mae"": null}, {""bias"": null, ""count"": 0, ""high"": -0.25, ""low"": -1.0, ""mae"": null}, {""bias"": null, ""count"": 0, ""high"": 0.25, ""low"": -0.25, ""mae"": null}, {""bias"": null, ""count"": 0, ""high"": 1.0, ""low"": 0.25, ""mae"": null}, {""bias"": null, ""count"": 0, ""high"": 2.0, ""low"": 1.0, ""mae"": null}, {""bias"": null, ""count"": 0, ""high"": ""Infinity"", ""low"": 2.0, ""mae"": null}]",8.600672054242738,8.439438625775601,4.285730472256841,7.965876414578534
raw/e5/N4/d100/n4_M6/raw/rep04.npz,e5,,N4,N4_published_vb,published_vb,100,4,6,raw,raw,1.0,4,4,float64,5.489880928668042,1.954741800960811,-0.11471718047800297,0.66944424814715,3.0723026417377364,175.28355413606093,2.158828051829437,0.7843064962121897,1267200,1268400,14652000,1465200000,0,47.12863580021076,1.0,0.18860006313131314,0.0,14.652247677500695,0.0,,,,0,0,0,-2.520644002174948,3.1656665350847666,121.86436263093162,0.44100816014558103,1267200,"[{""bias"": null, ""count"": 0, ""high"": -2.0, ""low"": ""-Infinity"", ""mae"": null}, {""bias"": null, ""count"": 0, ""high"": -1.0, ""low"": -2.0, ""mae"": null}, {""bias"": null, ""count"": 0, ""high"": -0.25, ""low"": -1.0, ""mae"": null}, {""bias"": null, ""count"": 0, ""high"": 0.25, ""low"": -0.25, ""mae"": null}, {""bias"": null, ""count"": 0, ""high"": 1.0, ""low"": 0.25, ""mae"": null}, {""bias"": null, ""count"": 0, ""high"": 2.0, ""low"": 1.0, ""mae"": null}, {""bias"": null, ""count"": 0, ""high"": ""Infinity"", ""low"": 2.0, ""mae"": null}]",8.600672054242738,8.439438625775601,4.285730472256841,7.965876414578534
raw/e5/N4/d100/n4_M6/raw/rep05.npz,e5,,N4,N4_published_vb,published_vb,100,4,6,raw,raw,1.0,5,4,float64,8.507136732833368,3.029074035343999,-0.018269199508228518,0.7259834271767791,4.760849824888523,86.44818343343206,5.9344645330192085,2.1560026889791124,1267200,1268400,14652000,1465200000,0,49.55984989996068,1.0,0.1908341224747475,0.0,15.075778783442296,0.0,,,,0,0,0,-2.5276058471624174,3.2016236887738185,82.91799489576843,0.4349243085429587,1267200,"[{""bias"": null, ""count"": 0, ""high"": -2.0, ""low"": ""-Infinity"", ""mae"": null}, {""bias"": null, ""count"": 0, ""high"": -1.0, ""low"": -2.0, ""mae"": null}, {""bias"": null, ""count"": 0, ""high"": -0.25, ""low"": -1.0, ""mae"": null}, {""bias"": null, ""count"": 0, ""high"": 0.25, ""low"": -0.25, ""mae"": null}, {""bias"": null, ""count"": 0, ""high"": 1.0, ""low"": 0.25, ""mae"": null}, {""bias"": null, ""count"": 0, ""high"": 2.0, ""low"": 1.0, ""mae"": null}, {""bias"": null, ""count"": 0, ""high"": ""Infinity"", ""low"": 2.0, ""mae"": null}]",8.600672054242738,8.439438625775601,4.285730472256841,7.965876414578534
raw/e5/N4/d100/n4_M6/raw/rep06.npz,e5,,N4,N4_published_vb,published_vb,100,4,6,raw,raw,1.0,6,4,float64,8.371740518717836,2.980864494397237,-0.104195569120707,0.696566957660585,4.685078027337105,68.96636282015388,6.64063143096723,2.412554518107559,1267200,1268400,14652000,1465200000,0,50.12986489990726,1.0,0.19205808080808082,0.0,15.317152114319,0.0,,,,0,0,0,-2.5368045429463444,3.21616614836594,77.58788478564242,0.4288960190376359,1267200,"[{""bias"": null, ""count"": 0, ""high"": -2.0, ""low"": ""-Infinity"", ""mae"": null}, {""bias"": null, ""count"": 0, ""high"": -1.0, ""low"": -2.0, ""mae"": null}, {""bias"": null, ""count"": 0, ""high"": -0.25, ""low"": -1.0, ""mae"": null}, {""bias"": null, ""count"": 0, ""high"": 0.25, ""low"": -0.25, ""mae"": null}, {""bias"": null, ""count"": 0, ""high"": 1.0, ""low"": 0.25, ""mae"": null}, {""bias"": null, ""count"": 0, ""high"": 2.0, ""low"": 1.0, ""mae"": null}, {""bias"": null, ""count"": 0, ""high"": ""Infinity"", ""low"": 2.0, ""mae"": null}]",8.600672054242738,8.439438625775601,4.285730472256841,7.965876414578534
raw/e5/N4/d100/n4_M6/raw/rep07.npz,e5,,N4,N4_published_vb,published_vb,100,4,6,raw,raw,1.0,7,4,float64,5.890146478844238,2.097261431637722,-0.03829626195788434,0.6901845701337924,3.296303293697467,57.85463108555221,1.940030774171663,0.7048170129830307,1267200,1268400,14652000,1465200000,0,50.446888900129125,1.0,0.19025094696969697,0.0,14.891608080125774,0.0,,,,0,0,0,-2.4978640045738856,3.1668924246989443,73.96579999005145,0.4325309552804116,1267200,"[{""bias"": null, ""count"": 0, ""high"": -2.0, ""low"": ""-Infinity"", ""mae"": null}, {""bias"": null, ""count"": 0, ""high"": -1.0, ""low"": -2.0, ""mae"": null}, {""bias"": null, ""count"": 0, ""high"": -0.25, ""low"": -1.0, ""mae"": null}, {""bias"": null, ""count"": 0, ""high"": 0.25, ""low"": -0.25, ""mae"": null}, {""bias"": null, ""count"": 0, ""high"": 1.0, ""low"": 0.25, ""mae"": null}, {""bias"": null, ""count"": 0, ""high"": 2.0, ""low"": 1.0, ""mae"": null}, {""bias"": null, ""count"": 0, ""high"": ""Infinity"", ""low"": 2.0, ""mae"": null}]",8.600672054242738,8.439438625775601,4.285730472256841,7.965876414578534
raw/e5/N4/d100/n4_M6/raw/rep08.npz,e5,,N4,N4_published_vb,published_vb,100,4,6,raw,raw,1.0,8,4,float64,13.559747967741705,4.828120410522086,-0.013980517258837585,0.7821584615879248,7.588443181899437,108.73501657237607,3.261559105365548,1.1849308665182765,1267200,1268400,14652000,1465200000,0,50.614807799924165,1.0,0.19212200126262627,0.0,15.325010066549787,0.0,,,,0,0,0,-2.557778394263714,3.241179333218329,95.93631482225732,0.4362921585151574,1267200,"[{""bias"": null, ""count"": 0, ""high"": -2.0, ""low"": ""-Infinity"", ""mae"": null}, {""bias"": null, ""count"": 0, ""high"": -1.0, ""low"": -2.0, ""mae"": null}, {""bias"": null, ""count"": 0, ""high"": -0.25, ""low"": -1.0, ""mae"": null}, {""bias"": null, ""count"": 0, ""high"": 0.25, ""low"": -0.25, ""mae"": null}, {""bias"": null, ""count"": 0, ""high"": 1.0, ""low"": 0.25, ""mae"": null}, {""bias"": null, ""count"": 0, ""high"": 2.0, ""low"": 1.0, ""mae"": null}, {""bias"": null, ""count"": 0, ""high"": ""Infinity"", ""low"": 2.0, ""mae"": null}]",8.600672054242738,8.439438625775601,4.285730472256841,7.965876414578534
raw/e5/N4/d100/n4_M6/raw/rep09.npz,e5,,N4,N4_published_vb,published_vb,100,4,6,raw,raw,1.0,9,4,float64,8.613731472263355,3.067028445582342,-0.01585500011205549,0.7730626852404766,4.820503450131276,102.12413243638119,2.0303091670943196,0.7376153314859025,1267200,1268400,14652000,1465200000,0,50.019944299943745,1.0,0.19047900883838384,0.0,15.278284116346947,0.0,,,,0,0,0,-2.52210557850152,3.1958679592968275,93.59646324458755,0.433510014916564,1267200,"[{""bias"": null, ""count"": 0, ""high"": -2.0, ""low"": ""-Infinity"", ""mae"": null}, {""bias"": null, ""count"": 0, ""high"": -1.0, ""low"": -2.0, ""mae"": null}, {""bias"": null, ""count"": 0, ""high"": -0.25, ""low"": -1.0, ""mae"": null}, {""bias"": null, ""count"": 0, ""high"": 0.25, ""low"": -0.25, ""mae"": null}, {""bias"": null, ""count"": 0, ""high"": 1.0, ""low"": 0.25, ""mae"": null}, {""bias"": null, ""count"": 0, ""high"": 2.0, ""low"": 1.0, ""mae"": null}, {""bias"": null, ""count"": 0, ""high"": ""Infinity"", ""low"": 2.0, ""mae"": null}]",8.600672054242738,8.439438625775601,4.285730472256841,7.965876414578534
