artifact,stage,reused_from_stage,pde,equation_name,family,d,n,M,method,transform,factor,rep,chunk_size,dtype,test_skill,test_value_rmse,test_value_bias,test_value_mae,test_value_relative_l2,test_gradient_relative_l2,validation_skill,validation_value_rmse,f_calls,recursively_evaluated_states,stochastic_samples,standard_normal_variates,dose_normal_variates,wall_time_seconds,pre_correction_violation_rate,pre_ball_violation_rate,activation_rate,mean_box_overshoot_energy,mean_method_overshoot_energy,batch_alpha_mean,batch_alpha_p10,batch_alpha_p90,nonfinite_count,nonfinite_state_count,nonfinite_generator_count,generator_bias,generator_mae,generator_mse,child_u_z_noise_correlation,child_noise_count,generator_bias_by_s_bin_json,mean_rep_skill,median_rep_skill,repetition_averaged_skill,sampling_variation_skill,box_over_oracle
raw/e6/P1/d20/n4_M6/box/rep00.npz,e6,e1,P1,P1_ridge_lse_hjb,ridge_lse,20,4,6,box,box,1.0,0,16,float64,0.14104020026036346,0.18088325089966398,0.03014966983341277,0.1206684892656033,0.12020371238170517,0.842779534969167,0.15887028213430485,0.19369090292671892,1267200,1268400,14652000,293040000,0,13.428155299974605,0.9999992108585859,0.5091532512626262,0.9999992108585859,14.79822598490505,14.79822598490505,,,,0,0,0,0.2786195549269548,1.6271052789824327,4.29118105584065,-0.09058625591679588,1267200,"[{""bias"": -0.8382179242910676, ""count"": 1940, ""high"": -2.0, ""low"": ""-Infinity"", ""mae"": 0.8470570531836643}, {""bias"": -1.0416400294323211, ""count"": 83623, ""high"": -1.0, ""low"": -2.0, ""mae"": 1.1194561201949893}, {""bias"": -0.8861418854302162, ""count"": 358198, ""high"": -0.25, ""low"": -1.0, ""mae"": 1.367037546541667}, {""bias"": -0.043186554287106056, ""count"": 374529, ""high"": 0.25, ""low"": -0.25, ""mae"": 1.4524821711523779}, {""bias"": 1.4532116471104841, ""count"": 362080, ""high"": 1.0, ""low"": 0.25, ""mae"": 1.8828644986001033}, {""bias"": 2.8529967443957096, ""count"": 84827, ""high"": 2.0, ""low"": 1.0, ""mae"": 2.8764512688405235}, {""bias"": 3.592984025506686, ""count"": 2003, ""high"": ""Infinity"", ""low"": 2.0, ""mae"": 3.5931702913505883}]",0.14292030182550694,0.142536263856124,0.10926911251937921,0.0921625513519371,4.910618557901112
raw/e6/P1/d20/n4_M6/box/rep01.npz,e6,e1,P1,P1_ridge_lse_hjb,ridge_lse,20,4,6,box,box,1.0,1,16,float64,0.14268553409408477,0.1829933821396177,0.02963371173151369,0.1233389256302999,0.1216059738259986,0.8256997158689762,0.15677821357522012,0.1911403022558448,1267200,1268400,14652000,293040000,0,14.010055399965495,1.0,0.5083025568181818,1.0,14.77067777892774,14.77067777892774,,,,0,0,0,0.27820932796495607,1.628842964228473,4.304115760968028,-0.09192421523369126,1267200,"[{""bias"": -0.8540052578576947, ""count"": 1864, ""high"": -2.0, ""low"": ""-Infinity"", ""mae"": 0.8616393680384635}, {""bias"": -1.0382928288636326, ""count"": 83888, ""high"": -1.0, ""low"": -2.0, ""mae"": 1.118467993480883}, {""bias"": -0.8849548437387195, ""count"": 360465, ""high"": -0.25, ""low"": -1.0, ""mae"": 1.3653020816267547}, {""bias"": -0.0419374873347733, ""count"": 374744, ""high"": 0.25, ""low"": -0.25, ""mae"": 1.4560560681376664}, {""bias"": 1.4623434241785698, ""count"": 359058, ""high"": 1.0, ""low"": 0.25, ""mae"": 1.888059934467939}, {""bias"": 2.8567297034768804, ""count"": 84653, ""high"": 2.0, ""low"": 1.0, ""mae"": 2.8808074535191244}, {""bias"": 3.581194517592532, ""count"": 2528, ""high"": ""Infinity"", ""low"": 2.0, ""mae"": 3.5813916481250785}]",0.14292030182550694,0.142536263856124,0.10926911251937921,0.0921625513519371,4.910618557901112
raw/e6/P1/d20/n4_M6/box/rep02.npz,e6,e1,P1,P1_ridge_lse_hjb,ridge_lse,20,4,6,box,box,1.0,2,16,float64,0.1489207218561299,0.19098997481522723,0.03378858304052385,0.12663008193481834,0.1269200099306781,0.8411189790743154,0.16057996620691675,0.19577530944564034,1267200,1268400,14652000,293040000,0,13.640446699922904,0.9999992108585859,0.5094231376262627,0.9999992108585859,14.809174662267194,14.809174662267194,,,,0,0,0,0.27956806804467377,1.6291186050804924,4.302557332927044,-0.09031333321675071,1267200,"[{""bias"": -0.8263987874141365, ""count"": 1955, ""high"": -2.0, ""low"": ""-Infinity"", ""mae"": 0.8333269007429979}, {""bias"": -1.0342445982702428, ""count"": 83399, ""high"": -1.0, ""low"": -2.0, ""mae"": 1.115598416283492}, {""bias"": -0.8873311558467113, ""count"": 358287, ""high"": -0.25, ""low"": -1.0, ""mae"": 1.3689660336526408}, {""bias"": -0.04311442254033984, ""count"": 375965, ""high"": 0.25, ""low"": -0.25, ""mae"": 1.453705759706099}, {""bias"": 1.4554825315325548, ""count"": 360809, ""high"": 1.0, ""low"": 0.25, ""mae"": 1.8838571481626614}, {""bias"": 2.875271841707014, ""count"": 84565, ""high"": 2.0, ""low"": 1.0, ""mae"": 2.8976750961468403}, {""bias"": 3.589820900131292, ""count"": 2220, ""high"": ""Infinity"", ""low"": 2.0, ""mae"": 3.590280370781214}]",0.14292030182550694,0.142536263856124,0.10926911251937921,0.0921625513519371,4.910618557901112
raw/e6/P1/d20/n4_M6/box/rep03.npz,e6,e1,P1,P1_ridge_lse_hjb,ridge_lse,20,4,6,box,box,1.0,3,16,float64,0.14494352909083397,0.18588924782027605,0.029943787157322113,0.12315229840997612,0.12353038531043721,0.8219720155584557,0.13884384542978584,0.16927514338004726,1267200,1268400,14652000,293040000,0,13.68116130004637,0.9999992108585859,0.5088470643939393,0.9999992108585859,14.824976358949478,14.824976358949478,,,,0,0,0,0.28370067824734746,1.629637229368298,4.3032001113294,-0.09087549877535522,1267200,"[{""bias"": -0.7936049956515155, ""count"": 2040, ""high"": -2.0, ""low"": ""-Infinity"", ""mae"": 0.8014064780096372}, {""bias"": -1.0359888625806473, ""count"": 82190, ""high"": -1.0, ""low"": -2.0, ""mae"": 1.1152180322397962}, {""bias"": -0.8861946876286968, ""count"": 359778, ""high"": -0.25, ""low"": -1.0, ""mae"": 1.3664684858387066}, {""bias"": -0.034167184282720586, ""count"": 374399, ""high"": 0.25, ""low"": -0.25, ""mae"": 1.4564507604332024}, {""bias"": 1.4599706266223962, ""count"": 361055, ""high"": 1.0, ""low"": 0.25, ""mae"": 1.8887374919814548}, {""bias"": 2.8428961650378257, ""count"": 85897, ""high"": 2.0, ""low"": 1.0, ""mae"": 2.8679980092897326}, {""bias"": 3.5697684694249308, ""count"": 1841, ""high"": ""Infinity"", ""low"": 2.0, ""mae"": 3.569859014527796}]",0.14292030182550694,0.142536263856124,0.10926911251937921,0.0921625513519371,4.910618557901112
raw/e6/P1/d20/n4_M6/box/rep04.npz,e6,e1,P1,P1_ridge_lse_hjb,ridge_lse,20,4,6,box,box,1.0,4,16,float64,0.14238699361816323,0.18261050568517326,0.032025288424133616,0.12166754404053988,0.12135153804502463,0.8361524824413903,0.14894526880938533,0.18159056064345763,1267200,1268400,14652000,293040000,0,13.460050499998033,0.9999984217171717,0.5090048926767676,0.9999984217171717,14.789407120248637,14.789407120248637,,,,0,0,0,0.2831276524047206,1.6274200189898738,4.296027053683856,-0.09133740759745415,1267200,"[{""bias"": -0.8150330178598042, ""count"": 2119, ""high"": -2.0, ""low"": ""-Infinity"", ""mae"": 0.82219709731978}, {""bias"": -1.0395926960251605, ""count"": 85432, ""high"": -1.0, ""low"": -2.0, ""mae"": 1.1169982479322684}, {""bias"": -0.8869103117677927, ""count"": 358767, ""high"": -0.25, ""low"": -1.0, ""mae"": 1.3628856756459955}, {""bias"": -0.031196469410212813, ""count"": 372137, ""high"": 0.25, ""low"": -0.25, ""mae"": 1.4566568202437715}, {""bias"": 1.4633466094918108, ""count"": 361845, ""high"": 1.0, ""low"": 0.25, ""mae"": 1.8861050309680691}, {""bias"": 2.852225578762059, ""count"": 84631, ""high"": 2.0, ""low"": 1.0, ""mae"": 2.8754442765428356}, {""bias"": 3.6284948391610286, ""count"": 2269, ""high"": ""Infinity"", ""low"": 2.0, ""mae"": 3.628609206309559}]",0.14292030182550694,0.142536263856124,0.10926911251937921,0.0921625513519371,4.910618557901112
raw/e6/P1/d20/n4_M6/box/rep05.npz,e6,e1,P1,P1_ridge_lse_hjb,ridge_lse,20,4,6,box,box,1.0,5,16,float64,0.13945676699040613,0.17885250677902437,0.022684804050271755,0.12072804455204968,0.11885420665917919,0.8325875312170194,0.14642286720067108,0.1785153080627223,1267200,1268400,14652000,293040000,0,13.778221399988979,0.9999992108585859,0.5101822916666666,0.9999992108585859,14.818085002601617,14.818085002601617,,,,0,0,0,0.2793829044489544,1.630700987884666,4.310105145225767,-0.09130992151505508,1267200,"[{""bias"": -0.8085984603438122, ""count"": 1900, ""high"": -2.0, ""low"": ""-Infinity"", ""mae"": 0.8181575186246213}, {""bias"": -1.0435792603345369, ""count"": 82537, ""high"": -1.0, ""low"": -2.0, ""mae"": 1.122656146074438}, {""bias"": -0.8938781723388404, ""count"": 357854, ""high"": -0.25, ""low"": -1.0, ""mae"": 1.3671270894853615}, {""bias"": -0.04296850675596419, ""count"": 374556, ""high"": 0.25, ""low"": -0.25, ""mae"": 1.4575232391284874}, {""bias"": 1.4509581218513747, ""count"": 363879, ""high"": 1.0, ""low"": 0.25, ""mae"": 1.8836675336964936}, {""bias"": 2.868843519489079, ""count"": 84481, ""high"": 2.0, ""low"": 1.0, ""mae"": 2.891602685760428}, {""bias"": 3.6830339749708294, ""count"": 1993, ""high"": ""Infinity"", ""low"": 2.0, ""mae"": 3.683193882658809}]",0.14292030182550694,0.142536263856124,0.10926911251937921,0.0921625513519371,4.910618557901112
raw/e6/P1/d20/n4_M6/box/rep06.npz,e6,e1,P1,P1_ridge_lse_hjb,ridge_lse,20,4,6,box,box,1.0,6,16,float64,0.14337279112819296,0.1838747853587259,0.026869484796462013,0.1205879320863558,0.1221916993617518,0.8308548413169496,0.15479285002060947,0.18871979381106685,1267200,1268400,14652000,293040000,0,14.083650799933821,1.0,0.508063446969697,1.0,14.744556405402166,14.744556405402166,,,,0,0,0,0.27189391075998653,1.6271594938293699,4.293107754018795,-0.09148966139232757,1267200,"[{""bias"": -0.8361433084437179, ""count"": 2083, ""high"": -2.0, ""low"": ""-Infinity"", ""mae"": 0.8419553976078326}, {""bias"": -1.0413281466691806, ""count"": 83304, ""high"": -1.0, ""low"": -2.0, ""mae"": 1.1221714514267878}, {""bias"": -0.8926695781165102, ""count"": 362047, ""high"": -0.25, ""low"": -1.0, ""mae"": 1.3685335388186193}, {""bias"": -0.03785331337005647, ""count"": 371107, ""high"": 0.25, ""low"": -0.25, ""mae"": 1.4585412850513613}, {""bias"": 1.4425245754444365, ""count"": 363087, ""high"": 1.0, ""low"": 0.25, ""mae"": 1.8770506143892163}, {""bias"": 2.863434304022627, ""count"": 83456, ""high"": 2.0, ""low"": 1.0, ""mae"": 2.886364780526352}, {""bias"": 3.5613084446767087, ""count"": 2116, ""high"": ""Infinity"", ""low"": 2.0, ""mae"": 3.5613745496874154}]",0.14292030182550694,0.142536263856124,0.10926911251937921,0.0921625513519371,4.910618557901112
raw/e6/P1/d20/n4_M6/box/rep07.npz,e6,e1,P1,P1_ridge_lse_hjb,ridge_lse,20,4,6,box,box,1.0,7,16,float64,0.14012706287210222,0.17971215741708377,0.025129395276995974,0.11829376644490835,0.11942547678801695,0.8208183469760051,0.15286232546026535,0.1863661437753783,1267200,1268400,14652000,293040000,0,14.350095600122586,1.0,0.5102872474747475,1.0,14.817205594355862,14.817205594355862,,,,0,0,0,0.2831038167242429,1.6311467154164416,4.31181756975977,-0.09191412749560464,1267200,"[{""bias"": -0.8285166995617369, ""count"": 2013, ""high"": -2.0, ""low"": ""-Infinity"", ""mae"": 0.8362033106454102}, {""bias"": -1.0376401457251545, ""count"": 81854, ""high"": -1.0, ""low"": -2.0, ""mae"": 1.1159850404120528}, {""bias"": -0.8876377519812559, ""count"": 358637, ""high"": -0.25, ""low"": -1.0, ""mae"": 1.3675476345010618}, {""bias"": -0.0500729895437872, ""count"": 374433, ""high"": 0.25, ""low"": -0.25, ""mae"": 1.455160697170707}, {""bias"": 1.4600638598323135, ""count"": 362324, ""high"": 1.0, ""low"": 0.25, ""mae"": 1.8855100551361064}, {""bias"": 2.8574790258884204, ""count"": 85246, ""high"": 2.0, ""low"": 1.0, ""mae"": 2.881579398908134}, {""bias"": 3.6523736790748353, ""count"": 2693, ""high"": ""Infinity"", ""low"": 2.0, ""mae"": 3.652421848779444}]",0.14292030182550694,0.142536263856124,0.10926911251937921,0.0921625513519371,4.910618557901112
raw/e6/P1/d20/n4_M6/box/rep08.npz,e6,e1,P1,P1_ridge_lse_hjb,ridge_lse,20,4,6,box,box,1.0,8,16,float64,0.14083756570284994,0.18062337323755065,0.028862263160238624,0.11960880748964302,0.12003101391683499,0.8389581948564535,0.15227149896999484,0.18564582204600177,1267200,1268400,14652000,293040000,0,14.014824099838734,1.0,0.5088644255050505,1.0,14.764128557417143,14.764128557417147,,,,0,0,0,0.2723254354946758,1.6291861148447462,4.3024379100251675,-0.09061800427868552,1267200,"[{""bias"": -0.8203122153020658, ""count"": 1920, ""high"": -2.0, ""low"": ""-Infinity"", ""mae"": 0.829299016881892}, {""bias"": -1.0405963632914548, ""count"": 83005, ""high"": -1.0, ""low"": -2.0, ""mae"": 1.1201599034946124}, {""bias"": -0.8931224492262462, ""count"": 359901, ""high"": -0.25, ""low"": -1.0, ""mae"": 1.366506323941173}, {""bias"": -0.04764875294562027, ""count"": 376110, ""high"": 0.25, ""low"": -0.25, ""mae"": 1.4574550865410454}, {""bias"": 1.453959208092494, ""count"": 359777, ""high"": 1.0, ""low"": 0.25, ""mae"": 1.8865175257186562}, {""bias"": 2.861018081590304, ""count"": 83978, ""high"": 2.0, ""low"": 1.0, ""mae"": 2.8841236130409746}, {""bias"": 3.6005057994856386, ""count"": 2509, ""high"": ""Infinity"", ""low"": 2.0, ""mae"": 3.600854568010273}]",0.14292030182550694,0.142536263856124,0.10926911251937921,0.0921625513519371,4.910618557901112
raw/e6/P1/d20/n4_M6/box/rep09.npz,e6,e1,P1,P1_ridge_lse_hjb,ridge_lse,20,4,6,box,box,1.0,9,16,float64,0.14543185264194267,0.18651551998418642,0.025975360797627006,0.12260912914387881,0.1239465666798505,0.8351230240781398,0.1544397004138699,0.1882892421353307,1267200,1268400,14652000,293040000,0,14.14906349987723,1.0,0.5098737373737374,1.0,14.804724632568291,14.804724632568286,,,,0,0,0,0.2851912778132306,1.6299937627014711,4.307896496050361,-0.09059348848046307,1267200,"[{""bias"": -0.8479576278727811, ""count"": 2241, ""high"": -2.0, ""low"": ""-Infinity"", ""mae"": 0.8563197886471011}, {""bias"": -1.0444518928179687, ""count"": 82587, ""high"": -1.0, ""low"": -2.0, ""mae"": 1.124496072597549}, {""bias"": -0.8865864238825434, ""count"": 359519, ""high"": -0.25, ""low"": -1.0, ""mae"": 1.3649463074071253}, {""bias"": -0.028895319201856978, ""count"": 373166, ""high"": 0.25, ""low"": -0.25, ""mae"": 1.4559913893001657}, {""bias"": 1.4552944197433046, ""count"": 361887, ""high"": 1.0, ""low"": 0.25, ""mae"": 1.8853049641831356}, {""bias"": 2.8566838405938664, ""count"": 85675, ""high"": 2.0, ""low"": 1.0, ""mae"": 2.879956148599883}, {""bias"": 3.6149196488140847, ""count"": 2125, ""high"": ""Infinity"", ""low"": 2.0, ""mae"": 3.6151112585443625}]",0.14292030182550694,0.142536263856124,0.10926911251937921,0.0921625513519371,4.910618557901112
raw/e6/P1/d20/n4_M6/centre/rep00.npz,e6,e3,P1,P1_ridge_lse_hjb,ridge_lse,20,4,6,centre,centre,0.0,0,16,float64,0.2508493229090822,0.32171282322353545,0.14232046964270098,0.22056459973192472,0.21379025133575846,0.31659184317290623,0.260830904640406,0.31799889036694956,1267200,1268400,14652000,293040000,0,15.220303799957037,0.9999984217171717,0.5013375946969697,1.0,14.411351039688864,22.551461219756842,,,,0,0,0,0.8372385823239602,1.9240425596524156,5.55095333372684,-0.09009863846312259,1267200,"[{""bias"": -2.6762213626916704, ""count"": 1940, ""high"": -2.0, ""low"": ""-Infinity"", ""mae"": 2.6762213626916704}, {""bias"": -2.29330403821599, ""count"": 83623, ""high"": -1.0, ""low"": -2.0, ""mae"": 2.29330403821599}, {""bias"": -1.1711982226260509, ""count"": 358198, ""high"": -0.25, ""low"": -1.0, ""mae"": 1.283202409463139}, {""bias"": 0.6233546780636691, ""count"": 374529, ""high"": 0.25, ""low"": -0.25, ""mae"": 0.901322302452755}, {""bias"": 2.8538902380134803, ""count"": 362080, ""high"": 1.0, ""low"": 0.25, ""mae"": 2.8538902380134803}, {""bias"": 4.707674427445498, ""count"": 84827, ""high"": 2.0, ""low"": 1.0, ""mae"": 4.707674427445498}, {""bias"": 5.639313651092524, ""count"": 2003, ""high"": ""Infinity"", ""low"": 2.0, ""mae"": 5.639313651092524}]",0.2515272570076868,0.2508940863941599,0.2505241228839807,0.02248215544744907,4.910618557901112
raw/e6/P1/d20/n4_M6/centre/rep01.npz,e6,e3,P1,P1_ridge_lse_hjb,ridge_lse,20,4,6,centre,centre,0.0,1,16,float64,0.2501652980194506,0.3208355652112493,0.1399442274913376,0.22027059501007024,0.2132072804455908,0.31770954475239294,0.2629492224303332,0.3205814934812934,1267200,1268400,14652000,293040000,0,15.19267649995163,0.9999992108585859,0.5006628787878787,1.0,14.383197807155536,22.515297328228925,,,,0,0,0,0.8324987548503947,1.9255872158284697,5.560668148836545,-0.0914531148770977,1267200,"[{""bias"": -2.6736127289184224, ""count"": 1864, ""high"": -2.0, ""low"": ""-Infinity"", ""mae"": 2.6736127289184224}, {""bias"": -2.286231373183938, ""count"": 83888, ""high"": -1.0, ""low"": -2.0, ""mae"": 2.286231373183938}, {""bias"": -1.174055311720179, ""count"": 360465, ""high"": -0.25, ""low"": -1.0, ""mae"": 1.2912243491827038}, {""bias"": 0.6286429472193427, ""count"": 374744, ""high"": 0.25, ""low"": -0.25, ""mae"": 0.9034243490919339}, {""bias"": 2.856942470618168, ""count"": 359058, ""high"": 1.0, ""low"": 0.25, ""mae"": 2.856942470618168}, {""bias"": 4.716148664287174, ""count"": 84653, ""high"": 2.0, ""low"": 1.0, ""mae"": 4.716148664287174}, {""bias"": 5.654630751624667, ""count"": 2528, ""high"": ""Infinity"", ""low"": 2.0, ""mae"": 5.654630751624667}]",0.2515272570076868,0.2508940863941599,0.2505241228839807,0.02248215544744907,4.910618557901112
raw/e6/P1/d20/n4_M6/centre/rep02.npz,e6,e3,P1,P1_ridge_lse_hjb,ridge_lse,20,4,6,centre,centre,0.0,2,16,float64,0.2547257900126329,0.3266843701328666,0.14378869373034517,0.22341197155489365,0.21709403093839777,0.3229537501057493,0.2645183066789089,0.3224944840091115,1267200,1268400,14652000,293040000,0,15.444277300033718,0.9999984217171717,0.5016611426767676,1.0,14.418006007921097,22.560725743699734,,,,0,0,0,0.8396489577714851,1.9248771952073862,5.561330404627475,-0.08997293782467153,1267200,"[{""bias"": -2.6758499114754346, ""count"": 1955, ""high"": -2.0, ""low"": ""-Infinity"", ""mae"": 2.6758499114754346}, {""bias"": -2.282768527540625, ""count"": 83399, ""high"": -1.0, ""low"": -2.0, ""mae"": 2.282768527540625}, {""bias"": -1.1730047024969894, ""count"": 358287, ""high"": -0.25, ""low"": -1.0, ""mae"": 1.2872069985432515}, {""bias"": 0.6318003851224938, ""count"": 375965, ""high"": 0.25, ""low"": -0.25, ""mae"": 0.904473518891805}, {""bias"": 2.8551733818884637, ""count"": 360809, ""high"": 1.0, ""low"": 0.25, ""mae"": 2.8551733818884637}, {""bias"": 4.72606517946379, ""count"": 84565, ""high"": 2.0, ""low"": 1.0, ""mae"": 4.72606517946379}, {""bias"": 5.639913377086055, ""count"": 2220, ""high"": ""Infinity"", ""low"": 2.0, ""mae"": 5.639913377086055}]",0.2515272570076868,0.2508940863941599,0.2505241228839807,0.02248215544744907,4.910618557901112
raw/e6/P1/d20/n4_M6/centre/rep03.npz,e6,e3,P1,P1_ridge_lse_hjb,ridge_lse,20,4,6,centre,centre,0.0,3,16,float64,0.2525172784719133,0.323851966701807,0.1420186182536059,0.2219180378581114,0.21521179250182246,0.3177027213530253,0.2621898319058991,0.31965566245502697,1267200,1268400,14652000,293040000,0,15.003325800178573,0.9999992108585859,0.5011371527777778,1.0,14.436141725657272,22.580632689454895,,,,0,0,0,0.8414751037881938,1.9310688268452034,5.5809990365314786,-0.09057357092584298,1267200,"[{""bias"": -2.6755394851207783, ""count"": 2040, ""high"": -2.0, ""low"": ""-Infinity"", ""mae"": 2.6755394851207783}, {""bias"": -2.291961617420031, ""count"": 82190, ""high"": -1.0, ""low"": -2.0, ""mae"": 2.291961617420031}, {""bias"": -1.1781203689589685, ""count"": 359778, ""high"": -0.25, ""low"": -1.0, ""mae"": 1.291948831005192}, {""bias"": 0.6279568310873537, ""count"": 374399, ""high"": 0.25, ""low"": -0.25, ""mae"": 0.9067710305439226}, {""bias"": 2.8638281279733766, ""count"": 361055, ""high"": 1.0, ""low"": 0.25, ""mae"": 2.8638281279733766}, {""bias"": 4.709220903785002, ""count"": 85897, ""high"": 2.0, ""low"": 1.0, ""mae"": 4.709220903785002}, {""bias"": 5.648911020638453, ""count"": 1841, ""high"": ""Infinity"", ""low"": 2.0, ""mae"": 5.648911020638453}]",0.2515272570076868,0.2508940863941599,0.2505241228839807,0.02248215544744907,4.910618557901112
raw/e6/P1/d20/n4_M6/centre/rep04.npz,e6,e3,P1,P1_ridge_lse_hjb,ridge_lse,20,4,6,centre,centre,0.0,4,16,float64,0.25252348343480013,0.32385992453125284,0.1423194635819993,0.22122922905498374,0.21521708077830537,0.3189650189154793,0.26291675955897376,0.3205419155137797,1267200,1268400,14652000,293040000,0,14.964476000051945,0.9999992108585859,0.5012018623737374,1.0,14.401445058317305,22.53751630076168,,,,0,0,0,0.8372080529130933,1.9348453197036743,5.591875916038197,-0.09101245148291319,1267200,"[{""bias"": -2.6789791173669855, ""count"": 2119, ""high"": -2.0, ""low"": ""-Infinity"", ""mae"": 2.6789791173669855}, {""bias"": -2.290443885263747, ""count"": 85432, ""high"": -1.0, ""low"": -2.0, ""mae"": 2.290443885263747}, {""bias"": -1.1789792430834047, ""count"": 358767, ""high"": -0.25, ""low"": -1.0, ""mae"": 1.2908612751474435}, {""bias"": 0.6342451056219901, ""count"": 372137, ""high"": 0.25, ""low"": -0.25, ""mae"": 0.9086621986866182}, {""bias"": 2.8671207823450033, ""count"": 361845, ""high"": 1.0, ""low"": 0.25, ""mae"": 2.8671207823450033}, {""bias"": 4.714480089721092, ""count"": 84631, ""high"": 2.0, ""low"": 1.0, ""mae"": 4.714480089721092}, {""bias"": 5.629041286321982, ""count"": 2269, ""high"": ""Infinity"", ""low"": 2.0, ""mae"": 5.629041286321982}]",0.2515272570076868,0.2508940863941599,0.2505241228839807,0.02248215544744907,4.910618557901112
raw/e6/P1/d20/n4_M6/centre/rep05.npz,e6,e3,P1,P1_ridge_lse_hjb,ridge_lse,20,4,6,centre,centre,0.0,5,16,float64,0.2518925742153677,0.3230507870624827,0.14174968554803893,0.22091254511311204,0.21467937854722788,0.31899894855690925,0.26142685737246824,0.31872546188947765,1267200,1268400,14652000,293040000,0,15.193156799999997,0.9999984217171717,0.5023413825757576,1.0,14.429141946530997,22.574177072550945,,,,0,0,0,0.840763503558539,1.9305176990679191,5.572067383661907,-0.09108425927402922,1267200,"[{""bias"": -2.6767146305020364, ""count"": 1900, ""high"": -2.0, ""low"": ""-Infinity"", ""mae"": 2.6767146305020364}, {""bias"": -2.2879862471842154, ""count"": 82537, ""high"": -1.0, ""low"": -2.0, ""mae"": 2.2879862471842154}, {""bias"": -1.1849242060643292, ""count"": 357854, ""high"": -0.25, ""low"": -1.0, ""mae"": 1.2963420236036272}, {""bias"": 0.6279419499482788, ""count"": 374556, ""high"": 0.25, ""low"": -0.25, ""mae"": 0.9086660975638429}, {""bias"": 2.8517993105553074, ""count"": 363879, ""high"": 1.0, ""low"": 0.25, ""mae"": 2.8517993105553074}, {""bias"": 4.725213219236356, ""count"": 84481, ""high"": 2.0, ""low"": 1.0, ""mae"": 4.725213219236356}, {""bias"": 5.657106333885134, ""count"": 1993, ""high"": ""Infinity"", ""low"": 2.0, ""mae"": 5.657106333885134}]",0.2515272570076868,0.2508940863941599,0.2505241228839807,0.02248215544744907,4.910618557901112
raw/e6/P1/d20/n4_M6/centre/rep06.npz,e6,e3,P1,P1_ridge_lse_hjb,ridge_lse,20,4,6,centre,centre,0.0,6,16,float64,0.25076159986184277,0.32160031891671936,0.1391486333101032,0.22119763038224557,0.21371548799934692,0.31920226024843906,0.2644405433714955,0.3223996768178286,1267200,1268400,14652000,293040000,0,15.113737399922684,1.0,0.5003085542929293,1.0,14.354808326613034,22.48050278495892,,,,0,0,0,0.8273447400497943,1.9248658545628452,5.5406504239731085,-0.09129286804795608,1267200,"[{""bias"": -2.6753247670308102, ""count"": 2083, ""high"": -2.0, ""low"": ""-Infinity"", ""mae"": 2.6753247670308102}, {""bias"": -2.285127000293761, ""count"": 83304, ""high"": -1.0, ""low"": -2.0, ""mae"": 2.285127000293761}, {""bias"": -1.182490138683254, ""count"": 362047, ""high"": -0.25, ""low"": -1.0, ""mae"": 1.2935136040922133}, {""bias"": 0.6334007832877425, ""count"": 371107, ""high"": 0.25, ""low"": -0.25, ""mae"": 0.9095561428091622}, {""bias"": 2.84181669408615, ""count"": 363087, ""high"": 1.0, ""low"": 0.25, ""mae"": 2.84181669408615}, {""bias"": 4.716976050415404, ""count"": 83456, ""high"": 2.0, ""low"": 1.0, ""mae"": 4.716976050415404}, {""bias"": 5.630939130652978, ""count"": 2116, ""high"": ""Infinity"", ""low"": 2.0, ""mae"": 5.630939130652978}]",0.2515272570076868,0.2508940863941599,0.2505241228839807,0.02248215544744907,4.910618557901112
raw/e6/P1/d20/n4_M6/centre/rep07.npz,e6,e3,P1,P1_ridge_lse_hjb,ridge_lse,20,4,6,centre,centre,0.0,7,16,float64,0.2509005297996677,0.3217784957681041,0.14153064699890147,0.22064279584469063,0.21383389320762577,0.31831106767670103,0.2674895242317756,0.3261169224090128,1267200,1268400,14652000,293040000,0,15.224336300045252,0.9999968434343435,0.5026191603535354,1.0,14.430926770687005,22.58055944610309,,,,0,0,0,0.8462705542042548,1.9291489233965005,5.586369230236218,-0.0916838605360681,1267200,"[{""bias"": -2.6774998150297566, ""count"": 2013, ""high"": -2.0, ""low"": ""-Infinity"", ""mae"": 2.6774998150297566}, {""bias"": -2.2914299989445186, ""count"": 81854, ""high"": -1.0, ""low"": -2.0, ""mae"": 2.2914299989445186}, {""bias"": -1.1715339344405244, ""count"": 358637, ""high"": -0.25, ""low"": -1.0, ""mae"": 1.2853070827261353}, {""bias"": 0.6212623353158859, ""count"": 374433, ""high"": 0.25, ""low"": -0.25, ""mae"": 0.9022320710077084}, {""bias"": 2.8594071367011207, ""count"": 362324, ""high"": 1.0, ""low"": 0.25, ""mae"": 2.8594071367011207}, {""bias"": 4.711223919504148, ""count"": 85246, ""high"": 2.0, ""low"": 1.0, ""mae"": 4.711223919504148}, {""bias"": 5.6576437264600585, ""count"": 2693, ""high"": ""Infinity"", ""low"": 2.0, ""mae"": 5.6576437264600585}]",0.2515272570076868,0.2508940863941599,0.2505241228839807,0.02248215544744907,4.910618557901112
raw/e6/P1/d20/n4_M6/centre/rep08.npz,e6,e3,P1,P1_ridge_lse_hjb,ridge_lse,20,4,6,centre,centre,0.0,8,16,float64,0.25088764298865207,0.32176196850661454,0.14159453433193028,0.2211102680011822,0.2138229102217679,0.3218177999684111,0.26029721478043794,0.3173482282703552,1267200,1268400,14652000,293040000,0,15.189637700095773,1.0,0.5011434659090909,1.0,14.377533603558753,22.512609988327885,,,,0,0,0,0.8305720956037564,1.9210305319915562,5.54826320925469,-0.09043872791267522,1267200,"[{""bias"": -2.673864961572675, ""count"": 1920, ""high"": -2.0, ""low"": ""-Infinity"", ""mae"": 2.673864961572675}, {""bias"": -2.286448382889284, ""count"": 83005, ""high"": -1.0, ""low"": -2.0, ""mae"": 2.286448382889284}, {""bias"": -1.17803183728471, ""count"": 359901, ""high"": -0.25, ""low"": -1.0, ""mae"": 1.2892308910547852}, {""bias"": 0.621480950411054, ""count"": 376110, ""high"": 0.25, ""low"": -0.25, ""mae"": 0.8980427804677343}, {""bias"": 2.855102898103804, ""count"": 359777, ""high"": 1.0, ""low"": 0.25, ""mae"": 2.855102898103804}, {""bias"": 4.719173298333574, ""count"": 83978, ""high"": 2.0, ""low"": 1.0, ""mae"": 4.719173298333574}, {""bias"": 5.6372952132236955, ""count"": 2509, ""high"": ""Infinity"", ""low"": 2.0, ""mae"": 5.6372952132236955}]",0.2515272570076868,0.2508940863941599,0.2505241228839807,0.02248215544744907,4.910618557901112
raw/e6/P1/d20/n4_M6/centre/rep09.npz,e6,e3,P1,P1_ridge_lse_hjb,ridge_lse,20,4,6,centre,centre,0.0,9,16,float64,0.25004905036345837,0.32068647825670354,0.13978310952981587,0.2200569564351938,0.213108206566086,0.31494269316972506,0.2650129143162212,0.3230974979811298,1267200,1268400,14652000,293040000,0,14.831290100002661,1.0,0.5022411616161616,1.0,14.41306612466051,22.554006673161958,,,,0,0,0,0.8449709136920404,1.931217622437406,5.585299466112171,-0.09052294119371654,1267200,"[{""bias"": -2.6765930410161416, ""count"": 2241, ""high"": -2.0, ""low"": ""-Infinity"", ""mae"": 2.6765930410161416}, {""bias"": -2.2894093456598315, ""count"": 82587, ""high"": -1.0, ""low"": -2.0, ""mae"": 2.2894093456598315}, {""bias"": -1.172995448990554, ""count"": 359519, ""high"": -0.25, ""low"": -1.0, ""mae"": 1.287295200992767}, {""bias"": 0.6386358382726431, ""count"": 373166, ""high"": 0.25, ""low"": -0.25, ""mae"": 0.9114988693658355}, {""bias"": 2.855391472578915, ""count"": 361887, ""high"": 1.0, ""low"": 0.25, ""mae"": 2.855391472578915}, {""bias"": 4.714563879505988, ""count"": 85675, ""high"": 2.0, ""low"": 1.0, ""mae"": 4.714563879505988}, {""bias"": 5.632231459964095, ""count"": 2125, ""high"": ""Infinity"", ""low"": 2.0, ""mae"": 5.632231459964095}]",0.2515272570076868,0.2508940863941599,0.2505241228839807,0.02248215544744907,4.910618557901112
raw/e6/P1/d20/n4_M6/oracle_state/rep00.npz,e6,e1,P1,P1_ridge_lse_hjb,ridge_lse,20,4,6,oracle_state,oracle_state,1.0,0,16,float64,0.03029935896768135,0.03885875473895166,0.0005724630186728665,0.026162847499212643,0.02582310166872861,0.37399542740945935,0.03086078204147464,0.037624737983310876,1267200,1268400,14652000,293040000,0,12.98168359999545,0.0,0.0,0.0,0.0,0.0,,,,0,0,0,0.0,0.0,0.0,-0.09223257597590948,1267200,"[{""bias"": 0.0, ""count"": 1940, ""high"": -2.0, ""low"": ""-Infinity"", ""mae"": 0.0}, {""bias"": 0.0, ""count"": 83623, ""high"": -1.0, ""low"": -2.0, ""mae"": 0.0}, {""bias"": 0.0, ""count"": 358198, ""high"": -0.25, ""low"": -1.0, ""mae"": 0.0}, {""bias"": 0.0, ""count"": 374529, ""high"": 0.25, ""low"": -0.25, ""mae"": 0.0}, {""bias"": 0.0, ""count"": 362080, ""high"": 1.0, ""low"": 0.25, ""mae"": 0.0}, {""bias"": 0.0, ""count"": 84827, ""high"": 2.0, ""low"": 1.0, ""mae"": 0.0}, {""bias"": 0.0, ""count"": 2003, ""high"": ""Infinity"", ""low"": 2.0, ""mae"": 0.0}]",0.029104337903735216,0.029081001526662754,0.009210483453335068,0.027622866905892784,4.910618557901112
raw/e6/P1/d20/n4_M6/oracle_state/rep01.npz,e6,e1,P1,P1_ridge_lse_hjb,ridge_lse,20,4,6,oracle_state,oracle_state,1.0,1,16,float64,0.02919523358173129,0.037442720240682306,-0.002303675206737113,0.025266137881922047,0.02488209357258952,0.3723298095072354,0.02856083977242718,0.034820702585460106,1267200,1268400,14652000,293040000,0,13.446348799858242,0.0,0.0,0.0,0.0,0.0,,,,0,0,0,0.0,0.0,0.0,-0.09364436210321339,1267200,"[{""bias"": 0.0, ""count"": 1864, ""high"": -2.0, ""low"": ""-Infinity"", ""mae"": 0.0}, {""bias"": 0.0, ""count"": 83888, ""high"": -1.0, ""low"": -2.0, ""mae"": 0.0}, {""bias"": 0.0, ""count"": 360465, ""high"": -0.25, ""low"": -1.0, ""mae"": 0.0}, {""bias"": 0.0, ""count"": 374744, ""high"": 0.25, ""low"": -0.25, ""mae"": 0.0}, {""bias"": 0.0, ""count"": 359058, ""high"": 1.0, ""low"": 0.25, ""mae"": 0.0}, {""bias"": 0.0, ""count"": 84653, ""high"": 2.0, ""low"": 1.0, ""mae"": 0.0}, {""bias"": 0.0, ""count"": 2528, ""high"": ""Infinity"", ""low"": 2.0, ""mae"": 0.0}]",0.029104337903735216,0.029081001526662754,0.009210483453335068,0.027622866905892784,4.910618557901112
raw/e6/P1/d20/n4_M6/oracle_state/rep02.npz,e6,e1,P1,P1_ridge_lse_hjb,ridge_lse,20,4,6,oracle_state,oracle_state,1.0,2,16,float64,0.030361468563614658,0.03893840994082844,0.0026296095478581965,0.026396701728261737,0.025876035541425393,0.37360175279946956,0.03261654838661387,0.03976532692259954,1267200,1268400,14652000,293040000,0,13.039844200015068,0.0,0.0,0.0,0.0,0.0,,,,0,0,0,0.0,0.0,0.0,-0.09233243527354665,1267200,"[{""bias"": 0.0, ""count"": 1955, ""high"": -2.0, ""low"": ""-Infinity"", ""mae"": 0.0}, {""bias"": 0.0, ""count"": 83399, ""high"": -1.0, ""low"": -2.0, ""mae"": 0.0}, {""bias"": 0.0, ""count"": 358287, ""high"": -0.25, ""low"": -1.0, ""mae"": 0.0}, {""bias"": 0.0, ""count"": 375965, ""high"": 0.25, ""low"": -0.25, ""mae"": 0.0}, {""bias"": 0.0, ""count"": 360809, ""high"": 1.0, ""low"": 0.25, ""mae"": 0.0}, {""bias"": 0.0, ""count"": 84565, ""high"": 2.0, ""low"": 1.0, ""mae"": 0.0}, {""bias"": 0.0, ""count"": 2220, ""high"": ""Infinity"", ""low"": 2.0, ""mae"": 0.0}]",0.029104337903735216,0.029081001526662754,0.009210483453335068,0.027622866905892784,4.910618557901112
raw/e6/P1/d20/n4_M6/oracle_state/rep03.npz,e6,e1,P1,P1_ridge_lse_hjb,ridge_lse,20,4,6,oracle_state,oracle_state,1.0,3,16,float64,0.027950687170555273,0.03584659657995681,3.4390657985908585e-05,0.024314208851736126,0.023821409465657445,0.37405956197518786,0.030868538869360904,0.037634194925017996,1267200,1268400,14652000,293040000,0,13.314108700025827,0.0,0.0,0.0,0.0,0.0,,,,0,0,0,0.0,0.0,0.0,-0.09253731719623515,1267200,"[{""bias"": 0.0, ""count"": 2040, ""high"": -2.0, ""low"": ""-Infinity"", ""mae"": 0.0}, {""bias"": 0.0, ""count"": 82190, ""high"": -1.0, ""low"": -2.0, ""mae"": 0.0}, {""bias"": 0.0, ""count"": 359778, ""high"": -0.25, ""low"": -1.0, ""mae"": 0.0}, {""bias"": 0.0, ""count"": 374399, ""high"": 0.25, ""low"": -0.25, ""mae"": 0.0}, {""bias"": 0.0, ""count"": 361055, ""high"": 1.0, ""low"": 0.25, ""mae"": 0.0}, {""bias"": 0.0, ""count"": 85897, ""high"": 2.0, ""low"": 1.0, ""mae"": 0.0}, {""bias"": 0.0, ""count"": 1841, ""high"": ""Infinity"", ""low"": 2.0, ""mae"": 0.0}]",0.029104337903735216,0.029081001526662754,0.009210483453335068,0.027622866905892784,4.910618557901112
raw/e6/P1/d20/n4_M6/oracle_state/rep04.npz,e6,e1,P1,P1_ridge_lse_hjb,ridge_lse,20,4,6,oracle_state,oracle_state,1.0,4,16,float64,0.02896676947159422,0.03714971632492492,-7.203630169458677e-05,0.025902105343088674,0.024687381468283358,0.3726696505861287,0.029654847723832804,0.03615449129074881,1267200,1268400,14652000,293040000,0,13.310724999988452,0.0,0.0,0.0,0.0,0.0,,,,0,0,0,0.0,0.0,0.0,-0.09300073385409269,1267200,"[{""bias"": 0.0, ""count"": 2119, ""high"": -2.0, ""low"": ""-Infinity"", ""mae"": 0.0}, {""bias"": 0.0, ""count"": 85432, ""high"": -1.0, ""low"": -2.0, ""mae"": 0.0}, {""bias"": 0.0, ""count"": 358767, ""high"": -0.25, ""low"": -1.0, ""mae"": 0.0}, {""bias"": 0.0, ""count"": 372137, ""high"": 0.25, ""low"": -0.25, ""mae"": 0.0}, {""bias"": 0.0, ""count"": 361845, ""high"": 1.0, ""low"": 0.25, ""mae"": 0.0}, {""bias"": 0.0, ""count"": 84631, ""high"": 2.0, ""low"": 1.0, ""mae"": 0.0}, {""bias"": 0.0, ""count"": 2269, ""high"": ""Infinity"", ""low"": 2.0, ""mae"": 0.0}]",0.029104337903735216,0.029081001526662754,0.009210483453335068,0.027622866905892784,4.910618557901112
raw/e6/P1/d20/n4_M6/oracle_state/rep05.npz,e6,e1,P1,P1_ridge_lse_hjb,ridge_lse,20,4,6,oracle_state,oracle_state,1.0,5,16,float64,0.02861746016486715,0.03670172913507649,6.570504884105497e-05,0.025188859811535572,0.024389677158727904,0.3709488627436284,0.032466037363322535,0.03958182743100125,1267200,1268400,14652000,293040000,0,12.962488000048324,0.0,0.0,0.0,0.0,0.0,,,,0,0,0,0.0,0.0,0.0,-0.09324079343057783,1267200,"[{""bias"": 0.0, ""count"": 1900, ""high"": -2.0, ""low"": ""-Infinity"", ""mae"": 0.0}, {""bias"": 0.0, ""count"": 82537, ""high"": -1.0, ""low"": -2.0, ""mae"": 0.0}, {""bias"": 0.0, ""count"": 357854, ""high"": -0.25, ""low"": -1.0, ""mae"": 0.0}, {""bias"": 0.0, ""count"": 374556, ""high"": 0.25, ""low"": -0.25, ""mae"": 0.0}, {""bias"": 0.0, ""count"": 363879, ""high"": 1.0, ""low"": 0.25, ""mae"": 0.0}, {""bias"": 0.0, ""count"": 84481, ""high"": 2.0, ""low"": 1.0, ""mae"": 0.0}, {""bias"": 0.0, ""count"": 1993, ""high"": ""Infinity"", ""low"": 2.0, ""mae"": 0.0}]",0.029104337903735216,0.029081001526662754,0.009210483453335068,0.027622866905892784,4.910618557901112
raw/e6/P1/d20/n4_M6/oracle_state/rep06.npz,e6,e1,P1,P1_ridge_lse_hjb,ridge_lse,20,4,6,oracle_state,oracle_state,1.0,6,16,float64,0.029496473792052127,0.037829059089066974,-0.0024090752082713946,0.026165177042575392,0.02513883024434953,0.37360161270193104,0.027594317527257203,0.03364234144799154,1267200,1268400,14652000,293040000,0,13.288124999962747,0.0,0.0,0.0,0.0,0.0,,,,0,0,0,0.0,0.0,0.0,-0.0931537641442613,1267200,"[{""bias"": 0.0, ""count"": 2083, ""high"": -2.0, ""low"": ""-Infinity"", ""mae"": 0.0}, {""bias"": 0.0, ""count"": 83304, ""high"": -1.0, ""low"": -2.0, ""mae"": 0.0}, {""bias"": 0.0, ""count"": 362047, ""high"": -0.25, ""low"": -1.0, ""mae"": 0.0}, {""bias"": 0.0, ""count"": 371107, ""high"": 0.25, ""low"": -0.25, ""mae"": 0.0}, {""bias"": 0.0, ""count"": 363087, ""high"": 1.0, ""low"": 0.25, ""mae"": 0.0}, {""bias"": 0.0, ""count"": 83456, ""high"": 2.0, ""low"": 1.0, ""mae"": 0.0}, {""bias"": 0.0, ""count"": 2116, ""high"": ""Infinity"", ""low"": 2.0, ""mae"": 0.0}]",0.029104337903735216,0.029081001526662754,0.009210483453335068,0.027622866905892784,4.910618557901112
raw/e6/P1/d20/n4_M6/oracle_state/rep07.npz,e6,e1,P1,P1_ridge_lse_hjb,ridge_lse,20,4,6,oracle_state,oracle_state,1.0,7,16,float64,0.028212730536093186,0.03618266569888664,0.00010743963944356677,0.02505926989811067,0.024044740014568366,0.37209533031793773,0.03206061434087788,0.03908754523907941,1267200,1268400,14652000,293040000,0,13.238655100110918,0.0,0.0,0.0,0.0,0.0,,,,0,0,0,0.0,0.0,0.0,-0.0936087374891543,1267200,"[{""bias"": 0.0, ""count"": 2013, ""high"": -2.0, ""low"": ""-Infinity"", ""mae"": 0.0}, {""bias"": 0.0, ""count"": 81854, ""high"": -1.0, ""low"": -2.0, ""mae"": 0.0}, {""bias"": 0.0, ""count"": 358637, ""high"": -0.25, ""low"": -1.0, ""mae"": 0.0}, {""bias"": 0.0, ""count"": 374433, ""high"": 0.25, ""low"": -0.25, ""mae"": 0.0}, {""bias"": 0.0, ""count"": 362324, ""high"": 1.0, ""low"": 0.25, ""mae"": 0.0}, {""bias"": 0.0, ""count"": 85246, ""high"": 2.0, ""low"": 1.0, ""mae"": 0.0}, {""bias"": 0.0, ""count"": 2693, ""high"": ""Infinity"", ""low"": 2.0, ""mae"": 0.0}]",0.029104337903735216,0.029081001526662754,0.009210483453335068,0.027622866905892784,4.910618557901112
raw/e6/P1/d20/n4_M6/oracle_state/rep08.npz,e6,e1,P1,P1_ridge_lse_hjb,ridge_lse,20,4,6,oracle_state,oracle_state,1.0,8,16,float64,0.027888687131158357,0.03576708188371192,-0.00013582405649977208,0.02433454898993025,0.02376856896422903,0.375325742651632,0.03094385262784313,0.03772601568398722,1267200,1268400,14652000,293040000,0,13.335645300103351,0.0,0.0,0.0,0.0,0.0,,,,0,0,0,0.0,0.0,0.0,-0.0919417979215371,1267200,"[{""bias"": 0.0, ""count"": 1920, ""high"": -2.0, ""low"": ""-Infinity"", ""mae"": 0.0}, {""bias"": 0.0, ""count"": 83005, ""high"": -1.0, ""low"": -2.0, ""mae"": 0.0}, {""bias"": 0.0, ""count"": 359901, ""high"": -0.25, ""low"": -1.0, ""mae"": 0.0}, {""bias"": 0.0, ""count"": 376110, ""high"": 0.25, ""low"": -0.25, ""mae"": 0.0}, {""bias"": 0.0, ""count"": 359777, ""high"": 1.0, ""low"": 0.25, ""mae"": 0.0}, {""bias"": 0.0, ""count"": 83978, ""high"": 2.0, ""low"": 1.0, ""mae"": 0.0}, {""bias"": 0.0, ""count"": 2509, ""high"": ""Infinity"", ""low"": 2.0, ""mae"": 0.0}]",0.029104337903735216,0.029081001526662754,0.009210483453335068,0.027622866905892784,4.910618557901112
raw/e6/P1/d20/n4_M6/oracle_state/rep09.npz,e6,e1,P1,P1_ridge_lse_hjb,ridge_lse,20,4,6,oracle_state,oracle_state,1.0,9,16,float64,0.030054509658004557,0.03854473689841316,-0.0019434418482742544,0.026738310026557997,0.02561442502233335,0.37102035724906113,0.030987371891878782,0.03777907334481926,1267200,1268400,14652000,293040000,0,13.583789400057867,0.0,0.0,0.0,0.0,0.0,,,,0,0,0,0.0,0.0,0.0,-0.0927269609987436,1267200,"[{""bias"": 0.0, ""count"": 2241, ""high"": -2.0, ""low"": ""-Infinity"", ""mae"": 0.0}, {""bias"": 0.0, ""count"": 82587, ""high"": -1.0, ""low"": -2.0, ""mae"": 0.0}, {""bias"": 0.0, ""count"": 359519, ""high"": -0.25, ""low"": -1.0, ""mae"": 0.0}, {""bias"": 0.0, ""count"": 373166, ""high"": 0.25, ""low"": -0.25, ""mae"": 0.0}, {""bias"": 0.0, ""count"": 361887, ""high"": 1.0, ""low"": 0.25, ""mae"": 0.0}, {""bias"": 0.0, ""count"": 85675, ""high"": 2.0, ""low"": 1.0, ""mae"": 0.0}, {""bias"": 0.0, ""count"": 2125, ""high"": ""Infinity"", ""low"": 2.0, ""mae"": 0.0}]",0.029104337903735216,0.029081001526662754,0.009210483453335068,0.027622866905892784,4.910618557901112
raw/e6/P1/d20/n4_M6/raw/rep00.npz,e6,e1,P1,P1_ridge_lse_hjb,ridge_lse,20,4,6,raw,raw,1.0,0,16,float64,86239.85154387596,110602.11681183054,-32919.311036310435,32919.31252343483,73499.25972654959,893017.2361367287,79947.78647447709,97470.4566593722,1267200,1268400,14652000,293040000,0,12.947260100161657,1.0,0.534184816919192,0.0,3240.072422893727,0.0,,,,0,0,0,-1627.3106111608688,1627.6073799231087,14356233086.336376,-0.11817875509271829,1267200,"[{""bias"": -1.3638977828519294, ""count"": 1940, ""high"": -2.0, ""low"": ""-Infinity"", ""mae"": 1.3835860098718562}, {""bias"": -12.371419552763617, ""count"": 83623, ""high"": -1.0, ""low"": -2.0, ""mae"": 12.424746724886159}, {""bias"": -150.7622142769694, ""count"": 358198, ""high"": -0.25, ""low"": -1.0, ""mae"": 150.95437515694286}, {""bias"": -825.177833977728, ""count"": 374529, ""high"": 0.25, ""low"": -0.25, ""mae"": 825.5145820099169}, {""bias"": -3334.979675519804, ""count"": 362080, ""high"": 1.0, ""low"": 0.25, ""mae"": 3335.374481229857}, {""bias"": -5744.938171518616, ""count"": 84827, ""high"": 2.0, ""low"": 1.0, ""mae"": 5745.326536930952}, {""bias"": -1587.4994932836191, ""count"": 2003, ""high"": ""Infinity"", ""low"": 2.0, ""mae"": 1587.858520380701}]",103825.7480501532,91419.53619635434,71897.08972548286,79226.42144526273,4.910618557901112
raw/e6/P1/d20/n4_M6/raw/rep01.npz,e6,e1,P1,P1_ridge_lse_hjb,ridge_lse,20,4,6,raw,raw,1.0,1,16,float64,134985.83065450494,173118.55647612968,-35345.48210241191,35345.48240207611,115043.78137329982,1214915.96055502,81554.93027815559,99429.84849959324,1267200,1268400,14652000,293040000,0,13.272169499890879,1.0,0.5334303977272727,0.0,3258.1445141353934,0.0,,,,0,0,0,-1636.3558908905393,1636.6529728631915,24866905321.0407,-0.09771312581818756,1267200,"[{""bias"": -1.3783163613551073, ""count"": 1864, ""high"": -2.0, ""low"": ""-Infinity"", ""mae"": 1.3957620786442864}, {""bias"": -8.626165232049201, ""count"": 83888, ""high"": -1.0, ""low"": -2.0, ""mae"": 8.68099004374212}, {""bias"": -184.96683718030206, ""count"": 360465, ""high"": -0.25, ""low"": -1.0, ""mae"": 185.15824524617906}, {""bias"": -697.5864338277432, ""count"": 374744, ""high"": 0.25, ""low"": -0.25, ""mae"": 697.9236960121906}, {""bias"": -2961.792280107741, ""count"": 359058, ""high"": 1.0, ""low"": 0.25, ""mae"": 2962.190909680199}, {""bias"": -7870.657853009135, ""count"": 84653, ""high"": 2.0, ""low"": 1.0, ""mae"": 7871.040679279786}, {""bias"": -5950.779565490082, ""count"": 2528, ""high"": ""Infinity"", ""low"": 2.0, ""mae"": 5951.139215526387}]",103825.7480501532,91419.53619635434,71897.08972548286,79226.42144526273,4.910618557901112
raw/e6/P1/d20/n4_M6/raw/rep02.npz,e6,e1,P1,P1_ridge_lse_hjb,ridge_lse,20,4,6,raw,raw,1.0,2,16,float64,75253.40894306266,96512.06695520005,-31622.559107431312,31622.561812080316,64135.89251600681,709577.1067024684,65211.63103586812,79504.48332422237,1267200,1268400,14652000,293040000,0,13.548127199988812,1.0,0.5345849116161616,0.0,3189.4650330316485,0.0,,,,0,0,0,-1602.0782974917374,1602.3748077981056,11189524060.892147,-0.10392307700228144,1267200,"[{""bias"": -1.3770705397255432, ""count"": 1955, ""high"": -2.0, ""low"": ""-Infinity"", ""mae"": 1.3943748842594101}, {""bias"": -14.281662511437542, ""count"": 83399, ""high"": -1.0, ""low"": -2.0, ""mae"": 14.337048391683044}, {""bias"": -231.32091758604088, ""count"": 358287, ""high"": -0.25, ""low"": -1.0, ""mae"": 231.51374078796027}, {""bias"": -838.4813271641747, ""count"": 375965, ""high"": 0.25, ""low"": -0.25, ""mae"": 838.8164531005162}, {""bias"": -3245.425149383972, ""count"": 360809, ""high"": 1.0, ""low"": 0.25, ""mae"": 3245.818833178854}, {""bias"": -5390.016862285856, ""count"": 84565, ""high"": 2.0, ""low"": 1.0, ""mae"": 5390.406808813554}, {""bias"": -1826.8295437476481, ""count"": 2220, ""high"": ""Infinity"", ""low"": 2.0, ""mae"": 1827.2722237224232}]",103825.7480501532,91419.53619635434,71897.08972548286,79226.42144526273,4.910618557901112
raw/e6/P1/d20/n4_M6/raw/rep03.npz,e6,e1,P1,P1_ridge_lse_hjb,ridge_lse,20,4,6,raw,raw,1.0,3,16,float64,124705.05289333865,159933.51774402475,-36422.95122720378,36422.95168127944,106281.828038136,1194729.4785210732,76478.49216330565,93240.77481691624,1267200,1268400,14652000,293040000,0,13.011823100037873,1.0,0.5337657828282828,0.0,3345.970588768462,0.0,,,,0,0,0,-1680.2994654934794,1680.597094758814,18563455708.660973,-0.13435431491532207,1267200,"[{""bias"": -1.3207443821518905, ""count"": 2040, ""high"": -2.0, ""low"": ""-Infinity"", ""mae"": 1.3392279944780392}, {""bias"": -6.865068265075349, ""count"": 82190, ""high"": -1.0, ""low"": -2.0, ""mae"": 6.919503487925013}, {""bias"": -177.14430711663323, ""count"": 359778, ""high"": -0.25, ""low"": -1.0, ""mae"": 177.3361427524228}, {""bias"": -1021.5565765234103, ""count"": 374399, ""high"": 0.25, ""low"": -0.25, ""mae"": 1021.8979969440904}, {""bias"": -3211.1406709887888, ""count"": 361055, ""high"": 1.0, ""low"": 0.25, ""mae"": 3211.535143950125}, {""bias"": -6028.765949353999, ""count"": 85897, ""high"": 2.0, ""low"": 1.0, ""mae"": 6029.146469987393}, {""bias"": -2854.350602377569, ""count"": 1841, ""high"": ""Infinity"", ""low"": 2.0, ""mae"": 2854.723413969207}]",103825.7480501532,91419.53619635434,71897.08972548286,79226.42144526273,4.910618557901112
raw/e6/P1/d20/n4_M6/raw/rep04.npz,e6,e1,P1,P1_ridge_lse_hjb,ridge_lse,20,4,6,raw,raw,1.0,4,16,float64,151028.5274501804,193693.2234451393,-42158.72417423793,42158.72463065108,128716.42015213323,1837299.7149730534,88710.87481716761,108154.20739437405,1267200,1268400,14652000,293040000,0,13.459656400140375,1.0,0.5340246212121212,0.0,4035.4626608228286,0.0,,,,0,0,0,-2025.1054864413009,2025.4004731727373,51087807900.002396,-0.05457215961873165,1267200,"[{""bias"": -1.3715201547643816, ""count"": 2119, ""high"": -2.0, ""low"": ""-Infinity"", ""mae"": 1.3891164539746192}, {""bias"": -5.389413370017816, ""count"": 85432, ""high"": -1.0, ""low"": -2.0, ""mae"": 5.44298288594217}, {""bias"": -202.4678648641321, ""count"": 358767, ""high"": -0.25, ""low"": -1.0, ""mae"": 202.65663229530057}, {""bias"": -1606.8336227010834, ""count"": 372137, ""high"": 0.25, ""low"": -0.25, ""mae"": 1607.1744893956138}, {""bias"": -3203.8680558051096, ""count"": 361845, ""high"": 1.0, ""low"": 0.25, ""mae"": 3204.2597254758257}, {""bias"": -8691.785368104378, ""count"": 84631, ""high"": 2.0, ""low"": 1.0, ""mae"": 8692.164392320574}, {""bias"": -110.7013391436326, ""count"": 2269, ""high"": ""Infinity"", ""low"": 2.0, ""mae"": 111.06264549502359}]",103825.7480501532,91419.53619635434,71897.08972548286,79226.42144526273,4.910618557901112
raw/e6/P1/d20/n4_M6/raw/rep05.npz,e6,e1,P1,P1_ridge_lse_hjb,ridge_lse,20,4,6,raw,raw,1.0,5,16,float64,87233.07110755122,111875.91522677235,-32833.73715191599,32833.7377064211,74345.74660435825,871808.3051796849,182279.87044903843,222231.32116548304,1267200,1268400,14652000,293040000,0,13.319401500048116,1.0,0.5350465593434344,0.0,3327.8970069415113,0.0,,,,0,0,0,-1671.21229933738,1671.5073951838656,21397331306.249294,-0.13910640986030937,1267200,"[{""bias"": -1.3625971322104324, ""count"": 1900, ""high"": -2.0, ""low"": ""-Infinity"", ""mae"": 1.3822703183446283}, {""bias"": -7.027471590523822, ""count"": 82537, ""high"": -1.0, ""low"": -2.0, ""mae"": 7.081689733453533}, {""bias"": -146.03775912079516, ""count"": 357854, ""high"": -0.25, ""low"": -1.0, ""mae"": 146.22724479260737}, {""bias"": -853.3579382575988, ""count"": 374556, ""high"": 0.25, ""low"": -0.25, ""mae"": 853.6944652563674}, {""bias"": -3030.702498001632, ""count"": 363879, ""high"": 1.0, ""low"": 0.25, ""mae"": 3031.0965779876774}, {""bias"": -7542.610355432109, ""count"": 84481, ""high"": 2.0, ""low"": 1.0, ""mae"": 7542.982262738689}, {""bias"": -2644.6655700386086, ""count"": 1993, ""high"": ""Infinity"", ""low"": 2.0, ""mae"": 2645.046970033348}]",103825.7480501532,91419.53619635434,71897.08972548286,79226.42144526273,4.910618557901112
raw/e6/P1/d20/n4_M6/raw/rep06.npz,e6,e1,P1,P1_ridge_lse_hjb,ridge_lse,20,4,6,raw,raw,1.0,6,16,float64,95606.00128515746,122614.15033481581,-33810.60360308054,33810.60375313789,81481.70705395444,980612.7816022633,82674.95568807349,100795.35707699019,1267200,1268400,14652000,293040000,0,13.324929199879989,1.0,0.5332922979797979,0.0,3392.3518658479034,0.0,,,,0,0,0,-1703.4652396573078,1703.7609085138033,21754796440.31779,-0.008906778284614158,1267200,"[{""bias"": -1.420108408838903, ""count"": 2083, ""high"": -2.0, ""low"": ""-Infinity"", ""mae"": 1.4352649626883922}, {""bias"": -8.641483979035382, ""count"": 83304, ""high"": -1.0, ""low"": -2.0, ""mae"": 8.696687984193417}, {""bias"": -131.62840554124054, ""count"": 362047, ""high"": -0.25, ""low"": -1.0, ""mae"": 131.8192752628928}, {""bias"": -908.3927093909526, ""count"": 371107, ""high"": 0.25, ""low"": -0.25, ""mae"": 908.7333712280825}, {""bias"": -3403.1971504486687, ""count"": 363087, ""high"": 1.0, ""low"": 0.25, ""mae"": 3403.58743209076}, {""bias"": -6415.38515045608, ""count"": 83456, ""high"": 2.0, ""low"": 1.0, ""mae"": 6415.769331546636}, {""bias"": -984.2788280620321, ""count"": 2116, ""high"": ""Infinity"", ""low"": 2.0, ""mae"": 984.6318900759867}]",103825.7480501532,91419.53619635434,71897.08972548286,79226.42144526273,4.910618557901112
raw/e6/P1/d20/n4_M6/raw/rep07.npz,e6,e1,P1,P1_ridge_lse_hjb,ridge_lse,20,4,6,raw,raw,1.0,7,16,float64,123640.39922683353,158568.10550039358,-34688.533330836246,34688.53377405351,105374.46033106765,2063471.587360822,86734.00179740164,105744.05040953125,1267200,1268400,14652000,293040000,0,13.425753699848428,1.0,0.5354040404040404,0.0,3546.790367530944,0.0,,,,0,0,0,-1780.7274870337117,1781.0222743219276,64820772212.29388,-0.1327835473226528,1267200,"[{""bias"": -1.3902639568479822, ""count"": 2013, ""high"": -2.0, ""low"": ""-Infinity"", ""mae"": 1.4082514647003084}, {""bias"": -10.324076106713681, ""count"": 81854, ""high"": -1.0, ""low"": -2.0, ""mae"": 10.377903667825688}, {""bias"": -207.49189077240118, ""count"": 358637, ""high"": -0.25, ""low"": -1.0, ""mae"": 207.6830663374324}, {""bias"": -1764.1703229209904, ""count"": 374433, ""high"": 0.25, ""low"": -0.25, ""mae"": 1764.5021422371824}, {""bias"": -2947.747112287856, ""count"": 362324, ""high"": 1.0, ""low"": 0.25, ""mae"": 2948.1396783729315}, {""bias"": -5174.170604739269, ""count"": 85246, ""high"": 2.0, ""low"": 1.0, ""mae"": 5174.558356171745}, {""bias"": -4305.710436215704, ""count"": 2693, ""high"": ""Infinity"", ""low"": 2.0, ""mae"": 4306.0873896616495}]",103825.7480501532,91419.53619635434,71897.08972548286,79226.42144526273,4.910618557901112
raw/e6/P1/d20/n4_M6/raw/rep08.npz,e6,e1,P1,P1_ridge_lse_hjb,ridge_lse,20,4,6,raw,raw,1.0,8,16,float64,82022.35205109844,105193.19781204894,-32387.280922984854,32387.28199195133,69904.82994650136,975667.1673732235,118868.46351980031,144921.62863535545,1267200,1268400,14652000,293040000,0,13.432703400030732,1.0,0.5339883207070707,0.0,3372.277830381462,0.0,,,,0,0,0,-1693.4077581478575,1693.7030507253203,16672098761.47102,-0.11550520846642566,1267200,"[{""bias"": -1.3485811863254462, ""count"": 1920, ""high"": -2.0, ""low"": ""-Infinity"", ""mae"": 1.3694606567500776}, {""bias"": -14.375517668958054, ""count"": 83005, ""high"": -1.0, ""low"": -2.0, ""mae"": 14.430042859704816}, {""bias"": -151.15256740333479, ""count"": 359901, ""high"": -0.25, ""low"": -1.0, ""mae"": 151.34111906464454}, {""bias"": -908.6243599330941, ""count"": 376110, ""high"": 0.25, ""low"": -0.25, ""mae"": 908.961062894668}, {""bias"": -3564.789222785693, ""count"": 359777, ""high"": 1.0, ""low"": 0.25, ""mae"": 3565.185558336555}, {""bias"": -5504.880003702576, ""count"": 83978, ""high"": 2.0, ""low"": 1.0, ""mae"": 5505.256492397386}, {""bias"": -1486.5797817492155, ""count"": 2509, ""high"": ""Infinity"", ""low"": 2.0, ""mae"": 1486.9473930245993}]",103825.7480501532,91419.53619635434,71897.08972548286,79226.42144526273,4.910618557901112
raw/e6/P1/d20/n4_M6/raw/rep09.npz,e6,e1,P1,P1_ridge_lse_hjb,ridge_lse,20,4,6,raw,raw,1.0,9,16,float64,77542.98534592874,99448.43560874033,-30720.19972070269,30720.20135830595,66087.2197468105,875143.2718529709,76158.53237025991,92850.68737965163,1267200,1268400,14652000,293040000,0,13.468379999976605,1.0,0.5348540088383839,0.0,3226.2762322829235,0.0,,,,0,0,0,-1620.4543763478791,1620.7514469030045,14062597016.221045,-0.23081128334772058,1267200,"[{""bias"": -1.4188461237697394, ""count"": 2241, ""high"": -2.0, ""low"": ""-Infinity"", ""mae"": 1.439719127193263}, {""bias"": -8.559301813205881, ""count"": 82587, ""high"": -1.0, ""low"": -2.0, ""mae"": 8.613930086931035}, {""bias"": -188.31924378312286, ""count"": 359519, ""high"": -0.25, ""low"": -1.0, ""mae"": 188.5100910011032}, {""bias"": -865.7793426848568, ""count"": 373166, ""high"": 0.25, ""low"": -0.25, ""mae"": 866.1205001308523}, {""bias"": -3127.3966670692466, ""count"": 361887, ""high"": 1.0, ""low"": 0.25, ""mae"": 3127.7915986904345}, {""bias"": -6160.00498714235, ""count"": 85675, ""high"": 2.0, ""low"": 1.0, ""mae"": 6160.382288050015}, {""bias"": -1140.3923237223253, ""count"": 2125, ""high"": ""Infinity"", ""low"": 2.0, ""mae"": 1140.732093368531}]",103825.7480501532,91419.53619635434,71897.08972548286,79226.42144526273,4.910618557901112
raw/e6/P1/d20/n4_M6/segment/rep00.npz,e6,e1,P1,P1_ridge_lse_hjb,ridge_lse,20,4,6,segment,segment,1.0,0,16,float64,0.18817170576987896,0.24132913739598694,0.03360197924682294,0.15419754305394118,0.1603722736991461,1.6846951258499703,0.23723185782525721,0.2892274887905872,1267200,1268400,14652000,293040000,0,14.319029999896884,0.9999984217171717,0.5091066919191919,1.0,15.072497982985391,21.199478245696255,,,,0,0,0,0.6497036424416688,2.2905889354319555,8.455724446200186,-0.0912141320727878,1267200,"[{""bias"": -0.1839217445567309, ""count"": 1940, ""high"": -2.0, ""low"": ""-Infinity"", ""mae"": 0.31992898708213896}, {""bias"": -0.18531074340153247, ""count"": 83623, ""high"": -1.0, ""low"": -2.0, ""mae"": 0.6738633928900214}, {""bias"": -0.004330505797864894, ""count"": 358198, ""high"": -0.25, ""low"": -1.0, ""mae"": 1.500027792300096}, {""bias"": 0.46069292300615144, ""count"": 374529, ""high"": 0.25, ""low"": -0.25, ""mae"": 2.468969264307103}, {""bias"": 1.3159582985347513, ""count"": 362080, ""high"": 1.0, ""low"": 0.25, ""mae"": 3.0757605985117493}, {""bias"": 2.196156368748939, ""count"": 84827, ""high"": 2.0, ""low"": 1.0, ""mae"": 3.1132615455523394}, {""bias"": 2.691106296491781, ""count"": 2003, ""high"": ""Infinity"", ""low"": 2.0, ""mae"": 2.943374372993342}]",0.19477566433144572,0.19393251680877271,0.08688744791625688,0.1744555667808367,4.910618557901112
raw/e6/P1/d20/n4_M6/segment/rep01.npz,e6,e1,P1,P1_ridge_lse_hjb,ridge_lse,20,4,6,segment,segment,1.0,1,16,float64,0.18827488363564382,0.2414614624192497,0.038125914399155476,0.15453582573913163,0.16046020864590357,1.6237493064799693,0.22878399445442707,0.27892805291047473,1267200,1268400,14652000,293040000,0,14.415272299898788,1.0,0.5081699810606061,1.0,15.042816674196123,21.16425993566497,,,,0,0,0,0.6530100159375885,2.2881964320789128,8.452678036240059,-0.09258326299821654,1267200,"[{""bias"": -0.18559201373772022, ""count"": 1864, ""high"": -2.0, ""low"": ""-Infinity"", ""mae"": 0.31857479376731446}, {""bias"": -0.1803707333895142, ""count"": 83888, ""high"": -1.0, ""low"": -2.0, ""mae"": 0.6765178100291611}, {""bias"": -0.0006420580796916196, ""count"": 360465, ""high"": -0.25, ""low"": -1.0, ""mae"": 1.494073586698503}, {""bias"": 0.4625551739427713, ""count"": 374744, ""high"": 0.25, ""low"": -0.25, ""mae"": 2.4747033627575163}, {""bias"": 1.330892563616729, ""count"": 359058, ""high"": 1.0, ""low"": 0.25, ""mae"": 3.0804351894648425}, {""bias"": 2.188328244979324, ""count"": 84653, ""high"": 2.0, ""low"": 1.0, ""mae"": 3.10570348695998}, {""bias"": 2.6687761569045954, ""count"": 2528, ""high"": ""Infinity"", ""low"": 2.0, ""mae"": 2.908813814921718}]",0.19477566433144572,0.19393251680877271,0.08688744791625688,0.1744555667808367,4.910618557901112
raw/e6/P1/d20/n4_M6/segment/rep02.npz,e6,e1,P1,P1_ridge_lse_hjb,ridge_lse,20,4,6,segment,segment,1.0,2,16,float64,0.2037768668690209,0.26134266733436606,0.036382170712062754,0.16610934940355052,0.1736720158504524,1.6821150929430366,0.22031375115044527,0.2686013319434263,1267200,1268400,14652000,293040000,0,14.67644719989039,0.9999992108585859,0.5092850378787879,1.0,15.084276081609614,21.21723307279114,,,,0,0,0,0.6521524714101274,2.2916052902718316,8.467889344061861,-0.09069015097483632,1267200,"[{""bias"": -0.17221383605234433, ""count"": 1955, ""high"": -2.0, ""low"": ""-Infinity"", ""mae"": 0.3107085109487395}, {""bias"": -0.17401252437847767, ""count"": 83399, ""high"": -1.0, ""low"": -2.0, ""mae"": 0.6729469287662547}, {""bias"": -0.006524221037040975, ""count"": 358287, ""high"": -0.25, ""low"": -1.0, ""mae"": 1.497736721549603}, {""bias"": 0.4589019729231723, ""count"": 375965, ""high"": 0.25, ""low"": -0.25, ""mae"": 2.47322140094992}, {""bias"": 1.3257173474507074, ""count"": 360809, ""high"": 1.0, ""low"": 0.25, ""mae"": 3.0791096327700305}, {""bias"": 2.2085101620497256, ""count"": 84565, ""high"": 2.0, ""low"": 1.0, ""mae"": 3.112643245957131}, {""bias"": 2.689104235854531, ""count"": 2220, ""high"": ""Infinity"", ""low"": 2.0, ""mae"": 2.944262808521106}]",0.19477566433144572,0.19393251680877271,0.08688744791625688,0.1744555667808367,4.910618557901112
raw/e6/P1/d20/n4_M6/segment/rep03.npz,e6,e1,P1,P1_ridge_lse_hjb,ridge_lse,20,4,6,segment,segment,1.0,3,16,float64,0.20692036381169931,0.2653741842007287,0.036178854219142,0.1660418726301818,0.1763511101914484,1.6488426226669426,0.20072328802247758,0.24471710110407466,1267200,1268400,14652000,293040000,0,14.304177399957553,1.0,0.5088083964646465,1.0,15.102836693752854,21.230657077430752,,,,0,0,0,0.6541840434459554,2.291293992935962,8.465802615513425,-0.09148517378046524,1267200,"[{""bias"": -0.15466640922872663, ""count"": 2040, ""high"": -2.0, ""low"": ""-Infinity"", ""mae"": 0.30067312802124146}, {""bias"": -0.18168719932461738, ""count"": 82190, ""high"": -1.0, ""low"": -2.0, ""mae"": 0.6728552864379547}, {""bias"": -0.004743086003067698, ""count"": 359778, ""high"": -0.25, ""low"": -1.0, ""mae"": 1.494416454175287}, {""bias"": 0.4774553347726288, ""count"": 374399, ""high"": 0.25, ""low"": -0.25, ""mae"": 2.474272648245798}, {""bias"": 1.3197204020196187, ""count"": 361055, ""high"": 1.0, ""low"": 0.25, ""mae"": 3.081351263091912}, {""bias"": 2.1635613562004563, ""count"": 85897, ""high"": 2.0, ""low"": 1.0, ""mae"": 3.0937715321651984}, {""bias"": 2.630629434960448, ""count"": 1841, ""high"": ""Infinity"", ""low"": 2.0, ""mae"": 2.8821601303914286}]",0.19477566433144572,0.19393251680877271,0.08688744791625688,0.1744555667808367,4.910618557901112
raw/e6/P1/d20/n4_M6/segment/rep04.npz,e6,e1,P1,P1_ridge_lse_hjb,ridge_lse,20,4,6,segment,segment,1.0,4,16,float64,0.1965697407232557,0.252099569235502,0.04495318551020491,0.16505352203682983,0.16752963008579114,1.6498265393855245,0.2179711953942166,0.26574534318653253,1267200,1268400,14652000,293040000,0,13.036028900183737,1.0,0.5089180871212121,1.0,15.063732024023516,21.18543555233987,,,,0,0,0,0.6549465998907448,2.2876551405298646,8.452640011534344,-0.0918606411146296,1267200,"[{""bias"": -0.1792395917217691, ""count"": 2119, ""high"": -2.0, ""low"": ""-Infinity"", ""mae"": 0.31853714842438613}, {""bias"": -0.18119070498244227, ""count"": 85432, ""high"": -1.0, ""low"": -2.0, ""mae"": 0.6686990118841081}, {""bias"": -0.0048062179902594445, ""count"": 358767, ""high"": -0.25, ""low"": -1.0, ""mae"": 1.492037271994923}, {""bias"": 0.4741623445649264, ""count"": 372137, ""high"": 0.25, ""low"": -0.25, ""mae"": 2.47572638180387}, {""bias"": 1.3258702091744996, ""count"": 361845, ""high"": 1.0, ""low"": 0.25, ""mae"": 3.0813821255131995}, {""bias"": 2.187421419873224, ""count"": 84631, ""high"": 2.0, ""low"": 1.0, ""mae"": 3.1046888727107436}, {""bias"": 2.7304611506328555, ""count"": 2269, ""high"": ""Infinity"", ""low"": 2.0, ""mae"": 2.985701268750298}]",0.19477566433144572,0.19393251680877271,0.08688744791625688,0.1744555667808367,4.910618557901112
raw/e6/P1/d20/n4_M6/segment/rep05.npz,e6,e1,P1,P1_ridge_lse_hjb,ridge_lse,20,4,6,segment,segment,1.0,5,16,float64,0.19631671201969597,0.2517750613690474,0.016976610501792735,0.16445555418723615,0.16731398242327458,1.6307829802641964,0.20275133677911736,0.24718965034094764,1267200,1268400,14652000,293040000,0,12.853397500002757,1.0,0.5100741792929293,1.0,15.09273634105857,21.224463871088485,,,,0,0,0,0.6503332651937698,2.293161727543915,8.480988919473088,-0.09190116071870258,1267200,"[{""bias"": -0.17623297830560403, ""count"": 1900, ""high"": -2.0, ""low"": ""-Infinity"", ""mae"": 0.3158447908740512}, {""bias"": -0.18660674237689637, ""count"": 82537, ""high"": -1.0, ""low"": -2.0, ""mae"": 0.6796436428165237}, {""bias"": -0.009654469637382897, ""count"": 357854, ""high"": -0.25, ""low"": -1.0, ""mae"": 1.4882729643402348}, {""bias"": 0.46119194502355554, ""count"": 374556, ""high"": 0.25, ""low"": -0.25, ""mae"": 2.47644283727415}, {""bias"": 1.3155833495880531, ""count"": 363879, ""high"": 1.0, ""low"": 0.25, ""mae"": 3.078982469292489}, {""bias"": 2.2042315343995775, ""count"": 84481, ""high"": 2.0, ""low"": 1.0, ""mae"": 3.1083156720511402}, {""bias"": 2.8213544921717846, ""count"": 1993, ""high"": ""Infinity"", ""low"": 2.0, ""mae"": 3.0491990569693086}]",0.19477566433144572,0.19393251680877271,0.08688744791625688,0.1744555667808367,4.910618557901112
raw/e6/P1/d20/n4_M6/segment/rep06.npz,e6,e1,P1,P1_ridge_lse_hjb,ridge_lse,20,4,6,segment,segment,1.0,6,16,float64,0.19154832159784943,0.24565962790064488,0.03185708880208911,0.1585505045995262,0.16325004724923756,1.6572423112563106,0.21415857814035938,0.2610970901055107,1267200,1268400,14652000,293040000,0,13.323622499825433,1.0,0.5079805871212121,1.0,15.020517655349595,21.142334630501082,,,,0,0,0,0.6461650982313583,2.287815286925749,8.449705647695168,-0.09205608857047613,1267200,"[{""bias"": -0.17531377355760014, ""count"": 2083, ""high"": -2.0, ""low"": ""-Infinity"", ""mae"": 0.3122148010348809}, {""bias"": -0.1813930840830859, ""count"": 83304, ""high"": -1.0, ""low"": -2.0, ""mae"": 0.6765102201732759}, {""bias"": -0.009653410756007482, ""count"": 362047, ""high"": -0.25, ""low"": -1.0, ""mae"": 1.4914086508503461}, {""bias"": 0.46706180388473123, ""count"": 371107, ""high"": 0.25, ""low"": -0.25, ""mae"": 2.4787099485875084}, {""bias"": 1.3107144771349437, ""count"": 363087, ""high"": 1.0, ""low"": 0.25, ""mae"": 3.0753554631126234}, {""bias"": 2.1915821405017604, ""count"": 83456, ""high"": 2.0, ""low"": 1.0, ""mae"": 3.108937812672685}, {""bias"": 2.6736189121333234, ""count"": 2116, ""high"": ""Infinity"", ""low"": 2.0, ""mae"": 2.932626155941805}]",0.19477566433144572,0.19393251680877271,0.08688744791625688,0.1744555667808367,4.910618557901112
raw/e6/P1/d20/n4_M6/segment/rep07.npz,e6,e1,P1,P1_ridge_lse_hjb,ridge_lse,20,4,6,segment,segment,1.0,7,16,float64,0.18535429147607183,0.23771581966349478,0.0254207868006882,0.15219489555301463,0.1579710883859679,1.6554531324444923,0.19825089598371692,0.24170281901215046,1267200,1268400,14652000,293040000,0,13.20732710021548,1.0,0.5102833017676768,1.0,15.087336929805428,21.225663682008367,,,,0,0,0,0.6527514545578139,2.2931603210064666,8.481911828176216,-0.09261256367568728,1267200,"[{""bias"": -0.1785200703805989, ""count"": 2013, ""high"": -2.0, ""low"": ""-Infinity"", ""mae"": 0.31780177305337975}, {""bias"": -0.18029902512857693, ""count"": 81854, ""high"": -1.0, ""low"": -2.0, ""mae"": 0.6697324334823912}, {""bias"": -0.004765358327921067, ""count"": 358637, ""high"": -0.25, ""low"": -1.0, ""mae"": 1.4960333384635487}, {""bias"": 0.4548435619391945, ""count"": 374433, ""high"": 0.25, ""low"": -0.25, ""mae"": 2.469362916612938}, {""bias"": 1.3234757192567717, ""count"": 362324, ""high"": 1.0, ""low"": 0.25, ""mae"": 3.0795257096999498}, {""bias"": 2.1899074801999117, ""count"": 85246, ""high"": 2.0, ""low"": 1.0, ""mae"": 3.113512226732894}, {""bias"": 2.776429760925544, ""count"": 2693, ""high"": ""Infinity"", ""low"": 2.0, ""mae"": 3.003466511656313}]",0.19477566433144572,0.19393251680877271,0.08688744791625688,0.1744555667808367,4.910618557901112
raw/e6/P1/d20/n4_M6/segment/rep08.npz,e6,e1,P1,P1_ridge_lse_hjb,ridge_lse,20,4,6,segment,segment,1.0,8,16,float64,0.1906071502737466,0.24445258105553982,0.03243799830373382,0.1591190375640874,0.1624479192961042,1.6354749873503238,0.21660570588773748,0.2640805705689368,1267200,1268400,14652000,293040000,0,13.535546900006011,1.0,0.50875,1.0,15.034534447661823,21.161517123605506,,,,0,0,0,0.6456888508441593,2.2887498809963285,8.459570497801979,-0.09099902355684783,1267200,"[{""bias"": -0.1628426667729722, ""count"": 1920, ""high"": -2.0, ""low"": ""-Infinity"", ""mae"": 0.30562659325797265}, {""bias"": -0.17857867851471676, ""count"": 83005, ""high"": -1.0, ""low"": -2.0, ""mae"": 0.6736907587303612}, {""bias"": -0.012295085852704737, ""count"": 359901, ""high"": -0.25, ""low"": -1.0, ""mae"": 1.4944058340050144}, {""bias"": 0.45687915769951515, ""count"": 376110, ""high"": 0.25, ""low"": -0.25, ""mae"": 2.4716982968017343}, {""bias"": 1.3197529766046652, ""count"": 359777, ""high"": 1.0, ""low"": 0.25, ""mae"": 3.0792121586764147}, {""bias"": 2.19703956880272, ""count"": 83978, ""high"": 2.0, ""low"": 1.0, ""mae"": 3.1107165154417307}, {""bias"": 2.638872474426159, ""count"": 2509, ""high"": ""Infinity"", ""low"": 2.0, ""mae"": 2.89648461173737}]",0.19477566433144572,0.19393251680877271,0.08688744791625688,0.1744555667808367,4.910618557901112
raw/e6/P1/d20/n4_M6/segment/rep09.npz,e6,e1,P1,P1_ridge_lse_hjb,ridge_lse,20,4,6,segment,segment,1.0,9,16,float64,0.2002166071375947,0.25677665457290716,0.019723915400665377,0.16205158036756856,0.17063772891686532,1.6605406370452798,0.21836541510643076,0.26622596656671715,1267200,1268400,14652000,293040000,0,13.398525400087237,1.0,0.5097885101010101,1.0,15.077081398031245,21.207110249336864,,,,0,0,0,0.6573024722416032,2.2919959384788475,8.471261408392616,-0.09100022483414356,1267200,"[{""bias"": -0.2041034558309578, ""count"": 2241, ""high"": -2.0, ""low"": ""-Infinity"", ""mae"": 0.3422793149812305}, {""bias"": -0.1871066221301384, ""count"": 82587, ""high"": -1.0, ""low"": -2.0, ""mae"": 0.6768721674913409}, {""bias"": -0.004264327827828455, ""count"": 359519, ""high"": -0.25, ""low"": -1.0, ""mae"": 1.494955720329138}, {""bias"": 0.4778505460512164, ""count"": 373166, ""high"": 0.25, ""low"": -0.25, ""mae"": 2.4752088071289045}, {""bias"": 1.320642142132771, ""count"": 361887, ""high"": 1.0, ""low"": 0.25, ""mae"": 3.0769372712250482}, {""bias"": 2.197356397853026, ""count"": 85675, ""high"": 2.0, ""low"": 1.0, ""mae"": 3.1129723069102764}, {""bias"": 2.765864001629836, ""count"": 2125, ""high"": ""Infinity"", ""low"": 2.0, ""mae"": 3.017932985638195}]",0.19477566433144572,0.19393251680877271,0.08688744791625688,0.1744555667808367,4.910618557901112
raw/e6/P1/d50/n4_M6/box/rep00.npz,e6,e1,P1,P1_ridge_lse_hjb,ridge_lse,50,4,6,box,box,1.0,0,4,float64,0.13635378942638238,0.1811072030614486,0.020322084203325676,0.12587697527904634,0.11631970993486707,1.0309905444490273,0.1320433925192044,0.16516625217105507,1267200,1268400,14652000,732600000,0,27.569118299987167,1.0,0.7793000315656565,1.0,42.15137750880325,42.15137750880325,,,,0,0,0,0.06448904019361577,1.6025005653083808,3.881889774678835,-0.05569982233090376,1267200,"[{""bias"": -1.2414256455260932, ""count"": 3185, ""high"": -2.0, ""low"": ""-Infinity"", ""mae"": 1.243224263661998}, {""bias"": -1.5307292393762209, ""count"": 85602, ""high"": -1.0, ""low"": -2.0, ""mae"": 1.5542356804923945}, {""bias"": -1.3257320684659997, ""count"": 360742, ""high"": -0.25, ""low"": -1.0, ""mae"": 1.541195142492145}, {""bias"": -0.25771031757303303, ""count"": 372297, ""high"": 0.25, ""low"": -0.25, ""mae"": 1.242470399804762}, {""bias"": 1.4494255840241321, ""count"": 353367, ""high"": 1.0, ""low"": 0.25, ""mae"": 1.6875641639994223}, {""bias"": 3.001544130900817, ""count"": 88613, ""high"": 2.0, ""low"": 1.0, ""mae"": 3.0025741776307604}, {""bias"": 3.75514209962081, ""count"": 3394, ""high"": ""Infinity"", ""low"": 2.0, ""mae"": 3.75514209962081}]",0.14091833656974004,0.140472317393175,0.12253719085685681,0.06963580977484932,4.911133137475102
raw/e6/P1/d50/n4_M6/box/rep01.npz,e6,e1,P1,P1_ridge_lse_hjb,ridge_lse,50,4,6,box,box,1.0,1,4,float64,0.1404082534689832,0.18649240464446065,0.023571777412118557,0.12883058570154352,0.11977846295787199,1.0448881779645582,0.13335725367954748,0.16680969316107216,1267200,1268400,14652000,732600000,0,27.80732599995099,1.0,0.7787208017676768,1.0,42.07210168803468,42.072101688034664,,,,0,0,0,0.058711031858292725,1.6002578519395387,3.8719238419855126,-0.05491670355028041,1267200,"[{""bias"": -1.2991871789283302, ""count"": 3745, ""high"": -2.0, ""low"": ""-Infinity"", ""mae"": 1.3005190143749037}, {""bias"": -1.5330802514566104, ""count"": 85576, ""high"": -1.0, ""low"": -2.0, ""mae"": 1.5577352420353696}, {""bias"": -1.322399032807524, ""count"": 360214, ""high"": -0.25, ""low"": -1.0, ""mae"": 1.538072781842643}, {""bias"": -0.2683410505276312, ""count"": 375077, ""high"": 0.25, ""low"": -0.25, ""mae"": 1.2389808338994241}, {""bias"": 1.4584016846281522, ""count"": 351303, ""high"": 1.0, ""low"": 0.25, ""mae"": 1.695702747013899}, {""bias"": 2.990629779170968, ""count"": 88529, ""high"": 2.0, ""low"": 1.0, ""mae"": 2.99180752019394}, {""bias"": 3.757547834505745, ""count"": 2756, ""high"": ""Infinity"", ""low"": 2.0, ""mae"": 3.757547834505745}]",0.14091833656974004,0.140472317393175,0.12253719085685681,0.06963580977484932,4.911133137475102
raw/e6/P1/d50/n4_M6/box/rep02.npz,e6,e1,P1,P1_ridge_lse_hjb,ridge_lse,50,4,6,box,box,1.0,2,4,float64,0.13825880178207348,0.18363746981082257,0.027172834945505993,0.12723979011314576,0.11794482417311834,1.0424902609464373,0.1279713188497088,0.16007270577147126,1267200,1268400,14652000,732600000,0,27.818298999918625,1.0,0.7788604797979798,1.0,42.089358025962596,42.089358025962596,,,,0,0,0,0.058367764420292456,1.5992667345302456,3.8633078689400047,-0.05746340806343312,1267200,"[{""bias"": -1.2657465566169683, ""count"": 3087, ""high"": -2.0, ""low"": ""-Infinity"", ""mae"": 1.2673617894014622}, {""bias"": -1.5362773118237327, ""count"": 85228, ""high"": -1.0, ""low"": -2.0, ""mae"": 1.5605783096547776}, {""bias"": -1.31990648724817, ""count"": 360957, ""high"": -0.25, ""low"": -1.0, ""mae"": 1.5387088107347}, {""bias"": -0.2665074746836367, ""count"": 374488, ""high"": 0.25, ""low"": -0.25, ""mae"": 1.2408840942699277}, {""bias"": 1.4511019532743306, ""count"": 352451, ""high"": 1.0, ""low"": 0.25, ""mae"": 1.6906711237310912}, {""bias"": 2.979554196467305, ""count"": 87909, ""high"": 2.0, ""low"": 1.0, ""mae"": 2.9806349602896813}, {""bias"": 3.7877292636404483, ""count"": 3080, ""high"": ""Infinity"", ""low"": 2.0, ""mae"": 3.7877292636404483}]",0.14091833656974004,0.140472317393175,0.12253719085685681,0.06963580977484932,4.911133137475102
raw/e6/P1/d50/n4_M6/box/rep03.npz,e6,e1,P1,P1_ridge_lse_hjb,ridge_lse,50,4,6,box,box,1.0,3,4,float64,0.14039090039375976,0.1864693560226992,0.028290911535046193,0.1290714398896812,0.11976365952127549,1.047735576640633,0.13228729834492362,0.16547134135687608,1267200,1268400,14652000,732600000,0,27.659059500088915,1.0,0.7781684027777778,1.0,42.098128261496626,42.098128261496626,,,,0,0,0,0.06036440335530051,1.602271416279256,3.880687387312143,-0.058206878798699714,1267200,"[{""bias"": -1.288224739293627, ""count"": 3217, ""high"": -2.0, ""low"": ""-Infinity"", ""mae"": 1.2898984872387866}, {""bias"": -1.5274244326016981, ""count"": 85918, ""high"": -1.0, ""low"": -2.0, ""mae"": 1.5518998449001635}, {""bias"": -1.3275079867917405, ""count"": 360984, ""high"": -0.25, ""low"": -1.0, ""mae"": 1.5407755019472853}, {""bias"": -0.2662390358541386, ""count"": 372177, ""high"": 0.25, ""low"": -0.25, ""mae"": 1.2424333485838672}, {""bias"": 1.4521948173666073, ""count"": 353295, ""high"": 1.0, ""low"": 0.25, ""mae"": 1.6901011035818418}, {""bias"": 2.9971555158689784, ""count"": 88224, ""high"": 2.0, ""low"": 1.0, ""mae"": 2.9982056923823204}, {""bias"": 3.750137617716989, ""count"": 3385, ""high"": ""Infinity"", ""low"": 2.0, ""mae"": 3.750137617716989}]",0.14091833656974004,0.140472317393175,0.12253719085685681,0.06963580977484932,4.911133137475102
raw/e6/P1/d50/n4_M6/box/rep04.npz,e6,e1,P1,P1_ridge_lse_hjb,ridge_lse,50,4,6,box,box,1.0,4,4,float64,0.1420621662115178,0.18868915702052755,0.025167339615694992,0.1314542187252735,0.12118937094421052,1.0326020632512687,0.13666270458895663,0.17094431078961508,1267200,1268400,14652000,732600000,0,28.21136670000851,1.0,0.7772758838383839,1.0,41.992322570873384,41.992322570873384,,,,0,0,0,0.060852525302730276,1.5993427359210106,3.864811709032845,-0.05634806998286142,1267200,"[{""bias"": -1.3172652399871116, ""count"": 3128, ""high"": -2.0, ""low"": ""-Infinity"", ""mae"": 1.3189845097462707}, {""bias"": -1.5288664543714003, ""count"": 87590, ""high"": -1.0, ""low"": -2.0, ""mae"": 1.5531174195169348}, {""bias"": -1.3210452459720714, ""count"": 360434, ""high"": -0.25, ""low"": -1.0, ""mae"": 1.5405495009792844}, {""bias"": -0.2532169924444716, ""count"": 372123, ""high"": 0.25, ""low"": -0.25, ""mae"": 1.23864816920952}, {""bias"": 1.4536418119109935, ""count"": 354022, ""high"": 1.0, ""low"": 0.25, ""mae"": 1.692901826085035}, {""bias"": 2.9905991811005657, ""count"": 87236, ""high"": 2.0, ""low"": 1.0, ""mae"": 2.991756373700899}, {""bias"": 3.754981567289049, ""count"": 2667, ""high"": ""Infinity"", ""low"": 2.0, ""mae"": 3.754981567289049}]",0.14091833656974004,0.140472317393175,0.12253719085685681,0.06963580977484932,4.911133137475102
raw/e6/P1/d50/n4_M6/box/rep05.npz,e6,e1,P1,P1_ridge_lse_hjb,ridge_lse,50,4,6,box,box,1.0,5,4,float64,0.14053638131736684,0.18666258602594382,0.01938394399494168,0.1298049605030528,0.11988776534118867,1.0322265688544334,0.13371183927499666,0.16725322594796013,1267200,1268400,14652000,732600000,0,28.01056049996987,1.0,0.7791208964646464,1.0,42.130262837100425,42.13026283710042,,,,0,0,0,0.06459870368855453,1.599930448348136,3.871880012046061,-0.05514723726182138,1267200,"[{""bias"": -1.2946286333209969, ""count"": 3345, ""high"": -2.0, ""low"": ""-Infinity"", ""mae"": 1.2955910590936397}, {""bias"": -1.5286896218584871, ""count"": 86252, ""high"": -1.0, ""low"": -2.0, ""mae"": 1.5522884207627174}, {""bias"": -1.3237933728614362, ""count"": 358057, ""high"": -0.25, ""low"": -1.0, ""mae"": 1.5391375683265158}, {""bias"": -0.2596573009386608, ""count"": 373491, ""high"": 0.25, ""low"": -0.25, ""mae"": 1.2412983746998194}, {""bias"": 1.4515879858899576, ""count"": 356024, ""high"": 1.0, ""low"": 0.25, ""mae"": 1.6914240554212456}, {""bias"": 2.9980877402247725, ""count"": 87068, ""high"": 2.0, ""low"": 1.0, ""mae"": 2.999170649579484}, {""bias"": 3.7725385063400343, ""count"": 2963, ""high"": ""Infinity"", ""low"": 2.0, ""mae"": 3.7725385063400343}]",0.14091833656974004,0.140472317393175,0.12253719085685681,0.06963580977484932,4.911133137475102
raw/e6/P1/d50/n4_M6/box/rep06.npz,e6,e1,P1,P1_ridge_lse_hjb,ridge_lse,50,4,6,box,box,1.0,6,4,float64,0.1448097143216021,0.1923384927345364,0.02238968954189897,0.1333278393051515,0.1235332295237306,1.0361122385500916,0.12577646327571587,0.1573272744227543,1267200,1268400,14652000,732600000,0,26.86282470007427,1.0,0.7787515782828283,1.0,41.98634659180229,41.98634659180229,,,,0,0,0,0.055065246052464406,1.6012001081848795,3.8754615341753387,-0.05575991802902909,1267200,"[{""bias"": -1.2913933217867941, ""count"": 3666, ""high"": -2.0, ""low"": ""-Infinity"", ""mae"": 1.2931586508422768}, {""bias"": -1.528038261366595, ""count"": 85928, ""high"": -1.0, ""low"": -2.0, ""mae"": 1.551484955953125}, {""bias"": -1.3268111988643667, ""count"": 362505, ""high"": -0.25, ""low"": -1.0, ""mae"": 1.5435728897710792}, {""bias"": -0.26097479637958654, ""count"": 371951, ""high"": 0.25, ""low"": -0.25, ""mae"": 1.244132642337424}, {""bias"": 1.4485107003772084, ""count"": 353436, ""high"": 1.0, ""low"": 0.25, ""mae"": 1.6882044284578592}, {""bias"": 3.0050967891513936, ""count"": 86613, ""high"": 2.0, ""low"": 1.0, ""mae"": 3.0062359400612406}, {""bias"": 3.7482919939643224, ""count"": 3101, ""high"": ""Infinity"", ""low"": 2.0, ""mae"": 3.7482919939643224}]",0.14091833656974004,0.140472317393175,0.12253719085685681,0.06963580977484932,4.911133137475102
raw/e6/P1/d50/n4_M6/box/rep07.npz,e6,e1,P1,P1_ridge_lse_hjb,ridge_lse,50,4,6,box,box,1.0,7,4,float64,0.14186415612617653,0.18842615697568116,0.024645713543312717,0.1317639336962078,0.1210204539248305,1.036644758527939,0.1373565069881555,0.17181215233652397,1267200,1268400,14652000,732600000,0,26.434239099966362,1.0,0.7783049242424243,1.0,42.01757460516465,42.01757460516465,,,,0,0,0,0.062318641194004785,1.6002911898751855,3.8720173120647696,-0.05572586045615186,1267200,"[{""bias"": -1.278602181305051, ""count"": 3320, ""high"": -2.0, ""low"": ""-Infinity"", ""mae"": 1.2800667176294616}, {""bias"": -1.5324155744476244, ""count"": 84650, ""high"": -1.0, ""low"": -2.0, ""mae"": 1.5566639140219594}, {""bias"": -1.320108614484507, ""count"": 362651, ""high"": -0.25, ""low"": -1.0, ""mae"": 1.5393540428210806}, {""bias"": -0.25608259290534696, ""count"": 372110, ""high"": 0.25, ""low"": -0.25, ""mae"": 1.2419079371457753}, {""bias"": 1.449824471222315, ""count"": 353946, ""high"": 1.0, ""low"": 0.25, ""mae"": 1.6884139980548492}, {""bias"": 2.997380665922555, ""count"": 87353, ""high"": 2.0, ""low"": 1.0, ""mae"": 2.9983124863438224}, {""bias"": 3.777273481328263, ""count"": 3170, ""high"": ""Infinity"", ""low"": 2.0, ""mae"": 3.777273481328263}]",0.14091833656974004,0.140472317393175,0.12253719085685681,0.06963580977484932,4.911133137475102
raw/e6/P1/d50/n4_M6/box/rep08.npz,e6,e1,P1,P1_ridge_lse_hjb,ridge_lse,50,4,6,box,box,1.0,8,4,float64,0.13943598334601112,0.1852010204934778,0.024535133024079385,0.12838398843447008,0.11894904575459352,1.0362705305486992,0.12459403992964573,0.15584824219839244,1267200,1268400,14652000,732600000,0,26.394466900033876,1.0,0.7780421401515152,1.0,41.97421006241689,41.97421006241689,,,,0,0,0,0.056234345491713196,1.6035464583172774,3.88253595978992,-0.05772075912857177,1267200,"[{""bias"": -1.2632141540000688, ""count"": 3048, ""high"": -2.0, ""low"": ""-Infinity"", ""mae"": 1.2644572935623999}, {""bias"": -1.5322344115331046, ""count"": 85529, ""high"": -1.0, ""low"": -2.0, ""mae"": 1.556309997366011}, {""bias"": -1.327548590472167, ""count"": 364267, ""high"": -0.25, ""low"": -1.0, ""mae"": 1.5429219266317205}, {""bias"": -0.2627509133263075, ""count"": 371648, ""high"": 0.25, ""low"": -0.25, ""mae"": 1.2447690879163094}, {""bias"": 1.4572559402316352, ""count"": 351942, ""high"": 1.0, ""low"": 0.25, ""mae"": 1.6928305338667893}, {""bias"": 2.999380715953594, ""count"": 87802, ""high"": 2.0, ""low"": 1.0, ""mae"": 3.0004784260605404}, {""bias"": 3.769471806601412, ""count"": 2964, ""high"": ""Infinity"", ""low"": 2.0, ""mae"": 3.769471806601412}]",0.14091833656974004,0.140472317393175,0.12253719085685681,0.06963580977484932,4.911133137475102
raw/e6/P1/d50/n4_M6/box/rep09.npz,e6,e1,P1,P1_ridge_lse_hjb,ridge_lse,50,4,6,box,box,1.0,9,4,float64,0.14506321930352725,0.19267520195568638,0.022542200529803238,0.13337299543497178,0.1237494877303314,1.0377046267951284,0.1360161071538053,0.17013551549141925,1267200,1268400,14652000,732600000,0,25.824726999970153,1.0,0.777382417929293,1.0,42.00392105461326,42.00392105461326,,,,0,0,0,0.05233588049920109,1.6052584815492272,3.8943361927657834,-0.05749454611485436,1267200,"[{""bias"": -1.2551703470986553, ""count"": 3340, ""high"": -2.0, ""low"": ""-Infinity"", ""mae"": 1.2569522978217904}, {""bias"": -1.5345683309971943, ""count"": 85986, ""high"": -1.0, ""low"": -2.0, ""mae"": 1.559947659824068}, {""bias"": -1.3289805390737204, ""count"": 365911, ""high"": -0.25, ""low"": -1.0, ""mae"": 1.543196618248702}, {""bias"": -0.2681680851984049, ""count"": 369137, ""high"": 0.25, ""low"": -0.25, ""mae"": 1.245117521103402}, {""bias"": 1.4568175009420925, ""count"": 351738, ""high"": 1.0, ""low"": 0.25, ""mae"": 1.6948000696970609}, {""bias"": 2.994045252260301, ""count"": 87715, ""high"": 2.0, ""low"": 1.0, ""mae"": 2.9952940807917026}, {""bias"": 3.7658749740668886, ""count"": 3373, ""high"": ""Infinity"", ""low"": 2.0, ""mae"": 3.7658749740668886}]",0.14091833656974004,0.140472317393175,0.12253719085685681,0.06963580977484932,4.911133137475102
raw/e6/P1/d50/n4_M6/centre/rep00.npz,e6,e3,P1,P1_ridge_lse_hjb,ridge_lse,50,4,6,centre,centre,0.0,0,4,float64,0.2529303492094936,0.335945985127303,0.14991940044993768,0.2340908605942652,0.21576800305690993,0.4348897405362172,0.23585022189033047,0.2950128475203488,1267200,1268400,14652000,732600000,0,31.374998099869117,1.0,0.7756376262626262,1.0,41.03588413543236,53.8969668984112,,,,0,0,0,0.8349047420307804,1.9526247586709375,5.7143066051641185,-0.0562984434778645,1267200,"[{""bias"": -2.6741594202874848, ""count"": 3185, ""high"": -2.0, ""low"": ""-Infinity"", ""mae"": 2.6741594202874848}, {""bias"": -2.2954178914509766, ""count"": 85602, ""high"": -1.0, ""low"": -2.0, ""mae"": 2.2954178914509766}, {""bias"": -1.1948647461927664, ""count"": 360742, ""high"": -0.25, ""low"": -1.0, ""mae"": 1.2958897821769297}, {""bias"": 0.6363333240604357, ""count"": 372297, ""high"": 0.25, ""low"": -0.25, ""mae"": 0.9259835624938966}, {""bias"": 2.877366821197411, ""count"": 353367, ""high"": 1.0, ""low"": 0.25, ""mae"": 2.877366821197411}, {""bias"": 4.753730951882983, ""count"": 88613, ""high"": 2.0, ""low"": 1.0, ""mae"": 4.753730951882983}, {""bias"": 5.634919733965158, ""count"": 3394, ""high"": ""Infinity"", ""low"": 2.0, ""mae"": 5.634919733965158}]",0.2534614847590245,0.25334039256596796,0.25250616792482805,0.021998340990878253,4.911133137475102
raw/e6/P1/d50/n4_M6/centre/rep01.npz,e6,e3,P1,P1_ridge_lse_hjb,ridge_lse,50,4,6,centre,centre,0.0,1,4,float64,0.253355339855205,0.33651046424809505,0.1515546702443621,0.23291432108868657,0.2161305510201323,0.43462485377146004,0.23566596075378504,0.2947823647921838,1267200,1268400,14652000,732600000,0,31.408918499946594,1.0,0.7750426136363636,1.0,40.96098285781107,53.80727386506259,,,,0,0,0,0.826730785991373,1.9460046272216887,5.684655978144744,-0.05507821357802532,1267200,"[{""bias"": -2.679673049239711, ""count"": 3745, ""high"": -2.0, ""low"": ""-Infinity"", ""mae"": 2.679673049239711}, {""bias"": -2.289991944972166, ""count"": 85576, ""high"": -1.0, ""low"": -2.0, ""mae"": 2.289991944972166}, {""bias"": -1.193382173038994, ""count"": 360214, ""high"": -0.25, ""low"": -1.0, ""mae"": 1.2935236674707786}, {""bias"": 0.623320004917323, ""count"": 375077, ""high"": 0.25, ""low"": -0.25, ""mae"": 0.917974325680761}, {""bias"": 2.887509098681615, ""count"": 351303, ""high"": 1.0, ""low"": 0.25, ""mae"": 2.887509098681615}, {""bias"": 4.741809676735269, ""count"": 88529, ""high"": 2.0, ""low"": 1.0, ""mae"": 4.741809676735269}, {""bias"": 5.638123762503054, ""count"": 2756, ""high"": ""Infinity"", ""low"": 2.0, ""mae"": 5.638123762503054}]",0.2534614847590245,0.25334039256596796,0.25250616792482805,0.021998340990878253,4.911133137475102
raw/e6/P1/d50/n4_M6/centre/rep02.npz,e6,e3,P1,P1_ridge_lse_hjb,ridge_lse,50,4,6,centre,centre,0.0,2,4,float64,0.2536049173563085,0.3368419569287318,0.15339591461339494,0.2346340117109288,0.21634345879964292,0.43853022141004916,0.2339255136095093,0.29260532945222895,1267200,1268400,14652000,732600000,0,31.419105400098488,1.0,0.7750220959595959,1.0,40.978530955471314,53.82728799349364,,,,0,0,0,0.8279225342749099,1.9440676926644787,5.670265819323837,-0.05814980631425731,1267200,"[{""bias"": -2.678396071283859, ""count"": 3087, ""high"": -2.0, ""low"": ""-Infinity"", ""mae"": 2.678396071283859}, {""bias"": -2.293114796199657, ""count"": 85228, ""high"": -1.0, ""low"": -2.0, ""mae"": 2.293114796199657}, {""bias"": -1.1934857649600188, ""count"": 360957, ""high"": -0.25, ""low"": -1.0, ""mae"": 1.2946759454581827}, {""bias"": 0.6281459908031566, ""count"": 374488, ""high"": 0.25, ""low"": -0.25, ""mae"": 0.9188046104617894}, {""bias"": 2.8787429081781264, ""count"": 352451, ""high"": 1.0, ""low"": 0.25, ""mae"": 2.8787429081781264}, {""bias"": 4.7366156278237455, ""count"": 87909, ""high"": 2.0, ""low"": 1.0, ""mae"": 4.7366156278237455}, {""bias"": 5.651356317486727, ""count"": 3080, ""high"": ""Infinity"", ""low"": 2.0, ""mae"": 5.651356317486727}]",0.2534614847590245,0.25334039256596796,0.25250616792482805,0.021998340990878253,4.911133137475102
raw/e6/P1/d50/n4_M6/centre/rep03.npz,e6,e3,P1,P1_ridge_lse_hjb,ridge_lse,50,4,6,centre,centre,0.0,3,4,float64,0.25477295316862497,0.3383933600832327,0.15077961398135648,0.2357732060681673,0.21733987838910757,0.4398833046655542,0.23551192738936735,0.2945896924211943,1267200,1268400,14652000,732600000,0,31.708282300038263,1.0,0.774391571969697,1.0,40.98630857973571,53.835867240306136,,,,0,0,0,0.8281731565611256,1.9517378046087663,5.708272029964566,-0.05857533399477903,1267200,"[{""bias"": -2.67444023167459, ""count"": 3217, ""high"": -2.0, ""low"": ""-Infinity"", ""mae"": 2.67444023167459}, {""bias"": -2.2956101122849626, ""count"": 85918, ""high"": -1.0, ""low"": -2.0, ""mae"": 2.2956101122849626}, {""bias"": -1.2009096647601871, ""count"": 360984, ""high"": -0.25, ""low"": -1.0, ""mae"": 1.2985180032999617}, {""bias"": 0.6256693477369275, ""count"": 372177, ""high"": 0.25, ""low"": -0.25, ""mae"": 0.9208297605882076}, {""bias"": 2.8810624735114696, ""count"": 353295, ""high"": 1.0, ""low"": 0.25, ""mae"": 2.8810624735114696}, {""bias"": 4.749157691480133, ""count"": 88224, ""high"": 2.0, ""low"": 1.0, ""mae"": 4.749157691480133}, {""bias"": 5.640681443303395, ""count"": 3385, ""high"": ""Infinity"", ""low"": 2.0, ""mae"": 5.640681443303395}]",0.2534614847590245,0.25334039256596796,0.25250616792482805,0.021998340990878253,4.911133137475102
raw/e6/P1/d50/n4_M6/centre/rep04.npz,e6,e3,P1,P1_ridge_lse_hjb,ridge_lse,50,4,6,centre,centre,0.0,4,4,float64,0.25449080433815574,0.3380186056613108,0.15276776934751363,0.23436222612630955,0.21709918489421673,0.43738727282182244,0.24187130172179674,0.30254430495121853,1267200,1268400,14652000,732600000,0,31.510192099958658,1.0,0.7734816919191919,1.0,40.88429096668304,53.7153853317545,,,,0,0,0,0.8250504697880053,1.9484732306893031,5.680089004817569,-0.05641078412422309,1267200,"[{""bias"": -2.6740288429778163, ""count"": 3128, ""high"": -2.0, ""low"": ""-Infinity"", ""mae"": 2.6740288429778163}, {""bias"": -2.296002830960179, ""count"": 87590, ""high"": -1.0, ""low"": -2.0, ""mae"": 2.296002830960179}, {""bias"": -1.1931954568531944, ""count"": 360434, ""high"": -0.25, ""low"": -1.0, ""mae"": 1.2951562198914628}, {""bias"": 0.634720504046947, ""count"": 372123, ""high"": 0.25, ""low"": -0.25, ""mae"": 0.9243351583119847}, {""bias"": 2.8815906476195963, ""count"": 354022, ""high"": 1.0, ""low"": 0.25, ""mae"": 2.8815906476195963}, {""bias"": 4.741439532224489, ""count"": 87236, ""high"": 2.0, ""low"": 1.0, ""mae"": 4.741439532224489}, {""bias"": 5.653774046958854, ""count"": 2667, ""high"": ""Infinity"", ""low"": 2.0, ""mae"": 5.653774046958854}]",0.2534614847590245,0.25334039256596796,0.25250616792482805,0.021998340990878253,4.911133137475102
raw/e6/P1/d50/n4_M6/centre/rep05.npz,e6,e3,P1,P1_ridge_lse_hjb,ridge_lse,50,4,6,centre,centre,0.0,5,4,float64,0.2540724475843526,0.3374629377779179,0.15216912620156323,0.23455394169613844,0.21674229612378806,0.43769266940084695,0.24118540373817046,0.301686350629038,1267200,1268400,14652000,732600000,0,31.603052800055593,1.0,0.7752564709595959,1.0,41.016952625113,53.87190106174437,,,,0,0,0,0.8347881874608496,1.9509300252411748,5.697815187880681,-0.055604388340711616,1267200,"[{""bias"": -2.678285352364591, ""count"": 3345, ""high"": -2.0, ""low"": ""-Infinity"", ""mae"": 2.678285352364591}, {""bias"": -2.293508252220129, ""count"": 86252, ""high"": -1.0, ""low"": -2.0, ""mae"": 2.293508252220129}, {""bias"": -1.19714938553792, ""count"": 358057, ""high"": -0.25, ""low"": -1.0, ""mae"": 1.2954429403508199}, {""bias"": 0.6348333024353823, ""count"": 373491, ""high"": 0.25, ""low"": -0.25, ""mae"": 0.9248743739904752}, {""bias"": 2.882758348423199, ""count"": 356024, ""high"": 1.0, ""low"": 0.25, ""mae"": 2.882758348423199}, {""bias"": 4.744800284523856, ""count"": 87068, ""high"": 2.0, ""low"": 1.0, ""mae"": 4.744800284523856}, {""bias"": 5.640868238357129, ""count"": 2963, ""high"": ""Infinity"", ""low"": 2.0, ""mae"": 5.640868238357129}]",0.2534614847590245,0.25334039256596796,0.25250616792482805,0.021998340990878253,4.911133137475102
raw/e6/P1/d50/n4_M6/centre/rep06.npz,e6,e3,P1,P1_ridge_lse_hjb,ridge_lse,50,4,6,centre,centre,0.0,6,4,float64,0.2533254452767309,0.336470757808568,0.15175612824788823,0.23520287969451706,0.2161050487681497,0.43917251410089087,0.2366687188646788,0.2960366630637642,1267200,1268400,14652000,732600000,0,31.570011799922213,1.0,0.7749155618686868,1.0,40.87148668903236,53.703481306080164,,,,0,0,0,0.8216584692789455,1.9470751577507914,5.677994673360076,-0.056002113701173764,1267200,"[{""bias"": -2.6746323661862044, ""count"": 3666, ""high"": -2.0, ""low"": ""-Infinity"", ""mae"": 2.6746323661862044}, {""bias"": -2.2973095070583502, ""count"": 85928, ""high"": -1.0, ""low"": -2.0, ""mae"": 2.2973095070583502}, {""bias"": -1.193510753805844, ""count"": 362505, ""high"": -0.25, ""low"": -1.0, ""mae"": 1.292591568950747}, {""bias"": 0.6301735514983258, ""count"": 371951, ""high"": 0.25, ""low"": -0.25, ""mae"": 0.9272198774034776}, {""bias"": 2.878549485352421, ""count"": 353436, ""high"": 1.0, ""low"": 0.25, ""mae"": 2.878549485352421}, {""bias"": 4.75438518993836, ""count"": 86613, ""high"": 2.0, ""low"": 1.0, ""mae"": 4.75438518993836}, {""bias"": 5.643140484073895, ""count"": 3101, ""high"": ""Infinity"", ""low"": 2.0, ""mae"": 5.643140484073895}]",0.2534614847590245,0.25334039256596796,0.25250616792482805,0.021998340990878253,4.911133137475102
raw/e6/P1/d50/n4_M6/centre/rep07.npz,e6,e3,P1,P1_ridge_lse_hjb,ridge_lse,50,4,6,centre,centre,0.0,7,4,float64,0.25266663365707503,0.3355957140691736,0.15199457909743685,0.23367856229933212,0.21554303449027393,0.4361365899177222,0.24149203613912523,0.30206990124443545,1267200,1268400,14652000,732600000,0,31.45279229991138,1.0,0.7744333964646465,1.0,40.90118492653875,53.739396104091014,,,,0,0,0,0.8298987412877996,1.9463377827903718,5.678325476291714,-0.056018001022484956,1267200,"[{""bias"": -2.675577670296322, ""count"": 3320, ""high"": -2.0, ""low"": ""-Infinity"", ""mae"": 2.675577670296322}, {""bias"": -2.290898284158987, ""count"": 84650, ""high"": -1.0, ""low"": -2.0, ""mae"": 2.290898284158987}, {""bias"": -1.1920476278492111, ""count"": 362651, ""high"": -0.25, ""low"": -1.0, ""mae"": 1.2954962265642225}, {""bias"": 0.6331696313103591, ""count"": 372110, ""high"": 0.25, ""low"": -0.25, ""mae"": 0.920789882865778}, {""bias"": 2.8781259278387683, ""count"": 353946, ""high"": 1.0, ""low"": 0.25, ""mae"": 2.8781259278387683}, {""bias"": 4.745309529914797, ""count"": 87353, ""high"": 2.0, ""low"": 1.0, ""mae"": 4.745309529914797}, {""bias"": 5.654723135053926, ""count"": 3170, ""high"": ""Infinity"", ""low"": 2.0, ""mae"": 5.654723135053926}]",0.2534614847590245,0.25334039256596796,0.25250616792482805,0.021998340990878253,4.911133137475102
raw/e6/P1/d50/n4_M6/centre/rep08.npz,e6,e3,P1,P1_ridge_lse_hjb,ridge_lse,50,4,6,centre,centre,0.0,8,4,float64,0.2522546643266852,0.3350485300599292,0.15059870264134467,0.23403505159411317,0.215191594657068,0.43689494759622,0.2374410606064381,0.2970027454132698,1267200,1268400,14652000,732600000,0,30.84139610012062,1.0,0.7742266414141414,1.0,40.86358176147418,53.69197302637296,,,,0,0,0,0.822035105363277,1.948048103945386,5.680700751015388,-0.057829372341784625,1267200,"[{""bias"": -2.6754401092386475, ""count"": 3048, ""high"": -2.0, ""low"": ""-Infinity"", ""mae"": 2.6754401092386475}, {""bias"": -2.2907886636744657, ""count"": 85529, ""high"": -1.0, ""low"": -2.0, ""mae"": 2.2907886636744657}, {""bias"": -1.1981250957496514, ""count"": 364267, ""high"": -0.25, ""low"": -1.0, ""mae"": 1.2989909028599604}, {""bias"": 0.6284657169912524, ""count"": 371648, ""high"": 0.25, ""low"": -0.25, ""mae"": 0.9220217382828375}, {""bias"": 2.885228226132141, ""count"": 351942, ""high"": 1.0, ""low"": 0.25, ""mae"": 2.885228226132141}, {""bias"": 4.743241998472249, ""count"": 87802, ""high"": 2.0, ""low"": 1.0, ""mae"": 4.743241998472249}, {""bias"": 5.646684122311979, ""count"": 2964, ""high"": ""Infinity"", ""low"": 2.0, ""mae"": 5.646684122311979}]",0.2534614847590245,0.25334039256596796,0.25250616792482805,0.021998340990878253,4.911133137475102
raw/e6/P1/d50/n4_M6/centre/rep09.npz,e6,e3,P1,P1_ridge_lse_hjb,ridge_lse,50,4,6,centre,centre,0.0,9,4,float64,0.2531412928176134,0.33622616367628927,0.15027449256492104,0.23524291929115743,0.21594795331287517,0.4370274968717604,0.23739201691487416,0.2969413991953811,1267200,1268400,14652000,732600000,0,31.071035399800166,1.0,0.7734816919191919,1.0,40.89969358809887,53.731104330349446,,,,0,0,0,0.8176479514413451,1.9493595308707337,5.695038064217979,-0.057659110268465284,1267200,"[{""bias"": -2.676940267216833, ""count"": 3340, ""high"": -2.0, ""low"": ""-Infinity"", ""mae"": 2.676940267216833}, {""bias"": -2.288284535333848, ""count"": 85986, ""high"": -1.0, ""low"": -2.0, ""mae"": 2.288284535333848}, {""bias"": -1.1983033499744102, ""count"": 365911, ""high"": -0.25, ""low"": -1.0, ""mae"": 1.296963018490077}, {""bias"": 0.6219226602723794, ""count"": 369137, ""high"": 0.25, ""low"": -0.25, ""mae"": 0.918984922267983}, {""bias"": 2.887441631275151, ""count"": 351738, ""high"": 1.0, ""low"": 0.25, ""mae"": 2.887441631275151}, {""bias"": 4.743091697046181, ""count"": 87715, ""high"": 2.0, ""low"": 1.0, ""mae"": 4.743091697046181}, {""bias"": 5.650571584301444, ""count"": 3373, ""high"": ""Infinity"", ""low"": 2.0, ""mae"": 5.650571584301444}]",0.2534614847590245,0.25334039256596796,0.25250616792482805,0.021998340990878253,4.911133137475102
raw/e6/P1/d50/n4_M6/oracle_state/rep00.npz,e6,e1,P1,P1_ridge_lse_hjb,ridge_lse,50,4,6,oracle_state,oracle_state,1.0,0,4,float64,0.028422046765312615,0.03775060023342123,-0.0020979475369569695,0.02648773830591038,0.024246075223903686,0.5996452101029359,0.028780987697794712,0.03600064934059176,1267200,1268400,14652000,732600000,0,26.40421720012091,0.0,0.0,0.0,0.0,0.0,,,,0,0,0,0.0,0.0,0.0,-0.056774674679114324,1267200,"[{""bias"": 0.0, ""count"": 3185, ""high"": -2.0, ""low"": ""-Infinity"", ""mae"": 0.0}, {""bias"": 0.0, ""count"": 85602, ""high"": -1.0, ""low"": -2.0, ""mae"": 0.0}, {""bias"": 0.0, ""count"": 360742, ""high"": -0.25, ""low"": -1.0, ""mae"": 0.0}, {""bias"": 0.0, ""count"": 372297, ""high"": 0.25, ""low"": -0.25, ""mae"": 0.0}, {""bias"": 0.0, ""count"": 353367, ""high"": 1.0, ""low"": 0.25, ""mae"": 0.0}, {""bias"": 0.0, ""count"": 88613, ""high"": 2.0, ""low"": 1.0, ""mae"": 0.0}, {""bias"": 0.0, ""count"": 3394, ""high"": ""Infinity"", ""low"": 2.0, ""mae"": 0.0}]",0.028693650248339343,0.028564615543521958,0.00939562965111607,0.027116544595587086,4.911133137475102
raw/e6/P1/d50/n4_M6/oracle_state/rep01.npz,e6,e1,P1,P1_ridge_lse_hjb,ridge_lse,50,4,6,oracle_state,oracle_state,1.0,1,4,float64,0.027981023994829792,0.03716482699760164,-0.0003001027909293341,0.02558695359114828,0.023869850690995266,0.5968948073091911,0.0286838629517234,0.035879161017733564,1267200,1268400,14652000,732600000,0,26.42300710012205,0.0,0.0,0.0,0.0,0.0,,,,0,0,0,0.0,0.0,0.0,-0.056717727290583185,1267200,"[{""bias"": 0.0, ""count"": 3745, ""high"": -2.0, ""low"": ""-Infinity"", ""mae"": 0.0}, {""bias"": 0.0, ""count"": 85576, ""high"": -1.0, ""low"": -2.0, ""mae"": 0.0}, {""bias"": 0.0, ""count"": 360214, ""high"": -0.25, ""low"": -1.0, ""mae"": 0.0}, {""bias"": 0.0, ""count"": 375077, ""high"": 0.25, ""low"": -0.25, ""mae"": 0.0}, {""bias"": 0.0, ""count"": 351303, ""high"": 1.0, ""low"": 0.25, ""mae"": 0.0}, {""bias"": 0.0, ""count"": 88529, ""high"": 2.0, ""low"": 1.0, ""mae"": 0.0}, {""bias"": 0.0, ""count"": 2756, ""high"": ""Infinity"", ""low"": 2.0, ""mae"": 0.0}]",0.028693650248339343,0.028564615543521958,0.00939562965111607,0.027116544595587086,4.911133137475102
raw/e6/P1/d50/n4_M6/oracle_state/rep02.npz,e6,e1,P1,P1_ridge_lse_hjb,ridge_lse,50,4,6,oracle_state,oracle_state,1.0,2,4,float64,0.028370990818781566,0.0376827869389408,0.0018574733871091968,0.02586035025396954,0.024202520784265994,0.6011966231939957,0.0268348444869866,0.033566319426881236,1267200,1268400,14652000,732600000,0,26.8214391998481,0.0,0.0,0.0,0.0,0.0,,,,0,0,0,0.0,0.0,0.0,-0.0585805181785628,1267200,"[{""bias"": 0.0, ""count"": 3087, ""high"": -2.0, ""low"": ""-Infinity"", ""mae"": 0.0}, {""bias"": 0.0, ""count"": 85228, ""high"": -1.0, ""low"": -2.0, ""mae"": 0.0}, {""bias"": 0.0, ""count"": 360957, ""high"": -0.25, ""low"": -1.0, ""mae"": 0.0}, {""bias"": 0.0, ""count"": 374488, ""high"": 0.25, ""low"": -0.25, ""mae"": 0.0}, {""bias"": 0.0, ""count"": 352451, ""high"": 1.0, ""low"": 0.25, ""mae"": 0.0}, {""bias"": 0.0, ""count"": 87909, ""high"": 2.0, ""low"": 1.0, ""mae"": 0.0}, {""bias"": 0.0, ""count"": 3080, ""high"": ""Infinity"", ""low"": 2.0, ""mae"": 0.0}]",0.028693650248339343,0.028564615543521958,0.00939562965111607,0.027116544595587086,4.911133137475102
raw/e6/P1/d50/n4_M6/oracle_state/rep03.npz,e6,e1,P1,P1_ridge_lse_hjb,ridge_lse,50,4,6,oracle_state,oracle_state,1.0,3,4,float64,0.02806861488268957,0.03728116656381896,0.0010976724776488099,0.025167990656752123,0.023944572095597576,0.5999125731468864,0.02890096891377644,0.03615072763982771,1267200,1268400,14652000,732600000,0,26.35783620015718,0.0,0.0,0.0,0.0,0.0,,,,0,0,0,0.0,0.0,0.0,-0.05948066877258756,1267200,"[{""bias"": 0.0, ""count"": 3217, ""high"": -2.0, ""low"": ""-Infinity"", ""mae"": 0.0}, {""bias"": 0.0, ""count"": 85918, ""high"": -1.0, ""low"": -2.0, ""mae"": 0.0}, {""bias"": 0.0, ""count"": 360984, ""high"": -0.25, ""low"": -1.0, ""mae"": 0.0}, {""bias"": 0.0, ""count"": 372177, ""high"": 0.25, ""low"": -0.25, ""mae"": 0.0}, {""bias"": 0.0, ""count"": 353295, ""high"": 1.0, ""low"": 0.25, ""mae"": 0.0}, {""bias"": 0.0, ""count"": 88224, ""high"": 2.0, ""low"": 1.0, ""mae"": 0.0}, {""bias"": 0.0, ""count"": 3385, ""high"": ""Infinity"", ""low"": 2.0, ""mae"": 0.0}]",0.028693650248339343,0.028564615543521958,0.00939562965111607,0.027116544595587086,4.911133137475102
raw/e6/P1/d50/n4_M6/oracle_state/rep04.npz,e6,e1,P1,P1_ridge_lse_hjb,ridge_lse,50,4,6,oracle_state,oracle_state,1.0,4,4,float64,0.028816730904879236,0.038274825786010054,0.0026839462453743666,0.02670512148764355,0.024582769530848987,0.5998548083083921,0.02959977977476137,0.03702483401261363,1267200,1268400,14652000,732600000,0,26.099471900146455,0.0,0.0,0.0,0.0,0.0,,,,0,0,0,0.0,0.0,0.0,-0.05795167095006618,1267200,"[{""bias"": 0.0, ""count"": 3128, ""high"": -2.0, ""low"": ""-Infinity"", ""mae"": 0.0}, {""bias"": 0.0, ""count"": 87590, ""high"": -1.0, ""low"": -2.0, ""mae"": 0.0}, {""bias"": 0.0, ""count"": 360434, ""high"": -0.25, ""low"": -1.0, ""mae"": 0.0}, {""bias"": 0.0, ""count"": 372123, ""high"": 0.25, ""low"": -0.25, ""mae"": 0.0}, {""bias"": 0.0, ""count"": 354022, ""high"": 1.0, ""low"": 0.25, ""mae"": 0.0}, {""bias"": 0.0, ""count"": 87236, ""high"": 2.0, ""low"": 1.0, ""mae"": 0.0}, {""bias"": 0.0, ""count"": 2667, ""high"": ""Infinity"", ""low"": 2.0, ""mae"": 0.0}]",0.028693650248339343,0.028564615543521958,0.00939562965111607,0.027116544595587086,4.911133137475102
raw/e6/P1/d50/n4_M6/oracle_state/rep05.npz,e6,e1,P1,P1_ridge_lse_hjb,ridge_lse,50,4,6,oracle_state,oracle_state,1.0,5,4,float64,0.02929838677221007,0.03891456852684176,0.0010257847948108867,0.027071317533184567,0.024993657053755704,0.600830523212501,0.03194927000856127,0.0399636898616315,1267200,1268400,14652000,732600000,0,26.609766999958083,0.0,0.0,0.0,0.0,0.0,,,,0,0,0,0.0,0.0,0.0,-0.056512504535573646,1267200,"[{""bias"": 0.0, ""count"": 3345, ""high"": -2.0, ""low"": ""-Infinity"", ""mae"": 0.0}, {""bias"": 0.0, ""count"": 86252, ""high"": -1.0, ""low"": -2.0, ""mae"": 0.0}, {""bias"": 0.0, ""count"": 358057, ""high"": -0.25, ""low"": -1.0, ""mae"": 0.0}, {""bias"": 0.0, ""count"": 373491, ""high"": 0.25, ""low"": -0.25, ""mae"": 0.0}, {""bias"": 0.0, ""count"": 356024, ""high"": 1.0, ""low"": 0.25, ""mae"": 0.0}, {""bias"": 0.0, ""count"": 87068, ""high"": 2.0, ""low"": 1.0, ""mae"": 0.0}, {""bias"": 0.0, ""count"": 2963, ""high"": ""Infinity"", ""low"": 2.0, ""mae"": 0.0}]",0.028693650248339343,0.028564615543521958,0.00939562965111607,0.027116544595587086,4.911133137475102
raw/e6/P1/d50/n4_M6/oracle_state/rep06.npz,e6,e1,P1,P1_ridge_lse_hjb,ridge_lse,50,4,6,oracle_state,oracle_state,1.0,6,4,float64,0.029550765264228916,0.039249781526749454,0.001883134188608296,0.02666663702471332,0.025208954282449743,0.6044491325816156,0.02876664656126883,0.035982710754444716,1267200,1268400,14652000,732600000,0,26.255055000074208,0.0,0.0,0.0,0.0,0.0,,,,0,0,0,0.0,0.0,0.0,-0.05744929819315337,1267200,"[{""bias"": 0.0, ""count"": 3666, ""high"": -2.0, ""low"": ""-Infinity"", ""mae"": 0.0}, {""bias"": 0.0, ""count"": 85928, ""high"": -1.0, ""low"": -2.0, ""mae"": 0.0}, {""bias"": 0.0, ""count"": 362505, ""high"": -0.25, ""low"": -1.0, ""mae"": 0.0}, {""bias"": 0.0, ""count"": 371951, ""high"": 0.25, ""low"": -0.25, ""mae"": 0.0}, {""bias"": 0.0, ""count"": 353436, ""high"": 1.0, ""low"": 0.25, ""mae"": 0.0}, {""bias"": 0.0, ""count"": 86613, ""high"": 2.0, ""low"": 1.0, ""mae"": 0.0}, {""bias"": 0.0, ""count"": 3101, ""high"": ""Infinity"", ""low"": 2.0, ""mae"": 0.0}]",0.028693650248339343,0.028564615543521958,0.00939562965111607,0.027116544595587086,4.911133137475102
raw/e6/P1/d50/n4_M6/oracle_state/rep07.npz,e6,e1,P1,P1_ridge_lse_hjb,ridge_lse,50,4,6,oracle_state,oracle_state,1.0,7,4,float64,0.029298711993417725,0.03891500049065841,0.0011180500702638945,0.027229408575470355,0.024993934491124317,0.5992668636850685,0.027603884747344414,0.034528272124010544,1267200,1268400,14652000,732600000,0,26.046134000178427,0.0,0.0,0.0,0.0,0.0,,,,0,0,0,0.0,0.0,0.0,-0.05695966118939553,1267200,"[{""bias"": 0.0, ""count"": 3320, ""high"": -2.0, ""low"": ""-Infinity"", ""mae"": 0.0}, {""bias"": 0.0, ""count"": 84650, ""high"": -1.0, ""low"": -2.0, ""mae"": 0.0}, {""bias"": 0.0, ""count"": 362651, ""high"": -0.25, ""low"": -1.0, ""mae"": 0.0}, {""bias"": 0.0, ""count"": 372110, ""high"": 0.25, ""low"": -0.25, ""mae"": 0.0}, {""bias"": 0.0, ""count"": 353946, ""high"": 1.0, ""low"": 0.25, ""mae"": 0.0}, {""bias"": 0.0, ""count"": 87353, ""high"": 2.0, ""low"": 1.0, ""mae"": 0.0}, {""bias"": 0.0, ""count"": 3170, ""high"": ""Infinity"", ""low"": 2.0, ""mae"": 0.0}]",0.028693650248339343,0.028564615543521958,0.00939562965111607,0.027116544595587086,4.911133137475102
raw/e6/P1/d50/n4_M6/oracle_state/rep08.npz,e6,e1,P1,P1_ridge_lse_hjb,ridge_lse,50,4,6,oracle_state,oracle_state,1.0,8,4,float64,0.02853683172186051,0.03790305938047811,-0.0008127828615961519,0.026067833357777976,0.02434399514902426,0.597129081436442,0.024668144105610218,0.030856105952795553,1267200,1268400,14652000,732600000,0,26.66300439997576,0.0,0.0,0.0,0.0,0.0,,,,0,0,0,0.0,0.0,0.0,-0.05930718985606727,1267200,"[{""bias"": 0.0, ""count"": 3048, ""high"": -2.0, ""low"": ""-Infinity"", ""mae"": 0.0}, {""bias"": 0.0, ""count"": 85529, ""high"": -1.0, ""low"": -2.0, ""mae"": 0.0}, {""bias"": 0.0, ""count"": 364267, ""high"": -0.25, ""low"": -1.0, ""mae"": 0.0}, {""bias"": 0.0, ""count"": 371648, ""high"": 0.25, ""low"": -0.25, ""mae"": 0.0}, {""bias"": 0.0, ""count"": 351942, ""high"": 1.0, ""low"": 0.25, ""mae"": 0.0}, {""bias"": 0.0, ""count"": 87802, ""high"": 2.0, ""low"": 1.0, ""mae"": 0.0}, {""bias"": 0.0, ""count"": 2964, ""high"": ""Infinity"", ""low"": 2.0, ""mae"": 0.0}]",0.028693650248339343,0.028564615543521958,0.00939562965111607,0.027116544595587086,4.911133137475102
raw/e6/P1/d50/n4_M6/oracle_state/rep09.npz,e6,e1,P1,P1_ridge_lse_hjb,ridge_lse,50,4,6,oracle_state,oracle_state,1.0,9,4,float64,0.028592399365183402,0.0379768651801208,-8.976997268844155e-05,0.026558554234902856,0.02439139839450995,0.6033679899292133,0.03204813177803837,0.0400873509372522,1267200,1268400,14652000,732600000,0,26.473650499945506,0.0,0.0,0.0,0.0,0.0,,,,0,0,0,0.0,0.0,0.0,-0.058866593036584966,1267200,"[{""bias"": 0.0, ""count"": 3340, ""high"": -2.0, ""low"": ""-Infinity"", ""mae"": 0.0}, {""bias"": 0.0, ""count"": 85986, ""high"": -1.0, ""low"": -2.0, ""mae"": 0.0}, {""bias"": 0.0, ""count"": 365911, ""high"": -0.25, ""low"": -1.0, ""mae"": 0.0}, {""bias"": 0.0, ""count"": 369137, ""high"": 0.25, ""low"": -0.25, ""mae"": 0.0}, {""bias"": 0.0, ""count"": 351738, ""high"": 1.0, ""low"": 0.25, ""mae"": 0.0}, {""bias"": 0.0, ""count"": 87715, ""high"": 2.0, ""low"": 1.0, ""mae"": 0.0}, {""bias"": 0.0, ""count"": 3373, ""high"": ""Infinity"", ""low"": 2.0, ""mae"": 0.0}]",0.028693650248339343,0.028564615543521958,0.00939562965111607,0.027116544595587086,4.911133137475102
raw/e6/P1/d50/n4_M6/raw/rep00.npz,e6,e1,P1,P1_ridge_lse_hjb,ridge_lse,50,4,6,raw,raw,1.0,0,4,float64,18811443.148310147,24985648.499188103,-7626076.852401248,7626076.852413686,16047530.616294753,256576917.96503884,13669335.781667633,17098265.33271917,1267200,1268400,14652000,732600000,0,24.261948799947277,1.0,0.7942155934343434,0.0,699585.2661953142,0.0,,,,0,0,0,-349842.0142670031,349842.04578112124,487055879447809.06,-0.016186876569534044,1267200,"[{""bias"": -6.914791609231851, ""count"": 3185, ""high"": -2.0, ""low"": ""-Infinity"", ""mae"": 6.916433859048047}, {""bias"": -764.6715195526144, ""count"": 85602, ""high"": -1.0, ""low"": -2.0, ""mae"": 764.677614755749}, {""bias"": -27589.939637698786, ""count"": 360742, ""high"": -0.25, ""low"": -1.0, ""mae"": 27589.962928236}, {""bias"": -205074.8883888816, ""count"": 372297, ""high"": 0.25, ""low"": -0.25, ""mae"": 205074.9277980956}, {""bias"": -675722.6097084976, ""count"": 353367, ""high"": 1.0, ""low"": 0.25, ""mae"": 675722.6471035578}, {""bias"": -1316232.6314344394, ""count"": 88613, ""high"": 2.0, ""low"": 1.0, ""mae"": 1316232.6649979856}, {""bias"": -453539.10508462915, ""count"": 3394, ""high"": ""Infinity"", ""low"": 2.0, ""mae"": 453539.14796757285}]",18036995.47781831,16529672.575189216,14291665.971805625,12040254.746853767,4.911133137475102
raw/e6/P1/d50/n4_M6/raw/rep01.npz,e6,e1,P1,P1_ridge_lse_hjb,ridge_lse,50,4,6,raw,raw,1.0,1,4,float64,15541910.939989155,20643005.46697497,-6893318.145800064,6893318.14591508,13258381.596714817,230816003.3870417,15119734.107837236,18912493.60357917,1267200,1268400,14652000,732600000,0,24.236260500038043,1.0,0.7935763888888889,0.0,660625.4590016637,0.0,,,,0,0,0,-330362.1091445501,330362.14064787584,378301664886834.1,-0.10471428272874071,1267200,"[{""bias"": -7.797387455490416, ""count"": 3745, ""high"": -2.0, ""low"": ""-Infinity"", ""mae"": 7.799005482485759}, {""bias"": -2237.60056325067, ""count"": 85576, ""high"": -1.0, ""low"": -2.0, ""mae"": 2237.6064153085485}, {""bias"": -25791.87731704562, ""count"": 360214, ""high"": -0.25, ""low"": -1.0, ""mae"": 25791.899977229474}, {""bias"": -189617.71803052907, ""count"": 375077, ""high"": 0.25, ""low"": -0.25, ""mae"": 189617.75769707278}, {""bias"": -667690.8411680032, ""count"": 351303, ""high"": 1.0, ""low"": 0.25, ""mae"": 667690.879073632}, {""bias"": -1160555.159295834, ""count"": 88529, ""high"": 2.0, ""low"": 1.0, ""mae"": 1160555.1928021396}, {""bias"": -263761.6862097351, ""count"": 2756, ""high"": ""Infinity"", ""low"": 2.0, ""mae"": 263761.71922683675}]",18036995.47781831,16529672.575189216,14291665.971805625,12040254.746853767,4.911133137475102
raw/e6/P1/d50/n4_M6/raw/rep02.npz,e6,e1,P1,P1_ridge_lse_hjb,ridge_lse,50,4,6,raw,raw,1.0,2,4,float64,32119095.281766426,42661077.01015156,-8043875.194928042,8043875.194930619,27399926.780638147,475205873.38786215,27686105.33218247,34631117.602227405,1267200,1268400,14652000,732600000,0,24.311295999912545,1.0,0.7937389520202021,0.0,750281.046670508,0.0,,,,0,0,0,-375190.35008765035,375190.3814303399,1469539737345138.2,-0.024032472655068842,1267200,"[{""bias"": -4.898024427365009, ""count"": 3087, ""high"": -2.0, ""low"": ""-Infinity"", ""mae"": 4.899815061389884}, {""bias"": -706.1048086172301, ""count"": 85228, ""high"": -1.0, ""low"": -2.0, ""mae"": 706.1109038426056}, {""bias"": -50250.43142450071, ""count"": 360957, ""high"": -0.25, ""low"": -1.0, ""mae"": 50250.455106573856}, {""bias"": -177395.75456726432, ""count"": 374488, ""high"": 0.25, ""low"": -0.25, ""mae"": 177395.79214265375}, {""bias"": -701783.7965776914, ""count"": 352451, ""high"": 1.0, ""low"": 0.25, ""mae"": 701783.8350551716}, {""bias"": -1615110.2810784264, ""count"": 87909, ""high"": 2.0, ""low"": 1.0, ""mae"": 1615110.3135539081}, {""bias"": -481512.89325778367, ""count"": 3080, ""high"": ""Infinity"", ""low"": 2.0, ""mae"": 481512.94403331704}]",18036995.47781831,16529672.575189216,14291665.971805625,12040254.746853767,4.911133137475102
raw/e6/P1/d50/n4_M6/raw/rep03.npz,e6,e1,P1,P1_ridge_lse_hjb,ridge_lse,50,4,6,raw,raw,1.0,3,4,float64,16026929.353046076,21287214.392825663,-7322078.945800115,7322078.945815393,13672137.615943829,233446221.13235185,14901381.660114218,18639367.81701214,1267200,1268400,14652000,732600000,0,24.40668680006638,1.0,0.7929529671717171,0.0,690785.6970982715,0.0,,,,0,0,0,-345443.83911389223,345443.87039921613,366794400881367.75,-0.05338272230750668,1267200,"[{""bias"": -331.9920335875847, ""count"": 3217, ""high"": -2.0, ""low"": ""-Infinity"", ""mae"": 331.99374892044654}, {""bias"": -2772.4011357919467, ""count"": 85918, ""high"": -1.0, ""low"": -2.0, ""mae"": 2772.407074086779}, {""bias"": -31294.794740971498, ""count"": 360984, ""high"": -0.25, ""low"": -1.0, ""mae"": 31294.817477437384}, {""bias"": -233257.6071768095, ""count"": 372177, ""high"": 0.25, ""low"": -0.25, ""mae"": 233257.64592865325}, {""bias"": -673603.9521812672, ""count"": 353295, ""high"": 1.0, ""low"": 0.25, ""mae"": 673603.9900524376}, {""bias"": -1135206.893763792, ""count"": 88224, ""high"": 2.0, ""low"": 1.0, ""mae"": 1135206.9274064016}, {""bias"": -373331.70270357205, ""count"": 3385, ""high"": ""Infinity"", ""low"": 2.0, ""mae"": 373331.7473744974}]",18036995.47781831,16529672.575189216,14291665.971805625,12040254.746853767,4.911133137475102
raw/e6/P1/d50/n4_M6/raw/rep04.npz,e6,e1,P1,P1_ridge_lse_hjb,ridge_lse,50,4,6,raw,raw,1.0,4,4,float64,16149701.341904864,21450282.039203845,-7277723.259632745,7277723.259632745,13776871.061140016,282093460.2078364,10175968.638763864,12728593.0042306,1267200,1268400,14652000,732600000,0,24.703310600016266,1.0,0.7919902146464647,0.0,720964.9102281698,0.0,,,,0,0,0,-360532.9139879016,360532.9454044804,519361005479922.44,-0.09301566739497305,1267200,"[{""bias"": -24.388974903220188, ""count"": 3128, ""high"": -2.0, ""low"": ""-Infinity"", ""mae"": 24.391193829274684}, {""bias"": -3574.834856095115, ""count"": 87590, ""high"": -1.0, ""low"": -2.0, ""mae"": 3574.8405864038455}, {""bias"": -31070.28505640982, ""count"": 360434, ""high"": -0.25, ""low"": -1.0, ""mae"": 31070.308806860176}, {""bias"": -232901.0753239297, ""count"": 372123, ""high"": 0.25, ""low"": -0.25, ""mae"": 232901.11361009054}, {""bias"": -671202.8106497545, ""count"": 354022, ""high"": 1.0, ""low"": 0.25, ""mae"": 671202.8491584759}, {""bias"": -1368688.4403262595, ""count"": 87236, ""high"": 2.0, ""low"": 1.0, ""mae"": 1368688.4724757103}, {""bias"": -625426.4502332906, ""count"": 2667, ""high"": ""Infinity"", ""low"": 2.0, ""mae"": 625426.4716339182}]",18036995.47781831,16529672.575189216,14291665.971805625,12040254.746853767,4.911133137475102
raw/e6/P1/d50/n4_M6/raw/rep05.npz,e6,e1,P1,P1_ridge_lse_hjb,ridge_lse,50,4,6,raw,raw,1.0,5,4,float64,16264228.537875377,21602398.824692145,-7672404.728723996,7672404.728736539,13874571.097721225,284149800.77144814,19278272.134128705,24114193.796290312,1267200,1268400,14652000,732600000,0,24.759015999967232,1.0,0.7938691603535354,0.0,694114.7922642871,0.0,,,,0,0,0,-347107.53608175955,347107.56687428744,605403031172985.6,-0.07263216043912031,1267200,"[{""bias"": -5.7056648275743465, ""count"": 3345, ""high"": -2.0, ""low"": ""-Infinity"", ""mae"": 5.706725718487765}, {""bias"": -2790.288379964035, ""count"": 86252, ""high"": -1.0, ""low"": -2.0, ""mae"": 2790.29404340555}, {""bias"": -21360.529812620436, ""count"": 358057, ""high"": -0.25, ""low"": -1.0, ""mae"": 21360.552727980994}, {""bias"": -225865.5343459315, ""count"": 373491, ""high"": 0.25, ""low"": -0.25, ""mae"": 225865.57156851632}, {""bias"": -711000.0802496035, ""count"": 356024, ""high"": 1.0, ""low"": 0.25, ""mae"": 711000.1172810441}, {""bias"": -1079879.4895897433, ""count"": 87068, ""high"": 2.0, ""low"": 1.0, ""mae"": 1079879.5260180724}, {""bias"": -152180.62845410866, ""count"": 2963, ""high"": ""Infinity"", ""low"": 2.0, ""mae"": 152180.6504354223}]",18036995.47781831,16529672.575189216,14291665.971805625,12040254.746853767,4.911133137475102
raw/e6/P1/d50/n4_M6/raw/rep06.npz,e6,e1,P1,P1_ridge_lse_hjb,ridge_lse,50,4,6,raw,raw,1.0,6,4,float64,16795116.612503055,22307532.541466527,-7431009.140882951,7431009.1408832865,14327457.277917279,377036777.11562645,15985535.953300977,19995480.364292935,1267200,1268400,14652000,732600000,0,25.20282920007594,1.0,0.7935306186868687,0.0,727824.3968799127,0.0,,,,0,0,0,-363961.79749296024,363961.82895574346,812051634212595.0,-0.0926659020238956,1267200,"[{""bias"": -8.622904498953325, ""count"": 3666, ""high"": -2.0, ""low"": ""-Infinity"", ""mae"": 8.624567910070578}, {""bias"": -2012.7540486254802, ""count"": 85928, ""high"": -1.0, ""low"": -2.0, ""mae"": 2012.760071299642}, {""bias"": -29167.003038796425, ""count"": 362505, ""high"": -0.25, ""low"": -1.0, ""mae"": 29167.0265091799}, {""bias"": -179979.9961978689, ""count"": 371951, ""high"": 0.25, ""low"": -0.25, ""mae"": 179980.0345059092}, {""bias"": -670731.0304848277, ""count"": 353436, ""high"": 1.0, ""low"": 0.25, ""mae"": 670731.0687483813}, {""bias"": -1688738.7918354569, ""count"": 86613, ""high"": 2.0, ""low"": 1.0, ""mae"": 1688738.826298944}, {""bias"": -62965.743814413625, ""count"": 3101, ""high"": ""Infinity"", ""low"": 2.0, ""mae"": 62965.76976600688}]",18036995.47781831,16529672.575189216,14291665.971805625,12040254.746853767,4.911133137475102
raw/e6/P1/d50/n4_M6/raw/rep07.npz,e6,e1,P1,P1_ridge_lse_hjb,ridge_lse,50,4,6,raw,raw,1.0,7,4,float64,17006511.76565591,22588310.839519843,-7638690.699234883,7638690.699255454,14507792.73467151,257217219.17109814,14200029.342641544,17762082.46771609,1267200,1268400,14652000,732600000,0,25.280480100074783,1.0,0.7930673926767676,0.0,699451.9322369882,0.0,,,,0,0,0,-349775.6630913823,349775.69446566765,478837613374398.5,-0.091377259439416,1267200,"[{""bias"": -25.605025591423793, ""count"": 3320, ""high"": -2.0, ""low"": ""-Infinity"", ""mae"": 25.60690119844533}, {""bias"": -873.0184047373787, ""count"": 84650, ""high"": -1.0, ""low"": -2.0, ""mae"": 873.0242776192183}, {""bias"": -28700.583515669274, ""count"": 362651, ""high"": -0.25, ""low"": -1.0, ""mae"": 28700.60661473723}, {""bias"": -179349.7476278956, ""count"": 372110, ""high"": 0.25, ""low"": -0.25, ""mae"": 179349.78620020533}, {""bias"": -691973.5129651644, ""count"": 353946, ""high"": 1.0, ""low"": 0.25, ""mae"": 691973.5512343359}, {""bias"": -1381935.5725327057, ""count"": 87353, ""high"": 2.0, ""low"": 1.0, ""mae"": 1381935.6054830747}, {""bias"": -119283.67917331311, ""count"": 3170, ""high"": ""Infinity"", ""low"": 2.0, ""mae"": 119283.71089289266}]",18036995.47781831,16529672.575189216,14291665.971805625,12040254.746853767,4.911133137475102
raw/e6/P1/d50/n4_M6/raw/rep08.npz,e6,e1,P1,P1_ridge_lse_hjb,ridge_lse,50,4,6,raw,raw,1.0,8,4,float64,13523281.555580009,17961830.830274638,-6641820.693334961,6641820.693344013,11536343.760815553,246113505.34634858,15035604.14647249,18807259.78499268,1267200,1268400,14652000,732600000,0,27.10562779987231,1.0,0.7928203914141414,0.0,659775.5275981756,0.0,,,,0,0,0,-329937.23507210886,329937.2672055672,385794433949785.06,-0.03270217665204887,1267200,"[{""bias"": -4.061620890022648, ""count"": 3048, ""high"": -2.0, ""low"": ""-Infinity"", ""mae"": 4.062903477616348}, {""bias"": -1604.2231697401933, ""count"": 85529, ""high"": -1.0, ""low"": -2.0, ""mae"": 1604.2291093554077}, {""bias"": -27505.85657370655, ""count"": 364267, ""high"": -0.25, ""low"": -1.0, ""mae"": 27505.87952525223}, {""bias"": -169308.29738637482, ""count"": 371648, ""high"": 0.25, ""low"": -0.25, ""mae"": 169308.3371422368}, {""bias"": -727385.9619589068, ""count"": 351942, ""high"": 1.0, ""low"": 0.25, ""mae"": 727386.0012721645}, {""bias"": -1007022.6486606628, ""count"": 87802, ""high"": 2.0, ""low"": 1.0, ""mae"": 1007022.6842160234}, {""bias"": -202565.96323897742, ""count"": 2964, ""high"": ""Infinity"", ""low"": 2.0, ""mae"": 202566.00173563726}]",18036995.47781831,16529672.575189216,14291665.971805625,12040254.746853767,4.911133137475102
raw/e6/P1/d50/n4_M6/raw/rep09.npz,e6,e1,P1,P1_ridge_lse_hjb,ridge_lse,50,4,6,raw,raw,1.0,9,4,float64,18131736.241552055,24082851.317662258,-7581197.723494874,7581197.723503532,15467691.137190923,235384224.49172938,12358655.958336806,15458803.712674165,1267200,1268400,14652000,732600000,0,27.080930300056934,1.0,0.7922395833333333,0.0,671890.9130143326,0.0,,,,0,0,0,-335995.10707082215,335995.1386841679,365875966316339.44,-0.16847410351933237,1267200,"[{""bias"": -4.5663697267937735, ""count"": 3340, ""high"": -2.0, ""low"": ""-Infinity"", ""mae"": 4.568736805754186}, {""bias"": -2111.4953574482815, ""count"": 85986, ""high"": -1.0, ""low"": -2.0, ""mae"": 2111.5018123448235}, {""bias"": -32765.615115023404, ""count"": 365911, ""high"": -0.25, ""low"": -1.0, ""mae"": 32765.637346367934}, {""bias"": -176699.41722675523, ""count"": 369137, ""high"": 0.25, ""low"": -0.25, ""mae"": 176699.45612932488}, {""bias"": -645865.2040526816, ""count"": 351738, ""high"": 1.0, ""low"": 0.25, ""mae"": 645865.2432870566}, {""bias"": -1341870.7291903037, ""count"": 87715, ""high"": 2.0, ""low"": 1.0, ""mae"": 1341870.764495638}, {""bias"": -1037150.1528222994, ""count"": 3373, ""high"": ""Infinity"", ""low"": 2.0, ""mae"": 1037150.1840692516}]",18036995.47781831,16529672.575189216,14291665.971805625,12040254.746853767,4.911133137475102
raw/e6/P1/d50/n4_M6/segment/rep00.npz,e6,e1,P1,P1_ridge_lse_hjb,ridge_lse,50,4,6,segment,segment,1.0,0,4,float64,0.19940889925742625,0.2648579710325752,0.0260533493127823,0.1698438026398957,0.17011030949439118,2.665686187056108,0.184898255449263,0.2312796672584699,1267200,1268400,14652000,732600000,0,25.787567700026557,1.0,0.7738857323232323,1.0,42.871166247680534,53.801258976881506,,,,0,0,0,0.653992313575391,2.2812247185270205,8.470576206760478,-0.05619514619031597,1267200,"[{""bias"": -0.1465960540732029, ""count"": 3185, ""high"": -2.0, ""low"": ""-Infinity"", ""mae"": 0.2925351720455539}, {""bias"": -0.17170543992857298, ""count"": 85602, ""high"": -1.0, ""low"": -2.0, ""mae"": 0.6610196054708244}, {""bias"": -0.028199540354199908, ""count"": 360742, ""high"": -0.25, ""low"": -1.0, ""mae"": 1.4849488619194382}, {""bias"": 0.4693687381766009, ""count"": 372297, ""high"": 0.25, ""low"": -0.25, ""mae"": 2.4768265243182204}, {""bias"": 1.3382328681150808, ""count"": 353367, ""high"": 1.0, ""low"": 0.25, ""mae"": 3.083655093624282}, {""bias"": 2.2297931621091016, ""count"": 88613, ""high"": 2.0, ""low"": 1.0, ""mae"": 3.1154539163852637}, {""bias"": 2.60945414026202, ""count"": 3394, ""high"": ""Infinity"", ""low"": 2.0, ""mae"": 2.864308867100639}]",0.1944586724644938,0.19663454442011444,0.08229654792301112,0.17636663651937068,4.911133137475102
raw/e6/P1/d50/n4_M6/segment/rep01.npz,e6,e1,P1,P1_ridge_lse_hjb,ridge_lse,50,4,6,segment,segment,1.0,1,4,float64,0.18525289464335612,0.2460557476916289,0.026476600904991397,0.1559290063887356,0.1580342068978125,2.6476137455481346,0.18891462655943492,0.23630353820679253,1267200,1268400,14652000,732600000,0,25.695785500109196,1.0,0.7733136047979798,1.0,42.77532541191887,53.68774925290046,,,,0,0,0,0.6538532800078275,2.2776312985953493,8.44739888177474,-0.0557341599767642,1267200,"[{""bias"": -0.1853796007459378, ""count"": 3745, ""high"": -2.0, ""low"": ""-Infinity"", ""mae"": 0.31745881506673873}, {""bias"": -0.17543763680154453, ""count"": 85576, ""high"": -1.0, ""low"": -2.0, ""mae"": 0.6670016307467618}, {""bias"": -0.024552680571993484, ""count"": 360214, ""high"": -0.25, ""low"": -1.0, ""mae"": 1.485462926019713}, {""bias"": 0.4679500045297976, ""count"": 375077, ""high"": 0.25, ""low"": -0.25, ""mae"": 2.4657881745047736}, {""bias"": 1.350699695436644, ""count"": 351303, ""high"": 1.0, ""low"": 0.25, ""mae"": 3.088580794905651}, {""bias"": 2.2095929487966433, ""count"": 88529, ""high"": 2.0, ""low"": 1.0, ""mae"": 3.104031117880654}, {""bias"": 2.713860812112383, ""count"": 2756, ""high"": ""Infinity"", ""low"": 2.0, ""mae"": 2.9668807602429297}]",0.1944586724644938,0.19663454442011444,0.08229654792301112,0.17636663651937068,4.911133137475102
raw/e6/P1/d50/n4_M6/segment/rep02.npz,e6,e1,P1,P1_ridge_lse_hjb,ridge_lse,50,4,6,segment,segment,1.0,2,4,float64,0.1872103024623848,0.24865560690233524,0.03324350006826736,0.16339121335572288,0.15970401828106406,2.661499118418924,0.1681139493686245,0.21028504664367675,1267200,1268400,14652000,732600000,0,25.96032000007108,1.0,0.7734627525252525,1.0,42.8063542072513,53.72289360691891,,,,0,0,0,0.6504010445440523,2.2811455072857485,8.455559546128395,-0.058064489246102906,1267200,"[{""bias"": -0.1733367242152061, ""count"": 3087, ""high"": -2.0, ""low"": ""-Infinity"", ""mae"": 0.3127025749437018}, {""bias"": -0.18153178799730565, ""count"": 85228, ""high"": -1.0, ""low"": -2.0, ""mae"": 0.6711001269989689}, {""bias"": -0.021257528915280287, ""count"": 360957, ""high"": -0.25, ""low"": -1.0, ""mae"": 1.4853762121390428}, {""bias"": 0.464463642197891, ""count"": 374488, ""high"": 0.25, ""low"": -0.25, ""mae"": 2.474573066680966}, {""bias"": 1.340674984933282, ""count"": 352451, ""high"": 1.0, ""low"": 0.25, ""mae"": 3.0875932607935614}, {""bias"": 2.1950246332756205, ""count"": 87909, ""high"": 2.0, ""low"": 1.0, ""mae"": 3.096927904769206}, {""bias"": 2.742603625075193, ""count"": 3080, ""high"": ""Infinity"", ""low"": 2.0, ""mae"": 2.97978078544836}]",0.1944586724644938,0.19663454442011444,0.08229654792301112,0.17636663651937068,4.911133137475102
raw/e6/P1/d50/n4_M6/segment/rep03.npz,e6,e1,P1,P1_ridge_lse_hjb,ridge_lse,50,4,6,segment,segment,1.0,3,4,float64,0.2028032070877129,0.26936634296751644,0.035699227408970975,0.17122847421722423,0.17300590120408663,2.6584902046874106,0.19437350918057938,0.24313177221664659,1267200,1268400,14652000,732600000,0,25.830763400066644,1.0,0.7728598484848485,1.0,42.812834819684234,53.727961034376875,,,,0,0,0,0.6511954562313861,2.2782047345232255,8.451905777366274,-0.05883786646634732,1267200,"[{""bias"": -0.17530527275245392, ""count"": 3217, ""high"": -2.0, ""low"": ""-Infinity"", ""mae"": 0.31549552722241425}, {""bias"": -0.1793697298690004, ""count"": 85918, ""high"": -1.0, ""low"": -2.0, ""mae"": 0.6691011526600541}, {""bias"": -0.026825161821013268, ""count"": 360984, ""high"": -0.25, ""low"": -1.0, ""mae"": 1.479953273794817}, {""bias"": 0.4663144758129399, ""count"": 372177, ""high"": 0.25, ""low"": -0.25, ""mae"": 2.4701972279507194}, {""bias"": 1.3396271714301768, ""count"": 353295, ""high"": 1.0, ""low"": 0.25, ""mae"": 3.0891102419905425}, {""bias"": 2.2090007588595415, ""count"": 88224, ""high"": 2.0, ""low"": 1.0, ""mae"": 3.1003447939923947}, {""bias"": 2.6976055302383295, ""count"": 3385, ""high"": ""Infinity"", ""low"": 2.0, ""mae"": 2.9412671488075124}]",0.1944586724644938,0.19663454442011444,0.08229654792301112,0.17636663651937068,4.911133137475102
raw/e6/P1/d50/n4_M6/segment/rep04.npz,e6,e1,P1,P1_ridge_lse_hjb,ridge_lse,50,4,6,segment,segment,1.0,4,4,float64,0.1893736628085082,0.2515290154313442,0.028704872351637125,0.15806913017824142,0.16154952216477922,2.6124633430189936,0.1802138871898625,0.22542023321612126,1267200,1268400,14652000,732600000,0,26.77413700008765,1.0,0.771568023989899,1.0,42.703756636641934,53.600817273609536,,,,0,0,0,0.6554891310151049,2.278150172707777,8.443017407916544,-0.05703760475061565,1267200,"[{""bias"": -0.1919971391695152, ""count"": 3128, ""high"": -2.0, ""low"": ""-Infinity"", ""mae"": 0.32786866549872384}, {""bias"": -0.17658933706695518, ""count"": 87590, ""high"": -1.0, ""low"": -2.0, ""mae"": 0.6645652144409567}, {""bias"": -0.021085342567816384, ""count"": 360434, ""high"": -0.25, ""low"": -1.0, ""mae"": 1.4851156071064155}, {""bias"": 0.48069917623581926, ""count"": 372123, ""high"": 0.25, ""low"": -0.25, ""mae"": 2.4742900854298946}, {""bias"": 1.3432906173691703, ""count"": 354022, ""high"": 1.0, ""low"": 0.25, ""mae"": 3.086516669345495}, {""bias"": 2.2097854939170785, ""count"": 87236, ""high"": 2.0, ""low"": 1.0, ""mae"": 3.108524541391427}, {""bias"": 2.661128767313805, ""count"": 2667, ""high"": ""Infinity"", ""low"": 2.0, ""mae"": 2.902361881011222}]",0.1944586724644938,0.19663454442011444,0.08229654792301112,0.17636663651937068,4.911133137475102
raw/e6/P1/d50/n4_M6/segment/rep05.npz,e6,e1,P1,P1_ridge_lse_hjb,ridge_lse,50,4,6,segment,segment,1.0,5,4,float64,0.19717223029444858,0.26188719286965556,0.03127332408078624,0.16983925352942272,0.16820226802309532,2.6382079623734835,0.18286871397725515,0.22874101877207548,1267200,1268400,14652000,732600000,0,26.76940290001221,1.0,0.7736624053030303,1.0,42.85000537492699,53.77443823761483,,,,0,0,0,0.6547054329428965,2.282884728150722,8.473492187649692,-0.05556659757718099,1267200,"[{""bias"": -0.17315025142606355, ""count"": 3345, ""high"": -2.0, ""low"": ""-Infinity"", ""mae"": 0.3075794280521509}, {""bias"": -0.1749234566194409, ""count"": 86252, ""high"": -1.0, ""low"": -2.0, ""mae"": 0.6663813607046952}, {""bias"": -0.023199817727708048, ""count"": 358057, ""high"": -0.25, ""low"": -1.0, ""mae"": 1.4847882419636824}, {""bias"": 0.47294302841456654, ""count"": 373491, ""high"": 0.25, ""low"": -0.25, ""mae"": 2.4759384228257426}, {""bias"": 1.3355591708818662, ""count"": 356024, ""high"": 1.0, ""low"": 0.25, ""mae"": 3.0837123826212647}, {""bias"": 2.2223307854903767, ""count"": 87068, ""high"": 2.0, ""low"": 1.0, ""mae"": 3.1168526505883705}, {""bias"": 2.6970258596092913, ""count"": 2963, ""high"": ""Infinity"", ""low"": 2.0, ""mae"": 2.9472373533839153}]",0.1944586724644938,0.19663454442011444,0.08229654792301112,0.17636663651937068,4.911133137475102
raw/e6/P1/d50/n4_M6/segment/rep06.npz,e6,e1,P1,P1_ridge_lse_hjb,ridge_lse,50,4,6,segment,segment,1.0,6,4,float64,0.20731428102708382,0.2753580208475357,0.027130689838863808,0.17518610888037245,0.17685417571357995,2.6571521374441285,0.18295278021233255,0.2288461728787442,1267200,1268400,14652000,732600000,0,26.581731700105593,1.0,0.7732299558080808,1.0,42.70480832859814,53.60862679468771,,,,0,0,0,0.651761353847186,2.2772101600511983,8.44511684305763,-0.05659340797701223,1267200,"[{""bias"": -0.18354707682637067, ""count"": 3666, ""high"": -2.0, ""low"": ""-Infinity"", ""mae"": 0.3250112167141699}, {""bias"": -0.17775196669847124, ""count"": 85928, ""high"": -1.0, ""low"": -2.0, ""mae"": 0.6656516028165218}, {""bias"": -0.024865603347143984, ""count"": 362505, ""high"": -0.25, ""low"": -1.0, ""mae"": 1.4835184507424675}, {""bias"": 0.4727323612135287, ""count"": 371951, ""high"": 0.25, ""low"": -0.25, ""mae"": 2.4736350777269043}, {""bias"": 1.3404275864449293, ""count"": 353436, ""high"": 1.0, ""low"": 0.25, ""mae"": 3.0860183737376574}, {""bias"": 2.229575298998952, ""count"": 86613, ""high"": 2.0, ""low"": 1.0, ""mae"": 3.1145855779013876}, {""bias"": 2.635860501110427, ""count"": 3101, ""high"": ""Infinity"", ""low"": 2.0, ""mae"": 2.8905596222096914}]",0.1944586724644938,0.19663454442011444,0.08229654792301112,0.17636663651937068,4.911133137475102
raw/e6/P1/d50/n4_M6/segment/rep07.npz,e6,e1,P1,P1_ridge_lse_hjb,ridge_lse,50,4,6,segment,segment,1.0,7,4,float64,0.1960968585457803,0.26045886755158465,0.03884088261601981,0.16471312239891003,0.16728489762654478,2.6502688422302816,0.19102376530316986,0.23894175080467625,1267200,1268400,14652000,732600000,0,26.564219999825582,1.0,0.7729498106060606,1.0,42.72801371596666,53.63937915710468,,,,0,0,0,0.6576881245236553,2.2810420045404194,8.461413445689006,-0.05641458046270081,1267200,"[{""bias"": -0.18353000323233007, ""count"": 3320, ""high"": -2.0, ""low"": ""-Infinity"", ""mae"": 0.3254739803563764}, {""bias"": -0.1781563166946072, ""count"": 84650, ""high"": -1.0, ""low"": -2.0, ""mae"": 0.6681034895491554}, {""bias"": -0.01980875509559596, ""count"": 362651, ""high"": -0.25, ""low"": -1.0, ""mae"": 1.4855910165646666}, {""bias"": 0.48077482898242635, ""count"": 372110, ""high"": 0.25, ""low"": -0.25, ""mae"": 2.4739559334155596}, {""bias"": 1.3386333669940678, ""count"": 353946, ""high"": 1.0, ""low"": 0.25, ""mae"": 3.0843709541690716}, {""bias"": 2.2321681941150158, ""count"": 87353, ""high"": 2.0, ""low"": 1.0, ""mae"": 3.1197182873230473}, {""bias"": 2.7144077199420518, ""count"": 3170, ""high"": ""Infinity"", ""low"": 2.0, ""mae"": 2.9490759369675335}]",0.1944586724644938,0.19663454442011444,0.08229654792301112,0.17636663651937068,4.911133137475102
raw/e6/P1/d50/n4_M6/segment/rep08.npz,e6,e1,P1,P1_ridge_lse_hjb,ridge_lse,50,4,6,segment,segment,1.0,8,4,float64,0.18090497703147926,0.24028077655851074,0.03349027499048874,0.1568082316908202,0.15432511661464682,2.6240823812751706,0.1880854742693878,0.235266394479921,1267200,1268400,14652000,732600000,0,26.18488540011458,1.0,0.772556029040404,1.0,42.68576080562792,53.58680688281033,,,,0,0,0,0.6533643940416021,2.2760326884888067,8.441794048231133,-0.05870880319282418,1267200,"[{""bias"": -0.17013320859976214, ""count"": 3048, ""high"": -2.0, ""low"": ""-Infinity"", ""mae"": 0.3096209039926925}, {""bias"": -0.17301566868381535, ""count"": 85529, ""high"": -1.0, ""low"": -2.0, ""mae"": 0.665392688172868}, {""bias"": -0.026156862753593677, ""count"": 364267, ""high"": -0.25, ""low"": -1.0, ""mae"": 1.4811513461185641}, {""bias"": 0.47258926173144217, ""count"": 371648, ""high"": 0.25, ""low"": -0.25, ""mae"": 2.473209021847483}, {""bias"": 1.3463002234478991, ""count"": 351942, ""high"": 1.0, ""low"": 0.25, ""mae"": 3.08477179209505}, {""bias"": 2.223039316820354, ""count"": 87802, ""high"": 2.0, ""low"": 1.0, ""mae"": 3.1106438684975863}, {""bias"": 2.7476787856693594, ""count"": 2964, ""high"": ""Infinity"", ""low"": 2.0, ""mae"": 2.9876100429905788}]",0.1944586724644938,0.19663454442011444,0.08229654792301112,0.17636663651937068,4.911133137475102
raw/e6/P1/d50/n4_M6/segment/rep09.npz,e6,e1,P1,P1_ridge_lse_hjb,ridge_lse,50,4,6,segment,segment,1.0,9,4,float64,0.19904941148675748,0.2643804938392056,0.03827640461083955,0.16982698863471268,0.1698036402526691,2.67458602732587,0.1934447240530218,0.2419700029250208,1267200,1268400,14652000,732600000,0,26.232332200044766,1.0,0.771774779040404,1.0,42.71256992023179,53.610784679166535,,,,0,0,0,0.6480520912199798,2.2746779011154628,8.43936372853926,-0.05831554015540788,1267200,"[{""bias"": -0.16794093507687136, ""count"": 3340, ""high"": -2.0, ""low"": ""-Infinity"", ""mae"": 0.30753321746431816}, {""bias"": -0.17984050440502264, ""count"": 85986, ""high"": -1.0, ""low"": -2.0, ""mae"": 0.675277937544135}, {""bias"": -0.027433756343205887, ""count"": 365911, ""high"": -0.25, ""low"": -1.0, ""mae"": 1.4846374692581665}, {""bias"": 0.46708644717170095, ""count"": 369137, ""high"": 0.25, ""low"": -0.25, ""mae"": 2.4696577553177117}, {""bias"": 1.3400362214682415, ""count"": 351738, ""high"": 1.0, ""low"": 0.25, ""mae"": 3.087552247884183}, {""bias"": 2.2148188323965017, ""count"": 87715, ""high"": 2.0, ""low"": 1.0, ""mae"": 3.10618468668494}, {""bias"": 2.7397650003284144, ""count"": 3373, ""high"": ""Infinity"", ""low"": 2.0, ""mae"": 2.971997750434376}]",0.1944586724644938,0.19663454442011444,0.08229654792301112,0.17636663651937068,4.911133137475102
raw/e6/P1/d100/n4_M6/box/rep00.npz,e6,e1,P1,P1_ridge_lse_hjb,ridge_lse,100,4,6,box,box,1.0,0,4,float64,0.14316954759808473,0.18021230279059788,0.013585289039157624,0.12493782113766322,0.121551450967417,1.3256941963731472,0.14561478248458798,0.19578759125327377,1267200,1268400,14652000,1465200000,0,51.71392720006406,1.0,0.9195430871212121,1.0,90.24114692462788,90.24114692462788,,,,0,0,0,-0.07729130289072804,1.6057890123631724,3.762700417315133,0.01587774043859744,1267200,"[{""bias"": -1.6480337308797595, ""count"": 1536, ""high"": -2.0, ""low"": ""-Infinity"", ""mae"": 1.6483215618380604}, {""bias"": -1.8652484123073745, ""count"": 80960, ""high"": -1.0, ""low"": -2.0, ""mae"": 1.8720500429750038}, {""bias"": -1.5480033651554652, ""count"": 365914, ""high"": -0.25, ""low"": -1.0, ""mae"": 1.6766236494165812}, {""bias"": -0.37338834494494194, ""count"": 366070, ""high"": 0.25, ""low"": -0.25, ""mae"": 1.174369496980004}, {""bias"": 1.3565323715815387, ""count"": 367642, ""high"": 1.0, ""low"": 0.25, ""mae"": 1.570418709809703}, {""bias"": 3.0327426534705975, ""count"": 82533, ""high"": 2.0, ""low"": 1.0, ""mae"": 3.032827553547026}, {""bias"": 3.8118284744710405, ""count"": 2545, ""high"": ""Infinity"", ""low"": 2.0, ""mae"": 3.8118284744710405}]",0.14454015117459904,0.1448346632828662,0.1297225116787835,0.0637860011500764,4.916170943461789
raw/e6/P1/d100/n4_M6/box/rep01.npz,e6,e1,P1,P1_ridge_lse_hjb,ridge_lse,100,4,6,box,box,1.0,1,4,float64,0.14527757602734984,0.18286574875001638,0.011036244051288198,0.12536814122082746,0.12334117454031712,1.300223760599113,0.14429112823934515,0.19400786070733356,1267200,1268400,14652000,1465200000,0,50.79777959990315,1.0,0.919681976010101,1.0,90.04707273682243,90.04707273682243,,,,0,0,0,-0.08161654657983003,1.6033027743897679,3.7564019311220607,0.01584449524150326,1267200,"[{""bias"": -1.6569644000150223, ""count"": 1467, ""high"": -2.0, ""low"": ""-Infinity"", ""mae"": 1.656995513710281}, {""bias"": -1.8656267151345713, ""count"": 80005, ""high"": -1.0, ""low"": -2.0, ""mae"": 1.872466908788225}, {""bias"": -1.5488746844175447, ""count"": 366776, ""high"": -0.25, ""low"": -1.0, ""mae"": 1.6769802269483975}, {""bias"": -0.3800261071738866, ""count"": 366646, ""high"": 0.25, ""low"": -0.25, ""mae"": 1.1725338261377285}, {""bias"": 1.3552709700387369, ""count"": 368915, ""high"": 1.0, ""low"": 0.25, ""mae"": 1.5688335170373684}, {""bias"": 3.0382767132093074, ""count"": 80379, ""high"": 2.0, ""low"": 1.0, ""mae"": 3.03839523485266}, {""bias"": 3.81720577460762, ""count"": 3012, ""high"": ""Infinity"", ""low"": 2.0, ""mae"": 3.81720577460762}]",0.14454015117459904,0.1448346632828662,0.1297225116787835,0.0637860011500764,4.916170943461789
raw/e6/P1/d100/n4_M6/box/rep02.npz,e6,e1,P1,P1_ridge_lse_hjb,ridge_lse,100,4,6,box,box,1.0,2,4,float64,0.14080056551342962,0.17723038572857122,0.008471566328125001,0.12092408370452669,0.11954017682052921,1.305784651909237,0.13257294989502258,0.17825208459199293,1267200,1268400,14652000,1465200000,0,51.288269700016826,1.0,0.9197703598484849,1.0,90.2339227227643,90.2339227227643,,,,0,0,0,-0.07813781091105786,1.6026928200358426,3.7531240783367346,0.01660848074088893,1267200,"[{""bias"": -1.6556148015518608, ""count"": 1786, ""high"": -2.0, ""low"": ""-Infinity"", ""mae"": 1.6557729167189337}, {""bias"": -1.857493054230306, ""count"": 80332, ""high"": -1.0, ""low"": -2.0, ""mae"": 1.8644049692567684}, {""bias"": -1.5491458215465364, ""count"": 365271, ""high"": -0.25, ""low"": -1.0, ""mae"": 1.6785113733374055}, {""bias"": -0.37161440971712184, ""count"": 367157, ""high"": 0.25, ""low"": -0.25, ""mae"": 1.1715668898736658}, {""bias"": 1.3506543428633462, ""count"": 368648, ""high"": 1.0, ""low"": 0.25, ""mae"": 1.5662554071154202}, {""bias"": 3.0383255823530084, ""count"": 81025, ""high"": 2.0, ""low"": 1.0, ""mae"": 3.0384074863037864}, {""bias"": 3.810583292218261, ""count"": 2981, ""high"": ""Infinity"", ""low"": 2.0, ""mae"": 3.810583292218261}]",0.14454015117459904,0.1448346632828662,0.1297225116787835,0.0637860011500764,4.916170943461789
raw/e6/P1/d100/n4_M6/box/rep03.npz,e6,e1,P1,P1_ridge_lse_hjb,ridge_lse,100,4,6,box,box,1.0,3,4,float64,0.1449634585622527,0.182470358580238,0.010699997723781156,0.1251158732052529,0.12307448770434308,1.3083916149706218,0.13351096060387854,0.17951329484910486,1267200,1268400,14652000,1465200000,0,51.76363800000399,1.0,0.9192140151515151,1.0,90.23180627018252,90.23180627018252,,,,0,0,0,-0.07744655759064203,1.607774455151053,3.776293552739031,0.013493890637146892,1267200,"[{""bias"": -1.6290810283459594, ""count"": 1610, ""high"": -2.0, ""low"": ""-Infinity"", ""mae"": 1.6292307555554504}, {""bias"": -1.859830012068587, ""count"": 79924, ""high"": -1.0, ""low"": -2.0, ""mae"": 1.866884297533775}, {""bias"": -1.5545627950778556, ""count"": 368341, ""high"": -0.25, ""low"": -1.0, ""mae"": 1.68079342666527}, {""bias"": -0.374428763092243, ""count"": 363051, ""high"": 0.25, ""low"": -0.25, ""mae"": 1.1693698024986332}, {""bias"": 1.3488013175638751, ""count"": 367280, ""high"": 1.0, ""low"": 0.25, ""mae"": 1.5671880239259672}, {""bias"": 3.034241500834509, ""count"": 83998, ""high"": 2.0, ""low"": 1.0, ""mae"": 3.034375340586025}, {""bias"": 3.810274509533754, ""count"": 2996, ""high"": ""Infinity"", ""low"": 2.0, ""mae"": 3.810274509533754}]",0.14454015117459904,0.1448346632828662,0.1297225116787835,0.0637860011500764,4.916170943461789
raw/e6/P1/d100/n4_M6/box/rep04.npz,e6,e1,P1,P1_ridge_lse_hjb,ridge_lse,100,4,6,box,box,1.0,4,4,float64,0.14833770448517594,0.18671763489111123,0.015304323470008981,0.12448684668373161,0.1259392343961717,1.3252627843788374,0.13878715705684136,0.18660744955564362,1267200,1268400,14652000,1465200000,0,51.585175399901345,1.0,0.9198508522727272,1.0,90.39833484976812,90.3983348497681,,,,0,0,0,-0.07380003015221355,1.6008733432545226,3.7461295705143938,0.01634339681331419,1267200,"[{""bias"": -1.6320773777092488, ""count"": 2046, ""high"": -2.0, ""low"": ""-Infinity"", ""mae"": 1.6322023441495614}, {""bias"": -1.865403243196064, ""count"": 80028, ""high"": -1.0, ""low"": -2.0, ""mae"": 1.8721326416034412}, {""bias"": -1.5472390378882284, ""count"": 361500, ""high"": -0.25, ""low"": -1.0, ""mae"": 1.675263221080792}, {""bias"": -0.3781561945595116, ""count"": 367992, ""high"": 0.25, ""low"": -0.25, ""mae"": 1.1731121030689353}, {""bias"": 1.3449769074236768, ""count"": 371244, ""high"": 1.0, ""low"": 0.25, ""mae"": 1.5619846208595314}, {""bias"": 3.0364366851560662, ""count"": 81795, ""high"": 2.0, ""low"": 1.0, ""mae"": 3.036536435952427}, {""bias"": 3.81878370535847, ""count"": 2595, ""high"": ""Infinity"", ""low"": 2.0, ""mae"": 3.81878370535847}]",0.14454015117459904,0.1448346632828662,0.1297225116787835,0.0637860011500764,4.916170943461789
raw/e6/P1/d100/n4_M6/box/rep05.npz,e6,e1,P1,P1_ridge_lse_hjb,ridge_lse,100,4,6,box,box,1.0,5,4,float64,0.14736240706022424,0.18548999536996327,0.013715517249758832,0.12613047905124408,0.1251112034418485,1.312909220526434,0.1391376144932257,0.1870786600751783,1267200,1268400,14652000,1465200000,0,52.203290899982676,1.0,0.9190948547979798,1.0,90.13217380270046,90.13217380270046,,,,0,0,0,-0.08387287554523772,1.6053245534923537,3.765542821981812,0.015447347103296956,1267200,"[{""bias"": -1.648066986643023, ""count"": 1911, ""high"": -2.0, ""low"": ""-Infinity"", ""mae"": 1.648194212242559}, {""bias"": -1.8617123886313396, ""count"": 80162, ""high"": -1.0, ""low"": -2.0, ""mae"": 1.8679737982158868}, {""bias"": -1.5536085309303291, ""count"": 367380, ""high"": -0.25, ""low"": -1.0, ""mae"": 1.6790913267923038}, {""bias"": -0.38467218027629835, ""count"": 365923, ""high"": 0.25, ""low"": -0.25, ""mae"": 1.1694423796559419}, {""bias"": 1.3566006278008618, ""count"": 366988, ""high"": 1.0, ""low"": 0.25, ""mae"": 1.5717167492370234}, {""bias"": 3.0347051519824024, ""count"": 81967, ""high"": 2.0, ""low"": 1.0, ""mae"": 3.0348534042970865}, {""bias"": 3.843711588190616, ""count"": 2869, ""high"": ""Infinity"", ""low"": 2.0, ""mae"": 3.843711588190616}]",0.14454015117459904,0.1448346632828662,0.1297225116787835,0.0637860011500764,4.916170943461789
raw/e6/P1/d100/n4_M6/box/rep06.npz,e6,e1,P1,P1_ridge_lse_hjb,ridge_lse,100,4,6,box,box,1.0,6,4,float64,0.14516330208512535,0.18272190831311672,0.016922757895226126,0.12403745634513905,0.12324415556024637,1.3130489115193358,0.14416811951186997,0.19384246827914348,1267200,1268400,14652000,1465200000,0,51.72532600001432,1.0,0.9193339646464647,1.0,89.86453540454895,89.86453540454895,,,,0,0,0,-0.08547758487844491,1.599902092215955,3.7402643004975586,0.014926155216786358,1267200,"[{""bias"": -1.6522294787248675, ""count"": 1821, ""high"": -2.0, ""low"": ""-Infinity"", ""mae"": 1.652405624433614}, {""bias"": -1.8611005855280534, ""count"": 80741, ""high"": -1.0, ""low"": -2.0, ""mae"": 1.8677295301697214}, {""bias"": -1.5495755204068389, ""count"": 365681, ""high"": -0.25, ""low"": -1.0, ""mae"": 1.6791344992488189}, {""bias"": -0.38072774318786534, ""count"": 367117, ""high"": 0.25, ""low"": -0.25, ""mae"": 1.1708075439857988}, {""bias"": 1.3553091051955106, ""count"": 370438, ""high"": 1.0, ""low"": 0.25, ""mae"": 1.5667970323821894}, {""bias"": 3.0378291317934645, ""count"": 78838, ""high"": 2.0, ""low"": 1.0, ""mae"": 3.0379542038324}, {""bias"": 3.8323799024798326, ""count"": 2564, ""high"": ""Infinity"", ""low"": 2.0, ""mae"": 3.8323799024798326}]",0.14454015117459904,0.1448346632828662,0.1297225116787835,0.0637860011500764,4.916170943461789
raw/e6/P1/d100/n4_M6/box/rep07.npz,e6,e1,P1,P1_ridge_lse_hjb,ridge_lse,100,4,6,box,box,1.0,7,4,float64,0.14183194158045206,0.17852861331397227,0.00863616931709751,0.12339312462456971,0.12041581873979809,1.2897326496116979,0.13818041547171345,0.18579165000948172,1267200,1268400,14652000,1465200000,0,52.852093500085175,1.0,0.9196535669191919,1.0,90.07352041262372,90.07352041262372,,,,0,0,0,-0.08045712234957965,1.602478871591805,3.7514962666984033,0.017123746582629554,1267200,"[{""bias"": -1.678915392769546, ""count"": 1754, ""high"": -2.0, ""low"": ""-Infinity"", ""mae"": 1.6791739690902736}, {""bias"": -1.8717061312126113, ""count"": 79780, ""high"": -1.0, ""low"": -2.0, ""mae"": 1.8782264767219503}, {""bias"": -1.5482143403102893, ""count"": 364840, ""high"": -0.25, ""low"": -1.0, ""mae"": 1.6779773267730242}, {""bias"": -0.3778705595620185, ""count"": 368088, ""high"": 0.25, ""low"": -0.25, ""mae"": 1.1721458573893697}, {""bias"": 1.3484215450134647, ""count"": 368731, ""high"": 1.0, ""low"": 0.25, ""mae"": 1.565277017332117}, {""bias"": 3.036700678229046, ""count"": 81513, ""high"": 2.0, ""low"": 1.0, ""mae"": 3.036813954096629}, {""bias"": 3.816759684722801, ""count"": 2494, ""high"": ""Infinity"", ""low"": 2.0, ""mae"": 3.816759684722801}]",0.14454015117459904,0.1448346632828662,0.1297225116787835,0.0637860011500764,4.916170943461789
raw/e6/P1/d100/n4_M6/box/rep08.npz,e6,e1,P1,P1_ridge_lse_hjb,ridge_lse,100,4,6,box,box,1.0,8,4,float64,0.1437891408304163,0.18099220553573608,0.009321190887312347,0.1252186382427588,0.12207748780739439,1.3010819723266653,0.14280199233071392,0.19200563038686097,1267200,1268400,14652000,1465200000,0,51.949625900015235,1.0,0.9196756628787879,1.0,90.20499011098423,90.20499011098423,,,,0,0,0,-0.07754536102823702,1.601182318217881,3.745555139827962,0.014875856707368696,1267200,"[{""bias"": -1.60846413592341, ""count"": 1975, ""high"": -2.0, ""low"": ""-Infinity"", ""mae"": 1.6085561453015371}, {""bias"": -1.8705325018266017, ""count"": 79409, ""high"": -1.0, ""low"": -2.0, ""mae"": 1.8774902814158294}, {""bias"": -1.545861547389568, ""count"": 365520, ""high"": -0.25, ""low"": -1.0, ""mae"": 1.6745782826042053}, {""bias"": -0.3786276687565693, ""count"": 364917, ""high"": 0.25, ""low"": -0.25, ""mae"": 1.1720021217503978}, {""bias"": 1.3476118620468631, ""count"": 371677, ""high"": 1.0, ""low"": 0.25, ""mae"": 1.5636777492331904}, {""bias"": 3.0307484882969224, ""count"": 80950, ""high"": 2.0, ""low"": 1.0, ""mae"": 3.030875730017206}, {""bias"": 3.7950262481333366, ""count"": 2752, ""high"": ""Infinity"", ""low"": 2.0, ""mae"": 3.7950262481333366}]",0.14454015117459904,0.1448346632828662,0.1297225116787835,0.0637860011500764,4.916170943461789
raw/e6/P1/d100/n4_M6/box/rep09.npz,e6,e1,P1,P1_ridge_lse_hjb,ridge_lse,100,4,6,box,box,1.0,9,4,float64,0.14470586800347968,0.18214612071993602,0.011087657485970282,0.12654846287449745,0.12285579241124721,1.313345787568412,0.1374708547418495,0.18483760410989952,1267200,1268400,14652000,1465200000,0,52.27759619988501,1.0,0.9202470012626263,1.0,90.28407523659402,90.284075236594,,,,0,0,0,-0.07512700491617345,1.6043437373340106,3.758608484457947,0.014353282409030903,1267200,"[{""bias"": -1.6370298690358804, ""count"": 1835, ""high"": -2.0, ""low"": ""-Infinity"", ""mae"": 1.6371372925086602}, {""bias"": -1.8679593836795847, ""count"": 78255, ""high"": -1.0, ""low"": -2.0, ""mae"": 1.8749694415783638}, {""bias"": -1.547771059881666, ""count"": 367080, ""high"": -0.25, ""low"": -1.0, ""mae"": 1.6775073885720315}, {""bias"": -0.37634435456264553, ""count"": 366440, ""high"": 0.25, ""low"": -0.25, ""mae"": 1.1712779980258292}, {""bias"": 1.3607122008750427, ""count"": 369332, ""high"": 1.0, ""low"": 0.25, ""mae"": 1.572599567659448}, {""bias"": 3.027864636863795, ""count"": 81178, ""high"": 2.0, ""low"": 1.0, ""mae"": 3.028007531826919}, {""bias"": 3.796442413032051, ""count"": 3080, ""high"": ""Infinity"", ""low"": 2.0, ""mae"": 3.796442413032051}]",0.14454015117459904,0.1448346632828662,0.1297225116787835,0.0637860011500764,4.916170943461789
raw/e6/P1/d100/n4_M6/centre/rep00.npz,e6,e0,P1,P1_ridge_lse_hjb,ridge_lse,100,4,6,centre,centre,0.0,0,4,float64,0.24774983661604053,0.31185101386161207,0.13857237153784688,0.2128600557189912,0.21034048526966972,0.5705216036113044,0.24234480629418603,0.3258467654690338,1267200,1268400,14652000,1465200000,0,55.21107600000687,1.0,0.9175915404040405,1.0,87.87850900483976,106.30991252895137,,,,0,0,0,0.8194370261736352,1.9283417995812282,5.526841172786006,0.016063047376134572,1267200,"[{""bias"": -2.6796962227700853, ""count"": 1536, ""high"": -2.0, ""low"": ""-Infinity"", ""mae"": 2.6796962227700853}, {""bias"": -2.280295852839204, ""count"": 80960, ""high"": -1.0, ""low"": -2.0, ""mae"": 2.280295852839204}, {""bias"": -1.2086195033583593, ""count"": 365914, ""high"": -0.25, ""low"": -1.0, ""mae"": 1.3178657733926966}, {""bias"": 0.6294544625377846, ""count"": 366070, ""high"": 0.25, ""low"": -0.25, ""mae"": 0.9115596992874307}, {""bias"": 2.808015336518772, ""count"": 367642, ""high"": 1.0, ""low"": 0.25, ""mae"": 2.808015336518772}, {""bias"": 4.752514087889928, ""count"": 82533, ""high"": 2.0, ""low"": 1.0, ""mae"": 4.752514087889928}, {""bias"": 5.64327995979484, ""count"": 2545, ""high"": ""Infinity"", ""low"": 2.0, ""mae"": 5.64327995979484}]",0.2468770332691792,0.2470914623453203,0.2458219829057931,0.0228210255514306,4.916170943461789
raw/e6/P1/d100/n4_M6/centre/rep01.npz,e6,e0,P1,P1_ridge_lse_hjb,ridge_lse,100,4,6,centre,centre,0.0,1,4,float64,0.2468717999064782,0.31074579965915394,0.13978709095932976,0.21243197424673016,0.20959502900581695,0.5715933076735277,0.2419095906393805,0.32526159256779275,1267200,1268400,14652000,1465200000,0,55.88956769998185,1.0,0.9177327967171717,1.0,87.67559296593167,106.0931697974032,,,,0,0,0,0.8151487889087241,1.9225458601651395,5.503115472929538,0.01591681998322263,1267200,"[{""bias"": -2.6743961571128585, ""count"": 1467, ""high"": -2.0, ""low"": ""-Infinity"", ""mae"": 2.6743961571128585}, {""bias"": -2.2818882140013272, ""count"": 80005, ""high"": -1.0, ""low"": -2.0, ""mae"": 2.2818882140013272}, {""bias"": -1.2104302704002432, ""count"": 366776, ""high"": -0.25, ""low"": -1.0, ""mae"": 1.3181699721306601}, {""bias"": 0.6250673943051048, ""count"": 366646, ""high"": 0.25, ""low"": -0.25, ""mae"": 0.9056979608305608}, {""bias"": 2.8042310695115575, ""count"": 368915, ""high"": 1.0, ""low"": 0.25, ""mae"": 2.8042310695115575}, {""bias"": 4.761580580084584, ""count"": 80379, ""high"": 2.0, ""low"": 1.0, ""mae"": 4.761580580084584}, {""bias"": 5.633025756059748, ""count"": 3012, ""high"": ""Infinity"", ""low"": 2.0, ""mae"": 5.633025756059748}]",0.2468770332691792,0.2470914623453203,0.2458219829057931,0.0228210255514306,4.916170943461789
raw/e6/P1/d100/n4_M6/centre/rep02.npz,e6,e0,P1,P1_ridge_lse_hjb,ridge_lse,100,4,6,centre,centre,0.0,2,4,float64,0.24591366547191726,0.30953976376861725,0.13932940059530108,0.21171721263845766,0.2087815694908811,0.5679953247286266,0.24223742720917185,0.3257023880092238,1267200,1268400,14652000,1465200000,0,56.87979369983077,1.0,0.9178117108585858,1.0,87.85604214474256,106.29455776959385,,,,0,0,0,0.821023842281265,1.9233805897925975,5.507533149363046,0.016858907142125748,1267200,"[{""bias"": -2.6758583388757256, ""count"": 1786, ""high"": -2.0, ""low"": ""-Infinity"", ""mae"": 2.6758583388757256}, {""bias"": -2.277331492885041, ""count"": 80332, ""high"": -1.0, ""low"": -2.0, ""mae"": 2.277331492885041}, {""bias"": -1.204258531798351, ""count"": 365271, ""high"": -0.25, ""low"": -1.0, ""mae"": 1.3147584338525784}, {""bias"": 0.6337352979257693, ""count"": 367157, ""high"": 0.25, ""low"": -0.25, ""mae"": 0.9097460274685376}, {""bias"": 2.8030932907714545, ""count"": 368648, ""high"": 1.0, ""low"": 0.25, ""mae"": 2.8030932907714545}, {""bias"": 4.75360358754328, ""count"": 81025, ""high"": 2.0, ""low"": 1.0, ""mae"": 4.75360358754328}, {""bias"": 5.638373253762589, ""count"": 2981, ""high"": ""Infinity"", ""low"": 2.0, ""mae"": 5.638373253762589}]",0.2468770332691792,0.2470914623453203,0.2458219829057931,0.0228210255514306,4.916170943461789
raw/e6/P1/d100/n4_M6/centre/rep03.npz,e6,,P1,P1_ridge_lse_hjb,ridge_lse,100,4,6,centre,centre,0.0,3,4,float64,0.2465830790451225,0.3103823770447677,0.13775039575249906,0.21230467962871064,0.20934990397601058,0.5683381575302549,0.2398788635037315,0.32253116116792124,1267200,1268400,14652000,1465200000,0,45.229644200066105,1.0,0.917271148989899,1.0,87.86730305337458,106.29592716479993,,,,0,0,0,0.8193110059983357,1.9299592856256593,5.541913039952131,0.013635949592002053,1267200,"[{""bias"": -2.6790731374698185, ""count"": 1610, ""high"": -2.0, ""low"": ""-Infinity"", ""mae"": 2.6790731374698185}, {""bias"": -2.278719006558139, ""count"": 79924, ""high"": -1.0, ""low"": -2.0, ""mae"": 2.278719006558139}, {""bias"": -1.2134327575065702, ""count"": 368341, ""high"": -0.25, ""low"": -1.0, ""mae"": 1.3185915599202898}, {""bias"": 0.6282618661608927, ""count"": 363051, ""high"": 0.25, ""low"": -0.25, ""mae"": 0.908910699452797}, {""bias"": 2.7977241724663875, ""count"": 367280, ""high"": 1.0, ""low"": 0.25, ""mae"": 2.7977241724663875}, {""bias"": 4.7507504961302605, ""count"": 83998, ""high"": 2.0, ""low"": 1.0, ""mae"": 4.7507504961302605}, {""bias"": 5.6518073285434856, ""count"": 2996, ""high"": ""Infinity"", ""low"": 2.0, ""mae"": 5.6518073285434856}]",0.2468770332691792,0.2470914623453203,0.2458219829057931,0.0228210255514306,4.916170943461789
raw/e6/P1/d100/n4_M6/centre/rep04.npz,e6,,P1,P1_ridge_lse_hjb,ridge_lse,100,4,6,centre,centre,0.0,4,4,float64,0.2475668424896087,0.3116206730281409,0.1390493658482377,0.21252653419740605,0.210185122610784,0.5700937983197946,0.23780031786556996,0.31973643499478205,1267200,1268400,14652000,1465200000,0,45.32127170008607,1.0,0.9178764204545454,1.0,88.02322812839422,106.48566685318288,,,,0,0,0,0.8282943286169592,1.922960447446962,5.508319304742533,0.01645277382987822,1267200,"[{""bias"": -2.679225961181031, ""count"": 2046, ""high"": -2.0, ""low"": ""-Infinity"", ""mae"": 2.679225961181031}, {""bias"": -2.285211094189179, ""count"": 80028, ""high"": -1.0, ""low"": -2.0, ""mae"": 2.285211094189179}, {""bias"": -1.2018657918960693, ""count"": 361500, ""high"": -0.25, ""low"": -1.0, ""mae"": 1.3103568179838008}, {""bias"": 0.6282512630579763, ""count"": 367992, ""high"": 0.25, ""low"": -0.25, ""mae"": 0.9061575566325863}, {""bias"": 2.795742667737379, ""count"": 371244, ""high"": 1.0, ""low"": 0.25, ""mae"": 2.795742667737379}, {""bias"": 4.752651472343539, ""count"": 81795, ""high"": 2.0, ""low"": 1.0, ""mae"": 4.752651472343539}, {""bias"": 5.6317417491801445, ""count"": 2595, ""high"": ""Infinity"", ""low"": 2.0, ""mae"": 5.6317417491801445}]",0.2468770332691792,0.2470914623453203,0.2458219829057931,0.0228210255514306,4.916170943461789
raw/e6/P1/d100/n4_M6/centre/rep05.npz,e6,,P1,P1_ridge_lse_hjb,ridge_lse,100,4,6,centre,centre,0.0,5,4,float64,0.24788290040043334,0.3120185057019214,0.1379782611822216,0.21232755056401026,0.21045345689202594,0.5712573709443883,0.2413018389183292,0.3244444348348046,1267200,1268400,14652000,1465200000,0,48.41226959996857,1.0,0.9171101641414141,1.0,87.76943946635843,106.19268912769351,,,,0,0,0,0.8137916473688135,1.9230614929465468,5.512211047836907,0.015540531136758287,1267200,"[{""bias"": -2.680146002101287, ""count"": 1911, ""high"": -2.0, ""low"": ""-Infinity"", ""mae"": 2.680146002101287}, {""bias"": -2.281982827814447, ""count"": 80162, ""high"": -1.0, ""low"": -2.0, ""mae"": 2.281982827814447}, {""bias"": -1.2092179833665588, ""count"": 367380, ""high"": -0.25, ""low"": -1.0, ""mae"": 1.3153974116006748}, {""bias"": 0.6218212368204842, ""count"": 365923, ""high"": 0.25, ""low"": -0.25, ""mae"": 0.9007690253073688}, {""bias"": 2.8064327786526686, ""count"": 366988, ""high"": 1.0, ""low"": 0.25, ""mae"": 2.8064327786526686}, {""bias"": 4.756304877398789, ""count"": 81967, ""high"": 2.0, ""low"": 1.0, ""mae"": 4.756304877398789}, {""bias"": 5.647771986493289, ""count"": 2869, ""high"": ""Infinity"", ""low"": 2.0, ""mae"": 5.647771986493289}]",0.2468770332691792,0.2470914623453203,0.2458219829057931,0.0228210255514306,4.916170943461789
raw/e6/P1/d100/n4_M6/centre/rep06.npz,e6,,P1,P1_ridge_lse_hjb,ridge_lse,100,4,6,centre,centre,0.0,6,4,float64,0.2448838468720955,0.3082434966193247,0.1365826508764649,0.21028570648828118,0.2079072498667598,0.5696021597507006,0.23935422402970968,0.3218257527118396,1267200,1268400,14652000,1465200000,0,48.145822799997404,1.0,0.9173169191919192,1.0,87.50929250350792,105.91034312250096,,,,0,0,0,0.8104361407243795,1.9179544127643995,5.471207365666318,0.015095697396708747,1267200,"[{""bias"": -2.6766540743216423, ""count"": 1821, ""high"": -2.0, ""low"": ""-Infinity"", ""mae"": 2.6766540743216423}, {""bias"": -2.2783745287514856, ""count"": 80741, ""high"": -1.0, ""low"": -2.0, ""mae"": 2.2783745287514856}, {""bias"": -1.2071195402448784, ""count"": 365681, ""high"": -0.25, ""low"": -1.0, ""mae"": 1.3170850057434789}, {""bias"": 0.6233058888776083, ""count"": 367117, ""high"": 0.25, ""low"": -0.25, ""mae"": 0.9031312904717022}, {""bias"": 2.804646631412925, ""count"": 370438, ""high"": 1.0, ""low"": 0.25, ""mae"": 2.804646631412925}, {""bias"": 4.7567279507570195, ""count"": 78838, ""high"": 2.0, ""low"": 1.0, ""mae"": 4.7567279507570195}, {""bias"": 5.636890788331103, ""count"": 2564, ""high"": ""Infinity"", ""low"": 2.0, ""mae"": 5.636890788331103}]",0.2468770332691792,0.2470914623453203,0.2458219829057931,0.0228210255514306,4.916170943461789
raw/e6/P1/d100/n4_M6/centre/rep07.npz,e6,,P1,P1_ridge_lse_hjb,ridge_lse,100,4,6,centre,centre,0.0,7,4,float64,0.24731112478416245,0.31129879259102333,0.13815140190499045,0.211762421927654,0.20996801737676937,0.5720867084495931,0.23923576747364475,0.3216664809443419,1267200,1268400,14652000,1465200000,0,44.01257489994168,1.0,0.9176886047979798,1.0,87.71088901187015,106.13321223532424,,,,0,0,0,0.8167542660169893,1.9208775162749163,5.49805806815007,0.01743936030104485,1267200,"[{""bias"": -2.678118619302724, ""count"": 1754, ""high"": -2.0, ""low"": ""-Infinity"", ""mae"": 2.678118619302724}, {""bias"": -2.2820563626476575, ""count"": 79780, ""high"": -1.0, ""low"": -2.0, ""mae"": 2.2820563626476575}, {""bias"": -1.2087896973153334, ""count"": 364840, ""high"": -0.25, ""low"": -1.0, ""mae"": 1.3186267349297844}, {""bias"": 0.6224209751338188, ""count"": 368088, ""high"": 0.25, ""low"": -0.25, ""mae"": 0.9036651837088435}, {""bias"": 2.798879853311918, ""count"": 368731, ""high"": 1.0, ""low"": 0.25, ""mae"": 2.798879853311918}, {""bias"": 4.75466283658902, ""count"": 81513, ""high"": 2.0, ""low"": 1.0, ""mae"": 4.75466283658902}, {""bias"": 5.6372994587197045, ""count"": 2494, ""high"": ""Infinity"", ""low"": 2.0, ""mae"": 5.6372994587197045}]",0.2468770332691792,0.2470914623453203,0.2458219829057931,0.0228210255514306,4.916170943461789
raw/e6/P1/d100/n4_M6/centre/rep08.npz,e6,,P1,P1_ridge_lse_hjb,ridge_lse,100,4,6,centre,centre,0.0,8,4,float64,0.24592841359661657,0.3095583277269345,0.1373048681594288,0.21190573195387924,0.2087940907007775,0.570362443255596,0.24051733969195413,0.32338962974392527,1267200,1268400,14652000,1465200000,0,44.67054590000771,1.0,0.9177209595959596,1.0,87.84812166117493,106.28479697543885,,,,0,0,0,0.8214796829493932,1.9231761409905561,5.499132510886182,0.01520454807908992,1267200,"[{""bias"": -2.6787924957364586, ""count"": 1975, ""high"": -2.0, ""low"": ""-Infinity"", ""mae"": 2.6787924957364586}, {""bias"": -2.2840011237674682, ""count"": 79409, ""high"": -1.0, ""low"": -2.0, ""mae"": 2.2840011237674682}, {""bias"": -1.2033246066913443, ""count"": 365520, ""high"": -0.25, ""low"": -1.0, ""mae"": 1.3132373218161026}, {""bias"": 0.6240865788794085, ""count"": 364917, ""high"": 0.25, ""low"": -0.25, ""mae"": 0.9060529292798046}, {""bias"": 2.7972689656590566, ""count"": 371677, ""high"": 1.0, ""low"": 0.25, ""mae"": 2.7972689656590566}, {""bias"": 4.7504556999988985, ""count"": 80950, ""high"": 2.0, ""low"": 1.0, ""mae"": 4.7504556999988985}, {""bias"": 5.635681874459417, ""count"": 2752, ""high"": ""Infinity"", ""low"": 2.0, ""mae"": 5.635681874459417}]",0.2468770332691792,0.2470914623453203,0.2458219829057931,0.0228210255514306,4.916170943461789
raw/e6/P1/d100/n4_M6/centre/rep09.npz,e6,,P1,P1_ridge_lse_hjb,ridge_lse,100,4,6,centre,centre,0.0,9,4,float64,0.24807882350931673,0.3122651206784588,0.13962646938461626,0.21381343023640345,0.21061979630262237,0.5695675203615607,0.23882204967378112,0.3211102131663608,1267200,1268400,14652000,1465200000,0,40.91520759998821,1.0,0.918203125,1.0,87.92140738465083,106.36855452881962,,,,0,0,0,0.8247079696235534,1.9243589359141828,5.513225916191321,0.014863545683496442,1267200,"[{""bias"": -2.6794211783200574, ""count"": 1835, ""high"": -2.0, ""low"": ""-Infinity"", ""mae"": 2.6794211783200574}, {""bias"": -2.2781439427418255, ""count"": 78255, ""high"": -1.0, ""low"": -2.0, ""mae"": 2.2781439427418255}, {""bias"": -1.2040232970885107, ""count"": 367080, ""high"": -0.25, ""low"": -1.0, ""mae"": 1.3136337617440905}, {""bias"": 0.6273661809831135, ""count"": 366440, ""high"": 0.25, ""low"": -0.25, ""mae"": 0.9082044276926984}, {""bias"": 2.8098527685953747, ""count"": 369332, ""high"": 1.0, ""low"": 0.25, ""mae"": 2.8098527685953747}, {""bias"": 4.745855445892305, ""count"": 81178, ""high"": 2.0, ""low"": 1.0, ""mae"": 4.745855445892305}, {""bias"": 5.622092086601536, ""count"": 3080, ""high"": ""Infinity"", ""low"": 2.0, ""mae"": 5.622092086601536}]",0.2468770332691792,0.2470914623453203,0.2458219829057931,0.0228210255514306,4.916170943461789
raw/e6/P1/d100/n4_M6/oracle_state/rep00.npz,e6,e1,P1,P1_ridge_lse_hjb,ridge_lse,100,4,6,oracle_state,oracle_state,1.0,0,4,float64,0.029463183868203045,0.03708629594428289,0.0006005141803591677,0.025523149080605833,0.025014347040849226,0.8211948396664577,0.024705097743086324,0.03321744878002005,1267200,1268400,14652000,1465200000,0,49.70812810002826,0.0,0.0,0.0,0.0,0.0,,,,0,0,0,0.0,0.0,0.0,0.016397309857632787,1267200,"[{""bias"": 0.0, ""count"": 1536, ""high"": -2.0, ""low"": ""-Infinity"", ""mae"": 0.0}, {""bias"": 0.0, ""count"": 80960, ""high"": -1.0, ""low"": -2.0, ""mae"": 0.0}, {""bias"": 0.0, ""count"": 365914, ""high"": -0.25, ""low"": -1.0, ""mae"": 0.0}, {""bias"": 0.0, ""count"": 366070, ""high"": 0.25, ""low"": -0.25, ""mae"": 0.0}, {""bias"": 0.0, ""count"": 367642, ""high"": 1.0, ""low"": 0.25, ""mae"": 0.0}, {""bias"": 0.0, ""count"": 82533, ""high"": 2.0, ""low"": 1.0, ""mae"": 0.0}, {""bias"": 0.0, ""count"": 2545, ""high"": ""Infinity"", ""low"": 2.0, ""mae"": 0.0}]",0.029400961202707715,0.029423159476509045,0.009496622029493453,0.027828986334108942,4.916170943461789
raw/e6/P1/d100/n4_M6/oracle_state/rep01.npz,e6,e1,P1,P1_ridge_lse_hjb,ridge_lse,100,4,6,oracle_state,oracle_state,1.0,1,4,float64,0.029068248255231924,0.03658917726603337,0.002179024413419847,0.025404349696381834,0.024679045312229475,0.8212341490538991,0.024760949525446736,0.03329254476786527,1267200,1268400,14652000,1465200000,0,49.85104460013099,0.0,0.0,0.0,0.0,0.0,,,,0,0,0,0.0,0.0,0.0,0.01610927881739673,1267200,"[{""bias"": 0.0, ""count"": 1467, ""high"": -2.0, ""low"": ""-Infinity"", ""mae"": 0.0}, {""bias"": 0.0, ""count"": 80005, ""high"": -1.0, ""low"": -2.0, ""mae"": 0.0}, {""bias"": 0.0, ""count"": 366776, ""high"": -0.25, ""low"": -1.0, ""mae"": 0.0}, {""bias"": 0.0, ""count"": 366646, ""high"": 0.25, ""low"": -0.25, ""mae"": 0.0}, {""bias"": 0.0, ""count"": 368915, ""high"": 1.0, ""low"": 0.25, ""mae"": 0.0}, {""bias"": 0.0, ""count"": 80379, ""high"": 2.0, ""low"": 1.0, ""mae"": 0.0}, {""bias"": 0.0, ""count"": 3012, ""high"": ""Infinity"", ""low"": 2.0, ""mae"": 0.0}]",0.029400961202707715,0.029423159476509045,0.009496622029493453,0.027828986334108942,4.916170943461789
raw/e6/P1/d100/n4_M6/oracle_state/rep02.npz,e6,e1,P1,P1_ridge_lse_hjb,ridge_lse,100,4,6,oracle_state,oracle_state,1.0,2,4,float64,0.029383135084815045,0.03698553586064811,0.00014745516377710026,0.025449174050919378,0.024946385341366163,0.8165610623987513,0.027361782738464877,0.03678951713110889,1267200,1268400,14652000,1465200000,0,49.680694199865684,0.0,0.0,0.0,0.0,0.0,,,,0,0,0,0.0,0.0,0.0,0.01709432211426632,1267200,"[{""bias"": 0.0, ""count"": 1786, ""high"": -2.0, ""low"": ""-Infinity"", ""mae"": 0.0}, {""bias"": 0.0, ""count"": 80332, ""high"": -1.0, ""low"": -2.0, ""mae"": 0.0}, {""bias"": 0.0, ""count"": 365271, ""high"": -0.25, ""low"": -1.0, ""mae"": 0.0}, {""bias"": 0.0, ""count"": 367157, ""high"": 0.25, ""low"": -0.25, ""mae"": 0.0}, {""bias"": 0.0, ""count"": 368648, ""high"": 1.0, ""low"": 0.25, ""mae"": 0.0}, {""bias"": 0.0, ""count"": 81025, ""high"": 2.0, ""low"": 1.0, ""mae"": 0.0}, {""bias"": 0.0, ""count"": 2981, ""high"": ""Infinity"", ""low"": 2.0, ""mae"": 0.0}]",0.029400961202707715,0.029423159476509045,0.009496622029493453,0.027828986334108942,4.916170943461789
raw/e6/P1/d100/n4_M6/oracle_state/rep03.npz,e6,e1,P1,P1_ridge_lse_hjb,ridge_lse,100,4,6,oracle_state,oracle_state,1.0,3,4,float64,0.028857200875433413,0.03632352486334379,-0.0005219029741259653,0.02494264053162313,0.024499865342272487,0.8188947809411963,0.028976474598580916,0.03896056477142554,1267200,1268400,14652000,1465200000,0,50.76189219998196,0.0,0.0,0.0,0.0,0.0,,,,0,0,0,0.0,0.0,0.0,0.013877155207490515,1267200,"[{""bias"": 0.0, ""count"": 1610, ""high"": -2.0, ""low"": ""-Infinity"", ""mae"": 0.0}, {""bias"": 0.0, ""count"": 79924, ""high"": -1.0, ""low"": -2.0, ""mae"": 0.0}, {""bias"": 0.0, ""count"": 368341, ""high"": -0.25, ""low"": -1.0, ""mae"": 0.0}, {""bias"": 0.0, ""count"": 363051, ""high"": 0.25, ""low"": -0.25, ""mae"": 0.0}, {""bias"": 0.0, ""count"": 367280, ""high"": 1.0, ""low"": 0.25, ""mae"": 0.0}, {""bias"": 0.0, ""count"": 83998, ""high"": 2.0, ""low"": 1.0, ""mae"": 0.0}, {""bias"": 0.0, ""count"": 2996, ""high"": ""Infinity"", ""low"": 2.0, ""mae"": 0.0}]",0.029400961202707715,0.029423159476509045,0.009496622029493453,0.027828986334108942,4.916170943461789
raw/e6/P1/d100/n4_M6/oracle_state/rep04.npz,e6,e1,P1,P1_ridge_lse_hjb,ridge_lse,100,4,6,oracle_state,oracle_state,1.0,4,4,float64,0.030008105981787405,0.0377722076523106,0.0012967590349483573,0.02646678698992331,0.02547698783759431,0.8204914141795073,0.026177356750887754,0.03519698712029045,1267200,1268400,14652000,1465200000,0,50.19208940002136,0.0,0.0,0.0,0.0,0.0,,,,0,0,0,0.0,0.0,0.0,0.016758341925317385,1267200,"[{""bias"": 0.0, ""count"": 2046, ""high"": -2.0, ""low"": ""-Infinity"", ""mae"": 0.0}, {""bias"": 0.0, ""count"": 80028, ""high"": -1.0, ""low"": -2.0, ""mae"": 0.0}, {""bias"": 0.0, ""count"": 361500, ""high"": -0.25, ""low"": -1.0, ""mae"": 0.0}, {""bias"": 0.0, ""count"": 367992, ""high"": 0.25, ""low"": -0.25, ""mae"": 0.0}, {""bias"": 0.0, ""count"": 371244, ""high"": 1.0, ""low"": 0.25, ""mae"": 0.0}, {""bias"": 0.0, ""count"": 81795, ""high"": 2.0, ""low"": 1.0, ""mae"": 0.0}, {""bias"": 0.0, ""count"": 2595, ""high"": ""Infinity"", ""low"": 2.0, ""mae"": 0.0}]",0.029400961202707715,0.029423159476509045,0.009496622029493453,0.027828986334108942,4.916170943461789
raw/e6/P1/d100/n4_M6/oracle_state/rep05.npz,e6,e1,P1,P1_ridge_lse_hjb,ridge_lse,100,4,6,oracle_state,oracle_state,1.0,5,4,float64,0.030213864115202868,0.03803120230349711,-0.000162758084689319,0.02546455894960001,0.02565167721871331,0.8194023898678096,0.029304710687958906,0.03940189739030654,1267200,1268400,14652000,1465200000,0,50.88919029990211,0.0,0.0,0.0,0.0,0.0,,,,0,0,0,0.0,0.0,0.0,0.01606427544784643,1267200,"[{""bias"": 0.0, ""count"": 1911, ""high"": -2.0, ""low"": ""-Infinity"", ""mae"": 0.0}, {""bias"": 0.0, ""count"": 80162, ""high"": -1.0, ""low"": -2.0, ""mae"": 0.0}, {""bias"": 0.0, ""count"": 367380, ""high"": -0.25, ""low"": -1.0, ""mae"": 0.0}, {""bias"": 0.0, ""count"": 365923, ""high"": 0.25, ""low"": -0.25, ""mae"": 0.0}, {""bias"": 0.0, ""count"": 366988, ""high"": 1.0, ""low"": 0.25, ""mae"": 0.0}, {""bias"": 0.0, ""count"": 81967, ""high"": 2.0, ""low"": 1.0, ""mae"": 0.0}, {""bias"": 0.0, ""count"": 2869, ""high"": ""Infinity"", ""low"": 2.0, ""mae"": 0.0}]",0.029400961202707715,0.029423159476509045,0.009496622029493453,0.027828986334108942,4.916170943461789
raw/e6/P1/d100/n4_M6/oracle_state/rep06.npz,e6,e1,P1,P1_ridge_lse_hjb,ridge_lse,100,4,6,oracle_state,oracle_state,1.0,6,4,float64,0.029634888550289392,0.037302426376192716,-0.0016894161732645546,0.025283469919978697,0.025160124921660063,0.8194539366952458,0.028548205999890178,0.03838473259342569,1267200,1268400,14652000,1465200000,0,50.83096590009518,0.0,0.0,0.0,0.0,0.0,,,,0,0,0,0.0,0.0,0.0,0.015460449627887266,1267200,"[{""bias"": 0.0, ""count"": 1821, ""high"": -2.0, ""low"": ""-Infinity"", ""mae"": 0.0}, {""bias"": 0.0, ""count"": 80741, ""high"": -1.0, ""low"": -2.0, ""mae"": 0.0}, {""bias"": 0.0, ""count"": 365681, ""high"": -0.25, ""low"": -1.0, ""mae"": 0.0}, {""bias"": 0.0, ""count"": 367117, ""high"": 0.25, ""low"": -0.25, ""mae"": 0.0}, {""bias"": 0.0, ""count"": 370438, ""high"": 1.0, ""low"": 0.25, ""mae"": 0.0}, {""bias"": 0.0, ""count"": 78838, ""high"": 2.0, ""low"": 1.0, ""mae"": 0.0}, {""bias"": 0.0, ""count"": 2564, ""high"": ""Infinity"", ""low"": 2.0, ""mae"": 0.0}]",0.029400961202707715,0.029423159476509045,0.009496622029493453,0.027828986334108942,4.916170943461789
raw/e6/P1/d100/n4_M6/oracle_state/rep07.npz,e6,e1,P1,P1_ridge_lse_hjb,ridge_lse,100,4,6,oracle_state,oracle_state,1.0,7,4,float64,0.029080948245164794,0.03660516316854977,0.00026682043406927615,0.024804625969659697,0.024689827648484007,0.8267046127279689,0.024062115391310597,0.032352921403578316,1267200,1268400,14652000,1465200000,0,50.54806590010412,0.0,0.0,0.0,0.0,0.0,,,,0,0,0,0.0,0.0,0.0,0.01759263069236807,1267200,"[{""bias"": 0.0, ""count"": 1754, ""high"": -2.0, ""low"": ""-Infinity"", ""mae"": 0.0}, {""bias"": 0.0, ""count"": 79780, ""high"": -1.0, ""low"": -2.0, ""mae"": 0.0}, {""bias"": 0.0, ""count"": 364840, ""high"": -0.25, ""low"": -1.0, ""mae"": 0.0}, {""bias"": 0.0, ""count"": 368088, ""high"": 0.25, ""low"": -0.25, ""mae"": 0.0}, {""bias"": 0.0, ""count"": 368731, ""high"": 1.0, ""low"": 0.25, ""mae"": 0.0}, {""bias"": 0.0, ""count"": 81513, ""high"": 2.0, ""low"": 1.0, ""mae"": 0.0}, {""bias"": 0.0, ""count"": 2494, ""high"": ""Infinity"", ""low"": 2.0, ""mae"": 0.0}]",0.029400961202707715,0.029423159476509045,0.009496622029493453,0.027828986334108942,4.916170943461789
raw/e6/P1/d100/n4_M6/oracle_state/rep08.npz,e6,e1,P1,P1_ridge_lse_hjb,ridge_lse,100,4,6,oracle_state,oracle_state,1.0,8,4,float64,0.02865260832719623,0.036065997373244264,-0.0016712277452836145,0.025381970931066308,0.02432616554708166,0.8198971769008234,0.02861386364362874,0.0384730131353844,1267200,1268400,14652000,1465200000,0,50.61739290016703,0.0,0.0,0.0,0.0,0.0,,,,0,0,0,0.0,0.0,0.0,0.01497763363340448,1267200,"[{""bias"": 0.0, ""count"": 1975, ""high"": -2.0, ""low"": ""-Infinity"", ""mae"": 0.0}, {""bias"": 0.0, ""count"": 79409, ""high"": -1.0, ""low"": -2.0, ""mae"": 0.0}, {""bias"": 0.0, ""count"": 365520, ""high"": -0.25, ""low"": -1.0, ""mae"": 0.0}, {""bias"": 0.0, ""count"": 364917, ""high"": 0.25, ""low"": -0.25, ""mae"": 0.0}, {""bias"": 0.0, ""count"": 371677, ""high"": 1.0, ""low"": 0.25, ""mae"": 0.0}, {""bias"": 0.0, ""count"": 80950, ""high"": 2.0, ""low"": 1.0, ""mae"": 0.0}, {""bias"": 0.0, ""count"": 2752, ""high"": ""Infinity"", ""low"": 2.0, ""mae"": 0.0}]",0.029400961202707715,0.029423159476509045,0.009496622029493453,0.027828986334108942,4.916170943461789
raw/e6/P1/d100/n4_M6/oracle_state/rep09.npz,e6,e1,P1,P1_ridge_lse_hjb,ridge_lse,100,4,6,oracle_state,oracle_state,1.0,9,4,float64,0.02964742872375303,0.037318211112368736,0.0015058809666458094,0.02573978483903287,0.025170771573168438,0.8182354789946409,0.027907406967615143,0.03752314081774291,1267200,1268400,14652000,1465200000,0,50.94472260004841,0.0,0.0,0.0,0.0,0.0,,,,0,0,0,0.0,0.0,0.0,0.01482460034044297,1267200,"[{""bias"": 0.0, ""count"": 1835, ""high"": -2.0, ""low"": ""-Infinity"", ""mae"": 0.0}, {""bias"": 0.0, ""count"": 78255, ""high"": -1.0, ""low"": -2.0, ""mae"": 0.0}, {""bias"": 0.0, ""count"": 367080, ""high"": -0.25, ""low"": -1.0, ""mae"": 0.0}, {""bias"": 0.0, ""count"": 366440, ""high"": 0.25, ""low"": -0.25, ""mae"": 0.0}, {""bias"": 0.0, ""count"": 369332, ""high"": 1.0, ""low"": 0.25, ""mae"": 0.0}, {""bias"": 0.0, ""count"": 81178, ""high"": 2.0, ""low"": 1.0, ""mae"": 0.0}, {""bias"": 0.0, ""count"": 3080, ""high"": ""Infinity"", ""low"": 2.0, ""mae"": 0.0}]",0.029400961202707715,0.029423159476509045,0.009496622029493453,0.027828986334108942,4.916170943461789
raw/e6/P1/d100/n4_M6/raw/rep00.npz,e6,e1,P1,P1_ridge_lse_hjb,ridge_lse,100,4,6,raw,raw,1.0,0,4,float64,1236398477.830322,1556296157.9098616,-514696958.3602683,514696958.3602683,1049706669.2986593,24275033717.827286,1210083425.205154,1627027936.2708519,1267200,1268400,14652000,1465200000,0,49.50551280006766,1.0,0.9264835858585858,0.0,54025898.763358176,0.0,,,,0,0,0,-27013306.452828225,27013306.457028348,2.4234487570375665e+18,-0.03335118427630459,1267200,"[{""bias"": -509.7618918760059, ""count"": 1536, ""high"": -2.0, ""low"": ""-Infinity"", ""mae"": 509.7622180342398}, {""bias"": -109688.99896677144, ""count"": 80960, ""high"": -1.0, ""low"": -2.0, ""mae"": 109688.99968732105}, {""bias"": -2562232.092512764, ""count"": 365914, ""high"": -0.25, ""low"": -1.0, ""mae"": 2562232.096019005}, {""bias"": -15633561.382122314, ""count"": 366070, ""high"": 0.25, ""low"": -0.25, ""mae"": 15633561.387286067}, {""bias"": -48297732.172301, ""count"": 367642, ""high"": 1.0, ""low"": 0.25, ""mae"": 48297732.17687751}, {""bias"": -118113962.58744538, ""count"": 82533, ""high"": 2.0, ""low"": 1.0, ""mae"": 118113962.59212236}, {""bias"": -22503653.477931365, ""count"": 2545, ""high"": ""Infinity"", ""low"": 2.0, ""mae"": 22503653.48648135}]",1211951854.581062,1191221422.434319,1053052176.4737458,621354980.753968,4.916170943461789
raw/e6/P1/d100/n4_M6/raw/rep01.npz,e6,e1,P1,P1_ridge_lse_hjb,ridge_lse,100,4,6,raw,raw,1.0,1,4,float64,1213433149.2484093,1527388929.9586532,-515067639.0645491,515067639.0645491,1030209024.318238,23707995357.198387,1418772339.4349456,1907622386.512444,1267200,1268400,14652000,1465200000,0,48.87110919994302,1.0,0.9266548295454545,0.0,53742522.719539635,0.0,,,,0,0,0,-26871618.59606939,26871618.600159906,2.2955212758447547e+18,0.03683674269956617,1267200,"[{""bias"": -120.82801300570316, ""count"": 1467, ""high"": -2.0, ""low"": ""-Infinity"", ""mae"": 120.82801300570316}, {""bias"": -58670.79702046119, ""count"": 80005, ""high"": -1.0, ""low"": -2.0, ""mae"": 58670.798015948974}, {""bias"": -2274621.144962209, ""count"": 366776, ""high"": -0.25, ""low"": -1.0, ""mae"": 2274621.148659152}, {""bias"": -13549319.94179736, ""count"": 366646, ""high"": 0.25, ""low"": -0.25, ""mae"": 13549319.946560403}, {""bias"": -49653411.9605154, ""count"": 368915, ""high"": 1.0, ""low"": 0.25, ""mae"": 49653411.96517976}, {""bias"": -121318497.05875057, ""count"": 80379, ""high"": 2.0, ""low"": 1.0, ""mae"": 121318497.06210157}, {""bias"": -58297675.17432194, ""count"": 3012, ""high"": ""Infinity"", ""low"": 2.0, ""mae"": 58297675.17813054}]",1211951854.581062,1191221422.434319,1053052176.4737458,621354980.753968,4.916170943461789
raw/e6/P1/d100/n4_M6/raw/rep02.npz,e6,e1,P1,P1_ridge_lse_hjb,ridge_lse,100,4,6,raw,raw,1.0,2,4,float64,1239780894.0809708,1560553718.4857805,-502815835.6095754,502815835.6095754,1052578352.6275492,24164127470.662853,1112358229.925635,1495630695.8117118,1267200,1268400,14652000,1465200000,0,50.16457020002417,1.0,0.9266043244949494,0.0,50628305.90111024,0.0,,,,0,0,0,-25314504.643441368,25314504.64753606,2.0395232519996662e+18,0.01590271655426199,1267200,"[{""bias"": -491.5071056867489, ""count"": 1786, ""high"": -2.0, ""low"": ""-Infinity"", ""mae"": 491.5072956854734}, {""bias"": -136833.86740649087, ""count"": 80332, ""high"": -1.0, ""low"": -2.0, ""mae"": 136833.86834957285}, {""bias"": -2665630.251319147, ""count"": 365271, ""high"": -0.25, ""low"": -1.0, ""mae"": 2665630.254648378}, {""bias"": -14725606.652129687, ""count"": 367157, ""high"": 0.25, ""low"": -0.25, ""mae"": 14725606.657419084}, {""bias"": -47789704.10303359, ""count"": 368648, ""high"": 1.0, ""low"": 0.25, ""mae"": 47789704.107404284}, {""bias"": -98239579.15876491, ""count"": 81025, ""high"": 2.0, ""low"": 1.0, ""mae"": 98239579.16282444}, {""bias"": -36839832.09697694, ""count"": 2981, ""high"": ""Infinity"", ""low"": 2.0, ""mae"": 36839832.10181328}]",1211951854.581062,1191221422.434319,1053052176.4737458,621354980.753968,4.916170943461789
raw/e6/P1/d100/n4_M6/raw/rep03.npz,e6,e1,P1,P1_ridge_lse_hjb,ridge_lse,100,4,6,raw,raw,1.0,3,4,float64,1169009695.6202288,1471471641.606805,-493750621.0581939,493750621.0581939,992493355.4760929,24979545823.951347,1380542509.1530123,1856220143.8471885,1267200,1268400,14652000,1465200000,0,49.62159260013141,1.0,0.9261702967171718,0.0,55402454.3212851,0.0,,,,0,0,0,-27701583.36371977,27701583.3680595,2.757627014152107e+18,0.030161795178267562,1267200,"[{""bias"": -471.9173901701095, ""count"": 1610, ""high"": -2.0, ""low"": ""-Infinity"", ""mae"": 471.9175953918143}, {""bias"": -114586.62048228706, ""count"": 79924, ""high"": -1.0, ""low"": -2.0, ""mae"": 114586.62140160608}, {""bias"": -2773639.2863668087, ""count"": 368341, ""high"": -0.25, ""low"": -1.0, ""mae"": 2773639.289597376}, {""bias"": -12655224.671051102, ""count"": 363051, ""high"": 0.25, ""low"": -0.25, ""mae"": 12655224.676651366}, {""bias"": -50880819.18675325, ""count"": 367280, ""high"": 1.0, ""low"": 0.25, ""mae"": 50880819.191887856}, {""bias"": -125107425.60354078, ""count"": 83998, ""high"": 2.0, ""low"": 1.0, ""mae"": 125107425.60722512}, {""bias"": -94081979.4649303, ""count"": 2996, ""high"": ""Infinity"", ""low"": 2.0, ""mae"": 94081979.46728866}]",1211951854.581062,1191221422.434319,1053052176.4737458,621354980.753968,4.916170943461789
raw/e6/P1/d100/n4_M6/raw/rep04.npz,e6,e1,P1,P1_ridge_lse_hjb,ridge_lse,100,4,6,raw,raw,1.0,4,4,float64,1361533278.7866237,1713807521.31016,-528380004.28261477,528380004.2826186,1155946556.7463505,33486636925.345654,1534251091.669604,2062890322.6050613,1267200,1268400,14652000,1465200000,0,49.86717230011709,1.0,0.9268821022727273,0.0,54102069.98745459,0.0,,,,0,0,0,-27051384.531156097,27051384.53550319,3.552365770454782e+18,-0.04629296044081074,1267200,"[{""bias"": -497.21406118326166, ""count"": 2046, ""high"": -2.0, ""low"": ""-Infinity"", ""mae"": 497.21429673219296}, {""bias"": -253495.08835965145, ""count"": 80028, ""high"": -1.0, ""low"": -2.0, ""mae"": 253495.08925142986}, {""bias"": -2116589.2196774627, ""count"": 361500, ""high"": -0.25, ""low"": -1.0, ""mae"": 2116589.2231491753}, {""bias"": -15961029.896979535, ""count"": 367992, ""high"": 0.25, ""low"": -0.25, ""mae"": 15961029.902328469}, {""bias"": -49496640.89963817, ""count"": 371244, ""high"": 1.0, ""low"": 0.25, ""mae"": 49496640.90469093}, {""bias"": -112414199.6097591, ""count"": 81795, ""high"": 2.0, ""low"": 1.0, ""mae"": 112414199.61381999}, {""bias"": -19382669.619107947, ""count"": 2595, ""high"": ""Infinity"", ""low"": 2.0, ""mae"": 19382669.62120798}]",1211951854.581062,1191221422.434319,1053052176.4737458,621354980.753968,4.916170943461789
raw/e6/P1/d100/n4_M6/raw/rep05.npz,e6,e1,P1,P1_ridge_lse_hjb,ridge_lse,100,4,6,raw,raw,1.0,5,4,float64,1112315797.1128347,1400109133.4785008,-464617891.0382699,464617891.0382699,944360035.645267,22200119614.389908,1018924313.266982,1370003330.4314628,1267200,1268400,14652000,1465200000,0,49.39726480003446,1.0,0.9260905934343434,0.0,46840538.01636158,0.0,,,,0,0,0,-23420603.955800638,23420603.95977689,1.734920983523807e+18,-0.012345369862763677,1267200,"[{""bias"": -387.2818826059105, ""count"": 1911, ""high"": -2.0, ""low"": ""-Infinity"", ""mae"": 387.2818826059105}, {""bias"": -81212.85893764543, ""count"": 80162, ""high"": -1.0, ""low"": -2.0, ""mae"": 81212.85957531373}, {""bias"": -2314773.120635014, ""count"": 367380, ""high"": -0.25, ""low"": -1.0, ""mae"": 2314773.12373578}, {""bias"": -11962350.162894178, ""count"": 365923, ""high"": 0.25, ""low"": -0.25, ""mae"": 11962350.16771053}, {""bias"": -46572471.76270605, ""count"": 366988, ""high"": 1.0, ""low"": 0.25, ""mae"": 46572471.767305136}, {""bias"": -89436807.48497511, ""count"": 81967, ""high"": 2.0, ""low"": 1.0, ""mae"": 89436807.48957868}, {""bias"": -7658742.909788554, ""count"": 2869, ""high"": ""Infinity"", ""low"": 2.0, ""mae"": 7658742.917067128}]",1211951854.581062,1191221422.434319,1053052176.4737458,621354980.753968,4.916170943461789
raw/e6/P1/d100/n4_M6/raw/rep06.npz,e6,e1,P1,P1_ridge_lse_hjb,ridge_lse,100,4,6,raw,raw,1.0,6,4,float64,1128930600.0861905,1421022742.2345054,-486992436.35672593,486992436.35672957,958466061.9813883,22602690285.570393,977435767.7907269,1314219554.6032248,1267200,1268400,14652000,1465200000,0,50.16007269988768,1.0,0.9262365845959596,0.0,48232967.0856262,0.0,,,,0,0,0,-24116823.79303864,24116823.797113646,1.8624401098689718e+18,-0.04096709578726329,1267200,"[{""bias"": -671.7795200880458, ""count"": 1821, ""high"": -2.0, ""low"": ""-Infinity"", ""mae"": 671.7797294176032}, {""bias"": -62505.33893024119, ""count"": 80741, ""high"": -1.0, ""low"": -2.0, ""mae"": 62505.33981542752}, {""bias"": -2166116.0261136545, ""count"": 365681, ""high"": -0.25, ""low"": -1.0, ""mae"": 2166116.029443327}, {""bias"": -12650940.14109158, ""count"": 367117, ""high"": 0.25, ""low"": -0.25, ""mae"": 12650940.146303369}, {""bias"": -48709351.454527095, ""count"": 370438, ""high"": 1.0, ""low"": 0.25, ""mae"": 48709351.45899645}, {""bias"": -88402057.2493764, ""count"": 78838, ""high"": 2.0, ""low"": 1.0, ""mae"": 88402057.25319953}, {""bias"": -41369872.77561742, ""count"": 2564, ""high"": ""Infinity"", ""low"": 2.0, ""mae"": 41369872.77718862}]",1211951854.581062,1191221422.434319,1053052176.4737458,621354980.753968,4.916170943461789
raw/e6/P1/d100/n4_M6/raw/rep07.npz,e6,e1,P1,P1_ridge_lse_hjb,ridge_lse,100,4,6,raw,raw,1.0,7,4,float64,1599379193.29177,2013192136.8335347,-551195432.5068245,551195432.5068245,1357878577.205983,33560480895.304905,1210425316.640255,1627487629.3006833,1267200,1268400,14652000,1465200000,0,51.607095500221476,1.0,0.9267542613636364,0.0,54959328.836210705,0.0,,,,0,0,0,-27480011.20826079,27480011.21232965,3.7212686851112934e+18,0.07775954195575303,1267200,"[{""bias"": -267.2150199871571, ""count"": 1754, ""high"": -2.0, ""low"": ""-Infinity"", ""mae"": 267.2154864226792}, {""bias"": -84416.6949286071, ""count"": 79780, ""high"": -1.0, ""low"": -2.0, ""mae"": 84416.69570557725}, {""bias"": -2128546.7934136637, ""count"": 364840, ""high"": -0.25, ""low"": -1.0, ""mae"": 2128546.796614464}, {""bias"": -13668443.765412657, ""count"": 368088, ""high"": 0.25, ""low"": -0.25, ""mae"": 13668443.770419938}, {""bias"": -50222870.60440739, ""count"": 368731, ""high"": 1.0, ""low"": 0.25, ""mae"": 50222870.60909431}, {""bias"": -128433600.92180474, ""count"": 81513, ""high"": 2.0, ""low"": 1.0, ""mae"": 128433600.92614894}, {""bias"": -8191025.21510277, ""count"": 2494, ""high"": ""Infinity"", ""low"": 2.0, ""mae"": 8191025.21510277}]",1211951854.581062,1191221422.434319,1053052176.4737458,621354980.753968,4.916170943461789
raw/e6/P1/d100/n4_M6/raw/rep08.npz,e6,e1,P1,P1_ridge_lse_hjb,ridge_lse,100,4,6,raw,raw,1.0,8,4,float64,993661043.1080911,1250754422.1241374,-457417663.3785601,457417663.3785601,843621730.9189941,20073306056.468216,1818842234.820011,2445539758.731721,1267200,1268400,14652000,1465200000,0,49.80622230004519,1.0,0.9266382575757576,0.0,50398002.78702448,0.0,,,,0,0,0,-25199341.915733047,25199341.919882838,4.062876947316231e+18,-0.03599073547155363,1267200,"[{""bias"": -302.2714988211993, ""count"": 1975, ""high"": -2.0, ""low"": ""-Infinity"", ""mae"": 302.27152700562294}, {""bias"": -121688.20364212168, ""count"": 79409, ""high"": -1.0, ""low"": -2.0, ""mae"": 121688.20443052068}, {""bias"": -1976023.4046162341, ""count"": 365520, ""high"": -0.25, ""low"": -1.0, ""mae"": 1976023.407788313}, {""bias"": -14046836.09584028, ""count"": 364917, ""high"": 0.25, ""low"": -0.25, ""mae"": 14046836.101276573}, {""bias"": -46903622.15751197, ""count"": 371677, ""high"": 1.0, ""low"": 0.25, ""mae"": 46903622.1620459}, {""bias"": -106581919.78292863, ""count"": 80950, ""high"": 2.0, ""low"": 1.0, ""mae"": 106581919.7873182}, {""bias"": -5062862.849182647, ""count"": 2752, ""high"": ""Infinity"", ""low"": 2.0, ""mae"": 5062862.853633978}]",1211951854.581062,1191221422.434319,1053052176.4737458,621354980.753968,4.916170943461789
raw/e6/P1/d100/n4_M6/raw/rep09.npz,e6,e1,P1,P1_ridge_lse_hjb,ridge_lse,100,4,6,raw,raw,1.0,9,4,float64,1065076416.6451789,1340647343.738297,-469069450.9818259,469069450.9818277,904253634.982713,23712708412.649673,1101325242.2894044,1480796198.6764133,1267200,1268400,14652000,1465200000,0,49.747156199999154,1.0,0.9271590909090909,0.0,50649339.14225951,0.0,,,,0,0,0,-25325018.004137002,25325018.00815553,2.118139281786184e+18,-0.10558843830495258,1267200,"[{""bias"": -1235.6478409927158, ""count"": 1835, ""high"": -2.0, ""low"": ""-Infinity"", ""mae"": 1235.6478898932028}, {""bias"": -151338.97432875697, ""count"": 78255, ""high"": -1.0, ""low"": -2.0, ""mae"": 151338.97514090437}, {""bias"": -2536036.039320925, ""count"": 367080, ""high"": -0.25, ""low"": -1.0, ""mae"": 2536036.04266478}, {""bias"": -13339535.22834904, ""count"": 366440, ""high"": 0.25, ""low"": -0.25, ""mae"": 13339535.233377555}, {""bias"": -47409660.0013746, ""count"": 369332, ""high"": 1.0, ""low"": 0.25, ""mae"": 47409660.00594991}, {""bias"": -107582774.02183402, ""count"": 81178, ""high"": 2.0, ""low"": 1.0, ""mae"": 107582774.02507888}, {""bias"": -5743876.763074897, ""count"": 3080, ""high"": ""Infinity"", ""low"": 2.0, ""mae"": 5743876.764792575}]",1211951854.581062,1191221422.434319,1053052176.4737458,621354980.753968,4.916170943461789
raw/e6/P1/d100/n4_M6/segment/rep00.npz,e6,e1,P1,P1_ridge_lse_hjb,ridge_lse,100,4,6,segment,segment,1.0,0,4,float64,0.1971920299017839,0.24821220990593046,0.032376002715170105,0.1554909528531476,0.16741672901739865,3.6740716273161484,0.18098018714803088,0.24333844615006722,1267200,1268400,14652000,1465200000,0,51.80289110005833,1.0,0.9136852904040405,1.0,91.4871181618054,108.06752296916075,,,,0,0,0,0.6293818178400685,2.2798846001527053,8.403688054902531,0.016233065665143407,1267200,"[{""bias"": -0.17451403286697778, ""count"": 1536, ""high"": -2.0, ""low"": ""-Infinity"", ""mae"": 0.31285347598560326}, {""bias"": -0.1776420764230592, ""count"": 80960, ""high"": -1.0, ""low"": -2.0, ""mae"": 0.6771711982266209}, {""bias"": -0.024295743944408716, ""count"": 365914, ""high"": -0.25, ""low"": -1.0, ""mae"": 1.4754096679491806}, {""bias"": 0.4597844723572483, ""count"": 366070, ""high"": 0.25, ""low"": -0.25, ""mae"": 2.473104419598636}, {""bias"": 1.2621694993942372, ""count"": 367642, ""high"": 1.0, ""low"": 0.25, ""mae"": 3.061218333174099}, {""bias"": 2.203396583805438, ""count"": 82533, ""high"": 2.0, ""low"": 1.0, ""mae"": 3.0971561378752677}, {""bias"": 2.711197381129807, ""count"": 2545, ""high"": ""Infinity"", ""low"": 2.0, ""mae"": 2.952077042628338}]",0.19375203425357423,0.19159322934408082,0.08123286426398928,0.1759523670679546,4.916170943461789
raw/e6/P1/d100/n4_M6/segment/rep01.npz,e6,e1,P1,P1_ridge_lse_hjb,ridge_lse,100,4,6,segment,segment,1.0,1,4,float64,0.19157417331066007,0.2411408257322802,0.031358665671860575,0.1533398895944979,0.16264714895352267,3.6931204685636447,0.18116361215696009,0.24358507180208616,1267200,1268400,14652000,1465200000,0,51.626955500105396,1.0,0.9138533775252525,1.0,91.29820905104224,107.87442764460467,,,,0,0,0,0.6261466768215714,2.280390555377492,8.401767308241594,0.01600656907087983,1267200,"[{""bias"": -0.1656837989455049, ""count"": 1467, ""high"": -2.0, ""low"": ""-Infinity"", ""mae"": 0.3041377219924503}, {""bias"": -0.1850301383023618, ""count"": 80005, ""high"": -1.0, ""low"": -2.0, ""mae"": 0.6832781186362261}, {""bias"": -0.023854817875269864, ""count"": 366776, ""high"": -0.25, ""low"": -1.0, ""mae"": 1.4717339343529068}, {""bias"": 0.449456273495017, ""count"": 366646, ""high"": 0.25, ""low"": -0.25, ""mae"": 2.4739271176272735}, {""bias"": 1.2658406770352146, ""count"": 368915, ""high"": 1.0, ""low"": 0.25, ""mae"": 3.062545428644344}, {""bias"": 2.2075657855454374, ""count"": 80379, ""high"": 2.0, ""low"": 1.0, ""mae"": 3.0995204199255375}, {""bias"": 2.665321846146008, ""count"": 3012, ""high"": ""Infinity"", ""low"": 2.0, ""mae"": 2.918861134592022}]",0.19375203425357423,0.19159322934408082,0.08123286426398928,0.1759523670679546,4.916170943461789
raw/e6/P1/d100/n4_M6/segment/rep02.npz,e6,e1,P1,P1_ridge_lse_hjb,ridge_lse,100,4,6,segment,segment,1.0,2,4,float64,0.18911576956696094,0.23804635063423238,0.027662744849946803,0.15493740920378823,0.16055995550265534,3.650577791743475,0.14618328654174778,0.19655197820678116,1267200,1268400,14652000,1465200000,0,51.519720799988136,1.0,0.9141043244949495,1.0,91.47713420842028,108.07373979869259,,,,0,0,0,0.6271664448823583,2.282357032893784,8.414891204843867,0.01702091057863566,1267200,"[{""bias"": -0.17835477175862915, ""count"": 1786, ""high"": -2.0, ""low"": ""-Infinity"", ""mae"": 0.3163698496832006}, {""bias"": -0.16789994143954423, ""count"": 80332, ""high"": -1.0, ""low"": -2.0, ""mae"": 0.6736695804347566}, {""bias"": -0.02767560464345086, ""count"": 365271, ""high"": -0.25, ""low"": -1.0, ""mae"": 1.4760512807033155}, {""bias"": 0.45155517449863064, ""count"": 367157, ""high"": 0.25, ""low"": -0.25, ""mae"": 2.4786561121054898}, {""bias"": 1.2584980132398793, ""count"": 368648, ""high"": 1.0, ""low"": 0.25, ""mae"": 3.058135234167188}, {""bias"": 2.2357536694457103, ""count"": 81025, ""high"": 2.0, ""low"": 1.0, ""mae"": 3.1151797569341544}, {""bias"": 2.6079619596233075, ""count"": 2981, ""high"": ""Infinity"", ""low"": 2.0, ""mae"": 2.859115625304013}]",0.19375203425357423,0.19159322934408082,0.08123286426398928,0.1759523670679546,4.916170943461789
raw/e6/P1/d100/n4_M6/segment/rep03.npz,e6,e1,P1,P1_ridge_lse_hjb,ridge_lse,100,4,6,segment,segment,1.0,3,4,float64,0.20046336262084258,0.2523299459216283,0.015333306627026018,0.15839797597485775,0.17019410203610122,3.7161691833369437,0.1723913984737372,0.23179031746676312,1267200,1268400,14652000,1465200000,0,51.88905430003069,1.0,0.9134588068181818,1.0,91.4776951324004,108.05795845325511,,,,0,0,0,0.6292542435795956,2.2812510771745758,8.419833781215052,0.013595643239939214,1267200,"[{""bias"": -0.15808363001541736, ""count"": 1610, ""high"": -2.0, ""low"": ""-Infinity"", ""mae"": 0.296523620082068}, {""bias"": -0.1751373524546588, ""count"": 79924, ""high"": -1.0, ""low"": -2.0, ""mae"": 0.6792260823972028}, {""bias"": -0.03235399863988835, ""count"": 368341, ""high"": -0.25, ""low"": -1.0, ""mae"": 1.4760026668281598}, {""bias"": 0.4586756817445124, ""count"": 363051, ""high"": 0.25, ""low"": -0.25, ""mae"": 2.475662638520563}, {""bias"": 1.259922026340843, ""count"": 367280, ""high"": 1.0, ""low"": 0.25, ""mae"": 3.0599372993909584}, {""bias"": 2.2171033529239192, ""count"": 83998, ""high"": 2.0, ""low"": 1.0, ""mae"": 3.1064304528719946}, {""bias"": 2.6907209187567527, ""count"": 2996, ""high"": ""Infinity"", ""low"": 2.0, ""mae"": 2.9324716880658594}]",0.19375203425357423,0.19159322934408082,0.08123286426398928,0.1759523670679546,4.916170943461789
raw/e6/P1/d100/n4_M6/segment/rep04.npz,e6,e1,P1,P1_ridge_lse_hjb,ridge_lse,100,4,6,segment,segment,1.0,4,4,float64,0.19641053730140515,0.24722851900593945,0.03776317318884504,0.1585018565359647,0.1667532390428197,3.6777756084991355,0.19302014810844415,0.25952687781202616,1267200,1268400,14652000,1465200000,0,50.00587999983691,1.0,0.9141895517676768,1.0,91.64800830990765,108.26895870331872,,,,0,0,0,0.6287547089269563,2.2865173002689994,8.431071265410905,0.01642233677014722,1267200,"[{""bias"": -0.17843729766888583, ""count"": 2046, ""high"": -2.0, ""low"": ""-Infinity"", ""mae"": 0.3141868919439072}, {""bias"": -0.1800526024113553, ""count"": 80028, ""high"": -1.0, ""low"": -2.0, ""mae"": 0.6716036711609648}, {""bias"": -0.025210503391327514, ""count"": 361500, ""high"": -0.25, ""low"": -1.0, ""mae"": 1.479137658433304}, {""bias"": 0.4516325218561256, ""count"": 367992, ""high"": 0.25, ""low"": -0.25, ""mae"": 2.4740086751570383}, {""bias"": 1.2533791361439182, ""count"": 371244, ""high"": 1.0, ""low"": 0.25, ""mae"": 3.0590972312700178}, {""bias"": 2.225372129964227, ""count"": 81795, ""high"": 2.0, ""low"": 1.0, ""mae"": 3.1117934732035084}, {""bias"": 2.74178964666477, ""count"": 2595, ""high"": ""Infinity"", ""low"": 2.0, ""mae"": 2.9905565880441873}]",0.19375203425357423,0.19159322934408082,0.08123286426398928,0.1759523670679546,4.916170943461789
raw/e6/P1/d100/n4_M6/segment/rep05.npz,e6,e1,P1,P1_ridge_lse_hjb,ridge_lse,100,4,6,segment,segment,1.0,5,4,float64,0.19074442693212382,0.24009639618621537,0.030395177486857588,0.15810003221795094,0.16194269135106398,3.630463363078175,0.1812914729552922,0.24375698812331414,1267200,1268400,14652000,1465200000,0,51.13937980006449,1.0,0.9134027777777778,1.0,91.35407345059727,107.93352685472856,,,,0,0,0,0.6232167714890816,2.2793355754891036,8.412170414616819,0.015715443324930644,1267200,"[{""bias"": -0.17942908749653097, ""count"": 1911, ""high"": -2.0, ""low"": ""-Infinity"", ""mae"": 0.31689882956775817}, {""bias"": -0.1781805947023001, ""count"": 80162, ""high"": -1.0, ""low"": -2.0, ""mae"": 0.6765377606653054}, {""bias"": -0.03499422989056639, ""count"": 367380, ""high"": -0.25, ""low"": -1.0, ""mae"": 1.477144723606141}, {""bias"": 0.44349459701768945, ""count"": 365923, ""high"": 0.25, ""low"": -0.25, ""mae"": 2.4704025207659166}, {""bias"": 1.2681771793549268, ""count"": 366988, ""high"": 1.0, ""low"": 0.25, ""mae"": 3.0625466718856003}, {""bias"": 2.216044933519042, ""count"": 81967, ""high"": 2.0, ""low"": 1.0, ""mae"": 3.1035831142425687}, {""bias"": 2.749891822770059, ""count"": 2869, ""high"": ""Infinity"", ""low"": 2.0, ""mae"": 2.9892026191398773}]",0.19375203425357423,0.19159322934408082,0.08123286426398928,0.1759523670679546,4.916170943461789
raw/e6/P1/d100/n4_M6/segment/rep06.npz,e6,e1,P1,P1_ridge_lse_hjb,ridge_lse,100,4,6,segment,segment,1.0,6,4,float64,0.19161228537750158,0.24118879866678233,0.0374881944308425,0.15313843934380397,0.1626795062327184,3.6727430651351676,0.1961211387910796,0.2636963411446126,1267200,1268400,14652000,1465200000,0,50.120828300016,1.0,0.913566130050505,1.0,91.08026579587047,107.6389928075372,,,,0,0,0,0.6235254399521356,2.279886240016657,8.391248500005693,0.015203773394253543,1267200,"[{""bias"": -0.18173716213277263, ""count"": 1821, ""high"": -2.0, ""low"": ""-Infinity"", ""mae"": 0.3172226662134715}, {""bias"": -0.17463453022156714, ""count"": 80741, ""high"": -1.0, ""low"": -2.0, ""mae"": 0.6802040015725147}, {""bias"": -0.028211182888852722, ""count"": 365681, ""high"": -0.25, ""low"": -1.0, ""mae"": 1.4779900912963198}, {""bias"": 0.4479400765250868, ""count"": 367117, ""high"": 0.25, ""low"": -0.25, ""mae"": 2.4673914785718196}, {""bias"": 1.2655615754197367, ""count"": 370438, ""high"": 1.0, ""low"": 0.25, ""mae"": 3.0642816720191823}, {""bias"": 2.212005822591765, ""count"": 78838, ""high"": 2.0, ""low"": 1.0, ""mae"": 3.0988235303820373}, {""bias"": 2.8198947206325453, ""count"": 2564, ""high"": ""Infinity"", ""low"": 2.0, ""mae"": 3.060902519924332}]",0.19375203425357423,0.19159322934408082,0.08123286426398928,0.1759523670679546,4.916170943461789
raw/e6/P1/d100/n4_M6/segment/rep07.npz,e6,e1,P1,P1_ridge_lse_hjb,ridge_lse,100,4,6,segment,segment,1.0,7,4,float64,0.18849900253847293,0.23727000532649165,0.014714840024732482,0.15492340193454002,0.16003631811971106,3.613869260288749,0.16420284272646393,0.22078032536124684,1267200,1268400,14652000,1465200000,0,50.77738089999184,1.0,0.9139875315656566,1.0,91.31913680096515,107.897004524479,,,,0,0,0,0.630483352226879,2.2819242620565956,8.413561012489577,0.01719166768181557,1267200,"[{""bias"": -0.1983542026497416, ""count"": 1754, ""high"": -2.0, ""low"": ""-Infinity"", ""mae"": 0.33315206986492146}, {""bias"": -0.18250887922110567, ""count"": 79780, ""high"": -1.0, ""low"": -2.0, ""mae"": 0.6777830355933863}, {""bias"": -0.023109768432974388, ""count"": 364840, ""high"": -0.25, ""low"": -1.0, ""mae"": 1.4745625304938537}, {""bias"": 0.4587167511845164, ""count"": 368088, ""high"": 0.25, ""low"": -0.25, ""mae"": 2.4699462292533334}, {""bias"": 1.2623887333118187, ""count"": 368731, ""high"": 1.0, ""low"": 0.25, ""mae"": 3.0606029845328564}, {""bias"": 2.222684482476039, ""count"": 81513, ""high"": 2.0, ""low"": 1.0, ""mae"": 3.114905667477666}, {""bias"": 2.718793809069504, ""count"": 2494, ""high"": ""Infinity"", ""low"": 2.0, ""mae"": 2.9731674203154177}]",0.19375203425357423,0.19159322934408082,0.08123286426398928,0.1759523670679546,4.916170943461789
raw/e6/P1/d100/n4_M6/segment/rep08.npz,e6,e1,P1,P1_ridge_lse_hjb,ridge_lse,100,4,6,segment,segment,1.0,8,4,float64,0.1914527670446624,0.24098800760066144,0.022008844953241048,0.15508679617815707,0.16254407460540796,3.6985149674850564,0.18752032397922905,0.25213204261602107,1267200,1268400,14652000,1465200000,0,50.8759027000051,1.0,0.9140767045454545,1.0,91.4062705736792,107.99623590063548,,,,0,0,0,0.6311659101250858,2.2815088900437472,8.40526895021107,0.014953932262379305,1267200,"[{""bias"": -0.15092935807053426, ""count"": 1975, ""high"": -2.0, ""low"": ""-Infinity"", ""mae"": 0.2916767654470289}, {""bias"": -0.18196366369013306, ""count"": 79409, ""high"": -1.0, ""low"": -2.0, ""mae"": 0.6759746486473818}, {""bias"": -0.02236128528012859, ""count"": 365520, ""high"": -0.25, ""low"": -1.0, ""mae"": 1.47649358773445}, {""bias"": 0.4549414425879182, ""count"": 364917, ""high"": 0.25, ""low"": -0.25, ""mae"": 2.4712003370229962}, {""bias"": 1.2661240545789858, ""count"": 371677, ""high"": 1.0, ""low"": 0.25, ""mae"": 3.0579532750480944}, {""bias"": 2.211693186957991, ""count"": 80950, ""high"": 2.0, ""low"": 1.0, ""mae"": 3.1010618832480756}, {""bias"": 2.5773823529803663, ""count"": 2752, ""high"": ""Infinity"", ""low"": 2.0, ""mae"": 2.834565604702202}]",0.19375203425357423,0.19159322934408082,0.08123286426398928,0.1759523670679546,4.916170943461789
raw/e6/P1/d100/n4_M6/segment/rep09.npz,e6,e1,P1,P1_ridge_lse_hjb,ridge_lse,100,4,6,segment,segment,1.0,9,4,float64,0.20045598794132896,0.25232066316562474,0.03131812127389089,0.15874506124430637,0.17018784090717856,3.72168940303424,0.2065538826785766,0.2777237754548039,1267200,1268400,14652000,1465200000,0,51.319871600018814,1.0,0.9146906565656565,1.0,91.51599701495259,108.1189255768145,,,,0,0,0,0.6285474091514299,2.2867260751852267,8.43885366822378,0.0148386553511326,1267200,"[{""bias"": -0.1605563807757987, ""count"": 1835, ""high"": -2.0, ""low"": ""-Infinity"", ""mae"": 0.2950390812515285}, {""bias"": -0.18247240734573572, ""count"": 78255, ""high"": -1.0, ""low"": -2.0, ""mae"": 0.6830022986703057}, {""bias"": -0.032683976234779394, ""count"": 367080, ""high"": -0.25, ""low"": -1.0, ""mae"": 1.483556630296927}, {""bias"": 0.4543282429342795, ""count"": 366440, ""high"": 0.25, ""low"": -0.25, ""mae"": 2.4724530780266156}, {""bias"": 1.2694268386287644, ""count"": 369332, ""high"": 1.0, ""low"": 0.25, ""mae"": 3.0649063131624454}, {""bias"": 2.2109539706685934, ""count"": 81178, ""high"": 2.0, ""low"": 1.0, ""mae"": 3.1058279744708375}, {""bias"": 2.682498094905147, ""count"": 3080, ""high"": ""Infinity"", ""low"": 2.0, ""mae"": 2.9438264130537393}]",0.19375203425357423,0.19159322934408082,0.08123286426398928,0.1759523670679546,4.916170943461789
raw/e6/P1/d200/n4_M6/box/rep00.npz,e6,e1,P1,P1_ridge_lse_hjb,ridge_lse,200,4,6,box,box,1.0,0,4,float64,0.14505021827585987,0.19351733294936224,0.002725830308019121,0.1353287412855373,0.12461213434237432,1.5683339391179074,0.14897422541451774,0.20958998932613648,1267200,1268400,14652000,2930400000,0,120.23771389992908,1.0,0.9773540088383839,1.0,191.82420891112068,191.82420891112068,,,,0,0,0,-0.17686184568919014,1.7039167360740333,4.010078570149827,-0.03986487512790527,1267200,"[{""bias"": -2.0955038993185116, ""count"": 4627, ""high"": -2.0, ""low"": ""-Infinity"", ""mae"": 2.0955038993185116}, {""bias"": -2.2818406160163582, ""count"": 88864, ""high"": -1.0, ""low"": -2.0, ""mae"": 2.283477514509675}, {""bias"": -1.8449986104741531, ""count"": 352426, ""high"": -0.25, ""low"": -1.0, ""mae"": 1.9073848081460036}, {""bias"": -0.497851135313773, ""count"": 358839, ""high"": 0.25, ""low"": -0.25, ""mae"": 1.1286783135184801}, {""bias"": 1.3953075017943302, ""count"": 362177, ""high"": 1.0, ""low"": 0.25, ""mae"": 1.539266714540726}, {""bias"": 3.0811000023263304, ""count"": 96774, ""high"": 2.0, ""low"": 1.0, ""mae"": 3.0811000023263304}, {""bias"": 3.923640802694526, ""count"": 3493, ""high"": ""Infinity"", ""low"": 2.0, ""mae"": 3.923640802694526}]",0.1462630464202725,0.14573101667906957,0.13749546623655093,0.0499535905674908,5.16696952457887
raw/e6/P1/d200/n4_M6/box/rep01.npz,e6,e1,P1,P1_ridge_lse_hjb,ridge_lse,200,4,6,box,box,1.0,1,4,float64,0.14254937241970228,0.190180853859888,0.005592174874490883,0.13406583709200642,0.1224636664289762,1.5800840270197254,0.1604249227718426,0.22569983336271876,1267200,1268400,14652000,2930400000,0,120.92869279999286,1.0,0.9770817550505051,1.0,191.03790896146145,191.03790896146145,,,,0,0,0,-0.18601002954871312,1.7028660405280927,4.002701720352235,-0.03914253896710047,1267200,"[{""bias"": -2.0871086621260333, ""count"": 4852, ""high"": -2.0, ""low"": ""-Infinity"", ""mae"": 2.0871086621260333}, {""bias"": -2.279511158765586, ""count"": 90279, ""high"": -1.0, ""low"": -2.0, ""mae"": 2.280758036742064}, {""bias"": -1.8476688778426624, ""count"": 353249, ""high"": -0.25, ""low"": -1.0, ""mae"": 1.9103675110551435}, {""bias"": -0.497593808185429, ""count"": 358524, ""high"": 0.25, ""low"": -0.25, ""mae"": 1.1285376773510676}, {""bias"": 1.3954983947274255, ""count"": 361627, ""high"": 1.0, ""low"": 0.25, ""mae"": 1.5368156906720745}, {""bias"": 3.0758439024015356, ""count"": 94954, ""high"": 2.0, ""low"": 1.0, ""mae"": 3.0758439024015356}, {""bias"": 3.924537201316209, ""count"": 3715, ""high"": ""Infinity"", ""low"": 2.0, ""mae"": 3.924537201316209}]",0.1462630464202725,0.14573101667906957,0.13749546623655093,0.0499535905674908,5.16696952457887
raw/e6/P1/d200/n4_M6/box/rep02.npz,e6,e1,P1,P1_ridge_lse_hjb,ridge_lse,200,4,6,box,box,1.0,2,4,float64,0.14645727686165755,0.19539454642800191,0.004569958255742873,0.1387313565133861,0.1258209334438521,1.5671674401513465,0.16340758917294626,0.229896109714761,1267200,1268400,14652000,2930400000,0,120.8391753998585,1.0,0.9771125315656566,1.0,191.65171639812738,191.65171639812738,,,,0,0,0,-0.17864826866914796,1.7066089554186339,4.01859660349925,-0.03734778673051289,1267200,"[{""bias"": -2.1227606817361417, ""count"": 5147, ""high"": -2.0, ""low"": ""-Infinity"", ""mae"": 2.1227802956822783}, {""bias"": -2.285864812140129, ""count"": 90500, ""high"": -1.0, ""low"": -2.0, ""mae"": 2.2872546895542647}, {""bias"": -1.8500930951460486, ""count"": 351857, ""high"": -0.25, ""low"": -1.0, ""mae"": 1.9113469902122902}, {""bias"": -0.4886340080376462, ""count"": 358208, ""high"": 0.25, ""low"": -0.25, ""mae"": 1.1264308460484862}, {""bias"": 1.397360654457121, ""count"": 360038, ""high"": 1.0, ""low"": 0.25, ""mae"": 1.539736361142269}, {""bias"": 3.067238247591252, ""count"": 97789, ""high"": 2.0, ""low"": 1.0, ""mae"": 3.067238247591252}, {""bias"": 3.92495200678821, ""count"": 3661, ""high"": ""Infinity"", ""low"": 2.0, ""mae"": 3.92495200678821}]",0.1462630464202725,0.14573101667906957,0.13749546623655093,0.0499535905674908,5.16696952457887
raw/e6/P1/d200/n4_M6/box/rep03.npz,e6,e1,P1,P1_ridge_lse_hjb,ridge_lse,200,4,6,box,box,1.0,3,4,float64,0.1493923482818201,0.1993103433154326,0.003211508658680013,0.140228988779167,0.12834244301799264,1.5825119381054482,0.15989910831131193,0.22496007152228292,1267200,1268400,14652000,2930400000,0,120.51553700002842,1.0,0.9773690025252525,1.0,191.03464042008832,191.03464042008832,,,,0,0,0,-0.19058864291174668,1.697952415884132,3.982600311053767,-0.037650421503826095,1267200,"[{""bias"": -2.1285066622379385, ""count"": 4342, ""high"": -2.0, ""low"": ""-Infinity"", ""mae"": 2.1285086749695843}, {""bias"": -2.287745062562703, ""count"": 89942, ""high"": -1.0, ""low"": -2.0, ""mae"": 2.289102907023162}, {""bias"": -1.8444320687466633, ""count"": 353661, ""high"": -0.25, ""low"": -1.0, ""mae"": 1.907976527541813}, {""bias"": -0.5015772081519234, ""count"": 357795, ""high"": 0.25, ""low"": -0.25, ""mae"": 1.1298817993556918}, {""bias"": 1.387131014241093, ""count"": 364670, ""high"": 1.0, ""low"": 0.25, ""mae"": 1.5303178869433254}, {""bias"": 3.0680914232670564, ""count"": 93928, ""high"": 2.0, ""low"": 1.0, ""mae"": 3.0680914232670564}, {""bias"": 3.924934638186795, ""count"": 2862, ""high"": ""Infinity"", ""low"": 2.0, ""mae"": 3.924934638186795}]",0.1462630464202725,0.14573101667906957,0.13749546623655093,0.0499535905674908,5.16696952457887
raw/e6/P1/d200/n4_M6/box/rep04.npz,e6,e1,P1,P1_ridge_lse_hjb,ridge_lse,200,4,6,box,box,1.0,4,4,float64,0.14970054199404653,0.1997215169484732,0.007618998536158888,0.14238200161160944,0.12860721115642038,1.5635248305884533,0.1567502937129662,0.22053004333303783,1267200,1268400,14652000,2930400000,0,120.40973869990557,1.0,0.9774273989898989,1.0,191.446840618501,191.446840618501,,,,0,0,0,-0.18776378389752008,1.702702764920648,4.007150477974423,-0.03916890974807322,1267200,"[{""bias"": -2.1166499131738417, ""count"": 4551, ""high"": -2.0, ""low"": ""-Infinity"", ""mae"": 2.1166499131738417}, {""bias"": -2.283929743660727, ""count"": 89859, ""high"": -1.0, ""low"": -2.0, ""mae"": 2.285252980830635}, {""bias"": -1.8507728021359786, ""count"": 353377, ""high"": -0.25, ""low"": -1.0, ""mae"": 1.912878431207683}, {""bias"": -0.4970878730822807, ""count"": 359471, ""high"": 0.25, ""low"": -0.25, ""mae"": 1.126568575628752}, {""bias"": 1.3859887639117745, ""count"": 359867, ""high"": 1.0, ""low"": 0.25, ""mae"": 1.530781377718311}, {""bias"": 3.0755309258717745, ""count"": 96424, ""high"": 2.0, ""low"": 1.0, ""mae"": 3.0755309258717745}, {""bias"": 3.920255399012419, ""count"": 3651, ""high"": ""Infinity"", ""low"": 2.0, ""mae"": 3.920255399012419}]",0.1462630464202725,0.14573101667906957,0.13749546623655093,0.0499535905674908,5.16696952457887
raw/e6/P1/d200/n4_M6/box/rep05.npz,e6,e1,P1,P1_ridge_lse_hjb,ridge_lse,200,4,6,box,box,1.0,5,4,float64,0.15097068208001613,0.20141606194696093,0.00519020714402854,0.14095196797660037,0.12969838405438502,1.5647606888463688,0.15731544219992177,0.22132514372721085,1267200,1268400,14652000,2930400000,0,120.17002990003675,1.0,0.9771551452020202,1.0,191.7974673955093,191.7974673955093,,,,0,0,0,-0.1799564398090487,1.7074768875085908,4.022510588783728,-0.0371088414264311,1267200,"[{""bias"": -2.1135764474649728, ""count"": 4370, ""high"": -2.0, ""low"": ""-Infinity"", ""mae"": 2.1135764474649728}, {""bias"": -2.2814268905145916, ""count"": 90595, ""high"": -1.0, ""low"": -2.0, ""mae"": 2.282850500466943}, {""bias"": -1.845760247562283, ""count"": 354037, ""high"": -0.25, ""low"": -1.0, ""mae"": 1.908339437623664}, {""bias"": -0.4969826640738416, ""count"": 356143, ""high"": 0.25, ""low"": -0.25, ""mae"": 1.1297099019498533}, {""bias"": 1.3979267567659113, ""count"": 361223, ""high"": 1.0, ""low"": 0.25, ""mae"": 1.5401014887307725}, {""bias"": 3.077532094718113, ""count"": 97225, ""high"": 2.0, ""low"": 1.0, ""mae"": 3.077532094718113}, {""bias"": 3.92829515519863, ""count"": 3607, ""high"": ""Infinity"", ""low"": 2.0, ""mae"": 3.92829515519863}]",0.1462630464202725,0.14573101667906957,0.13749546623655093,0.0499535905674908,5.16696952457887
raw/e6/P1/d200/n4_M6/box/rep06.npz,e6,e1,P1,P1_ridge_lse_hjb,ridge_lse,200,4,6,box,box,1.0,6,4,float64,0.14345197760852965,0.1913850557626796,0.003558212953563616,0.13582994287864303,0.12323909138445177,1.5601785841466582,0.1522460025203151,0.21419301194144816,1267200,1268400,14652000,2930400000,0,129.7341841000598,1.0,0.9770864898989899,1.0,191.86226399625804,191.86226399625804,,,,0,0,0,-0.17952641285881696,1.7055300512439489,4.014096482890644,-0.0384709414799271,1267200,"[{""bias"": -2.083135469502527, ""count"": 5154, ""high"": -2.0, ""low"": ""-Infinity"", ""mae"": 2.0831532868876246}, {""bias"": -2.2843129079165023, ""count"": 91185, ""high"": -1.0, ""low"": -2.0, ""mae"": 2.285849893328129}, {""bias"": -1.8467335360472101, ""count"": 351125, ""high"": -0.25, ""low"": -1.0, ""mae"": 1.9095557261055962}, {""bias"": -0.4979242399296998, ""count"": 356506, ""high"": 0.25, ""low"": -0.25, ""mae"": 1.1275325726375265}, {""bias"": 1.3901644314021924, ""count"": 362103, ""high"": 1.0, ""low"": 0.25, ""mae"": 1.5341235547306429}, {""bias"": 3.0756712450186767, ""count"": 97474, ""high"": 2.0, ""low"": 1.0, ""mae"": 3.0756712450186767}, {""bias"": 3.9152160491282118, ""count"": 3653, ""high"": ""Infinity"", ""low"": 2.0, ""mae"": 3.9152160491282118}]",0.1462630464202725,0.14573101667906957,0.13749546623655093,0.0499535905674908,5.16696952457887
raw/e6/P1/d200/n4_M6/box/rep07.npz,e6,e1,P1,P1_ridge_lse_hjb,ridge_lse,200,4,6,box,box,1.0,7,4,float64,0.14641181508227924,0.19533389403877424,0.0038331660772978247,0.13815866400692595,0.12578187738846194,1.5723944279678175,0.15605170928725606,0.21954721357224807,1267200,1268400,14652000,2930400000,0,129.0444909001235,1.0,0.9772332702020202,1.0,191.55704874271726,191.55704874271726,,,,0,0,0,-0.1844972608151121,1.7030255117906317,4.00482614710488,-0.03847309401678656,1267200,"[{""bias"": -2.1076075272670156, ""count"": 4853, ""high"": -2.0, ""low"": ""-Infinity"", ""mae"": 2.1076075272670156}, {""bias"": -2.2827828119506695, ""count"": 90763, ""high"": -1.0, ""low"": -2.0, ""mae"": 2.284321771039517}, {""bias"": -1.8497223549929547, ""count"": 350287, ""high"": -0.25, ""low"": -1.0, ""mae"": 1.9124567569604611}, {""bias"": -0.4986971002705519, ""count"": 360461, ""high"": 0.25, ""low"": -0.25, ""mae"": 1.1302573177498911}, {""bias"": 1.3910057189011078, ""count"": 361207, ""high"": 1.0, ""low"": 0.25, ""mae"": 1.534609692878796}, {""bias"": 3.0673353829659176, ""count"": 95674, ""high"": 2.0, ""low"": 1.0, ""mae"": 3.0673413598138874}, {""bias"": 3.8975496012748216, ""count"": 3955, ""high"": ""Infinity"", ""low"": 2.0, ""mae"": 3.8975496012748216}]",0.1462630464202725,0.14573101667906957,0.13749546623655093,0.0499535905674908,5.16696952457887
raw/e6/P1/d200/n4_M6/box/rep08.npz,e6,e1,P1,P1_ridge_lse_hjb,ridge_lse,200,4,6,box,box,1.0,8,4,float64,0.14391367270472155,0.19200102176888675,0.004967482615749976,0.13433118341036293,0.12363573202405746,1.5672581903902691,0.16173610156809104,0.22754451454260552,1267200,1268400,14652000,2930400000,0,128.59668490011245,1.0,0.9770194128787879,1.0,191.85694562072277,191.85694562072277,,,,0,0,0,-0.18272622709349998,1.702827716618049,4.005319480368285,-0.03850577865007697,1267200,"[{""bias"": -2.108931264215392, ""count"": 4458, ""high"": -2.0, ""low"": ""-Infinity"", ""mae"": 2.109047098199934}, {""bias"": -2.2805637848363074, ""count"": 91998, ""high"": -1.0, ""low"": -2.0, ""mae"": 2.281931084343029}, {""bias"": -1.844383046109228, ""count"": 351340, ""high"": -0.25, ""low"": -1.0, ""mae"": 1.9079007601891609}, {""bias"": -0.49448776969331876, ""count"": 358083, ""high"": 0.25, ""low"": -0.25, ""mae"": 1.127739430568462}, {""bias"": 1.388787226943052, ""count"": 361115, ""high"": 1.0, ""low"": 0.25, ""mae"": 1.531706883840864}, {""bias"": 3.071598950795374, ""count"": 96112, ""high"": 2.0, ""low"": 1.0, ""mae"": 3.071598950795374}, {""bias"": 3.908654938711052, ""count"": 4094, ""high"": ""Infinity"", ""low"": 2.0, ""mae"": 3.908654938711052}]",0.1462630464202725,0.14573101667906957,0.13749546623655093,0.0499535905674908,5.16696952457887
raw/e6/P1/d200/n4_M6/box/rep09.npz,e6,e1,P1,P1_ridge_lse_hjb,ridge_lse,200,4,6,box,box,1.0,9,4,float64,0.14473255889409223,0.1930935307856929,0.003572969353940934,0.1369956098841895,0.1243392342804064,1.5582301415124549,0.1572725285031299,0.22126476897964947,1267200,1268400,14652000,2930400000,0,129.27609090018086,1.0,0.9772103851010101,1.0,191.64546431300005,191.64546431300008,,,,0,0,0,-0.18023013803236987,1.6998336798325402,3.995683906060638,-0.03871233435358383,1267200,"[{""bias"": -2.078963288899232, ""count"": 4390, ""high"": -2.0, ""low"": ""-Infinity"", ""mae"": 2.078981802890801}, {""bias"": -2.2818767294397846, ""count"": 90152, ""high"": -1.0, ""low"": -2.0, ""mae"": 2.2832267683555036}, {""bias"": -1.8446690757128394, ""count"": 350672, ""high"": -0.25, ""low"": -1.0, ""mae"": 1.9077001688774928}, {""bias"": -0.4919237774680444, ""count"": 360105, ""high"": 0.25, ""low"": -0.25, ""mae"": 1.1296971949085313}, {""bias"": 1.387120276085582, ""count"": 363492, ""high"": 1.0, ""low"": 0.25, ""mae"": 1.5323934389490503}, {""bias"": 3.080356518882594, ""count"": 94608, ""high"": 2.0, ""low"": 1.0, ""mae"": 3.080356518882594}, {""bias"": 3.9246976742294986, ""count"": 3781, ""high"": ""Infinity"", ""low"": 2.0, ""mae"": 3.9246976742294986}]",0.1462630464202725,0.14573101667906957,0.13749546623655093,0.0499535905674908,5.16696952457887
raw/e6/P1/d200/n4_M6/centre/rep00.npz,e6,e0,P1,P1_ridge_lse_hjb,ridge_lse,200,4,6,centre,centre,0.0,0,4,float64,0.23841367602635566,0.31807727883269293,0.14243746504270013,0.22203723534999148,0.20482035380018404,0.7862332188826239,0.2595298454707587,0.36512931945561444,1267200,1268400,14652000,2930400000,0,113.73988799983636,1.0,0.9765656565656565,1.0,186.28944893563948,213.3837012469953,,,,0,0,0,0.8776260116335207,2.000628995051517,5.92999757655513,-0.04057565373203953,1267200,"[{""bias"": -2.6836764514029334, ""count"": 4627, ""high"": -2.0, ""low"": ""-Infinity"", ""mae"": 2.6836764514029334}, {""bias"": -2.294510176366075, ""count"": 88864, ""high"": -1.0, ""low"": -2.0, ""mae"": 2.294510176366075}, {""bias"": -1.2024863555857512, ""count"": 352426, ""high"": -0.25, ""low"": -1.0, ""mae"": 1.3132456135849768}, {""bias"": 0.6498267038981342, ""count"": 358839, ""high"": 0.25, ""low"": -0.25, ""mae"": 0.9391669905276521}, {""bias"": 2.871512265693469, ""count"": 362177, ""high"": 1.0, ""low"": 0.25, ""mae"": 2.871512265693469}, {""bias"": 4.746075184188791, ""count"": 96774, ""high"": 2.0, ""low"": 1.0, ""mae"": 4.746075184188791}, {""bias"": 5.655974584038553, ""count"": 3493, ""high"": ""Infinity"", ""low"": 2.0, ""mae"": 5.655974584038553}]",0.23919153151936418,0.23914296891161277,0.23821843098467718,0.02157443654733219,5.16696952457887
raw/e6/P1/d200/n4_M6/centre/rep01.npz,e6,e0,P1,P1_ridge_lse_hjb,ridge_lse,200,4,6,centre,centre,0.0,1,4,float64,0.23954550459148394,0.31958729686564047,0.14358681380652755,0.2221879010911006,0.20579270375516356,0.7864909840630495,0.26329693654180525,0.37042919314298783,1267200,1268400,14652000,2930400000,0,113.42536230012774,1.0,0.9762602588383839,1.0,185.52524092332098,212.55976241263627,,,,0,0,0,0.8653349191208227,1.9978142861373187,5.9043640563727555,-0.039845578077205304,1267200,"[{""bias"": -2.6864315503365774, ""count"": 4852, ""high"": -2.0, ""low"": ""-Infinity"", ""mae"": 2.6864315503365774}, {""bias"": -2.2986570101325823, ""count"": 90279, ""high"": -1.0, ""low"": -2.0, ""mae"": 2.2986570101325823}, {""bias"": -1.205707055551177, ""count"": 353249, ""high"": -0.25, ""low"": -1.0, ""mae"": 1.3161222384421056}, {""bias"": 0.6518671355289994, ""count"": 358524, ""high"": 0.25, ""low"": -0.25, ""mae"": 0.9395302582473811}, {""bias"": 2.8691056175454515, ""count"": 361627, ""high"": 1.0, ""low"": 0.25, ""mae"": 2.8691056175454515}, {""bias"": 4.7466041810847415, ""count"": 94954, ""high"": 2.0, ""low"": 1.0, ""mae"": 4.7466041810847415}, {""bias"": 5.66813453864559, ""count"": 3715, ""high"": ""Infinity"", ""low"": 2.0, ""mae"": 5.66813453864559}]",0.23919153151936418,0.23914296891161277,0.23821843098467718,0.02157443654733219,5.16696952457887
raw/e6/P1/d200/n4_M6/centre/rep02.npz,e6,e0,P1,P1_ridge_lse_hjb,ridge_lse,200,4,6,centre,centre,0.0,2,4,float64,0.2403781923410392,0.3206982190992567,0.14423544257353169,0.22334641983478506,0.2065080628835138,0.7830144733219703,0.2637245133946429,0.37103074571205136,1267200,1268400,14652000,2930400000,0,112.05189689993858,1.0,0.9763257575757576,1.0,186.1468313966013,213.22250550133393,,,,0,0,0,0.8741715331103419,2.006749442238399,5.9502958323223,-0.03784055435093883,1267200,"[{""bias"": -2.6824465426300903, ""count"": 5147, ""high"": -2.0, ""low"": ""-Infinity"", ""mae"": 2.6824465426300903}, {""bias"": -2.2965020552068824, ""count"": 90500, ""high"": -1.0, ""low"": -2.0, ""mae"": 2.2965020552068824}, {""bias"": -1.2085963257218346, ""count"": 351857, ""high"": -0.25, ""low"": -1.0, ""mae"": 1.3182552718887592}, {""bias"": 0.6587273135788358, ""count"": 358208, ""high"": 0.25, ""low"": -0.25, ""mae"": 0.9458016591108316}, {""bias"": 2.8739047686188735, ""count"": 360038, ""high"": 1.0, ""low"": 0.25, ""mae"": 2.8739047686188735}, {""bias"": 4.736862335048845, ""count"": 97789, ""high"": 2.0, ""low"": 1.0, ""mae"": 4.736862335048845}, {""bias"": 5.668910947700431, ""count"": 3661, ""high"": ""Infinity"", ""low"": 2.0, ""mae"": 5.668910947700431}]",0.23919153151936418,0.23914296891161277,0.23821843098467718,0.02157443654733219,5.16696952457887
raw/e6/P1/d200/n4_M6/centre/rep03.npz,e6,,P1,P1_ridge_lse_hjb,ridge_lse,200,4,6,centre,centre,0.0,3,4,float64,0.23927309582169998,0.3192238653642804,0.1427516212941679,0.22281311084197833,0.20555867833541688,0.7856199484943566,0.2621812926494749,0.36885960759330855,1267200,1268400,14652000,2930400000,0,76.47154409997165,1.0,0.9765924873737374,1.0,185.52739434479906,212.57125295879885,,,,0,0,0,0.8621328994786165,1.9922419507497224,5.861459253922691,-0.03843393980803707,1267200,"[{""bias"": -2.6847344433391966, ""count"": 4342, ""high"": -2.0, ""low"": ""-Infinity"", ""mae"": 2.6847344433391966}, {""bias"": -2.293101550738007, ""count"": 89942, ""high"": -1.0, ""low"": -2.0, ""mae"": 2.293101550738007}, {""bias"": -1.2031451939481044, ""count"": 353661, ""high"": -0.25, ""low"": -1.0, ""mae"": 1.3144594718708618}, {""bias"": 0.6444150267149117, ""count"": 357795, ""high"": 0.25, ""low"": -0.25, ""mae"": 0.9403640835592818}, {""bias"": 2.8637769569450904, ""count"": 364670, ""high"": 1.0, ""low"": 0.25, ""mae"": 2.8637769569450904}, {""bias"": 4.735414434981789, ""count"": 93928, ""high"": 2.0, ""low"": 1.0, ""mae"": 4.735414434981789}, {""bias"": 5.665120497569153, ""count"": 2862, ""high"": ""Infinity"", ""low"": 2.0, ""mae"": 5.665120497569153}]",0.23919153151936418,0.23914296891161277,0.23821843098467718,0.02157443654733219,5.16696952457887
raw/e6/P1/d200/n4_M6/centre/rep04.npz,e6,,P1,P1_ridge_lse_hjb,ridge_lse,200,4,6,centre,centre,0.0,4,4,float64,0.2390245909691096,0.3188923250407298,0.14299043256956984,0.2221505883004535,0.20534518868718463,0.7883034700097334,0.26166695440571763,0.3681359914998591,1267200,1268400,14652000,2930400000,0,74.68217209982686,1.0,0.976568023989899,1.0,185.93268965290906,212.99948035643348,,,,0,0,0,0.8654270701211411,1.997236913035863,5.900710805420829,-0.03984663640966484,1267200,"[{""bias"": -2.6845326201501862, ""count"": 4551, ""high"": -2.0, ""low"": ""-Infinity"", ""mae"": 2.6845326201501862}, {""bias"": -2.2921060142715715, ""count"": 89859, ""high"": -1.0, ""low"": -2.0, ""mae"": 2.2921060142715715}, {""bias"": -1.2083221856018491, ""count"": 353377, ""high"": -0.25, ""low"": -1.0, ""mae"": 1.3183375072135561}, {""bias"": 0.6516663928387686, ""count"": 359471, ""high"": 0.25, ""low"": -0.25, ""mae"": 0.9437586230660863}, {""bias"": 2.860599560082093, ""count"": 359867, ""high"": 1.0, ""low"": 0.25, ""mae"": 2.860599560082093}, {""bias"": 4.744214701113501, ""count"": 96424, ""high"": 2.0, ""low"": 1.0, ""mae"": 4.744214701113501}, {""bias"": 5.669516406817643, ""count"": 3651, ""high"": ""Infinity"", ""low"": 2.0, ""mae"": 5.669516406817643}]",0.23919153151936418,0.23914296891161277,0.23821843098467718,0.02157443654733219,5.16696952457887
raw/e6/P1/d200/n4_M6/centre/rep05.npz,e6,,P1,P1_ridge_lse_hjb,ridge_lse,200,4,6,centre,centre,0.0,5,4,float64,0.24114870433241786,0.32172619015196846,0.1446790107995127,0.224265239142636,0.20717000703584512,0.7857358546057374,0.26239266474695927,0.3691569843746432,1267200,1268400,14652000,2930400000,0,77.89392429986037,1.0,0.9763675820707071,1.0,186.2824852202657,213.3715455834687,,,,0,0,0,0.8735705041016691,2.005137881044635,5.946771879144594,-0.03761984681648291,1267200,"[{""bias"": -2.6858766008333883, ""count"": 4370, ""high"": -2.0, ""low"": ""-Infinity"", ""mae"": 2.6858766008333883}, {""bias"": -2.2976142694028665, ""count"": 90595, ""high"": -1.0, ""low"": -2.0, ""mae"": 2.2976142694028665}, {""bias"": -1.2020876041757331, ""count"": 354037, ""high"": -0.25, ""low"": -1.0, ""mae"": 1.3134084183626809}, {""bias"": 0.651725591140884, ""count"": 356143, ""high"": 0.25, ""low"": -0.25, ""mae"": 0.9425195243820427}, {""bias"": 2.8744957222550482, ""count"": 361223, ""high"": 1.0, ""low"": 0.25, ""mae"": 2.8744957222550482}, {""bias"": 4.748009626797128, ""count"": 97225, ""high"": 2.0, ""low"": 1.0, ""mae"": 4.748009626797128}, {""bias"": 5.654273897482325, ""count"": 3607, ""high"": ""Infinity"", ""low"": 2.0, ""mae"": 5.654273897482325}]",0.23919153151936418,0.23914296891161277,0.23821843098467718,0.02157443654733219,5.16696952457887
raw/e6/P1/d200/n4_M6/centre/rep06.npz,e6,,P1,P1_ridge_lse_hjb,ridge_lse,200,4,6,centre,centre,0.0,6,4,float64,0.23778183779850756,0.31723431802806956,0.14341583186462611,0.22130714019456996,0.2042775437922631,0.7859484717502794,0.2589267557393635,0.3642808399953984,1267200,1268400,14652000,2930400000,0,83.90289649995975,1.0,0.9762657828282828,1.0,186.34979175811762,213.43880336665114,,,,0,0,0,0.8738312389985433,2.005966628832484,5.947690245517479,-0.03891510973253626,1267200,"[{""bias"": -2.6876050560326075, ""count"": 5154, ""high"": -2.0, ""low"": ""-Infinity"", ""mae"": 2.6876050560326075}, {""bias"": -2.29634875150558, ""count"": 91185, ""high"": -1.0, ""low"": -2.0, ""mae"": 2.29634875150558}, {""bias"": -1.2055387002307307, ""count"": 351125, ""high"": -0.25, ""low"": -1.0, ""mae"": 1.3159151674279272}, {""bias"": 0.651440289381388, ""count"": 356506, ""high"": 0.25, ""low"": -0.25, ""mae"": 0.9398155817643022}, {""bias"": 2.867797486366203, ""count"": 362103, ""high"": 1.0, ""low"": 0.25, ""mae"": 2.867797486366203}, {""bias"": 4.745113107021284, ""count"": 97474, ""high"": 2.0, ""low"": 1.0, ""mae"": 4.745113107021284}, {""bias"": 5.653599654158998, ""count"": 3653, ""high"": ""Infinity"", ""low"": 2.0, ""mae"": 5.653599654158998}]",0.23919153151936418,0.23914296891161277,0.23821843098467718,0.02157443654733219,5.16696952457887
raw/e6/P1/d200/n4_M6/centre/rep07.npz,e6,,P1,P1_ridge_lse_hjb,ridge_lse,200,4,6,centre,centre,0.0,7,4,float64,0.23838539394141217,0.318039546565113,0.14374295713060592,0.22175409325544948,0.2047960567600944,0.7855376438629992,0.2580091411887236,0.3629898594694786,1267200,1268400,14652000,2930400000,0,85.02789380005561,1.0,0.9763967803030303,1.0,186.04965812515186,213.1201522172048,,,,0,0,0,0.8688192522386543,1.999972346140593,5.915922276095633,-0.03907266756379957,1267200,"[{""bias"": -2.6858977333423915, ""count"": 4853, ""high"": -2.0, ""low"": ""-Infinity"", ""mae"": 2.6858977333423915}, {""bias"": -2.297711383125523, ""count"": 90763, ""high"": -1.0, ""low"": -2.0, ""mae"": 2.297711383125523}, {""bias"": -1.2079224670751634, ""count"": 350287, ""high"": -0.25, ""low"": -1.0, ""mae"": 1.320277563328731}, {""bias"": 0.6497420521004927, ""count"": 360461, ""high"": 0.25, ""low"": -0.25, ""mae"": 0.9400312001897017}, {""bias"": 2.867601970243233, ""count"": 361207, ""high"": 1.0, ""low"": 0.25, ""mae"": 2.867601970243233}, {""bias"": 4.737693193229015, ""count"": 95674, ""high"": 2.0, ""low"": 1.0, ""mae"": 4.737693193229015}, {""bias"": 5.6613148801205595, ""count"": 3955, ""high"": ""Infinity"", ""low"": 2.0, ""mae"": 5.6613148801205595}]",0.23919153151936418,0.23914296891161277,0.23821843098467718,0.02157443654733219,5.16696952457887
raw/e6/P1/d200/n4_M6/centre/rep08.npz,e6,,P1,P1_ridge_lse_hjb,ridge_lse,200,4,6,centre,centre,0.0,8,4,float64,0.23926134685411593,0.31920819059385397,0.14330086208836368,0.22306079085012967,0.20554858483852753,0.7853350441554197,0.2626339570195576,0.36949645547910875,1267200,1268400,14652000,2930400000,0,84.91889820015058,1.0,0.9762318497474748,1.0,186.3483468641343,213.43160484794222,,,,0,0,0,0.8703297170372422,2.002622314853011,5.929835825121883,-0.03902698745043646,1267200,"[{""bias"": -2.6847794561661753, ""count"": 4458, ""high"": -2.0, ""low"": ""-Infinity"", ""mae"": 2.6847794561661753}, {""bias"": -2.296087233844033, ""count"": 91998, ""high"": -1.0, ""low"": -2.0, ""mae"": 2.296087233844033}, {""bias"": -1.2030172251119209, ""count"": 351340, ""high"": -0.25, ""low"": -1.0, ""mae"": 1.3162022056083327}, {""bias"": 0.6540162990498836, ""count"": 358083, ""high"": 0.25, ""low"": -0.25, ""mae"": 0.942581421810094}, {""bias"": 2.8678167637585616, ""count"": 361115, ""high"": 1.0, ""low"": 0.25, ""mae"": 2.8678167637585616}, {""bias"": 4.742308233275216, ""count"": 96112, ""high"": 2.0, ""low"": 1.0, ""mae"": 4.742308233275216}, {""bias"": 5.656465921174453, ""count"": 4094, ""high"": ""Infinity"", ""low"": 2.0, ""mae"": 5.656465921174453}]",0.23919153151936418,0.23914296891161277,0.23821843098467718,0.02157443654733219,5.16696952457887
raw/e6/P1/d200/n4_M6/centre/rep09.npz,e6,,P1,P1_ridge_lse_hjb,ridge_lse,200,4,6,centre,centre,0.0,9,4,float64,0.2387029725174996,0.3184632409226728,0.14389130074819978,0.22204710603738195,0.20506888740218562,0.7869996946010727,0.26241280307196563,0.36918531673422683,1267200,1268400,14652000,2930400000,0,81.30334149999544,1.0,0.9764133522727273,1.0,186.11580284156537,213.20282816091844,,,,0,0,0,0.8743459414123216,1.9976187210682919,5.906814226607786,-0.03952052531237364,1267200,"[{""bias"": -2.6844263712371608, ""count"": 4390, ""high"": -2.0, ""low"": ""-Infinity"", ""mae"": 2.6844263712371608}, {""bias"": -2.2969103296232554, ""count"": 90152, ""high"": -1.0, ""low"": -2.0, ""mae"": 2.2969103296232554}, {""bias"": -1.2004764670827326, ""count"": 350672, ""high"": -0.25, ""low"": -1.0, ""mae"": 1.313131666773926}, {""bias"": 0.6553500151711543, ""count"": 360105, ""high"": 0.25, ""low"": -0.25, ""mae"": 0.9448430554022227}, {""bias"": 2.864058981616462, ""count"": 363492, ""high"": 1.0, ""low"": 0.25, ""mae"": 2.864058981616462}, {""bias"": 4.74966942422675, ""count"": 94608, ""high"": 2.0, ""low"": 1.0, ""mae"": 4.74966942422675}, {""bias"": 5.656250458152198, ""count"": 3781, ""high"": ""Infinity"", ""low"": 2.0, ""mae"": 5.656250458152198}]",0.23919153151936418,0.23914296891161277,0.23821843098467718,0.02157443654733219,5.16696952457887
raw/e6/P1/d200/n4_M6/oracle_state/rep00.npz,e6,e1,P1,P1_ridge_lse_hjb,ridge_lse,200,4,6,oracle_state,oracle_state,1.0,0,4,float64,0.028687232878981797,0.03827279174361451,-0.003023766980818419,0.026048635036563923,0.02464510126160626,1.182414615597954,0.028801206947185368,0.040520060700729575,1267200,1268400,14652000,2930400000,0,117.29166490002535,0.0,0.0,0.0,0.0,0.0,,,,0,0,0,0.0,0.0,0.0,-0.041247289659063394,1267200,"[{""bias"": 0.0, ""count"": 4627, ""high"": -2.0, ""low"": ""-Infinity"", ""mae"": 0.0}, {""bias"": 0.0, ""count"": 88864, ""high"": -1.0, ""low"": -2.0, ""mae"": 0.0}, {""bias"": 0.0, ""count"": 352426, ""high"": -0.25, ""low"": -1.0, ""mae"": 0.0}, {""bias"": 0.0, ""count"": 358839, ""high"": 0.25, ""low"": -0.25, ""mae"": 0.0}, {""bias"": 0.0, ""count"": 362177, ""high"": 1.0, ""low"": 0.25, ""mae"": 0.0}, {""bias"": 0.0, ""count"": 96774, ""high"": 2.0, ""low"": 1.0, ""mae"": 0.0}, {""bias"": 0.0, ""count"": 3493, ""high"": ""Infinity"", ""low"": 2.0, ""mae"": 0.0}]",0.02830731741778437,0.028497712780690392,0.009469063845307496,0.026681789252930625,5.16696952457887
raw/e6/P1/d200/n4_M6/oracle_state/rep01.npz,e6,e1,P1,P1_ridge_lse_hjb,ridge_lse,200,4,6,oracle_state,oracle_state,1.0,1,4,float64,0.028711030766165727,0.03830454146252155,1.3955428782737543e-05,0.026287493327767045,0.0246655459431109,1.1796554269570216,0.02700896550584107,0.037998578454280486,1267200,1268400,14652000,2930400000,0,118.34384740004316,0.0,0.0,0.0,0.0,0.0,,,,0,0,0,0.0,0.0,0.0,-0.04035554263175693,1267200,"[{""bias"": 0.0, ""count"": 4852, ""high"": -2.0, ""low"": ""-Infinity"", ""mae"": 0.0}, {""bias"": 0.0, ""count"": 90279, ""high"": -1.0, ""low"": -2.0, ""mae"": 0.0}, {""bias"": 0.0, ""count"": 353249, ""high"": -0.25, ""low"": -1.0, ""mae"": 0.0}, {""bias"": 0.0, ""count"": 358524, ""high"": 0.25, ""low"": -0.25, ""mae"": 0.0}, {""bias"": 0.0, ""count"": 361627, ""high"": 1.0, ""low"": 0.25, ""mae"": 0.0}, {""bias"": 0.0, ""count"": 94954, ""high"": 2.0, ""low"": 1.0, ""mae"": 0.0}, {""bias"": 0.0, ""count"": 3715, ""high"": ""Infinity"", ""low"": 2.0, ""mae"": 0.0}]",0.02830731741778437,0.028497712780690392,0.009469063845307496,0.026681789252930625,5.16696952457887
raw/e6/P1/d200/n4_M6/oracle_state/rep02.npz,e6,e1,P1,P1_ridge_lse_hjb,ridge_lse,200,4,6,oracle_state,oracle_state,1.0,2,4,float64,0.028134848334228864,0.03753583329478448,-0.000295079937976952,0.025735497798752314,0.024170549634469147,1.1799699401845156,0.025386835366227635,0.03571642368756705,1267200,1268400,14652000,2930400000,0,117.79324659984559,0.0,0.0,0.0,0.0,0.0,,,,0,0,0,0.0,0.0,0.0,-0.0388768053314114,1267200,"[{""bias"": 0.0, ""count"": 5147, ""high"": -2.0, ""low"": ""-Infinity"", ""mae"": 0.0}, {""bias"": 0.0, ""count"": 90500, ""high"": -1.0, ""low"": -2.0, ""mae"": 0.0}, {""bias"": 0.0, ""count"": 351857, ""high"": -0.25, ""low"": -1.0, ""mae"": 0.0}, {""bias"": 0.0, ""count"": 358208, ""high"": 0.25, ""low"": -0.25, ""mae"": 0.0}, {""bias"": 0.0, ""count"": 360038, ""high"": 1.0, ""low"": 0.25, ""mae"": 0.0}, {""bias"": 0.0, ""count"": 97789, ""high"": 2.0, ""low"": 1.0, ""mae"": 0.0}, {""bias"": 0.0, ""count"": 3661, ""high"": ""Infinity"", ""low"": 2.0, ""mae"": 0.0}]",0.02830731741778437,0.028497712780690392,0.009469063845307496,0.026681789252930625,5.16696952457887
raw/e6/P1/d200/n4_M6/oracle_state/rep03.npz,e6,e1,P1,P1_ridge_lse_hjb,ridge_lse,200,4,6,oracle_state,oracle_state,1.0,3,4,float64,0.02886441220235793,0.03850917380853711,0.00016437057083624893,0.026426326295365135,0.024797315397577072,1.1757931920170592,0.027179865985744123,0.038239016218994795,1267200,1268400,14652000,2930400000,0,117.683796599973,0.0,0.0,0.0,0.0,0.0,,,,0,0,0,0.0,0.0,0.0,-0.0389684735154276,1267200,"[{""bias"": 0.0, ""count"": 4342, ""high"": -2.0, ""low"": ""-Infinity"", ""mae"": 0.0}, {""bias"": 0.0, ""count"": 89942, ""high"": -1.0, ""low"": -2.0, ""mae"": 0.0}, {""bias"": 0.0, ""count"": 353661, ""high"": -0.25, ""low"": -1.0, ""mae"": 0.0}, {""bias"": 0.0, ""count"": 357795, ""high"": 0.25, ""low"": -0.25, ""mae"": 0.0}, {""bias"": 0.0, ""count"": 364670, ""high"": 1.0, ""low"": 0.25, ""mae"": 0.0}, {""bias"": 0.0, ""count"": 93928, ""high"": 2.0, ""low"": 1.0, ""mae"": 0.0}, {""bias"": 0.0, ""count"": 2862, ""high"": ""Infinity"", ""low"": 2.0, ""mae"": 0.0}]",0.02830731741778437,0.028497712780690392,0.009469063845307496,0.026681789252930625,5.16696952457887
raw/e6/P1/d200/n4_M6/oracle_state/rep04.npz,e6,e1,P1,P1_ridge_lse_hjb,ridge_lse,200,4,6,oracle_state,oracle_state,1.0,4,4,float64,0.028597224638491566,0.038152708128090344,-0.0010914421868858401,0.02617762209841446,0.024567775497541855,1.1835751531669167,0.029330256932778066,0.04126437456123017,1267200,1268400,14652000,2930400000,0,117.26048329984769,0.0,0.0,0.0,0.0,0.0,,,,0,0,0,0.0,0.0,0.0,-0.04076358347000289,1267200,"[{""bias"": 0.0, ""count"": 4551, ""high"": -2.0, ""low"": ""-Infinity"", ""mae"": 0.0}, {""bias"": 0.0, ""count"": 89859, ""high"": -1.0, ""low"": -2.0, ""mae"": 0.0}, {""bias"": 0.0, ""count"": 353377, ""high"": -0.25, ""low"": -1.0, ""mae"": 0.0}, {""bias"": 0.0, ""count"": 359471, ""high"": 0.25, ""low"": -0.25, ""mae"": 0.0}, {""bias"": 0.0, ""count"": 359867, ""high"": 1.0, ""low"": 0.25, ""mae"": 0.0}, {""bias"": 0.0, ""count"": 96424, ""high"": 2.0, ""low"": 1.0, ""mae"": 0.0}, {""bias"": 0.0, ""count"": 3651, ""high"": ""Infinity"", ""low"": 2.0, ""mae"": 0.0}]",0.02830731741778437,0.028497712780690392,0.009469063845307496,0.026681789252930625,5.16696952457887
raw/e6/P1/d200/n4_M6/oracle_state/rep05.npz,e6,e1,P1,P1_ridge_lse_hjb,ridge_lse,200,4,6,oracle_state,oracle_state,1.0,5,4,float64,0.027491897290856333,0.03667804643579587,0.0014464572881870558,0.025585063992236968,0.02361819264566452,1.1825322750679106,0.027602651051488607,0.03883382728225139,1267200,1268400,14652000,2930400000,0,117.26737739983946,0.0,0.0,0.0,0.0,0.0,,,,0,0,0,0.0,0.0,0.0,-0.0384851277111555,1267200,"[{""bias"": 0.0, ""count"": 4370, ""high"": -2.0, ""low"": ""-Infinity"", ""mae"": 0.0}, {""bias"": 0.0, ""count"": 90595, ""high"": -1.0, ""low"": -2.0, ""mae"": 0.0}, {""bias"": 0.0, ""count"": 354037, ""high"": -0.25, ""low"": -1.0, ""mae"": 0.0}, {""bias"": 0.0, ""count"": 356143, ""high"": 0.25, ""low"": -0.25, ""mae"": 0.0}, {""bias"": 0.0, ""count"": 361223, ""high"": 1.0, ""low"": 0.25, ""mae"": 0.0}, {""bias"": 0.0, ""count"": 97225, ""high"": 2.0, ""low"": 1.0, ""mae"": 0.0}, {""bias"": 0.0, ""count"": 3607, ""high"": ""Infinity"", ""low"": 2.0, ""mae"": 0.0}]",0.02830731741778437,0.028497712780690392,0.009469063845307496,0.026681789252930625,5.16696952457887
raw/e6/P1/d200/n4_M6/oracle_state/rep06.npz,e6,e1,P1,P1_ridge_lse_hjb,ridge_lse,200,4,6,oracle_state,oracle_state,1.0,6,4,float64,0.02737721286204666,0.036525041324477384,-0.001782285552241671,0.02513221109573749,0.02351966765466705,1.176548788500191,0.03092901620435808,0.043513649143683296,1267200,1268400,14652000,2930400000,0,117.81095890002325,0.0,0.0,0.0,0.0,0.0,,,,0,0,0,0.0,0.0,0.0,-0.039912001401937465,1267200,"[{""bias"": 0.0, ""count"": 5154, ""high"": -2.0, ""low"": ""-Infinity"", ""mae"": 0.0}, {""bias"": 0.0, ""count"": 91185, ""high"": -1.0, ""low"": -2.0, ""mae"": 0.0}, {""bias"": 0.0, ""count"": 351125, ""high"": -0.25, ""low"": -1.0, ""mae"": 0.0}, {""bias"": 0.0, ""count"": 356506, ""high"": 0.25, ""low"": -0.25, ""mae"": 0.0}, {""bias"": 0.0, ""count"": 362103, ""high"": 1.0, ""low"": 0.25, ""mae"": 0.0}, {""bias"": 0.0, ""count"": 97474, ""high"": 2.0, ""low"": 1.0, ""mae"": 0.0}, {""bias"": 0.0, ""count"": 3653, ""high"": ""Infinity"", ""low"": 2.0, ""mae"": 0.0}]",0.02830731741778437,0.028497712780690392,0.009469063845307496,0.026681789252930625,5.16696952457887
raw/e6/P1/d200/n4_M6/oracle_state/rep07.npz,e6,e1,P1,P1_ridge_lse_hjb,ridge_lse,200,4,6,oracle_state,oracle_state,1.0,7,4,float64,0.02889507300353946,0.038550079617168546,-0.0002588003022279903,0.026326939275164194,0.024823655984453064,1.1783628599548759,0.02749582756684865,0.03868353864713231,1267200,1268400,14652000,2930400000,0,118.43037479999475,0.0,0.0,0.0,0.0,0.0,,,,0,0,0,0.0,0.0,0.0,-0.03989496074556965,1267200,"[{""bias"": 0.0, ""count"": 4853, ""high"": -2.0, ""low"": ""-Infinity"", ""mae"": 0.0}, {""bias"": 0.0, ""count"": 90763, ""high"": -1.0, ""low"": -2.0, ""mae"": 0.0}, {""bias"": 0.0, ""count"": 350287, ""high"": -0.25, ""low"": -1.0, ""mae"": 0.0}, {""bias"": 0.0, ""count"": 360461, ""high"": 0.25, ""low"": -0.25, ""mae"": 0.0}, {""bias"": 0.0, ""count"": 361207, ""high"": 1.0, ""low"": 0.25, ""mae"": 0.0}, {""bias"": 0.0, ""count"": 95674, ""high"": 2.0, ""low"": 1.0, ""mae"": 0.0}, {""bias"": 0.0, ""count"": 3955, ""high"": ""Infinity"", ""low"": 2.0, ""mae"": 0.0}]",0.02830731741778437,0.028497712780690392,0.009469063845307496,0.026681789252930625,5.16696952457887
raw/e6/P1/d200/n4_M6/oracle_state/rep08.npz,e6,e1,P1,P1_ridge_lse_hjb,ridge_lse,200,4,6,oracle_state,oracle_state,1.0,8,4,float64,0.027916041278286192,0.037243913996765916,4.20961511390786e-05,0.025683383624206368,0.023982573259291737,1.177879007443376,0.02994648519020091,0.04213133845069726,1267200,1268400,14652000,2930400000,0,118.28538789995946,0.0,0.0,0.0,0.0,0.0,,,,0,0,0,0.0,0.0,0.0,-0.039734096826705034,1267200,"[{""bias"": 0.0, ""count"": 4458, ""high"": -2.0, ""low"": ""-Infinity"", ""mae"": 0.0}, {""bias"": 0.0, ""count"": 91998, ""high"": -1.0, ""low"": -2.0, ""mae"": 0.0}, {""bias"": 0.0, ""count"": 351340, ""high"": -0.25, ""low"": -1.0, ""mae"": 0.0}, {""bias"": 0.0, ""count"": 358083, ""high"": 0.25, ""low"": -0.25, ""mae"": 0.0}, {""bias"": 0.0, ""count"": 361115, ""high"": 1.0, ""low"": 0.25, ""mae"": 0.0}, {""bias"": 0.0, ""count"": 96112, ""high"": 2.0, ""low"": 1.0, ""mae"": 0.0}, {""bias"": 0.0, ""count"": 4094, ""high"": ""Infinity"", ""low"": 2.0, ""mae"": 0.0}]",0.02830731741778437,0.028497712780690392,0.009469063845307496,0.026681789252930625,5.16696952457887
raw/e6/P1/d200/n4_M6/oracle_state/rep09.npz,e6,e1,P1,P1_ridge_lse_hjb,ridge_lse,200,4,6,oracle_state,oracle_state,1.0,9,4,float64,0.02839820092288922,0.03788718258049144,-0.0006678001641569235,0.025930391612229077,0.024396794920740573,1.1856670088698065,0.0277928753553046,0.039101451495066934,1267200,1268400,14652000,2930400000,0,117.82596369995736,0.0,0.0,0.0,0.0,0.0,,,,0,0,0,0.0,0.0,0.0,-0.04030958638891834,1267200,"[{""bias"": 0.0, ""count"": 4390, ""high"": -2.0, ""low"": ""-Infinity"", ""mae"": 0.0}, {""bias"": 0.0, ""count"": 90152, ""high"": -1.0, ""low"": -2.0, ""mae"": 0.0}, {""bias"": 0.0, ""count"": 350672, ""high"": -0.25, ""low"": -1.0, ""mae"": 0.0}, {""bias"": 0.0, ""count"": 360105, ""high"": 0.25, ""low"": -0.25, ""mae"": 0.0}, {""bias"": 0.0, ""count"": 363492, ""high"": 1.0, ""low"": 0.25, ""mae"": 0.0}, {""bias"": 0.0, ""count"": 94608, ""high"": 2.0, ""low"": 1.0, ""mae"": 0.0}, {""bias"": 0.0, ""count"": 3781, ""high"": ""Infinity"", ""low"": 2.0, ""mae"": 0.0}]",0.02830731741778437,0.028497712780690392,0.009469063845307496,0.026681789252930625,5.16696952457887
raw/e6/P1/d200/n4_M6/raw/rep00.npz,e6,e1,P1,P1_ridge_lse_hjb,ridge_lse,200,4,6,raw,raw,1.0,0,4,float64,112511228394.58994,150105757196.23837,-55482746912.1784,55482746912.1784,96658002134.5996,6853942127188.119,191028251025.47287,268755276169.52228,1267200,1268400,14652000,2930400000,0,108.43298360006884,1.0,0.9797340593434344,0.0,6117566909.956678,0.0,,,,0,0,0,-3058787037.636089,3058787037.636546,7.343468563087783e+22,-0.12734142999131437,1267200,"[{""bias"": -56638.62227554828, ""count"": 4627, ""high"": -2.0, ""low"": ""-Infinity"", ""mae"": 56638.62227554828}, {""bias"": -10771113.4748028, ""count"": 88864, ""high"": -1.0, ""low"": -2.0, ""mae"": 10771113.474958394}, {""bias"": -237220586.91126183, ""count"": 352426, ""high"": -0.25, ""low"": -1.0, ""mae"": 237220586.91167012}, {""bias"": -1546707181.3944314, ""count"": 358839, ""high"": 0.25, ""low"": -0.25, ""mae"": 1546707181.3949955}, {""bias"": -5350214117.484289, ""count"": 362177, ""high"": 1.0, ""low"": 0.25, ""mae"": 5350214117.484797}, {""bias"": -13217548432.646023, ""count"": 96774, ""high"": 2.0, ""low"": 1.0, ""mae"": 13217548432.646393}, {""bias"": -5633099490.8510275, ""count"": 3493, ""high"": ""Infinity"", ""low"": 2.0, ""mae"": 5633099490.8510275}]",112651183003.83536,111828974589.95352,99666958606.321,54344113902.424644,5.16696952457887
raw/e6/P1/d200/n4_M6/raw/rep01.npz,e6,e1,P1,P1_ridge_lse_hjb,ridge_lse,200,4,6,raw,raw,1.0,1,4,float64,96961199059.88234,129359837335.47682,-47679828198.87849,47679828198.87849,83299026412.14162,2973839568867.298,114255294394.93076,160744356052.5771,1267200,1268400,14652000,2930400000,0,110.30549139995128,1.0,0.979469696969697,0.0,5464128639.563484,0.0,,,,0,0,0,-2732067787.4017386,2732067787.402292,2.1721551151730403e+22,0.05610079333285901,1267200,"[{""bias"": -48971.091133371716, ""count"": 4852, ""high"": -2.0, ""low"": ""-Infinity"", ""mae"": 48971.091133371716}, {""bias"": -15584511.605201721, ""count"": 90279, ""high"": -1.0, ""low"": -2.0, ""mae"": 15584511.605287485}, {""bias"": -219148465.9148744, ""count"": 353249, ""high"": -0.25, ""low"": -1.0, ""mae"": 219148465.91530365}, {""bias"": -1419862951.9543772, ""count"": 358524, ""high"": 0.25, ""low"": -0.25, ""mae"": 1419862951.9550385}, {""bias"": -5204592212.357974, ""count"": 361627, ""high"": 1.0, ""low"": 0.25, ""mae"": 5204592212.358615}, {""bias"": -10289993383.598095, ""count"": 94954, ""high"": 2.0, ""low"": 1.0, ""mae"": 10289993383.598831}, {""bias"": -4038516101.6253066, ""count"": 3715, ""high"": ""Infinity"", ""low"": 2.0, ""mae"": 4038516101.6253066}]",112651183003.83536,111828974589.95352,99666958606.321,54344113902.424644,5.16696952457887
raw/e6/P1/d200/n4_M6/raw/rep02.npz,e6,e1,P1,P1_ridge_lse_hjb,ridge_lse,200,4,6,raw,raw,1.0,2,4,float64,120516613455.22733,160786063538.28708,-52952447185.900764,52952447185.900764,103535400393.60382,3144999691951.898,119584861665.90701,168242458119.08386,1267200,1268400,14652000,2930400000,0,111.2274889999535,1.0,0.9794775883838384,0.0,5469004827.320186,0.0,,,,0,0,0,-2734505942.4213457,2734505942.422004,2.0391019718867383e+22,-0.11191620887317431,1267200,"[{""bias"": -70700.89036961681, ""count"": 5147, ""high"": -2.0, ""low"": ""-Infinity"", ""mae"": 70700.89040830219}, {""bias"": -8826927.512624612, ""count"": 90500, ""high"": -1.0, ""low"": -2.0, ""mae"": 8826927.512717025}, {""bias"": -225364908.56177172, ""count"": 351857, ""high"": -0.25, ""low"": -1.0, ""mae"": 225364908.56221548}, {""bias"": -1443929528.4187303, ""count"": 358208, ""high"": 0.25, ""low"": -0.25, ""mae"": 1443929528.4195995}, {""bias"": -5231936836.004812, ""count"": 360038, ""high"": 1.0, ""low"": 0.25, ""mae"": 5231936836.005614}, {""bias"": -9926415331.138252, ""count"": 97789, ""high"": 2.0, ""low"": 1.0, ""mae"": 9926415331.138922}, {""bias"": -3674705510.2818017, ""count"": 3661, ""high"": ""Infinity"", ""low"": 2.0, ""mae"": 3674705510.2818017}]",112651183003.83536,111828974589.95352,99666958606.321,54344113902.424644,5.16696952457887
raw/e6/P1/d200/n4_M6/raw/rep03.npz,e6,e1,P1,P1_ridge_lse_hjb,ridge_lse,200,4,6,raw,raw,1.0,3,4,float64,95001603631.85413,126745462221.81389,-47599198929.296844,47599198929.296844,81615544845.29729,4022832865388.619,125740433436.01866,176902655666.7077,1267200,1268400,14652000,2930400000,0,112.11005620006472,1.0,0.9797829861111111,0.0,5333523554.495569,0.0,,,,0,0,0,-2666765260.015507,2666765260.016102,2.448348417131878e+22,-0.05973531135998001,1267200,"[{""bias"": -59883.66407054379, ""count"": 4342, ""high"": -2.0, ""low"": ""-Infinity"", ""mae"": 59883.66407739094}, {""bias"": -10639075.99406304, ""count"": 89942, ""high"": -1.0, ""low"": -2.0, ""mae"": 10639075.994156027}, {""bias"": -277748182.2446366, ""count"": 353661, ""high"": -0.25, ""low"": -1.0, ""mae"": 277748182.24508315}, {""bias"": -1348021709.7356286, ""count"": 357795, ""high"": 0.25, ""low"": -0.25, ""mae"": 1348021709.73631}, {""bias"": -5173003216.70643, ""count"": 364670, ""high"": 1.0, ""low"": 0.25, ""mae"": 5173003216.707231}, {""bias"": -9666275377.269934, ""count"": 93928, ""high"": 2.0, ""low"": 1.0, ""mae"": 9666275377.270369}, {""bias"": -1205679075.9960456, ""count"": 2862, ""high"": ""Infinity"", ""low"": 2.0, ""mae"": 1205679076.0003924}]",112651183003.83536,111828974589.95352,99666958606.321,54344113902.424644,5.16696952457887
raw/e6/P1/d200/n4_M6/raw/rep04.npz,e6,e1,P1,P1_ridge_lse_hjb,ridge_lse,200,4,6,raw,raw,1.0,4,4,float64,114352153099.14084,152561808922.46024,-54615853167.74898,54615853167.74898,98239534098.66333,3274458176956.2485,127804297037.47966,179806279760.05142,1267200,1268400,14652000,2930400000,0,110.89154429989867,1.0,0.979771148989899,0.0,5794667046.205848,0.0,,,,0,0,0,-2897337111.475486,2897337111.4759183,2.0730512742429567e+22,-0.06233945786626141,1267200,"[{""bias"": -264283.1422722084, ""count"": 4551, ""high"": -2.0, ""low"": ""-Infinity"", ""mae"": 264283.1422722084}, {""bias"": -9663189.291755991, ""count"": 89859, ""high"": -1.0, ""low"": -2.0, ""mae"": 9663189.29186639}, {""bias"": -244003210.25200033, ""count"": 353377, ""high"": -0.25, ""low"": -1.0, ""mae"": 244003210.25238526}, {""bias"": -1662287804.608202, ""count"": 359471, ""high"": 0.25, ""low"": -0.25, ""mae"": 1662287804.6087744}, {""bias"": -5460441535.789235, ""count"": 359867, ""high"": 1.0, ""low"": 0.25, ""mae"": 5460441535.789649}, {""bias"": -10225796567.52674, ""count"": 96424, ""high"": 2.0, ""low"": 1.0, ""mae"": 10225796567.527153}, {""bias"": -9811491688.849546, ""count"": 3651, ""high"": ""Infinity"", ""low"": 2.0, ""mae"": 9811491688.850527}]",112651183003.83536,111828974589.95352,99666958606.321,54344113902.424644,5.16696952457887
raw/e6/P1/d200/n4_M6/raw/rep05.npz,e6,e1,P1,P1_ridge_lse_hjb,ridge_lse,200,4,6,raw,raw,1.0,5,4,float64,101618404574.52641,135573202616.16165,-50440427174.799805,50440427174.79981,87300015353.4141,3157399499602.674,127751578393.49782,179732110553.94412,1267200,1268400,14652000,2930400000,0,111.03815139993094,1.0,0.9796354166666666,0.0,5475240106.829565,0.0,,,,0,0,0,-2737623568.5999055,2737623568.6004567,1.9517233112816825e+22,-0.08143481645021428,1267200,"[{""bias"": -11603.362264031282, ""count"": 4370, ""high"": -2.0, ""low"": ""-Infinity"", ""mae"": 11603.362264031282}, {""bias"": -11270859.79839948, ""count"": 90595, ""high"": -1.0, ""low"": -2.0, ""mae"": 11270859.798535068}, {""bias"": -228966983.05524305, ""count"": 354037, ""high"": -0.25, ""low"": -1.0, ""mae"": 228966983.0557255}, {""bias"": -1387456817.5281994, ""count"": 356143, ""high"": 0.25, ""low"": -0.25, ""mae"": 1387456817.5288904}, {""bias"": -5218284224.588453, ""count"": 361223, ""high"": 1.0, ""low"": 0.25, ""mae"": 5218284224.58902}, {""bias"": -10294137847.253923, ""count"": 97225, ""high"": 2.0, ""low"": 1.0, ""mae"": 10294137847.25458}, {""bias"": -1965012497.0951016, ""count"": 3607, ""high"": ""Infinity"", ""low"": 2.0, ""mae"": 1965012497.0951016}]",112651183003.83536,111828974589.95352,99666958606.321,54344113902.424644,5.16696952457887
raw/e6/P1/d200/n4_M6/raw/rep06.npz,e6,e1,P1,P1_ridge_lse_hjb,ridge_lse,200,4,6,raw,raw,1.0,6,4,float64,133323191027.76617,177871834008.02576,-54374588505.348564,54374588505.348564,114537486318.77092,3801814526420.684,129092919634.1408,181619226902.60663,1267200,1268400,14652000,2930400000,0,111.55295949988067,1.0,0.9794625946969697,0.0,5865427131.301117,0.0,,,,0,0,0,-2932717122.1457825,2932717122.146278,2.952187173817158e+22,-0.09993854140758013,1267200,"[{""bias"": -72918.34218815567, ""count"": 5154, ""high"": -2.0, ""low"": ""-Infinity"", ""mae"": 72918.34218815567}, {""bias"": -18597859.607662812, ""count"": 91185, ""high"": -1.0, ""low"": -2.0, ""mae"": 18597859.60776885}, {""bias"": -229708808.91481298, ""count"": 351125, ""high"": -0.25, ""low"": -1.0, ""mae"": 229708808.91520616}, {""bias"": -1291336866.5081568, ""count"": 356506, ""high"": 0.25, ""low"": -0.25, ""mae"": 1291336866.5088654}, {""bias"": -5472085909.179076, ""count"": 362103, ""high"": 1.0, ""low"": 0.25, ""mae"": 5472085909.179601}, {""bias"": -11893140802.58799, ""count"": 97474, ""high"": 2.0, ""low"": 1.0, ""mae"": 11893140802.58838}, {""bias"": -9002556394.51743, ""count"": 3653, ""high"": ""Infinity"", ""low"": 2.0, ""mae"": 9002556394.51769}]",112651183003.83536,111828974589.95352,99666958606.321,54344113902.424644,5.16696952457887
raw/e6/P1/d200/n4_M6/raw/rep07.npz,e6,e1,P1,P1_ridge_lse_hjb,ridge_lse,200,4,6,raw,raw,1.0,7,4,float64,138798320618.79733,185176424711.87042,-54692289205.91292,54692289205.91292,119241150968.49887,3389876730233.0137,165049002666.2544,232205393992.52774,1267200,1268400,14652000,2930400000,0,111.29025960015133,1.0,0.9796314709595959,0.0,5861899832.01586,0.0,,,,0,0,0,-2930953501.155135,2930953501.1556473,2.446912788650496e+22,-0.08593293805967916,1267200,"[{""bias"": -67004.24234106096, ""count"": 4853, ""high"": -2.0, ""low"": ""-Infinity"", ""mae"": 67004.24234106096}, {""bias"": -33279927.451409206, ""count"": 90763, ""high"": -1.0, ""low"": -2.0, ""mae"": 33279927.45153363}, {""bias"": -284934098.90224934, ""count"": 350287, ""high"": -0.25, ""low"": -1.0, ""mae"": 284934098.9027035}, {""bias"": -1436510728.812564, ""count"": 360461, ""high"": 0.25, ""low"": -0.25, ""mae"": 1436510728.8131042}, {""bias"": -5693810452.0971365, ""count"": 361207, ""high"": 1.0, ""low"": 0.25, ""mae"": 5693810452.097705}, {""bias"": -9806981782.527246, ""count"": 95674, ""high"": 2.0, ""low"": 1.0, ""mae"": 9806981782.528093}, {""bias"": -24918127404.320244, ""count"": 3955, ""high"": ""Infinity"", ""low"": 2.0, ""mae"": 24918127404.320244}]",112651183003.83536,111828974589.95352,99666958606.321,54344113902.424644,5.16696952457887
raw/e6/P1/d200/n4_M6/raw/rep08.npz,e6,e1,P1,P1_ridge_lse_hjb,ridge_lse,200,4,6,raw,raw,1.0,8,4,float64,111146720785.3171,148285312687.61032,-53256442991.09089,53256442991.09089,95485758427.97847,3999257991417.925,120821094055.49022,169981698129.3368,1267200,1268400,14652000,2930400000,0,115.43482580012642,1.0,0.9794760101010102,0.0,5908020541.063298,0.0,,,,0,0,0,-2954013860.459407,2954013860.459976,2.806388507564268e+22,-0.07072864110463746,1267200,"[{""bias"": -56510.73859792853, ""count"": 4458, ""high"": -2.0, ""low"": ""-Infinity"", ""mae"": 56510.738763567504}, {""bias"": -11768496.662681676, ""count"": 91998, ""high"": -1.0, ""low"": -2.0, ""mae"": 11768496.66277719}, {""bias"": -343643301.4150313, ""count"": 351340, ""high"": -0.25, ""low"": -1.0, ""mae"": 343643301.41549027}, {""bias"": -1436761748.486447, ""count"": 358083, ""high"": 0.25, ""low"": -0.25, ""mae"": 1436761748.4870975}, {""bias"": -5368061950.133091, ""count"": 361115, ""high"": 1.0, ""low"": 0.25, ""mae"": 5368061950.133796}, {""bias"": -11996384485.618856, ""count"": 96112, ""high"": 2.0, ""low"": 1.0, ""mae"": 11996384485.619522}, {""bias"": -3796688418.8501196, ""count"": 4094, ""high"": ""Infinity"", ""low"": 2.0, ""mae"": 3796688418.8501196}]",112651183003.83536,111828974589.95352,99666958606.321,54344113902.424644,5.16696952457887
raw/e6/P1/d200/n4_M6/raw/rep09.npz,e6,e1,P1,P1_ridge_lse_hjb,ridge_lse,200,4,6,raw,raw,1.0,9,4,float64,102282395391.25189,136459059483.41028,-48764658917.038956,48764658917.038956,87870447537.79411,3307935077668.1724,118586248761.09491,166837522013.67273,1267200,1268400,14652000,2930400000,0,115.9427541999612,1.0,0.9796227904040404,0.0,5693688514.307241,0.0,,,,0,0,0,-2846847831.9114017,2846847831.9119473,2.171070011900688e+22,-0.060936457115659454,1267200,"[{""bias"": -72674.41295802734, ""count"": 4390, ""high"": -2.0, ""low"": ""-Infinity"", ""mae"": 72674.41300747775}, {""bias"": -14648738.424166702, ""count"": 90152, ""high"": -1.0, ""low"": -2.0, ""mae"": 14648738.424226586}, {""bias"": -233792560.44075564, ""count"": 350672, ""high"": -0.25, ""low"": -1.0, ""mae"": 233792560.44119927}, {""bias"": -1635163050.248899, ""count"": 360105, ""high"": 0.25, ""low"": -0.25, ""mae"": 1635163050.2495067}, {""bias"": -4884413142.244397, ""count"": 363492, ""high"": 1.0, ""low"": 0.25, ""mae"": 4884413142.245093}, {""bias"": -11695243746.315624, ""count"": 94608, ""high"": 2.0, ""low"": 1.0, ""mae"": 11695243746.316153}, {""bias"": -14144676877.584944, ""count"": 3781, ""high"": ""Infinity"", ""low"": 2.0, ""mae"": 14144676877.58709}]",112651183003.83536,111828974589.95352,99666958606.321,54344113902.424644,5.16696952457887
raw/e6/P1/d200/n4_M6/segment/rep00.npz,e6,e1,P1,P1_ridge_lse_hjb,ridge_lse,200,4,6,segment,segment,1.0,0,4,float64,0.18148904392247814,0.24213183652445922,0.026791193716982152,0.15611906899456388,0.15591660179322023,5.161317976158426,0.2001377607039766,0.2815713323092434,1267200,1268400,14652000,2930400000,0,127.60347740002908,1.0,0.9737523674242424,1.0,194.16822860834435,219.5387671151997,,,,0,0,0,0.6746175840570582,2.289297103603404,8.546697827625641,-0.040837923640107944,1267200,"[{""bias"": -0.1723157376697637, ""count"": 4627, ""high"": -2.0, ""low"": ""-Infinity"", ""mae"": 0.3065436621819258}, {""bias"": -0.17537355571542598, ""count"": 88864, ""high"": -1.0, ""low"": -2.0, ""mae"": 0.6653337696995724}, {""bias"": -0.025472270299021074, ""count"": 352426, ""high"": -0.25, ""low"": -1.0, ""mae"": 1.4772662473524987}, {""bias"": 0.4844555871270396, ""count"": 358839, ""high"": 0.25, ""low"": -0.25, ""mae"": 2.485117685717253}, {""bias"": 1.329805980206668, ""count"": 362177, ""high"": 1.0, ""low"": 0.25, ""mae"": 3.082874627128099}, {""bias"": 2.2210029908634876, ""count"": 96774, ""high"": 2.0, ""low"": 1.0, ""mae"": 3.1094065926283774}, {""bias"": 2.8148156491805074, ""count"": 3493, ""high"": ""Infinity"", ""low"": 2.0, ""mae"": 3.0387961385040185}]",0.18690982590810992,0.18753100486011026,0.08193134012410166,0.1681116157805097,5.16696952457887
raw/e6/P1/d200/n4_M6/segment/rep01.npz,e6,e1,P1,P1_ridge_lse_hjb,ridge_lse,200,4,6,segment,segment,1.0,1,4,float64,0.18154635145357315,0.2422082928077192,0.03354575515444356,0.1520057091645945,0.15596583449240903,5.219037090576595,0.19874238452167808,0.2796081948716086,1267200,1268400,14652000,2930400000,0,127.29820700013079,1.0,0.9733688446969697,1.0,193.33339997950486,218.64488805954392,,,,0,0,0,0.6726949509331233,2.282939436835434,8.508175448078076,-0.04003849725799148,1267200,"[{""bias"": -0.16489657673580788, ""count"": 4852, ""high"": -2.0, ""low"": ""-Infinity"", ""mae"": 0.29517362065997627}, {""bias"": -0.17116897392435523, ""count"": 90279, ""high"": -1.0, ""low"": -2.0, ""mae"": 0.6589017582004787}, {""bias"": -0.026242609456502784, ""count"": 353249, ""high"": -0.25, ""low"": -1.0, ""mae"": 1.476390691247541}, {""bias"": 0.48762327210362505, ""count"": 358524, ""high"": 0.25, ""low"": -0.25, ""mae"": 2.482646761275245}, {""bias"": 1.340393800477086, ""count"": 361627, ""high"": 1.0, ""low"": 0.25, ""mae"": 3.0868328992554495}, {""bias"": 2.1938128875206955, ""count"": 94954, ""high"": 2.0, ""low"": 1.0, ""mae"": 3.0873702273214536}, {""bias"": 2.719708086984021, ""count"": 3715, ""high"": ""Infinity"", ""low"": 2.0, ""mae"": 2.950585185937192}]",0.18690982590810992,0.18753100486011026,0.08193134012410166,0.1681116157805097,5.16696952457887
raw/e6/P1/d200/n4_M6/segment/rep02.npz,e6,e1,P1,P1_ridge_lse_hjb,ridge_lse,200,4,6,segment,segment,1.0,2,4,float64,0.191989108070251,0.2561403946212821,0.02874593215155751,0.16150581279382187,0.16493717011596074,5.2474575411699576,0.19400990038417645,0.2729501216572308,1267200,1268400,14652000,2930400000,0,127.19719189987518,1.0,0.9733230744949495,1.0,193.9961407433922,219.34642865530736,,,,0,0,0,0.6745471957851159,2.2860237212382706,8.529917731751707,-0.038476059989686374,1267200,"[{""bias"": -0.17153893699499417, ""count"": 5147, ""high"": -2.0, ""low"": ""-Infinity"", ""mae"": 0.30462660628015625}, {""bias"": -0.1741437453654077, ""count"": 90500, ""high"": -1.0, ""low"": -2.0, ""mae"": 0.6607372887562305}, {""bias"": -0.028288732056004132, ""count"": 351857, ""high"": -0.25, ""low"": -1.0, ""mae"": 1.4738051056559125}, {""bias"": 0.4890141133898484, ""count"": 358208, ""high"": 0.25, ""low"": -0.25, ""mae"": 2.489354721507598}, {""bias"": 1.3347413360751366, ""count"": 360038, ""high"": 1.0, ""low"": 0.25, ""mae"": 3.0853374961209217}, {""bias"": 2.2065915443076123, ""count"": 97789, ""high"": 2.0, ""low"": 1.0, ""mae"": 3.105087138404427}, {""bias"": 2.6976141887307037, ""count"": 3661, ""high"": ""Infinity"", ""low"": 2.0, ""mae"": 2.930099707673885}]",0.18690982590810992,0.18753100486011026,0.08193134012410166,0.1681116157805097,5.16696952457887
raw/e6/P1/d200/n4_M6/segment/rep03.npz,e6,e1,P1,P1_ridge_lse_hjb,ridge_lse,200,4,6,segment,segment,1.0,3,4,float64,0.1937809875496992,0.25853101313913934,0.02556330583138968,0.16775417435756493,0.166476567498967,5.251691160723619,0.2008704944548507,0.2826022063318959,1267200,1268400,14652000,2930400000,0,127.36321379989386,1.0,0.9737799873737374,1.0,193.32896217460623,218.65073876114553,,,,0,0,0,0.6655178157827258,2.2865753374718056,8.512154239264571,-0.03864877678911988,1267200,"[{""bias"": -0.17876159418451332, ""count"": 4342, ""high"": -2.0, ""low"": ""-Infinity"", ""mae"": 0.30525386495290624}, {""bias"": -0.1793608684445241, ""count"": 89942, ""high"": -1.0, ""low"": -2.0, ""mae"": 0.668589945829112}, {""bias"": -0.02865994023369383, ""count"": 353661, ""high"": -0.25, ""low"": -1.0, ""mae"": 1.4839325208303893}, {""bias"": 0.48349131226587483, ""count"": 357795, ""high"": 0.25, ""low"": -0.25, ""mae"": 2.481443455574162}, {""bias"": 1.3215377331070752, ""count"": 364670, ""high"": 1.0, ""low"": 0.25, ""mae"": 3.0785893487538964}, {""bias"": 2.2103009646632734, ""count"": 93928, ""high"": 2.0, ""low"": 1.0, ""mae"": 3.1116043587160953}, {""bias"": 2.7474665063689248, ""count"": 2862, ""high"": ""Infinity"", ""low"": 2.0, ""mae"": 2.9683668772752254}]",0.18690982590810992,0.18753100486011026,0.08193134012410166,0.1681116157805097,5.16696952457887
raw/e6/P1/d200/n4_M6/segment/rep04.npz,e6,e1,P1,P1_ridge_lse_hjb,ridge_lse,200,4,6,segment,segment,1.0,4,4,float64,0.18132828793040412,0.24191736548669332,0.026808403875121036,0.15699010654021198,0.1557784968836325,5.232810370911958,0.1836905954104772,0.2584320195273304,1267200,1268400,14652000,2930400000,0,119.43351230002008,1.0,0.9736908143939393,1.0,193.7810444025042,219.12476183974363,,,,0,0,0,0.6672958082849023,2.2859396645892813,8.525280782955306,-0.040199936213130165,1267200,"[{""bias"": -0.17817215155448057, ""count"": 4551, ""high"": -2.0, ""low"": ""-Infinity"", ""mae"": 0.3092896135211702}, {""bias"": -0.17451992626074714, ""count"": 89859, ""high"": -1.0, ""low"": -2.0, ""mae"": 0.6660517405291464}, {""bias"": -0.03496379627554822, ""count"": 353377, ""high"": -0.25, ""low"": -1.0, ""mae"": 1.4803837165090572}, {""bias"": 0.4818676319589601, ""count"": 359471, ""high"": 0.25, ""low"": -0.25, ""mae"": 2.4842730277143876}, {""bias"": 1.327446166724759, ""count"": 359867, ""high"": 1.0, ""low"": 0.25, ""mae"": 3.0822295218597517}, {""bias"": 2.215207583979529, ""count"": 96424, ""high"": 2.0, ""low"": 1.0, ""mae"": 3.104626425159611}, {""bias"": 2.718436572002436, ""count"": 3651, ""high"": ""Infinity"", ""low"": 2.0, ""mae"": 2.950853653016425}]",0.18690982590810992,0.18753100486011026,0.08193134012410166,0.1681116157805097,5.16696952457887
raw/e6/P1/d200/n4_M6/segment/rep05.npz,e6,e1,P1,P1_ridge_lse_hjb,ridge_lse,200,4,6,segment,segment,1.0,5,4,float64,0.19624625045236097,0.26182001957851475,0.039948838778419336,0.1689042831721875,0.16859446622168053,5.185998872726467,0.18227788994024943,0.25644450172952243,1267200,1268400,14652000,2930400000,0,119.50632089981809,1.0,0.9734927398989899,1.0,194.14637745686727,219.5120510539246,,,,0,0,0,0.670560874069382,2.283947120798887,8.518156615129023,-0.03787294025064955,1267200,"[{""bias"": -0.1741911442919269, ""count"": 4370, ""high"": -2.0, ""low"": ""-Infinity"", ""mae"": 0.3029639667288949}, {""bias"": -0.17812904866568163, ""count"": 90595, ""high"": -1.0, ""low"": -2.0, ""mae"": 0.6644023949118418}, {""bias"": -0.02733388433236628, ""count"": 354037, ""high"": -0.25, ""low"": -1.0, ""mae"": 1.4779832767850651}, {""bias"": 0.4803413464381514, ""count"": 356143, ""high"": 0.25, ""low"": -0.25, ""mae"": 2.481635515205042}, {""bias"": 1.330682998806392, ""count"": 361223, ""high"": 1.0, ""low"": 0.25, ""mae"": 3.082393926173891}, {""bias"": 2.2089015671839225, ""count"": 97225, ""high"": 2.0, ""low"": 1.0, ""mae"": 3.1014193745118463}, {""bias"": 2.7188230110068945, ""count"": 3607, ""high"": ""Infinity"", ""low"": 2.0, ""mae"": 2.9546275127967143}]",0.18690982590810992,0.18753100486011026,0.08193134012410166,0.1681116157805097,5.16696952457887
raw/e6/P1/d200/n4_M6/segment/rep06.npz,e6,e1,P1,P1_ridge_lse_hjb,ridge_lse,200,4,6,segment,segment,1.0,6,4,float64,0.19137481515572616,0.2553208417251778,0.031242122943439046,0.16376069476967844,0.16440943322524645,5.210229433328971,0.18285944474268195,0.25726268396537727,1267200,1268400,14652000,2930400000,0,119.29151179990731,1.0,0.9732717803030303,1.0,194.21726642955693,219.57856347663545,,,,0,0,0,0.6704203410573586,2.285542280117907,8.524017868956863,-0.03906074610528836,1267200,"[{""bias"": -0.15686242537807468, ""count"": 5154, ""high"": -2.0, ""low"": ""-Infinity"", ""mae"": 0.28717380130292697}, {""bias"": -0.17544656295841768, ""count"": 91185, ""high"": -1.0, ""low"": -2.0, ""mae"": 0.663130847456955}, {""bias"": -0.02852873647760691, ""count"": 351125, ""high"": -0.25, ""low"": -1.0, ""mae"": 1.477343392328941}, {""bias"": 0.4801755956900609, ""count"": 356506, ""high"": 0.25, ""low"": -0.25, ""mae"": 2.4851900108459124}, {""bias"": 1.3259927050717955, ""count"": 362103, ""high"": 1.0, ""low"": 0.25, ""mae"": 3.083134994913805}, {""bias"": 2.207714107610364, ""count"": 97474, ""high"": 2.0, ""low"": 1.0, ""mae"": 3.1027086087953912}, {""bias"": 2.6975719245662724, ""count"": 3653, ""high"": ""Infinity"", ""low"": 2.0, ""mae"": 2.936846053382577}]",0.18690982590810992,0.18753100486011026,0.08193134012410166,0.1681116157805097,5.16696952457887
raw/e6/P1/d200/n4_M6/segment/rep07.npz,e6,e1,P1,P1_ridge_lse_hjb,ridge_lse,200,4,6,segment,segment,1.0,7,4,float64,0.18934911566292714,0.25261827451871,0.03912955008782426,0.15990734046336139,0.1626691618879508,5.277336290954685,0.19313342432371663,0.27171701836271633,1267200,1268400,14652000,2930400000,0,119.11196979996748,1.0,0.973515625,1.0,193.89248661506093,219.2403889195366,,,,0,0,0,0.6673021355292732,2.2846233302031496,8.513714349375748,-0.039692454133828464,1267200,"[{""bias"": -0.16618579393365582, ""count"": 4853, ""high"": -2.0, ""low"": ""-Infinity"", ""mae"": 0.2953343270000294}, {""bias"": -0.17893994187529208, ""count"": 90763, ""high"": -1.0, ""low"": -2.0, ""mae"": 0.6680546855655369}, {""bias"": -0.03302628919515018, ""count"": 350287, ""high"": -0.25, ""low"": -1.0, ""mae"": 1.4783316385096141}, {""bias"": 0.4849246947491489, ""count"": 360461, ""high"": 0.25, ""low"": -0.25, ""mae"": 2.483057704913063}, {""bias"": 1.3249583488697678, ""count"": 361207, ""high"": 1.0, ""low"": 0.25, ""mae"": 3.078419182495906}, {""bias"": 2.198747950172877, ""count"": 95674, ""high"": 2.0, ""low"": 1.0, ""mae"": 3.1017789978303636}, {""bias"": 2.6492767153904087, ""count"": 3955, ""high"": ""Infinity"", ""low"": 2.0, ""mae"": 2.8861693044267565}]",0.18690982590810992,0.18753100486011026,0.08193134012410166,0.1681116157805097,5.16696952457887
raw/e6/P1/d200/n4_M6/segment/rep08.npz,e6,e1,P1,P1_ridge_lse_hjb,ridge_lse,200,4,6,segment,segment,1.0,8,4,float64,0.17628140482638593,0.2351841156535951,0.03580407344168676,0.15265134909522118,0.1514427372905507,5.231793409088655,0.19557576546008618,0.27515311780393276,1267200,1268400,14652000,2930400000,0,119.37591740000062,1.0,0.973326231060606,1.0,194.15252869413243,219.50333515012633,,,,0,0,0,0.6689168803875277,2.2826968174227615,8.504081160329319,-0.03912414228650145,1267200,"[{""bias"": -0.17012511565834645, ""count"": 4458, ""high"": -2.0, ""low"": ""-Infinity"", ""mae"": 0.30060923768468584}, {""bias"": -0.17167085362423098, ""count"": 91998, ""high"": -1.0, ""low"": -2.0, ""mae"": 0.6613289004578791}, {""bias"": -0.025289042829185978, ""count"": 351340, ""high"": -0.25, ""low"": -1.0, ""mae"": 1.4767809220685466}, {""bias"": 0.4848339659656448, ""count"": 358083, ""high"": 0.25, ""low"": -0.25, ""mae"": 2.4856331190000556}, {""bias"": 1.3199860612720775, ""count"": 361115, ""high"": 1.0, ""low"": 0.25, ""mae"": 3.077583253853889}, {""bias"": 2.201888287206092, ""count"": 96112, ""high"": 2.0, ""low"": 1.0, ""mae"": 3.1009156099032067}, {""bias"": 2.731524543457373, ""count"": 4094, ""high"": ""Infinity"", ""low"": 2.0, ""mae"": 2.965438140517172}]",0.18690982590810992,0.18753100486011026,0.08193134012410166,0.1681116157805097,5.16696952457887
raw/e6/P1/d200/n4_M6/segment/rep09.npz,e6,e1,P1,P1_ridge_lse_hjb,ridge_lse,200,4,6,segment,segment,1.0,9,4,float64,0.1857128940572934,0.24776704495491278,0.023513105462200888,0.15713844288042664,0.15954529664592734,5.237788409824761,0.1669497993646071,0.234879601283154,1267200,1268400,14652000,2930400000,0,119.59642690001056,1.0,0.9736300505050505,1.0,193.9678050732948,219.33313088520947,,,,0,0,0,0.6723054647351373,2.288110097076921,8.53066553901014,-0.039792739615881964,1267200,"[{""bias"": -0.1670718014346309, ""count"": 4390, ""high"": -2.0, ""low"": ""-Infinity"", ""mae"": 0.3034856191672251}, {""bias"": -0.1744352098191876, ""count"": 90152, ""high"": -1.0, ""low"": -2.0, ""mae"": 0.6622767856602951}, {""bias"": -0.02587705613516559, ""count"": 350672, ""high"": -0.25, ""low"": -1.0, ""mae"": 1.4798813496353516}, {""bias"": 0.4886333880848518, ""count"": 360105, ""high"": 0.25, ""low"": -0.25, ""mae"": 2.4862821990098602}, {""bias"": 1.3252785869812849, ""count"": 363492, ""high"": 1.0, ""low"": 0.25, ""mae"": 3.0786394852778596}, {""bias"": 2.2156080906770197, ""count"": 94608, ""high"": 2.0, ""low"": 1.0, ""mae"": 3.10800614566114}, {""bias"": 2.6916772248732883, ""count"": 3781, ""high"": ""Infinity"", ""low"": 2.0, ""mae"": 2.9295327272627354}]",0.18690982590810992,0.18753100486011026,0.08193134012410166,0.1681116157805097,5.16696952457887
