source,pde,d,n,M,method,dose,rep,bin_index,bin_low,bin_high,bin_label,is_central_bin,generator_count,generator_bias,generator_mae,generator_error_sum,generator_abs_error_sum,z_error_count,z_squared_error_sum,z_error_rms
dose,P4,20,4,3,dose_s0.5,0.5,0,0,-inf,-2.0,"[-inf,-2)",False,1521,-1.4227750226308975,1.4227750226308975,-2164.040809421595,2164.040809421595,1521,21286.659857182105,3.7410124476650104
dose,P4,20,4,3,dose_s0.5,0.5,0,1,-2.0,-1.0,"[-2,-1)",False,18059,-1.4741927958662744,1.4741927958662744,-26622.447700549048,26622.447700549048,18059,252188.14253687655,3.736934471976652
dose,P4,20,4,3,dose_s0.5,0.5,0,2,-1.0,-0.25,"[-1,-0.25)",False,54400,-1.7239313524493922,1.7239313524493922,-93781.86557324693,93781.86557324693,54400,533324.4775618123,3.1310954598526353
dose,P4,20,4,3,dose_s0.5,0.5,0,3,-0.25,0.25,"[-0.25,0.25)",True,48300,-2.08021131231426,2.08021131231426,-100474.20638477876,100474.20638477876,48300,335409.9587557268,2.6352050326873546
dose,P4,20,4,3,dose_s0.5,0.5,0,4,0.25,1.0,"[0.25,1)",False,50894,-1.7322856155186535,1.7322856155186535,-88162.94411620634,88162.94411620634,50894,517689.6345333079,3.189344569473354
dose,P4,20,4,3,dose_s0.5,0.5,0,5,1.0,2.0,"[1,2)",False,16497,-1.4764913443866896,1.4764913443866896,-24357.67770834722,24357.67770834722,16497,230892.64595097117,3.7411279620266846
dose,P4,20,4,3,dose_s0.5,0.5,0,6,2.0,inf,"[2,inf)",False,1129,-1.41402017255825,1.41402017255825,-1596.4287748182642,1596.4287748182642,1129,16256.672683720346,3.794624966878319
dose,P4,20,4,3,dose_s0.5,0.5,1,0,-inf,-2.0,"[-inf,-2)",False,1455,-1.4226972262127753,1.4226972262127753,-2070.024464139588,2070.024464139588,1455,21801.954095032965,3.870937985819073
dose,P4,20,4,3,dose_s0.5,0.5,1,1,-2.0,-1.0,"[-2,-1)",False,17878,-1.4831165531648924,1.4831165531648924,-26515.157737481946,26515.157737481946,17878,251474.63097125755,3.7504866445712572
dose,P4,20,4,3,dose_s0.5,0.5,1,2,-1.0,-0.25,"[-1,-0.25)",False,53817,-1.7257064707301217,1.7257064707301217,-92872.34513528296,92872.34513528296,53817,534282.9827041905,3.1508369412596666
dose,P4,20,4,3,dose_s0.5,0.5,1,3,-0.25,0.25,"[-0.25,0.25)",True,49040,-2.0806271985012406,2.0806271985012406,-102033.95781450084,102033.95781450084,49040,336890.9535769139,2.6210146223221393
dose,P4,20,4,3,dose_s0.5,0.5,1,4,0.25,1.0,"[0.25,1)",False,51240,-1.7290709616149569,1.7290709616149569,-88597.59607315039,88597.59607315039,51240,511653.4864980114,3.1599732657356703
dose,P4,20,4,3,dose_s0.5,0.5,1,5,1.0,2.0,"[1,2)",False,15988,-1.4783358678783405,1.4783358678783405,-23635.63385563891,23635.63385563891,15988,222639.4966030523,3.7316769148921
dose,P4,20,4,3,dose_s0.5,0.5,1,6,2.0,inf,"[2,inf)",False,1382,-1.4148505553710105,1.4148505553710105,-1955.3234675227363,1955.3234675227363,1382,19864.894011417728,3.791308325838955
dose,P4,20,4,3,dose_s0.5,0.5,2,0,-inf,-2.0,"[-inf,-2)",False,1555,-1.4410042471287083,1.4410042471287083,-2240.7616042851414,2240.7616042851414,1555,22481.59651808231,3.802317495896782
dose,P4,20,4,3,dose_s0.5,0.5,2,1,-2.0,-1.0,"[-2,-1)",False,18917,-1.472396880692277,1.472396880692277,-27853.331792055804,27853.331792055804,18917,264157.3296567683,3.7368460044310754
dose,P4,20,4,3,dose_s0.5,0.5,2,2,-1.0,-0.25,"[-1,-0.25)",False,53241,-1.7222437083337934,1.7222437083337934,-91693.97727539949,91693.97727539949,53241,524596.678582314,3.1389880783184987
dose,P4,20,4,3,dose_s0.5,0.5,2,3,-0.25,0.25,"[-0.25,0.25)",True,48913,-2.0809726980647656,2.0809726980647656,-101786.61758044187,101786.61758044187,48913,338579.34767317143,2.6309832413936065
dose,P4,20,4,3,dose_s0.5,0.5,2,4,0.25,1.0,"[0.25,1)",False,51485,-1.7300834799695415,1.7300834799695415,-89073.34796623184,89073.34796623184,51485,514523.34610553586,3.16127432501179
dose,P4,20,4,3,dose_s0.5,0.5,2,5,1.0,2.0,"[1,2)",False,15612,-1.4827345993978103,1.4827345993978103,-23148.452565798612,23148.452565798612,15612,217184.6949042644,3.729798218980285
dose,P4,20,4,3,dose_s0.5,0.5,2,6,2.0,inf,"[2,inf)",False,1077,-1.430449980089966,1.430449980089966,-1540.5946285568932,1540.5946285568932,1077,15214.328362312124,3.758534499057512
dose,P4,20,4,3,dose_s0.5,0.5,3,0,-inf,-2.0,"[-inf,-2)",False,1517,-1.4113685921856123,1.4113685921856123,-2141.046154345574,2141.046154345574,1517,22570.666732989022,3.8572643528881088
dose,P4,20,4,3,dose_s0.5,0.5,3,1,-2.0,-1.0,"[-2,-1)",False,18752,-1.4781222170677895,1.4781222170677895,-27717.74781445519,27717.74781445519,18752,263125.3389422988,3.745911728683708
dose,P4,20,4,3,dose_s0.5,0.5,3,2,-1.0,-0.25,"[-1,-0.25)",False,52947,-1.7223105571767394,1.7223105571767394,-91191.17707083683,91191.17707083683,52947,522878.8102308853,3.142532965988894
dose,P4,20,4,3,dose_s0.5,0.5,3,3,-0.25,0.25,"[-0.25,0.25)",True,48259,-2.0798760291249807,2.0798760291249807,-100372.73728954245,100372.73728954245,48259,334521.17602074,2.6328289713219752
dose,P4,20,4,3,dose_s0.5,0.5,3,4,0.25,1.0,"[0.25,1)",False,51033,-1.7346572978431738,1.7346572978431738,-88524.76588083069,88524.76588083069,51033,515896.5873481998,3.179477660171093
dose,P4,20,4,3,dose_s0.5,0.5,3,5,1.0,2.0,"[1,2)",False,16917,-1.4743244301695633,1.4743244301695633,-24941.1463851785,24941.1463851785,16917,235346.00262025467,3.7298531939464357
dose,P4,20,4,3,dose_s0.5,0.5,3,6,2.0,inf,"[2,inf)",False,1375,-1.4331372148989696,1.4331372148989696,-1970.5636704860833,1970.5636704860833,1375,19295.846973857122,3.746110416647415
dose,P4,20,4,3,dose_s0.5,0.5,4,0,-inf,-2.0,"[-inf,-2)",False,1560,-1.4095588796012757,1.4095588796012757,-2198.91185217799,2198.91185217799,1560,22966.969743245467,3.8369801279235767
dose,P4,20,4,3,dose_s0.5,0.5,4,1,-2.0,-1.0,"[-2,-1)",False,18429,-1.4756479179140258,1.4756479179140258,-27194.71547923758,27194.71547923758,18429,259273.41280416658,3.75083627193251
dose,P4,20,4,3,dose_s0.5,0.5,4,2,-1.0,-0.25,"[-1,-0.25)",False,53733,-1.7237855503295862,1.7237855503295862,-92624.16897585966,92624.16897585966,53733,530991.0713603832,3.1435694890041446
dose,P4,20,4,3,dose_s0.5,0.5,4,3,-0.25,0.25,"[-0.25,0.25)",True,47902,-2.0809250275048927,2.0809250275048927,-99680.47066753937,99680.47066753937,47902,332770.39993476926,2.6356972358959627
dose,P4,20,4,3,dose_s0.5,0.5,4,4,0.25,1.0,"[0.25,1)",False,51663,-1.7309677546370232,1.7309677546370232,-89426.98710781253,89426.98710781253,51663,518711.68443050166,3.1686422211946486
dose,P4,20,4,3,dose_s0.5,0.5,4,5,1.0,2.0,"[1,2)",False,16191,-1.47882369657669,1.47882369657669,-23943.634471273188,23943.634471273188,16191,226219.46827255507,3.73790407712502
dose,P4,20,4,3,dose_s0.5,0.5,4,6,2.0,inf,"[2,inf)",False,1322,-1.4314632543053214,1.4314632543053214,-1892.394422191635,1892.394422191635,1322,19805.22060157729,3.8705627663523674
dose,P4,20,4,3,dose_s0.5,0.5,5,0,-inf,-2.0,"[-inf,-2)",False,1584,-1.4278273373977708,1.4278273373977708,-2261.678502438069,2261.678502438069,1584,23442.94279656402,3.847055708472838
dose,P4,20,4,3,dose_s0.5,0.5,5,1,-2.0,-1.0,"[-2,-1)",False,17949,-1.4743769890473972,1.4743769890473972,-26463.59257641173,26463.59257641173,17949,248783.76140698238,3.7229815678840392
dose,P4,20,4,3,dose_s0.5,0.5,5,2,-1.0,-0.25,"[-1,-0.25)",False,54443,-1.7220409343680063,1.7220409343680063,-93753.07458979737,93753.07458979737,54443,534705.5114388627,3.1339084552609386
dose,P4,20,4,3,dose_s0.5,0.5,5,3,-0.25,0.25,"[-0.25,0.25)",True,48732,-2.081638912974648,2.081638912974648,-101442.42750708056,101442.42750708056,48732,336205.3733751348,2.6266076653377275
dose,P4,20,4,3,dose_s0.5,0.5,5,4,0.25,1.0,"[0.25,1)",False,51376,-1.7299530114314474,1.7299530114314474,-88878.06591530204,88878.06591530204,51376,514315.3004499891,3.163986181622393
dose,P4,20,4,3,dose_s0.5,0.5,5,5,1.0,2.0,"[1,2)",False,15430,-1.4753111264340435,1.4753111264340435,-22764.05068087729,22764.05068087729,15430,213804.68120158545,3.722422304903854
dose,P4,20,4,3,dose_s0.5,0.5,5,6,2.0,inf,"[2,inf)",False,1286,-1.4017078524035194,1.4017078524035194,-1802.5962981909258,1802.5962981909258,1286,17801.845588450225,3.7205918512412413
dose,P4,20,4,3,dose_s0.5,0.5,6,0,-inf,-2.0,"[-inf,-2)",False,1661,-1.410629203151635,1.410629203151635,-2343.0551064348656,2343.0551064348656,1661,24272.369809560452,3.8227093072398675
dose,P4,20,4,3,dose_s0.5,0.5,6,1,-2.0,-1.0,"[-2,-1)",False,17916,-1.4755842194759683,1.4755861261844139,-26436.56687613145,26436.60103671996,17916,249293.7927346673,3.7302265219172814
dose,P4,20,4,3,dose_s0.5,0.5,6,2,-1.0,-0.25,"[-1,-0.25)",False,53829,-1.723396042617662,1.723396042617662,-92768.68557806613,92768.68557806613,53829,528200.936735844,3.1325025096594565
dose,P4,20,4,3,dose_s0.5,0.5,6,3,-0.25,0.25,"[-0.25,0.25)",True,49184,-2.0833906607301227,2.0833906607301227,-102469.48625735035,102469.48625735035,49184,342623.5612704309,2.6393482034960756
dose,P4,20,4,3,dose_s0.5,0.5,6,4,0.25,1.0,"[0.25,1)",False,51008,-1.7309209598192261,1.7309209598192261,-88290.81631845908,88290.81631845908,51008,511498.30259931507,3.1666710427896567
dose,P4,20,4,3,dose_s0.5,0.5,6,5,1.0,2.0,"[1,2)",False,15991,-1.4791706681717647,1.4791706681717647,-23653.41815473469,23653.41815473469,15991,220644.6902147209,3.7145732654103236
dose,P4,20,4,3,dose_s0.5,0.5,6,6,2.0,inf,"[2,inf)",False,1211,-1.4396247906555792,1.4396247906555792,-1743.3856214839066,1743.3856214839066,1211,17538.752442809422,3.8056362697555746
dose,P4,20,4,3,dose_s0.5,0.5,7,0,-inf,-2.0,"[-inf,-2)",False,1484,-1.4094455145319509,1.4094455145319509,-2091.617143565415,2091.617143565415,1484,21189.54244046925,3.7787124014292393
dose,P4,20,4,3,dose_s0.5,0.5,7,1,-2.0,-1.0,"[-2,-1)",False,18187,-1.4767078571716528,1.4767078571716528,-26856.88579838085,26856.88579838085,18187,251032.16893548917,3.7152167478276628
dose,P4,20,4,3,dose_s0.5,0.5,7,2,-1.0,-0.25,"[-1,-0.25)",False,53445,-1.7238347497548225,1.7238347497548225,-92130.34820064649,92130.34820064649,53445,524308.6872017689,3.1321314913258913
dose,P4,20,4,3,dose_s0.5,0.5,7,3,-0.25,0.25,"[-0.25,0.25)",True,48419,-2.08035491315583,2.08035491315583,-100728.70454009212,100728.70454009212,48419,339961.0104274632,2.6497606590342264
dose,P4,20,4,3,dose_s0.5,0.5,7,4,0.25,1.0,"[0.25,1)",False,51660,-1.7352486206716766,1.7352486206716766,-89642.94374389881,89642.94374389881,51660,515844.4908953603,3.159964454876855
dose,P4,20,4,3,dose_s0.5,0.5,7,5,1.0,2.0,"[1,2)",False,16197,-1.4798767191510855,1.4798767191510855,-23969.56322009013,23969.56322009013,16197,224118.61420297064,3.7198178414953245
dose,P4,20,4,3,dose_s0.5,0.5,7,6,2.0,inf,"[2,inf)",False,1408,-1.4215273512692066,1.4215273512692066,-2001.510510587043,2001.510510587043,1408,19846.794705773158,3.754428701714729
dose,P4,20,4,3,dose_s0.5,0.5,8,0,-inf,-2.0,"[-inf,-2)",False,1590,-1.4426130144996716,1.4426130144996716,-2293.7546930544777,2293.7546930544777,1590,22421.58740902202,3.7552133496343068
dose,P4,20,4,3,dose_s0.5,0.5,8,1,-2.0,-1.0,"[-2,-1)",False,17983,-1.4750672593468965,1.4750672593468965,-26526.13452483524,26526.13452483524,17983,251073.69577248293,3.7365391376754595
dose,P4,20,4,3,dose_s0.5,0.5,8,2,-1.0,-0.25,"[-1,-0.25)",False,53675,-1.7241062428944152,1.7241062428944152,-92541.40258735773,92541.40258735773,53675,526285.0816175953,3.1312987394036185
dose,P4,20,4,3,dose_s0.5,0.5,8,3,-0.25,0.25,"[-0.25,0.25)",True,48647,-2.0823333683368346,2.0823333683368346,-101299.271369482,101299.271369482,48647,336635.95745855133,2.630584276497247
dose,P4,20,4,3,dose_s0.5,0.5,8,4,0.25,1.0,"[0.25,1)",False,51881,-1.7374321605115002,1.7374321605115002,-90139.71791949714,90139.71791949714,51881,517846.40095010656,3.1593396058132908
dose,P4,20,4,3,dose_s0.5,0.5,8,5,1.0,2.0,"[1,2)",False,15920,-1.4789341237686056,1.4789341237686056,-23544.6312503962,23544.6312503962,15920,220591.73715383912,3.7224004213139046
dose,P4,20,4,3,dose_s0.5,0.5,8,6,2.0,inf,"[2,inf)",False,1104,-1.418152544123978,1.418152544123978,-1565.6404087128717,1565.6404087128717,1104,14774.271721381325,3.658208919847416
dose,P4,20,4,3,dose_s0.5,0.5,9,0,-inf,-2.0,"[-inf,-2)",False,1501,-1.4195536925063312,1.4195536925063312,-2130.750092452003,2130.750092452003,1501,21587.65343104633,3.792384584067818
dose,P4,20,4,3,dose_s0.5,0.5,9,1,-2.0,-1.0,"[-2,-1)",False,18196,-1.4765547792620246,1.4765547792620246,-26867.3907634518,26867.3907634518,18196,252688.95282170724,3.7265346500476086
dose,P4,20,4,3,dose_s0.5,0.5,9,2,-1.0,-0.25,"[-1,-0.25)",False,52931,-1.7222178078955164,1.7222178078955164,-91158.71078971757,91158.71078971757,52931,524086.54564745206,3.1466356290201163
dose,P4,20,4,3,dose_s0.5,0.5,9,3,-0.25,0.25,"[-0.25,0.25)",True,50032,-2.082132588616904,2.082132588616904,-104173.25767368096,104173.25767368096,50032,350453.7376871214,2.6466189402671554
dose,P4,20,4,3,dose_s0.5,0.5,9,4,0.25,1.0,"[0.25,1)",False,50776,-1.7308874690523035,1.7308874690523035,-87887.54212859976,87887.54212859976,50776,504098.92062275956,3.150856620686256
dose,P4,20,4,3,dose_s0.5,0.5,9,5,1.0,2.0,"[1,2)",False,16271,-1.4770289541245745,1.4770289541245745,-24032.73811256095,24032.73811256095,16271,223650.7266487323,3.7074733185174003
dose,P4,20,4,3,dose_s0.5,0.5,9,6,2.0,inf,"[2,inf)",False,1093,-1.4312151356993317,1.4312151356993317,-1564.3181433193695,1564.3181433193695,1093,16012.91581051747,3.8275875138442954
dose,P4,20,4,3,dose_s1,1.0,0,0,-inf,-2.0,"[-inf,-2)",False,1521,-3.5269656593476792,3.5269656593476792,-5364.51476786782,5364.51476786782,1521,27612.836103932983,4.260797561557455
dose,P4,20,4,3,dose_s1,1.0,0,1,-2.0,-1.0,"[-2,-1)",False,18059,-3.5924211227165626,3.5924211227165626,-64875.5330551384,64875.5330551384,18059,375467.3988235992,4.559731479088781
dose,P4,20,4,3,dose_s1,1.0,0,2,-1.0,-0.25,"[-1,-0.25)",False,54400,-3.8935160511455513,3.8935160511455513,-211807.273182318,211807.273182318,54400,968927.5539988726,4.220327981571823
dose,P4,20,4,3,dose_s1,1.0,0,3,-0.25,0.25,"[-0.25,0.25)",True,48300,-4.285296882005264,4.285296882005264,-206979.83940085425,206979.83940085425,48300,758353.9918629847,3.9624374827392117
dose,P4,20,4,3,dose_s1,1.0,0,4,0.25,1.0,"[0.25,1)",False,50894,-3.9038562758079234,3.9038562758079234,-198682.86130096845,198682.86130096845,50894,957210.2526822074,4.336809824491965
dose,P4,20,4,3,dose_s1,1.0,0,5,1.0,2.0,"[1,2)",False,16497,-3.5961903254094687,3.5961903254094687,-59326.351798280004,59326.351798280004,16497,340761.9939591476,4.544886983641566
dose,P4,20,4,3,dose_s1,1.0,0,6,2.0,inf,"[2,inf)",False,1129,-3.514491222400192,3.514491222400192,-3967.860590089817,3967.860590089817,1129,20633.922186177322,4.2750768215431005
dose,P4,20,4,3,dose_s1,1.0,1,0,-inf,-2.0,"[-inf,-2)",False,1455,-3.5279587806197683,3.5279587806197683,-5133.180025801763,5133.180025801763,1455,28054.508050661512,4.391064658151798
dose,P4,20,4,3,dose_s1,1.0,1,1,-2.0,-1.0,"[-2,-1)",False,17878,-3.611472202314764,3.611472202314764,-64565.90003298335,64565.90003298335,17878,376362.9628782788,4.588217245487968
dose,P4,20,4,3,dose_s1,1.0,1,2,-1.0,-0.25,"[-1,-0.25)",False,53817,-3.895675244583812,3.895675244583812,-209653.55463776703,209653.55463776703,53817,971760.7506722831,4.249324865950236
dose,P4,20,4,3,dose_s1,1.0,1,3,-0.25,0.25,"[-0.25,0.25)",True,49040,-4.285707282322616,4.285707282322616,-210171.08512510112,210171.08512510112,49040,766529.0614617019,3.953566805629608
dose,P4,20,4,3,dose_s1,1.0,1,4,0.25,1.0,"[0.25,1)",False,51240,-3.898580290300527,3.898580290300527,-199763.25407499901,199763.25407499901,51240,950296.0289594613,4.306504414084547
dose,P4,20,4,3,dose_s1,1.0,1,5,1.0,2.0,"[1,2)",False,15988,-3.602337771007403,3.602337771007403,-57594.17628286636,57594.17628286636,15988,330467.6870334623,4.546397776168045
dose,P4,20,4,3,dose_s1,1.0,1,6,2.0,inf,"[2,inf)",False,1382,-3.512814453307392,3.512814453307392,-4854.709574470816,4854.709574470816,1382,25008.64259262727,4.253936849689771
dose,P4,20,4,3,dose_s1,1.0,2,0,-inf,-2.0,"[-inf,-2)",False,1555,-3.5603744175329224,3.5603744175329224,-5536.382219263694,5536.382219263694,1555,29887.037417197524,4.3840574532988015
dose,P4,20,4,3,dose_s1,1.0,2,1,-2.0,-1.0,"[-2,-1)",False,18917,-3.5922597397603178,3.5922597397603178,-67954.77749704593,67954.77749704593,18917,391078.32200821757,4.546798830614801
dose,P4,20,4,3,dose_s1,1.0,2,2,-1.0,-0.25,"[-1,-0.25)",False,53241,-3.8921816910919835,3.8921816910919835,-207223.6454154283,207223.6454154283,53241,947624.3784430274,4.218858994856163
dose,P4,20,4,3,dose_s1,1.0,2,3,-0.25,0.25,"[-0.25,0.25)",True,48913,-4.28659786009378,4.28659786009378,-209670.36113076704,209670.36113076704,48913,764196.7978150839,3.952669081164135
dose,P4,20,4,3,dose_s1,1.0,2,4,0.25,1.0,"[0.25,1)",False,51485,-3.899158392761156,3.899158392761156,-200748.1698513081,200748.1698513081,51485,954361.2849188776,4.305425196260627
dose,P4,20,4,3,dose_s1,1.0,2,5,1.0,2.0,"[1,2)",False,15612,-3.606244617081534,3.606244617081534,-56300.69096187691,56300.69096187691,15612,324404.9047718668,4.558421020663979
dose,P4,20,4,3,dose_s1,1.0,2,6,2.0,inf,"[2,inf)",False,1077,-3.544995242288588,3.544995242288588,-3817.959875944809,3817.959875944809,1077,18324.95235020562,4.124901433807969
dose,P4,20,4,3,dose_s1,1.0,3,0,-inf,-2.0,"[-inf,-2)",False,1517,-3.510983602382643,3.510983602382643,-5326.162124814469,5326.162124814469,1517,29513.59582833594,4.410809206542125
dose,P4,20,4,3,dose_s1,1.0,3,1,-2.0,-1.0,"[-2,-1)",False,18752,-3.599300699802968,3.599300699802968,-67494.08672270525,67494.08672270525,18752,391950.407329814,4.571847788340666
dose,P4,20,4,3,dose_s1,1.0,3,2,-1.0,-0.25,"[-1,-0.25)",False,52947,-3.891779155754178,3.891779155754178,-206058.03095971647,206058.03095971647,52947,939134.1889061881,4.2115614976488756
dose,P4,20,4,3,dose_s1,1.0,3,3,-0.25,0.25,"[-0.25,0.25)",True,48259,-4.284025696626779,4.284025696626779,-206742.79609351174,206742.79609351174,48259,759531.3425806967,3.967196305146047
dose,P4,20,4,3,dose_s1,1.0,3,4,0.25,1.0,"[0.25,1)",False,51033,-3.9080740194108765,3.9080740194108765,-199440.74143259527,199440.74143259527,51033,961050.3496848139,4.339578220431654
dose,P4,20,4,3,dose_s1,1.0,3,5,1.0,2.0,"[1,2)",False,16917,-3.5958990633404957,3.5958990633404957,-60831.82445453117,60831.82445453117,16917,348850.50103870896,4.541067954116162
dose,P4,20,4,3,dose_s1,1.0,3,6,2.0,inf,"[2,inf)",False,1375,-3.5422616379581604,3.5422616379581604,-4870.60975219247,4870.60975219247,1375,24622.83539657917,4.231727383948259
dose,P4,20,4,3,dose_s1,1.0,4,0,-inf,-2.0,"[-inf,-2)",False,1560,-3.5008466310378306,3.5008466310378306,-5461.320744419016,5461.320744419016,1560,29598.31520055464,4.355832753299249
dose,P4,20,4,3,dose_s1,1.0,4,1,-2.0,-1.0,"[-2,-1)",False,18429,-3.5955070266128946,3.5955070266128946,-66261.59899344904,66261.59899344904,18429,381056.4524867751,4.547197055043614
dose,P4,20,4,3,dose_s1,1.0,4,2,-1.0,-0.25,"[-1,-0.25)",False,53733,-3.8945165314172763,3.8945165314172763,-209264.0567826445,209264.0567826445,53733,959388.4475368079,4.225486300397184
dose,P4,20,4,3,dose_s1,1.0,4,3,-0.25,0.25,"[-0.25,0.25)",True,47902,-4.286618214265495,4.286618214265495,-205337.58569974574,205337.58569974574,47902,750787.276033543,3.958964693618312
dose,P4,20,4,3,dose_s1,1.0,4,4,0.25,1.0,"[0.25,1)",False,51663,-3.902150014509785,3.902150014509785,-201596.77619961902,201596.77619961902,51663,964503.761687212,4.320779981556329
dose,P4,20,4,3,dose_s1,1.0,4,5,1.0,2.0,"[1,2)",False,16191,-3.6021864342988135,3.6021864342988135,-58323.00055773209,58323.00055773209,16191,338233.3322689389,4.570580535072044
dose,P4,20,4,3,dose_s1,1.0,4,6,2.0,inf,"[2,inf)",False,1322,-3.5474578101900756,3.5474578101900756,-4689.73922507128,4689.73922507128,1322,24659.288167469804,4.318913841248916
dose,P4,20,4,3,dose_s1,1.0,5,0,-inf,-2.0,"[-inf,-2)",False,1584,-3.5386778148351565,3.5386778148351565,-5605.265658698888,5605.265658698888,1584,30959.465530585003,4.420985990465766
dose,P4,20,4,3,dose_s1,1.0,5,1,-2.0,-1.0,"[-2,-1)",False,17949,-3.596598272460139,3.596598272460139,-64555.342392387036,64555.342392387036,17949,364990.6837550557,4.509420770978809
dose,P4,20,4,3,dose_s1,1.0,5,2,-1.0,-0.25,"[-1,-0.25)",False,54443,-3.8909029870396092,3.8909029870396092,-211832.43132339744,211832.43132339744,54443,975271.6639341867,4.232449440992961
dose,P4,20,4,3,dose_s1,1.0,5,3,-0.25,0.25,"[-0.25,0.25)",True,48732,-4.288012095931485,4.288012095931485,-208963.40545893312,208963.40545893312,48732,759782.3780370974,3.9485486244673296
dose,P4,20,4,3,dose_s1,1.0,5,4,0.25,1.0,"[0.25,1)",False,51376,-3.900067599304752,3.900067599304752,-200369.87298188094,200369.87298188094,51376,950795.9704390517,4.30193181032274
dose,P4,20,4,3,dose_s1,1.0,5,5,1.0,2.0,"[1,2)",False,15430,-3.5938447500811077,3.5938447500811077,-55453.024493751494,55453.024493751494,15430,320558.84655888943,4.557964311211103
dose,P4,20,4,3,dose_s1,1.0,5,6,2.0,inf,"[2,inf)",False,1286,-3.490763011918748,3.490763011918748,-4489.12123332751,4489.12123332751,1286,21970.631599968587,4.133336723853913
dose,P4,20,4,3,dose_s1,1.0,6,0,-inf,-2.0,"[-inf,-2)",False,1661,-3.5144033882967016,3.5144033882967016,-5837.424027960821,5837.424027960821,1661,32725.605665914638,4.438733084370964
dose,P4,20,4,3,dose_s1,1.0,6,1,-2.0,-1.0,"[-2,-1)",False,17916,-3.598424748788482,3.598424748788482,-64469.377799294445,64469.377799294445,17916,370254.6652492904,4.546003259780796
dose,P4,20,4,3,dose_s1,1.0,6,2,-1.0,-0.25,"[-1,-0.25)",False,53829,-3.894388670179355,3.894388670179355,-209631.0477270845,209631.0477270845,53829,953792.3882270808,4.209386173232065
dose,P4,20,4,3,dose_s1,1.0,6,3,-0.25,0.25,"[-0.25,0.25)",True,49184,-4.290272089258706,4.290272089258706,-211012.7424381002,211012.7424381002,49184,776879.938754794,3.974340117095515
dose,P4,20,4,3,dose_s1,1.0,6,4,0.25,1.0,"[0.25,1)",False,51008,-3.900288718820336,3.900288718820336,-198945.9269695877,198945.9269695877,51008,950256.9565113157,4.3161982181464245
dose,P4,20,4,3,dose_s1,1.0,6,5,1.0,2.0,"[1,2)",False,15991,-3.6008869803986117,3.6008869803986117,-57581.783703554196,57581.783703554196,15991,325353.5673209773,4.510658777443407
dose,P4,20,4,3,dose_s1,1.0,6,6,2.0,inf,"[2,inf)",False,1211,-3.565476296016073,3.565476296016073,-4317.7917944754645,4317.7917944754645,1211,23644.466994282106,4.418681439074134
dose,P4,20,4,3,dose_s1,1.0,7,0,-inf,-2.0,"[-inf,-2)",False,1484,-3.503393162509497,3.503393162509497,-5199.035453164093,5199.035453164093,1484,27595.411991654702,4.312225770932892
dose,P4,20,4,3,dose_s1,1.0,7,1,-2.0,-1.0,"[-2,-1)",False,18187,-3.59999689873497,3.59999689873497,-65473.143597292896,65473.143597292896,18187,374095.04586093605,4.535346210958354
dose,P4,20,4,3,dose_s1,1.0,7,2,-1.0,-0.25,"[-1,-0.25)",False,53445,-3.89369451828505,3.89369451828505,-208098.50352974448,208098.50352974448,53445,947360.6149622363,4.210213525671511
dose,P4,20,4,3,dose_s1,1.0,7,3,-0.25,0.25,"[-0.25,0.25)",True,48419,-4.284357833188608,4.284357833188608,-207444.3219251592,207444.3219251592,48419,768448.3495728886,3.98381748359001
dose,P4,20,4,3,dose_s1,1.0,7,4,0.25,1.0,"[0.25,1)",False,51660,-3.9077871309013203,3.9077871309013203,-201876.2831823622,201876.2831823622,51660,961093.7151539137,4.31326029651357
dose,P4,20,4,3,dose_s1,1.0,7,5,1.0,2.0,"[1,2)",False,16197,-3.6029181554831466,3.6029181554831466,-58356.46536436053,58356.46536436053,16197,334142.2073075191,4.542013047987951
dose,P4,20,4,3,dose_s1,1.0,7,6,2.0,inf,"[2,inf)",False,1408,-3.5217443234992927,3.5217443234992927,-4958.616007487004,4958.616007487004,1408,25971.445278711104,4.294837453162179
dose,P4,20,4,3,dose_s1,1.0,8,0,-inf,-2.0,"[-inf,-2)",False,1590,-3.5582848936744624,3.5582848936744624,-5657.672980942395,5657.672980942395,1590,29482.683731090587,4.306108264353522
dose,P4,20,4,3,dose_s1,1.0,8,1,-2.0,-1.0,"[-2,-1)",False,17983,-3.5993049473140584,3.5993049473140584,-64726.300867548714,64726.300867548714,17983,367927.6158188629,4.523245095578643
dose,P4,20,4,3,dose_s1,1.0,8,2,-1.0,-0.25,"[-1,-0.25)",False,53675,-3.8943392549757303,3.8943392549757303,-209028.65951082233,209028.65951082233,53675,956827.3984053545,4.222121966108945
dose,P4,20,4,3,dose_s1,1.0,8,3,-0.25,0.25,"[-0.25,0.25)",True,48647,-4.289748961452006,4.289748961452006,-208683.41772775576,208683.41772775576,48647,757662.837877601,3.946480503680995
dose,P4,20,4,3,dose_s1,1.0,8,4,0.25,1.0,"[0.25,1)",False,51881,-3.9106914804623525,3.9106914804623525,-202890.5846978673,202890.5846978673,51881,973727.2802350497,4.332259866899316
dose,P4,20,4,3,dose_s1,1.0,8,5,1.0,2.0,"[1,2)",False,15920,-3.6021121498327022,3.6021121498327022,-57345.62542533662,57345.62542533662,15920,322490.6082040062,4.500771906185419
dose,P4,20,4,3,dose_s1,1.0,8,6,2.0,inf,"[2,inf)",False,1104,-3.5262384337054518,3.5262384337054518,-3892.967230810819,3892.967230810819,1104,18831.955399012026,4.130124769912784
dose,P4,20,4,3,dose_s1,1.0,9,0,-inf,-2.0,"[-inf,-2)",False,1501,-3.5185034206455152,3.5185034206455152,-5281.273634388918,5281.273634388918,1501,27956.967049647905,4.315734119757261
dose,P4,20,4,3,dose_s1,1.0,9,1,-2.0,-1.0,"[-2,-1)",False,18196,-3.5972809780900925,3.5972809780900925,-65456.12467732732,65456.12467732732,18196,373415.63851045514,4.5301051944384625
dose,P4,20,4,3,dose_s1,1.0,9,2,-1.0,-0.25,"[-1,-0.25)",False,52931,-3.8891822234882762,3.8891822234882762,-205858.30427145795,205858.30427145795,52931,947802.8943418703,4.231593738181415
dose,P4,20,4,3,dose_s1,1.0,9,3,-0.25,0.25,"[-0.25,0.25)",True,50032,-4.288347605822364,4.288347605822364,-214554.6074145045,214554.6074145045,50032,795590.133163188,3.9876842431247144
dose,P4,20,4,3,dose_s1,1.0,9,4,0.25,1.0,"[0.25,1)",False,50776,-3.9010826177514564,3.9010826177514564,-198081.37099894794,198081.37099894794,50776,928948.720620869,4.2772696269987955
dose,P4,20,4,3,dose_s1,1.0,9,5,1.0,2.0,"[1,2)",False,16271,-3.5980537090459617,3.5980537090459617,-58543.93189988684,58543.93189988684,16271,339453.892478839,4.567549619309054
dose,P4,20,4,3,dose_s1,1.0,9,6,2.0,inf,"[2,inf)",False,1093,-3.5430893345513246,3.5430893345513246,-3872.5966426645978,3872.5966426645978,1093,20630.982020440057,4.344600714788692
dose,P4,20,4,3,dose_s2,2.0,0,0,-inf,-2.0,"[-inf,-2)",False,1521,-7.884357179872218,7.884357179872218,-11992.107270585644,11992.107270585644,1521,52835.56529106243,5.893843124747531
dose,P4,20,4,3,dose_s2,2.0,0,1,-2.0,-1.0,"[-2,-1)",False,18059,-7.957090629649918,7.957090629649918,-143697.09968084787,143697.09968084787,18059,868490.4869111341,6.934827837804845
dose,P4,20,4,3,dose_s2,2.0,0,2,-1.0,-0.25,"[-1,-0.25)",False,54400,-8.290292697748658,8.290292697748658,-450991.922757527,450991.922757527,54400,2711410.065532796,7.059893539769724
dose,P4,20,4,3,dose_s2,2.0,0,3,-0.25,0.25,"[-0.25,0.25)",True,48300,-8.700137168915214,8.700137168915214,-420216.6252586048,420216.6252586048,48300,2450103.0398999653,7.1222728824737995
dose,P4,20,4,3,dose_s2,2.0,0,4,0.25,1.0,"[0.25,1)",False,50894,-8.302979603112401,8.302979603112401,-422571.8439208026,422571.8439208026,50894,2715227.793761104,7.304152676323085
dose,P4,20,4,3,dose_s2,2.0,0,5,1.0,2.0,"[1,2)",False,16497,-7.963345763708832,7.963345763708832,-131371.3150639046,131371.3150639046,16497,779608.4134310217,6.874415396377232
dose,P4,20,4,3,dose_s2,2.0,0,6,2.0,inf,"[2,inf)",False,1129,-7.865713575064375,7.865713575064375,-8880.39062624768,8880.39062624768,1129,38118.81090439263,5.810623033661735
dose,P4,20,4,3,dose_s2,2.0,1,0,-inf,-2.0,"[-inf,-2)",False,1455,-7.888192603091527,7.888192603091527,-11477.320237498172,11477.320237498172,1455,53089.41532756561,6.040494240694747
dose,P4,20,4,3,dose_s2,2.0,1,1,-2.0,-1.0,"[-2,-1)",False,17878,-7.995854614039276,7.995854614039276,-142949.88878979417,142949.88878979417,17878,875893.0588940372,6.999484818328187
dose,P4,20,4,3,dose_s2,2.0,1,2,-1.0,-0.25,"[-1,-0.25)",False,53817,-8.293043830205798,8.293043830205798,-446306.73981018545,446306.73981018545,53817,2722209.431871798,7.112151920632185
dose,P4,20,4,3,dose_s2,2.0,1,3,-0.25,0.25,"[-0.25,0.25)",True,49040,-8.700461182005217,8.700461182005217,-426670.6163655358,426670.6163655358,49040,2485095.16353822,7.1186277184702185
dose,P4,20,4,3,dose_s2,2.0,1,4,0.25,1.0,"[0.25,1)",False,51240,-8.293477088062993,8.293477088062993,-424957.76599234773,424957.76599234773,51240,2705065.6213382795,7.265815103122906
dose,P4,20,4,3,dose_s2,2.0,1,5,1.0,2.0,"[1,2)",False,15988,-7.97754676317339,7.97754676317339,-127545.01764961616,127545.01764961616,15988,762193.4842168897,6.904552657421402
dose,P4,20,4,3,dose_s2,2.0,1,6,2.0,inf,"[2,inf)",False,1382,-7.858908776977266,7.858908776977266,-10861.011929782582,10861.011929782582,1382,45544.44552836904,5.740684616083516
dose,P4,20,4,3,dose_s2,2.0,2,0,-inf,-2.0,"[-inf,-2)",False,1555,-7.947412226234389,7.947412226234389,-12358.226011794475,12358.226011794475,1555,59546.248221431335,6.188166708836678
dose,P4,20,4,3,dose_s2,2.0,2,1,-2.0,-1.0,"[-2,-1)",False,18917,-7.960620641118729,7.960620641118729,-150591.060668043,150591.060668043,18917,898891.3575599478,6.893304617294016
dose,P4,20,4,3,dose_s2,2.0,2,2,-1.0,-0.25,"[-1,-0.25)",False,53241,-8.290117967361926,8.290117967361926,-441374.1707003163,441374.1707003163,53241,2639561.781547008,7.04113731220803
dose,P4,20,4,3,dose_s2,2.0,2,3,-0.25,0.25,"[-0.25,0.25)",True,48913,-8.702518857265995,8.702518857265995,-425666.3048654516,425666.3048654516,48913,2466688.221416828,7.101416417257252
dose,P4,20,4,3,dose_s2,2.0,2,4,0.25,1.0,"[0.25,1)",False,51485,-8.292879547061245,8.292879547061245,-426958.90348044824,426958.90348044824,51485,2714024.444183314,7.26049981837152
dose,P4,20,4,3,dose_s2,2.0,2,5,1.0,2.0,"[1,2)",False,15612,-7.979647072073038,7.979647072073038,-124578.25008920427,124578.25008920427,15612,753223.119241715,6.9459643429442846
dose,P4,20,4,3,dose_s2,2.0,2,6,2.0,inf,"[2,inf)",False,1077,-7.9231993111516825,7.9231993111516825,-8533.285658110362,8533.285658110362,1077,30686.05379682329,5.3378045727824786
dose,P4,20,4,3,dose_s2,2.0,3,0,-inf,-2.0,"[-inf,-2)",False,1517,-7.86105452751642,7.86105452751642,-11925.21971824241,11925.21971824241,1517,57131.96315477549,6.136868018808445
dose,P4,20,4,3,dose_s2,2.0,3,1,-2.0,-1.0,"[-2,-1)",False,18752,-7.969434198770323,7.969434198770323,-149442.8300953411,149442.8300953411,18752,907620.578999467,6.957101988475032
dose,P4,20,4,3,dose_s2,2.0,3,2,-1.0,-0.25,"[-1,-0.25)",False,52947,-8.288932954843679,8.288932954843679,-438874.13316010823,438874.13316010823,52947,2603958.418932206,7.0128789662052355
dose,P4,20,4,3,dose_s2,2.0,3,3,-0.25,0.25,"[-0.25,0.25)",True,48259,-8.696931168678303,8.696931168678303,-419705.20126924623,419705.20126924623,48259,2459002.0671824445,7.138225899330756
dose,P4,20,4,3,dose_s2,2.0,3,4,0.25,1.0,"[0.25,1)",False,51033,-8.310872371453279,8.310872371453279,-424128.74973237514,424128.74973237514,51033,2742671.107208803,7.330967869708853
dose,P4,20,4,3,dose_s2,2.0,3,5,1.0,2.0,"[1,2)",False,16917,-7.966710290633477,7.966710290633477,-134772.83798664654,134772.83798664654,16917,803339.6276337553,6.891089979032097
dose,P4,20,4,3,dose_s2,2.0,3,6,2.0,inf,"[2,inf)",False,1375,-7.909057303417247,7.909057303417247,-10874.953792198714,10874.953792198714,1375,46008.668646430786,5.784535411308062
dose,P4,20,4,3,dose_s2,2.0,4,0,-inf,-2.0,"[-inf,-2)",False,1560,-7.833491791411327,7.833491791411327,-12220.24719460167,12220.24719460167,1560,56134.52936975262,5.998639235103103
dose,P4,20,4,3,dose_s2,2.0,4,1,-2.0,-1.0,"[-2,-1)",False,18429,-7.963435753704933,7.963435753704933,-146758.1575050282,146758.1575050282,18429,868289.18904435,6.864063804790716
dose,P4,20,4,3,dose_s2,2.0,4,2,-1.0,-0.25,"[-1,-0.25)",False,53733,-8.29390532325451,8.29390532325451,-445656.41473443457,445656.41473443457,53733,2672800.7141814483,7.052819106562031
dose,P4,20,4,3,dose_s2,2.0,4,3,-0.25,0.25,"[-0.25,0.25)",True,47902,-8.70265427104531,8.70265427104531,-416874.54489161243,416874.54489161243,47902,2423330.570364474,7.1126183729108385
dose,P4,20,4,3,dose_s2,2.0,4,4,0.25,1.0,"[0.25,1)",False,51663,-8.300672637462,8.300672637462,-428837.6504691993,428837.6504691993,51663,2746998.210155248,7.291877724787478
dose,P4,20,4,3,dose_s2,2.0,4,5,1.0,2.0,"[1,2)",False,16191,-7.975821655413898,7.975821655413898,-129136.52842280643,129136.52842280643,16191,786299.2912029439,6.968785638063632
dose,P4,20,4,3,dose_s2,2.0,4,6,2.0,inf,"[2,inf)",False,1322,-7.9288073833383494,7.9288073833383494,-10481.883360773298,10481.883360773298,1322,44003.46754142283,5.769361112031016
dose,P4,20,4,3,dose_s2,2.0,5,0,-inf,-2.0,"[-inf,-2)",False,1584,-7.9094616507596625,7.9094616507596625,-12528.587254803306,12528.587254803306,1584,61042.03825736901,6.207788681486797
dose,P4,20,4,3,dose_s2,2.0,5,1,-2.0,-1.0,"[-2,-1)",False,17949,-7.969608902575119,7.969608902575119,-143046.5101923208,143046.5101923208,17949,829543.8690899148,6.798287863300591
dose,P4,20,4,3,dose_s2,2.0,5,2,-1.0,-0.25,"[-1,-0.25)",False,54443,-8.286499885823002,8.286499885823002,-451141.9132838617,451141.9132838617,54443,2737897.563546318,7.091491284422415
dose,P4,20,4,3,dose_s2,2.0,5,3,-0.25,0.25,"[-0.25,0.25)",True,48732,-8.705397197054207,8.705397197054207,-424231.4162068456,424231.4162068456,48732,2455026.8213129938,7.097754975614195
dose,P4,20,4,3,dose_s2,2.0,5,4,0.25,1.0,"[0.25,1)",False,51376,-8.296269634625611,8.296269634625611,-426229.1487485254,426229.1487485254,51376,2696807.398537571,7.2451072937173855
dose,P4,20,4,3,dose_s2,2.0,5,5,1.0,2.0,"[1,2)",False,15430,-7.95761005408314,7.95761005408314,-122785.92313450284,122785.92313450284,15430,747774.2379533211,6.961491327333482
dose,P4,20,4,3,dose_s2,2.0,5,6,2.0,inf,"[2,inf)",False,1286,-7.820053444046616,7.820053444046616,-10056.588729043948,10056.588729043948,1286,38514.520926886384,5.4725755496730235
dose,P4,20,4,3,dose_s2,2.0,6,0,-inf,-2.0,"[-inf,-2)",False,1661,-7.87259575312762,7.87259575312762,-13076.381545944978,13076.381545944978,1661,66574.78895280005,6.3309674836654635
dose,P4,20,4,3,dose_s2,2.0,6,1,-2.0,-1.0,"[-2,-1)",False,17916,-7.972527399019662,7.972527399019662,-142835.80088083626,142835.80088083626,17916,854424.3802318011,6.905836455541948
dose,P4,20,4,3,dose_s2,2.0,6,2,-1.0,-0.25,"[-1,-0.25)",False,53829,-8.29445540293843,8.29445540293843,-446482.23988477275,446482.23988477275,53829,2656464.7213962018,7.024960238112793
dose,P4,20,4,3,dose_s2,2.0,6,3,-0.25,0.25,"[-0.25,0.25)",True,49184,-8.708620787244335,8.708620787244335,-428324.80479982536,428324.80479982536,49184,2513562.9992251154,7.148796993571204
dose,P4,20,4,3,dose_s2,2.0,6,4,0.25,1.0,"[0.25,1)",False,51008,-8.294910699725293,8.294910699725293,-423106.8049715877,423106.8049715877,51008,2705446.8979203566,7.282833133072089
dose,P4,20,4,3,dose_s2,2.0,6,5,1.0,2.0,"[1,2)",False,15991,-7.971415364923115,7.971415364923115,-127470.90310048554,127470.90310048554,15991,744276.3179843422,6.822276054585022
dose,P4,20,4,3,dose_s2,2.0,6,6,2.0,inf,"[2,inf)",False,1211,-7.96524493448568,7.96524493448568,-9645.911615662159,9645.911615662159,1211,48080.56559318066,6.301046902462801
dose,P4,20,4,3,dose_s2,2.0,7,0,-inf,-2.0,"[-inf,-2)",False,1484,-7.841766282557445,7.841766282557445,-11637.181163315248,11637.181163315248,1484,53216.432004047674,5.988332771546806
dose,P4,20,4,3,dose_s2,2.0,7,1,-2.0,-1.0,"[-2,-1)",False,18187,-7.97457618857421,7.97457618857421,-145033.61714159916,145033.61714159916,18187,866805.1654619554,6.903672993463649
dose,P4,20,4,3,dose_s2,2.0,7,2,-1.0,-0.25,"[-1,-0.25)",False,53445,-8.291306233928914,8.291306233928914,-443128.8616723308,443128.8616723308,53445,2639158.8106238456,7.027149960874834
dose,P4,20,4,3,dose_s2,2.0,7,3,-0.25,0.25,"[-0.25,0.25)",True,48419,-8.696922699521943,8.696922699521943,-421096.300188153,421096.300188153,48419,2482548.272961068,7.160460332675603
dose,P4,20,4,3,dose_s2,2.0,7,4,0.25,1.0,"[0.25,1)",False,51660,-8.307800393075189,8.307800393075189,-429180.96830626426,429180.96830626426,51660,2741885.1614022106,7.285299823828668
dose,P4,20,4,3,dose_s2,2.0,7,5,1.0,2.0,"[1,2)",False,16197,-7.9759014935526835,7.9759014935526835,-129185.67649107281,129185.67649107281,16197,773892.1373577827,6.9123055294278775
dose,P4,20,4,3,dose_s2,2.0,7,6,2.0,inf,"[2,inf)",False,1408,-7.871896080416064,7.871896080416064,-11083.629681225817,11083.629681225817,1408,50392.61129569607,5.982491695451635
dose,P4,20,4,3,dose_s2,2.0,8,0,-inf,-2.0,"[-inf,-2)",False,1590,-7.936945812361297,7.936945812361297,-12619.743841654463,12619.743841654463,1590,57886.302511535774,6.033778216590632
dose,P4,20,4,3,dose_s2,2.0,8,1,-2.0,-1.0,"[-2,-1)",False,17983,-7.976504866567055,7.976504866567055,-143441.48701547534,143441.48701547534,17983,835536.6283341895,6.8163467416511585
dose,P4,20,4,3,dose_s2,2.0,8,2,-1.0,-0.25,"[-1,-0.25)",False,53675,-8.292369654611885,8.292369654611885,-445092.9412112929,445092.9412112929,53675,2679200.1068427,7.065071305005381
dose,P4,20,4,3,dose_s2,2.0,8,3,-0.25,0.25,"[-0.25,0.25)",True,48647,-8.709213456802157,8.709213456802157,-423677.1070330545,423677.1070330545,48647,2442379.7566549513,7.085631531990945
dose,P4,20,4,3,dose_s2,2.0,8,4,0.25,1.0,"[0.25,1)",False,51881,-8.312176046881477,8.312176046881477,-431244.0054882579,431244.0054882579,51881,2796982.542799322,7.342445111663625
dose,P4,20,4,3,dose_s2,2.0,8,5,1.0,2.0,"[1,2)",False,15920,-7.9762886615626405,7.9762886615626405,-126982.51549207723,126982.51549207723,15920,730530.0414314772,6.774036124538315
dose,P4,20,4,3,dose_s2,2.0,8,6,2.0,inf,"[2,inf)",False,1104,-7.892696451253297,7.892696451253297,-8713.53688218364,8713.53688218364,1104,35049.66003372643,5.6345257533648665
dose,P4,20,4,3,dose_s2,2.0,9,0,-inf,-2.0,"[-inf,-2)",False,1501,-7.865494170571526,7.865494170571526,-11806.10675002786,11806.10675002786,1501,53321.50217189487,5.9602001189242655
dose,P4,20,4,3,dose_s2,2.0,9,1,-2.0,-1.0,"[-2,-1)",False,18196,-7.966706791123042,7.966706791123042,-144962.19677127487,144962.19677127487,18196,856610.3942403281,6.861257300150005
dose,P4,20,4,3,dose_s2,2.0,9,2,-1.0,-0.25,"[-1,-0.25)",False,52931,-8.280689325972878,8.280689325972878,-438305.1667130704,438305.1667130704,52931,2642531.4983921475,7.065697444427595
dose,P4,20,4,3,dose_s2,2.0,9,3,-0.25,0.25,"[-0.25,0.25)",True,50032,-8.705396626408474,8.705396626408474,-435548.40401246876,435548.40401246876,50032,2575633.6791800624,7.1749373905702996
dose,P4,20,4,3,dose_s2,2.0,9,4,0.25,1.0,"[0.25,1)",False,50776,-8.297423381026967,8.297423381026967,-421309.96959502524,421309.96959502524,50776,2629328.539195741,7.196033641751986
dose,P4,20,4,3,dose_s2,2.0,9,5,1.0,2.0,"[1,2)",False,16271,-7.966872462535324,7.966872462535324,-129628.98183791226,129628.98183791226,16271,802315.8315755769,7.02207653197712
dose,P4,20,4,3,dose_s2,2.0,9,6,2.0,inf,"[2,inf)",False,1093,-7.915187753068705,7.915187753068705,-8651.300214104094,8651.300214104094,1093,39029.07693984969,5.975634955359647
dose,P4,20,4,3,dose_s4,4.0,0,0,-inf,-2.0,"[-inf,-2)",False,1521,-16.679192344537615,16.679192344537615,-25369.05155604171,25369.05155604171,1521,153553.27258264372,10.04766001532002
dose,P4,20,4,3,dose_s4,4.0,0,1,-2.0,-1.0,"[-2,-1)",False,18059,-16.754686933917412,16.754686933917412,-302572.8913396145,302572.8913396145,18059,2840419.3969024797,12.541352821317304
dose,P4,20,4,3,dose_s4,4.0,0,2,-1.0,-0.25,"[-1,-0.25)",False,54400,-17.11379015864788,17.11379015864788,-930990.1846304447,930990.1846304447,54400,9681590.200876845,13.340555014854283
dose,P4,20,4,3,dose_s4,4.0,0,3,-0.25,0.25,"[-0.25,0.25)",True,48300,-17.532166400602584,17.532166400602584,-846803.6371491048,846803.6371491048,48300,9217054.138015982,13.814097083045008
dose,P4,20,4,3,dose_s4,4.0,0,4,0.25,1.0,"[0.25,1)",False,50894,-17.130298900914905,17.130298900914905,-871829.4322631632,871829.4322631632,50894,9747235.589582292,13.839086975709838
dose,P4,20,4,3,dose_s4,4.0,0,5,1.0,2.0,"[1,2)",False,16497,-16.765627378638776,16.765627378638776,-276582.55486540386,276582.55486540386,16497,2533746.9019967234,12.393076432274087
dose,P4,20,4,3,dose_s4,4.0,0,6,2.0,inf,"[2,inf)",False,1129,-16.648680895755973,16.648680895755973,-18796.360731308494,18796.360731308494,1129,108009.31329486679,9.781008391288587
dose,P4,20,4,3,dose_s4,4.0,1,0,-inf,-2.0,"[-inf,-2)",False,1455,-16.68908896671624,16.68908896671624,-24282.624446572132,24282.624446572132,1455,153274.05642966848,10.263673519249226
dose,P4,20,4,3,dose_s4,4.0,1,1,-2.0,-1.0,"[-2,-1)",False,17878,-16.832528498416842,16.832528498416842,-300931.9444946963,300931.9444946963,17878,2873980.716429348,12.678925746899383
dose,P4,20,4,3,dose_s4,4.0,1,2,-1.0,-0.25,"[-1,-0.25)",False,53817,-17.11764055537243,17.11764055537243,-921220.061768478,921220.061768478,53817,9725213.575684503,13.442802916486249
dose,P4,20,4,3,dose_s4,4.0,1,3,-0.25,0.25,"[-0.25,0.25)",True,49040,-17.532279081438553,17.532279081438553,-859782.9661537466,859782.9661537466,49040,9359409.233489145,13.814939511298592
dose,P4,20,4,3,dose_s4,4.0,1,4,0.25,1.0,"[0.25,1)",False,51240,-17.112264847990343,17.112264847990343,-876832.4508110251,876832.4508110251,51240,9724739.243753493,13.776358061809363
dose,P4,20,4,3,dose_s4,4.0,1,5,1.0,2.0,"[1,2)",False,15988,-16.795544131019735,16.795544131019735,-268527.15956674353,268527.15956674353,15988,2489987.3821756667,12.479624078827086
dose,P4,20,4,3,dose_s4,4.0,1,6,2.0,inf,"[2,inf)",False,1382,-16.631637351547297,16.631637351547297,-22984.922819838364,22984.922819838364,1382,127609.44971332604,9.60920362430152
dose,P4,20,4,3,dose_s4,4.0,2,0,-inf,-2.0,"[-inf,-2)",False,1555,-16.801123727582542,16.801123727582542,-26125.747396390852,26125.747396390852,1555,178257.30395413248,10.706769921736358
dose,P4,20,4,3,dose_s4,4.0,2,1,-2.0,-1.0,"[-2,-1)",False,18917,-16.76569479377783,16.76569479377783,-317156.6484138952,317156.6484138952,18917,2930449.0012781713,12.446319692373677
dose,P4,20,4,3,dose_s4,4.0,2,2,-1.0,-0.25,"[-1,-0.25)",False,53241,-17.11614737052412,17.11614737052412,-911280.8021540748,911280.8021540748,53241,9407118.615911817,13.292455285456423
dose,P4,20,4,3,dose_s4,4.0,2,3,-0.25,0.25,"[-0.25,0.25)",True,48913,-17.536710294752492,17.536710294752492,-857773.1106472287,857773.1106472287,48913,9276713.241816098,13.771616356975752
dose,P4,20,4,3,dose_s4,4.0,2,4,0.25,1.0,"[0.25,1)",False,51485,-17.10915664619986,17.10915664619986,-880864.9299295999,880864.9299295999,51485,9753437.789566485,13.763804667293956
dose,P4,20,4,3,dose_s4,4.0,2,5,1.0,2.0,"[1,2)",False,15612,-16.793709792712406,16.793709792712406,-262183.3972838261,262183.3972838261,15612,2468386.7616428663,12.574112248973542
dose,P4,20,4,3,dose_s4,4.0,2,6,2.0,inf,"[2,inf)",False,1077,-16.75965492888295,16.75965492888295,-18050.148358406936,18050.148358406936,1077,79960.95620442132,8.616504870228077
dose,P4,20,4,3,dose_s4,4.0,3,0,-inf,-2.0,"[-inf,-2)",False,1517,-16.64191116567192,16.64191116567192,-25245.779238324303,25245.779238324303,1517,167284.28105147544,10.50109957677489
dose,P4,20,4,3,dose_s4,4.0,3,1,-2.0,-1.0,"[-2,-1)",False,18752,-16.77775046161366,16.77775046161366,-314616.3766561794,314616.3766561794,18752,2971124.4807746257,12.587417197887099
dose,P4,20,4,3,dose_s4,4.0,3,2,-1.0,-0.25,"[-1,-0.25)",False,52947,-17.113512153578338,17.113512153578338,-906109.1279955122,906109.1279955122,52947,9262991.294826478,13.22680494398135
dose,P4,20,4,3,dose_s4,4.0,3,3,-0.25,0.25,"[-0.25,0.25)",True,48259,-17.52505858681935,17.52505858681935,-845741.802341315,845741.802341315,48259,9255738.436404586,13.848935014062933
dose,P4,20,4,3,dose_s4,4.0,3,4,0.25,1.0,"[0.25,1)",False,51033,-17.145543524028096,17.145543524028096,-874988.5226617258,874988.5226617258,51033,9871356.23602938,13.90794174182512
dose,P4,20,4,3,dose_s4,4.0,3,5,1.0,2.0,"[1,2)",False,16917,-16.776144050835164,16.776144050835164,-283802.02890797844,283802.02890797844,16917,2622296.3974900777,12.450282749814905
dose,P4,20,4,3,dose_s4,4.0,3,6,2.0,inf,"[2,inf)",False,1375,-16.722494241601826,16.722494241601826,-22993.42958220251,22993.42958220251,1375,131701.93730335528,9.786890575137383
dose,P4,20,4,3,dose_s4,4.0,4,0,-inf,-2.0,"[-inf,-2)",False,1560,-16.57942520411789,16.57942520411789,-25863.90331842391,25863.90331842391,1560,162299.69879391717,10.199915120119345
dose,P4,20,4,3,dose_s4,4.0,4,1,-2.0,-1.0,"[-2,-1)",False,18429,-16.767490995810807,16.767490995810807,-309008.09156179737,309008.09156179737,18429,2817485.717047612,12.36459730159038
dose,P4,20,4,3,dose_s4,4.0,4,2,-1.0,-0.25,"[-1,-0.25)",False,53733,-17.12278353607686,17.12278353607686,-920058.5277440179,920058.5277440179,53733,9526214.45453069,13.314952846423823
dose,P4,20,4,3,dose_s4,4.0,4,3,-0.25,0.25,"[-0.25,0.25)",True,47902,-17.537065462384057,17.537065462384057,-840060.509779121,840060.509779121,47902,9114497.17424785,13.793978162238345
dose,P4,20,4,3,dose_s4,4.0,4,4,0.25,1.0,"[0.25,1)",False,51663,-17.126880500796045,17.126880500796045,-884826.027312626,884826.027312626,51663,9875704.132604271,13.825925884251154
dose,P4,20,4,3,dose_s4,4.0,4,5,1.0,2.0,"[1,2)",False,16191,-16.79052459617002,16.79052459617002,-271855.38373658876,271855.38373658876,16191,2578650.0114674508,12.620000271783931
dose,P4,20,4,3,dose_s4,4.0,4,6,2.0,inf,"[2,inf)",False,1322,-16.77159326697469,16.77159326697469,-22172.046298940542,22172.046298940542,1322,121246.35313499445,9.576760240984889
dose,P4,20,4,3,dose_s4,4.0,5,0,-inf,-2.0,"[-inf,-2)",False,1584,-16.73100926671634,16.73100926671634,-26501.918678478687,26501.918678478687,1584,181403.82392795914,10.701524009043563
dose,P4,20,4,3,dose_s4,4.0,5,1,-2.0,-1.0,"[-2,-1)",False,17949,-16.784001153837742,16.784001153837742,-301256.03671023366,301256.03671023366,17949,2687228.600716111,12.235794595399488
dose,P4,20,4,3,dose_s4,4.0,5,2,-1.0,-0.25,"[-1,-0.25)",False,54443,-17.107772238128938,17.107772238128938,-931398.4439604537,931398.4439604537,54443,9789300.595977971,13.409259888497521
dose,P4,20,4,3,dose_s4,4.0,5,3,-0.25,0.25,"[-0.25,0.25)",True,48732,-17.54250041917834,17.54250041917834,-854881.1304273988,854881.1304273988,48732,9237906.384177778,13.768279086057998
dose,P4,20,4,3,dose_s4,4.0,5,4,0.25,1.0,"[0.25,1)",False,51376,-17.117728100086232,17.117728100086232,-879440.3988700303,879440.3988700303,51376,9681171.731479952,13.727258685688977
dose,P4,20,4,3,dose_s4,4.0,5,5,1.0,2.0,"[1,2)",False,15430,-16.752482006965973,16.752482006965973,-258490.79736748498,258490.79736748498,15430,2457100.215895111,12.619102617386122
dose,P4,20,4,3,dose_s4,4.0,5,6,2.0,inf,"[2,inf)",False,1286,-16.559717597380573,16.559717597380573,-21295.796830231415,21295.796830231415,1286,104414.9816848806,9.010749657895468
dose,P4,20,4,3,dose_s4,4.0,6,0,-inf,-2.0,"[-inf,-2)",False,1661,-16.669486177608825,16.669486177608825,-27688.01654100826,27688.01654100826,1661,202040.7308974212,11.028962225198399
dose,P4,20,4,3,dose_s4,4.0,6,1,-2.0,-1.0,"[-2,-1)",False,17916,-16.789021369167894,16.789021369167894,-300792.106850012,300792.106850012,17916,2791824.8305624323,12.48313179908872
dose,P4,20,4,3,dose_s4,4.0,6,2,-1.0,-0.25,"[-1,-0.25)",False,53829,-17.124770323987644,17.124770323987644,-921809.2617699308,921809.2617699308,53829,9467920.466214871,13.26230906810288
dose,P4,20,4,3,dose_s4,4.0,6,3,-0.25,0.25,"[-0.25,0.25)",True,49184,-17.54762454705167,17.54762454705167,-863062.3657221893,863062.3657221893,49184,9459641.253499325,13.868369697115018
dose,P4,20,4,3,dose_s4,4.0,6,4,0.25,1.0,"[0.25,1)",False,51008,-17.113183443396565,17.113183443396565,-872909.261080772,872909.261080772,51008,9726665.140944572,13.80901923853799
dose,P4,20,4,3,dose_s4,4.0,6,5,1.0,2.0,"[1,2)",False,15991,-16.780084010109064,16.780084010109064,-268330.32340565405,268330.32340565405,15991,2420190.5923095387,12.302318672998515
dose,P4,20,4,3,dose_s4,4.0,6,6,2.0,inf,"[2,inf)",False,1211,-16.84414579126826,16.84414579126826,-20398.260553225864,20398.260553225864,1211,145852.7082651153,10.974510978540085
dose,P4,20,4,3,dose_s4,4.0,7,0,-inf,-2.0,"[-inf,-2)",False,1484,-16.59925524632372,16.59925524632372,-24633.294785544404,24633.294785544404,1484,155680.63511017192,10.24236732153131
dose,P4,20,4,3,dose_s4,4.0,7,1,-2.0,-1.0,"[-2,-1)",False,18187,-16.791800921714508,16.791800921714508,-305392.48336322175,305392.48336322175,18187,2838645.113406544,12.493238097182266
dose,P4,20,4,3,dose_s4,4.0,7,2,-1.0,-0.25,"[-1,-0.25)",False,53445,-17.116632724990996,17.116632724990996,-914798.4359871438,914798.4359871438,53445,9405631.383703442,13.266013546711225
dose,P4,20,4,3,dose_s4,4.0,7,3,-0.25,0.25,"[-0.25,0.25)",True,48419,-17.524345909755752,17.524345909755752,-848511.3046044637,848511.3046044637,48419,9339303.426283145,13.888307860825188
dose,P4,20,4,3,dose_s4,4.0,7,4,0.25,1.0,"[0.25,1)",False,51660,-17.136322952826223,17.136322952826223,-885262.4437430027,885262.4437430027,51660,9864737.13173941,13.818648105281357
dose,P4,20,4,3,dose_s4,4.0,7,5,1.0,2.0,"[1,2)",False,16197,-16.78933125314917,16.78933125314917,-271936.7983072571,271936.7983072571,16197,2532174.894381256,12.503441260904863
dose,P4,20,4,3,dose_s4,4.0,7,6,2.0,inf,"[2,inf)",False,1408,-16.652808055413647,16.652808055413647,-23447.153742022416,23447.153742022416,1408,147924.0924346472,10.24986462059458
dose,P4,20,4,3,dose_s4,4.0,8,0,-inf,-2.0,"[-inf,-2)",False,1590,-16.77348350323329,16.77348350323329,-26669.83877014093,26669.83877014093,1590,171832.22843686774,10.395700261288718
dose,P4,20,4,3,dose_s4,4.0,8,1,-2.0,-1.0,"[-2,-1)",False,17983,-16.79932624991789,16.79932624991789,-302102.2839522734,302102.2839522734,17983,2706400.3774027023,12.267750945122517
dose,P4,20,4,3,dose_s4,4.0,8,2,-1.0,-0.25,"[-1,-0.25)",False,53675,-17.11833618329647,17.11833618329647,-918826.694638438,918826.694638438,53675,9569258.566115635,13.35220889472025
dose,P4,20,4,3,dose_s4,4.0,8,3,-0.25,0.25,"[-0.25,0.25)",True,48647,-17.550472205013833,17.550472205013833,-853777.821357308,853777.821357308,48647,9182496.521295445,13.738912408607408
dose,P4,20,4,3,dose_s4,4.0,8,4,0.25,1.0,"[0.25,1)",False,51881,-17.143680191637756,17.143680191637756,-889431.2720223584,889431.2720223584,51881,10089624.621659271,13.945475762545216
dose,P4,20,4,3,dose_s4,4.0,8,5,1.0,2.0,"[1,2)",False,15920,-16.792701974911164,16.792701974911164,-267339.8154405857,267339.8154405857,15920,2363642.9675363046,12.184828092725205
dose,P4,20,4,3,dose_s4,4.0,8,6,2.0,inf,"[2,inf)",False,1104,-16.70606301813384,16.70606301813384,-18443.493572019757,18443.493572019757,1104,99894.09563628901,9.51229637255102
dose,P4,20,4,3,dose_s4,4.0,9,0,-inf,-2.0,"[-inf,-2)",False,1501,-16.63961195574645,16.63961195574645,-24976.057545575422,24976.057545575422,1501,154544.75371664987,10.146979600571967
dose,P4,20,4,3,dose_s4,4.0,9,1,-2.0,-1.0,"[-2,-1)",False,18196,-16.773637555398803,16.773637555398803,-305213.10895803664,305213.10895803664,18196,2790057.47909109,12.382792947162427
dose,P4,20,4,3,dose_s4,4.0,9,2,-1.0,-0.25,"[-1,-0.25)",False,52931,-17.09362554389011,17.09362554389011,-904782.6936636474,904782.6936636474,52931,9421325.09562099,13.341385874262995
dose,P4,20,4,3,dose_s4,4.0,9,3,-0.25,0.25,"[-0.25,0.25)",True,50032,-17.541818333588807,17.541818333588807,-877652.2548661152,877652.2548661152,50032,9694809.489341248,13.92020745515111
dose,P4,20,4,3,dose_s4,4.0,9,4,0.25,1.0,"[0.25,1)",False,50776,-17.11916651545772,17.11916651545772,-869242.7989888813,869242.7989888813,50776,9432982.055678213,13.62998134691376
dose,P4,20,4,3,dose_s4,4.0,9,5,1.0,2.0,"[1,2)",False,16271,-16.771880515338832,16.771880515338832,-272895.2678650781,272895.2678650781,16271,2653064.05135938,12.769289845522202
dose,P4,20,4,3,dose_s4,4.0,9,6,2.0,inf,"[2,inf)",False,1093,-16.739020547243587,16.739020547243587,-18295.74945813724,18295.74945813724,1093,112475.38120411146,10.144219921116173
dose,P4,20,3,6,dose_s0.5,0.5,0,0,-inf,-2.0,"[-inf,-2)",False,698,-1.4195670808202934,1.4195670808202934,-990.8578224125648,990.8578224125648,698,4938.650137398611,2.659968044220284
dose,P4,20,3,6,dose_s0.5,0.5,0,1,-2.0,-1.0,"[-2,-1)",False,8809,-1.48937538516395,1.48937538516395,-13119.907767909235,13119.907767909235,8809,59032.23990002397,2.5886976301984936
dose,P4,20,3,6,dose_s0.5,0.5,0,2,-1.0,-0.25,"[-1,-0.25)",False,28743,-1.7423723965011841,1.7423723965011841,-50081.00979263354,50081.00979263354,28743,129311.22317139478,2.1210556462025743
dose,P4,20,3,6,dose_s0.5,0.5,0,3,-0.25,0.25,"[-0.25,0.25)",True,26820,-2.0879983059187572,2.0879983059187572,-56000.11456474107,56000.11456474107,26820,85002.9752191884,1.7802773918873402
dose,P4,20,3,6,dose_s0.5,0.5,0,4,0.25,1.0,"[0.25,1)",False,27472,-1.7528634782272157,1.7528634782272157,-48154.66547385807,48154.66547385807,27472,124696.7402666633,2.1305042819571276
dose,P4,20,3,6,dose_s0.5,0.5,0,5,1.0,2.0,"[1,2)",False,7725,-1.4888194627611269,1.4888194627611269,-11501.130349829706,11501.130349829706,7725,51685.21079804978,2.586627567800364
dose,P4,20,3,6,dose_s0.5,0.5,0,6,2.0,inf,"[2,inf)",False,533,-1.4244467155167653,1.4244467155167653,-759.2300993704359,759.2300993704359,533,3721.247938707065,2.6422913256739555
dose,P4,20,3,6,dose_s0.5,0.5,1,0,-inf,-2.0,"[-inf,-2)",False,666,-1.4185118511878392,1.4185118511878392,-944.7288928911009,944.7288928911009,666,4725.229709390926,2.6636327644008997
dose,P4,20,3,6,dose_s0.5,0.5,1,1,-2.0,-1.0,"[-2,-1)",False,9051,-1.4816235135332083,1.4816235135332083,-13410.174420989068,13410.174420989068,9051,59819.2507741535,2.5708231508997743
dose,P4,20,3,6,dose_s0.5,0.5,1,2,-1.0,-0.25,"[-1,-0.25)",False,28810,-1.7451759772866906,1.7451759772866906,-50278.51990562955,50278.51990562955,28810,129649.77462066284,2.1213594056395237
dose,P4,20,3,6,dose_s0.5,0.5,1,3,-0.25,0.25,"[-0.25,0.25)",True,26406,-2.0920778169999674,2.0920778169999674,-55243.40683570114,55243.40683570114,26406,83686.05451583726,1.7802263994558658
dose,P4,20,3,6,dose_s0.5,0.5,1,4,0.25,1.0,"[0.25,1)",False,27616,-1.7522797951357565,1.7522797951357565,-48390.95882246905,48390.95882246905,27616,126533.01292028568,2.1405310778406226
dose,P4,20,3,6,dose_s0.5,0.5,1,5,1.0,2.0,"[1,2)",False,7784,-1.4899159284112118,1.4899159284112118,-11597.505586752872,11597.505586752872,7784,50284.94312151764,2.5416606661026298
dose,P4,20,3,6,dose_s0.5,0.5,1,6,2.0,inf,"[2,inf)",False,467,-1.4015124306647158,1.4015124306647158,-654.5063051204222,654.5063051204222,467,3251.3978912092844,2.638618600370498
dose,P4,20,3,6,dose_s0.5,0.5,2,0,-inf,-2.0,"[-inf,-2)",False,591,-1.4075763296041257,1.4075763296041257,-831.8776107960383,831.8776107960383,591,4010.2281690557907,2.6048984732484226
dose,P4,20,3,6,dose_s0.5,0.5,2,1,-2.0,-1.0,"[-2,-1)",False,9184,-1.490241902817313,1.490241902817313,-13686.381635474203,13686.381635474203,9184,61101.71452214005,2.5793528743142184
dose,P4,20,3,6,dose_s0.5,0.5,2,2,-1.0,-0.25,"[-1,-0.25)",False,28432,-1.7452648548167007,1.7452648548167007,-49621.370352148435,49621.370352148435,28432,125459.7382514298,2.100624775179279
dose,P4,20,3,6,dose_s0.5,0.5,2,3,-0.25,0.25,"[-0.25,0.25)",True,26663,-2.0857180833608173,2.0857180833608173,-55611.50125664947,55611.50125664947,26663,84789.67219754487,1.7832694592455793
dose,P4,20,3,6,dose_s0.5,0.5,2,4,0.25,1.0,"[0.25,1)",False,27685,-1.7553275148290342,1.7553275148290342,-48596.24224804181,48596.24224804181,27685,125616.16856878834,2.130102526475944
dose,P4,20,3,6,dose_s0.5,0.5,2,5,1.0,2.0,"[1,2)",False,7706,-1.4964938424014254,1.4964938424014254,-11531.981549545384,11531.981549545384,7706,50509.60167112186,2.560191606687629
dose,P4,20,3,6,dose_s0.5,0.5,2,6,2.0,inf,"[2,inf)",False,539,-1.4185803962185184,1.4185803962185184,-764.6148335617814,764.6148335617814,539,3752.173848226536,2.6384392165620656
dose,P4,20,3,6,dose_s0.5,0.5,3,0,-inf,-2.0,"[-inf,-2)",False,720,-1.4008265287341037,1.4008265287341037,-1008.5951006885547,1008.5951006885547,720,4998.8968981550925,2.634940674578602
dose,P4,20,3,6,dose_s0.5,0.5,3,1,-2.0,-1.0,"[-2,-1)",False,8910,-1.4811658436840847,1.4811658436840847,-13197.187667225195,13197.187667225195,8910,59388.22873149605,2.5817330490668042
dose,P4,20,3,6,dose_s0.5,0.5,3,2,-1.0,-0.25,"[-1,-0.25)",False,29021,-1.7455711648032257,1.7455711648032257,-50658.220773754416,50658.220773754416,29021,130374.18243847552,2.119530216844038
dose,P4,20,3,6,dose_s0.5,0.5,3,3,-0.25,0.25,"[-0.25,0.25)",True,26308,-2.08865199429284,2.08865199429284,-54948.25666585604,54948.25666585604,26308,82263.70184797674,1.7683173488692647
dose,P4,20,3,6,dose_s0.5,0.5,3,4,0.25,1.0,"[0.25,1)",False,27634,-1.7530226112144156,1.7530226112144156,-48443.02683829916,48443.02683829916,27634,125534.0977871,2.1313706262494962
dose,P4,20,3,6,dose_s0.5,0.5,3,5,1.0,2.0,"[1,2)",False,7733,-1.4976482007908383,1.4976482007908383,-11581.313536715552,11581.313536715552,7733,50978.68539605426,2.5675582837935487
dose,P4,20,3,6,dose_s0.5,0.5,3,6,2.0,inf,"[2,inf)",False,474,-1.3985756652313577,1.3985756652313577,-662.9248653196636,662.9248653196636,474,3346.730134021979,2.657181231510712
dose,P4,20,3,6,dose_s0.5,0.5,4,0,-inf,-2.0,"[-inf,-2)",False,603,-1.4175741187189776,1.4175741187189776,-854.7971935875436,854.7971935875436,603,4365.072855183542,2.6905253745967825
dose,P4,20,3,6,dose_s0.5,0.5,4,1,-2.0,-1.0,"[-2,-1)",False,9118,-1.4903121058730375,1.4903121058730375,-13588.665781350357,13588.665781350357,9118,59690.643601757576,2.5586055456878904
dose,P4,20,3,6,dose_s0.5,0.5,4,2,-1.0,-0.25,"[-1,-0.25)",False,29012,-1.7432848271278605,1.7432848271278605,-50576.17940463349,50576.17940463349,29012,129758.65337305567,2.114848835764326
dose,P4,20,3,6,dose_s0.5,0.5,4,3,-0.25,0.25,"[-0.25,0.25)",True,26402,-2.0913342714739813,2.0913342714739813,-55215.40743545606,55215.40743545606,26402,83029.07506933704,1.7733590949695646
dose,P4,20,3,6,dose_s0.5,0.5,4,4,0.25,1.0,"[0.25,1)",False,27561,-1.7532733603240067,1.7532733603240067,-48321.96708388995,48321.96708388995,27561,125542.46749223451,2.134262553642476
dose,P4,20,3,6,dose_s0.5,0.5,4,5,1.0,2.0,"[1,2)",False,7672,-1.4949886846617764,1.4949886846617764,-11469.553188725149,11469.553188725149,7672,50333.44276481293,2.5613800425185484
dose,P4,20,3,6,dose_s0.5,0.5,4,6,2.0,inf,"[2,inf)",False,432,-1.480154438653324,1.480154438653324,-639.426717498236,639.426717498236,432,2944.836585313649,2.610890912101213
dose,P4,20,3,6,dose_s0.5,0.5,5,0,-inf,-2.0,"[-inf,-2)",False,680,-1.3975280955529823,1.3975280955529823,-950.3191049760279,950.3191049760279,680,4844.859776027631,2.6692309357333484
dose,P4,20,3,6,dose_s0.5,0.5,5,1,-2.0,-1.0,"[-2,-1)",False,9062,-1.4895121223585002,1.4895129608686912,-13497.958852812728,13497.96645139208,9062,59957.760952739525,2.572235183105086
dose,P4,20,3,6,dose_s0.5,0.5,5,2,-1.0,-0.25,"[-1,-0.25)",False,28822,-1.7463183863994418,1.7463183863994418,-50332.38853280471,50332.38853280471,28822,128630.48837735238,2.1125641342868144
dose,P4,20,3,6,dose_s0.5,0.5,5,3,-0.25,0.25,"[-0.25,0.25)",True,26339,-2.086537509851244,2.086537509851244,-54957.31147197192,54957.31147197192,26339,81565.37500135614,1.7597593341083324
dose,P4,20,3,6,dose_s0.5,0.5,5,4,0.25,1.0,"[0.25,1)",False,27759,-1.7574447156241917,1.7574447156241917,-48784.90786101194,48784.90786101194,27759,128337.78664737614,2.150182703960754
dose,P4,20,3,6,dose_s0.5,0.5,5,5,1.0,2.0,"[1,2)",False,7670,-1.490618299215438,1.490618299215438,-11433.04235498241,11433.04235498241,7670,50499.04015570416,2.5659245369958286
dose,P4,20,3,6,dose_s0.5,0.5,5,6,2.0,inf,"[2,inf)",False,468,-1.4066256822746155,1.4066256822746155,-658.30081930452,658.30081930452,468,3095.440370999453,2.5718065298388813
dose,P4,20,3,6,dose_s0.5,0.5,6,0,-inf,-2.0,"[-inf,-2)",False,685,-1.441384473350577,1.441384473350577,-987.3483642451453,987.3483642451453,685,4829.351251952603,2.655211444135757
dose,P4,20,3,6,dose_s0.5,0.5,6,1,-2.0,-1.0,"[-2,-1)",False,9195,-1.4844927526971912,1.4844927526971912,-13649.910861050672,13649.910861050672,9195,61552.44210088731,2.5872999335722353
dose,P4,20,3,6,dose_s0.5,0.5,6,2,-1.0,-0.25,"[-1,-0.25)",False,28752,-1.740150171681686,1.740150171681686,-50032.79773619184,50032.79773619184,28752,128854.60824796768,2.1169760637997674
dose,P4,20,3,6,dose_s0.5,0.5,6,3,-0.25,0.25,"[-0.25,0.25)",True,26387,-2.0857668763687935,2.0857668763687935,-55037.130566743355,55037.130566743355,26387,82365.93567811107,1.766765091351209
dose,P4,20,3,6,dose_s0.5,0.5,6,4,0.25,1.0,"[0.25,1)",False,27354,-1.753402568833019,1.753402568833019,-47962.5738678584,47962.5738678584,27354,125211.7808358509,2.1394994289283744
dose,P4,20,3,6,dose_s0.5,0.5,6,5,1.0,2.0,"[1,2)",False,7892,-1.4872664901408572,1.4872664901408572,-11737.507140191645,11737.507140191645,7892,51617.918490926764,2.5574473722246522
dose,P4,20,3,6,dose_s0.5,0.5,6,6,2.0,inf,"[2,inf)",False,535,-1.4331992979334256,1.4331992979334256,-766.7616243943827,766.7616243943827,535,3721.9443081203385,2.6375945952369295
dose,P4,20,3,6,dose_s0.5,0.5,7,0,-inf,-2.0,"[-inf,-2)",False,699,-1.3887536637478781,1.3887536637478781,-970.7388109597669,970.7388109597669,699,5234.2984917446065,2.7364697692314985
dose,P4,20,3,6,dose_s0.5,0.5,7,1,-2.0,-1.0,"[-2,-1)",False,8980,-1.4838125414205448,1.4838125414205448,-13324.636621956492,13324.636621956492,8980,58923.63270526513,2.5615721244805774
dose,P4,20,3,6,dose_s0.5,0.5,7,2,-1.0,-0.25,"[-1,-0.25)",False,28595,-1.7440316299384444,1.7440316299384444,-49870.58445808982,49870.58445808982,28595,128867.79497465867,2.1228883234581857
dose,P4,20,3,6,dose_s0.5,0.5,7,3,-0.25,0.25,"[-0.25,0.25)",True,26565,-2.087389865543349,2.087389865543349,-55451.51177815907,55451.51177815907,26565,84683.36504186328,1.7854354087421536
dose,P4,20,3,6,dose_s0.5,0.5,7,4,0.25,1.0,"[0.25,1)",False,27643,-1.756006754109485,1.756006754109485,-48541.29470384849,48541.29470384849,27643,125837.49198473302,2.1335972361672897
dose,P4,20,3,6,dose_s0.5,0.5,7,5,1.0,2.0,"[1,2)",False,7758,-1.4859068425199755,1.4859068425199755,-11527.66528426997,11527.66528426997,7758,51528.97320292519,2.577216223988118
dose,P4,20,3,6,dose_s0.5,0.5,7,6,2.0,inf,"[2,inf)",False,560,-1.4120265106001135,1.4120265106001135,-790.7348459360636,790.7348459360636,560,4118.744799444382,2.7119921510910117
dose,P4,20,3,6,dose_s0.5,0.5,8,0,-inf,-2.0,"[-inf,-2)",False,722,-1.4429659779569752,1.4429659779569752,-1041.821436084936,1041.821436084936,722,5214.707514623717,2.6874870391038925
dose,P4,20,3,6,dose_s0.5,0.5,8,1,-2.0,-1.0,"[-2,-1)",False,9149,-1.4891677821587663,1.4891677821587663,-13624.396038970553,13624.396038970553,9149,60983.3924116387,2.5817784777915516
dose,P4,20,3,6,dose_s0.5,0.5,8,2,-1.0,-0.25,"[-1,-0.25)",False,28915,-1.7461477216728474,1.7461477216728474,-50489.86137217038,50489.86137217038,28915,129976.29646123455,2.120169002471208
dose,P4,20,3,6,dose_s0.5,0.5,8,3,-0.25,0.25,"[-0.25,0.25)",True,26388,-2.0902794996745424,2.0902794996745424,-55158.29543741183,55158.29543741183,26388,82975.96400263878,1.7732620332859155
dose,P4,20,3,6,dose_s0.5,0.5,8,4,0.25,1.0,"[0.25,1)",False,27428,-1.7542880065909394,1.7542880065909394,-48116.61144477629,48116.61144477629,27428,125861.88185816375,2.142150798369429
dose,P4,20,3,6,dose_s0.5,0.5,8,5,1.0,2.0,"[1,2)",False,7757,-1.486307078627299,1.486307078627299,-11529.284008911958,11529.284008911958,7757,50345.178832214944,2.547604739759382
dose,P4,20,3,6,dose_s0.5,0.5,8,6,2.0,inf,"[2,inf)",False,441,-1.4518142720833642,1.4518142720833642,-640.2500939887636,640.2500939887636,441,3274.706807924122,2.725002572519172
dose,P4,20,3,6,dose_s0.5,0.5,9,0,-inf,-2.0,"[-inf,-2)",False,625,-1.4152566457532327,1.4152566457532327,-884.5354035957705,884.5354035957705,625,4451.668005921413,2.6688328552897915
dose,P4,20,3,6,dose_s0.5,0.5,9,1,-2.0,-1.0,"[-2,-1)",False,9165,-1.4870813786503139,1.4870813786503139,-13629.100835330126,13629.100835330126,9165,61145.61568641541,2.582952540854169
dose,P4,20,3,6,dose_s0.5,0.5,9,2,-1.0,-0.25,"[-1,-0.25)",False,28453,-1.7432067325239393,1.7432067325239393,-49599.46116050365,49599.46116050365,28453,126204.94852732071,2.1060765866432374
dose,P4,20,3,6,dose_s0.5,0.5,9,3,-0.25,0.25,"[-0.25,0.25)",True,26522,-2.09081548160775,2.09081548160775,-55452.608203200754,55452.608203200754,26522,84196.79033774944,1.7817412417959548
dose,P4,20,3,6,dose_s0.5,0.5,9,4,0.25,1.0,"[0.25,1)",False,27724,-1.7581439491854292,1.7581439491854292,-48742.78284721684,48742.78284721684,27724,126649.7381224009,2.137342900598012
dose,P4,20,3,6,dose_s0.5,0.5,9,5,1.0,2.0,"[1,2)",False,7765,-1.4866822905811274,1.4866822905811274,-11544.087986362454,11544.087986362454,7765,50710.34129390613,2.5555097173570407
dose,P4,20,3,6,dose_s0.5,0.5,9,6,2.0,inf,"[2,inf)",False,546,-1.415947176323074,1.415947176323074,-773.1071582723984,773.1071582723984,546,3940.470162112749,2.6864434330333142
dose,P4,20,3,6,dose_s1,1.0,0,0,-inf,-2.0,"[-inf,-2)",False,698,-3.5177307683183345,3.5177307683183345,-2455.3760762861975,2455.3760762861975,698,5621.588441556256,2.83793087221437
dose,P4,20,3,6,dose_s1,1.0,0,1,-2.0,-1.0,"[-2,-1)",False,8809,-3.6155059726064933,3.6155059726064933,-31848.9921126906,31848.9921126906,8809,76989.60660903876,2.9563288752743073
dose,P4,20,3,6,dose_s1,1.0,0,2,-1.0,-0.25,"[-1,-0.25)",False,28743,-3.9124864737738583,3.9124864737738583,-112456.598715682,112456.598715682,28743,198215.4469878897,2.626048245482855
dose,P4,20,3,6,dose_s1,1.0,0,3,-0.25,0.25,"[-0.25,0.25)",True,26820,-4.291065234918394,4.291065234918394,-115086.36960051132,115086.36960051132,26820,154639.3989952971,2.401213021468615
dose,P4,20,3,6,dose_s1,1.0,0,4,0.25,1.0,"[0.25,1)",False,27472,-3.9261325881459967,3.9261325881459967,-107858.71446154683,107858.71446154683,27472,194012.53229925208,2.6574784608298816
dose,P4,20,3,6,dose_s1,1.0,0,5,1.0,2.0,"[1,2)",False,7725,-3.6118581548340467,3.6118581548340467,-27901.60424609301,27901.60424609301,7725,68724.45634730629,2.9826782853161697
dose,P4,20,3,6,dose_s1,1.0,0,6,2.0,inf,"[2,inf)",False,533,-3.5296138644488986,3.5296138644488986,-1881.2841897512628,1881.2841897512628,533,4175.945019703721,2.799070141668607
dose,P4,20,3,6,dose_s1,1.0,1,0,-inf,-2.0,"[-inf,-2)",False,666,-3.5209303401486456,3.5209303401486456,-2344.939606538998,2344.939606538998,666,5827.220349224689,2.957968915310128
dose,P4,20,3,6,dose_s1,1.0,1,1,-2.0,-1.0,"[-2,-1)",False,9051,-3.602201015342174,3.602201015342174,-32603.521389862017,32603.521389862017,9051,77102.29850210888,2.9186725933971545
dose,P4,20,3,6,dose_s1,1.0,1,2,-1.0,-0.25,"[-1,-0.25)",False,28810,-3.9186357347515433,3.9186357347515433,-112895.89551819196,112895.89551819196,28810,198032.84669855935,2.6217844667898555
dose,P4,20,3,6,dose_s1,1.0,1,3,-0.25,0.25,"[-0.25,0.25)",True,26406,-4.2996443335687955,4.2996443335687955,-113536.40827221761,113536.40827221761,26406,152563.71945090732,2.4036671301594104
dose,P4,20,3,6,dose_s1,1.0,1,4,0.25,1.0,"[0.25,1)",False,27616,-3.925358377846537,3.925358377846537,-108402.69696260996,108402.69696260996,27616,196410.69984763511,2.6668720790948366
dose,P4,20,3,6,dose_s1,1.0,1,5,1.0,2.0,"[1,2)",False,7784,-3.6161677661750886,3.6161677661750886,-28148.24989190689,28148.24989190689,7784,64772.23430758071,2.884649326226796
dose,P4,20,3,6,dose_s1,1.0,1,6,2.0,inf,"[2,inf)",False,467,-3.491706616295231,3.491706616295231,-1630.6269898098728,1630.6269898098728,467,3686.084290643837,2.8094686530957595
dose,P4,20,3,6,dose_s1,1.0,2,0,-inf,-2.0,"[-inf,-2)",False,591,-3.5099650632148984,3.5099650632148984,-2074.389352360005,2074.389352360005,591,4488.45079429891,2.755843136819077
dose,P4,20,3,6,dose_s1,1.0,2,1,-2.0,-1.0,"[-2,-1)",False,9184,-3.617212489435714,3.617212489435714,-33220.4795029776,33220.4795029776,9184,80523.77594440414,2.961052641639403
dose,P4,20,3,6,dose_s1,1.0,2,2,-1.0,-0.25,"[-1,-0.25)",False,28432,-3.9203898033847935,3.9203898033847935,-111464.52288983644,111464.52288983644,28432,189127.00240700983,2.5791289978238647
dose,P4,20,3,6,dose_s1,1.0,2,3,-0.25,0.25,"[-0.25,0.25)",True,26663,-4.287417036730369,4.287417036730369,-114315.40045034181,114315.40045034181,26663,157301.06393919772,2.4289094451770294
dose,P4,20,3,6,dose_s1,1.0,2,4,0.25,1.0,"[0.25,1)",False,27685,-3.9303732647837366,3.9303732647837366,-108812.38383553775,108812.38383553775,27685,195559.7252968567,2.6577703084254822
dose,P4,20,3,6,dose_s1,1.0,2,5,1.0,2.0,"[1,2)",False,7706,-3.630586478723755,3.630586478723755,-27977.299405045254,27977.299405045254,7706,65250.0020562458,2.909884575895716
dose,P4,20,3,6,dose_s1,1.0,2,6,2.0,inf,"[2,inf)",False,539,-3.518333368400093,3.518333368400093,-1896.38168556765,1896.38168556765,539,4260.067631850186,2.81134318839112
dose,P4,20,3,6,dose_s1,1.0,3,0,-inf,-2.0,"[-inf,-2)",False,720,-3.4892355033591076,3.4892355033591076,-2512.2495624185576,2512.2495624185576,720,6044.3091453231145,2.8973908629918697
dose,P4,20,3,6,dose_s1,1.0,3,1,-2.0,-1.0,"[-2,-1)",False,8910,-3.6016880538085276,3.6016880538085276,-32091.040559433983,32091.040559433983,8910,75714.43559770772,2.9150800994611994
dose,P4,20,3,6,dose_s1,1.0,3,2,-1.0,-0.25,"[-1,-0.25)",False,29021,-3.9195288895506675,3.9195288895506675,-113748.64790364992,113748.64790364992,29021,199253.5580910877,2.6202748963440055
dose,P4,20,3,6,dose_s1,1.0,3,3,-0.25,0.25,"[-0.25,0.25)",True,26308,-4.29367255772143,4.29367255772143,-112957.93764853537,112957.93764853537,26308,150049.9903591714,2.3882185611173927
dose,P4,20,3,6,dose_s1,1.0,3,4,0.25,1.0,"[0.25,1)",False,27634,-3.9256502225322123,3.9256502225322123,-108481.41824945515,108481.41824945515,27634,195666.08868835418,2.6609450437826574
dose,P4,20,3,6,dose_s1,1.0,3,5,1.0,2.0,"[1,2)",False,7733,-3.6293733204954237,3.6293733204954237,-28065.943887391113,28065.943887391113,7733,65548.81998830813,2.911443951437561
dose,P4,20,3,6,dose_s1,1.0,3,6,2.0,inf,"[2,inf)",False,474,-3.473494914844228,3.473494914844228,-1646.4365896361642,1646.4365896361642,474,4008.20991264396,2.9079441287980217
dose,P4,20,3,6,dose_s1,1.0,4,0,-inf,-2.0,"[-inf,-2)",False,603,-3.527589335155414,3.527589335155414,-2127.1363690987146,2127.1363690987146,603,5209.9902829275225,2.9394075177551278
dose,P4,20,3,6,dose_s1,1.0,4,1,-2.0,-1.0,"[-2,-1)",False,9118,-3.6212785862059778,3.6212785862059778,-33018.818149026105,33018.818149026105,9118,78239.44108263295,2.9292947668258624
dose,P4,20,3,6,dose_s1,1.0,4,2,-1.0,-0.25,"[-1,-0.25)",False,29012,-3.914850268818621,3.914850268818621,-113577.63599896584,113577.63599896584,29012,200251.09134999244,2.6272331263346307
dose,P4,20,3,6,dose_s1,1.0,4,3,-0.25,0.25,"[-0.25,0.25)",True,26402,-4.298362696899457,4.298362696899457,-113485.37192353947,113485.37192353947,26402,152134.9399430668,2.4004688260671787
dose,P4,20,3,6,dose_s1,1.0,4,4,0.25,1.0,"[0.25,1)",False,27561,-3.927843075437645,3.927843075437645,-108255.28300213694,108255.28300213694,27561,196377.77016664768,2.6693079298667133
dose,P4,20,3,6,dose_s1,1.0,4,5,1.0,2.0,"[1,2)",False,7672,-3.627462214524946,3.627462214524946,-27829.89010983539,27829.89010983539,7672,65168.31537762377,2.914499265198665
dose,P4,20,3,6,dose_s1,1.0,4,6,2.0,inf,"[2,inf)",False,432,-3.6313121439826768,3.6313121439826768,-1568.7268462005163,1568.7268462005163,432,3322.811071587109,2.7733900366411737
dose,P4,20,3,6,dose_s1,1.0,5,0,-inf,-2.0,"[-inf,-2)",False,680,-3.4754755617895525,3.4754755617895525,-2363.3233820168957,2363.3233820168957,680,5629.208159544602,2.877194344052543
dose,P4,20,3,6,dose_s1,1.0,5,1,-2.0,-1.0,"[-2,-1)",False,9062,-3.6165410595461696,3.6165410595461696,-32773.09508160739,32773.09508160739,9062,78445.38263203969,2.9421964282760094
dose,P4,20,3,6,dose_s1,1.0,5,2,-1.0,-0.25,"[-1,-0.25)",False,28822,-3.9219473825426454,3.9219473825426454,-113038.36745964413,113038.36745964413,28822,197187.17050868904,2.615635786823398
dose,P4,20,3,6,dose_s1,1.0,5,3,-0.25,0.25,"[-0.25,0.25)",True,26339,-4.289878968932358,4.289878968932358,-112991.12216270938,112991.12216270938,26339,147083.4255916486,2.363100689456254
dose,P4,20,3,6,dose_s1,1.0,5,4,0.25,1.0,"[0.25,1)",False,27759,-3.9337857589163194,3.9337857589163194,-109197.95888175811,109197.95888175811,27759,201913.34001807988,2.6969978360474007
dose,P4,20,3,6,dose_s1,1.0,5,5,1.0,2.0,"[1,2)",False,7670,-3.618830783785428,3.618830783785428,-27756.432111634233,27756.432111634233,7670,65266.66387534073,2.917077887142078
dose,P4,20,3,6,dose_s1,1.0,5,6,2.0,inf,"[2,inf)",False,468,-3.513309665166411,3.513309665166411,-1644.2289232978803,1644.2289232978803,468,3496.198363539372,2.7332232480721506
dose,P4,20,3,6,dose_s1,1.0,6,0,-inf,-2.0,"[-inf,-2)",False,685,-3.569096979264035,3.569096979264035,-2444.831430795864,2444.831430795864,685,5444.715619528346,2.8193066444634636
dose,P4,20,3,6,dose_s1,1.0,6,1,-2.0,-1.0,"[-2,-1)",False,9195,-3.608354724489338,3.608354724489338,-33178.82169167946,33178.82169167946,9195,80136.70526314787,2.9521598854850106
dose,P4,20,3,6,dose_s1,1.0,6,2,-1.0,-0.25,"[-1,-0.25)",False,28752,-3.909625799672367,3.909625799672367,-112409.5609921799,112409.5609921799,28752,196290.79851409642,2.612858800503678
dose,P4,20,3,6,dose_s1,1.0,6,3,-0.25,0.25,"[-0.25,0.25)",True,26387,-4.288459318825363,4.288459318825363,-113159.57604584485,113159.57604584485,26387,150392.5637725009,2.387361428647077
dose,P4,20,3,6,dose_s1,1.0,6,4,0.25,1.0,"[0.25,1)",False,27354,-3.9260533190334272,3.9260533190334272,-107393.26248884037,107393.26248884037,27354,194836.74141312286,2.6688551747410636
dose,P4,20,3,6,dose_s1,1.0,6,5,1.0,2.0,"[1,2)",False,7892,-3.612802363071677,3.612802363071677,-28512.236249361675,28512.236249361675,7892,66493.96227470637,2.9026693561476127
dose,P4,20,3,6,dose_s1,1.0,6,6,2.0,inf,"[2,inf)",False,535,-3.525441532970376,3.525441532970376,-1886.111220139151,1886.111220139151,535,4278.169795414085,2.8278223170575547
dose,P4,20,3,6,dose_s1,1.0,7,0,-inf,-2.0,"[-inf,-2)",False,699,-3.4673471904909245,3.4673471904909245,-2423.675686153156,2423.675686153156,699,6414.394654761334,3.029278835683894
dose,P4,20,3,6,dose_s1,1.0,7,1,-2.0,-1.0,"[-2,-1)",False,8980,-3.6035882244818738,3.6035882244818738,-32360.222255847228,32360.222255847228,8980,77305.94380844879,2.9340551650247737
dose,P4,20,3,6,dose_s1,1.0,7,2,-1.0,-0.25,"[-1,-0.25)",False,28595,-3.9163092902246235,3.9163092902246235,-111986.8641539731,111986.8641539731,28595,196831.8507727092,2.6236302983447093
dose,P4,20,3,6,dose_s1,1.0,7,3,-0.25,0.25,"[-0.25,0.25)",True,26565,-4.290111027451187,4.290111027451187,-113966.79944424078,113966.79944424078,26565,155536.32207269335,2.4196970913015234
dose,P4,20,3,6,dose_s1,1.0,7,4,0.25,1.0,"[0.25,1)",False,27643,-3.9307351405858317,3.9307351405858317,-108657.31149121415,108657.31149121415,27643,196798.53428735075,2.668199773174432
dose,P4,20,3,6,dose_s1,1.0,7,5,1.0,2.0,"[1,2)",False,7758,-3.611680859116255,3.611680859116255,-28019.420105023906,28019.420105023906,7758,67138.34299994838,2.9417815618099605
dose,P4,20,3,6,dose_s1,1.0,7,6,2.0,inf,"[2,inf)",False,560,-3.505399006821024,3.505399006821024,-1963.0234438197733,1963.0234438197733,560,4721.44573630605,2.9036447958637295
dose,P4,20,3,6,dose_s1,1.0,8,0,-inf,-2.0,"[-inf,-2)",False,722,-3.5746880539915327,3.5746880539915327,-2580.9247749818865,2580.9247749818865,722,6247.717278244998,2.9416573612183736
dose,P4,20,3,6,dose_s1,1.0,8,1,-2.0,-1.0,"[-2,-1)",False,9149,-3.612611776164977,3.612611776164977,-33051.785140133376,33051.785140133376,9149,79646.61925747088,2.9505084262701553
dose,P4,20,3,6,dose_s1,1.0,8,2,-1.0,-0.25,"[-1,-0.25)",False,28915,-3.9209855049593276,3.9209855049593276,-113375.29587589896,113375.29587589896,28915,197214.8427506049,2.6116092640970723
dose,P4,20,3,6,dose_s1,1.0,8,3,-0.25,0.25,"[-0.25,0.25)",True,26388,-4.296212485519269,4.296212485519269,-113368.45506788247,113368.45506788247,26388,152815.9034564428,2.406473252678557
dose,P4,20,3,6,dose_s1,1.0,8,4,0.25,1.0,"[0.25,1)",False,27428,-3.930277613889918,3.930277613889918,-107799.65439377267,107799.65439377267,27428,197326.21303146536,2.682225704909841
dose,P4,20,3,6,dose_s1,1.0,8,5,1.0,2.0,"[1,2)",False,7757,-3.6073518193186693,3.6073518193186693,-27982.228062454917,27982.228062454917,7757,64665.19563627021,2.887276673562093
dose,P4,20,3,6,dose_s1,1.0,8,6,2.0,inf,"[2,inf)",False,441,-3.5644498965261144,3.5644498965261144,-1571.9224043680165,1571.9224043680165,441,3645.8362020447403,2.875274295125649
dose,P4,20,3,6,dose_s1,1.0,9,0,-inf,-2.0,"[-inf,-2)",False,625,-3.521746520132541,3.521746520132541,-2201.091575082838,2201.091575082838,625,5344.901357796632,2.924353291323504
dose,P4,20,3,6,dose_s1,1.0,9,1,-2.0,-1.0,"[-2,-1)",False,9165,-3.6090933096346043,3.6090933096346043,-33077.34018280115,33077.34018280115,9165,79973.34400437045,2.9539721286910474
dose,P4,20,3,6,dose_s1,1.0,9,2,-1.0,-0.25,"[-1,-0.25)",False,28453,-3.9155241188269243,3.9155241188269243,-111408.40775298247,111408.40775298247,28453,190573.46819882334,2.5880173702101748
dose,P4,20,3,6,dose_s1,1.0,9,3,-0.25,0.25,"[-0.25,0.25)",True,26522,-4.298706674479248,4.298706674479248,-114010.2984205386,114010.2984205386,26522,154430.5331082731,2.413034048624318
dose,P4,20,3,6,dose_s1,1.0,9,4,0.25,1.0,"[0.25,1)",False,27724,-3.9346751983973847,3.9346751983973847,-109084.93520036909,109084.93520036909,27724,197956.29194495396,2.672124629220039
dose,P4,20,3,6,dose_s1,1.0,9,5,1.0,2.0,"[1,2)",False,7765,-3.6136483644108113,3.6136483644108113,-28059.97954964995,28059.97954964995,7765,65557.88153881366,2.905639464976125
dose,P4,20,3,6,dose_s1,1.0,9,6,2.0,inf,"[2,inf)",False,546,-3.506707754434263,3.506707754434263,-1914.6624339211075,1914.6624339211075,546,4733.101684861029,2.944262964564711
dose,P4,20,3,6,dose_s2,2.0,0,0,-inf,-2.0,"[-inf,-2)",False,698,-7.863570992712973,7.863570992712973,-5488.772552913655,5488.772552913655,698,8354.828084917544,3.4597207609046827
dose,P4,20,3,6,dose_s2,2.0,0,1,-2.0,-1.0,"[-2,-1)",False,8809,-7.991502448077798,7.991502448077798,-70397.14506511732,70397.14506511732,8809,148798.61252981782,4.10994618979747
dose,P4,20,3,6,dose_s2,2.0,0,2,-1.0,-0.25,"[-1,-0.25)",False,28743,-8.30575641398286,8.30575641398286,-238732.35660710934,238732.35660710934,28743,473804.970599295,4.060072219980137
dose,P4,20,3,6,dose_s2,2.0,0,3,-0.25,0.25,"[-0.25,0.25)",True,26820,-8.701204370470506,8.701204370470506,-233366.30121601897,233366.30121601897,26820,433155.54915626737,4.018764474676048
dose,P4,20,3,6,dose_s2,2.0,0,4,0.25,1.0,"[0.25,1)",False,27472,-8.323570925315103,8.323570925315103,-228665.14046025652,228665.14046025652,27472,471153.1287959181,4.141292452120758
dose,P4,20,3,6,dose_s2,2.0,0,5,1.0,2.0,"[1,2)",False,7725,-7.980357385027487,7.980357385027487,-61648.26079933734,61648.26079933734,7725,136922.12073317097,4.210053013113495
dose,P4,20,3,6,dose_s2,2.0,0,6,2.0,inf,"[2,inf)",False,533,-7.888606831581307,7.888606831581307,-4204.627441232837,4204.627441232837,533,5995.896737968342,3.3540031633039344
dose,P4,20,3,6,dose_s2,2.0,1,0,-inf,-2.0,"[-inf,-2)",False,666,-7.874543593298826,7.874543593298826,-5244.446033137018,5244.446033137018,666,10218.992800369311,3.9171205028167764
dose,P4,20,3,6,dose_s2,2.0,1,1,-2.0,-1.0,"[-2,-1)",False,9051,-7.968393822653966,7.968393822653966,-72121.93248884105,72121.93248884105,9051,146292.85396412326,4.020344544123834
dose,P4,20,3,6,dose_s2,2.0,1,2,-1.0,-0.25,"[-1,-0.25)",False,28810,-8.31847680760662,8.31847680760662,-239655.31682714671,239655.31682714671,28810,471416.7097093423,4.045114852817743
dose,P4,20,3,6,dose_s2,2.0,1,3,-0.25,0.25,"[-0.25,0.25)",True,26406,-8.718813102123715,8.718813102123715,-230228.9787746788,230228.9787746788,26406,428213.4972422328,4.026974379797027
dose,P4,20,3,6,dose_s2,2.0,1,4,0.25,1.0,"[0.25,1)",False,27616,-8.322584679664269,8.322584679664269,-229836.49851360844,229836.49851360844,27616,476077.5859340871,4.152010857454181
dose,P4,20,3,6,dose_s2,2.0,1,5,1.0,2.0,"[1,2)",False,7784,-7.99179511571026,7.99179511571026,-62208.13318068866,62208.13318068866,7784,122748.78489390048,3.9710667499187076
dose,P4,20,3,6,dose_s2,2.0,1,6,2.0,inf,"[2,inf)",False,467,-7.8238400137074215,7.8238400137074215,-3653.733286401366,3653.733286401366,467,5424.850632742957,3.4082814600949387
dose,P4,20,3,6,dose_s2,2.0,2,0,-inf,-2.0,"[-inf,-2)",False,591,-7.86539260548872,7.86539260548872,-4648.447029843834,4648.447029843834,591,6438.665198042824,3.3006857714469264
dose,P4,20,3,6,dose_s2,2.0,2,1,-2.0,-1.0,"[-2,-1)",False,9184,-7.995560620715184,7.995560620715184,-73431.22874064825,73431.22874064825,9184,158011.7990449564,4.14790519320643
dose,P4,20,3,6,dose_s2,2.0,2,2,-1.0,-0.25,"[-1,-0.25)",False,28432,-8.323995430657167,8.323995430657167,-236667.83808444458,236667.83808444458,28432,443883.11204539024,3.951214490485653
dose,P4,20,3,6,dose_s2,2.0,2,3,-0.25,0.25,"[-0.25,0.25)",True,26663,-8.694883981168216,8.694883981168216,-231831.69158988813,231831.69158988813,26663,447568.5502582194,4.097087834960735
dose,P4,20,3,6,dose_s2,2.0,2,4,0.25,1.0,"[0.25,1)",False,27685,-8.331576796349102,8.331576796349102,-230659.7036069249,230659.7036069249,27685,475332.67767273606,4.143588050406267
dose,P4,20,3,6,dose_s2,2.0,2,5,1.0,2.0,"[1,2)",False,7706,-8.021991531470638,8.021991531470638,-61817.46674151273,61817.46674151273,7706,124171.24899348356,4.014172417373632
dose,P4,20,3,6,dose_s2,2.0,2,6,2.0,inf,"[2,inf)",False,539,-7.867328210261194,7.867328210261194,-4240.489905330784,4240.489905330784,539,6286.202012867115,3.415071368844129
dose,P4,20,3,6,dose_s2,2.0,3,0,-inf,-2.0,"[-inf,-2)",False,720,-7.816733500105083,7.816733500105083,-5628.048120075659,5628.048120075659,720,10242.916741445446,3.7717732238308765
dose,P4,20,3,6,dose_s2,2.0,3,1,-2.0,-1.0,"[-2,-1)",False,8910,-7.967333308905767,7.967333308905767,-70988.93978235038,70988.93978235038,8910,141101.97782496337,3.9794925741333995
dose,P4,20,3,6,dose_s2,2.0,3,2,-1.0,-0.25,"[-1,-0.25)",False,29021,-8.320643154735814,8.320643154735814,-241473.38499358806,241473.38499358806,29021,474820.958469233,4.044908981573391
dose,P4,20,3,6,dose_s2,2.0,3,3,-0.25,0.25,"[-0.25,0.25)",True,26308,-8.707801401271915,8.707801401271915,-229084.83926466154,229084.83926466154,26308,421357.9248680706,4.002042226440573
dose,P4,20,3,6,dose_s2,2.0,3,4,0.25,1.0,"[0.25,1)",False,27634,-8.322088971996353,8.322088971996353,-229972.60665214722,229972.60665214722,27634,475926.4814809793,4.1499996358640425
dose,P4,20,3,6,dose_s2,2.0,3,5,1.0,2.0,"[1,2)",False,7733,-8.015788644068035,8.015788644068035,-61986.09358457811,61986.09358457811,7733,123859.73697786505,4.002128894517415
dose,P4,20,3,6,dose_s2,2.0,3,6,2.0,inf,"[2,inf)",False,474,-7.774599117271345,7.774599117271345,-3685.1599815866175,3685.1599815866175,474,6663.681427302559,3.7494532448957685
dose,P4,20,3,6,dose_s2,2.0,4,0,-inf,-2.0,"[-inf,-2)",False,603,-7.897900014698727,7.897900014698727,-4762.433708863332,4762.433708863332,603,8589.08373798697,3.7741118112072605
dose,P4,20,3,6,dose_s2,2.0,4,1,-2.0,-1.0,"[-2,-1)",False,9118,-8.00715357916915,8.00715357916915,-73009.22633486432,73009.22633486432,9118,152482.19934840332,4.089401762133843
dose,P4,20,3,6,dose_s2,2.0,4,2,-1.0,-0.25,"[-1,-0.25)",False,29012,-8.31108210761196,8.31108210761196,-241121.11410603815,241121.11410603815,29012,482276.6007863311,4.077174142240564
dose,P4,20,3,6,dose_s2,2.0,4,3,-0.25,0.25,"[-0.25,0.25)",True,26402,-8.716400823057121,8.716400823057121,-230130.41453035412,230130.41453035412,26402,428702.3385421831,4.0295775003757965
dose,P4,20,3,6,dose_s2,2.0,4,4,0.25,1.0,"[0.25,1)",False,27561,-8.328055626684556,8.328055626684556,-229529.54112705303,229529.54112705303,27561,479771.44263981626,4.172244121499924
dose,P4,20,3,6,dose_s2,2.0,4,5,1.0,2.0,"[1,2)",False,7672,-8.015331236169917,8.015331236169917,-61493.621243895606,61493.621243895606,7672,124422.98660097328,4.027133379803749
dose,P4,20,3,6,dose_s2,2.0,4,6,2.0,inf,"[2,inf)",False,432,-8.078603931240313,8.078603931240313,-3489.956898295815,3489.956898295815,432,4832.524049959617,3.344607340749495
dose,P4,20,3,6,dose_s2,2.0,5,0,-inf,-2.0,"[-inf,-2)",False,680,-7.781992700715004,7.781992700715004,-5291.755036486203,5291.755036486203,680,8754.920339470485,3.5881586994115073
dose,P4,20,3,6,dose_s2,2.0,5,1,-2.0,-1.0,"[-2,-1)",False,9062,-7.994755121092238,7.994755121092238,-72448.47090733786,72448.47090733786,9062,152401.54030140318,4.100932766914275
dose,P4,20,3,6,dose_s2,2.0,5,2,-1.0,-0.25,"[-1,-0.25)",False,28822,-8.326395621236506,8.326395621236506,-239983.37459527855,239983.37459527855,28822,471452.2450298324,4.044425101610106
dose,P4,20,3,6,dose_s2,2.0,5,3,-0.25,0.25,"[-0.25,0.25)",True,26339,-8.700628792199186,8.700628792199186,-229165.86175773435,229165.86175773435,26339,409026.7046324435,3.9407255572583972
dose,P4,20,3,6,dose_s2,2.0,5,4,0.25,1.0,"[0.25,1)",False,27759,-8.337370924052422,8.337370924052422,-231437.07948077118,231437.07948077118,27759,496234.29294131347,4.228063276818417
dose,P4,20,3,6,dose_s2,2.0,5,5,1.0,2.0,"[1,2)",False,7670,-7.998733167939762,7.998733167939762,-61350.28339809798,61350.28339809798,7670,124341.03631206878,4.026331783235474
dose,P4,20,3,6,dose_s2,2.0,5,6,2.0,inf,"[2,inf)",False,468,-7.878942998017893,7.878942998017893,-3687.345323072374,3687.345323072374,468,5124.698247574802,3.3091101418229325
dose,P4,20,3,6,dose_s2,2.0,6,0,-inf,-2.0,"[-inf,-2)",False,685,-7.97196454877573,7.97196454877573,-5460.795715911375,5460.795715911375,685,7902.595250383288,3.396562291791422
dose,P4,20,3,6,dose_s2,2.0,6,1,-2.0,-1.0,"[-2,-1)",False,9195,-7.980898263908579,7.980898263908579,-73384.35953663939,73384.35953663939,9195,154368.40237359915,4.097352589926473
dose,P4,20,3,6,dose_s2,2.0,6,2,-1.0,-0.25,"[-1,-0.25)",False,28752,-8.301907743034604,8.301907743034604,-238696.45142773094,238696.45142773094,28752,465961.941595938,4.025698012851529
dose,P4,20,3,6,dose_s2,2.0,6,3,-0.25,0.25,"[-0.25,0.25)",True,26387,-8.697935370296893,8.697935370296893,-229512.42061602412,229512.42061602412,26387,422551.5662627533,4.001702968023138
dose,P4,20,3,6,dose_s2,2.0,6,4,0.25,1.0,"[0.25,1)",False,27354,-8.322252435289386,8.322252435289386,-227646.89311490586,227646.89311490586,27354,473432.89158703317,4.16024389784721
dose,P4,20,3,6,dose_s2,2.0,6,5,1.0,2.0,"[1,2)",False,7892,-7.98802638605707,7.98802638605707,-63041.5042387624,63041.5042387624,7892,126043.57079572252,3.996380312240842
dose,P4,20,3,6,dose_s2,2.0,6,6,2.0,inf,"[2,inf)",False,535,-7.857275792556996,7.857275792556996,-4203.642549017993,4203.642549017993,535,6499.70987038877,3.4855401894027307
dose,P4,20,3,6,dose_s2,2.0,7,0,-inf,-2.0,"[-inf,-2)",False,699,-7.776043677779525,7.776043677779525,-5435.454530767888,5435.454530767888,699,11138.838137617036,3.9919156748129003
dose,P4,20,3,6,dose_s2,2.0,7,1,-2.0,-1.0,"[-2,-1)",False,8980,-7.967087345166105,7.967087345166105,-71544.44435959162,71544.44435959162,8980,150869.0978266958,4.098849556487095
dose,P4,20,3,6,dose_s2,2.0,7,2,-1.0,-0.25,"[-1,-0.25)",False,28595,-8.313909168861157,8.313909168861157,-237736.2326835848,237736.2326835848,28595,468660.4752861743,4.048406503670359
dose,P4,20,3,6,dose_s2,2.0,7,3,-0.25,0.25,"[-0.25,0.25)",True,26565,-8.699584714225134,8.699584714225134,-231104.46793339067,231104.46793339067,26565,439070.8324157166,4.06548519406882
dose,P4,20,3,6,dose_s2,2.0,7,4,0.25,1.0,"[0.25,1)",False,27643,-8.331004954899152,8.331004954899152,-230293.96996827726,230293.96996827726,27643,480644.7172625678,4.169841043986191
dose,P4,20,3,6,dose_s2,2.0,7,5,1.0,2.0,"[1,2)",False,7758,-7.9865910804206965,7.9865910804206965,-61959.97360190377,61959.97360190377,7758,129620.6039460943,4.087541101823876
dose,P4,20,3,6,dose_s2,2.0,7,6,2.0,inf,"[2,inf)",False,560,-7.842336091384764,7.842336091384764,-4391.708211175468,4391.708211175468,560,7146.946237605778,3.5724506988515046
dose,P4,20,3,6,dose_s2,2.0,8,0,-inf,-2.0,"[-inf,-2)",False,722,-7.986190616837906,7.986190616837906,-5766.029625356968,5766.029625356968,722,10379.651288037097,3.791602342200593
dose,P4,20,3,6,dose_s2,2.0,8,1,-2.0,-1.0,"[-2,-1)",False,9149,-7.983297968998685,7.983297968998685,-73039.19311836897,73039.19311836897,9149,154160.41047540793,4.104871961412159
dose,P4,20,3,6,dose_s2,2.0,8,2,-1.0,-0.25,"[-1,-0.25)",False,28915,-8.323961081566845,8.323961081566845,-240687.3346735053,240687.3346735053,28915,466299.44948255364,4.015788697326951
dose,P4,20,3,6,dose_s2,2.0,8,3,-0.25,0.25,"[-0.25,0.25)",True,26388,-8.7121015242764,8.7121015242764,-229894.93502260567,229894.93502260567,26388,432272.7408779544,4.04739589792851
dose,P4,20,3,6,dose_s2,2.0,8,4,0.25,1.0,"[0.25,1)",False,27428,-8.333518621645041,8.333518621645041,-228571.74875448018,228571.74875448018,27428,483357.1578562473,4.197947536723437
dose,P4,20,3,6,dose_s2,2.0,8,5,1.0,2.0,"[1,2)",False,7757,-7.9724177564251875,7.9724177564251875,-61842.044536590176,61842.044536590176,7757,122023.574656566,3.966203340548757
dose,P4,20,3,6,dose_s2,2.0,8,6,2.0,inf,"[2,inf)",False,441,-7.936771979640227,7.936771979640227,-3500.1164430213403,3500.1164430213403,441,5128.831832513807,3.410279190236498
dose,P4,20,3,6,dose_s2,2.0,9,0,-inf,-2.0,"[-inf,-2)",False,625,-7.8848352235161565,7.8848352235161565,-4928.022014697598,4928.022014697598,625,8948.067592273494,3.783769039943848
dose,P4,20,3,6,dose_s2,2.0,9,1,-2.0,-1.0,"[-2,-1)",False,9165,-7.976950958055725,7.976950958055725,-73108.75553058072,73108.75553058072,9165,155325.84651063272,4.116760766021228
dose,P4,20,3,6,dose_s2,2.0,9,2,-1.0,-0.25,"[-1,-0.25)",False,28453,-8.313499630145488,8.313499630145488,-236544.00497652957,236544.00497652957,28453,448192.84166768705,3.9688841846412877
dose,P4,20,3,6,dose_s2,2.0,9,3,-0.25,0.25,"[-0.25,0.25)",True,26522,-8.718616691795559,8.718616691795559,-231235.1518998018,231235.1518998018,26522,435227.38268099166,4.050932161770883
dose,P4,20,3,6,dose_s2,2.0,9,4,0.25,1.0,"[0.25,1)",False,27724,-8.338471041424945,8.338471041424945,-231175.7711524652,231175.7711524652,27724,482841.021451484,4.173247432983391
dose,P4,20,3,6,dose_s2,2.0,9,5,1.0,2.0,"[1,2)",False,7765,-7.991702424590808,7.991702424590808,-62055.569326947625,62055.569326947625,7765,124970.64145223843,4.011744533069634
dose,P4,20,3,6,dose_s2,2.0,9,6,2.0,inf,"[2,inf)",False,546,-7.8371638742297005,7.8371638742297005,-4279.091475329416,4279.091475329416,546,7919.637160493818,3.8085207055068495
dose,P4,20,3,6,dose_s4,4.0,0,0,-inf,-2.0,"[-inf,-2)",False,698,-16.635587410145124,16.635587410145124,-11611.640012281297,11611.640012281297,698,19291.523867282383,5.257212792232347
dose,P4,20,3,6,dose_s4,4.0,0,1,-2.0,-1.0,"[-2,-1)",False,8809,-16.809225119787563,16.809225119787563,-148072.46408020865,148072.46408020865,8809,435993.9340790756,7.0352076176240805
dose,P4,20,3,6,dose_s4,4.0,0,2,-1.0,-0.25,"[-1,-0.25)",False,28743,-17.1198088961487,17.1198088961487,-492074.66710200213,492074.66710200213,28743,1576135.7153945705,7.405097101523826
dose,P4,20,3,6,dose_s4,4.0,0,3,-0.25,0.25,"[-0.25,0.25)",True,26820,-17.52349662693006,17.52349662693006,-469980.17953426426,469980.17953426426,26820,1547159.8830992181,7.595182455750348
dose,P4,20,3,6,dose_s4,4.0,0,4,0.25,1.0,"[0.25,1)",False,27472,-17.144830429796684,17.144830429796684,-471002.78156737454,471002.78156737454,27472,1579491.9242837625,7.582520025719669
dose,P4,20,3,6,dose_s4,4.0,0,5,1.0,2.0,"[1,2)",False,7725,-16.78229097261956,16.78229097261956,-129643.1977634861,129643.1977634861,7725,409800.3192947562,7.283445957922315
dose,P4,20,3,6,dose_s4,4.0,0,6,2.0,inf,"[2,inf)",False,533,-16.68647936659429,16.68647936659429,-8893.893502394758,8893.893502394758,533,13279.192386839217,4.99139830217499
dose,P4,20,3,6,dose_s4,4.0,1,0,-inf,-2.0,"[-inf,-2)",False,666,-16.661511891689422,16.661511891689422,-11096.566919865156,11096.566919865156,666,27750.78208057851,6.455063203550341
dose,P4,20,3,6,dose_s4,4.0,1,1,-2.0,-1.0,"[-2,-1)",False,9051,-16.767209933018048,16.767209933018048,-151760.01710374636,151760.01710374636,9051,423180.0527899288,6.83776721763664
dose,P4,20,3,6,dose_s4,4.0,1,2,-1.0,-0.25,"[-1,-0.25)",False,28810,-17.145598350880064,17.145598350880064,-493964.6884888547,493964.6884888547,28810,1564684.2826934229,7.369562916043991
dose,P4,20,3,6,dose_s4,4.0,1,3,-0.25,0.25,"[-0.25,0.25)",True,26406,-17.559180323499113,17.559180323499113,-463667.71562231757,463667.71562231757,26406,1531092.7946771793,7.614641245129264
dose,P4,20,3,6,dose_s4,4.0,1,4,0.25,1.0,"[0.25,1)",False,27616,-17.143506624111346,17.143506624111346,-473435.07893145893,473435.07893145893,27616,1595089.522431,7.599974658124544
dose,P4,20,3,6,dose_s4,4.0,1,5,1.0,2.0,"[1,2)",False,7784,-16.808361845467484,16.808361845467484,-130836.2886051189,130836.2886051189,7784,354718.1690662444,6.750567798682188
dose,P4,20,3,6,dose_s4,4.0,1,6,2.0,inf,"[2,inf)",False,467,-16.569307699271903,16.569307699271903,-7737.866695559978,7737.866695559978,467,12381.235980960571,5.149007925268381
dose,P4,20,3,6,dose_s4,4.0,2,0,-inf,-2.0,"[-inf,-2)",False,591,-16.65667548397566,16.65667548397566,-9844.095211029617,9844.095211029617,591,14317.83362164945,4.922037467198931
dose,P4,20,3,6,dose_s4,4.0,2,1,-2.0,-1.0,"[-2,-1)",False,9184,-16.81842086743763,16.81842086743763,-154460.3772465472,154460.3772465472,9184,467557.77344225784,7.1351269299758115
dose,P4,20,3,6,dose_s4,4.0,2,2,-1.0,-0.25,"[-1,-0.25)",False,28432,-17.158880821343367,17.158880821343367,-487861.2995124346,487861.2995124346,28432,1463117.0459919963,7.173578081787213
dose,P4,20,3,6,dose_s4,4.0,2,3,-0.25,0.25,"[-0.25,0.25)",True,26663,-17.51186417884453,17.51186417884453,-466918.83460053167,466918.83460053167,26663,1609086.9276387277,7.768465600226167
dose,P4,20,3,6,dose_s4,4.0,2,4,0.25,1.0,"[0.25,1)",False,27685,-17.16048385282516,17.16048385282516,-475087.99546546454,475087.99546546454,27685,1594450.0938364686,7.588976382687352
dose,P4,20,3,6,dose_s4,4.0,2,5,1.0,2.0,"[1,2)",False,7706,-16.870239046510164,16.870239046510164,-130002.06209240733,130002.06209240733,7706,359781.25154065335,6.832895231626662
dose,P4,20,3,6,dose_s4,4.0,2,6,2.0,inf,"[2,inf)",False,539,-16.645514289349606,16.645514289349606,-8971.932201959438,8971.932201959438,539,14379.455328142523,5.165077417380803
dose,P4,20,3,6,dose_s4,4.0,3,0,-inf,-2.0,"[-inf,-2)",False,720,-16.55234977893243,16.55234977893243,-11917.69184083135,11917.69184083135,720,27071.855247030653,6.131867493203782
dose,P4,20,3,6,dose_s4,4.0,3,1,-2.0,-1.0,"[-2,-1)",False,8910,-16.764794706935838,16.764794706935838,-149374.3208387983,149374.3208387983,8910,402834.6415952046,6.7239512059419555
dose,P4,20,3,6,dose_s4,4.0,3,2,-1.0,-0.25,"[-1,-0.25)",False,29021,-17.150470621960135,17.150470621960135,-497723.8079199051,497723.8079199051,29021,1577216.3216840662,7.372069905312472
dose,P4,20,3,6,dose_s4,4.0,3,3,-0.25,0.25,"[-0.25,0.25)",True,26308,-17.538115124682854,17.538115124682854,-461392.7327001565,461392.7327001565,26308,1506919.4171270689,7.56834808257836
dose,P4,20,3,6,dose_s4,4.0,3,4,0.25,1.0,"[0.25,1)",False,27634,-17.14149356379187,17.14149356379187,-473688.0331418245,473688.0331418245,27634,1596454.682203953,7.600749521660124
dose,P4,20,3,6,dose_s4,4.0,3,5,1.0,2.0,"[1,2)",False,7733,-16.853958642630353,16.853958642630353,-130331.66218346052,130331.66218346052,7733,357166.90500266553,6.7961287864238225
dose,P4,20,3,6,dose_s4,4.0,3,6,2.0,inf,"[2,inf)",False,474,-16.458463661441957,16.458463661441957,-7801.311775523488,7801.311775523488,474,17306.320165474415,6.042451818408991
dose,P4,20,3,6,dose_s4,4.0,4,0,-inf,-2.0,"[-inf,-2)",False,603,-16.718924141482557,16.718924141482557,-10081.511257313981,10081.511257313981,603,22106.04362076364,6.054758914033714
dose,P4,20,3,6,dose_s4,4.0,4,1,-2.0,-1.0,"[-2,-1)",False,9118,-16.844640661007155,16.844640661007155,-153589.43354706324,153589.43354706324,9118,449550.0167461792,7.021650602392369
dose,P4,20,3,6,dose_s4,4.0,4,2,-1.0,-0.25,"[-1,-0.25)",False,29012,-17.131085539586458,17.131085539586458,-497007.05367448233,497007.05367448233,29012,1610511.0608038648,7.450630424794064
dose,P4,20,3,6,dose_s4,4.0,4,3,-0.25,0.25,"[-0.25,0.25)",True,26402,-17.554478041969215,17.554478041969215,-463473.32926407125,463473.32926407125,26402,1535264.7804398194,7.62558612082229
dose,P4,20,3,6,dose_s4,4.0,4,4,0.25,1.0,"[0.25,1)",False,27561,-17.154965509807457,17.154965509807457,-472808.00441580336,472808.00441580336,27561,1613478.7245516707,7.65128071670172
dose,P4,20,3,6,dose_s4,4.0,4,5,1.0,2.0,"[1,2)",False,7672,-16.856367345364312,16.856367345364312,-129322.050273635,129322.050273635,7672,361265.38507216214,6.862129008532235
dose,P4,20,3,6,dose_s4,4.0,4,6,2.0,inf,"[2,inf)",False,432,-17.051263905416835,17.051263905416835,-7366.1460071400725,7366.1460071400725,432,10866.953159189736,5.015474470555209
dose,P4,20,3,6,dose_s4,4.0,5,0,-inf,-2.0,"[-inf,-2)",False,680,-16.475787500071014,16.475787500071014,-11203.53550004829,11203.53550004829,680,21234.5040990271,5.5881313433324
dose,P4,20,3,6,dose_s4,4.0,5,1,-2.0,-1.0,"[-2,-1)",False,9062,-16.81714377149463,16.81714377149463,-152396.95685728436,152396.95685728436,9062,448251.6700268705,7.033134603206356
dose,P4,20,3,6,dose_s4,4.0,5,2,-1.0,-0.25,"[-1,-0.25)",False,28822,-17.162863077681227,17.162863077681227,-494668.0396249283,494668.0396249283,28822,1568614.6920473028,7.377276859793886
dose,P4,20,3,6,dose_s4,4.0,5,3,-0.25,0.25,"[-0.25,0.25)",True,26339,-17.524172455942953,17.524172455942953,-461569.1783170814,461569.1783170814,26339,1456542.4505748732,7.436386129306587
dose,P4,20,3,6,dose_s4,4.0,5,4,0.25,1.0,"[0.25,1)",False,27759,-17.170927548060643,17.170927548060643,-476647.7778066154,476647.7778066154,27759,1673580.959407862,7.764642319891084
dose,P4,20,3,6,dose_s4,4.0,5,5,1.0,2.0,"[1,2)",False,7670,-16.82406383224707,16.82406383224707,-129040.56959333502,129040.56959333502,7670,360654.3887234735,6.8572175617264195
dose,P4,20,3,6,dose_s4,4.0,5,6,2.0,inf,"[2,inf)",False,468,-16.69147397111188,16.69147397111188,-7811.6098184803595,7811.6098184803595,468,11691.677039187558,4.998221273183082
dose,P4,20,3,6,dose_s4,4.0,6,0,-inf,-2.0,"[-inf,-2)",False,685,-16.85661646752863,16.85661646752863,-11546.782280257112,11546.782280257112,685,17727.332056264866,5.087171794863985
dose,P4,20,3,6,dose_s4,4.0,6,1,-2.0,-1.0,"[-2,-1)",False,9195,-16.79228286109299,16.79228286109299,-154405.04090775002,154405.04090775002,9195,451080.0812769926,7.004077747085659
dose,P4,20,3,6,dose_s4,4.0,6,2,-1.0,-0.25,"[-1,-0.25)",False,28752,-17.11414399925635,17.11414399925635,-492065.8682666186,492065.8682666186,28752,1544527.7759327074,7.329322497893444
dose,P4,20,3,6,dose_s4,4.0,6,3,-0.25,0.25,"[-0.25,0.25)",True,26387,-17.51894349962901,17.51894349962901,-462272.3621247107,462272.3621247107,26387,1511296.2415500206,7.567976809965338
dose,P4,20,3,6,dose_s4,4.0,6,4,0.25,1.0,"[0.25,1)",False,27354,-17.14105552565036,17.14105552565036,-468876.4328486399,468876.4328486399,27354,1588042.874540787,7.619398541580469
dose,P4,20,3,6,dose_s4,4.0,6,5,1.0,2.0,"[1,2)",False,7892,-16.804355674755477,16.804355674755477,-132619.97498517024,132619.97498517024,7892,364339.5930871277,6.7945335303816075
dose,P4,20,3,6,dose_s4,4.0,6,6,2.0,inf,"[2,inf)",False,535,-16.600748955584177,16.600748955584177,-8881.400691237535,8881.400691237535,535,15380.24517005086,5.361727502697165
dose,P4,20,3,6,dose_s4,4.0,7,0,-inf,-2.0,"[-inf,-2)",False,699,-16.474369352213333,16.474369352213333,-11515.58417719712,11515.58417719712,699,30044.482395543808,6.556072919457311
dose,P4,20,3,6,dose_s4,4.0,7,1,-2.0,-1.0,"[-2,-1)",False,8980,-16.759988646255167,16.759988646255167,-150504.6980433714,150504.6980433714,8980,445195.3962120639,7.041045713899229
dose,P4,20,3,6,dose_s4,4.0,7,2,-1.0,-0.25,"[-1,-0.25)",False,28595,-17.136630805709377,17.136630805709377,-490021.9578892596,490021.9578892596,28595,1555940.8466708716,7.376519428321698
dose,P4,20,3,6,dose_s4,4.0,7,3,-0.25,0.25,"[-0.25,0.25)",True,26565,-17.520558959143635,17.520558959143635,-465433.6487496507,465433.6487496507,26565,1573461.4437603513,7.696143247310961
dose,P4,20,3,6,dose_s4,4.0,7,4,0.25,1.0,"[0.25,1)",False,27643,-17.15791048699641,17.15791048699641,-474296.11959204177,474296.11959204177,27643,1616069.1953164244,7.646054497594425
dose,P4,20,3,6,dose_s4,4.0,7,5,1.0,2.0,"[1,2)",False,7758,-16.801764268514987,16.801764268514987,-130348.08719513926,130348.08719513926,7758,379642.85399798106,6.995402810363731
dose,P4,20,3,6,dose_s4,4.0,7,6,2.0,inf,"[2,inf)",False,560,-16.59688689571987,16.59688689571987,-9294.256661603127,9294.256661603127,560,16880.066755055253,5.490261956256091
dose,P4,20,3,6,dose_s4,4.0,8,0,-inf,-2.0,"[-inf,-2)",False,722,-16.88836607996534,16.88836607996534,-12193.400309734976,12193.400309734976,722,26907.51390656831,6.104754278539075
dose,P4,20,3,6,dose_s4,4.0,8,1,-2.0,-1.0,"[-2,-1)",False,9149,-16.790456260247964,16.790456260247964,-153615.88432500864,153615.88432500864,9149,451934.40683014627,7.028309686232867
dose,P4,20,3,6,dose_s4,4.0,8,2,-1.0,-0.25,"[-1,-0.25)",False,28915,-17.157573347526196,17.157573347526196,-496111.23334371997,496111.23334371997,28915,1542932.8704048465,7.304860342543535
dose,P4,20,3,6,dose_s4,4.0,8,3,-0.25,0.25,"[-0.25,0.25)",True,26388,-17.54590241838556,17.54590241838556,-463001.27301635814,463001.27301635814,26388,1550296.326158725,7.664858136725607
dose,P4,20,3,6,dose_s4,4.0,8,4,0.25,1.0,"[0.25,1)",False,27428,-17.16657462003151,17.16657462003151,-470844.8086782243,470844.8086782243,27428,1627869.3214192775,7.703936579116753
dose,P4,20,3,6,dose_s4,4.0,8,5,1.0,2.0,"[1,2)",False,7757,-16.767841369350247,16.767841369350247,-130068.14550204987,130068.14550204987,7757,351629.96310122445,6.7328050852716235
dose,P4,20,3,6,dose_s4,4.0,8,6,2.0,inf,"[2,inf)",False,441,-16.761166505363764,16.761166505363764,-7391.67442886542,7391.67442886542,441,11056.86910632867,5.00722133994799
dose,P4,20,3,6,dose_s4,4.0,9,0,-inf,-2.0,"[-inf,-2)",False,625,-16.691124163101602,16.691124163101602,-10431.952601938501,10431.952601938501,625,23425.89776433494,6.1222084596112785
dose,P4,20,3,6,dose_s4,4.0,9,1,-2.0,-1.0,"[-2,-1)",False,9165,-16.77852236837996,16.77852236837996,-153775.15750620235,153775.15750620235,9165,456827.9227248526,7.060087540932892
dose,P4,20,3,6,dose_s4,4.0,9,2,-1.0,-0.25,"[-1,-0.25)",False,28453,-17.137127445534865,17.137127445534865,-487602.68720780354,487602.68720780354,28453,1478989.5394120268,7.209722002830641
dose,P4,20,3,6,dose_s4,4.0,9,3,-0.25,0.25,"[-0.25,0.25)",True,26522,-17.560513082198916,17.560513082198916,-465739.9279660797,465739.9279660797,26522,1558139.7295901885,7.664786554710664
dose,P4,20,3,6,dose_s4,4.0,9,4,0.25,1.0,"[0.25,1)",False,27724,-17.172374551456812,17.172374551456812,-476086.9120645887,476086.9120645887,27724,1621718.6133572073,7.648210027624023
dose,P4,20,3,6,dose_s4,4.0,9,5,1.0,2.0,"[1,2)",False,7765,-16.813642500511815,16.813642500511815,-130557.93401647425,130557.93401647425,7765,362674.1623415285,6.834198335017825
dose,P4,20,3,6,dose_s4,4.0,9,6,2.0,inf,"[2,inf)",False,546,-16.5782125570027,16.5782125570027,-9051.704056123475,9051.704056123475,546,20700.081401823543,6.157291368749478
dose,P4,50,4,3,dose_s0.5,0.5,0,0,-inf,-2.0,"[-inf,-2)",False,1201,-2.635793916087927,2.635793916087927,-3165.5884932216004,3165.5884932216004,1201,48375.32638853554,6.346590106936039
dose,P4,50,4,3,dose_s0.5,0.5,0,1,-2.0,-1.0,"[-2,-1)",False,15874,-2.719334447704966,2.719334447704966,-43166.71502286863,43166.71502286863,15874,670427.8123859086,6.498794784544734
dose,P4,50,4,3,dose_s0.5,0.5,0,2,-1.0,-0.25,"[-1,-0.25)",False,53850,-3.0156816158304167,3.0156816158304167,-162394.45501246795,162394.45501246795,53850,1858596.0552743778,5.8748888138582975
dose,P4,50,4,3,dose_s0.5,0.5,0,3,-0.25,0.25,"[-0.25,0.25)",True,50892,-3.3874082356853075,3.3874082356853075,-172391.97993049666,172391.97993049666,50892,1420936.939646769,5.283997981681596
dose,P4,50,4,3,dose_s0.5,0.5,0,4,0.25,1.0,"[0.25,1)",False,51797,-3.0170859664311305,3.0170859664311305,-156276.00180323326,156276.00180323326,51797,1797688.0099915958,5.891214795026291
dose,P4,50,4,3,dose_s0.5,0.5,0,5,1.0,2.0,"[1,2)",False,16174,-2.7318135770442646,2.7318135770442646,-44184.35279511393,44184.35279511393,16174,687306.1442612588,6.518781041018566
dose,P4,50,4,3,dose_s0.5,0.5,0,6,2.0,inf,"[2,inf)",False,1012,-2.6549990444179676,2.6549990444179676,-2686.8590329509834,2686.8590329509834,1012,39794.101306087214,6.270744333185737
dose,P4,50,4,3,dose_s0.5,0.5,1,0,-inf,-2.0,"[-inf,-2)",False,1335,-2.6488983706067337,2.6488983706067337,-3536.2793247599893,3536.2793247599893,1335,56413.56687536589,6.5005656265200145
dose,P4,50,4,3,dose_s0.5,0.5,1,1,-2.0,-1.0,"[-2,-1)",False,15701,-2.729579132913625,2.729579132913625,-42857.12196587683,42857.12196587683,15701,671201.7732278851,6.538270599785227
dose,P4,50,4,3,dose_s0.5,0.5,1,2,-1.0,-0.25,"[-1,-0.25)",False,54317,-3.0086787880913435,3.0086787880913435,-163422.4057327575,163422.4057327575,54317,1857688.993449679,5.848151521332538
dose,P4,50,4,3,dose_s0.5,0.5,1,3,-0.25,0.25,"[-0.25,0.25)",True,49460,-3.388208577319469,3.388208577319469,-167580.79623422094,167580.79623422094,49460,1378091.440312747,5.278517449825332
dose,P4,50,4,3,dose_s0.5,0.5,1,4,0.25,1.0,"[0.25,1)",False,53305,-3.011809484237038,3.011809484237038,-160544.5045572553,160544.5045572553,53305,1832707.8251016445,5.863577143019474
dose,P4,50,4,3,dose_s0.5,0.5,1,5,1.0,2.0,"[1,2)",False,15655,-2.724255325619129,2.724255325619129,-42648.21712256746,42648.21712256746,15655,665866.3232448548,6.521792685327888
dose,P4,50,4,3,dose_s0.5,0.5,1,6,2.0,inf,"[2,inf)",False,1027,-2.665443485154926,2.665443485154926,-2737.410459254109,2737.410459254109,1027,42071.05442556752,6.400390569384766
dose,P4,50,4,3,dose_s0.5,0.5,2,0,-inf,-2.0,"[-inf,-2)",False,1290,-2.6524889640090077,2.6524889640090077,-3421.7107635716197,3421.7107635716197,1290,53501.32798169691,6.440023110224851
dose,P4,50,4,3,dose_s0.5,0.5,2,1,-2.0,-1.0,"[-2,-1)",False,16245,-2.7281679154046765,2.7281679154046765,-44319.08778574897,44319.08778574897,16245,703454.5474755896,6.5804889303895
dose,P4,50,4,3,dose_s0.5,0.5,2,2,-1.0,-0.25,"[-1,-0.25)",False,53640,-3.0104528207502543,3.0104528207502543,-161480.68930504363,161480.68930504363,53640,1825631.3432510856,5.83394267071745
dose,P4,50,4,3,dose_s0.5,0.5,2,3,-0.25,0.25,"[-0.25,0.25)",True,49544,-3.3907579276378095,3.3907579276378095,-167991.71076688764,167991.71076688764,49544,1375303.295431576,5.268702884679035
dose,P4,50,4,3,dose_s0.5,0.5,2,4,0.25,1.0,"[0.25,1)",False,53158,-3.0102982271649505,3.0102982271649505,-160021.43315963444,160021.43315963444,53158,1854586.4521887433,5.906622631093245
dose,P4,50,4,3,dose_s0.5,0.5,2,5,1.0,2.0,"[1,2)",False,15742,-2.730284836699176,2.730284836699176,-42980.14389931843,42980.14389931843,15742,677689.315755553,6.561231561864559
dose,P4,50,4,3,dose_s0.5,0.5,2,6,2.0,inf,"[2,inf)",False,1181,-2.6600663739291,2.6600663739291,-3141.5383876102674,3141.5383876102674,1181,50016.62357712282,6.507770615868208
dose,P4,50,4,3,dose_s0.5,0.5,3,0,-inf,-2.0,"[-inf,-2)",False,1214,-2.6490113871972105,2.6490113871972105,-3215.8998240574138,3215.8998240574138,1214,49393.273391662326,6.378588139143
dose,P4,50,4,3,dose_s0.5,0.5,3,1,-2.0,-1.0,"[-2,-1)",False,16579,-2.726712542333623,2.726712542333623,-45206.16723934913,45206.16723934913,16579,708328.865257302,6.536395228920482
dose,P4,50,4,3,dose_s0.5,0.5,3,2,-1.0,-0.25,"[-1,-0.25)",False,53725,-3.0167305763437704,3.0167305763437704,-162073.85021406907,162073.85021406907,53725,1851088.9429208399,5.869828752560031
dose,P4,50,4,3,dose_s0.5,0.5,3,3,-0.25,0.25,"[-0.25,0.25)",True,50053,-3.381475778215865,3.381475778215865,-169253.0071270387,169253.0071270387,50053,1342232.9970098478,5.178439410805314
dose,P4,50,4,3,dose_s0.5,0.5,3,4,0.25,1.0,"[0.25,1)",False,52343,-3.0103781831435645,3.0103781831435645,-157572.2252402836,157572.2252402836,52343,1815055.926330028,5.888649434453897
dose,P4,50,4,3,dose_s0.5,0.5,3,5,1.0,2.0,"[1,2)",False,15720,-2.7261294437063217,2.7261294437063217,-42854.75485506338,42854.75485506338,15720,656228.6046171215,6.4610233072371495
dose,P4,50,4,3,dose_s0.5,0.5,3,6,2.0,inf,"[2,inf)",False,1166,-2.6577746741186066,2.6577746741186066,-3098.965270022295,3098.965270022295,1166,43000.24792926995,6.072761213468395
dose,P4,50,4,3,dose_s0.5,0.5,4,0,-inf,-2.0,"[-inf,-2)",False,1257,-2.6479659008608993,2.6479659008608993,-3328.4931373821505,3328.4931373821505,1257,50621.460413679175,6.34599457194405
dose,P4,50,4,3,dose_s0.5,0.5,4,1,-2.0,-1.0,"[-2,-1)",False,16449,-2.72375954161312,2.72375954161312,-44803.12069999421,44803.12069999421,16449,698171.3441642431,6.514952587713109
dose,P4,50,4,3,dose_s0.5,0.5,4,2,-1.0,-0.25,"[-1,-0.25)",False,53908,-3.0114999004767453,3.0114999004767453,-162343.9366349004,162343.9366349004,53908,1853693.9509838452,5.863979002349737
dose,P4,50,4,3,dose_s0.5,0.5,4,3,-0.25,0.25,"[-0.25,0.25)",True,50083,-3.3879932280324496,3.3879932280324496,-169680.86483954918,169680.86483954918,50083,1370738.3884685948,5.231570956587836
dose,P4,50,4,3,dose_s0.5,0.5,4,4,0.25,1.0,"[0.25,1)",False,52369,-3.0156586539630768,3.0156586539630768,-157927.02804939236,157927.02804939236,52369,1829160.7901813888,5.910017966455731
dose,P4,50,4,3,dose_s0.5,0.5,4,5,1.0,2.0,"[1,2)",False,15681,-2.7279139952431266,2.7279139952431266,-42776.41935940747,42776.41935940747,15681,674664.7753896643,6.559294654729058
dose,P4,50,4,3,dose_s0.5,0.5,4,6,2.0,inf,"[2,inf)",False,1053,-2.6439835394380324,2.6439835394380324,-2784.1146670282483,2784.1146670282483,1053,40691.63592143013,6.21639195114393
dose,P4,50,4,3,dose_s0.5,0.5,5,0,-inf,-2.0,"[-inf,-2)",False,1306,-2.6542620576763856,2.6542620576763856,-3466.4662473253597,3466.4662473253597,1306,51417.73794343087,6.274583379605322
dose,P4,50,4,3,dose_s0.5,0.5,5,1,-2.0,-1.0,"[-2,-1)",False,16022,-2.7281543364549146,2.7281543364549146,-43710.48877868064,43710.48877868064,16022,677784.9942896774,6.504106008900393
dose,P4,50,4,3,dose_s0.5,0.5,5,2,-1.0,-0.25,"[-1,-0.25)",False,53414,-3.0116452655083648,3.0116452655083648,-160864.0202118638,160864.0202118638,53414,1840047.1260012547,5.869308292552545
dose,P4,50,4,3,dose_s0.5,0.5,5,3,-0.25,0.25,"[-0.25,0.25)",True,49965,-3.3901273116630533,3.3901273116630533,-169387.71112724446,169387.71112724446,49965,1372520.2818793112,5.241148193063556
dose,P4,50,4,3,dose_s0.5,0.5,5,4,0.25,1.0,"[0.25,1)",False,52481,-3.0145049019092958,3.0145049019092958,-158204.23175710175,158204.23175710175,52481,1847907.0556105305,5.933883437458969
dose,P4,50,4,3,dose_s0.5,0.5,5,5,1.0,2.0,"[1,2)",False,16456,-2.726949822356278,2.726949822356278,-44874.68627669491,44874.68627669491,16456,712538.9611995579,6.580246590146825
dose,P4,50,4,3,dose_s0.5,0.5,5,6,2.0,inf,"[2,inf)",False,1156,-2.664441276004534,2.664441276004534,-3080.094115061241,3080.094115061241,1156,46794.94148239763,6.3623936679103
dose,P4,50,4,3,dose_s0.5,0.5,6,0,-inf,-2.0,"[-inf,-2)",False,1264,-2.6623419603326295,2.6623419603326295,-3365.200237860444,3365.200237860444,1264,52294.750603142835,6.432140333873191
dose,P4,50,4,3,dose_s0.5,0.5,6,1,-2.0,-1.0,"[-2,-1)",False,15926,-2.7224291743136635,2.7224291743136635,-43357.40703011941,43357.40703011941,15926,673410.0829424649,6.502591195870257
dose,P4,50,4,3,dose_s0.5,0.5,6,2,-1.0,-0.25,"[-1,-0.25)",False,54565,-3.011227163160859,3.011227163160859,-164307.61015787226,164307.61015787226,54565,1878080.3447809496,5.8667827182090715
dose,P4,50,4,3,dose_s0.5,0.5,6,3,-0.25,0.25,"[-0.25,0.25)",True,50372,-3.3873087538703097,3.3873087538703097,-170625.51654995524,170625.51654995524,50372,1413070.303706146,5.296479399614024
dose,P4,50,4,3,dose_s0.5,0.5,6,4,0.25,1.0,"[0.25,1)",False,51413,-3.0154507985857637,3.0154507985857637,-155033.37190768987,155033.37190768987,51413,1778299.0446025962,5.8811996744253054
dose,P4,50,4,3,dose_s0.5,0.5,6,5,1.0,2.0,"[1,2)",False,16134,-2.7271151801550464,2.7271151801550464,-43999.276316621515,43999.276316621515,16134,692185.7736513085,6.549985042481521
dose,P4,50,4,3,dose_s0.5,0.5,6,6,2.0,inf,"[2,inf)",False,1126,-2.6717995053962382,2.6717995053962382,-3008.446243076164,3008.446243076164,1126,45616.03886500508,6.364870761379459
dose,P4,50,4,3,dose_s0.5,0.5,7,0,-inf,-2.0,"[-inf,-2)",False,1261,-2.6412757634405186,2.6412757634405186,-3330.648737698494,3330.648737698494,1261,53004.36576627585,6.483332241970533
dose,P4,50,4,3,dose_s0.5,0.5,7,1,-2.0,-1.0,"[-2,-1)",False,15912,-2.726607152276719,2.726607152276719,-43385.77300702715,43385.77300702715,15912,678749.8687563066,6.531192649363223
dose,P4,50,4,3,dose_s0.5,0.5,7,2,-1.0,-0.25,"[-1,-0.25)",False,53370,-3.0077482485666693,3.0077482485666693,-160523.52402600314,160523.52402600314,53370,1815342.5386278168,5.83217693288066
dose,P4,50,4,3,dose_s0.5,0.5,7,3,-0.25,0.25,"[-0.25,0.25)",True,49984,-3.3856664863966293,3.3856664863966293,-169229.1536560491,169229.1536560491,49984,1375169.1583447624,5.245206103363014
dose,P4,50,4,3,dose_s0.5,0.5,7,4,0.25,1.0,"[0.25,1)",False,53135,-3.015199610947833,3.015199610947833,-160212.6313277131,160212.6313277131,53135,1842232.9904895986,5.888191624892469
dose,P4,50,4,3,dose_s0.5,0.5,7,5,1.0,2.0,"[1,2)",False,16031,-2.727572905178395,2.727572905178395,-43725.72124291485,43725.72124291485,16031,671645.4272092427,6.472763274929568
dose,P4,50,4,3,dose_s0.5,0.5,7,6,2.0,inf,"[2,inf)",False,1107,-2.6699723606480057,2.6699723606480057,-2955.6594032373423,2955.6594032373423,1107,47295.096581401274,6.536334177644528
dose,P4,50,4,3,dose_s0.5,0.5,8,0,-inf,-2.0,"[-inf,-2)",False,1274,-2.6575229766162334,2.6575229766162334,-3385.6842722090814,3385.6842722090814,1274,54189.73920728917,6.52189520900033
dose,P4,50,4,3,dose_s0.5,0.5,8,1,-2.0,-1.0,"[-2,-1)",False,16499,-2.723927239404226,2.723927239404226,-44942.075522930325,44942.075522930325,16499,702220.4816876134,6.523909606252634
dose,P4,50,4,3,dose_s0.5,0.5,8,2,-1.0,-0.25,"[-1,-0.25)",False,53834,-3.01199105979713,3.01199105979713,-162147.52671311868,162147.52671311868,53834,1850357.6308028284,5.862724854559229
dose,P4,50,4,3,dose_s0.5,0.5,8,3,-0.25,0.25,"[-0.25,0.25)",True,49630,-3.3882776401792696,3.3882776401792696,-168160.21928209715,168160.21928209715,49630,1383969.4114475418,5.2806952880389435
dose,P4,50,4,3,dose_s0.5,0.5,8,4,0.25,1.0,"[0.25,1)",False,52351,-3.013724036588014,3.013724036588014,-157771.4670394191,157771.4670394191,52351,1830636.638196674,5.9134180699472845
dose,P4,50,4,3,dose_s0.5,0.5,8,5,1.0,2.0,"[1,2)",False,16084,-2.723995440455204,2.723995440455204,-43812.7426642815,43812.7426642815,16084,678384.2880831355,6.49442727885793
dose,P4,50,4,3,dose_s0.5,0.5,8,6,2.0,inf,"[2,inf)",False,1128,-2.6444697318656596,2.6444697318656596,-2982.9618575444642,2982.9618575444642,1128,45010.79458175499,6.316896919053928
dose,P4,50,4,3,dose_s0.5,0.5,9,0,-inf,-2.0,"[-inf,-2)",False,1108,-2.6657731402524436,2.6657731402524436,-2953.6766393997077,2953.6766393997077,1108,47010.71221529038,6.513711739670278
dose,P4,50,4,3,dose_s0.5,0.5,9,1,-2.0,-1.0,"[-2,-1)",False,15963,-2.7252151564745417,2.7252151564745417,-43502.60954280311,43502.60954280311,15963,673529.9809587137,6.495628959129829
dose,P4,50,4,3,dose_s0.5,0.5,9,2,-1.0,-0.25,"[-1,-0.25)",False,53327,-3.010137576543118,3.010137576543118,-160521.60654431485,160521.60654431485,53327,1832829.9549921881,5.862562839852197
dose,P4,50,4,3,dose_s0.5,0.5,9,3,-0.25,0.25,"[-0.25,0.25)",True,50392,-3.390101858947223,3.390101858947223,-170834.01287606847,170834.01287606847,50392,1407333.4898772794,5.284668059602622
dose,P4,50,4,3,dose_s0.5,0.5,9,4,0.25,1.0,"[0.25,1)",False,53334,-3.0110682127957302,3.0110682127957302,-160592.31206124747,160592.31206124747,53334,1827951.993952449,5.854371995843371
dose,P4,50,4,3,dose_s0.5,0.5,9,5,1.0,2.0,"[1,2)",False,15581,-2.7300697868088415,2.7300697868088415,-42537.21734826856,42537.21734826856,15581,669818.3721057625,6.556632829515834
dose,P4,50,4,3,dose_s0.5,0.5,9,6,2.0,inf,"[2,inf)",False,1095,-2.6785599053198506,2.6785599053198506,-2933.0230963252366,2933.0230963252366,1095,43421.09658856453,6.297139786226247
dose,P4,50,4,3,dose_s1,1.0,0,0,-inf,-2.0,"[-inf,-2)",False,1201,-6.062284161488377,6.062284161488377,-7280.803277947542,7280.803277947542,1201,80299.9860971217,8.17685377348203
dose,P4,50,4,3,dose_s1,1.0,0,1,-2.0,-1.0,"[-2,-1)",False,15874,-6.173128855269453,6.173128855269453,-97992.24744854729,97992.24744854729,15874,1337664.5054638379,9.179740696260883
dose,P4,50,4,3,dose_s1,1.0,0,2,-1.0,-0.25,"[-1,-0.25)",False,53850,-6.508096208810762,6.508096208810762,-350460.9808444595,350460.9808444595,53850,4660960.903887688,9.303468172410467
dose,P4,50,4,3,dose_s1,1.0,0,3,-0.25,0.25,"[-0.25,0.25)",True,50892,-6.901720025954815,6.901720025954815,-351242.3355608925,351242.3355608925,50892,4245531.001350785,9.13358445708994
dose,P4,50,4,3,dose_s1,1.0,0,4,0.25,1.0,"[0.25,1)",False,51797,-6.512382700184937,6.512382700184937,-337321.8867214792,337321.8867214792,51797,4516625.09748785,9.338018248623587
dose,P4,50,4,3,dose_s1,1.0,0,5,1.0,2.0,"[1,2)",False,16174,-6.196384544610955,6.196384544610955,-100220.32362453757,100220.32362453757,16174,1372088.6853502626,9.210482296381464
dose,P4,50,4,3,dose_s1,1.0,0,6,2.0,inf,"[2,inf)",False,1012,-6.101691991919822,6.101691991919822,-6174.912295822859,6174.912295822859,1012,63330.05502350379,7.9106956555318435
dose,P4,50,4,3,dose_s1,1.0,1,0,-inf,-2.0,"[-inf,-2)",False,1335,-6.092048788805645,6.092048788805645,-8132.885133055536,8132.885133055536,1335,95110.69597765447,8.440614137872924
dose,P4,50,4,3,dose_s1,1.0,1,1,-2.0,-1.0,"[-2,-1)",False,15701,-6.191704330590793,6.191704330590793,-97215.94969460604,97215.94969460604,15701,1351191.8576156318,9.276728640124578
dose,P4,50,4,3,dose_s1,1.0,1,2,-1.0,-0.25,"[-1,-0.25)",False,54317,-6.4995300222677885,6.4995300222677885,-353034.9722195195,353034.9722195195,54317,4637131.431964921,9.239677545402268
dose,P4,50,4,3,dose_s1,1.0,1,3,-0.25,0.25,"[-0.25,0.25)",True,49460,-6.903670434939118,6.903670434939118,-341455.53971208876,341455.53971208876,49460,4123739.055445956,9.131003977227603
dose,P4,50,4,3,dose_s1,1.0,1,4,0.25,1.0,"[0.25,1)",False,53305,-6.5045607223001145,6.5045607223001145,-346725.6093022076,346725.6093022076,53305,4578847.881058805,9.268173047068458
dose,P4,50,4,3,dose_s1,1.0,1,5,1.0,2.0,"[1,2)",False,15655,-6.181507877676948,6.181507877676948,-96771.50582503263,96771.50582503263,15655,1328541.17567819,9.212149420481046
dose,P4,50,4,3,dose_s1,1.0,1,6,2.0,inf,"[2,inf)",False,1027,-6.115772011421734,6.115772011421734,-6280.897855730122,6280.897855730122,1027,66529.33407681886,8.048618941861637
dose,P4,50,4,3,dose_s1,1.0,2,0,-inf,-2.0,"[-inf,-2)",False,1290,-6.092352400924559,6.092352400924559,-7859.134597192681,7859.134597192681,1290,86295.31154062241,8.178972450226725
dose,P4,50,4,3,dose_s1,1.0,2,1,-2.0,-1.0,"[-2,-1)",False,16245,-6.1903985443388345,6.1903985443388345,-100563.02435278437,100563.02435278437,16245,1415341.2829090233,9.334063033436138
dose,P4,50,4,3,dose_s1,1.0,2,2,-1.0,-0.25,"[-1,-0.25)",False,53640,-6.503623190388694,6.503623190388694,-348854.34793244954,348854.34793244954,53640,4535852.386046779,9.1957058702028
dose,P4,50,4,3,dose_s1,1.0,2,3,-0.25,0.25,"[-0.25,0.25)",True,49544,-6.908515328842255,6.908515328842255,-342275.48345216067,342275.48345216067,49544,4101497.0332104634,9.098622934857948
dose,P4,50,4,3,dose_s1,1.0,2,4,0.25,1.0,"[0.25,1)",False,53158,-6.5028947778469135,6.5028947778469135,-345680.88060078624,345680.88060078624,53158,4647018.821612599,9.349812449681094
dose,P4,50,4,3,dose_s1,1.0,2,5,1.0,2.0,"[1,2)",False,15742,-6.194409812041261,6.194409812041261,-97512.39926115354,97512.39926115354,15742,1361040.6075988773,9.298343532760999
dose,P4,50,4,3,dose_s1,1.0,2,6,2.0,inf,"[2,inf)",False,1181,-6.109028523448153,6.109028523448153,-7214.762686192268,7214.762686192268,1181,85215.18970758666,8.494416640494435
dose,P4,50,4,3,dose_s1,1.0,3,0,-inf,-2.0,"[-inf,-2)",False,1214,-6.082521040434745,6.082521040434745,-7384.18054308778,7384.18054308778,1214,82025.543307506,8.219875022975275
dose,P4,50,4,3,dose_s1,1.0,3,1,-2.0,-1.0,"[-2,-1)",False,16579,-6.188626068596987,6.188626068596987,-102601.23159126945,102601.23159126945,16579,1407443.1588273966,9.213746652673972
dose,P4,50,4,3,dose_s1,1.0,3,2,-1.0,-0.25,"[-1,-0.25)",False,53725,-6.512619193856961,6.512619193856961,-349890.4661899652,349890.4661899652,53725,4648972.376722665,9.302298486309088
dose,P4,50,4,3,dose_s1,1.0,3,3,-0.25,0.25,"[-0.25,0.25)",True,50053,-6.8926745264715885,6.8926745264715885,-344999.0380734824,344999.0380734824,50053,3977556.0179850683,8.914420085519449
dose,P4,50,4,3,dose_s1,1.0,3,4,0.25,1.0,"[0.25,1)",False,52343,-6.502350188112435,6.502350188112435,-340352.5158963692,340352.5158963692,52343,4543202.4467690075,9.316477504174015
dose,P4,50,4,3,dose_s1,1.0,3,5,1.0,2.0,"[1,2)",False,15720,-6.187154072264495,6.187154072264495,-97262.06201599787,97262.06201599787,15720,1305508.8356595773,9.113047561392797
dose,P4,50,4,3,dose_s1,1.0,3,6,2.0,inf,"[2,inf)",False,1166,-6.103801118500891,6.103801118500891,-7117.032104172038,7117.032104172038,1166,66722.93309023866,7.564640428435805
dose,P4,50,4,3,dose_s1,1.0,4,0,-inf,-2.0,"[-inf,-2)",False,1257,-6.083569039597794,6.083569039597794,-7647.046282774428,7647.046282774428,1257,75334.08921087734,7.7415537268503085
dose,P4,50,4,3,dose_s1,1.0,4,1,-2.0,-1.0,"[-2,-1)",False,16449,-6.184186623449624,6.184186623449624,-101723.68576912287,101723.68576912287,16449,1379575.9811736874,9.15805108968627
dose,P4,50,4,3,dose_s1,1.0,4,2,-1.0,-0.25,"[-1,-0.25)",False,53908,-6.504623756042191,6.504623756042191,-350651.25744072243,350651.25744072243,53908,4645558.672997434,9.283085809341879
dose,P4,50,4,3,dose_s1,1.0,4,3,-0.25,0.25,"[-0.25,0.25)",True,50083,-6.903766394718536,6.903766394718536,-345761.33234668843,345761.33234668843,50083,4079582.2313154647,9.025321432367921
dose,P4,50,4,3,dose_s1,1.0,4,4,0.25,1.0,"[0.25,1)",False,52369,-6.509079314393294,6.509079314393294,-340873.9746154624,340873.9746154624,52369,4623345.958630869,9.395957758565437
dose,P4,50,4,3,dose_s1,1.0,4,5,1.0,2.0,"[1,2)",False,15681,-6.188168081155075,6.188168081155075,-97036.66368059273,97036.66368059273,15681,1363984.1407499982,9.32648042330453
dose,P4,50,4,3,dose_s1,1.0,4,6,2.0,inf,"[2,inf)",False,1053,-6.0778890449430305,6.0778890449430305,-6400.017164325011,6400.017164325011,1053,60197.9376467379,7.56095443401277
dose,P4,50,4,3,dose_s1,1.0,5,0,-inf,-2.0,"[-inf,-2)",False,1306,-6.102464971244023,6.102464971244023,-7969.819252444694,7969.819252444694,1306,82916.24594636333,7.967979848655388
dose,P4,50,4,3,dose_s1,1.0,5,1,-2.0,-1.0,"[-2,-1)",False,16022,-6.1922141860204745,6.1922141860204745,-99211.65568842004,99211.65568842004,16022,1363515.9114004537,9.225113994484724
dose,P4,50,4,3,dose_s1,1.0,5,2,-1.0,-0.25,"[-1,-0.25)",False,53414,-6.504295058341271,6.504295058341271,-347420.41624624067,347420.41624624067,53414,4609139.739170079,9.28928711963209
dose,P4,50,4,3,dose_s1,1.0,5,3,-0.25,0.25,"[-0.25,0.25)",True,49965,-6.906968658210838,6.906968658210838,-345106.6890075045,345106.6890075045,49965,4077931.8458657647,9.034144561323098
dose,P4,50,4,3,dose_s1,1.0,5,4,0.25,1.0,"[0.25,1)",False,52481,-6.506704014319185,6.506704014319185,-341478.33337548515,341478.33337548515,52481,4663713.789842547,9.42681304640431
dose,P4,50,4,3,dose_s1,1.0,5,5,1.0,2.0,"[1,2)",False,16456,-6.187854620439032,6.187854620439032,-101827.33563394472,101827.33563394472,16456,1436022.9126093036,9.34154145370244
dose,P4,50,4,3,dose_s1,1.0,5,6,2.0,inf,"[2,inf)",False,1156,-6.115591329382785,6.115591329382785,-7069.623576766499,7069.623576766499,1156,78462.36883250067,8.238569140415219
dose,P4,50,4,3,dose_s1,1.0,6,0,-inf,-2.0,"[-inf,-2)",False,1264,-6.116786117270455,6.116786117270455,-7731.617652229855,7731.617652229855,1264,87052.06418236585,8.298813405646927
dose,P4,50,4,3,dose_s1,1.0,6,1,-2.0,-1.0,"[-2,-1)",False,15926,-6.179919920372965,6.179919920372965,-98421.40465185985,98421.40465185985,15926,1343565.5300229478,9.184934654927051
dose,P4,50,4,3,dose_s1,1.0,6,2,-1.0,-0.25,"[-1,-0.25)",False,54565,-6.504062491119828,6.504062491119828,-354894.1698279534,354894.1698279534,54565,4676552.354015314,9.257757925705617
dose,P4,50,4,3,dose_s1,1.0,6,3,-0.25,0.25,"[-0.25,0.25)",True,50372,-6.9004348640976065,6.9004348640976065,-347588.7049743246,347588.7049743246,50372,4220820.38609123,9.153850986984047
dose,P4,50,4,3,dose_s1,1.0,6,4,0.25,1.0,"[0.25,1)",False,51413,-6.510433333885614,6.510433333885614,-334720.90899506107,334720.90899506107,51413,4463160.361615886,9.317186153780854
dose,P4,50,4,3,dose_s1,1.0,6,5,1.0,2.0,"[1,2)",False,16134,-6.1887090951250725,6.1887090951250725,-99848.63254074792,99848.63254074792,16134,1379294.6123329706,9.24607673906313
dose,P4,50,4,3,dose_s1,1.0,6,6,2.0,inf,"[2,inf)",False,1126,-6.1335502636441825,6.1335502636441825,-6906.37759686335,6906.37759686335,1126,72837.0827249572,8.04279642637372
dose,P4,50,4,3,dose_s1,1.0,7,0,-inf,-2.0,"[-inf,-2)",False,1261,-6.07471997506894,6.07471997506894,-7660.221888561934,7660.221888561934,1261,93154.76510193928,8.594982450032541
dose,P4,50,4,3,dose_s1,1.0,7,1,-2.0,-1.0,"[-2,-1)",False,15912,-6.185956371300707,6.185956371300707,-98430.93778013684,98430.93778013684,15912,1351586.85315418,9.216363479101739
dose,P4,50,4,3,dose_s1,1.0,7,2,-1.0,-0.25,"[-1,-0.25)",False,53370,-6.500257048326107,6.500257048326107,-346918.71866916434,346918.71866916434,53370,4500603.50136156,9.183046330975165
dose,P4,50,4,3,dose_s1,1.0,7,3,-0.25,0.25,"[-0.25,0.25)",True,49984,-6.899597523023631,6.899597523023631,-344869.48259081313,344869.48259081313,49984,4113416.5354284327,9.071640700632333
dose,P4,50,4,3,dose_s1,1.0,7,4,0.25,1.0,"[0.25,1)",False,53135,-6.511311468462031,6.511311468462031,-345978.53487673,345978.53487673,53135,4627203.670922773,9.331876131198277
dose,P4,50,4,3,dose_s1,1.0,7,5,1.0,2.0,"[1,2)",False,16031,-6.18964319666805,6.18964319666805,-99226.17008578552,99226.17008578552,16031,1330173.5974002567,9.109066121680549
dose,P4,50,4,3,dose_s1,1.0,7,6,2.0,inf,"[2,inf)",False,1107,-6.1301314755410585,6.1301314755410585,-6786.055543423951,6786.055543423951,1107,80775.59214073242,8.542131735147112
dose,P4,50,4,3,dose_s1,1.0,8,0,-inf,-2.0,"[-inf,-2)",False,1274,-6.11143044114324,6.11143044114324,-7785.962382016487,7785.962382016487,1274,94854.00615013552,8.62865539904085
dose,P4,50,4,3,dose_s1,1.0,8,1,-2.0,-1.0,"[-2,-1)",False,16499,-6.184084900070602,6.184084900070602,-102031.21676626487,102031.21676626487,16499,1407119.6093806666,9.234995675298128
dose,P4,50,4,3,dose_s1,1.0,8,2,-1.0,-0.25,"[-1,-0.25)",False,53834,-6.504390922717775,6.504390922717775,-350157.3809335887,350157.3809335887,53834,4635218.8860154245,9.279120158830192
dose,P4,50,4,3,dose_s1,1.0,8,3,-0.25,0.25,"[-0.25,0.25)",True,49630,-6.904404493819505,6.904404493819505,-342665.595028262,342665.595028262,49630,4125946.046601462,9.117791035715529
dose,P4,50,4,3,dose_s1,1.0,8,4,0.25,1.0,"[0.25,1)",False,52351,-6.506924742415702,6.506924742415702,-340644.0171902044,340644.0171902044,52351,4599080.416307296,9.372879005355012
dose,P4,50,4,3,dose_s1,1.0,8,5,1.0,2.0,"[1,2)",False,16084,-6.183608934493801,6.183608934493801,-99457.16610239829,99457.16610239829,16084,1344336.0654533163,9.142329984947791
dose,P4,50,4,3,dose_s1,1.0,8,6,2.0,inf,"[2,inf)",False,1128,-6.075115616976716,6.075115616976716,-6852.730415949736,6852.730415949736,1128,71046.14180927654,7.936256565323177
dose,P4,50,4,3,dose_s1,1.0,9,0,-inf,-2.0,"[-inf,-2)",False,1108,-6.124230062909377,6.124230062909377,-6785.64690970359,6785.64690970359,1108,80146.90586127389,8.504983984839544
dose,P4,50,4,3,dose_s1,1.0,9,1,-2.0,-1.0,"[-2,-1)",False,15963,-6.185150122451675,6.185150122451675,-98733.55140469609,98733.55140469609,15963,1335051.2937470542,9.145168655522976
dose,P4,50,4,3,dose_s1,1.0,9,2,-1.0,-0.25,"[-1,-0.25)",False,53327,-6.501290806612949,6.501290806612949,-346694.3348442487,346694.3348442487,53327,4570978.957715951,9.258295428222176
dose,P4,50,4,3,dose_s1,1.0,9,3,-0.25,0.25,"[-0.25,0.25)",True,50392,-6.9077167814086184,6.9077167814086184,-348093.6640487431,348093.6640487431,50392,4214946.043622082,9.145663371769453
dose,P4,50,4,3,dose_s1,1.0,9,4,0.25,1.0,"[0.25,1)",False,53334,-6.5026680249419435,6.5026680249419435,-346813.29644225363,346813.29644225363,53334,4560209.754584285,9.246775876631483
dose,P4,50,4,3,dose_s1,1.0,9,5,1.0,2.0,"[1,2)",False,15581,-6.192690027098354,6.192690027098354,-96488.30331221945,96488.30331221945,15581,1369881.9724171967,9.376568084137569
dose,P4,50,4,3,dose_s1,1.0,9,6,2.0,inf,"[2,inf)",False,1095,-6.147575570957316,6.147575570957316,-6731.595250198261,6731.595250198261,1095,67128.54174880244,7.829725687200407
dose,P4,50,4,3,dose_s2,2.0,0,0,-inf,-2.0,"[-inf,-2)",False,1201,-13.016520665890662,13.016520665890662,-15632.841319734685,15632.841319734685,1201,207923.45328572858,13.157707754151332
dose,P4,50,4,3,dose_s2,2.0,0,1,-2.0,-1.0,"[-2,-1)",False,15874,-13.165764841954608,13.165764841954608,-208993.35110118747,208993.35110118747,15874,4006019.546232668,15.885955585686249
dose,P4,50,4,3,dose_s2,2.0,0,2,-1.0,-0.25,"[-1,-0.25)",False,53850,-13.528974145621437,13.528974145621437,-728535.2577417144,728535.2577417144,53850,15868814.169648033,17.166406143995705
dose,P4,50,4,3,dose_s2,2.0,0,3,-0.25,0.25,"[-0.25,0.25)",True,50892,-13.933264794214299,13.933264794214299,-709091.7119071541,709091.7119071541,50892,15543277.564807283,17.476181320822526
dose,P4,50,4,3,dose_s2,2.0,0,4,0.25,1.0,"[0.25,1)",False,51797,-13.539536825261242,13.539536825261242,-701307.3889380565,701307.3889380565,51797,15393434.30612946,17.239134493836907
dose,P4,50,4,3,dose_s2,2.0,0,5,1.0,2.0,"[1,2)",False,16174,-13.210031422982137,13.210031422982137,-213659.0482353131,213659.0482353131,16174,4111135.4658149183,15.943078127791958
dose,P4,50,4,3,dose_s2,2.0,0,6,2.0,inf,"[2,inf)",False,1012,-13.095614091074694,13.095614091074694,-13252.76146016759,13252.76146016759,1012,157737.69492884513,12.48468211365816
dose,P4,50,4,3,dose_s2,2.0,1,0,-inf,-2.0,"[-inf,-2)",False,1335,-13.079262687630576,13.079262687630576,-17460.81568798682,17460.81568798682,1335,249718.0159074876,13.676793979718386
dose,P4,50,4,3,dose_s2,2.0,1,1,-2.0,-1.0,"[-2,-1)",False,15701,-13.20016290077293,13.20016290077293,-207255.7577050358,207255.7577050358,15701,4072196.1694163834,16.10462767370072
dose,P4,50,4,3,dose_s2,2.0,1,2,-1.0,-0.25,"[-1,-0.25)",False,54317,-13.518179745283554,13.518179745283554,-734266.9692245668,734266.9692245668,54317,15755676.58650435,17.031411459859864
dose,P4,50,4,3,dose_s2,2.0,1,3,-0.25,0.25,"[-0.25,0.25)",True,49460,-13.937510918024607,13.937510918024607,-689349.290005497,689349.290005497,49460,15106618.091860047,17.47658481565676
dose,P4,50,4,3,dose_s2,2.0,1,4,0.25,1.0,"[0.25,1)",False,53305,-13.526899387559407,13.526899387559407,-721051.3718538542,721051.3718538542,53305,15563773.00067738,17.087301013798726
dose,P4,50,4,3,dose_s2,2.0,1,5,1.0,2.0,"[1,2)",False,15655,-13.180846378304107,13.180846378304107,-206346.1500523508,206346.1500523508,15655,3978357.795593695,15.941360516773813
dose,P4,50,4,3,dose_s2,2.0,1,6,2.0,inf,"[2,inf)",False,1027,-13.116468459225404,13.116468459225404,-13470.61310762449,13470.61310762449,1027,164279.5230701809,12.647552617616027
dose,P4,50,4,3,dose_s2,2.0,2,0,-inf,-2.0,"[-inf,-2)",False,1290,-13.072689327025136,13.072689327025136,-16863.769231862425,16863.769231862425,1290,217390.67159732763,12.981521500311304
dose,P4,50,4,3,dose_s2,2.0,2,1,-2.0,-1.0,"[-2,-1)",False,16245,-13.199442375416986,13.199442375416986,-214424.94138864893,214424.94138864893,16245,4262139.105764951,16.197722416956193
dose,P4,50,4,3,dose_s2,2.0,2,2,-1.0,-0.25,"[-1,-0.25)",False,53640,-13.526942500836242,13.526942500836242,-725585.195744856,725585.195744856,53640,15377089.840558635,16.931393035050515
dose,P4,50,4,3,dose_s2,2.0,2,3,-0.25,0.25,"[-0.25,0.25)",True,49544,-13.946954070038219,13.946954070038219,-690987.8924459735,690987.8924459735,49544,15008132.624121543,17.40475025692019
dose,P4,50,4,3,dose_s2,2.0,2,4,0.25,1.0,"[0.25,1)",False,53158,-13.525321054115262,13.525321054115262,-718979.0165946591,718979.0165946591,53158,15815087.273074178,17.24850583761388
dose,P4,50,4,3,dose_s2,2.0,2,5,1.0,2.0,"[1,2)",False,15742,-13.207001182131469,13.207001182131469,-207904.6126091136,207904.6126091136,15742,4095166.2801095764,16.12893962536115
dose,P4,50,4,3,dose_s2,2.0,2,6,2.0,inf,"[2,inf)",False,1181,-13.107327292813787,13.107327292813787,-15479.753532813083,15479.753532813083,1181,226111.18804412844,13.83681317543636
dose,P4,50,4,3,dose_s2,2.0,3,0,-inf,-2.0,"[-inf,-2)",False,1214,-13.049917898564361,13.049917898564361,-15842.600328857136,15842.600328857136,1214,212844.98283685985,13.241048166130046
dose,P4,50,4,3,dose_s2,2.0,3,1,-2.0,-1.0,"[-2,-1)",False,16579,-13.197324545057779,13.197324545057779,-218798.4436325129,218798.4436325129,16579,4203901.232623766,15.923813638699562
dose,P4,50,4,3,dose_s2,2.0,3,2,-1.0,-0.25,"[-1,-0.25)",False,53725,-13.540826688489739,13.540826688489739,-727480.9138391112,727480.9138391112,53725,15840057.581825234,17.170785616133063
dose,P4,50,4,3,dose_s2,2.0,3,3,-0.25,0.25,"[-0.25,0.25)",True,50053,-13.91812109043308,13.91812109043308,-696643.714939447,696643.714939447,50053,14519596.624864532,17.03186551695743
dose,P4,50,4,3,dose_s2,2.0,3,4,0.25,1.0,"[0.25,1)",False,52343,-13.52344815452191,13.52344815452191,-707857.8467521403,707857.8467521403,52343,15455206.739879224,17.18336061001777
dose,P4,50,4,3,dose_s2,2.0,3,5,1.0,2.0,"[1,2)",False,15720,-13.194172979433551,13.194172979433551,-207412.39923669543,207412.39923669543,15720,3902290.3017310295,15.755548119560151
dose,P4,50,4,3,dose_s2,2.0,3,6,2.0,inf,"[2,inf)",False,1166,-13.09633454317427,13.09633454317427,-15270.3260773412,15270.3260773412,1166,161530.44884160688,11.770039618698608
dose,P4,50,4,3,dose_s2,2.0,4,0,-inf,-2.0,"[-inf,-2)",False,1257,-13.055638698937733,13.055638698937733,-16410.93784456473,16410.93784456473,1257,174099.88115962452,11.768784174856604
dose,P4,50,4,3,dose_s2,2.0,4,1,-2.0,-1.0,"[-2,-1)",False,16449,-13.190222315398948,13.190222315398948,-216965.9668659973,216965.9668659973,16449,4106133.0213746116,15.799624191404588
dose,P4,50,4,3,dose_s2,2.0,4,2,-1.0,-0.25,"[-1,-0.25)",False,53908,-13.527812448334817,13.527812448334817,-729257.3134648333,729257.3134648333,53908,15813247.517724847,17.12710359291574
dose,P4,50,4,3,dose_s2,2.0,4,3,-0.25,0.25,"[-0.25,0.25)",True,50083,-13.938252628907783,13.938252628907783,-698069.5064135885,698069.5064135885,50083,14914223.132259192,17.256596739440774
dose,P4,50,4,3,dose_s2,2.0,4,4,0.25,1.0,"[0.25,1)",False,52369,-13.532386496343499,13.532386496343499,-708677.5484270126,708677.5484270126,52369,15798861.927795459,17.36903783999908
dose,P4,50,4,3,dose_s2,2.0,4,5,1.0,2.0,"[1,2)",False,15681,-13.193023848021857,13.193023848021857,-206879.80696083076,206879.80696083076,15681,4121685.931915653,16.212521706387157
dose,P4,50,4,3,dose_s2,2.0,4,6,2.0,inf,"[2,inf)",False,1053,-13.046798939784976,13.046798939784976,-13738.27928359358,13738.27928359358,1053,138141.26958378436,11.45374568440491
dose,P4,50,4,3,dose_s2,2.0,5,0,-inf,-2.0,"[-inf,-2)",False,1306,-13.099407275825056,13.099407275825056,-17107.825902227523,17107.825902227523,1306,209075.0384549677,12.652592010138221
dose,P4,50,4,3,dose_s2,2.0,5,1,-2.0,-1.0,"[-2,-1)",False,16022,-13.205106733993848,13.205106733993848,-211572.22009204942,211572.22009204942,16022,4105786.77893567,16.008101608949016
dose,P4,50,4,3,dose_s2,2.0,5,2,-1.0,-0.25,"[-1,-0.25)",False,53414,-13.526457341628499,13.526457341628499,-722502.1924457446,722502.1924457446,53414,15686526.018507397,17.13704101086063
dose,P4,50,4,3,dose_s2,2.0,5,3,-0.25,0.25,"[-0.25,0.25)",True,49965,-13.943580495429327,13.943580495429327,-696690.9994541263,696690.9994541263,49965,14899659.346684253,17.26852420687661
dose,P4,50,4,3,dose_s2,2.0,5,4,0.25,1.0,"[0.25,1)",False,52481,-13.52753848279207,13.52753848279207,-709938.7471154106,709938.7471154106,52481,15927268.929014424,17.420860604357642
dose,P4,50,4,3,dose_s2,2.0,5,5,1.0,2.0,"[1,2)",False,16456,-13.194463763139169,13.194463763139169,-217128.09568621815,217128.09568621815,16456,4330297.117654141,16.221712819538983
dose,P4,50,4,3,dose_s2,2.0,5,6,2.0,inf,"[2,inf)",False,1156,-13.118208347859067,13.118208347859067,-15164.64885012508,15164.64885012508,1156,205124.46159584686,13.320784732092935
dose,P4,50,4,3,dose_s2,2.0,6,0,-inf,-2.0,"[-inf,-2)",False,1264,-13.125918341736446,13.125918341736446,-16591.160783954867,16591.160783954867,1264,226074.06894223616,13.373708057271783
dose,P4,50,4,3,dose_s2,2.0,6,1,-2.0,-1.0,"[-2,-1)",False,15926,-13.17991659952243,13.17991659952243,-209903.35176399423,209903.35176399423,15926,4023676.019088221,15.894912687594108
dose,P4,50,4,3,dose_s2,2.0,6,2,-1.0,-0.25,"[-1,-0.25)",False,54565,-13.526680935327384,13.526680935327384,-738083.3452361387,738083.3452361387,54565,15869125.508408623,17.053731370556324
dose,P4,50,4,3,dose_s2,2.0,6,3,-0.25,0.25,"[-0.25,0.25)",True,50372,-13.92955843735585,13.92955843735585,-701659.7176064888,701659.7176064888,50372,15451476.819948737,17.514203841954004
dose,P4,50,4,3,dose_s2,2.0,6,4,0.25,1.0,"[0.25,1)",False,51413,-13.537126500390539,13.537126500390539,-695984.2847645788,695984.2847645788,51413,15202619.544602638,17.195814064163613
dose,P4,50,4,3,dose_s2,2.0,6,5,1.0,2.0,"[1,2)",False,16134,-13.196625201093903,13.196625201093903,-212914.35099444905,212914.35099444905,16134,4126777.493341277,15.993168038528054
dose,P4,50,4,3,dose_s2,2.0,6,6,2.0,inf,"[2,inf)",False,1126,-13.15724901098787,13.15724901098787,-14815.062386372341,14815.062386372341,1126,181705.97012410586,12.70326632183366
dose,P4,50,4,3,dose_s2,2.0,7,0,-inf,-2.0,"[-inf,-2)",False,1261,-13.042285563422668,13.042285563422668,-16446.322095475985,16446.322095475985,1261,253535.71449210346,14.179536317947539
dose,P4,50,4,3,dose_s2,2.0,7,1,-2.0,-1.0,"[-2,-1)",False,15912,-13.189399305421997,13.189399305421997,-209869.7217478748,209869.7217478748,15912,4042181.3950534356,15.938429080665902
dose,P4,50,4,3,dose_s2,2.0,7,2,-1.0,-0.25,"[-1,-0.25)",False,53370,-13.522650815746665,13.522650815746665,-721703.8740363995,721703.8740363995,53370,15244758.78815468,16.900971801054045
dose,P4,50,4,3,dose_s2,2.0,7,3,-0.25,0.25,"[-0.25,0.25)",True,49984,-13.930418179503771,13.930418179503771,-696298.0222843165,696298.0222843165,49984,15068609.149575515,17.3628526734652
dose,P4,50,4,3,dose_s2,2.0,7,4,0.25,1.0,"[0.25,1)",False,53135,-13.540419446868455,13.540419446868455,-719470.1873093554,719470.1873093554,53135,15767382.973808838,17.22619922814445
dose,P4,50,4,3,dose_s2,2.0,7,5,1.0,2.0,"[1,2)",False,16031,-13.1986340909923,13.1986340909923,-211587.30311269755,211587.30311269755,16031,3963980.654415797,15.724811790476567
dose,P4,50,4,3,dose_s2,2.0,7,6,2.0,inf,"[2,inf)",False,1107,-13.15053094855851,13.15053094855851,-14557.637760054271,14557.637760054271,1107,214820.38377079196,13.930411117521064
dose,P4,50,4,3,dose_s2,2.0,8,0,-inf,-2.0,"[-inf,-2)",False,1274,-13.119578594078718,13.119578594078718,-16714.343128856286,16714.343128856286,1274,257571.76256958858,14.218847977586798
dose,P4,50,4,3,dose_s2,2.0,8,1,-2.0,-1.0,"[-2,-1)",False,16499,-13.18941486765003,13.18941486765003,-217612.15590135782,217612.15590135782,16499,4226718.354022072,16.005632596241593
dose,P4,50,4,3,dose_s2,2.0,8,2,-1.0,-0.25,"[-1,-0.25)",False,53834,-13.525892151411487,13.525892151411487,-728152.878079086,728152.878079086,53834,15774888.076339245,17.11807079714989
dose,P4,50,4,3,dose_s2,2.0,8,3,-0.25,0.25,"[-0.25,0.25)",True,49630,-13.939633264055852,13.939633264055852,-691823.9988950919,691823.9988950919,49630,15093029.119165126,17.438778736239176
dose,P4,50,4,3,dose_s2,2.0,8,4,0.25,1.0,"[0.25,1)",False,52351,-13.530013005616292,13.530013005616292,-708309.7108570185,708309.7108570185,52351,15669998.768372647,17.30103123541493
dose,P4,50,4,3,dose_s2,2.0,8,5,1.0,2.0,"[1,2)",False,16084,-13.187735733595991,13.187735733595991,-212111.54153915792,212111.54153915792,16084,4008343.881199924,15.786485475738349
dose,P4,50,4,3,dose_s2,2.0,8,6,2.0,inf,"[2,inf)",False,1128,-13.037156203255838,13.037156203255838,-14705.912197272586,14705.912197272586,1128,175107.36065404513,12.45941498853068
dose,P4,50,4,3,dose_s2,2.0,9,0,-inf,-2.0,"[-inf,-2)",False,1108,-13.141467206428745,13.141467206428745,-14560.745664723048,14560.745664723048,1108,212852.0472984992,13.860185273977054
dose,P4,50,4,3,dose_s2,2.0,9,1,-2.0,-1.0,"[-2,-1)",False,15963,-13.190005315024854,13.190005315024854,-210552.05484374173,210552.05484374173,15963,3981404.0943510146,15.79286316633574
dose,P4,50,4,3,dose_s2,2.0,9,2,-1.0,-0.25,"[-1,-0.25)",False,53327,-13.520501870530977,13.520501870530977,-721007.8032498054,721007.8032498054,53327,15523602.80465236,17.06171506514208
dose,P4,50,4,3,dose_s2,2.0,9,3,-0.25,0.25,"[-0.25,0.25)",True,50392,-13.94590604955901,13.94590604955901,-702762.0976493777,702762.0976493777,50392,15445183.709047614,17.507161638179095
dose,P4,50,4,3,dose_s2,2.0,9,4,0.25,1.0,"[0.25,1)",False,53334,-13.522698691367042,13.522698691367042,-721219.6120053699,721219.6120053699,53334,15488412.053649614,17.041246901407504
dose,P4,50,4,3,dose_s2,2.0,9,5,1.0,2.0,"[1,2)",False,15581,-13.201933049182106,13.201933049182106,-205699.3188393064,205699.3188393064,15581,4170319.3105268786,16.360139056866466
dose,P4,50,4,3,dose_s2,2.0,9,6,2.0,inf,"[2,inf)",False,1095,-13.18556573471253,13.18556573471253,-14438.194479510219,14438.194479510219,1095,161744.1600869009,12.153664538862227
dose,P4,50,4,3,dose_s4,4.0,0,0,-inf,-2.0,"[-inf,-2)",False,1201,-26.977218308640193,26.977218308640193,-32399.639188676872,32399.639188676872,1201,718257.6085404742,24.455053310581345
dose,P4,50,4,3,dose_s4,4.0,0,1,-2.0,-1.0,"[-2,-1)",False,15874,-27.194718158249522,27.194718158249522,-431688.9560440529,431688.9560440529,15874,14678252.934280504,30.408429837105235
dose,P4,50,4,3,dose_s4,4.0,0,2,-1.0,-0.25,"[-1,-0.25)",False,53850,-27.589047507640572,27.589047507640572,-1485670.208286445,1485670.208286445,53850,60697049.04665237,33.57306063086199
dose,P4,50,4,3,dose_s4,4.0,0,3,-0.25,0.25,"[-0.25,0.25)",True,50892,-27.997818697218662,27.997818697218662,-1424864.989138852,1424864.989138852,50892,60733006.32106675,34.545193565992406
dose,P4,50,4,3,dose_s4,4.0,0,4,0.25,1.0,"[0.25,1)",False,51797,-27.612431376901768,27.612431376901768,-1430241.108029381,1430241.108029381,51797,58902908.3112636,33.72221289237842
dose,P4,50,4,3,dose_s4,4.0,0,5,1.0,2.0,"[1,2)",False,16174,-27.280728252090356,27.280728252090356,-441238.4987493094,441238.4987493094,16174,15067179.312468437,30.521597370566518
dose,P4,50,4,3,dose_s4,4.0,0,6,2.0,inf,"[2,inf)",False,1012,-27.135262339563532,27.135262339563532,-27460.885487638294,27460.885487638294,1012,535904.1459847769,23.01194366776428
dose,P4,50,4,3,dose_s4,4.0,1,0,-inf,-2.0,"[-inf,-2)",False,1335,-27.10568169405296,27.10568169405296,-36186.085061560705,36186.085061560705,1335,867783.0408462675,25.495582944847104
dose,P4,50,4,3,dose_s4,4.0,1,1,-2.0,-1.0,"[-2,-1)",False,15701,-27.260321398577094,27.260321398577094,-428014.306279059,428014.306279059,15701,14958334.540027427,30.865830302935745
dose,P4,50,4,3,dose_s4,4.0,1,2,-1.0,-0.25,"[-1,-0.25)",False,54317,-27.574254843644916,27.574254843644916,-1497750.8003422609,1497750.8003422609,54317,60231475.13534709,33.29997152885982
dose,P4,50,4,3,dose_s4,4.0,1,3,-0.25,0.25,"[-0.25,0.25)",True,49460,-28.006653682584677,28.006653682584677,-1385209.091140638,1385209.091140638,49460,59038748.67571225,34.549480061170456
dose,P4,50,4,3,dose_s4,4.0,1,4,0.25,1.0,"[0.25,1)",False,53305,-27.59029744326357,27.59029744326357,-1470700.8052131645,1470700.8052131645,53305,59504276.542889275,33.41104934909721
dose,P4,50,4,3,dose_s4,4.0,1,5,1.0,2.0,"[1,2)",False,15655,-27.22310208376693,27.22310208376693,-426177.66312137124,426177.66312137124,15655,14575847.542266015,30.513383864182067
dose,P4,50,4,3,dose_s4,4.0,1,6,2.0,inf,"[2,inf)",False,1027,-27.16953180082696,27.16953180082696,-27903.109159449286,27903.109159449286,1027,555118.4718796526,23.249178810547328
dose,P4,50,4,3,dose_s4,4.0,2,0,-inf,-2.0,"[-inf,-2)",False,1290,-27.085288453305754,27.085288453305754,-34940.02210476442,34940.02210476442,1290,741607.5603161762,23.97685512406593
dose,P4,50,4,3,dose_s4,4.0,2,1,-2.0,-1.0,"[-2,-1)",False,16245,-27.26096020344526,27.26096020344526,-442854.2985049683,442854.2985049683,16245,15647817.640630683,31.0360919780697
dose,P4,50,4,3,dose_s4,4.0,2,2,-1.0,-0.25,"[-1,-0.25)",False,53640,-27.592374623092496,27.592374623092496,-1480054.9747826816,1480054.9747826816,53640,58742829.937778965,33.09276443199156
dose,P4,50,4,3,dose_s4,4.0,2,3,-0.25,0.25,"[-0.25,0.25)",True,49544,-28.025297307312176,28.025297307312176,-1388485.3297934744,1388485.3297934744,49544,58638422.86831294,34.40294388278734
dose,P4,50,4,3,dose_s4,4.0,2,4,0.25,1.0,"[0.25,1)",False,53158,-27.58910259477908,27.58910259477908,-1466581.5157332665,1466581.5157332665,53158,60484094.53943827,33.73154824705206
dose,P4,50,4,3,dose_s4,4.0,2,5,1.0,2.0,"[1,2)",False,15742,-27.275478360586987,27.275478360586987,-429370.5803523604,429370.5803523604,15742,15033142.190543719,30.902593462649815
dose,P4,50,4,3,dose_s4,4.0,2,6,2.0,inf,"[2,inf)",False,1181,-27.155702500954497,27.155702500954497,-32070.88465362726,32070.88465362726,1181,789914.8828182418,25.862184130669863
dose,P4,50,4,3,dose_s4,4.0,3,0,-inf,-2.0,"[-inf,-2)",False,1214,-27.03653065343513,27.03653065343513,-32822.34821327025,32822.34821327025,1214,736718.1845169113,24.634363840165367
dose,P4,50,4,3,dose_s4,4.0,3,1,-2.0,-1.0,"[-2,-1)",False,16579,-27.2583059154935,27.2583059154935,-451915.45377296675,451915.45377296675,16579,15389739.500274578,30.467475358557767
dose,P4,50,4,3,dose_s4,4.0,3,2,-1.0,-0.25,"[-1,-0.25)",False,53725,-27.615752210614193,27.615752210614193,-1483656.2875152475,1483656.2875152475,53725,60603572.24098333,33.586202334711594
dose,P4,50,4,3,dose_s4,4.0,3,3,-0.25,0.25,"[-0.25,0.25)",True,50053,-27.970542756191133,27.970542756191133,-1400009.5765756348,1400009.5765756348,50053,56689303.448929556,33.653908069027786
dose,P4,50,4,3,dose_s4,4.0,3,4,0.25,1.0,"[0.25,1)",False,52343,-27.584534066735436,27.584534066735436,-1443857.2666551329,1443857.2666551329,52343,59102160.72256801,33.60256069037859
dose,P4,50,4,3,dose_s4,4.0,3,5,1.0,2.0,"[1,2)",False,15720,-27.25185201698816,27.25185201698816,-428399.1137070539,428399.1137070539,15720,14288730.868021537,30.14883654959161
dose,P4,50,4,3,dose_s4,4.0,3,6,2.0,inf,"[2,inf)",False,1166,-27.133251869702374,27.133251869702374,-31637.371680072967,31637.371680072967,1166,540589.251469901,21.53200281773547
dose,P4,50,4,3,dose_s4,4.0,4,0,-inf,-2.0,"[-inf,-2)",False,1257,-27.05181578563284,27.05181578563284,-34004.13244254048,34004.13244254048,1257,568985.3609442036,21.275653445896403
dose,P4,50,4,3,dose_s4,4.0,4,1,-2.0,-1.0,"[-2,-1)",False,16449,-27.24603069244269,27.24603069244269,-448169.9588599898,448169.9588599898,16449,15014302.549297241,30.21223340495996
dose,P4,50,4,3,dose_s4,4.0,4,2,-1.0,-0.25,"[-1,-0.25)",False,53908,-27.59296619103957,27.59296619103957,-1487481.6214265611,1487481.6214265611,53908,60484546.947001055,33.49620502443264
dose,P4,50,4,3,dose_s4,4.0,4,3,-0.25,0.25,"[-0.25,0.25)",True,50083,-28.008698698399467,28.008698698399467,-1402759.6569119405,1402759.6569119405,50083,58251314.43891949,34.10418669555273
dose,P4,50,4,3,dose_s4,4.0,4,4,0.25,1.0,"[0.25,1)",False,52369,-27.59753570479538,27.59753570479538,-1445255.3473244293,1445255.3473244293,52369,60498540.84242335,33.9887591292852
dose,P4,50,4,3,dose_s4,4.0,4,5,1.0,2.0,"[1,2)",False,15681,-27.246047176060816,27.246047176060816,-427245.26576780964,427245.26576780964,15681,15153398.316730272,31.086236170541824
dose,P4,50,4,3,dose_s4,4.0,4,6,2.0,inf,"[2,inf)",False,1053,-27.036772519047954,27.036772519047954,-28469.721462557496,28469.721462557496,1053,449750.1738440071,20.666716612475422
dose,P4,50,4,3,dose_s4,4.0,5,0,-inf,-2.0,"[-inf,-2)",False,1306,-27.145061905090685,27.145061905090685,-35451.45084804844,35451.45084804844,1306,714047.008571223,23.382546870268285
dose,P4,50,4,3,dose_s4,4.0,5,1,-2.0,-1.0,"[-2,-1)",False,16022,-27.274396234782756,27.274396234782756,-436990.37647368934,436990.37647368934,16022,15073597.637522398,30.672565001316404
dose,P4,50,4,3,dose_s4,4.0,5,2,-1.0,-0.25,"[-1,-0.25)",False,53414,-27.589519107993436,27.589519107993436,-1473666.5736343614,1473666.5736343614,53414,59998174.01799686,33.515173008199056
dose,P4,50,4,3,dose_s4,4.0,5,3,-0.25,0.25,"[-0.25,0.25)",True,49965,-28.01827236434772,28.01827236434772,-1399932.9786846337,1399932.9786846337,49965,58186734.857997544,34.125501931508715
dose,P4,50,4,3,dose_s4,4.0,5,4,0.25,1.0,"[0.25,1)",False,52481,-27.587727193799143,27.587727193799143,-1447831.5108577728,1447831.5108577728,52481,60982245.06507703,34.087931901677145
dose,P4,50,4,3,dose_s4,4.0,5,5,1.0,2.0,"[1,2)",False,16456,-27.251243364578883,27.251243364578883,-448446.4608075101,448446.4608075101,16456,15908104.457383469,31.09188678743055
dose,P4,50,4,3,dose_s4,4.0,5,6,2.0,inf,"[2,inf)",False,1156,-27.175202797553435,27.175202797553435,-31414.53443397177,31414.53443397177,1156,711758.221920286,24.813460146245486
dose,P4,50,4,3,dose_s4,4.0,6,0,-inf,-2.0,"[-inf,-2)",False,1264,-27.19582742064882,27.19582742064882,-34375.52585970011,34375.52585970011,1264,782152.951259348,24.87552797066033
dose,P4,50,4,3,dose_s4,4.0,6,1,-2.0,-1.0,"[-2,-1)",False,15926,-27.223570918398046,27.223570918398046,-433562.59044640727,433562.59044640727,15926,14743138.09030426,30.425772313790745
dose,P4,50,4,3,dose_s4,4.0,6,2,-1.0,-0.25,"[-1,-0.25)",False,54565,-27.59069882387736,27.59069882387736,-1505486.4813248683,1505486.4813248683,54565,60636869.1490348,33.3358324711857
dose,P4,50,4,3,dose_s4,4.0,6,3,-0.25,0.25,"[-0.25,0.25)",True,50372,-27.989245048244193,27.989245048244193,-1409874.2515701565,1409874.2515701565,50372,60373398.52837049,34.62009175269973
dose,P4,50,4,3,dose_s4,4.0,6,4,0.25,1.0,"[0.25,1)",False,51413,-27.609179903433883,27.609179903433883,-1419470.7663752462,1419470.7663752462,51413,58160555.93461655,33.63394436774042
dose,P4,50,4,3,dose_s4,4.0,6,5,1.0,2.0,"[1,2)",False,16134,-27.255968960612705,27.255968960612705,-439747.80321052537,439747.80321052537,16134,15114767.996324917,30.607630960818422
dose,P4,50,4,3,dose_s4,4.0,6,6,2.0,inf,"[2,inf)",False,1126,-27.256305881205055,27.256305881205055,-30690.60042223689,30690.60042223689,1126,617151.4039744061,23.411361195252407
dose,P4,50,4,3,dose_s4,4.0,7,0,-inf,-2.0,"[-inf,-2)",False,1261,-27.029301890290817,27.029301890290817,-34083.94968365672,34083.94968365672,1261,894615.0762701958,26.635482173275022
dose,P4,50,4,3,dose_s4,4.0,7,1,-2.0,-1.0,"[-2,-1)",False,15912,-27.239826496416857,27.239826496416857,-433440.119210985,433440.119210985,15912,14803065.251650304,30.50095529214912
dose,P4,50,4,3,dose_s4,4.0,7,2,-1.0,-0.25,"[-1,-0.25)",False,53370,-27.5864323904945,27.5864323904945,-1472287.8966806915,1472287.8966806915,53370,58227734.07242191,33.0305909370507
dose,P4,50,4,3,dose_s4,4.0,7,3,-0.25,0.25,"[-0.25,0.25)",True,49984,-27.99354236914858,27.99354236914858,-1399229.2217795227,1399229.2217795227,49984,58893846.81742536,34.325704328117524
dose,P4,50,4,3,dose_s4,4.0,7,4,0.25,1.0,"[0.25,1)",False,53135,-27.617383431161283,27.617383431161283,-1467449.6686147547,1467449.6686147547,53135,60328817.99555616,33.695512459451855
dose,P4,50,4,3,dose_s4,4.0,7,5,1.0,2.0,"[1,2)",False,16031,-27.26019171079376,27.26019171079376,-437008.13331573474,437008.13331573474,16031,14498614.317898478,30.073428443820163
dose,P4,50,4,3,dose_s4,4.0,7,6,2.0,inf,"[2,inf)",False,1107,-27.24292653583628,27.24292653583628,-30157.91967517076,30157.91967517076,1107,751253.1207323136,26.05069619253795
dose,P4,50,4,3,dose_s4,4.0,8,0,-inf,-2.0,"[-inf,-2)",False,1274,-27.18752350935286,27.18752350935286,-34636.904950915545,34636.904950915545,1274,908569.0780981904,26.705103289040625
dose,P4,50,4,3,dose_s4,4.0,8,1,-2.0,-1.0,"[-2,-1)",False,16499,-27.243714414820314,27.243714414820314,-449494.04413012037,449494.04413012037,16499,15505133.804778127,30.655538396059388
dose,P4,50,4,3,dose_s4,4.0,8,2,-1.0,-0.25,"[-1,-0.25)",False,53834,-27.58754928261455,27.58754928261455,-1485148.1280802717,1485148.1280802717,53834,60334119.627807714,33.47751127197678
dose,P4,50,4,3,dose_s4,4.0,8,3,-0.25,0.25,"[-0.25,0.25)",True,49630,-28.011582054894557,28.011582054894557,-1390214.817384417,1390214.817384417,49630,58959730.59766135,34.46716852569922
dose,P4,50,4,3,dose_s4,4.0,8,4,0.25,1.0,"[0.25,1)",False,52351,-27.594838596542708,27.594838596542708,-1444617.3953676072,1444617.3953676072,52351,59948018.59012352,33.83957700369427
dose,P4,50,4,3,dose_s4,4.0,8,5,1.0,2.0,"[1,2)",False,16084,-27.239575455573576,27.239575455573576,-438121.3316274454,438121.3316274454,16084,14664783.367301887,30.19540045867671
dose,P4,50,4,3,dose_s4,4.0,8,6,2.0,inf,"[2,inf)",False,1128,-27.013247490098944,27.013247490098944,-30470.94316883161,30470.94316883161,1128,591184.1462035361,22.893217781544074
dose,P4,50,4,3,dose_s4,4.0,9,0,-inf,-2.0,"[-inf,-2)",False,1108,-27.227657576822285,27.227657576822285,-30168.244595119093,30168.244595119093,1108,744002.8767869689,25.912984019260747
dose,P4,50,4,3,dose_s4,4.0,9,1,-2.0,-1.0,"[-2,-1)",False,15963,-27.243361655512935,27.243361655512935,-434885.782106953,434885.782106953,15963,14567376.399448209,30.208795841668515
dose,P4,50,4,3,dose_s4,4.0,9,2,-1.0,-0.25,"[-1,-0.25)",False,53327,-27.57768364782083,27.57768364782083,-1470635.1358873413,1470635.1358873413,53327,59334228.16211419,33.356392267406875
dose,P4,50,4,3,dose_s4,4.0,9,3,-0.25,0.25,"[-0.25,0.25)",True,50392,-28.02376828704831,28.02376828704831,-1412173.7315209385,1412173.7315209385,50392,60365722.238200836,34.611020362833194
dose,P4,50,4,3,dose_s4,4.0,9,4,0.25,1.0,"[0.25,1)",False,53334,-27.581480089727403,27.581480089727403,-1471030.6591055214,1471030.6591055214,53334,59199626.35218608,33.31634913018677
dose,P4,50,4,3,dose_s4,4.0,9,5,1.0,2.0,"[1,2)",False,15581,-27.26353813523896,27.26353813523896,-424793.1876851582,424793.1876851582,15581,15372430.3237979,31.410409823997245
dose,P4,50,4,3,dose_s4,4.0,9,6,2.0,inf,"[2,inf)",False,1095,-27.313071704640034,27.313071704640034,-29907.813516580838,29907.813516580838,1095,539770.4457563978,22.202275702118346
dose,P4,50,3,6,dose_s0.5,0.5,0,0,-inf,-2.0,"[-inf,-2)",False,556,-2.63245910612806,2.63245910612806,-1463.6472630072014,1463.6472630072014,556,10754.981378095794,4.398123655290134
dose,P4,50,3,6,dose_s0.5,0.5,0,1,-2.0,-1.0,"[-2,-1)",False,7949,-2.7368005244291074,2.7368005244291074,-21754.827368686976,21754.827368686976,7949,148202.28944469953,4.317886356725489
dose,P4,50,3,6,dose_s0.5,0.5,0,2,-1.0,-0.25,"[-1,-0.25)",False,28800,-3.0391602729279152,3.0391602729279152,-87527.81586032396,87527.81586032396,28800,400981.5784766016,3.7313498194195085
dose,P4,50,3,6,dose_s0.5,0.5,0,3,-0.25,0.25,"[-0.25,0.25)",True,27045,-3.3961006484790763,3.3961006484790763,-91847.54203811662,91847.54203811662,27045,295990.3130856964,3.3082266522093797
dose,P4,50,3,6,dose_s0.5,0.5,0,4,0.25,1.0,"[0.25,1)",False,28023,-3.0373360704030707,3.0373360704030707,-85115.26870090525,85115.26870090525,28023,396660.41341823677,3.762288687214682
dose,P4,50,3,6,dose_s0.5,0.5,0,5,1.0,2.0,"[1,2)",False,7956,-2.7351086562887432,2.7351086562887432,-21760.52446943324,21760.52446943324,7956,144871.17211451128,4.267205908881392
dose,P4,50,3,6,dose_s0.5,0.5,0,6,2.0,inf,"[2,inf)",False,471,-2.6555778355686157,2.6555778355686157,-1250.777160552818,1250.777160552818,471,9120.667692132864,4.40050848541602
dose,P4,50,3,6,dose_s0.5,0.5,1,0,-inf,-2.0,"[-inf,-2)",False,575,-2.659165483652807,2.659165483652807,-1529.020153100364,1529.020153100364,575,10736.16149091572,4.321062971259798
dose,P4,50,3,6,dose_s0.5,0.5,1,1,-2.0,-1.0,"[-2,-1)",False,7786,-2.738093231694342,2.738093231694342,-21318.79390197215,21318.79390197215,7786,145781.94672880525,4.327077493093488
dose,P4,50,3,6,dose_s0.5,0.5,1,2,-1.0,-0.25,"[-1,-0.25)",False,28768,-3.0377795253374895,3.0377795253374895,-87390.8413849089,87390.8413849089,28768,401155.9624217269,3.7342362518345005
dose,P4,50,3,6,dose_s0.5,0.5,1,3,-0.25,0.25,"[-0.25,0.25)",True,27290,-3.399460777466939,3.399460777466939,-92771.28461707277,92771.28461707277,27290,289680.94365136814,3.258053379406517
dose,P4,50,3,6,dose_s0.5,0.5,1,4,0.25,1.0,"[0.25,1)",False,28047,-3.03823785466567,3.03823785466567,-85213.45710980805,85213.45710980805,28047,396261.5666536903,3.758787456205917
dose,P4,50,3,6,dose_s0.5,0.5,1,5,1.0,2.0,"[1,2)",False,7867,-2.7371963437259934,2.7371963437259934,-21533.523636092392,21533.523636092392,7867,145706.5878598978,4.303630918448896
dose,P4,50,3,6,dose_s0.5,0.5,1,6,2.0,inf,"[2,inf)",False,467,-2.6706561628024343,2.6706561628024343,-1247.1964280287368,1247.1964280287368,467,8347.679245424653,4.227897368341176
dose,P4,50,3,6,dose_s0.5,0.5,2,0,-inf,-2.0,"[-inf,-2)",False,551,-2.658200641362837,2.658200641362837,-1464.668553390923,1464.668553390923,551,10635.857888415403,4.393498308147394
dose,P4,50,3,6,dose_s0.5,0.5,2,1,-2.0,-1.0,"[-2,-1)",False,8018,-2.7361508002846935,2.7361508002846935,-21938.45711668267,21938.45711668267,8018,149227.3476752768,4.3141096982818805
dose,P4,50,3,6,dose_s0.5,0.5,2,2,-1.0,-0.25,"[-1,-0.25)",False,29092,-3.0389541458512705,3.0389541458512705,-88409.25401110516,88409.25401110516,29092,409003.10690687905,3.7495272487510842
dose,P4,50,3,6,dose_s0.5,0.5,2,3,-0.25,0.25,"[-0.25,0.25)",True,27001,-3.396899091436694,3.396899091436694,-91719.67236788217,91719.67236788217,27001,289851.60311830067,3.276407632302815
dose,P4,50,3,6,dose_s0.5,0.5,2,4,0.25,1.0,"[0.25,1)",False,27973,-3.0410488815668435,3.0410488815668435,-85067.26036406931,85067.26036406931,27973,387457.2763131443,3.7217087878961483
dose,P4,50,3,6,dose_s0.5,0.5,2,5,1.0,2.0,"[1,2)",False,7720,-2.741045739971763,2.741045739971763,-21160.873112582012,21160.873112582012,7720,144218.40370544416,4.322168480792121
dose,P4,50,3,6,dose_s0.5,0.5,2,6,2.0,inf,"[2,inf)",False,445,-2.6605810882562553,2.6605810882562553,-1183.9585842740337,1183.9585842740337,445,7968.591780952018,4.231660173308353
dose,P4,50,3,6,dose_s0.5,0.5,3,0,-inf,-2.0,"[-inf,-2)",False,446,-2.6793970584138957,2.6793970584138957,-1195.0110880525974,1195.0110880525974,446,8117.353096283085,4.266186032653605
dose,P4,50,3,6,dose_s0.5,0.5,3,1,-2.0,-1.0,"[-2,-1)",False,8127,-2.729401215987765,2.729401215987765,-22181.84368233257,22181.84368233257,8127,149997.42413017616,4.2961236305614
dose,P4,50,3,6,dose_s0.5,0.5,3,2,-1.0,-0.25,"[-1,-0.25)",False,28675,-3.0335871464750115,3.0335871464750115,-86988.11142517095,86988.11142517095,28675,402778.667989791,3.747844102116279
dose,P4,50,3,6,dose_s0.5,0.5,3,3,-0.25,0.25,"[-0.25,0.25)",True,27186,-3.3959601851645895,3.3959601851645895,-92322.57359388453,92322.57359388453,27186,288121.05617233634,3.255478584495352
dose,P4,50,3,6,dose_s0.5,0.5,3,4,0.25,1.0,"[0.25,1)",False,27879,-3.034947116899848,3.034947116899848,-84611.29067205086,84611.29067205086,27879,388519.42862605874,3.733084106898118
dose,P4,50,3,6,dose_s0.5,0.5,3,5,1.0,2.0,"[1,2)",False,8045,-2.7395317386606957,2.7395317386606957,-22039.532837525298,22039.532837525298,8045,150328.2927748378,4.322722319377682
dose,P4,50,3,6,dose_s0.5,0.5,3,6,2.0,inf,"[2,inf)",False,442,-2.664961694745329,2.664961694745329,-1177.9130690774355,1177.9130690774355,442,8163.432778014317,4.297592922513044
dose,P4,50,3,6,dose_s0.5,0.5,4,0,-inf,-2.0,"[-inf,-2)",False,498,-2.639190383240019,2.639190383240019,-1314.3168108535294,1314.3168108535294,498,9190.550245743107,4.295919013689028
dose,P4,50,3,6,dose_s0.5,0.5,4,1,-2.0,-1.0,"[-2,-1)",False,7719,-2.7377055452903596,2.7377055452903596,-21132.349104096287,21132.349104096287,7719,144234.84297092952,4.322694789258695
dose,P4,50,3,6,dose_s0.5,0.5,4,2,-1.0,-0.25,"[-1,-0.25)",False,29006,-3.0362154960249157,3.0362154960249157,-88068.4666776987,88068.4666776987,29006,407898.98926758615,3.750009718747139
dose,P4,50,3,6,dose_s0.5,0.5,4,3,-0.25,0.25,"[-0.25,0.25)",True,27456,-3.3990567670207907,3.3990567670207907,-93324.50259532283,93324.50259532283,27456,293173.07931699953,3.2677092780987675
dose,P4,50,3,6,dose_s0.5,0.5,4,4,0.25,1.0,"[0.25,1)",False,27772,-3.0378746453032606,3.0378746453032606,-84367.85464936215,84367.85464936215,27772,390492.6070321008,3.749754454643319
dose,P4,50,3,6,dose_s0.5,0.5,4,5,1.0,2.0,"[1,2)",False,7847,-2.739969101321126,2.739969101321126,-21500.537538066877,21500.537538066877,7847,146875.51703637082,4.32636222450966
dose,P4,50,3,6,dose_s0.5,0.5,4,6,2.0,inf,"[2,inf)",False,502,-2.6889402437117678,2.6889402437117678,-1349.8480023433074,1349.8480023433074,502,8775.690751943237,4.181083075132785
dose,P4,50,3,6,dose_s0.5,0.5,5,0,-inf,-2.0,"[-inf,-2)",False,505,-2.6419312054957906,2.6419312054957906,-1334.1752587753742,1334.1752587753742,505,9589.093749560849,4.357557165956167
dose,P4,50,3,6,dose_s0.5,0.5,5,1,-2.0,-1.0,"[-2,-1)",False,7950,-2.7422796308227535,2.7422796308227535,-21801.12306504089,21801.12306504089,7950,146905.977085365,4.298690411744111
dose,P4,50,3,6,dose_s0.5,0.5,5,2,-1.0,-0.25,"[-1,-0.25)",False,28802,-3.034384634425467,3.034384634425467,-87396.3462407223,87396.3462407223,28802,407502.53680097,3.761437372916534
dose,P4,50,3,6,dose_s0.5,0.5,5,3,-0.25,0.25,"[-0.25,0.25)",True,27331,-3.3977828484530486,3.3977828484530486,-92864.80303107027,92864.80303107027,27331,289288.2581798744,3.253401347486699
dose,P4,50,3,6,dose_s0.5,0.5,5,4,0.25,1.0,"[0.25,1)",False,28146,-3.034664569780538,3.034664569780538,-85413.66898104303,85413.66898104303,28146,395420.8286158281,3.7481885466665723
dose,P4,50,3,6,dose_s0.5,0.5,5,5,1.0,2.0,"[1,2)",False,7545,-2.7432252455342305,2.7432252455342305,-20697.63447755577,20697.63447755577,7545,139122.06695464614,4.29406277048033
dose,P4,50,3,6,dose_s0.5,0.5,5,6,2.0,inf,"[2,inf)",False,521,-2.659922042450045,2.659922042450045,-1385.8193841164734,1385.8193841164734,521,9785.166914182124,4.333763998178059
dose,P4,50,3,6,dose_s0.5,0.5,6,0,-inf,-2.0,"[-inf,-2)",False,451,-2.6710377378555097,2.6710377378555097,-1204.638019772835,1204.638019772835,451,8635.754429132501,4.375844404830079
dose,P4,50,3,6,dose_s0.5,0.5,6,1,-2.0,-1.0,"[-2,-1)",False,7989,-2.7380434348594553,2.7380434348594553,-21874.22900109219,21874.22900109219,7989,145803.08284364842,4.272058024551295
dose,P4,50,3,6,dose_s0.5,0.5,6,2,-1.0,-0.25,"[-1,-0.25)",False,28488,-3.034722245371423,3.034722245371423,-86453.1673261411,86453.1673261411,28488,399723.3970633275,3.7458363905528027
dose,P4,50,3,6,dose_s0.5,0.5,6,3,-0.25,0.25,"[-0.25,0.25)",True,27481,-3.398226962551131,3.398226962551131,-93386.67515786763,93386.67515786763,27481,292982.69774724665,3.265161903880302
dose,P4,50,3,6,dose_s0.5,0.5,6,4,0.25,1.0,"[0.25,1)",False,27815,-3.0366163486097584,3.0366163486097584,-84463.48373658043,84463.48373658043,27815,390558.70609823836,3.747172011011669
dose,P4,50,3,6,dose_s0.5,0.5,6,5,1.0,2.0,"[1,2)",False,8092,-2.7366673282823477,2.7366673282823477,-22145.112020460758,22145.112020460758,8092,150218.3217064253,4.308573596824333
dose,P4,50,3,6,dose_s0.5,0.5,6,6,2.0,inf,"[2,inf)",False,484,-2.6430471581933315,2.6430471581933315,-1279.2348245655724,1279.2348245655724,484,9890.565762740092,4.5205147083934865
dose,P4,50,3,6,dose_s0.5,0.5,7,0,-inf,-2.0,"[-inf,-2)",False,481,-2.684107609887126,2.684107609887126,-1291.0557603557077,1291.0557603557077,481,9430.605013018703,4.427894243126558
dose,P4,50,3,6,dose_s0.5,0.5,7,1,-2.0,-1.0,"[-2,-1)",False,7815,-2.7427290606093564,2.7427290606093564,-21434.42760866212,21434.42760866212,7815,146753.37423227594,4.333407759077521
dose,P4,50,3,6,dose_s0.5,0.5,7,2,-1.0,-0.25,"[-1,-0.25)",False,28788,-3.0391671048838442,3.0391671048838442,-87491.5426153961,87491.5426153961,28788,400765.2310641265,3.7311204666859195
dose,P4,50,3,6,dose_s0.5,0.5,7,3,-0.25,0.25,"[-0.25,0.25)",True,27387,-3.398830071737959,3.398830071737959,-93083.75917468748,93083.75917468748,27387,299602.37020659645,3.3075041022679055
dose,P4,50,3,6,dose_s0.5,0.5,7,4,0.25,1.0,"[0.25,1)",False,27981,-3.0370658780245523,3.0370658780245523,-84980.140333005,84980.140333005,27981,393212.0262839673,3.7487094441735507
dose,P4,50,3,6,dose_s0.5,0.5,7,5,1.0,2.0,"[1,2)",False,7851,-2.742649980691458,2.742649980691458,-21532.544998408637,21532.544998408637,7851,145587.92420126495,4.306259409961287
dose,P4,50,3,6,dose_s0.5,0.5,7,6,2.0,inf,"[2,inf)",False,497,-2.6456683301989385,2.6456683301989385,-1314.8971601088724,1314.8971601088724,497,8743.491513706998,4.194345986796479
dose,P4,50,3,6,dose_s0.5,0.5,8,0,-inf,-2.0,"[-inf,-2)",False,503,-2.65698390248848,2.65698390248848,-1336.4629029517052,1336.4629029517052,503,9904.221976426667,4.4373755914969895
dose,P4,50,3,6,dose_s0.5,0.5,8,1,-2.0,-1.0,"[-2,-1)",False,7709,-2.750934558932073,2.750934558932073,-21206.954514807352,21206.954514807352,7709,144716.62747916539,4.3327157083235495
dose,P4,50,3,6,dose_s0.5,0.5,8,2,-1.0,-0.25,"[-1,-0.25)",False,28741,-3.0430186893701263,3.0430186893701263,-87459.4001511868,87459.4001511868,28741,409304.8649321847,3.7737446989690397
dose,P4,50,3,6,dose_s0.5,0.5,8,3,-0.25,0.25,"[-0.25,0.25)",True,27638,-3.3959546207622835,3.3959546207622835,-93857.393808628,93857.393808628,27638,298499.89926145395,3.286387637349779
dose,P4,50,3,6,dose_s0.5,0.5,8,4,0.25,1.0,"[0.25,1)",False,27847,-3.0365074272363697,3.0365074272363697,-84557.62232625119,84557.62232625119,27847,387111.7243277765,3.728455422456535
dose,P4,50,3,6,dose_s0.5,0.5,8,5,1.0,2.0,"[1,2)",False,7826,-2.742691610535143,2.742691610535143,-21464.30454404803,21464.30454404803,7826,142712.55956669632,4.270327427874757
dose,P4,50,3,6,dose_s0.5,0.5,8,6,2.0,inf,"[2,inf)",False,536,-2.6355954559312367,2.6355954559312367,-1412.6791643791428,1412.6791643791428,536,10417.209811914188,4.408525029153824
dose,P4,50,3,6,dose_s0.5,0.5,9,0,-inf,-2.0,"[-inf,-2)",False,522,-2.6465072495614965,2.6465072495614965,-1381.4767842711012,1381.4767842711012,522,9268.106532692895,4.213667447443998
dose,P4,50,3,6,dose_s0.5,0.5,9,1,-2.0,-1.0,"[-2,-1)",False,7960,-2.743401560428142,2.743401560428142,-21837.47642100801,21837.47642100801,7960,148294.20127458088,4.31623965776216
dose,P4,50,3,6,dose_s0.5,0.5,9,2,-1.0,-0.25,"[-1,-0.25)",False,28830,-3.0378671792800493,3.0378671792800493,-87581.71077864383,87581.71077864383,28830,400208.4229586401,3.7258107478383278
dose,P4,50,3,6,dose_s0.5,0.5,9,3,-0.25,0.25,"[-0.25,0.25)",True,27240,-3.398277022232591,3.398277022232591,-92569.06608561578,92569.06608561578,27240,295801.1131878196,3.2953105624402435
dose,P4,50,3,6,dose_s0.5,0.5,9,4,0.25,1.0,"[0.25,1)",False,27874,-3.0376363210174766,3.0376363210174766,-84671.07481204114,84671.07481204114,27874,391529.8794802781,3.74785523550964
dose,P4,50,3,6,dose_s0.5,0.5,9,5,1.0,2.0,"[1,2)",False,7819,-2.7402583615606435,2.7402583615606435,-21426.08012904267,21426.08012904267,7819,144098.35437200035,4.2929309589652505
dose,P4,50,3,6,dose_s0.5,0.5,9,6,2.0,inf,"[2,inf)",False,555,-2.672796085131648,2.672796085131648,-1483.4018272480646,1483.4018272480646,555,10843.53206901772,4.420169184528093
dose,P4,50,3,6,dose_s1,1.0,0,0,-inf,-2.0,"[-inf,-2)",False,556,-6.0577061360418565,6.0577061360418565,-3368.084611639272,3368.084611639272,556,15261.098760372064,5.2390857363844665
dose,P4,50,3,6,dose_s1,1.0,0,1,-2.0,-1.0,"[-2,-1)",False,7949,-6.196522655916344,6.196522655916344,-49256.15859187902,49256.15859187902,7949,246848.69613128982,5.572616676877297
dose,P4,50,3,6,dose_s1,1.0,0,2,-1.0,-0.25,"[-1,-0.25)",False,28800,-6.5376660519923036,6.5376660519923036,-188284.78229737835,188284.78229737835,28800,841634.3809686265,5.405868663393061
dose,P4,50,3,6,dose_s1,1.0,0,3,-0.25,0.25,"[-0.25,0.25)",True,27045,-6.910949191011365,6.910949191011365,-186906.62087090238,186906.62087090238,27045,745385.383621494,5.24985058594662
dose,P4,50,3,6,dose_s1,1.0,0,4,0.25,1.0,"[0.25,1)",False,28023,-6.533013631271998,6.533013631271998,-183074.6409891352,183074.6409891352,28023,834501.6662777977,5.457029363843505
dose,P4,50,3,6,dose_s1,1.0,0,5,1.0,2.0,"[1,2)",False,7956,-6.195501685776231,6.195501685776231,-49291.41141203569,49291.41141203569,7956,234941.09327102912,5.434156047131311
dose,P4,50,3,6,dose_s1,1.0,0,6,2.0,inf,"[2,inf)",False,471,-6.096229477248167,6.096229477248167,-2871.3240837838866,2871.3240837838866,471,12824.699503906779,5.218108983827924
dose,P4,50,3,6,dose_s1,1.0,1,0,-inf,-2.0,"[-inf,-2)",False,575,-6.1158269128721665,6.1158269128721665,-3516.6004749014955,3516.6004749014955,575,14953.043671464513,5.099538542032741
dose,P4,50,3,6,dose_s1,1.0,1,1,-2.0,-1.0,"[-2,-1)",False,7786,-6.200987744900268,6.200987744900268,-48280.89058179349,48280.89058179349,7786,247907.90615921348,5.642713353897025
dose,P4,50,3,6,dose_s1,1.0,1,2,-1.0,-0.25,"[-1,-0.25)",False,28768,-6.53249114384932,6.53249114384932,-187926.70522625724,187926.70522625724,28768,847601.221759737,5.428013910877169
dose,P4,50,3,6,dose_s1,1.0,1,3,-0.25,0.25,"[-0.25,0.25)",True,27290,-6.918629535672848,6.918629535672848,-188809.40002851203,188809.40002851203,27290,723552.8865925844,5.14912425926239
dose,P4,50,3,6,dose_s1,1.0,1,4,0.25,1.0,"[0.25,1)",False,28047,-6.5342391787577805,6.5342391787577805,-183265.80624661947,183265.80624661947,28047,837353.9173367663,5.464007929663644
dose,P4,50,3,6,dose_s1,1.0,1,5,1.0,2.0,"[1,2)",False,7867,-6.1974873962398895,6.1974873962398895,-48755.63334621921,48755.63334621921,7867,243183.32022677953,5.559840294835611
dose,P4,50,3,6,dose_s1,1.0,1,6,2.0,inf,"[2,inf)",False,467,-6.1254330092066125,6.1254330092066125,-2860.577215299488,2860.577215299488,467,10658.194940605921,4.777309623520841
dose,P4,50,3,6,dose_s1,1.0,2,0,-inf,-2.0,"[-inf,-2)",False,551,-6.098682465177513,6.098682465177513,-3360.3740383128093,3360.3740383128093,551,14345.619194394254,5.102509825899559
dose,P4,50,3,6,dose_s1,1.0,2,1,-2.0,-1.0,"[-2,-1)",False,8018,-6.195055715082432,6.195055715082432,-49671.956723530944,49671.956723530944,8018,251639.24773973605,5.602168447308147
dose,P4,50,3,6,dose_s1,1.0,2,2,-1.0,-0.25,"[-1,-0.25)",False,29092,-6.535508527591228,6.535508527591228,-190131.014084684,190131.014084684,29092,863610.851488756,5.448441044308728
dose,P4,50,3,6,dose_s1,1.0,2,3,-0.25,0.25,"[-0.25,0.25)",True,27001,-6.912386139897084,6.912386139897084,-186641.33816336116,186641.33816336116,27001,736949.214068176,5.224308994405498
dose,P4,50,3,6,dose_s1,1.0,2,4,0.25,1.0,"[0.25,1)",False,27973,-6.538272928104951,6.538272928104951,-182895.1086178798,182895.1086178798,27973,807676.3058255182,5.373399722871737
dose,P4,50,3,6,dose_s1,1.0,2,5,1.0,2.0,"[1,2)",False,7720,-6.203695745605149,6.203695745605149,-47892.53115607175,47892.53115607175,7720,244258.68771343963,5.624920122788523
dose,P4,50,3,6,dose_s1,1.0,2,6,2.0,inf,"[2,inf)",False,445,-6.122512734838225,6.122512734838225,-2724.51816700301,2724.51816700301,445,9960.579115775183,4.731101759175612
dose,P4,50,3,6,dose_s1,1.0,3,0,-inf,-2.0,"[-inf,-2)",False,446,-6.149945438675717,6.149945438675717,-2742.8756656493697,2742.8756656493697,446,10247.138264528698,4.793291805536565
dose,P4,50,3,6,dose_s1,1.0,3,1,-2.0,-1.0,"[-2,-1)",False,8127,-6.18221322491196,6.18221322491196,-50242.8468788595,50242.8468788595,8127,247279.44613603107,5.516058708101575
dose,P4,50,3,6,dose_s1,1.0,3,2,-1.0,-0.25,"[-1,-0.25)",False,28675,-6.527222479677603,6.527222479677603,-187168.10460475527,187168.10460475527,28675,853334.3231500419,5.455165035777472
dose,P4,50,3,6,dose_s1,1.0,3,3,-0.25,0.25,"[-0.25,0.25)",True,27186,-6.910518540358905,6.910518540358905,-187869.3570381972,187869.3570381972,27186,716635.4759761574,5.1342438959543175
dose,P4,50,3,6,dose_s1,1.0,3,4,0.25,1.0,"[0.25,1)",False,27879,-6.530478309530124,6.530478309530124,-182063.2047913903,182063.2047913903,27879,811310.0985001767,5.394545306893077
dose,P4,50,3,6,dose_s1,1.0,3,5,1.0,2.0,"[1,2)",False,8045,-6.199142789508746,6.199142789508746,-49872.10374159786,49872.10374159786,8045,251394.7553127582,5.590042146629008
dose,P4,50,3,6,dose_s1,1.0,3,6,2.0,inf,"[2,inf)",False,442,-6.1255507488096645,6.1255507488096645,-2707.493430973872,2707.493430973872,442,11636.828904602882,5.131049327865003
dose,P4,50,3,6,dose_s1,1.0,4,0,-inf,-2.0,"[-inf,-2)",False,498,-6.063469909372297,6.063469909372297,-3019.608014867404,3019.608014867404,498,12313.823713369313,4.97258017947462
dose,P4,50,3,6,dose_s1,1.0,4,1,-2.0,-1.0,"[-2,-1)",False,7719,-6.199761102060309,6.199761102060309,-47855.95594680353,47855.95594680353,7719,241924.35207385756,5.5983400283635465
dose,P4,50,3,6,dose_s1,1.0,4,2,-1.0,-0.25,"[-1,-0.25)",False,29006,-6.529993186553482,6.529993186553482,-189408.9823691703,189408.9823691703,29006,861228.3061911482,5.448980157293026
dose,P4,50,3,6,dose_s1,1.0,4,3,-0.25,0.25,"[-0.25,0.25)",True,27456,-6.917617000791427,6.917617000791427,-189930.09237372942,189930.09237372942,27456,734067.6378453028,5.1707007729410694
dose,P4,50,3,6,dose_s1,1.0,4,4,0.25,1.0,"[0.25,1)",False,27772,-6.532597323752925,6.532597323752925,-181423.29287526623,181423.29287526623,27772,821702.797200704,5.439435162757475
dose,P4,50,3,6,dose_s1,1.0,4,5,1.0,2.0,"[1,2)",False,7847,-6.203697633924756,6.203697633924756,-48680.41533340756,48680.41533340756,7847,248083.82999567615,5.622732243215335
dose,P4,50,3,6,dose_s1,1.0,4,6,2.0,inf,"[2,inf)",False,502,-6.165181198398708,6.165181198398708,-3094.9209615961513,3094.9209615961513,502,11505.175369029752,4.787345405746676
dose,P4,50,3,6,dose_s1,1.0,5,0,-inf,-2.0,"[-inf,-2)",False,505,-6.07759362626368,6.07759362626368,-3069.1847812631586,3069.1847812631586,505,14163.493154806107,5.295896628393152
dose,P4,50,3,6,dose_s1,1.0,5,1,-2.0,-1.0,"[-2,-1)",False,7950,-6.210559915209825,6.210559915209825,-49373.95132591811,49373.95132591811,7950,240969.6287237335,5.505510432510523
dose,P4,50,3,6,dose_s1,1.0,5,2,-1.0,-0.25,"[-1,-0.25)",False,28802,-6.526986419743371,6.526986419743371,-187990.26286144857,187990.26286144857,28802,865617.8475473151,5.482160903567417
dose,P4,50,3,6,dose_s1,1.0,5,3,-0.25,0.25,"[-0.25,0.25)",True,27331,-6.9132215130285415,6.9132215130285415,-188945.25717258308,188945.25717258308,27331,721297.8412010618,5.137236447446073
dose,P4,50,3,6,dose_s1,1.0,5,4,0.25,1.0,"[0.25,1)",False,28146,-6.528696909301081,6.528696909301081,-183756.7032091882,183756.7032091882,28146,823951.5610027891,5.410563504377647
dose,P4,50,3,6,dose_s1,1.0,5,5,1.0,2.0,"[1,2)",False,7545,-6.21001239475475,6.21001239475475,-46854.54351842459,46854.54351842459,7545,233999.88369155474,5.569012577261174
dose,P4,50,3,6,dose_s1,1.0,5,6,2.0,inf,"[2,inf)",False,521,-6.100013218479014,6.100013218479014,-3178.1068868275665,3178.1068868275665,521,14655.604747660951,5.303749578594322
dose,P4,50,3,6,dose_s1,1.0,6,0,-inf,-2.0,"[-inf,-2)",False,451,-6.117259147890498,6.117259147890498,-2758.8838756986147,2758.8838756986147,451,11162.528524709172,4.974999253408711
dose,P4,50,3,6,dose_s1,1.0,6,1,-2.0,-1.0,"[-2,-1)",False,7989,-6.199872438442209,6.199872438442209,-49530.780910714806,49530.780910714806,7989,238781.4369053599,5.467062893465422
dose,P4,50,3,6,dose_s1,1.0,6,2,-1.0,-0.25,"[-1,-0.25)",False,28488,-6.52816426062445,6.52816426062445,-185974.34345666933,185974.34345666933,28488,836162.5563431736,5.4176928250878476
dose,P4,50,3,6,dose_s1,1.0,6,3,-0.25,0.25,"[-0.25,0.25)",True,27481,-6.914948035770893,6.914948035770893,-190029.6869710199,190029.6869710199,27481,739884.4827116333,5.188785210989294
dose,P4,50,3,6,dose_s1,1.0,6,4,0.25,1.0,"[0.25,1)",False,27815,-6.528721591790031,6.528721591790031,-181596.39107563972,181596.39107563972,27815,822705.5148660722,5.438544320953456
dose,P4,50,3,6,dose_s1,1.0,6,5,1.0,2.0,"[1,2)",False,8092,-6.197524505301089,6.197524505301089,-50150.368296896406,50150.368296896406,8092,249691.5965418271,5.554871617137098
dose,P4,50,3,6,dose_s1,1.0,6,6,2.0,inf,"[2,inf)",False,484,-6.081892711781331,6.081892711781331,-2943.636072502164,2943.636072502164,484,14867.854742212225,5.542446043496191
dose,P4,50,3,6,dose_s1,1.0,7,0,-inf,-2.0,"[-inf,-2)",False,481,-6.15410367819355,6.15410367819355,-2960.123869211098,2960.123869211098,481,13388.359933547923,5.27583435451439
dose,P4,50,3,6,dose_s1,1.0,7,1,-2.0,-1.0,"[-2,-1)",False,7815,-6.20849243177747,6.20849243177747,-48519.36835434093,48519.36835434093,7815,243921.42122569602,5.586765977878417
dose,P4,50,3,6,dose_s1,1.0,7,2,-1.0,-0.25,"[-1,-0.25)",False,28788,-6.53671143763552,6.53671143763552,-188178.84886665136,188178.84886665136,28788,830512.6911074406,5.371151342758788
dose,P4,50,3,6,dose_s1,1.0,7,3,-0.25,0.25,"[-0.25,0.25)",True,27387,-6.915252514667124,6.915252514667124,-189388.02061918852,189388.02061918852,27387,760937.2447376754,5.271111341183845
dose,P4,50,3,6,dose_s1,1.0,7,4,0.25,1.0,"[0.25,1)",False,27981,-6.530887246412264,6.530887246412264,-182740.75604186155,182740.75604186155,27981,830438.5019809366,5.447812131175268
dose,P4,50,3,6,dose_s1,1.0,7,5,1.0,2.0,"[1,2)",False,7851,-6.209800542842994,6.209800542842994,-48753.144061860345,48753.144061860345,7851,243138.87207378141,5.564994124606172
dose,P4,50,3,6,dose_s1,1.0,7,6,2.0,inf,"[2,inf)",False,497,-6.079607270480903,6.079607270480903,-3021.5648134290086,3021.5648134290086,497,11258.562870450985,4.759521405029245
dose,P4,50,3,6,dose_s1,1.0,8,0,-inf,-2.0,"[-inf,-2)",False,503,-6.103317136570808,6.103317136570808,-3069.9685196951164,3069.9685196951164,503,14122.888179981082,5.298802929440937
dose,P4,50,3,6,dose_s1,1.0,8,1,-2.0,-1.0,"[-2,-1)",False,7709,-6.22373799032828,6.22373799032828,-47978.796167440705,47978.796167440705,7709,242473.24292693008,5.6083213164872125
dose,P4,50,3,6,dose_s1,1.0,8,2,-1.0,-0.25,"[-1,-0.25)",False,28741,-6.54210733135235,6.54210733135235,-188026.70681039788,188026.70681039788,28741,867663.9218206818,5.494457676785532
dose,P4,50,3,6,dose_s1,1.0,8,3,-0.25,0.25,"[-0.25,0.25)",True,27638,-6.910241828275824,6.910241828275824,-190985.26364988723,190985.26364988723,27638,751661.6806780589,5.215043064906335
dose,P4,50,3,6,dose_s1,1.0,8,4,0.25,1.0,"[0.25,1)",False,27847,-6.534586045214075,6.534586045214075,-181968.61760107634,181968.61760107634,27847,800417.6303662237,5.3612877301186
dose,P4,50,3,6,dose_s1,1.0,8,5,1.0,2.0,"[1,2)",False,7826,-6.209971900065429,6.209971900065429,-48599.24008991205,48599.24008991205,7826,234993.09515191236,5.479710679179371
dose,P4,50,3,6,dose_s1,1.0,8,6,2.0,inf,"[2,inf)",False,536,-6.071471065383281,6.071471065383281,-3254.3084910454386,3254.3084910454386,536,15421.587036591045,5.363918120700605
dose,P4,50,3,6,dose_s1,1.0,9,0,-inf,-2.0,"[-inf,-2)",False,522,-6.084989180853657,6.084989180853657,-3176.3643524056088,3176.3643524056088,522,12098.185845205682,4.814208266789692
dose,P4,50,3,6,dose_s1,1.0,9,1,-2.0,-1.0,"[-2,-1)",False,7960,-6.211537758501676,6.211537758501676,-49443.84055767334,49443.84055767334,7960,248554.38131236375,5.58797143764939
dose,P4,50,3,6,dose_s1,1.0,9,2,-1.0,-0.25,"[-1,-0.25)",False,28830,-6.536219981687562,6.536219981687562,-188439.22207205242,188439.22207205242,28830,836469.5171029516,5.386451307358131
dose,P4,50,3,6,dose_s1,1.0,9,3,-0.25,0.25,"[-0.25,0.25)",True,27240,-6.915161578489516,6.915161578489516,-188369.00139805442,188369.00139805442,27240,747908.7762715408,5.239873025160718
dose,P4,50,3,6,dose_s1,1.0,9,4,0.25,1.0,"[0.25,1)",False,27874,-6.53355892527513,6.53355892527513,-182116.42148311896,182116.42148311896,27874,825159.8915820774,5.440883253252286
dose,P4,50,3,6,dose_s1,1.0,9,5,1.0,2.0,"[1,2)",False,7819,-6.202295645551325,6.202295645551325,-48495.749652565806,48495.749652565806,7819,239047.41468871973,5.529252449453859
dose,P4,50,3,6,dose_s1,1.0,9,6,2.0,inf,"[2,inf)",False,555,-6.148764289239115,6.148764289239115,-3412.564180527709,3412.564180527709,555,15752.04752449091,5.327482295765546
dose,P4,50,3,6,dose_s2,2.0,0,0,-inf,-2.0,"[-inf,-2)",False,556,-13.009296001939115,13.009296001939115,-7233.168577078148,7233.168577078148,556,33260.32698445824,7.734386335478445
dose,P4,50,3,6,dose_s2,2.0,0,1,-2.0,-1.0,"[-2,-1)",False,7949,-13.198305844215769,13.198305844215769,-104913.33315567115,104913.33315567115,7949,641499.9220403669,8.983427257106813
dose,P4,50,3,6,dose_s2,2.0,0,2,-1.0,-0.25,"[-1,-0.25)",False,28800,-13.568298090232098,13.568298090232098,-390766.98499868443,390766.98499868443,28800,2603985.272595378,9.508740994393035
dose,P4,50,3,6,dose_s2,2.0,0,3,-0.25,0.25,"[-0.25,0.25)",True,27045,-13.943212736401314,13.943212736401314,-377094.1884559735,377094.1884559735,27045,2542963.472922897,9.696758245054852
dose,P4,50,3,6,dose_s2,2.0,0,4,0.25,1.0,"[0.25,1)",False,28023,-13.558109242879723,13.558109242879723,-379938.89531321847,379938.89531321847,28023,2585239.9195409976,9.604905875482944
dose,P4,50,3,6,dose_s2,2.0,0,5,1.0,2.0,"[1,2)",False,7956,-13.198647209319736,13.198647209319736,-105008.43719734783,105008.43719734783,7956,595448.3278705993,8.651166146836847
dose,P4,50,3,6,dose_s2,2.0,0,6,2.0,inf,"[2,inf)",False,471,-13.07760067294857,13.07760067294857,-6159.5499169587765,6159.5499169587765,471,27597.609320925993,7.654648937926559
dose,P4,50,3,6,dose_s2,2.0,1,0,-inf,-2.0,"[-inf,-2)",False,575,-13.129825338801552,13.129825338801552,-7549.649569810893,7549.649569810893,575,31846.92884089896,7.442174628531865
dose,P4,50,3,6,dose_s2,2.0,1,1,-2.0,-1.0,"[-2,-1)",False,7786,-13.208747832276304,13.208747832276304,-102843.3106221033,102843.3106221033,7786,656850.1490456826,9.184932133676426
dose,P4,50,3,6,dose_s2,2.0,1,2,-1.0,-0.25,"[-1,-0.25)",False,28768,-13.555331387688694,13.555331387688694,-389959.77336102835,389959.77336102835,28768,2633214.6417998974,9.567275841422077
dose,P4,50,3,6,dose_s2,2.0,1,3,-0.25,0.25,"[-0.25,0.25)",True,27290,-13.959562212957117,13.959562212957117,-380956.45279159973,380956.45279159973,27290,2458917.071543433,9.492271974927993
dose,P4,50,3,6,dose_s2,2.0,1,4,0.25,1.0,"[0.25,1)",False,28047,-13.559976868189695,13.559976868189695,-380316.6712221164,380316.6712221164,28047,2601302.463688204,9.630575025200342
dose,P4,50,3,6,dose_s2,2.0,1,5,1.0,2.0,"[1,2)",False,7867,-13.200229488373894,13.200229488373894,-103846.20538503742,103846.20538503742,7867,633091.6613490696,8.970749335005829
dose,P4,50,3,6,dose_s2,2.0,1,6,2.0,inf,"[2,inf)",False,467,-13.13509101379429,13.13509101379429,-6134.087503441933,6134.087503441933,467,19890.550371047495,6.526268838219113
dose,P4,50,3,6,dose_s2,2.0,2,0,-inf,-2.0,"[-inf,-2)",False,551,-13.079796369376984,13.079796369376984,-7206.967799526718,7206.967799526718,551,29201.077604537815,7.279870265259952
dose,P4,50,3,6,dose_s2,2.0,2,1,-2.0,-1.0,"[-2,-1)",False,8018,-13.19488951047262,13.19488951047262,-105796.62409496948,105796.62409496948,8018,661119.4714439468,9.080441151431355
dose,P4,50,3,6,dose_s2,2.0,2,2,-1.0,-0.25,"[-1,-0.25)",False,29092,-13.562002650217888,13.562002650217888,-394545.7811001388,394545.7811001388,29092,2681800.3628105507,9.601220265828998
dose,P4,50,3,6,dose_s2,2.0,2,3,-0.25,0.25,"[-0.25,0.25)",True,27001,-13.94592297685752,13.94592297685752,-376553.8662981299,376553.8662981299,27001,2525581.612883767,9.671431921803876
dose,P4,50,3,6,dose_s2,2.0,2,4,0.25,1.0,"[0.25,1)",False,27973,-13.566012455728073,13.566012455728073,-379482.0664240814,379482.0664240814,27973,2488700.5530156675,9.432282498628776
dose,P4,50,3,6,dose_s2,2.0,2,5,1.0,2.0,"[1,2)",False,7720,-13.21067592466928,13.21067592466928,-101986.41813844684,101986.41813844684,7720,644493.6227970717,9.136937665103869
dose,P4,50,3,6,dose_s2,2.0,2,6,2.0,inf,"[2,inf)",False,445,-13.146828159119096,13.146828159119096,-5850.338530807998,5850.338530807998,445,17965.8942884334,6.353959092863513
dose,P4,50,3,6,dose_s2,2.0,3,0,-inf,-2.0,"[-inf,-2)",False,446,-13.19104446525796,13.19104446525796,-5883.20583150505,5883.20583150505,446,18734.956423971107,6.481252097650456
dose,P4,50,3,6,dose_s2,2.0,3,1,-2.0,-1.0,"[-2,-1)",False,8127,-13.17039906314667,13.17039906314667,-107035.83318619299,107035.83318619299,8127,636457.8209009394,8.849519364019311
dose,P4,50,3,6,dose_s2,2.0,3,2,-1.0,-0.25,"[-1,-0.25)",False,28675,-13.548307680070618,13.548307680070618,-388497.722726025,388497.722726025,28675,2655104.596636592,9.622526238811743
dose,P4,50,3,6,dose_s2,2.0,3,3,-0.25,0.25,"[-0.25,0.25)",True,27186,-13.942191138054664,13.942191138054664,-379032.4082791541,379032.4082791541,27186,2431004.0359234046,9.456276962092074
dose,P4,50,3,6,dose_s2,2.0,3,4,0.25,1.0,"[0.25,1)",False,27879,-13.555633281305761,13.555633281305761,-377917.5002495233,377917.5002495233,27879,2502529.823209024,9.474385136530302
dose,P4,50,3,6,dose_s2,2.0,3,5,1.0,2.0,"[1,2)",False,8045,-13.200557307618302,13.200557307618302,-106198.48353978925,106198.48353978925,8045,655762.3565195412,9.028388047819988
dose,P4,50,3,6,dose_s2,2.0,3,6,2.0,inf,"[2,inf)",False,442,-13.146874542678248,13.146874542678248,-5810.9185478637855,5810.9185478637855,442,25494.546932724068,7.594733072072205
dose,P4,50,3,6,dose_s2,2.0,4,0,-inf,-2.0,"[-inf,-2)",False,498,-13.012978796487255,13.012978796487255,-6480.463440650653,6480.463440650653,498,24760.70966047042,7.051262335428528
dose,P4,50,3,6,dose_s2,2.0,4,1,-2.0,-1.0,"[-2,-1)",False,7719,-13.206092573034544,13.206092573034544,-101937.82857125365,101937.82857125365,7719,632541.9777144454,9.05240874693449
dose,P4,50,3,6,dose_s2,2.0,4,2,-1.0,-0.25,"[-1,-0.25)",False,29006,-13.55104259385698,13.55104259385698,-393061.5414774156,393061.5414774156,29006,2674436.3361558705,9.602232353520437
dose,P4,50,3,6,dose_s2,2.0,4,3,-0.25,0.25,"[-0.25,0.25)",True,27456,-13.957364896705577,13.957364896705577,-383213.41060394834,383213.41060394834,27456,2497937.973510394,9.538326667116433
dose,P4,50,3,6,dose_s2,2.0,4,4,0.25,1.0,"[0.25,1)",False,27772,-13.555597142344284,13.555597142344284,-376466.0438371855,376466.0438371855,27772,2546089.7679391685,9.57487862755254
dose,P4,50,3,6,dose_s2,2.0,4,5,1.0,2.0,"[1,2)",False,7847,-13.213193188168962,13.213193188168962,-103683.92694756185,103683.92694756185,7847,653194.3169392087,9.123665879447927
dose,P4,50,3,6,dose_s2,2.0,4,6,2.0,inf,"[2,inf)",False,502,-13.217218556846172,13.217218556846172,-6635.043715536778,6635.043715536778,502,22385.832333620936,6.677820864716043
dose,P4,50,3,6,dose_s2,2.0,5,0,-inf,-2.0,"[-inf,-2)",False,505,-13.049584404058344,13.049584404058344,-6590.040124049464,6590.040124049464,505,32477.814771703215,8.019507746640203
dose,P4,50,3,6,dose_s2,2.0,5,1,-2.0,-1.0,"[-2,-1)",False,7950,-13.22942044880049,13.22942044880049,-105173.89256796389,105173.89256796389,7950,616921.6440347388,8.80909795591027
dose,P4,50,3,6,dose_s2,2.0,5,2,-1.0,-0.25,"[-1,-0.25)",False,28802,-13.545705844118812,13.545705844118812,-390143.41972231003,390143.41972231003,28802,2698217.1515027685,9.678925037023854
dose,P4,50,3,6,dose_s2,2.0,5,3,-0.25,0.25,"[-0.25,0.25)",True,27331,-13.946634119511556,13.946634119511556,-381175.45712037035,381175.45712037035,27331,2449593.980305524,9.467150735194876
dose,P4,50,3,6,dose_s2,2.0,5,4,0.25,1.0,"[0.25,1)",False,28146,-13.550653317106672,13.550653317106672,-381396.6882632844,381396.6882632844,28146,2538335.8862791494,9.496557522861595
dose,P4,50,3,6,dose_s2,2.0,5,5,1.0,2.0,"[1,2)",False,7545,-13.22532214408876,13.22532214408876,-99785.0555771497,99785.0555771497,7545,613337.7306050238,9.016131119195125
dose,P4,50,3,6,dose_s2,2.0,5,6,2.0,inf,"[2,inf)",False,521,-13.080304047552652,13.080304047552652,-6814.838408774932,6814.838408774932,521,34161.95115530148,8.09752825433498
dose,P4,50,3,6,dose_s2,2.0,6,0,-inf,-2.0,"[-inf,-2)",False,451,-13.109498919921572,13.109498919921572,-5912.384012884629,5912.384012884629,451,21286.90680126556,6.870178301320961
dose,P4,50,3,6,dose_s2,2.0,6,1,-2.0,-1.0,"[-2,-1)",False,7989,-13.205987850416163,13.205987850416163,-105502.63693697473,105502.63693697473,7989,610710.9322086241,8.743224633648925
dose,P4,50,3,6,dose_s2,2.0,6,2,-1.0,-0.25,"[-1,-0.25)",False,28488,-13.548860823765384,13.548860823765384,-385979.9471474283,385979.9471474283,28488,2581750.045707321,9.519762558326947
dose,P4,50,3,6,dose_s2,2.0,6,3,-0.25,0.25,"[-0.25,0.25)",True,27481,-13.950968786979216,13.950968786979216,-383386.5732349758,383386.5732349758,27481,2527433.876669006,9.59011102605056
dose,P4,50,3,6,dose_s2,2.0,6,4,0.25,1.0,"[0.25,1)",False,27815,-13.54620734673057,13.54620734673057,-376787.7573493108,376787.7573493108,27815,2551363.8750029737,9.577378890401969
dose,P4,50,3,6,dose_s2,2.0,6,5,1.0,2.0,"[1,2)",False,8092,-13.201562658053234,13.201562658053234,-106827.04502896676,106827.04502896676,8092,647445.3483001464,8.944861499442565
dose,P4,50,3,6,dose_s2,2.0,6,6,2.0,inf,"[2,inf)",False,484,-13.06042514677536,13.06042514677536,-6321.245771039275,6321.245771039275,484,34795.989975902165,8.478946943608335
dose,P4,50,3,6,dose_s2,2.0,7,0,-inf,-2.0,"[-inf,-2)",False,481,-13.193177218223196,13.193177218223196,-6345.918241965357,6345.918241965357,481,29215.650311626137,7.793548468911223
dose,P4,50,3,6,dose_s2,2.0,7,1,-2.0,-1.0,"[-2,-1)",False,7815,-13.222002010654789,13.222002010654789,-103329.94571326718,103329.94571326718,7815,632122.5407087271,8.993653415278784
dose,P4,50,3,6,dose_s2,2.0,7,2,-1.0,-0.25,"[-1,-0.25)",False,28788,-13.565503717402333,13.565503717402333,-390523.7210165784,390523.7210165784,28788,2549378.054536744,9.410471299335272
dose,P4,50,3,6,dose_s2,2.0,7,3,-0.25,0.25,"[-0.25,0.25)",True,27387,-13.950633848805058,13.950633848805058,-382066.00921722414,382066.00921722414,27387,2606247.8692907947,9.755187647069228
dose,P4,50,3,6,dose_s2,2.0,7,4,0.25,1.0,"[0.25,1)",False,27981,-13.552075468009903,13.552075468009903,-379200.6236703851,379200.6236703851,27981,2579196.0622966117,9.60086941649801
dose,P4,50,3,6,dose_s2,2.0,7,5,1.0,2.0,"[1,2)",False,7851,-13.226341475832772,13.226341475832772,-103840.00692676309,103840.00692676309,7851,633131.5144687508,8.980168320423894
dose,P4,50,3,6,dose_s2,2.0,7,6,2.0,inf,"[2,inf)",False,497,-13.04824750492491,13.04824750492491,-6484.97900994768,6484.97900994768,497,21303.958017864854,6.54714492552169
dose,P4,50,3,6,dose_s2,2.0,8,0,-inf,-2.0,"[-inf,-2)",False,503,-13.095920707523215,13.095920707523215,-6587.248115884177,6587.248115884177,503,31024.734810296486,7.853622938556881
dose,P4,50,3,6,dose_s2,2.0,8,1,-2.0,-1.0,"[-2,-1)",False,7709,-13.25097341663798,13.25097341663798,-102151.75406886218,102151.75406886218,7709,633165.4293294718,9.06274111969462
dose,P4,50,3,6,dose_s2,2.0,8,2,-1.0,-0.25,"[-1,-0.25)",False,28741,-13.573625418056436,13.573625418056436,-390119.56814036,390119.56814036,28741,2701391.402663028,9.694888515058093
dose,P4,50,3,6,dose_s2,2.0,8,3,-0.25,0.25,"[-0.25,0.25)",True,27638,-13.94137221164897,13.94137221164897,-385311.6451855542,385311.6451855542,27638,2564777.2845153543,9.633220984777099
dose,P4,50,3,6,dose_s2,2.0,8,4,0.25,1.0,"[0.25,1)",False,27847,-13.564751187350371,13.564751187350371,-377737.6263141458,377737.6263141458,27847,2453602.656004589,9.386699376469142
dose,P4,50,3,6,dose_s2,2.0,8,5,1.0,2.0,"[1,2)",False,7826,-13.226403786244688,13.226403786244688,-103509.83603115093,103509.83603115093,7826,604430.4893390277,8.788267343479234
dose,P4,50,3,6,dose_s2,2.0,8,6,2.0,inf,"[2,inf)",False,536,-13.044585501303308,13.044585501303308,-6991.897828698573,6991.897828698573,536,35453.81217460191,8.132968213852854
dose,P4,50,3,6,dose_s2,2.0,9,0,-inf,-2.0,"[-inf,-2)",False,522,-13.062602344843885,13.062602344843885,-6818.678424008508,6818.678424008508,522,23454.246675377482,6.703096824673878
dose,P4,50,3,6,dose_s2,2.0,9,1,-2.0,-1.0,"[-2,-1)",False,7960,-13.229908745925412,13.229908745925412,-105310.07361756628,105310.07361756628,7960,649467.0191295008,9.032792152014519
dose,P4,50,3,6,dose_s2,2.0,9,2,-1.0,-0.25,"[-1,-0.25)",False,28830,-13.566760363509669,13.566760363509669,-391129.70127998374,391129.70127998374,28830,2581634.925929365,9.4629183476063
dose,P4,50,3,6,dose_s2,2.0,9,3,-0.25,0.25,"[-0.25,0.25)",True,27240,-13.951500011195606,13.951500011195606,-380038.8603049683,380038.8603049683,27240,2555869.2970112856,9.686475154470912
dose,P4,50,3,6,dose_s2,2.0,9,4,0.25,1.0,"[0.25,1)",False,27874,-13.55916808260216,13.55916808260216,-377948.2511344526,377948.2511344526,27874,2559695.8537792196,9.582846567227985
dose,P4,50,3,6,dose_s2,2.0,9,5,1.0,2.0,"[1,2)",False,7819,-13.20857605592536,13.20857605592536,-103277.85618128038,103277.85618128038,7819,618740.0324107554,8.895666674722456
dose,P4,50,3,6,dose_s2,2.0,9,6,2.0,inf,"[2,inf)",False,555,-13.200798436348421,13.200798436348421,-7326.443132173374,7326.443132173374,555,35279.226777479125,7.972839793563913
dose,P4,50,3,6,dose_s4,4.0,0,0,-inf,-2.0,"[-inf,-2)",False,556,-26.964540857794365,26.964540857794365,-14992.284716933667,14992.284716933667,556,105206.21782338558,13.755719400638803
dose,P4,50,3,6,dose_s4,4.0,0,1,-2.0,-1.0,"[-2,-1)",False,7949,-27.244149660601835,27.244149660601835,-216563.745652124,216563.745652124,7949,2220237.417214286,16.712578502073946
dose,P4,50,3,6,dose_s4,4.0,0,2,-1.0,-0.25,"[-1,-0.25)",False,28800,-27.646636055819314,27.646636055819314,-796223.1184075963,796223.1184075963,28800,9652884.01876583,18.307637313015697
dose,P4,50,3,6,dose_s4,4.0,0,3,-0.25,0.25,"[-0.25,0.25)",True,27045,-28.009025971918508,28.009025971918508,-757504.107410536,757504.107410536,27045,9733273.20625849,18.970813914997606
dose,P4,50,3,6,dose_s4,4.0,0,4,0.25,1.0,"[0.25,1)",False,28023,-27.625442609669644,27.625442609669644,-774147.7782507724,774147.7782507724,28023,9586965.535456354,18.49623223359968
dose,P4,50,3,6,dose_s4,4.0,0,5,1.0,2.0,"[1,2)",False,7956,-27.247198517453015,27.247198517453015,-216778.71140485618,216778.71140485618,7956,2037929.8454844672,16.004688562840663
dose,P4,50,3,6,dose_s4,4.0,0,6,2.0,inf,"[2,inf)",False,471,-27.091977145162712,27.091977145162712,-12760.321235371637,12760.321235371637,471,86601.72157564001,13.559785176983624
dose,P4,50,3,6,dose_s4,4.0,1,0,-inf,-2.0,"[-inf,-2)",False,575,-27.209633946531756,27.209633946531756,-15645.53951925576,15645.53951925576,575,99475.33083922481,13.152968310330747
dose,P4,50,3,6,dose_s4,4.0,1,1,-2.0,-1.0,"[-2,-1)",False,7786,-27.26630666527862,27.26630666527862,-212295.46369585933,212295.46369585933,7786,2293510.822454979,17.16299979129479
dose,P4,50,3,6,dose_s4,4.0,1,2,-1.0,-0.25,"[-1,-0.25)",False,28768,-27.617981410207264,27.617981410207264,-794514.0892088426,794514.0892088426,28768,9775355.634993372,18.433654705436712
dose,P4,50,3,6,dose_s4,4.0,1,3,-0.25,0.25,"[-0.25,0.25)",True,27290,-28.042728123195747,28.042728123195747,-765286.050482012,765286.050482012,27290,9400127.604977801,18.55945020273217
dose,P4,50,3,6,dose_s4,4.0,1,4,0.25,1.0,"[0.25,1)",False,28047,-27.628589730464846,27.628589730464846,-774899.0561703475,774899.0561703475,28047,9656270.361261912,18.555023177855144
dose,P4,50,3,6,dose_s4,4.0,1,5,1.0,2.0,"[1,2)",False,7867,-27.247888226043944,27.247888226043944,-214359.1366742877,214359.1366742877,7867,2192729.6453043837,16.695059416983792
dose,P4,50,3,6,dose_s4,4.0,1,6,2.0,inf,"[2,inf)",False,467,-27.206105568845846,27.206105568845846,-12705.25130065101,12705.25130065101,467,56799.74123923499,11.028456596550676
dose,P4,50,3,6,dose_s4,4.0,2,0,-inf,-2.0,"[-inf,-2)",False,551,-27.093773613982474,27.093773613982474,-14928.669261304343,14928.669261304343,551,88655.70758642093,12.684622611337419
dose,P4,50,3,6,dose_s4,4.0,2,1,-2.0,-1.0,"[-2,-1)",False,8018,-27.23665776510649,27.23665776510649,-218383.52196062382,218383.52196062382,8018,2298708.1428228416,16.932024615305615
dose,P4,50,3,6,dose_s4,4.0,2,2,-1.0,-0.25,"[-1,-0.25)",False,29092,-27.631940766747377,27.631940766747377,-803868.4207862146,803868.4207862146,29092,9954091.74488583,18.497542343922927
dose,P4,50,3,6,dose_s4,4.0,2,3,-0.25,0.25,"[-0.25,0.25)",True,27001,-28.014280974831514,28.014280974831514,-756413.6006014257,756413.6006014257,27001,9680601.946939752,18.934823317159918
dose,P4,50,3,6,dose_s4,4.0,2,4,0.25,1.0,"[0.25,1)",False,27973,-27.638398318708834,27.638398318708834,-773128.9161692422,773128.9161692422,27973,9213113.70755431,18.14820569302826
dose,P4,50,3,6,dose_s4,4.0,2,5,1.0,2.0,"[1,2)",False,7720,-27.266568605365006,27.266568605365006,-210497.90963341785,210497.90963341785,7720,2245593.3099380946,17.05520338275725
dose,P4,50,3,6,dose_s4,4.0,2,6,2.0,inf,"[2,inf)",False,445,-27.247108138554115,27.247108138554115,-12124.963121656581,12124.963121656581,445,50063.983593227065,10.606758879005602
dose,P4,50,3,6,dose_s4,4.0,3,0,-inf,-2.0,"[-inf,-2)",False,446,-27.32475228999224,27.32475228999224,-12186.839521336538,12186.839521336538,446,52621.86337015997,10.862147151473735
dose,P4,50,3,6,dose_s4,4.0,3,1,-2.0,-1.0,"[-2,-1)",False,8127,-27.189168427952765,27.189168427952765,-220966.37181397213,220966.37181397213,8127,2193274.326195401,16.427873409434863
dose,P4,50,3,6,dose_s4,4.0,3,2,-1.0,-0.25,"[-1,-0.25)",False,28675,-27.607651361465727,27.607651361465727,-791649.4027900298,791649.4027900298,28675,9861294.36207964,18.544505115911264
dose,P4,50,3,6,dose_s4,4.0,3,3,-0.25,0.25,"[-0.25,0.25)",True,27186,-28.00681699837902,28.00681699837902,-761393.326917932,761393.326917932,27186,9289108.666708626,18.484783376090604
dose,P4,50,3,6,dose_s4,4.0,3,4,0.25,1.0,"[0.25,1)",False,27879,-27.62326556565312,27.62326556565312,-770109.0207048433,770109.0207048433,27879,9267546.78279328,18.232398208831416
dose,P4,50,3,6,dose_s4,4.0,3,5,1.0,2.0,"[1,2)",False,8045,-27.245627135583486,27.245627135583486,-219191.07030576916,219191.07030576916,8045,2273448.1167791043,16.81045620320841
dose,P4,50,3,6,dose_s4,4.0,3,6,2.0,inf,"[2,inf)",False,442,-27.241083739647,27.241083739647,-12040.559012923974,12040.559012923974,442,80851.94116117399,13.524900879620564
dose,P4,50,3,6,dose_s4,4.0,4,0,-inf,-2.0,"[-inf,-2)",False,498,-26.964124629035258,26.964124629035258,-13428.134065259559,13428.134065259559,498,74454.48341902805,12.227305296643468
dose,P4,50,3,6,dose_s4,4.0,4,1,-2.0,-1.0,"[-2,-1)",False,7719,-27.26094958380824,27.26094958380824,-210427.2698374158,210427.2698374158,7719,2194724.0270026997,16.862013730893764
dose,P4,50,3,6,dose_s4,4.0,4,2,-1.0,-0.25,"[-1,-0.25)",False,29006,-27.61014843623474,27.61014843623474,-800859.9655414249,800859.9655414249,29006,9927079.989598313,18.499791737720837
dose,P4,50,3,6,dose_s4,4.0,4,3,-0.25,0.25,"[-0.25,0.25)",True,27456,-28.038177462336986,28.038177462336986,-769816.2004059242,769816.2004059242,27456,9554006.139726002,18.654092455691817
dose,P4,50,3,6,dose_s4,4.0,4,4,0.25,1.0,"[0.25,1)",False,27772,-27.6186456369239,27.6186456369239,-767025.0266286506,767025.0266286506,27772,9442745.509516997,18.439348153640378
dose,P4,50,3,6,dose_s4,4.0,4,5,1.0,2.0,"[1,2)",False,7847,-27.274283426723024,27.274283426723024,-214021.30204949557,214021.30204949557,7847,2274204.6969150617,17.024052493831743
dose,P4,50,3,6,dose_s4,4.0,4,6,2.0,inf,"[2,inf)",False,502,-27.372622992986255,27.372622992986255,-13741.0567424791,13741.0567424791,502,65833.12021603549,11.45171051577547
dose,P4,50,3,6,dose_s4,4.0,5,0,-inf,-2.0,"[-inf,-2)",False,505,-27.04539263539263,27.04539263539263,-13657.923280873278,13657.923280873278,505,105771.4035647451,14.4723295944566
dose,P4,50,3,6,dose_s4,4.0,5,1,-2.0,-1.0,"[-2,-1)",False,7950,-27.309371696750752,27.309371696750752,-217109.5049891685,217109.5049891685,7950,2120114.9220193503,16.33037422310294
dose,P4,50,3,6,dose_s4,4.0,5,2,-1.0,-0.25,"[-1,-0.25)",False,28802,-27.600161030200894,27.600161030200894,-794939.8379918461,794939.8379918461,28802,10028918.69763795,18.6601758556082
dose,P4,50,3,6,dose_s4,4.0,5,3,-0.25,0.25,"[-0.25,0.25)",True,27331,-28.014730049235293,28.014730049235293,-765670.5869756498,765670.5869756498,27331,9363297.054778023,18.50915702399505
dose,P4,50,3,6,dose_s4,4.0,5,4,0.25,1.0,"[0.25,1)",False,28146,-27.611782071396068,27.611782071396068,-777161.2181815137,777161.2181815137,28146,9396424.054843677,18.271447834543064
dose,P4,50,3,6,dose_s4,4.0,5,5,1.0,2.0,"[1,2)",False,7545,-27.297879955740285,27.297879955740285,-205962.50426606045,205962.50426606045,7545,2130342.3432435766,16.80331921218338
dose,P4,50,3,6,dose_s4,4.0,5,6,2.0,inf,"[2,inf)",False,521,-27.092631832546154,27.092631832546154,-14115.261184756546,14115.261184756546,521,112237.68970197332,14.677446216934486
dose,P4,50,3,6,dose_s4,4.0,6,0,-inf,-2.0,"[-inf,-2)",False,451,-27.145604737988922,27.145604737988922,-12242.667736833004,12242.667736833004,451,61819.06921780194,11.707737053465385
dose,P4,50,3,6,dose_s4,4.0,6,1,-2.0,-1.0,"[-2,-1)",False,7989,-27.260555051686065,27.260555051686065,-217784.57430791997,217784.57430791997,7989,2098461.3750624885,16.20706147146757
dose,P4,50,3,6,dose_s4,4.0,6,2,-1.0,-0.25,"[-1,-0.25)",False,28488,-27.607432661996594,27.607432661996594,-786480.541674959,786480.541674959,28488,9563781.877708042,18.32246289798382
dose,P4,50,3,6,dose_s4,4.0,6,3,-0.25,0.25,"[-0.25,0.25)",True,27481,-28.02430289949739,28.02430289949739,-770135.8679810878,770135.8679810878,27481,9677520.488517918,18.765743836926248
dose,P4,50,3,6,dose_s4,4.0,6,4,0.25,1.0,"[0.25,1)",False,27815,-27.598079629777605,27.598079629777605,-767640.5849022641,767640.5849022641,27815,9466166.850029683,18.447925894298645
dose,P4,50,3,6,dose_s4,4.0,6,5,1.0,2.0,"[1,2)",False,8092,-27.251887202992982,27.251887202992982,-220522.2712466192,220522.2712466192,8092,2238182.911696813,16.63105695155465
dose,P4,50,3,6,dose_s4,4.0,6,6,2.0,inf,"[2,inf)",False,484,-27.069415802257232,27.069415802257232,-13101.5972482925,13101.5972482925,484,114547.45399335618,15.3840272157424
dose,P4,50,3,6,dose_s4,4.0,7,0,-inf,-2.0,"[-inf,-2)",False,481,-27.322440768030045,27.322440768030045,-13142.094009422452,13142.094009422452,481,92514.83094361193,13.868616580982225
dose,P4,50,3,6,dose_s4,4.0,7,1,-2.0,-1.0,"[-2,-1)",False,7815,-27.29109909592884,27.29109909592884,-213279.93943468388,213279.93943468388,7815,2183973.4294608044,16.717032393218943
dose,P4,50,3,6,dose_s4,4.0,7,2,-1.0,-0.25,"[-1,-0.25)",False,28788,-27.640212837797097,27.640212837797097,-795706.4471745029,795706.4471745029,28788,9424607.387608778,18.09363756369999
dose,P4,50,3,6,dose_s4,4.0,7,3,-0.25,0.25,"[-0.25,0.25)",True,27387,-28.022667526527705,28.022667526527705,-767456.7955490142,767456.7955490142,27387,9987441.06206872,19.096548660437325
dose,P4,50,3,6,dose_s4,4.0,7,4,0.25,1.0,"[0.25,1)",False,27981,-27.61149179158902,27.61149179158902,-772597.1518204524,772597.1518204524,27981,9573952.424918188,18.497541773841206
dose,P4,50,3,6,dose_s4,4.0,7,5,1.0,2.0,"[1,2)",False,7851,-27.301631107056473,27.301631107056473,-214345.10582150036,214345.10582150036,7851,2192676.401663226,16.71185976304492
dose,P4,50,3,6,dose_s4,4.0,7,6,2.0,inf,"[2,inf)",False,497,-27.037505559954543,27.037505559954543,-13437.640263297408,13437.640263297408,497,61454.11191604972,11.11980775821133
dose,P4,50,3,6,dose_s4,4.0,8,0,-inf,-2.0,"[-inf,-2)",False,503,-27.132633028187563,27.132633028187563,-13647.714413178344,13647.714413178344,503,98686.14438973827,14.006966769113513
dose,P4,50,3,6,dose_s4,4.0,8,1,-2.0,-1.0,"[-2,-1)",False,7709,-27.347349533043992,27.347349533043992,-210820.71755023615,210820.71755023615,7709,2195263.0048138355,16.87501845533584
dose,P4,50,3,6,dose_s4,4.0,8,2,-1.0,-0.25,"[-1,-0.25)",False,28741,-27.653597976854797,27.653597976854797,-794792.0594527838,794792.0594527838,28741,10036910.706646785,18.687409088309504
dose,P4,50,3,6,dose_s4,4.0,8,3,-0.25,0.25,"[-0.25,0.25)",True,27638,-28.004914008428507,28.004914008428507,-773999.8133649471,773999.8133649471,27638,9818186.644977624,18.847872518273004
dose,P4,50,3,6,dose_s4,4.0,8,4,0.25,1.0,"[0.25,1)",False,27847,-27.64234990919765,27.64234990919765,-769756.517921427,769756.517921427,27847,9066279.426450122,18.043689399127633
dose,P4,50,3,6,dose_s4,4.0,8,5,1.0,2.0,"[1,2)",False,7826,-27.301266884039002,27.301266884039002,-213659.71463448924,213659.71463448924,7826,2082821.0073270656,16.313834526239855
dose,P4,50,3,6,dose_s4,4.0,8,6,2.0,inf,"[2,inf)",False,536,-27.0429550286595,27.0429550286595,-14495.023895361492,14495.023895361492,536,115610.95144290316,14.68645885118349
dose,P4,50,3,6,dose_s4,4.0,9,0,-inf,-2.0,"[-inf,-2)",False,522,-27.069696640945256,27.069696640945256,-14130.381646573423,14130.381646573423,522,68950.83545950538,11.49302932661797
dose,P4,50,3,6,dose_s4,4.0,9,1,-2.0,-1.0,"[-2,-1)",False,7960,-27.308778646314853,27.308778646314853,-217377.87802466622,217377.87802466622,7960,2252869.7318064654,16.823312267626687
dose,P4,50,3,6,dose_s4,4.0,9,2,-1.0,-0.25,"[-1,-0.25)",False,28830,-27.645025962888173,27.645025962888173,-797006.098510066,797006.098510066,28830,9562557.452236902,18.212296307993665
dose,P4,50,3,6,dose_s4,4.0,9,3,-0.25,0.25,"[-0.25,0.25)",True,27240,-28.025464380699702,28.025464380699702,-763413.6497302599,763413.6497302599,27240,9786767.104452021,18.954663338555353
dose,P4,50,3,6,dose_s4,4.0,9,4,0.25,1.0,"[0.25,1)",False,27874,-27.62754319533874,27.62754319533874,-770090.139026872,770090.139026872,27874,9497889.228347672,18.459243649901104
dose,P4,50,3,6,dose_s4,4.0,9,5,1.0,2.0,"[1,2)",False,7819,-27.26335358972526,27.26335358972526,-213172.1617180618,213172.1617180618,7819,2137299.499958687,16.53320632437812
dose,P4,50,3,6,dose_s4,4.0,9,6,2.0,inf,"[2,inf)",False,555,-27.356331426005582,27.356331426005582,-15182.763941433099,15182.763941433099,555,113168.28850544468,14.279594746908485
raw_r1,P4,20,4,3,raw,,0,0,-inf,-2.0,"[-inf,-2)",False,1521,-1.5656162287189965,1.609643724252988,-2381.3022838815937,2448.268104588795,1521,22122.770842133777,3.8137757534740864
raw_r1,P4,20,4,3,raw,,0,1,-2.0,-1.0,"[-2,-1)",False,18059,-1.6337004010406238,1.6671654611187554,-29502.995542392626,30107.341062343603,18059,265972.8709007932,3.8377070640173057
raw_r1,P4,20,4,3,raw,,0,2,-1.0,-0.25,"[-1,-0.25)",False,54400,-1.3701151970763388,1.3852632900790907,-74534.26672095283,75358.32298030253,54400,530853.0072741474,3.1238321561182345
raw_r1,P4,20,4,3,raw,,0,3,-0.25,0.25,"[-0.25,0.25)",True,48300,-1.2066474505640443,1.2124032874835358,-58281.07186224334,58559.078785454774,48300,310831.4985168531,2.536815868742097
raw_r1,P4,20,4,3,raw,,0,4,0.25,1.0,"[0.25,1)",False,50894,-1.4120311313581106,1.425643782073684,-71863.91239933968,72556.71464485808,50894,517917.54204806197,3.1900465302272276
raw_r1,P4,20,4,3,raw,,0,5,1.0,2.0,"[1,2)",False,16497,-1.6473339392430397,1.6763388720347472,-27176.067995692425,27654.562371957225,16497,241172.805022059,3.8235051552927324
raw_r1,P4,20,4,3,raw,,0,6,2.0,inf,"[2,inf)",False,1129,-1.6158889134860208,1.6510757591347587,-1824.3385833257175,1864.0645320631425,1129,16746.107941753868,3.8513232564004922
raw_r1,P4,20,4,3,raw,,1,0,-inf,-2.0,"[-inf,-2)",False,1455,-1.6396254886400783,1.683477083260791,-2385.655085971314,2449.459156144451,1455,22766.78433080802,3.9556635921376815
raw_r1,P4,20,4,3,raw,,1,1,-2.0,-1.0,"[-2,-1)",False,17878,-1.6472058415122373,1.6773994621895134,-29448.746034555777,29988.54758502412,17878,265517.41311187315,3.853781056606099
raw_r1,P4,20,4,3,raw,,1,2,-1.0,-0.25,"[-1,-0.25)",False,53817,-1.3815392178171109,1.3966659731461515,-74350.29608526346,75164.37267680644,53817,531755.0411741415,3.1433740649767743
raw_r1,P4,20,4,3,raw,,1,3,-0.25,0.25,"[-0.25,0.25)",True,49040,-1.1906070770590103,1.196400881899583,-58387.37105897386,58671.499248355554,49040,312672.0658472598,2.5250460959049716
raw_r1,P4,20,4,3,raw,,1,4,0.25,1.0,"[0.25,1)",False,51240,-1.3881360023012403,1.4017459595638677,-71128.08875791555,71825.46296805258,51240,507024.3381068337,3.1456459695437973
raw_r1,P4,20,4,3,raw,,1,5,1.0,2.0,"[1,2)",False,15988,-1.6340328474295291,1.6650362580184512,-26124.91716470331,26620.599693198998,15988,233532.95099832542,3.821879709093213
raw_r1,P4,20,4,3,raw,,1,6,2.0,inf,"[2,inf)",False,1382,-1.6266695666032993,1.6642976240806104,-2248.0573410457596,2300.0593164794036,1382,20746.277849860744,3.8745036421619794
raw_r1,P4,20,4,3,raw,,2,0,-inf,-2.0,"[-inf,-2)",False,1555,-1.620962331590158,1.6581251667625807,-2520.5964256226957,2578.384634315813,1555,23515.005982758637,3.8887260565138884
raw_r1,P4,20,4,3,raw,,2,1,-2.0,-1.0,"[-2,-1)",False,18917,-1.650116047123937,1.6794614948474176,-31215.245263443514,31770.373098028598,18917,280971.2982607444,3.8539390957736575
raw_r1,P4,20,4,3,raw,,2,2,-1.0,-0.25,"[-1,-0.25)",False,53241,-1.3756233904040793,1.3905691525186412,-73239.56492850359,74035.29224924497,53241,520941.5937197364,3.128033641348246
raw_r1,P4,20,4,3,raw,,2,3,-0.25,0.25,"[-0.25,0.25)",True,48913,-1.206599327346526,1.2125305409400586,-59018.39289850063,59308.50634900109,48913,315082.0396153373,2.538047080000376
raw_r1,P4,20,4,3,raw,,2,4,0.25,1.0,"[0.25,1)",False,51485,-1.3955177475021392,1.4092753653430972,-71848.23123014763,72556.54218468936,51485,509185.754740067,3.144834274051225
raw_r1,P4,20,4,3,raw,,2,5,1.0,2.0,"[1,2)",False,15612,-1.6255104244110166,1.6559226014488886,-25377.46874590479,25852.26365382005,15612,224678.36139332884,3.793598392637947
raw_r1,P4,20,4,3,raw,,2,6,2.0,inf,"[2,inf)",False,1077,-1.5875271917237752,1.6202478239752627,-1709.7667854865058,1745.0069064213578,1077,15852.608545469913,3.836564607852025
raw_r1,P4,20,4,3,raw,,3,0,-inf,-2.0,"[-inf,-2)",False,1517,-1.6466452649374939,1.6872096883994994,-2497.960866910178,2559.4970973020404,1517,23629.484839981804,3.946702005116806
raw_r1,P4,20,4,3,raw,,3,1,-2.0,-1.0,"[-2,-1)",False,18752,-1.6383026050700524,1.6690575300874233,-30721.450450273624,31298.16680419936,18752,278043.5781536113,3.8506375114440274
raw_r1,P4,20,4,3,raw,,3,2,-1.0,-0.25,"[-1,-0.25)",False,52947,-1.375589250837565,1.390618883327401,-72833.32406409655,73629.0980155359,52947,519843.97358242504,3.133399919432701
raw_r1,P4,20,4,3,raw,,3,3,-0.25,0.25,"[-0.25,0.25)",True,48259,-1.198142110420283,1.2039094557547934,-57821.14010677244,58099.46642527057,48259,308714.9471028371,2.5292378327564893
raw_r1,P4,20,4,3,raw,,3,4,0.25,1.0,"[0.25,1)",False,51033,-1.3997586915528442,1.4140650775632595,-71433.8853060163,72163.98310328582,51033,512784.7226832639,3.1698739238873292
raw_r1,P4,20,4,3,raw,,3,5,1.0,2.0,"[1,2)",False,16917,-1.6385032798674186,1.669584211249211,-27718.55998551712,28244.356101702902,16917,248173.103976472,3.830149109979155
raw_r1,P4,20,4,3,raw,,3,6,2.0,inf,"[2,inf)",False,1375,-1.5915794121110474,1.635276136056216,-2188.4216916526902,2248.504687077297,1375,20273.589981730653,3.8398475331218935
raw_r1,P4,20,4,3,raw,,4,0,-inf,-2.0,"[-inf,-2)",False,1560,-1.6464206655579614,1.6785140190614645,-2568.41623827042,2618.4818697358846,1560,23783.16927365159,3.904564166365286
raw_r1,P4,20,4,3,raw,,4,1,-2.0,-1.0,"[-2,-1)",False,18429,-1.6560507409953327,1.6855584074354415,-30519.359105802985,31063.15589062775,18429,274046.2002680966,3.85621293794913
raw_r1,P4,20,4,3,raw,,4,2,-1.0,-0.25,"[-1,-0.25)",False,53733,-1.378740702609308,1.394318410567379,-74083.87417330594,74920.91115501698,53733,529005.6769831158,3.137687026475364
raw_r1,P4,20,4,3,raw,,4,3,-0.25,0.25,"[-0.25,0.25)",True,47902,-1.2045912359386988,1.2104451460123304,-57702.32938393555,57982.74338428265,47902,308242.9345146157,2.5367036983250983
raw_r1,P4,20,4,3,raw,,4,4,0.25,1.0,"[0.25,1)",False,51663,-1.393957341172287,1.4080122646486861,-72016.01811698386,72742.13762854507,51663,513510.8816095022,3.1527171902989504
raw_r1,P4,20,4,3,raw,,4,5,1.0,2.0,"[1,2)",False,16191,-1.6421361891502528,1.6747815001661206,-26587.827038531745,27116.387269189658,16191,238316.2199927421,3.8365420667737076
raw_r1,P4,20,4,3,raw,,4,6,2.0,inf,"[2,inf)",False,1322,-1.6684155042833904,1.7138103065121826,-2205.645296662642,2265.6572252091055,1322,20830.805845443905,3.9695137255627535
raw_r1,P4,20,4,3,raw,,5,0,-inf,-2.0,"[-inf,-2)",False,1584,-1.6589844667552933,1.6930903672666302,-2627.8313953403845,2681.855141750342,1584,24474.72434179985,3.930803335483395
raw_r1,P4,20,4,3,raw,,5,1,-2.0,-1.0,"[-2,-1)",False,17949,-1.6217672417659557,1.652014746837328,-29109.10022245714,29652.012690983203,17949,260886.45886478014,3.8124630231666496
raw_r1,P4,20,4,3,raw,,5,2,-1.0,-0.25,"[-1,-0.25)",False,54443,-1.3705342387928552,1.3854319767449386,-74615.99556259942,75427.07310992469,54443,527900.064735328,3.113901233006173
raw_r1,P4,20,4,3,raw,,5,3,-0.25,0.25,"[-0.25,0.25)",True,48732,-1.1961890571319966,1.2020219600008117,-58292.68513215646,58576.934154759554,48732,310033.70315562893,2.5223034625832015
raw_r1,P4,20,4,3,raw,,5,4,0.25,1.0,"[0.25,1)",False,51376,-1.4003273683855904,1.4140819626313568,-71943.21887817809,72649.87491214859,51376,513817.71394313563,3.162455274606821
raw_r1,P4,20,4,3,raw,,5,5,1.0,2.0,"[1,2)",False,15430,-1.6355751534284988,1.665907201004108,-25236.924617401735,25704.948111493388,15430,227087.35079411702,3.836308366004268
raw_r1,P4,20,4,3,raw,,5,6,2.0,inf,"[2,inf)",False,1286,-1.5688792184488407,1.61133188345301,-2017.578674925209,2072.172802120571,1286,18622.42943880086,3.805376960214576
raw_r1,P4,20,4,3,raw,,6,0,-inf,-2.0,"[-inf,-2)",False,1661,-1.6452914418945115,1.684495811097362,-2732.8290849867835,2797.947542232718,1661,26362.97589900971,3.9839364311775713
raw_r1,P4,20,4,3,raw,,6,1,-2.0,-1.0,"[-2,-1)",False,17916,-1.6340579209826556,1.6650353282819725,-29275.781712325257,29830.77294149982,17916,263466.21773915883,3.834793137731967
raw_r1,P4,20,4,3,raw,,6,2,-1.0,-0.25,"[-1,-0.25)",False,53829,-1.3672607056486468,1.3826647889183563,-73598.276524361,74427.4629226862,53829,522462.0754550898,3.1154388385697422
raw_r1,P4,20,4,3,raw,,6,3,-0.25,0.25,"[-0.25,0.25)",True,49184,-1.2013595723516404,1.2071731937133747,-59087.66920654308,59373.60635959862,49184,318610.8005322844,2.5451789573506853
raw_r1,P4,20,4,3,raw,,6,4,0.25,1.0,"[0.25,1)",False,51008,-1.3964884928500456,1.4109918045373806,-71232.08504329513,71971.8699658427,51008,509955.9457569636,3.1618930951821884
raw_r1,P4,20,4,3,raw,,6,5,1.0,2.0,"[1,2)",False,15991,-1.6305158178523675,1.6612630319496664,-26073.57844327721,26565.257143907114,15991,232578.76620005036,3.813706082890618
raw_r1,P4,20,4,3,raw,,6,6,2.0,inf,"[2,inf)",False,1211,-1.6422949860660838,1.6839481234159646,-1988.8192281260276,2039.261177456733,1211,18659.17111798142,3.925311278844368
raw_r1,P4,20,4,3,raw,,7,0,-inf,-2.0,"[-inf,-2)",False,1484,-1.5951155370848398,1.637752760599194,-2367.1514570339023,2430.4250967292037,1484,22126.53210714864,3.861354952191232
raw_r1,P4,20,4,3,raw,,7,1,-2.0,-1.0,"[-2,-1)",False,18187,-1.6240710515083998,1.6546667488804205,-29536.980213783267,30093.424161888208,18187,263105.49903419195,3.8035088330697007
raw_r1,P4,20,4,3,raw,,7,2,-1.0,-0.25,"[-1,-0.25)",False,53445,-1.3725739244378348,1.3875445739407926,-73357.21339158008,74157.31975426566,53445,521486.1868404925,3.123689544570291
raw_r1,P4,20,4,3,raw,,7,3,-0.25,0.25,"[-0.25,0.25)",True,48419,-1.2116780522771187,1.2173696438658597,-58668.239613205806,58943.82078634106,48419,317628.707132481,2.5612499656399113
raw_r1,P4,20,4,3,raw,,7,4,0.25,1.0,"[0.25,1)",False,51660,-1.3969406400530031,1.410671913375033,-72165.95346513814,72875.3110449542,51660,512687.9504347759,3.150281438289782
raw_r1,P4,20,4,3,raw,,7,5,1.0,2.0,"[1,2)",False,16197,-1.6340137534933603,1.6656946550265084,-26466.120765331958,26979.256327464354,16197,236906.86839966796,3.824472433300701
raw_r1,P4,20,4,3,raw,,7,6,2.0,inf,"[2,inf)",False,1408,-1.5793625328259566,1.616669533317483,-2223.742446218947,2276.270702911016,1408,20949.25474118792,3.857295951894641
raw_r1,P4,20,4,3,raw,,8,0,-inf,-2.0,"[-inf,-2)",False,1590,-1.6068619826885395,1.6383724726296447,-2554.910552474778,2605.012231481135,1590,23543.923938299886,3.848051368194567
raw_r1,P4,20,4,3,raw,,8,1,-2.0,-1.0,"[-2,-1)",False,17983,-1.6291743535436545,1.6613596833307633,-29297.442399775537,29876.231185337117,17983,262418.01739895064,3.8200210218245942
raw_r1,P4,20,4,3,raw,,8,2,-1.0,-0.25,"[-1,-0.25)",False,53675,-1.3686584835931421,1.3834711904143504,-73462.74410686191,74257.81614549026,53675,521960.6694047719,3.1184074775719206
raw_r1,P4,20,4,3,raw,,8,3,-0.25,0.25,"[-0.25,0.25)",True,48647,-1.202956041891454,1.2087153516840818,-58520.20256989356,58800.37571337553,48647,313733.42085163307,2.539524230561132
raw_r1,P4,20,4,3,raw,,8,4,0.25,1.0,"[0.25,1)",False,51881,-1.3906888879164225,1.4050838318292205,-72150.33019399192,72897.15427913179,51881,515853.31990844524,3.1532539302830247
raw_r1,P4,20,4,3,raw,,8,5,1.0,2.0,"[1,2)",False,15920,-1.6261287732946013,1.658574853754071,-25887.970070850053,26404.51167176481,15920,230723.9580387486,3.8069293311121757
raw_r1,P4,20,4,3,raw,,8,6,2.0,inf,"[2,inf)",False,1104,-1.4888204433182817,1.533886570489902,-1643.657769423383,1693.4107738208518,1104,15078.850300253956,3.6957244073601547
raw_r1,P4,20,4,3,raw,,9,0,-inf,-2.0,"[-inf,-2)",False,1501,-1.5979861067514696,1.6362490271165213,-2398.577146233956,2456.0097897018986,1501,22651.817897156354,3.884733087870376
raw_r1,P4,20,4,3,raw,,9,1,-2.0,-1.0,"[-2,-1)",False,18196,-1.6285075159550406,1.659613223679584,-29632.32276031792,30198.32221807371,18196,266792.1038870576,3.829115988445747
raw_r1,P4,20,4,3,raw,,9,2,-1.0,-0.25,"[-1,-0.25)",False,52931,-1.3810572960609062,1.3958014852375966,-73100.74373779983,73881.16841511123,52931,519612.547381045,3.133175813463442
raw_r1,P4,20,4,3,raw,,9,3,-0.25,0.25,"[-0.25,0.25)",True,50032,-1.210268779896764,1.216172970819095,-60552.1675957949,60847.56607602096,50032,328290.0102057024,2.5615621756293745
raw_r1,P4,20,4,3,raw,,9,4,0.25,1.0,"[0.25,1)",False,50776,-1.3872786487874655,1.40248737746549,-70440.46067083236,71212.69907818772,50776,501643.90617007617,3.1431747557995298
raw_r1,P4,20,4,3,raw,,9,5,1.0,2.0,"[1,2)",False,16271,-1.6271337406590556,1.6569700182220766,-26475.093094263495,26960.559166491406,16271,234958.84436845087,3.800045320662778
raw_r1,P4,20,4,3,raw,,9,6,2.0,inf,"[2,inf)",False,1093,-1.6398149885919624,1.688221824365146,-1792.317782531015,1845.2264540311044,1093,16955.962448820883,3.9386840294243153
raw_r1,P4,20,3,6,raw,,0,0,-inf,-2.0,"[-inf,-2)",False,698,-0.9812943220698243,1.0040649895035407,-684.9434368047373,700.8373626734714,698,4871.485284561246,2.6418185552268802
raw_r1,P4,20,3,6,raw,,0,1,-2.0,-1.0,"[-2,-1)",False,8809,-0.9880873529737041,1.0064951077898845,-8704.06149234536,8866.215404521092,8809,56578.68227769712,2.5343296772761463
raw_r1,P4,20,3,6,raw,,0,2,-1.0,-0.25,"[-1,-0.25)",False,28743,-0.8638493710971061,0.8719005482418938,-24829.62247344412,25061.037458116753,28743,115976.66313474675,2.008719322120242
raw_r1,P4,20,3,6,raw,,0,3,-0.25,0.25,"[-0.25,0.25)",True,26820,-0.8577766113568118,0.8609884149016406,-23005.568716589692,23091.709287662,26820,69935.55911392267,1.61480333950508
raw_r1,P4,20,3,6,raw,,0,4,0.25,1.0,"[0.25,1)",False,27472,-0.8755237775506683,0.8828380825540013,-24052.38921687196,24253.327803923523,27472,111165.57190361102,2.0115925308516225
raw_r1,P4,20,3,6,raw,,0,5,1.0,2.0,"[1,2)",False,7725,-0.995485033301927,1.0121883325987127,-7690.121882257386,7819.154869325055,7725,49418.20067467428,2.529264335901644
raw_r1,P4,20,3,6,raw,,0,6,2.0,inf,"[2,inf)",False,533,-0.9615169653756404,0.9975456878905948,-512.4885425452163,531.691851645687,533,3691.308880717945,2.6316406687135143
raw_r1,P4,20,3,6,raw,,1,0,-inf,-2.0,"[-inf,-2)",False,666,-0.9517562875878712,0.9835044664514686,-633.8696875335222,655.0139746566781,666,4589.901760930865,2.6252132076808694
raw_r1,P4,20,3,6,raw,,1,1,-2.0,-1.0,"[-2,-1)",False,9051,-0.9809627671855281,0.9995025128020683,-8878.694005796215,9046.49724337152,9051,57547.64109429976,2.5215377869891626
raw_r1,P4,20,3,6,raw,,1,2,-1.0,-0.25,"[-1,-0.25)",False,28810,-0.8644492663772392,0.8725229127427393,-24904.78336432826,25137.38511611832,28810,116156.64566789211,2.0079384769049766
raw_r1,P4,20,3,6,raw,,1,3,-0.25,0.25,"[-0.25,0.25)",True,26406,-0.856655658064557,0.8595914599884593,-22620.84930685269,22698.372092455258,26406,68737.06645167903,1.6134079302123496
raw_r1,P4,20,3,6,raw,,1,4,0.25,1.0,"[0.25,1)",False,27616,-0.8811791526799843,0.888426686482162,-24334.643480410447,24534.79137389139,27616,112941.94364429689,2.0223077288759663
raw_r1,P4,20,3,6,raw,,1,5,1.0,2.0,"[1,2)",False,7784,-0.9650017206734611,0.982263914593874,-7511.573393722221,7645.942311198715,7784,48311.86605196602,2.4912969286986284
raw_r1,P4,20,3,6,raw,,1,6,2.0,inf,"[2,inf)",False,467,-0.9705873552555208,1.0022667560190075,-453.2642949043282,468.0585750608765,467,3190.706007910455,2.6138758409713767
raw_r1,P4,20,3,6,raw,,2,0,-inf,-2.0,"[-inf,-2)",False,591,-0.953119569339095,0.9772499742582218,-563.2936654794051,577.5547347866091,591,3979.780902840042,2.594990913083289
raw_r1,P4,20,3,6,raw,,2,1,-2.0,-1.0,"[-2,-1)",False,9184,-0.9796186384509336,0.9981332707428743,-8996.817575533374,9166.855958502558,9184,58221.8433536105,2.5178336775640497
raw_r1,P4,20,3,6,raw,,2,2,-1.0,-0.25,"[-1,-0.25)",False,28432,-0.8516300412438012,0.8599525029815133,-24213.545332643753,24450.169564770385,28432,112841.23544029628,1.9921875007832879
raw_r1,P4,20,3,6,raw,,2,3,-0.25,0.25,"[-0.25,0.25)",True,26663,-0.852479064739154,0.8554229428710552,-22729.649303140064,22808.141925770946,26663,69025.80260582603,1.6089821506027058
raw_r1,P4,20,3,6,raw,,2,4,0.25,1.0,"[0.25,1)",False,27685,-0.8738979632636038,0.8816020426903293,-24193.86511295287,24407.152551881765,27685,111942.19996411388,2.0108267542618354
raw_r1,P4,20,3,6,raw,,2,5,1.0,2.0,"[1,2)",False,7706,-0.9778540754438807,0.9954094638454191,-7535.343505370544,7670.625328392799,7706,48286.78952936146,2.5032237074066703
raw_r1,P4,20,3,6,raw,,2,6,2.0,inf,"[2,inf)",False,539,-0.9525116589152799,0.9770225648153563,-513.4037841553359,526.615162435477,539,3689.285862940406,2.616235119807809
raw_r1,P4,20,3,6,raw,,3,0,-inf,-2.0,"[-inf,-2)",False,720,-0.9600489836261722,0.9849047090335836,-691.235268210844,709.1313905041802,720,4971.872654579852,2.6278087234265093
raw_r1,P4,20,3,6,raw,,3,1,-2.0,-1.0,"[-2,-1)",False,8910,-0.9913435684371513,1.010491187540705,-8832.871194775018,9003.476480987681,8910,57203.367261572166,2.533797743662292
raw_r1,P4,20,3,6,raw,,3,2,-1.0,-0.25,"[-1,-0.25)",False,29021,-0.8610960255805491,0.8692473721703743,-24989.867758373115,25226.427987756433,29021,116924.21962475119,2.007224981205803
raw_r1,P4,20,3,6,raw,,3,3,-0.25,0.25,"[-0.25,0.25)",True,26308,-0.8464270788779263,0.8494512589421155,-22267.803591120486,22347.363720249174,26308,67516.64483037163,1.6019963032517237
raw_r1,P4,20,3,6,raw,,3,4,0.25,1.0,"[0.25,1)",False,27634,-0.8721226894419025,0.879726271760206,-24100.238400037535,24310.355793821534,27634,111829.31487695414,2.0116663690958507
raw_r1,P4,20,3,6,raw,,3,5,1.0,2.0,"[1,2)",False,7733,-0.9884399324512642,1.0048627465595912,-7643.605997645625,7770.603619145319,7733,48989.88707310976,2.516976809241214
raw_r1,P4,20,3,6,raw,,3,6,2.0,inf,"[2,inf)",False,474,-0.9727717489369373,0.9920258117072406,-461.0938089961083,470.220234749232,474,3273.5259860004817,2.627959848674584
raw_r1,P4,20,3,6,raw,,4,0,-inf,-2.0,"[-inf,-2)",False,603,-1.0023823575112647,1.0224697940326868,-604.4365615792926,616.5492858017101,603,4253.835954987662,2.6560222740116233
raw_r1,P4,20,3,6,raw,,4,1,-2.0,-1.0,"[-2,-1)",False,9118,-0.9661658234572404,0.986326252081525,-8809.499978283118,8993.322766479345,9118,57037.56104182741,2.5010978296236313
raw_r1,P4,20,3,6,raw,,4,2,-1.0,-0.25,"[-1,-0.25)",False,29012,-0.8577307427084254,0.865670157904494,-24884.484307456838,25114.82262112518,29012,115997.91685184102,1.999568380730774
raw_r1,P4,20,3,6,raw,,4,3,-0.25,0.25,"[-0.25,0.25)",True,26402,-0.8507098578775856,0.8537222495286727,-22460.441667684016,22539.974832056017,26402,67923.3375562805,1.603950995797549
raw_r1,P4,20,3,6,raw,,4,4,0.25,1.0,"[0.25,1)",False,27561,-0.8723548388930243,0.8795000505243659,-24042.971714730644,24239.900892502046,27561,111480.38958197222,2.0111837592012813
raw_r1,P4,20,3,6,raw,,4,5,1.0,2.0,"[1,2)",False,7672,-0.9770113099735096,0.9940967793927891,-7495.630770116765,7626.710491501478,7672,48238.98096323975,2.5075220768741873
raw_r1,P4,20,3,6,raw,,4,6,2.0,inf,"[2,inf)",False,432,-0.9652307165787414,0.9816780607178685,-416.9796695620163,424.08492223011916,432,2897.1204380417003,2.589651967018293
raw_r1,P4,20,3,6,raw,,5,0,-inf,-2.0,"[-inf,-2)",False,680,-0.9933398421571821,1.0136534034524538,-675.4710926668838,689.2843143476686,680,4771.0437360382275,2.6488187533864056
raw_r1,P4,20,3,6,raw,,5,1,-2.0,-1.0,"[-2,-1)",False,9062,-0.9765809581585045,0.9952073646447426,-8849.776642832368,9018.569138410658,9062,57368.4414939438,2.5160802974736765
raw_r1,P4,20,3,6,raw,,5,2,-1.0,-0.25,"[-1,-0.25)",False,28822,-0.8569662896266145,0.8653045858324603,-24699.482399618282,24939.80877286317,28822,115458.0174570713,2.001474176160874
raw_r1,P4,20,3,6,raw,,5,3,-0.25,0.25,"[-0.25,0.25)",True,26339,-0.8445786031150513,0.8478016634902272,-22245.355827447336,22330.248014669094,26339,67257.12496142501,1.5979732617216422
raw_r1,P4,20,3,6,raw,,5,4,0.25,1.0,"[0.25,1)",False,27759,-0.884121459981462,0.8913503034848905,-24542.327607625404,24742.993074437076,27759,113879.69713507425,2.0254486781673453
raw_r1,P4,20,3,6,raw,,5,5,1.0,2.0,"[1,2)",False,7670,-0.9792906857811199,0.997246171319,-7511.159559941189,7648.87813401673,7670,48397.09557245804,2.5119556516562187
raw_r1,P4,20,3,6,raw,,5,6,2.0,inf,"[2,inf)",False,468,-0.9497605578435104,0.9761426657933111,-444.4879410707629,456.8347675912696,468,3050.332335185315,2.5529990472014195
raw_r1,P4,20,3,6,raw,,6,0,-inf,-2.0,"[-inf,-2)",False,685,-0.9882180314311493,1.009240154068868,-676.9293515303373,691.3295055371746,685,4749.688001386761,2.633220669999949
raw_r1,P4,20,3,6,raw,,6,1,-2.0,-1.0,"[-2,-1)",False,9195,-0.990274830682702,1.009287753352592,-9105.577068127444,9280.400892077083,9195,58971.496261507906,2.532475233054955
raw_r1,P4,20,3,6,raw,,6,2,-1.0,-0.25,"[-1,-0.25)",False,28752,-0.8628151465987471,0.8709160324732378,-24807.661095007177,25040.577765670532,28752,115877.73492772446,2.0075481427213107
raw_r1,P4,20,3,6,raw,,6,3,-0.25,0.25,"[-0.25,0.25)",True,26387,-0.8484190515275019,0.8514452767823997,-22387.233512656192,22467.08651845718,26387,67677.53199801812,1.601501124348995
raw_r1,P4,20,3,6,raw,,6,4,0.25,1.0,"[0.25,1)",False,27354,-0.880274306401773,0.8871582108638109,-24079.023377314097,24267.325699968682,27354,111694.95753251192,2.0207210351644966
raw_r1,P4,20,3,6,raw,,6,5,1.0,2.0,"[1,2)",False,7892,-0.9743156738100839,0.9936871226237141,-7689.299297709182,7842.178771746351,7892,49592.84558003813,2.5067785846142363
raw_r1,P4,20,3,6,raw,,6,6,2.0,inf,"[2,inf)",False,535,-0.9534115448498076,0.979111116436648,-510.07517649464705,523.8244472936067,535,3652.79909788391,2.612979499575833
raw_r1,P4,20,3,6,raw,,7,0,-inf,-2.0,"[-inf,-2)",False,699,-1.0243067345587527,1.0509668072538763,-715.990407456568,734.6257982704595,699,5120.434715749781,2.706542361259122
raw_r1,P4,20,3,6,raw,,7,1,-2.0,-1.0,"[-2,-1)",False,8980,-0.9751684778242199,0.9935304954103564,-8757.012930861494,8921.903848785001,8980,56419.939051789734,2.5065601912589694
raw_r1,P4,20,3,6,raw,,7,2,-1.0,-0.25,"[-1,-0.25)",False,28595,-0.8641078636881975,0.8724079858812462,-24709.164362164007,24946.506356274236,28595,115570.79545736048,2.010383914861135
raw_r1,P4,20,3,6,raw,,7,3,-0.25,0.25,"[-0.25,0.25)",True,26565,-0.8550830895614734,0.8579224235391977,-22715.28227420054,22790.709181318787,26565,69075.86380429949,1.6125316672010854
raw_r1,P4,20,3,6,raw,,7,4,0.25,1.0,"[0.25,1)",False,27643,-0.873883590948907,0.881162585971282,-24156.764104600636,24357.97736400415,27643,112057.0834714124,2.0133861209982795
raw_r1,P4,20,3,6,raw,,7,5,1.0,2.0,"[1,2)",False,7758,-0.9905116634311416,1.006075940406991,-7684.389484898797,7805.137145677436,7758,49468.61841175901,2.5251664062374948
raw_r1,P4,20,3,6,raw,,7,6,2.0,inf,"[2,inf)",False,560,-1.0056015955066253,1.0302623773806143,-563.1368934837102,576.946931333144,560,4040.442746671747,2.6860894127601944
raw_r1,P4,20,3,6,raw,,8,0,-inf,-2.0,"[-inf,-2)",False,722,-0.9821532932622473,1.009250974451054,-709.1146777353425,728.6792035536611,722,5089.848785539516,2.6551180873049613
raw_r1,P4,20,3,6,raw,,8,1,-2.0,-1.0,"[-2,-1)",False,9149,-0.9876648529360822,1.0061731566023928,-9036.145739512216,9205.478209755292,9149,58364.298642580055,2.525729412616015
raw_r1,P4,20,3,6,raw,,8,2,-1.0,-0.25,"[-1,-0.25)",False,28915,-0.862536410646668,0.8705516794021272,-24940.240313848404,25172.001809912508,28915,116883.00949560368,2.0105463720978927
raw_r1,P4,20,3,6,raw,,8,3,-0.25,0.25,"[-0.25,0.25)",True,26388,-0.845872165553284,0.8488507664000725,-22320.87470462006,22399.474023765113,26388,67692.71888431624,1.6016504543189438
raw_r1,P4,20,3,6,raw,,8,4,0.25,1.0,"[0.25,1)",False,27428,-0.8789349146919552,0.8864287219822263,-24107.426840170945,24312.966986528503,27428,112234.67569056143,2.0228629383507726
raw_r1,P4,20,3,6,raw,,8,5,1.0,2.0,"[1,2)",False,7757,-0.9747641177776558,0.9919425592781382,-7561.245261601276,7694.498432320518,7757,48315.95852340829,2.4957346241320546
raw_r1,P4,20,3,6,raw,,8,6,2.0,inf,"[2,inf)",False,441,-1.0394086850826667,1.058160940295936,-458.37923012145603,466.64897467050776,441,3240.6220594812753,2.710783897920928
raw_r1,P4,20,3,6,raw,,9,0,-inf,-2.0,"[-inf,-2)",False,625,-0.9836500302027907,1.012022725524139,-614.7812688767442,632.5142034525868,625,4351.797241446969,2.638726129463827
raw_r1,P4,20,3,6,raw,,9,1,-2.0,-1.0,"[-2,-1)",False,9165,-0.9920975022973613,1.0089498063213802,-9092.573608555316,9247.02497493545,9165,58600.738428542434,2.528630136780642
raw_r1,P4,20,3,6,raw,,9,2,-1.0,-0.25,"[-1,-0.25)",False,28453,-0.8587276105149882,0.8672060297403591,-24433.37670198296,24674.613164202437,28453,113501.16633714318,1.9972670176801475
raw_r1,P4,20,3,6,raw,,9,3,-0.25,0.25,"[-0.25,0.25)",True,26522,-0.8531242468732675,0.8561809354734853,-22626.5612755728,22707.630770627777,26522,68719.71820060743,1.6096725928875006
raw_r1,P4,20,3,6,raw,,9,4,0.25,1.0,"[0.25,1)",False,27724,-0.8784081198833155,0.8857723984327495,-24352.98671564504,24557.153974149547,27724,112773.20871050289,2.0168566139669486
raw_r1,P4,20,3,6,raw,,9,5,1.0,2.0,"[1,2)",False,7765,-0.9776630967866304,0.9955347094618394,-7591.553946548185,7730.327018971183,7765,48727.47948505444,2.505049105686378
raw_r1,P4,20,3,6,raw,,9,6,2.0,inf,"[2,inf)",False,546,-0.9988993906912941,1.0240423340607738,-545.3990673174466,559.1271143971825,546,3901.7127002809148,2.6731991988174864
raw_r1,P4,50,4,3,raw,,0,0,-inf,-2.0,"[-inf,-2)",False,1201,-3.255521113794228,3.266818672805548,-3909.880857666868,3923.449226039463,1201,56273.65479995082,6.845119863450519
raw_r1,P4,50,4,3,raw,,0,1,-2.0,-1.0,"[-2,-1)",False,15874,-3.358362245370787,3.364625162692846,-53310.64228301587,53410.05983258624,15874,809877.9656627941,7.1427689763522215
raw_r1,P4,50,4,3,raw,,0,2,-1.0,-0.25,"[-1,-0.25)",False,53850,-2.81529422380283,2.8182731151266567,-151603.5939517824,151764.00724957045,53850,2105739.152370284,6.253302417952245
raw_r1,P4,50,4,3,raw,,0,3,-0.25,0.25,"[-0.25,0.25)",True,50892,-2.3117784635177583,2.3131055600998276,-117651.02956534576,117718.56816460042,50892,1481145.5007902102,5.394784519113569
raw_r1,P4,50,4,3,raw,,0,4,0.25,1.0,"[0.25,1)",False,51797,-2.811582790350287,2.8151271356762817,-145631.55379177383,145815.14024662436,51797,2015086.1928153317,6.237269511078235
raw_r1,P4,50,4,3,raw,,0,5,1.0,2.0,"[1,2)",False,16174,-3.3623218580811067,3.369754765071656,-54382.19373260382,54502.41357026897,16174,840328.1602643206,7.208015955799676
raw_r1,P4,50,4,3,raw,,0,6,2.0,inf,"[2,inf)",False,1012,-3.2053900955232555,3.2141469977262114,-3243.8547766695347,3252.716761698926,1012,45264.84310921769,6.687907433506232
raw_r1,P4,50,4,3,raw,,1,0,-inf,-2.0,"[-inf,-2)",False,1335,-3.318985472704315,3.3279760925249207,-4430.84560606026,4442.848083520769,1335,62033.76616156122,6.816688387366541
raw_r1,P4,50,4,3,raw,,1,1,-2.0,-1.0,"[-2,-1)",False,15701,-3.394305749019808,3.401667871522095,-53293.99456536001,53409.58725076842,15701,823615.8507721211,7.242669892099233
raw_r1,P4,50,4,3,raw,,1,2,-1.0,-0.25,"[-1,-0.25)",False,54317,-2.7891388584466696,2.7921728822324776,-151497.65537424776,151662.45444422148,54317,2057545.395332885,6.154699098428115
raw_r1,P4,50,4,3,raw,,1,3,-0.25,0.25,"[-0.25,0.25)",True,49460,-2.2973020342042902,2.2986296899610315,-113624.5586117442,113690.22446547261,49460,1411704.3718811846,5.342503604214317
raw_r1,P4,50,4,3,raw,,1,4,0.25,1.0,"[0.25,1)",False,53305,-2.807534887239173,2.81086608135742,-149655.64716428414,149833.2164667573,53305,2053160.2126777756,6.20622399360882
raw_r1,P4,50,4,3,raw,,1,5,1.0,2.0,"[1,2)",False,15655,-3.366109956585617,3.3732238845758133,-52696.45137034784,52807.81991303436,15655,801275.3915455982,7.154254190418295
raw_r1,P4,50,4,3,raw,,1,6,2.0,inf,"[2,inf)",False,1027,-3.2955436982024198,3.3024098865726645,-3384.523378053885,3391.5749535101263,1027,49345.922181469185,6.931710446856152
raw_r1,P4,50,4,3,raw,,2,0,-inf,-2.0,"[-inf,-2)",False,1290,-3.323531421333508,3.332115209099183,-4287.355533520225,4298.428619737946,1290,61689.07420873507,6.915272066861098
raw_r1,P4,50,4,3,raw,,2,1,-2.0,-1.0,"[-2,-1)",False,16245,-3.441367184370671,3.448341274189883,-55905.009910101544,56018.303999214644,16245,881431.44143346,7.3660457384179585
raw_r1,P4,50,4,3,raw,,2,2,-1.0,-0.25,"[-1,-0.25)",False,53640,-2.7890490694680445,2.792256895477257,-149604.5920862659,149776.65987340006,53640,2044870.1633854562,6.174310764074154
raw_r1,P4,50,4,3,raw,,2,3,-0.25,0.25,"[-0.25,0.25)",True,49544,-2.292774925127274,2.294211121464459,-113593.24089050567,113664.39580183517,49544,1408933.3719959124,5.332731214153229
raw_r1,P4,50,4,3,raw,,2,4,0.25,1.0,"[0.25,1)",False,53158,-2.8183870641307514,2.82185607148306,-149819.81955506248,150004.2250478965,53158,2078561.0391572223,6.253124489568004
raw_r1,P4,50,4,3,raw,,2,5,1.0,2.0,"[1,2)",False,15742,-3.419188327135305,3.425812387719313,-53824.86264576398,53929.13860747743,15742,832319.8452709405,7.271352031453617
raw_r1,P4,50,4,3,raw,,2,6,2.0,inf,"[2,inf)",False,1181,-3.3685413500294197,3.3775956901344113,-3978.2473343847446,3988.9405100487397,1181,55949.8773991281,6.882950096538391
raw_r1,P4,50,4,3,raw,,3,0,-inf,-2.0,"[-inf,-2)",False,1214,-3.2416456641642766,3.254481849203847,-3935.3578362954318,3950.9409649334702,1214,56807.0963484474,6.84056465753935
raw_r1,P4,50,4,3,raw,,3,1,-2.0,-1.0,"[-2,-1)",False,16579,-3.3916877873724016,3.3983501784835366,-56230.791826847046,56341.24760907856,16579,847345.4855323905,7.149095428527332
raw_r1,P4,50,4,3,raw,,3,2,-1.0,-0.25,"[-1,-0.25)",False,53725,-2.814297584970186,2.817472368561308,-151198.13775252324,151368.70300095627,53725,2098411.0514948894,6.249669774795717
raw_r1,P4,50,4,3,raw,,3,3,-0.25,0.25,"[-0.25,0.25)",True,50053,-2.2429551984996294,2.244339436684483,-112266.63655050195,112335.92182436842,50053,1358368.9228431564,5.2094732486733015
raw_r1,P4,50,4,3,raw,,3,4,0.25,1.0,"[0.25,1)",False,52343,-2.8113757671463016,2.814334474027763,-147155.84177973887,147310.70937403518,52343,2028974.591654315,6.225998319337544
raw_r1,P4,50,4,3,raw,,3,5,1.0,2.0,"[1,2)",False,15720,-3.3281801999135934,3.334061350015695,-52318.99274264169,52411.44442224672,15720,783405.4998568497,7.059387754021708
raw_r1,P4,50,4,3,raw,,3,6,2.0,inf,"[2,inf)",False,1166,-3.007255822308721,3.017383849862212,-3506.4602888119684,3518.269568939339,1166,45195.93875665382,6.22587548223431
raw_r1,P4,50,4,3,raw,,4,0,-inf,-2.0,"[-inf,-2)",False,1257,-3.2710783227506295,3.282029346146105,-4111.745451697541,4125.510888105654,1257,58376.48756714952,6.814772173956747
raw_r1,P4,50,4,3,raw,,4,1,-2.0,-1.0,"[-2,-1)",False,16449,-3.3829282807121017,3.3911514231293687,-55645.78728943336,55781.049759054986,16449,840549.9306110985,7.1484520439592805
raw_r1,P4,50,4,3,raw,,4,2,-1.0,-0.25,"[-1,-0.25)",False,53908,-2.801945733468858,2.8051059304347072,-151047.2905998392,151217.6504978742,53908,2114400.7649081964,6.2627783815844245
raw_r1,P4,50,4,3,raw,,4,3,-0.25,0.25,"[-0.25,0.25)",True,50083,-2.2714395170131656,2.2727909522657406,-113760.50533057038,113828.18926232509,50083,1398958.7199668956,5.285149566613518
raw_r1,P4,50,4,3,raw,,4,4,0.25,1.0,"[0.25,1)",False,52369,-2.8190435113439576,2.8220835795011388,-147630.4896455717,147789.69497489513,52369,2050310.5713154185,6.257094079772094
raw_r1,P4,50,4,3,raw,,4,5,1.0,2.0,"[1,2)",False,15681,-3.372606687298579,3.379875832828383,-52885.84546352902,52999.83293458187,15681,798630.9582342946,7.136515168419258
raw_r1,P4,50,4,3,raw,,4,6,2.0,inf,"[2,inf)",False,1053,-3.146205341786411,3.1552418198902563,-3312.9542249010906,3322.46963634444,1053,42942.5129074679,6.386009228950363
raw_r1,P4,50,4,3,raw,,5,0,-inf,-2.0,"[-inf,-2)",False,1306,-3.2078661326840474,3.2155214922787945,-4189.473169285366,4199.471068916106,1306,57185.95591817593,6.617182371728668
raw_r1,P4,50,4,3,raw,,5,1,-2.0,-1.0,"[-2,-1)",False,16022,-3.3452273352942425,3.351835642921833,-53597.232366084354,53703.110670893606,16022,796735.0252571342,7.0517773418134055
raw_r1,P4,50,4,3,raw,,5,2,-1.0,-0.25,"[-1,-0.25)",False,53414,-2.794303311435101,2.797764016335597,-149254.9170769945,149439.76716854956,53414,2024055.3956152995,6.15578787886793
raw_r1,P4,50,4,3,raw,,5,3,-0.25,0.25,"[-0.25,0.25)",True,49965,-2.2771505588885055,2.278465277655566,-113777.82767486418,113843.51759806035,49965,1418195.3811746503,5.327642655704286
raw_r1,P4,50,4,3,raw,,5,4,0.25,1.0,"[0.25,1)",False,52481,-2.8363115879095404,2.839162196634873,-148852.4684450806,149002.07124159476,52481,2089108.0563741424,6.309274183971801
raw_r1,P4,50,4,3,raw,,5,5,1.0,2.0,"[1,2)",False,16456,-3.4046458065389276,3.411619038659237,-56026.85139240459,56141.6029001764,16456,866050.5300115693,7.254533266694162
raw_r1,P4,50,4,3,raw,,5,6,2.0,inf,"[2,inf)",False,1156,-3.262533199189998,3.2756236932074025,-3771.488378263638,3786.620989347757,1156,54622.40845206199,6.87395216626772
raw_r1,P4,50,4,3,raw,,6,0,-inf,-2.0,"[-inf,-2)",False,1264,-3.255880202821394,3.2650116923579233,-4115.432576366242,4126.974779140415,1264,56031.286477163936,6.657968866564039
raw_r1,P4,50,4,3,raw,,6,1,-2.0,-1.0,"[-2,-1)",False,15926,-3.372734002923374,3.3799043605999426,-53714.16173055765,53828.356846914685,15926,815365.383708504,7.1552165010202655
raw_r1,P4,50,4,3,raw,,6,2,-1.0,-0.25,"[-1,-0.25)",False,54565,-2.7994103652465085,2.8028387516435656,-152749.82657967575,152936.89648343116,54565,2093053.4510113988,6.193456331395214
raw_r1,P4,50,4,3,raw,,6,3,-0.25,0.25,"[-0.25,0.25)",True,50372,-2.3021330633723966,2.3033950570475317,-115963.04666819437,116026.61581359827,50372,1435439.4206205425,5.338236827414521
raw_r1,P4,50,4,3,raw,,6,4,0.25,1.0,"[0.25,1)",False,51413,-2.7994123331845913,2.8029645368678318,-143926.1862860194,144108.81573398583,51413,1982226.343970046,6.209264337088837
raw_r1,P4,50,4,3,raw,,6,5,1.0,2.0,"[1,2)",False,16134,-3.3931074290540835,3.400243766793704,-54744.395260358586,54859.53293344963,16134,844467.4083717527,7.234698220014542
raw_r1,P4,50,4,3,raw,,6,6,2.0,inf,"[2,inf)",False,1126,-3.279552445052832,3.2855846266900564,-3692.776053129489,3699.5682896530034,1126,52396.6182238097,6.821540055186964
raw_r1,P4,50,4,3,raw,,7,0,-inf,-2.0,"[-inf,-2)",False,1261,-3.3063557884445904,3.313633842318309,-4169.314649228629,4178.492275163388,1261,60615.06617026656,6.933184357655975
raw_r1,P4,50,4,3,raw,,7,1,-2.0,-1.0,"[-2,-1)",False,15912,-3.3634495350762843,3.3708489931716006,-53519.20900213384,53636.949179346506,15912,800575.6788252526,7.093144561852851
raw_r1,P4,50,4,3,raw,,7,2,-1.0,-0.25,"[-1,-0.25)",False,53370,-2.7838041155819453,2.786974891780432,-148571.62564860843,148740.84997432167,53370,2015784.1304373026,6.145729052001297
raw_r1,P4,50,4,3,raw,,7,3,-0.25,0.25,"[-0.25,0.25)",True,49984,-2.274304572707597,2.2756811680502036,-113678.83976221652,113747.64750382138,49984,1411243.4697195608,5.313558529248475
raw_r1,P4,50,4,3,raw,,7,4,0.25,1.0,"[0.25,1)",False,53135,-2.8026867974135863,2.805810111771822,-148920.7629805709,149086.72028899577,53135,2050263.3546990186,6.2117573459758555
raw_r1,P4,50,4,3,raw,,7,5,1.0,2.0,"[1,2)",False,16031,-3.3395546053776193,3.3471370444692954,-53536.39987880862,53657.95395988727,16031,802877.7993884803,7.076922140627064
raw_r1,P4,50,4,3,raw,,7,6,2.0,inf,"[2,inf)",False,1107,-3.4138011441771323,3.4234786152052545,-3779.0778666040856,3789.790827032217,1107,55881.81411093401,7.104956735803948
raw_r1,P4,50,4,3,raw,,8,0,-inf,-2.0,"[-inf,-2)",False,1274,-3.4244042004699637,3.430756577288303,-4362.690951398734,4370.783879465298,1274,68943.83875605479,7.356360715709558
raw_r1,P4,50,4,3,raw,,8,1,-2.0,-1.0,"[-2,-1)",False,16499,-3.378137170460859,3.38519356373921,-55735.88517543371,55852.30860813323,16499,836522.5250817583,7.120492094372812
raw_r1,P4,50,4,3,raw,,8,2,-1.0,-0.25,"[-1,-0.25)",False,53834,-2.795379602902329,2.7988523637247407,-150486.46554264397,150673.4181487577,53834,2079296.775650336,6.214839466002699
raw_r1,P4,50,4,3,raw,,8,3,-0.25,0.25,"[-0.25,0.25)",True,49630,-2.2963983537161874,2.2977078754668647,-113970.25029493438,114035.2418594205,49630,1404109.937078642,5.318980753667112
raw_r1,P4,50,4,3,raw,,8,4,0.25,1.0,"[0.25,1)",False,52351,-2.828882346680211,2.8320055297680535,-148094.81973105573,148258.32148888736,52351,2052302.553968718,6.2612090145121115
raw_r1,P4,50,4,3,raw,,8,5,1.0,2.0,"[1,2)",False,16084,-3.340526148231773,3.347413012456447,-53729.02256815984,53839.79089234949,16084,808628.8185757585,7.090511656035615
raw_r1,P4,50,4,3,raw,,8,6,2.0,inf,"[2,inf)",False,1128,-3.1892337392473107,3.20210439940773,-3597.4556578709667,3611.9737625319194,1128,50544.88829797877,6.693974763659182
raw_r1,P4,50,4,3,raw,,9,0,-inf,-2.0,"[-inf,-2)",False,1108,-3.422745163275438,3.4311487146194644,-3792.401640909185,3801.7127757983667,1108,57404.531101542576,7.197856875032317
raw_r1,P4,50,4,3,raw,,9,1,-2.0,-1.0,"[-2,-1)",False,15963,-3.3485318790642014,3.356313404018965,-53452.614385501845,53576.83086835474,15963,804586.2211365603,7.099520843851077
raw_r1,P4,50,4,3,raw,,9,2,-1.0,-0.25,"[-1,-0.25)",False,53327,-2.793023540980458,2.7960364099405792,-148943.5663698649,149104.23363290128,53327,2031911.6894497795,6.172752132790073
raw_r1,P4,50,4,3,raw,,9,3,-0.25,0.25,"[-0.25,0.25)",True,50392,-2.302355295095618,2.303638913023796,-116020.28803045838,116084.97210509513,50392,1466937.8967652156,5.395417626965355
raw_r1,P4,50,4,3,raw,,9,4,0.25,1.0,"[0.25,1)",False,53334,-2.794035359013186,2.7969681872024412,-149017.08183760926,149173.501296255,53334,2060268.1954760994,6.21526715402117
raw_r1,P4,50,4,3,raw,,9,5,1.0,2.0,"[1,2)",False,15581,-3.3827749077995493,3.3891535327781352,-52707.01583842478,52806.40119421612,15581,794551.3403159872,7.141070464789854
raw_r1,P4,50,4,3,raw,,9,6,2.0,inf,"[2,inf)",False,1095,-3.1666925332505316,3.1715391163734865,-3467.528323909332,3472.835332428968,1095,46077.94355220283,6.486934079078032
raw_r1,P4,50,3,6,raw,,0,0,-inf,-2.0,"[-inf,-2)",False,556,-2.0154129210698852,2.0180816365662855,-1120.5695841148563,1122.0533899308548,556,10317.15834270737,4.307672246669364
raw_r1,P4,50,3,6,raw,,0,1,-2.0,-1.0,"[-2,-1)",False,7949,-1.9636846248112838,1.9649382235535289,-15609.329082624896,15619.293939027,7949,134325.07711077743,4.110761692758482
raw_r1,P4,50,3,6,raw,,0,2,-1.0,-0.25,"[-1,-0.25)",False,28800,-1.6322974848371223,1.6327056602392342,-47010.16756330912,47021.923014889944,28800,311042.19789710257,3.2863469561005907
raw_r1,P4,50,3,6,raw,,0,3,-0.25,0.25,"[-0.25,0.25)",True,27045,-1.4639704675391954,1.4643894770386539,-39593.08129459754,39604.41340651039,27045,194109.94722873997,2.6790474326131597
raw_r1,P4,50,3,6,raw,,0,4,0.25,1.0,"[0.25,1)",False,28023,-1.653199819765432,1.653619895742324,-46327.6185492867,46339.390338387144,28023,308812.01483657886,3.319630767025491
raw_r1,P4,50,3,6,raw,,0,5,1.0,2.0,"[1,2)",False,7956,-1.942094927984012,1.9436577860981241,-15451.3072470408,15463.741346196675,7956,132120.21933704286,4.075090478797678
raw_r1,P4,50,3,6,raw,,0,6,2.0,inf,"[2,inf)",False,471,-2.0214494376686725,2.024364720743049,-952.1026851419447,953.4757834699761,471,8761.000404256114,4.312870287313711
raw_r1,P4,50,3,6,raw,,1,0,-inf,-2.0,"[-inf,-2)",False,575,-1.9600473876152136,1.9624441506074777,-1127.0272478787479,1128.4053865992996,575,10290.502127096128,4.230428517115973
raw_r1,P4,50,3,6,raw,,1,1,-2.0,-1.0,"[-2,-1)",False,7786,-1.9591561261035635,1.9606228831044752,-15253.989597842345,15265.409767851444,7786,131194.19284707872,4.104876602880439
raw_r1,P4,50,3,6,raw,,1,2,-1.0,-0.25,"[-1,-0.25)",False,28768,-1.6325481788079272,1.633146064392747,-46965.14600794645,46982.34598045054,28768,309650.82473701355,3.280811552289618
raw_r1,P4,50,3,6,raw,,1,3,-0.25,0.25,"[-0.25,0.25)",True,27290,-1.4480911198456836,1.4484697774976998,-39518.406660588706,39528.740227912225,27290,190307.10942185446,2.6407405757921762
raw_r1,P4,50,3,6,raw,,1,4,0.25,1.0,"[0.25,1)",False,28047,-1.6435741842193254,1.6439836424396868,-46097.32514479942,46108.80921950589,28047,305255.9989016694,3.2990499907015196
raw_r1,P4,50,3,6,raw,,1,5,1.0,2.0,"[1,2)",False,7867,-1.9476419695400784,1.9492545668185846,-15322.099374371797,15334.785677161804,7867,131605.4066181515,4.0900845949896985
raw_r1,P4,50,3,6,raw,,1,6,2.0,inf,"[2,inf)",False,467,-1.9381264031450622,1.9393274528142324,-905.105030268744,905.6659204642465,467,8072.037620418549,4.157508524527308
raw_r1,P4,50,3,6,raw,,2,0,-inf,-2.0,"[-inf,-2)",False,551,-2.032355819910122,2.037178045397931,-1119.8280567704771,1122.48510301426,551,10132.845840578768,4.288346984079044
raw_r1,P4,50,3,6,raw,,2,1,-2.0,-1.0,"[-2,-1)",False,8018,-1.9524747731247662,1.954021031920325,-15654.942730914376,15667.340633937167,8018,134615.4519503606,4.0974572472492925
raw_r1,P4,50,3,6,raw,,2,2,-1.0,-0.25,"[-1,-0.25)",False,29092,-1.6403854059538359,1.6410471755382623,-47722.092230008995,47741.34443075913,29092,315825.5603229648,3.2948591066207897
raw_r1,P4,50,3,6,raw,,2,3,-0.25,0.25,"[-0.25,0.25)",True,27001,-1.4429262879760345,1.4433843801545887,-38960.452701640905,38972.82164855405,27001,187376.41399768976,2.6343139832793296
raw_r1,P4,50,3,6,raw,,2,4,0.25,1.0,"[0.25,1)",False,27973,-1.6357255167373832,1.6362052157293983,-45756.14987969482,45769.568499598456,27973,301478.4395257658,3.2829072017994516
raw_r1,P4,50,3,6,raw,,2,5,1.0,2.0,"[1,2)",False,7720,-1.9578171649461034,1.9593528641128213,-15114.348513383919,15126.204110950981,7720,129337.77548039555,4.093115910911254
raw_r1,P4,50,3,6,raw,,2,6,2.0,inf,"[2,inf)",False,445,-1.9684887334273593,1.9685881346235732,-875.9774863751749,876.02171990749,445,7822.366751094564,4.192654558826747
raw_r1,P4,50,3,6,raw,,3,0,-inf,-2.0,"[-inf,-2)",False,446,-1.9677184843919875,1.9677184843919875,-877.6024440388264,877.6024440388264,446,7889.986515284144,4.206013875970019
raw_r1,P4,50,3,6,raw,,3,1,-2.0,-1.0,"[-2,-1)",False,8127,-1.9563592336324986,1.9581480921929117,-15899.331491731316,15913.869545251793,8127,136178.0082745873,4.0934393405631235
raw_r1,P4,50,3,6,raw,,3,2,-1.0,-0.25,"[-1,-0.25)",False,28675,-1.6373010986409686,1.6377791380763502,-46949.609003529775,46963.316784339346,28675,311454.44106268906,3.2956839020616417
raw_r1,P4,50,3,6,raw,,3,3,-0.25,0.25,"[-0.25,0.25)",True,27186,-1.4509326404890235,1.4512753887918406,-39445.05476433459,39454.37271969498,27186,189942.88609351937,2.6432537683382393
raw_r1,P4,50,3,6,raw,,3,4,0.25,1.0,"[0.25,1)",False,27879,-1.6358088338065098,1.636329762452634,-45604.71447769168,45619.237447416985,27879,302098.2602031969,3.291815729685734
raw_r1,P4,50,3,6,raw,,3,5,1.0,2.0,"[1,2)",False,8045,-1.9663573443796158,1.9676177851274257,-15819.34483553401,15829.48508135014,8045,135749.446154921,4.107768960948828
raw_r1,P4,50,3,6,raw,,3,6,2.0,inf,"[2,inf)",False,442,-1.9296379318536552,1.9310957813098324,-852.8999658793156,853.5443353389459,442,7671.006550719004,4.165959486185713
raw_r1,P4,50,3,6,raw,,4,0,-inf,-2.0,"[-inf,-2)",False,498,-1.9616134131216272,1.9637659867886907,-976.8834797345703,977.955461420768,498,8798.388119691856,4.203266113806931
raw_r1,P4,50,3,6,raw,,4,1,-2.0,-1.0,"[-2,-1)",False,7719,-1.9627954642462586,1.9637908033188942,-15150.81818851687,15158.501210818544,7719,130677.07887780914,4.114520101731038
raw_r1,P4,50,3,6,raw,,4,2,-1.0,-0.25,"[-1,-0.25)",False,29006,-1.6364999862443024,1.63694677020908,-47468.31860100223,47481.27801668458,29006,314281.2570757422,3.291662648832129
raw_r1,P4,50,3,6,raw,,4,3,-0.25,0.25,"[-0.25,0.25)",True,27456,-1.4535157642574523,1.4538886030909417,-39907.72882345261,39917.9654864649,27456,192642.60707842035,2.6488510662353804
raw_r1,P4,50,3,6,raw,,4,4,0.25,1.0,"[0.25,1)",False,27772,-1.644336510342174,1.6447284810290579,-45666.51356522286,45677.39937513899,27772,303036.57573307323,3.3032690378394243
raw_r1,P4,50,3,6,raw,,4,5,1.0,2.0,"[1,2)",False,7847,-1.956945138731708,1.9579139431666988,-15356.148503627714,15363.750712029085,7847,132063.38373594123,4.10241304032169
raw_r1,P4,50,3,6,raw,,4,6,2.0,inf,"[2,inf)",False,502,-1.8876939617859436,1.8915325154738467,-947.6223688165437,949.5493227678711,502,8484.969342429358,4.111244260243991
raw_r1,P4,50,3,6,raw,,5,0,-inf,-2.0,"[-inf,-2)",False,505,-1.9505434827742296,1.9505434827742296,-985.0244588009859,985.0244588009859,505,8937.969710767886,4.20701199455298
raw_r1,P4,50,3,6,raw,,5,1,-2.0,-1.0,"[-2,-1)",False,7950,-1.9584293942875732,1.9596757253655024,-15569.513684586207,15579.422016655744,7950,133792.57545461284,4.102347471163935
raw_r1,P4,50,3,6,raw,,5,2,-1.0,-0.25,"[-1,-0.25)",False,28802,-1.643452443529027,1.6440535774083946,-47334.717278523036,47352.03113651658,28802,314011.07366500836,3.301879036028572
raw_r1,P4,50,3,6,raw,,5,3,-0.25,0.25,"[-0.25,0.25)",True,27331,-1.4487938841625836,1.4491419692300245,-39596.98564804757,39606.4991610258,27331,191019.1641907965,2.6436911010353183
raw_r1,P4,50,3,6,raw,,5,4,0.25,1.0,"[0.25,1)",False,28146,-1.65295272630478,1.6534107257211608,-46524.00743457434,46536.89828614779,28146,310396.48711212195,3.3208561001825827
raw_r1,P4,50,3,6,raw,,5,5,1.0,2.0,"[1,2)",False,7545,-1.936740360054867,1.9382848067337708,-14612.70601661397,14624.3588668063,7545,124860.2765548644,4.068014799326165
raw_r1,P4,50,3,6,raw,,5,6,2.0,inf,"[2,inf)",False,521,-1.9400820622595194,1.9416113375650463,-1010.7827544372096,1011.5795068713892,521,9212.839919436408,4.205115228767221
raw_r1,P4,50,3,6,raw,,6,0,-inf,-2.0,"[-inf,-2)",False,451,-2.0287818540571037,2.0324988403797266,-914.9806161797537,916.6569770112567,451,8358.65264382601,4.305066536057287
raw_r1,P4,50,3,6,raw,,6,1,-2.0,-1.0,"[-2,-1)",False,7989,-1.9438837696845634,1.9455523757859463,-15529.687436009977,15543.017930153925,7989,132619.80264770243,4.074346664741045
raw_r1,P4,50,3,6,raw,,6,2,-1.0,-0.25,"[-1,-0.25)",False,28488,-1.6445427789386813,1.644922918598903,-46849.73468640515,46860.564105045545,28488,311011.998119444,3.3041335393173523
raw_r1,P4,50,3,6,raw,,6,3,-0.25,0.25,"[-0.25,0.25)",True,27481,-1.4410130270066552,1.44130385383488,-39600.47899516989,39608.47120723633,27481,191947.37325839163,2.6428640327837973
raw_r1,P4,50,3,6,raw,,6,4,0.25,1.0,"[0.25,1)",False,27815,-1.6444191845512686,1.6448765749402767,-45739.51961829353,45752.2419319638,27815,303679.64659668185,3.304215092181124
raw_r1,P4,50,3,6,raw,,6,5,1.0,2.0,"[1,2)",False,8092,-1.9545858219360046,1.955635023795692,-15816.50847110615,15824.99861255474,8092,135636.28571730078,4.094114714895912
raw_r1,P4,50,3,6,raw,,6,6,2.0,inf,"[2,inf)",False,484,-2.0515730821477973,2.054073841019992,-992.9613717595339,994.1717390536762,484,9301.722895059813,4.383883635955071
raw_r1,P4,50,3,6,raw,,7,0,-inf,-2.0,"[-inf,-2)",False,481,-2.0255718667194604,2.026158595004965,-974.3000678920605,974.5822841973882,481,9116.773969491229,4.353595300020927
raw_r1,P4,50,3,6,raw,,7,1,-2.0,-1.0,"[-2,-1)",False,7815,-1.9714610644795887,1.9733907318003623,-15406.968218907985,15422.048569019831,7815,132790.30851568276,4.122101665282279
raw_r1,P4,50,3,6,raw,,7,2,-1.0,-0.25,"[-1,-0.25)",False,28788,-1.6447057389669446,1.6451268668715422,-47347.7888133804,47359.91224349796,28788,314204.6097599419,3.303699435857074
raw_r1,P4,50,3,6,raw,,7,3,-0.25,0.25,"[-0.25,0.25)",True,27387,-1.4600176012222956,1.4604643154521266,-39985.50204467501,39997.736207287395,27387,195048.81109324232,2.6686979549434735
raw_r1,P4,50,3,6,raw,,7,4,0.25,1.0,"[0.25,1)",False,27981,-1.6380851039670807,1.6385044511552862,-45835.259294102885,45846.993047776064,27981,303926.2795916143,3.2957367229823884
raw_r1,P4,50,3,6,raw,,7,5,1.0,2.0,"[1,2)",False,7851,-1.956050158508374,1.956659931825995,-15356.949794449245,15361.737124765887,7851,131396.92346093574,4.091005936303993
raw_r1,P4,50,3,6,raw,,7,6,2.0,inf,"[2,inf)",False,497,-1.9034881660707514,1.9095316883124096,-946.0336185371634,949.0372490912675,497,8491.674478349032,4.133505067318455
raw_r1,P4,50,3,6,raw,,8,0,-inf,-2.0,"[-inf,-2)",False,503,-2.025577524806121,2.0261502528948165,-1018.8654949774789,1019.1535772060927,503,9415.524230446123,4.326515462196396
raw_r1,P4,50,3,6,raw,,8,1,-2.0,-1.0,"[-2,-1)",False,7709,-1.972464710898944,1.973991075905175,-15205.73045631996,15217.497204152995,7709,130823.64040338215,4.11949606319533
raw_r1,P4,50,3,6,raw,,8,2,-1.0,-0.25,"[-1,-0.25)",False,28741,-1.653137908686568,1.6537150619873897,-47512.836633560655,47529.42459657957,28741,316454.88876660186,3.318218400584148
raw_r1,P4,50,3,6,raw,,8,3,-0.25,0.25,"[-0.25,0.25)",True,27638,-1.4554520125446029,1.4558672828350614,-40225.782722707736,40237.25996299543,27638,195946.38967740344,2.662657625078481
raw_r1,P4,50,3,6,raw,,8,4,0.25,1.0,"[0.25,1)",False,27847,-1.6427918503102878,1.6433337207546774,-45746.824655590586,45761.9141218555,27847,302825.83617390395,3.2976704691338146
raw_r1,P4,50,3,6,raw,,8,5,1.0,2.0,"[1,2)",False,7826,-1.9385376622032995,1.9402200740525575,-15170.995744403022,15184.162299535315,7826,129312.84812119536,4.064909834842195
raw_r1,P4,50,3,6,raw,,8,6,2.0,inf,"[2,inf)",False,536,-2.0230792748368036,2.024203616743757,-1084.3704913125268,1084.9731385746536,536,9985.858526528866,4.31628695430253
raw_r1,P4,50,3,6,raw,,9,0,-inf,-2.0,"[-inf,-2)",False,522,-1.9286446054274855,1.9325775606903204,-1006.7524840331474,1008.8054866803473,522,8899.682803645706,4.129067785017296
raw_r1,P4,50,3,6,raw,,9,1,-2.0,-1.0,"[-2,-1)",False,7960,-1.9587061386224112,1.959972271061084,-15591.300863434393,15601.379277646229,7960,133594.3295375277,4.096731285834186
raw_r1,P4,50,3,6,raw,,9,2,-1.0,-0.25,"[-1,-0.25)",False,28830,-1.6327703415521886,1.6332513347936999,-47072.768946949596,47086.635982102365,28830,311304.926466461,3.2860235802634175
raw_r1,P4,50,3,6,raw,,9,3,-0.25,0.25,"[-0.25,0.25)",True,27240,-1.45569329489423,1.4561396364374444,-39653.085352918824,39665.24369655598,27240,192581.5852808575,2.6589111613418246
raw_r1,P4,50,3,6,raw,,9,4,0.25,1.0,"[0.25,1)",False,27874,-1.6394193159952233,1.640114176031003,-45697.174014050855,45716.54254268818,27874,302500.1642725448,3.294300100877867
raw_r1,P4,50,3,6,raw,,9,5,1.0,2.0,"[1,2)",False,7819,-1.9487542743158093,1.9497298443585804,-15237.309670875313,15244.93765303974,7819,130497.85524171268,4.085320002699284
raw_r1,P4,50,3,6,raw,,9,6,2.0,inf,"[2,inf)",False,555,-2.0279755147927907,2.030979125086137,-1125.5264107099988,1127.193414422806,555,10380.550006197984,4.3247767231223895
