artifact,stage,reused_from_stage,pde,equation_name,family,d,n,M,method,transform,factor,rep,chunk_size,dtype,test_skill,test_value_rmse,test_value_bias,test_value_mae,test_value_relative_l2,test_gradient_relative_l2,validation_skill,validation_value_rmse,f_calls,recursively_evaluated_states,stochastic_samples,standard_normal_variates,dose_normal_variates,wall_time_seconds,pre_correction_violation_rate,activation_rate,mean_method_overshoot_energy,nonfinite_count,nonfinite_state_count,nonfinite_generator_count,generator_bias,generator_mae,generator_mse,child_u_z_noise_correlation,child_noise_count,generator_bias_by_s_bin_json,mean_rep_skill,median_rep_skill,repetition_averaged_skill,sampling_variation_skill,box_over_oracle_state
raw/r6/P1/d20/n4_M6/raw/rep00.npz,r6,r1,P1,P1_ridge_lse_hjb,ridge_lse,20,4,6,raw,raw,1.0,0,16,float64,83047.72365159229,107084.44564552982,-30734.08245233237,30734.083762167353,71001.99613222029,1183933.4400847154,103859.51728397617,137544.00134541537,1267200,1268400,14652000,293040000,0,11.740595799870789,1.0,0.0,0.0,0,0,0,-1888.5547364322492,1888.8476290864878,28696909868.85172,-0.23002489995921316,1267200,"[{""bias"": -1.351672308810079, ""count"": 2836, ""high"": -2.0, ""low"": ""-Infinity"", ""mae"": 1.3672504363381548, ""z_error_count"": 2836, ""z_error_rms"": 1.6455649895209323, ""z_squared_error_sum"": 7679.559406114207}, {""bias"": -11.865228180199585, ""count"": 79161, ""high"": -1.0, ""low"": -2.0, ""mae"": 11.919169920256973, ""z_error_count"": 79161, ""z_error_rms"": 4.879412145210682, ""z_squared_error_sum"": 1884717.562467667}, {""bias"": -217.56644474648593, ""count"": 361544, ""high"": -0.25, ""low"": -1.0, ""mae"": 217.75915892317093, ""z_error_count"": 361544, ""z_error_rms"": 20.86679411994914, ""z_squared_error_sum"": 157424608.12549153}, {""bias"": -1027.7153070654058, ""count"": 366348, ""high"": 0.25, ""low"": -0.25, ""mae"": 1028.048094060529, ""z_error_count"": 366348, ""z_error_rms"": 45.33499459880201, ""z_squared_error_sum"": 752941026.1939423}, {""bias"": -3643.1450151158037, ""count"": 368407, ""high"": 1.0, ""low"": 0.25, ""mae"": 3643.5271653829923, ""z_error_count"": 368407, ""z_error_rms"": 85.35367930009636, ""z_squared_error_sum"": 2683937306.765456}, {""bias"": -6880.11718993014, ""count"": 86392, ""high"": 2.0, ""low"": 1.0, ""mae"": 6880.50416324125, ""z_error_count"": 86392, ""z_error_rms"": 117.28861944218282, ""z_squared_error_sum"": 1188461936.69443}, {""bias"": -208.98306842063226, ""count"": 2512, ""high"": ""Infinity"", ""low"": 2.0, ""mae"": 209.39332862501936, ""z_error_count"": 2512, ""z_error_rms"": 20.456576991537055, ""z_squared_error_sum"": 1051200.5140332363}]",101891.28764487518,87636.37074489932,69269.95710035162,83924.85777300756,4.86647486809292
raw/r6/P1/d20/n4_M6/raw/rep01.npz,r6,r1,P1,P1_ridge_lse_hjb,ridge_lse,20,4,6,raw,raw,1.0,1,16,float64,144014.6003525165,185697.12648970447,-35666.69028773154,35666.69073047807,123125.88048903825,1142056.4594084558,76172.19874167196,100876.92760559566,1267200,1268400,14652000,293040000,0,11.796933799982071,1.0,0.0,0.0,0,0,0,-1686.8489509229944,1687.143261972733,18655489368.742302,-0.0775553453854832,1267200,"[{""bias"": -1.3375106273415716, ""count"": 3016, ""high"": -2.0, ""low"": ""-Infinity"", ""mae"": 1.3580904768934454, ""z_error_count"": 3016, ""z_error_rms"": 1.6414441339306731, ""z_squared_error_sum"": 8126.125955963298}, {""bias"": -16.736402977137367, ""count"": 78940, ""high"": -1.0, ""low"": -2.0, ""mae"": 16.793511515004603, ""z_error_count"": 78940, ""z_error_rms"": 5.792707457040783, ""z_squared_error_sum"": 2648867.9873646447}, {""bias"": -270.7431800261622, ""count"": 363170, ""high"": -0.25, ""low"": -1.0, ""mae"": 270.9382514414249, ""z_error_count"": 363170, ""z_error_rms"": 23.27395382403236, ""z_squared_error_sum"": 196720809.43448076}, {""bias"": -987.8850925765371, ""count"": 363101, ""high"": 0.25, ""low"": -0.25, ""mae"": 988.2168825668059, ""z_error_count"": 363101, ""z_error_rms"": 44.449038270181944, ""z_squared_error_sum"": 717384819.5586256}, {""bias"": -2877.8331337986438, ""count"": 368170, ""high"": 1.0, ""low"": 0.25, ""mae"": 2878.2192908676384, ""z_error_count"": 368170, ""z_error_rms"": 75.86029677986433, ""z_squared_error_sum"": 2118739056.3173864}, {""bias"": -7036.025091618671, ""count"": 87813, ""high"": 2.0, ""low"": 1.0, ""mae"": 7036.409129379353, ""z_error_count"": 87813, ""z_error_rms"": 118.62294101786912, ""z_squared_error_sum"": 1235652035.7447581}, {""bias"": -613.9207678460618, ""count"": 2990, ""high"": ""Infinity"", ""low"": 2.0, ""mae"": 614.3115458779605, ""z_error_count"": 2990, ""z_error_rms"": 35.04487713870557, ""z_squared_error_sum"": 3672148.8068642356}]",101891.28764487518,87636.37074489932,69269.95710035162,83924.85777300756,4.86647486809292
raw/r6/P1/d20/n4_M6/raw/rep02.npz,r6,r1,P1,P1_ridge_lse_hjb,ridge_lse,20,4,6,raw,raw,1.0,2,16,float64,80141.75855209978,103337.39939234279,-30765.148879308115,30765.149440785306,68517.52920546693,944960.0710539108,102080.1777727368,135187.57333065107,1267200,1268400,14652000,293040000,0,11.677413299912587,0.9999992108585859,0.0,0.0,0,0,0,-1639.5441274105701,1639.8400859153724,14422340604.228397,-0.13283158130116632,1267200,"[{""bias"": -1.3528347724379692, ""count"": 2784, ""high"": -2.0, ""low"": ""-Infinity"", ""mae"": 1.3705396030284225, ""z_error_count"": 2784, ""z_error_rms"": 1.6508472541870414, ""z_squared_error_sum"": 7587.225892132793}, {""bias"": -13.994388316858688, ""count"": 77959, ""high"": -1.0, ""low"": -2.0, ""mae"": 14.050476882051473, ""z_error_count"": 77959, ""z_error_rms"": 5.299480357381884, ""z_squared_error_sum"": 2189438.916371172}, {""bias"": -358.71255492176846, ""count"": 360791, ""high"": -0.25, ""low"": -1.0, ""mae"": 358.90560804924036, ""z_error_count"": 360791, ""z_error_rms"": 26.786291177139972, ""z_squared_error_sum"": 258869488.97701564}, {""bias"": -888.5559793986606, ""count"": 364872, ""high"": 0.25, ""low"": -0.25, ""mae"": 888.8875253135036, ""z_error_count"": 364872, ""z_error_rms"": 42.15427538241144, ""z_squared_error_sum"": 648371316.7354792}, {""bias"": -2674.4947824637015, ""count"": 370430, ""high"": 1.0, ""low"": 0.25, ""mae"": 2674.881263007891, ""z_error_count"": 370430, ""z_error_rms"": 73.1320221883533, ""z_squared_error_sum"": 1981168053.5102098}, {""bias"": -7180.174238513631, ""count"": 87411, ""high"": 2.0, ""low"": 1.0, ""mae"": 7180.582801945426, ""z_error_count"": 87411, ""z_error_rms"": 119.82485407768408, ""z_squared_error_sum"": 1255046758.1763282}, {""bias"": -1546.4924128691691, ""count"": 2953, ""high"": ""Infinity"", ""low"": 2.0, ""mae"": 1546.8703812092474, ""z_error_count"": 2953, ""z_error_rms"": 55.61888423991848, ""z_squared_error_sum"": 9134988.218927965}]",101891.28764487518,87636.37074489932,69269.95710035162,83924.85777300756,4.86647486809292
raw/r6/P1/d20/n4_M6/raw/rep03.npz,r6,r1,P1,P1_ridge_lse_hjb,ridge_lse,20,4,6,raw,raw,1.0,3,16,float64,198247.0810472358,255626.25730537577,-36811.10424045404,36811.104735338035,169492.16502058716,10880864.916753972,73958.82440367925,97945.6953903488,1267200,1268400,14652000,293040000,0,11.800141599960625,1.0,0.0,0.0,0,0,0,-2595.406828922843,2595.7007657967984,1438834061302.2263,-0.0803001874313899,1267200,"[{""bias"": -1.3585513320264233, ""count"": 2614, ""high"": -2.0, ""low"": ""-Infinity"", ""mae"": 1.378271579209596, ""z_error_count"": 2614, ""z_error_rms"": 1.653252012116919, ""z_squared_error_sum"": 7144.6951514964285}, {""bias"": -18.49477436041296, ""count"": 81638, ""high"": -1.0, ""low"": -2.0, ""mae"": 18.549237919846565, ""z_error_count"": 81638, ""z_error_rms"": 6.087595930333487, ""z_squared_error_sum"": 3025408.2909386656}, {""bias"": -243.98227392138858, ""count"": 357051, ""high"": -0.25, ""low"": -1.0, ""mae"": 244.17545729397784, ""z_error_count"": 357051, ""z_error_rms"": 22.093165420015605, ""z_squared_error_sum"": 174279434.61046597}, {""bias"": -949.6332998863375, ""count"": 367522, ""high"": 0.25, ""low"": -0.25, ""mae"": 949.9662044304208, ""z_error_count"": 367522, ""z_error_rms"": 43.57941278285672, ""z_squared_error_sum"": 697984999.4330484}, {""bias"": -2926.284934928165, ""count"": 368710, ""high"": 1.0, ""low"": 0.25, ""mae"": 2926.667809861933, ""z_error_count"": 368710, ""z_error_rms"": 76.49705502002786, ""z_squared_error_sum"": 2157616966.6322618}, {""bias"": -20296.233648863934, ""count"": 86719, ""high"": 2.0, ""low"": 1.0, ""mae"": 20296.629181678723, ""z_error_count"": 86719, ""z_error_rms"": 201.47482844027152, ""z_squared_error_sum"": 3520106883.1431}, {""bias"": -4155.212928948054, ""count"": 2946, ""high"": ""Infinity"", ""low"": 2.0, ""mae"": 4155.614447846141, ""z_error_count"": 2946, ""z_error_rms"": 91.17028988439633, ""z_squared_error_sum"": 24487216.09790392}]",101891.28764487518,87636.37074489932,69269.95710035162,83924.85777300756,4.86647486809292
raw/r6/P1/d20/n4_M6/raw/rep04.npz,r6,r1,P1,P1_ridge_lse_hjb,ridge_lse,20,4,6,raw,raw,1.0,4,16,float64,92225.01783820636,118917.94832673992,-33171.07689148947,33171.077456558894,78848.16189921812,1130390.0470556116,60113.093712609945,79609.41528234842,1267200,1268400,14652000,293040000,0,11.817322900053114,1.0,0.0,0.0,0,0,0,-1667.4194092667665,1667.7126482635856,19855432735.13434,-0.18899553732437177,1267200,"[{""bias"": -1.3892520627860971, ""count"": 2947, ""high"": -2.0, ""low"": ""-Infinity"", ""mae"": 1.4087407185387493, ""z_error_count"": 2947, ""z_error_rms"": 1.667845331755558, ""z_squared_error_sum"": 8197.693625291504}, {""bias"": -11.16295593735481, ""count"": 78785, ""high"": -1.0, ""low"": -2.0, ""mae"": 11.217670246818033, ""z_error_count"": 78785, ""z_error_rms"": 4.733158079155774, ""z_squared_error_sum"": 1765003.4479184388}, {""bias"": -182.1864170869599, ""count"": 360417, ""high"": -0.25, ""low"": -1.0, ""mae"": 182.38139443776922, ""z_error_count"": 360417, ""z_error_rms"": 19.0938696169554, ""z_squared_error_sum"": 131399336.63409317}, {""bias"": -848.1892103585914, ""count"": 370483, ""high"": 0.25, ""low"": -0.25, ""mae"": 848.5198190196329, ""z_error_count"": 370483, ""z_error_rms"": 41.18590932206866, ""z_squared_error_sum"": 628442579.6918842}, {""bias"": -3198.3782802237447, ""count"": 365833, ""high"": 1.0, ""low"": 0.25, ""mae"": 3198.7607675319177, ""z_error_count"": 365833, ""z_error_rms"": 79.97244484619266, ""z_squared_error_sum"": 2339718584.2388105}, {""bias"": -6261.35807139313, ""count"": 85837, ""high"": 2.0, ""low"": 1.0, ""mae"": 6261.749028254415, ""z_error_count"": 85837, ""z_error_rms"": 111.89600396414818, ""z_squared_error_sum"": 1074740673.8108287}, {""bias"": -8502.080242137832, ""count"": 2898, ""high"": ""Infinity"", ""low"": 2.0, ""mae"": 8502.418845623319, ""z_error_count"": 2898, ""z_error_rms"": 130.3859550320297, ""z_squared_error_sum"": 49267441.08734274}]",101891.28764487518,87636.37074489932,69269.95710035162,83924.85777300756,4.86647486809292
raw/r6/P1/d20/n4_M6/raw/rep05.npz,r6,r1,P1,P1_ridge_lse_hjb,ridge_lse,20,4,6,raw,raw,1.0,5,16,float64,79042.32104733371,101919.74878684636,-33173.58470056505,33173.58946540667,67577.56054613905,997244.3580049189,100328.8520311908,132868.24471782084,1267200,1268400,14652000,293040000,0,11.855620499933138,1.0,0.0,0.0,0,0,0,-1958.5009345614071,1958.792213943741,22435073800.788265,-0.08466795249336642,1267200,"[{""bias"": -1.3213803616648534, ""count"": 2841, ""high"": -2.0, ""low"": ""-Infinity"", ""mae"": 1.341150777182895, ""z_error_count"": 2841, ""z_error_rms"": 1.6321079721524951, ""z_squared_error_sum"": 7567.788845481756}, {""bias"": -10.726611970489675, ""count"": 79976, ""high"": -1.0, ""low"": -2.0, ""mae"": 10.7824060106713, ""z_error_count"": 79976, ""z_error_rms"": 4.640608864870668, ""z_squared_error_sum"": 1722303.2049220167}, {""bias"": -296.77508142945914, ""count"": 358466, ""high"": -0.25, ""low"": -1.0, ""mae"": 296.96746874661375, ""z_error_count"": 358466, ""z_error_rms"": 24.36584959662554, ""z_squared_error_sum"": 212819338.00638443}, {""bias"": -966.3972812365516, ""count"": 366992, ""high"": 0.25, ""low"": -0.25, ""mae"": 966.725454388135, ""z_error_count"": 366992, ""z_error_rms"": 43.96088483275807, ""z_squared_error_sum"": 709233837.5922376}, {""bias"": -3839.775801049761, ""count"": 368828, ""high"": 1.0, ""low"": 0.25, ""mae"": 3840.1585987334947, ""z_error_count"": 368828, ""z_error_rms"": 87.62470045749467, ""z_squared_error_sum"": 2831893888.9096255}, {""bias"": -6757.488567647359, ""count"": 87469, ""high"": 2.0, ""low"": 1.0, ""mae"": 6757.868011065383, ""z_error_count"": 87469, ""z_error_rms"": 116.24600071337134, ""z_squared_error_sum"": 1181980202.5490115}, {""bias"": -4801.870116921651, ""count"": 2628, ""high"": ""Infinity"", ""low"": 2.0, ""mae"": 4802.179708885987, ""z_error_count"": 2628, ""z_error_rms"": 97.97045121165621, ""z_squared_error_sum"": 25224094.068297558}]",101891.28764487518,87636.37074489932,69269.95710035162,83924.85777300756,4.86647486809292
raw/r6/P1/d20/n4_M6/raw/rep06.npz,r6,r1,P1,P1_ridge_lse_hjb,ridge_lse,20,4,6,raw,raw,1.0,6,16,float64,98765.04700106694,127350.87540308725,-32835.324251964164,32835.32815842982,84439.58698480061,1125147.628276331,145829.0948713567,193125.4616401072,1267200,1268400,14652000,293040000,0,11.908579800045118,0.9999992108585859,0.0,0.0,0,0,0,-1860.6779474497362,1860.9736436392834,24970672081.971733,-0.15721436314189144,1267200,"[{""bias"": -1.3371960730256944, ""count"": 2554, ""high"": -2.0, ""low"": ""-Infinity"", ""mae"": 1.3571032435728807, ""z_error_count"": 2554, ""z_error_rms"": 1.6426522929288185, ""z_squared_error_sum"": 6891.474942655835}, {""bias"": -8.606526189771282, ""count"": 78932, ""high"": -1.0, ""low"": -2.0, ""mae"": 8.66364167381231, ""z_error_count"": 78932, ""z_error_rms"": 4.1596152504597805, ""z_squared_error_sum"": 1365712.9603825824}, {""bias"": -217.289930230292, ""count"": 360284, ""high"": -0.25, ""low"": -1.0, ""mae"": 217.4853874121637, ""z_error_count"": 360284, ""z_error_rms"": 20.85290692451497, ""z_squared_error_sum"": 156667237.41141987}, {""bias"": -989.7100126643654, ""count"": 364701, ""high"": 0.25, ""low"": -0.25, ""mae"": 990.0449733366385, ""z_error_count"": 364701, ""z_error_rms"": 44.487933081251576, ""z_squared_error_sum"": 721807535.6115375}, {""bias"": -3049.647596369332, ""count"": 370326, ""high"": 1.0, ""low"": 0.25, ""mae"": 3050.032281320519, ""z_error_count"": 370326, ""z_error_rms"": 78.09364263646259, ""z_squared_error_sum"": 2258476446.634261}, {""bias"": -8983.74675198571, ""count"": 87553, ""high"": 2.0, ""low"": 1.0, ""mae"": 8984.134492331965, ""z_error_count"": 87553, ""z_error_rms"": 134.03832235441715, ""z_squared_error_sum"": 1573001000.1223893}, {""bias"": -707.4588711761537, ""count"": 2850, ""high"": ""Infinity"", ""low"": 2.0, ""mae"": 707.8658437631589, ""z_error_count"": 2850, ""z_error_rms"": 37.60170280468015, ""z_squared_error_sum"": 4029580.9533627504}]",101891.28764487518,87636.37074489932,69269.95710035162,83924.85777300756,4.86647486809292
raw/r6/P1/d20/n4_M6/raw/rep07.npz,r6,r1,P1,P1_ridge_lse_hjb,ridge_lse,20,4,6,raw,raw,1.0,7,16,float64,81910.78615516282,105618.4413267416,-28490.97801032076,28490.978468037607,70029.9666993279,779433.9286041628,147679.78995609627,195576.3877938401,1267200,1268400,14652000,293040000,0,11.768191799987108,1.0,0.0,0.0,0,0,0,-1584.0044978131943,1584.2966659390274,16220789063.830656,-0.04857008656737173,1267200,"[{""bias"": -1.318180337774039, ""count"": 2431, ""high"": -2.0, ""low"": ""-Infinity"", ""mae"": 1.3376520462765824, ""z_error_count"": 2431, ""z_error_rms"": 1.6287439723485773, ""z_squared_error_sum"": 6448.973640659691}, {""bias"": -10.58378065972337, ""count"": 81109, ""high"": -1.0, ""low"": -2.0, ""mae"": 10.639916023232027, ""z_error_count"": 81109, ""z_error_rms"": 4.608872728531597, ""z_squared_error_sum"": 1722893.6802052157}, {""bias"": -169.1617756503602, ""count"": 358760, ""high"": -0.25, ""low"": -1.0, ""mae"": 169.35656789977202, ""z_error_count"": 358760, ""z_error_rms"": 18.398677927297307, ""z_squared_error_sum"": 121444331.73672439}, {""bias"": -889.2805613715344, ""count"": 365768, ""high"": 0.25, ""low"": -0.25, ""mae"": 889.6086350234274, ""z_error_count"": 365768, ""z_error_rms"": 42.17335499461926, ""z_squared_error_sum"": 650551991.6556083}, {""bias"": -2988.4549365367848, ""count"": 369700, ""high"": 1.0, ""low"": 0.25, ""mae"": 2988.8358766844417, ""z_error_count"": 369700, ""z_error_rms"": 77.30411835298777, ""z_squared_error_sum"": 2209300106.288814}, {""bias"": -5928.869583661123, ""count"": 86339, ""high"": 2.0, ""low"": 1.0, ""mae"": 5929.25981829261, ""z_error_count"": 86339, ""z_error_rms"": 108.88461782089493, ""z_squared_error_sum"": 1023623096.3675249}, {""bias"": -1198.041785165038, ""count"": 3093, ""high"": ""Infinity"", ""low"": 2.0, ""mae"": 1198.4383188839226, ""z_error_count"": 3093, ""z_error_rms"": 48.97218163590693, ""z_squared_error_sum"": 7417863.2579395445}]",101891.28764487518,87636.37074489932,69269.95710035162,83924.85777300756,4.86647486809292
raw/r6/P1/d20/n4_M6/raw/rep08.npz,r6,r1,P1,P1_ridge_lse_hjb,ridge_lse,20,4,6,raw,raw,1.0,8,16,float64,100686.35776951197,129828.27622161985,-32600.690907265587,32600.693147858674,86082.21960315187,975846.1358343186,103836.13420362156,137513.03449211334,1267200,1268400,14652000,293040000,0,11.605442799860612,1.0,0.0,0.0,0,0,0,-1668.4347804162837,1668.7281758116162,17753302615.387936,-0.2756017997062314,1267200,"[{""bias"": -1.3581719283279008, ""count"": 2605, ""high"": -2.0, ""low"": ""-Infinity"", ""mae"": 1.3779171014642424, ""z_error_count"": 2605, ""z_error_rms"": 1.65067154211026, ""z_squared_error_sum"": 7097.88658652459}, {""bias"": -32.71230803289896, ""count"": 78916, ""high"": -1.0, ""low"": -2.0, ""mae"": 32.768534196253405, ""z_error_count"": 78916, ""z_error_rms"": 8.092365450903237, ""z_squared_error_sum"": 5167923.052885175}, {""bias"": -176.4373733270894, ""count"": 361663, ""high"": -0.25, ""low"": -1.0, ""mae"": 176.63332619186403, ""z_error_count"": 361663, ""z_error_rms"": 18.789892178741876, ""z_squared_error_sum"": 127688756.17191985}, {""bias"": -707.7709242112027, ""count"": 366843, ""high"": 0.25, ""low"": -0.25, ""mae"": 708.0996515894037, ""z_error_count"": 366843, ""z_error_rms"": 37.62247993271674, ""z_squared_error_sum"": 519248289.8311591}, {""bias"": -3024.070534995732, ""count"": 367870, ""high"": 1.0, ""low"": 0.25, ""mae"": 3024.4534714666206, ""z_error_count"": 367870, ""z_error_rms"": 77.76058117244077, ""z_squared_error_sum"": 2224402466.1755204}, {""bias"": -7549.229306673824, ""count"": 86836, ""high"": 2.0, ""low"": 1.0, ""mae"": 7549.620951968918, ""z_error_count"": 86836, ""z_error_rms"": 122.86856416177878, ""z_squared_error_sum"": 1310935656.9627068}, {""bias"": -8185.6945770991215, ""count"": 2467, ""high"": ""Infinity"", ""low"": 2.0, ""mae"": 8186.084555192865, ""z_error_count"": 2467, ""z_error_rms"": 127.93728930269779, ""z_squared_error_sum"": 40379732.63549945}]",101891.28764487518,87636.37074489932,69269.95710035162,83924.85777300756,4.86647486809292
raw/r6/P1/d20/n4_M6/raw/rep09.npz,r6,r1,P1,P1_ridge_lse_hjb,ridge_lse,20,4,6,raw,raw,1.0,9,16,float64,60832.18303402562,78439.00243352595,-25467.2077080143,25467.20819959797,52008.72744708385,601153.2700507542,78217.55671701946,103585.6511532301,1267200,1268400,14652000,293040000,0,11.337842900073156,1.0,0.0,0.0,0,0,0,-1509.0503152746307,1509.34462945181,13338196809.7155,-0.07198315643012079,1267200,"[{""bias"": -1.3543103674419021, ""count"": 2777, ""high"": -2.0, ""low"": ""-Infinity"", ""mae"": 1.3715015790277965, ""z_error_count"": 2777, ""z_error_rms"": 1.653959447749258, ""z_squared_error_sum"": 7596.710810776908}, {""bias"": -11.705528585639195, ""count"": 81457, ""high"": -1.0, ""low"": -2.0, ""mae"": 11.759225726317245, ""z_error_count"": 81457, ""z_error_rms"": 4.846844126307224, ""z_squared_error_sum"": 1913579.5341412427}, {""bias"": -147.95496387432712, ""count"": 359808, ""high"": -0.25, ""low"": -1.0, ""mae"": 148.14952363805105, ""z_error_count"": 359808, ""z_error_rms"": 17.209367876662697, ""z_squared_error_sum"": 106561580.2073504}, {""bias"": -730.8944216869895, ""count"": 366475, ""high"": 0.25, ""low"": -0.25, ""mae"": 731.224491156679, ""z_error_count"": 366475, ""z_error_rms"": 38.23399172068636, ""z_squared_error_sum"": 535727126.08886623}, {""bias"": -2656.5647169549507, ""count"": 366945, ""high"": 1.0, ""low"": 0.25, ""mae"": 2656.9498866659615, ""z_error_count"": 366945, ""z_error_rms"": 72.88452934538435, ""z_squared_error_sum"": 1949268576.2646527}, {""bias"": -6973.777223939943, ""count"": 86538, ""high"": 2.0, ""low"": 1.0, ""mae"": 6974.180227058199, ""z_error_count"": 86538, ""z_error_rms"": 118.09078308038094, ""z_squared_error_sum"": 1206809885.1543458}, {""bias"": -3722.348455106017, ""count"": 3200, ""high"": ""Infinity"", ""low"": 2.0, ""mae"": 3722.7720880792003, ""z_error_count"": 3200, ""z_error_rms"": 86.30426340017374, ""z_squared_error_sum"": 23834962.81934902}]",101891.28764487518,87636.37074489932,69269.95710035162,83924.85777300756,4.86647486809292
raw/r6/P1/d20/n4_M6/box/rep00.npz,r6,r1,P1,P1_ridge_lse_hjb,ridge_lse,20,4,6,box,box,1.0,0,16,float64,0.1434250921549208,0.18493699537752772,0.02350612725923707,0.12221434099849152,0.12262187800799251,0.8321066902275325,0.14966867294856062,0.19821031997593777,1267200,1268400,14652000,293040000,0,11.964811699930578,1.0,1.0,14.91630401360787,0,0,0,0.27839597978191905,1.6269453318353282,4.2937454056409186,-0.08966400523379298,1267200,"[{""bias"": -0.8286162636487377, ""count"": 2836, ""high"": -2.0, ""low"": ""-Infinity"", ""mae"": 0.8349281511334614, ""z_error_count"": 2836, ""z_error_rms"": 1.6153546075162586, ""z_squared_error_sum"": 7400.174760756082}, {""bias"": -1.0310769534635262, ""count"": 79161, ""high"": -1.0, ""low"": -2.0, ""mae"": 1.1098203598046075, ""z_error_count"": 79161, ""z_error_rms"": 2.216428973219208, ""z_squared_error_sum"": 388882.9558130441}, {""bias"": -0.884964194199059, ""count"": 361544, ""high"": -0.25, ""low"": -1.0, ""mae"": 1.3671822015446986, ""z_error_count"": 361544, ""z_error_rms"": 3.2913327734490654, ""z_squared_error_sum"": 3916559.6666898658}, {""bias"": -0.05673956009585766, ""count"": 366348, ""high"": 0.25, ""low"": -0.25, ""mae"": 1.4522753987650354, ""z_error_count"": 366348, ""z_error_rms"": 4.524737890174772, ""z_squared_error_sum"": 7500335.280805892}, {""bias"": 1.4056713035222734, ""count"": 368407, ""high"": 1.0, ""low"": 0.25, ""mae"": 1.8555984140411792, ""z_error_count"": 368407, ""z_error_rms"": 5.851698830988565, ""z_squared_error_sum"": 12615132.1971001}, {""bias"": 2.900002735326099, ""count"": 86392, ""high"": 2.0, ""low"": 1.0, ""mae"": 2.921491369866104, ""z_error_count"": 86392, ""z_error_rms"": 7.010931461771589, ""z_squared_error_sum"": 4246439.795407619}, {""bias"": 3.621878494809351, ""count"": 2512, ""high"": ""Infinity"", ""low"": 2.0, ""mae"": 3.6222698063016314, ""z_error_count"": 2512, ""z_error_rms"": 7.597432625681168, ""z_squared_error_sum"": 144995.10804443277}]",0.13987098838959805,0.1396627097512363,0.1065850330827554,0.09064157093774283,4.86647486809292
raw/r6/P1/d20/n4_M6/box/rep01.npz,r6,r1,P1,P1_ridge_lse_hjb,ridge_lse,20,4,6,box,box,1.0,1,16,float64,0.13894821060074375,0.17916435817122717,0.025728855630804848,0.1193809843295305,0.11879434953619925,0.8301532517229242,0.14726792171152853,0.1950309394048392,1267200,1268400,14652000,293040000,0,11.949358300073072,1.0,1.0,14.963562921905094,0,0,0,0.2842067632802193,1.6326075207052044,4.323254226718704,-0.09042089366210701,1267200,"[{""bias"": -0.8206808595822251, ""count"": 3016, ""high"": -2.0, ""low"": ""-Infinity"", ""mae"": 0.829546529276436, ""z_error_count"": 3016, ""z_error_rms"": 1.6067631548749017, ""z_squared_error_sum"": 7786.37051296446}, {""bias"": -1.0308640431202525, ""count"": 78940, ""high"": -1.0, ""low"": -2.0, ""mae"": 1.1140399254509872, ""z_error_count"": 78940, ""z_error_rms"": 2.220408682600768, ""z_squared_error_sum"": 389191.14982067514}, {""bias"": -0.8809582332297271, ""count"": 363170, ""high"": -0.25, ""low"": -1.0, ""mae"": 1.3685517219308794, ""z_error_count"": 363170, ""z_error_rms"": 3.300869759072562, ""z_squared_error_sum"": 3957006.3193868725}, {""bias"": -0.06483752168367662, ""count"": 363101, ""high"": 0.25, ""low"": -0.25, ""mae"": 1.452302094575054, ""z_error_count"": 363101, ""z_error_rms"": 4.5246465931012985, ""z_squared_error_sum"": 7433558.640770176}, {""bias"": 1.4164182412902429, ""count"": 368170, ""high"": 1.0, ""low"": 0.25, ""mae"": 1.8637158011618769, ""z_error_count"": 368170, ""z_error_rms"": 5.850144824876552, ""z_squared_error_sum"": 12600321.67876725}, {""bias"": 2.905577877999511, ""count"": 87813, ""high"": 2.0, ""low"": 1.0, ""mae"": 2.927060992008834, ""z_error_count"": 87813, ""z_error_rms"": 7.021694541291077, ""z_squared_error_sum"": 4329549.208024094}, {""bias"": 3.6282099971276467, ""count"": 2990, ""high"": ""Infinity"", ""low"": 2.0, ""mae"": 3.628261233866918, ""z_error_count"": 2990, ""z_error_rms"": 7.6246643728874695, ""z_squared_error_sum"": 173825.1653295466}]",0.13987098838959805,0.1396627097512363,0.1065850330827554,0.09064157093774283,4.86647486809292
raw/r6/P1/d20/n4_M6/box/rep02.npz,r6,r1,P1,P1_ridge_lse_hjb,ridge_lse,20,4,6,box,box,1.0,2,16,float64,0.13759868936999986,0.1774242414464467,0.016505329738243472,0.12007510333683677,0.11764057075705281,0.8310649541942347,0.14405909372765327,0.1907814006810593,1267200,1268400,14652000,293040000,0,11.950578300049528,1.0,1.0,14.97845144668636,0,0,0,0.28855337877159476,1.6310167751681117,4.317657861459449,-0.08776470364307798,1267200,"[{""bias"": -0.8167262501776503, ""count"": 2784, ""high"": -2.0, ""low"": ""-Infinity"", ""mae"": 0.8244848015741799, ""z_error_count"": 2784, ""z_error_rms"": 1.606630574705761, ""z_squared_error_sum"": 7186.232861164948}, {""bias"": -1.0236915904531427, ""count"": 77959, ""high"": -1.0, ""low"": -2.0, ""mae"": 1.104819431226051, ""z_error_count"": 77959, ""z_error_rms"": 2.2103316263189976, ""z_squared_error_sum"": 380873.8318660363}, {""bias"": -0.8829034687595337, ""count"": 360791, ""high"": -0.25, ""low"": -1.0, ""mae"": 1.3683731751123551, ""z_error_count"": 360791, ""z_error_rms"": 3.3014922770432333, ""z_squared_error_sum"": 3932568.2342784037}, {""bias"": -0.06110597900147902, ""count"": 364872, ""high"": 0.25, ""low"": -0.25, ""mae"": 1.449410960723152, ""z_error_count"": 364872, ""z_error_rms"": 4.520015804010373, ""z_squared_error_sum"": 7454533.037516624}, {""bias"": 1.415111303891322, ""count"": 370430, ""high"": 1.0, ""low"": 0.25, ""mae"": 1.8613647851197204, ""z_error_count"": 370430, ""z_error_rms"": 5.8506594578978195, ""z_squared_error_sum"": 12679898.947066689}, {""bias"": 2.9036959130170747, ""count"": 87411, ""high"": 2.0, ""low"": 1.0, ""mae"": 2.926262044335533, ""z_error_count"": 87411, ""z_error_rms"": 7.010748387407854, ""z_squared_error_sum"": 4296302.480487222}, {""bias"": 3.5758288432939263, ""count"": 2953, ""high"": ""Infinity"", ""low"": 2.0, ""mae"": 3.5758288432939263, ""z_error_count"": 2953, ""z_error_rms"": 7.597908875425707, ""z_squared_error_sum"": 170471.4315316924}]",0.13987098838959805,0.1396627097512363,0.1065850330827554,0.09064157093774283,4.86647486809292
raw/r6/P1/d20/n4_M6/box/rep03.npz,r6,r1,P1,P1_ridge_lse_hjb,ridge_lse,20,4,6,box,box,1.0,3,16,float64,0.1355532171360672,0.17478674278154738,0.023882753278472172,0.11907311531792289,0.11589178577829118,0.8494342624480543,0.143439321486383,0.18996061933895034,1267200,1268400,14652000,293040000,0,11.639911700040102,1.0,1.0,14.986574212750693,0,0,0,0.2868638516232805,1.6303104699799962,4.315697755490908,-0.08992011403259947,1267200,"[{""bias"": -0.8198945107674729, ""count"": 2614, ""high"": -2.0, ""low"": ""-Infinity"", ""mae"": 0.8279667137027518, ""z_error_count"": 2614, ""z_error_rms"": 1.6076073150442056, ""z_squared_error_sum"": 6755.624944308834}, {""bias"": -1.0196422401033662, ""count"": 81638, ""high"": -1.0, ""low"": -2.0, ""mae"": 1.0999052381635668, ""z_error_count"": 81638, ""z_error_rms"": 2.201651055229919, ""z_squared_error_sum"": 395721.2134700151}, {""bias"": -0.886150829016292, ""count"": 357051, ""high"": -0.25, ""low"": -1.0, ""mae"": 1.3701585742028928, ""z_error_count"": 357051, ""z_error_rms"": 3.2954910300304343, ""z_squared_error_sum"": 3877667.096374525}, {""bias"": -0.05850458559146971, ""count"": 367522, ""high"": 0.25, ""low"": -0.25, ""mae"": 1.4508444613209985, ""z_error_count"": 367522, ""z_error_rms"": 4.526548688712281, ""z_squared_error_sum"": 7530394.5861431435}, {""bias"": 1.4232864813184507, ""count"": 368710, ""high"": 1.0, ""low"": 0.25, ""mae"": 1.864872720488725, ""z_error_count"": 368710, ""z_error_rms"": 5.860152056586578, ""z_squared_error_sum"": 12662011.003793934}, {""bias"": 2.89965836483978, ""count"": 86719, ""high"": 2.0, ""low"": 1.0, ""mae"": 2.9217813008074804, ""z_error_count"": 86719, ""z_error_rms"": 7.023028773451348, ""z_squared_error_sum"": 4277235.4400712075}, {""bias"": 3.5865444382563174, ""count"": 2946, ""high"": ""Infinity"", ""low"": 2.0, ""mae"": 3.5866049383501144, ""z_error_count"": 2946, ""z_error_rms"": 7.623262212266914, ""z_squared_error_sum"": 171204.2174260532}]",0.13987098838959805,0.1396627097512363,0.1065850330827554,0.09064157093774283,4.86647486809292
raw/r6/P1/d20/n4_M6/box/rep04.npz,r6,r1,P1,P1_ridge_lse_hjb,ridge_lse,20,4,6,box,box,1.0,4,16,float64,0.14367431434487168,0.18525835060413715,0.019410659118774775,0.12190748826240468,0.12283495155400795,0.8448495846100227,0.13762990198237854,0.18226704608759312,1267200,1268400,14652000,293040000,0,11.895836600102484,0.9999992108585859,0.9999992108585859,14.938501615783322,0,0,0,0.27687013918212944,1.6277272530093483,4.296733545068568,-0.08793197958885472,1267200,"[{""bias"": -0.8183794074371793, ""count"": 2947, ""high"": -2.0, ""low"": ""-Infinity"", ""mae"": 0.8269528196120682, ""z_error_count"": 2947, ""z_error_rms"": 1.6055980065290094, ""z_squared_error_sum"": 7597.203792905581}, {""bias"": -1.0343131112667516, ""count"": 78785, ""high"": -1.0, ""low"": -2.0, ""mae"": 1.1138381052735682, ""z_error_count"": 78785, ""z_error_rms"": 2.2164780779282847, ""z_squared_error_sum"": 387052.98388496}, {""bias"": -0.8836982549062763, ""count"": 360417, ""high"": -0.25, ""low"": -1.0, ""mae"": 1.369826396747899, ""z_error_count"": 360417, ""z_error_rms"": 3.3008922593195553, ""z_squared_error_sum"": 3927063.880756957}, {""bias"": -0.05909863411396513, ""count"": 370483, ""high"": 0.25, ""low"": -0.25, ""mae"": 1.4520245015371045, ""z_error_count"": 370483, ""z_error_rms"": 4.528932468446153, ""z_squared_error_sum"": 7599061.766139642}, {""bias"": 1.413699497022962, ""count"": 365833, ""high"": 1.0, ""low"": 0.25, ""mae"": 1.8613873947900388, ""z_error_count"": 365833, ""z_error_rms"": 5.8512021319628325, ""z_squared_error_sum"": 12524865.791818645}, {""bias"": 2.8837323939065747, ""count"": 85837, ""high"": 2.0, ""low"": 1.0, ""mae"": 2.9056601550017516, ""z_error_count"": 85837, ""z_error_rms"": 7.027149066371241, ""z_squared_error_sum"": 4238701.789774026}, {""bias"": 3.6011078562120815, ""count"": 2898, ""high"": ""Infinity"", ""low"": 2.0, ""mae"": 3.6011078562120815, ""z_error_count"": 2898, ""z_error_rms"": 7.66525810878333, ""z_squared_error_sum"": 170275.41507163036}]",0.13987098838959805,0.1396627097512363,0.1065850330827554,0.09064157093774283,4.86647486809292
raw/r6/P1/d20/n4_M6/box/rep05.npz,r6,r1,P1,P1_ridge_lse_hjb,ridge_lse,20,4,6,box,box,1.0,5,16,float64,0.1445839988210094,0.18643132746077232,0.026632785240301358,0.12320713506627792,0.12361269007369623,0.8429259583837444,0.13109431514973596,0.17361178956792161,1267200,1268400,14652000,293040000,0,11.75583010003902,0.9999992108585859,0.9999992108585859,14.982563727071684,0,0,0,0.28617602020791655,1.629873660202729,4.311813346691329,-0.08833583069235648,1267200,"[{""bias"": -0.8103232410791286, ""count"": 2841, ""high"": -2.0, ""low"": ""-Infinity"", ""mae"": 0.8181702504237527, ""z_error_count"": 2841, ""z_error_rms"": 1.6004770207164898, ""z_squared_error_sum"": 7277.297337203791}, {""bias"": -1.0321323038028143, ""count"": 79976, ""high"": -1.0, ""low"": -2.0, ""mae"": 1.1128040293774837, ""z_error_count"": 79976, ""z_error_rms"": 2.217900587960203, ""z_squared_error_sum"": 393408.5834535033}, {""bias"": -0.8888789015111277, ""count"": 358466, ""high"": -0.25, ""low"": -1.0, ""mae"": 1.3696479255083154, ""z_error_count"": 358466, ""z_error_rms"": 3.293361794685231, ""z_squared_error_sum"": 3888005.3680982357}, {""bias"": -0.05458557739209378, ""count"": 366992, ""high"": 0.25, ""low"": -0.25, ""mae"": 1.4489245143918976, ""z_error_count"": 366992, ""z_error_rms"": 4.520481504673267, ""z_squared_error_sum"": 7499390.885487889}, {""bias"": 1.4196068861176292, ""count"": 368828, ""high"": 1.0, ""low"": 0.25, ""mae"": 1.8623563700043897, ""z_error_count"": 368828, ""z_error_rms"": 5.860428301187137, ""z_squared_error_sum"": 12667257.458649833}, {""bias"": 2.8951219575096645, ""count"": 87469, ""high"": 2.0, ""low"": 1.0, ""mae"": 2.91666114726045, ""z_error_count"": 87469, ""z_error_rms"": 7.015138625965421, ""z_squared_error_sum"": 4304539.2926141145}, {""bias"": 3.550737327729335, ""count"": 2628, ""high"": ""Infinity"", ""low"": 2.0, ""mae"": 3.550737327729335, ""z_error_count"": 2628, ""z_error_rms"": 7.792049485814478, ""z_squared_error_sum"": 159561.740477695}]",0.13987098838959805,0.1396627097512363,0.1065850330827554,0.09064157093774283,4.86647486809292
raw/r6/P1/d20/n4_M6/box/rep06.npz,r6,r1,P1,P1_ridge_lse_hjb,ridge_lse,20,4,6,box,box,1.0,6,16,float64,0.143373351912845,0.1848702798205367,0.023361185326870947,0.12290304934186284,0.12257764247321545,0.8390197250161774,0.1474485601870338,0.19527016388197593,1267200,1268400,14652000,293040000,0,11.77194430003874,0.9999976325757576,0.9999976325757576,14.965765864320657,0,0,0,0.2903316611364375,1.633550831705972,4.327881250700919,-0.08777544389236837,1267200,"[{""bias"": -0.8157657563801003, ""count"": 2554, ""high"": -2.0, ""low"": ""-Infinity"", ""mae"": 0.8241814404434126, ""z_error_count"": 2554, ""z_error_rms"": 1.6083908934301496, ""z_squared_error_sum"": 6606.996913540315}, {""bias"": -1.0307207667168756, ""count"": 78932, ""high"": -1.0, ""low"": -2.0, ""mae"": 1.1127137804223781, ""z_error_count"": 78932, ""z_error_rms"": 2.2119953025114465, ""z_squared_error_sum"": 386208.2154694372}, {""bias"": -0.881699739338902, ""count"": 360284, ""high"": -0.25, ""low"": -1.0, ""mae"": 1.3699702747084317, ""z_error_count"": 360284, ""z_error_rms"": 3.3018605848100577, ""z_squared_error_sum"": 3927918.2442113105}, {""bias"": -0.05242226468756737, ""count"": 364701, ""high"": 0.25, ""low"": -0.25, ""mae"": 1.4545001876608246, ""z_error_count"": 364701, ""z_error_rms"": 4.519869487323789, ""z_squared_error_sum"": 7450557.029756275}, {""bias"": 1.412612565018749, ""count"": 370326, ""high"": 1.0, ""low"": 0.25, ""mae"": 1.8609926379353507, ""z_error_count"": 370326, ""z_error_rms"": 5.850100771087399, ""z_squared_error_sum"": 12673918.16115902}, {""bias"": 2.907891231929696, ""count"": 87553, ""high"": 2.0, ""low"": 1.0, ""mae"": 2.9294635152333557, ""z_error_count"": 87553, ""z_error_rms"": 7.004000988490696, ""z_squared_error_sum"": 4295002.581175011}, {""bias"": 3.6517886848801826, ""count"": 2850, ""high"": ""Infinity"", ""low"": 2.0, ""mae"": 3.652143243578977, ""z_error_count"": 2850, ""z_error_rms"": 7.632383453340109, ""z_squared_error_sum"": 166021.8399596367}]",0.13987098838959805,0.1396627097512363,0.1065850330827554,0.09064157093774283,4.86647486809292
raw/r6/P1/d20/n4_M6/box/rep07.npz,r6,r1,P1,P1_ridge_lse_hjb,ridge_lse,20,4,6,box,box,1.0,7,16,float64,0.13507665349617892,0.17417224606871334,0.0230451962350049,0.11891360889369813,0.11548434571577894,0.8369443376322204,0.14754001625694246,0.19539128165848327,1267200,1268400,14652000,293040000,0,11.808964899973944,0.9999992108585859,0.9999992108585859,14.966593278203788,0,0,0,0.28271081692227545,1.6285019930977676,4.299959271240469,-0.08819314551882004,1267200,"[{""bias"": -0.8177166896208834, ""count"": 2431, ""high"": -2.0, ""low"": ""-Infinity"", ""mae"": 0.824577087572438, ""z_error_count"": 2431, ""z_error_rms"": 1.6006964553509262, ""z_squared_error_sum"": 6228.779044622612}, {""bias"": -1.021564273912869, ""count"": 81109, ""high"": -1.0, ""low"": -2.0, ""mae"": 1.1024273977659995, ""z_error_count"": 81109, ""z_error_rms"": 2.197431244085689, ""z_squared_error_sum"": 391651.35861510294}, {""bias"": -0.8867337359010751, ""count"": 358760, ""high"": -0.25, ""low"": -1.0, ""mae"": 1.3718749980697589, ""z_error_count"": 358760, ""z_error_rms"": 3.2951774025818192, ""z_squared_error_sum"": 3895485.720512949}, {""bias"": -0.060589171225560366, ""count"": 365768, ""high"": 0.25, ""low"": -0.25, ""mae"": 1.4506054692256884, ""z_error_count"": 365768, ""z_error_rms"": 4.5237001653112845, ""z_squared_error_sum"": 7485026.309684198}, {""bias"": 1.4142037226673605, ""count"": 369700, ""high"": 1.0, ""low"": 0.25, ""mae"": 1.858355410207552, ""z_error_count"": 369700, ""z_error_rms"": 5.856219729883031, ""z_squared_error_sum"": 12678975.931270972}, {""bias"": 2.8894054513643357, ""count"": 86339, ""high"": 2.0, ""low"": 1.0, ""mae"": 2.9110790734732572, ""z_error_count"": 86339, ""z_error_rms"": 7.020335132301339, ""z_squared_error_sum"": 4255226.712525274}, {""bias"": 3.5834965103157637, ""count"": 3093, ""high"": ""Infinity"", ""low"": 2.0, ""mae"": 3.5835137712939895, ""z_error_count"": 3093, ""z_error_rms"": 7.625850872376825, ""z_squared_error_sum"": 179869.08952527007}]",0.13987098838959805,0.1396627097512363,0.1065850330827554,0.09064157093774283,4.86647486809292
raw/r6/P1/d20/n4_M6/box/rep08.npz,r6,r1,P1,P1_ridge_lse_hjb,ridge_lse,20,4,6,box,box,1.0,8,16,float64,0.14037720890172883,0.18100695522459576,0.026705374867170693,0.12105905354013397,0.12001607756652012,0.8231038724566347,0.1537128230486384,0.20356609864073982,1267200,1268400,14652000,293040000,0,11.646023399895057,1.0,1.0,14.941753143142206,0,0,0,0.28073672483556344,1.6293686203351014,4.306469691483631,-0.08827330477105219,1267200,"[{""bias"": -0.8289666656963832, ""count"": 2605, ""high"": -2.0, ""low"": ""-Infinity"", ""mae"": 0.8368604710817311, ""z_error_count"": 2605, ""z_error_rms"": 1.6219433846594429, ""z_squared_error_sum"": 6852.974393620579}, {""bias"": -1.0265782346218966, ""count"": 78916, ""high"": -1.0, ""low"": -2.0, ""mae"": 1.1091819492835586, ""z_error_count"": 78916, ""z_error_rms"": 2.2106228184933325, ""z_squared_error_sum"": 385650.91073319496}, {""bias"": -0.8800708538901588, ""count"": 361663, ""high"": -0.25, ""low"": -1.0, ""mae"": 1.367642477219779, ""z_error_count"": 361663, ""z_error_rms"": 3.295458508073895, ""z_squared_error_sum"": 3927677.098029724}, {""bias"": -0.06697370501785846, ""count"": 366843, ""high"": 0.25, ""low"": -0.25, ""mae"": 1.4522360106953707, ""z_error_count"": 366843, ""z_error_rms"": 4.524353870741205, ""z_squared_error_sum"": 7509194.751664781}, {""bias"": 1.4132426245043306, ""count"": 367870, ""high"": 1.0, ""low"": 0.25, ""mae"": 1.859127522776748, ""z_error_count"": 367870, ""z_error_rms"": 5.853634142080857, ""z_squared_error_sum"": 12605077.56806815}, {""bias"": 2.912060360959562, ""count"": 86836, ""high"": 2.0, ""low"": 1.0, ""mae"": 2.933334186038434, ""z_error_count"": 86836, ""z_error_rms"": 7.020676429664993, ""z_squared_error_sum"": 4280137.541919734}, {""bias"": 3.655916562155158, ""count"": 2467, ""high"": ""Infinity"", ""low"": 2.0, ""mae"": 3.655916562155158, ""z_error_count"": 2467, ""z_error_rms"": 7.6179551255680265, ""z_squared_error_sum"": 143168.00380817987}]",0.13987098838959805,0.1396627097512363,0.1065850330827554,0.09064157093774283,4.86647486809292
raw/r6/P1/d20/n4_M6/box/rep09.npz,r6,r1,P1,P1_ridge_lse_hjb,ridge_lse,20,4,6,box,box,1.0,9,16,float64,0.13609914715761498,0.17549068277108826,0.02335893162111703,0.11809685894496993,0.1163585309167975,0.8241789590445981,0.1262889521819448,0.16724791586822121,1267200,1268400,14652000,293040000,0,11.923209100030363,1.0,1.0,14.925804588325201,0,0,0,0.27545561676861263,1.6281338187638679,4.305501867134284,-0.08927247079582035,1267200,"[{""bias"": -0.8155229796578817, ""count"": 2777, ""high"": -2.0, ""low"": ""-Infinity"", ""mae"": 0.8231176413191703, ""z_error_count"": 2777, ""z_error_rms"": 1.6090476962760827, ""z_squared_error_sum"": 7189.748775651332}, {""bias"": -1.0283755674808208, ""count"": 81457, ""high"": -1.0, ""low"": -2.0, ""mae"": 1.1077716293229174, ""z_error_count"": 81457, ""z_error_rms"": 2.203479506171244, ""z_squared_error_sum"": 395499.9587873416}, {""bias"": -0.8863461275906522, ""count"": 359808, ""high"": -0.25, ""low"": -1.0, ""mae"": 1.3717790089523993, ""z_error_count"": 359808, ""z_error_rms"": 3.298685689072958, ""z_squared_error_sum"": 3915188.604269249}, {""bias"": -0.0670082447722918, ""count"": 366475, ""high"": 0.25, ""low"": -0.25, ""mae"": 1.4515418579803547, ""z_error_count"": 366475, ""z_error_rms"": 4.519446227469115, ""z_squared_error_sum"": 7485396.340538861}, {""bias"": 1.403404097201717, ""count"": 366945, ""high"": 1.0, ""low"": 0.25, ""mae"": 1.852185460178529, ""z_error_count"": 366945, ""z_error_rms"": 5.854191022661428, ""z_squared_error_sum"": 12575774.843051005}, {""bias"": 2.9100282089180154, ""count"": 86538, ""high"": 2.0, ""low"": 1.0, ""mae"": 2.9317405874753972, ""z_error_count"": 86538, ""z_error_rms"": 7.016794158609952, ""z_squared_error_sum"": 4260733.068072231}, {""bias"": 3.675496835004079, ""count"": 3200, ""high"": ""Infinity"", ""low"": 2.0, ""mae"": 3.675499730381676, ""z_error_count"": 3200, ""z_error_rms"": 7.623705255566036, ""z_squared_error_sum"": 185986.82183598465}]",0.13987098838959805,0.1396627097512363,0.1065850330827554,0.09064157093774283,4.86647486809292
raw/r6/P1/d20/n4_M6/segment/rep00.npz,r6,r1,P1,P1_ridge_lse_hjb,ridge_lse,20,4,6,segment,segment,1.0,0,16,float64,0.1929349557488655,0.24877662955203667,0.02256250749490225,0.16125697093191746,0.16495054144194343,1.6494220668662765,0.19189232568738948,0.2541282589476592,1267200,1268400,14652000,293040000,0,11.706706499913707,1.0,1.0,21.34481887143679,0,0,0,0.6443129248003913,2.2899619564181273,8.454075179651916,-0.09010611086209766,1267200,"[{""bias"": -0.17329477067665147, ""count"": 2836, ""high"": -2.0, ""low"": ""-Infinity"", ""mae"": 0.3134707771454746, ""z_error_count"": 2836, ""z_error_rms"": 1.599475148284729, ""z_squared_error_sum"": 7255.3976469445715}, {""bias"": -0.17826765500517916, ""count"": 79161, ""high"": -1.0, ""low"": -2.0, ""mae"": 0.6688982729234961, ""z_error_count"": 79161, ""z_error_rms"": 2.185703198823456, ""z_squared_error_sum"": 378175.7244486289}, {""bias"": 0.0007888218589216228, ""count"": 361544, ""high"": -0.25, ""low"": -1.0, ""mae"": 1.500638306963627, ""z_error_count"": 361544, ""z_error_rms"": 3.2813119147813286, ""z_squared_error_sum"": 3892747.097720868}, {""bias"": 0.4465893037397599, ""count"": 366348, ""high"": 0.25, ""low"": -0.25, ""mae"": 2.4622717338919964, ""z_error_count"": 366348, ""z_error_rms"": 4.550538153764722, ""z_squared_error_sum"": 7586113.655251979}, {""bias"": 1.2685828436159656, ""count"": 368407, ""high"": 1.0, ""low"": 0.25, ""mae"": 3.057620244375298, ""z_error_count"": 368407, ""z_error_rms"": 5.908708779995485, ""z_squared_error_sum"": 12862134.442075673}, {""bias"": 2.2335784091910447, ""count"": 86392, ""high"": 2.0, ""low"": 1.0, ""mae"": 3.119314713812629, ""z_error_count"": 86392, ""z_error_rms"": 7.085257031907225, ""z_squared_error_sum"": 4336953.319850017}, {""bias"": 2.7333799614190215, ""count"": 2512, ""high"": ""Infinity"", ""low"": 2.0, ""mae"": 2.9747183599427127, ""z_error_count"": 2512, ""z_error_rms"": 7.640833179964678, ""z_squared_error_sum"": 146656.4171903314}]",0.19035914148850497,0.19112488391784244,0.07915104331176101,0.1731831490331679,4.86647486809292
raw/r6/P1/d20/n4_M6/segment/rep01.npz,r6,r1,P1,P1_ridge_lse_hjb,ridge_lse,20,4,6,segment,segment,1.0,1,16,float64,0.19346416449710785,0.24945900858597678,0.02526852866799275,0.16012616208035707,0.16540299065841416,1.6550335843937165,0.20486380800597456,0.2713067480080427,1267200,1268400,14652000,293040000,0,11.820329499896616,1.0,1.0,21.3925525149116,0,0,0,0.649226259788793,2.295884237098983,8.500444611167367,-0.09084440182305599,1267200,"[{""bias"": -0.16551376083650332, ""count"": 3016, ""high"": -2.0, ""low"": ""-Infinity"", ""mae"": 0.30332976109284376, ""z_error_count"": 3016, ""z_error_rms"": 1.5889184204685602, ""z_squared_error_sum"": 7614.379828663382}, {""bias"": -0.17499479306062665, ""count"": 78940, ""high"": -1.0, ""low"": -2.0, ""mae"": 0.6741888838734824, ""z_error_count"": 78940, ""z_error_rms"": 2.189109702524079, ""z_squared_error_sum"": 378296.3698077388}, {""bias"": 0.00021096330064842867, ""count"": 363170, ""high"": -0.25, ""low"": -1.0, ""mae"": 1.5099271093532112, ""z_error_count"": 363170, ""z_error_rms"": 3.290596340301773, ""z_squared_error_sum"": 3932413.575881812}, {""bias"": 0.43814782558398785, ""count"": 363101, ""high"": 0.25, ""low"": -0.25, ""mae"": 2.46415042236126, ""z_error_count"": 363101, ""z_error_rms"": 4.550153680297312, ""z_squared_error_sum"": 7517606.254449257}, {""bias"": 1.2849411156324015, ""count"": 368170, ""high"": 1.0, ""low"": 0.25, ""mae"": 3.0681082683982313, ""z_error_count"": 368170, ""z_error_rms"": 5.906974281520244, ""z_squared_error_sum"": 12846314.718492944}, {""bias"": 2.239290290797371, ""count"": 87813, ""high"": 2.0, ""low"": 1.0, ""mae"": 3.117078707600414, ""z_error_count"": 87813, ""z_error_rms"": 7.095166588751294, ""z_squared_error_sum"": 4420628.385419236}, {""bias"": 2.718627713648333, ""count"": 2990, ""high"": ""Infinity"", ""low"": 2.0, ""mae"": 2.945828648532144, ""z_error_count"": 2990, ""z_error_rms"": 7.670964149273582, ""z_squared_error_sum"": 175942.63602852728}]",0.19035914148850497,0.19112488391784244,0.07915104331176101,0.1731831490331679,4.86647486809292
raw/r6/P1/d20/n4_M6/segment/rep02.npz,r6,r1,P1,P1_ridge_lse_hjb,ridge_lse,20,4,6,segment,segment,1.0,2,16,float64,0.1884995545384221,0.2430574784549104,0.014799571190588895,0.16011183533043258,0.16115847676224274,1.6733227434925506,0.20678041436500397,0.273844962266291,1267200,1268400,14652000,293040000,0,11.532113699940965,0.9999992108585859,1.0,21.41754835659044,0,0,0,0.6503524637137824,2.2971866522635516,8.49761920412703,-0.08827484614150381,1267200,"[{""bias"": -0.17032609946806998, ""count"": 2784, ""high"": -2.0, ""low"": ""-Infinity"", ""mae"": 0.3096988796797217, ""z_error_count"": 2784, ""z_error_rms"": 1.5926374528749883, ""z_squared_error_sum"": 7061.599452739562}, {""bias"": -0.16910694659203732, ""count"": 77959, ""high"": -1.0, ""low"": -2.0, ""mae"": 0.6658715862931809, ""z_error_count"": 77959, ""z_error_rms"": 2.1785242855493387, ""z_squared_error_sum"": 369990.9242022322}, {""bias"": -0.003162057052664941, ""count"": 360791, ""high"": -0.25, ""low"": -1.0, ""mae"": 1.50995327444631, ""z_error_count"": 360791, ""z_error_rms"": 3.290801792684737, ""z_squared_error_sum"": 3907141.554708389}, {""bias"": 0.44781162859382856, ""count"": 364872, ""high"": 0.25, ""low"": -0.25, ""mae"": 2.456769122040801, ""z_error_count"": 364872, ""z_error_rms"": 4.5454625054764595, ""z_squared_error_sum"": 7538704.0895109475}, {""bias"": 1.2757493613546944, ""count"": 370430, ""high"": 1.0, ""low"": 0.25, ""mae"": 3.065935476738977, ""z_error_count"": 370430, ""z_error_rms"": 5.908192898798713, ""z_squared_error_sum"": 12930504.9315154}, {""bias"": 2.2309217306096603, ""count"": 87411, ""high"": 2.0, ""low"": 1.0, ""mae"": 3.1189268221450197, ""z_error_count"": 87411, ""z_error_rms"": 7.084356335635454, ""z_squared_error_sum"": 4386992.41908016}, {""bias"": 2.691574732561053, ""count"": 2953, ""high"": ""Infinity"", ""low"": 2.0, ""mae"": 2.9445428494907726, ""z_error_count"": 2953, ""z_error_rms"": 7.638339935857656, ""z_squared_error_sum"": 172290.53178929506}]",0.19035914148850497,0.19112488391784244,0.07915104331176101,0.1731831490331679,4.86647486809292
raw/r6/P1/d20/n4_M6/segment/rep03.npz,r6,r1,P1,P1_ridge_lse_hjb,ridge_lse,20,4,6,segment,segment,1.0,3,16,float64,0.18601446048290163,0.23985311706351534,0.02020416300681509,0.15852785707390807,0.15903383528189938,1.643837106659425,0.19239119497330182,0.2547889251969072,1267200,1268400,14652000,293040000,0,11.67209709994495,1.0,1.0,21.422635554756365,0,0,0,0.6478975746990653,2.2933614462008753,8.484356259689543,-0.09049155482342458,1267200,"[{""bias"": -0.16935074825590007, ""count"": 2614, ""high"": -2.0, ""low"": ""-Infinity"", ""mae"": 0.3084048522176569, ""z_error_count"": 2614, ""z_error_rms"": 1.5880002981256738, ""z_squared_error_sum"": 6591.841291058657}, {""bias"": -0.16483833216608254, ""count"": 81638, ""high"": -1.0, ""low"": -2.0, ""mae"": 0.6585891831141906, ""z_error_count"": 81638, ""z_error_rms"": 2.1707827969616904, ""z_squared_error_sum"": 384702.58017148153}, {""bias"": -0.006493471776653644, ""count"": 357051, ""high"": -0.25, ""low"": -1.0, ""mae"": 1.5084477730863854, ""z_error_count"": 357051, ""z_error_rms"": 3.2865268635851668, ""z_squared_error_sum"": 3856600.2647489808}, {""bias"": 0.4470920827507411, ""count"": 367522, ""high"": 0.25, ""low"": -0.25, ""mae"": 2.4621823324882994, ""z_error_count"": 367522, ""z_error_rms"": 4.552378681717179, ""z_squared_error_sum"": 7616581.667030801}, {""bias"": 1.281433437924211, ""count"": 368710, ""high"": 1.0, ""low"": 0.25, ""mae"": 3.0641834921418893, ""z_error_count"": 368710, ""z_error_rms"": 5.917367692954087, ""z_squared_error_sum"": 12910469.292904638}, {""bias"": 2.221509850474369, ""count"": 86719, ""high"": 2.0, ""low"": 1.0, ""mae"": 3.1110075851500487, ""z_error_count"": 86719, ""z_error_rms"": 7.096212932692632, ""z_squared_error_sum"": 4366842.601917834}, {""bias"": 2.6454344230334743, ""count"": 2946, ""high"": ""Infinity"", ""low"": 2.0, ""mae"": 2.8845985803401817, ""z_error_count"": 2946, ""z_error_rms"": 7.666194671519354, ""z_squared_error_sum"": 173138.01302484708}]",0.19035914148850497,0.19112488391784244,0.07915104331176101,0.1731831490331679,4.86647486809292
raw/r6/P1/d20/n4_M6/segment/rep04.npz,r6,r1,P1,P1_ridge_lse_hjb,ridge_lse,20,4,6,segment,segment,1.0,4,16,float64,0.18954954644347988,0.24441137229018414,0.018988809237778088,0.15638566986788546,0.16205617170081252,1.6809774925490362,0.21284701093731723,0.28187912214807476,1267200,1268400,14652000,293040000,0,11.793071999913082,1.0,1.0,21.371294202454067,0,0,0,0.6405401915058574,2.2930312597201845,8.471167430581815,-0.0886391914823804,1267200,"[{""bias"": -0.17586157144430098, ""count"": 2947, ""high"": -2.0, ""low"": ""-Infinity"", ""mae"": 0.3099386890894381, ""z_error_count"": 2947, ""z_error_rms"": 1.5867783017490962, ""z_squared_error_sum"": 7420.149271623444}, {""bias"": -0.1795173768867944, ""count"": 78785, ""high"": -1.0, ""low"": -2.0, ""mae"": 0.6677930429322803, ""z_error_count"": 78785, ""z_error_rms"": 2.18563977925741, ""z_squared_error_sum"": 376357.61876151344}, {""bias"": -0.0045392484346344995, ""count"": 360417, ""high"": -0.25, ""low"": -1.0, ""mae"": 1.5104111863516831, ""z_error_count"": 360417, ""z_error_rms"": 3.2912328907010395, ""z_squared_error_sum"": 3904114.0519129625}, {""bias"": 0.4425277152742781, ""count"": 370483, ""high"": 0.25, ""low"": -0.25, ""mae"": 2.465030070874396, ""z_error_count"": 370483, ""z_error_rms"": 4.554989916604686, ""z_squared_error_sum"": 7686756.513643836}, {""bias"": 1.2784647265651947, ""count"": 365833, ""high"": 1.0, ""low"": 0.25, ""mae"": 3.0634392216186197, ""z_error_count"": 365833, ""z_error_rms"": 5.908325169870832, ""z_squared_error_sum"": 12770610.423377825}, {""bias"": 2.197982250706937, ""count"": 85837, ""high"": 2.0, ""low"": 1.0, ""mae"": 3.092992741411882, ""z_error_count"": 85837, ""z_error_rms"": 7.105104083509978, ""z_squared_error_sum"": 4333266.699067761}, {""bias"": 2.646069448910868, ""count"": 2898, ""high"": ""Infinity"", ""low"": 2.0, ""mae"": 2.8894979665984812, ""z_error_count"": 2898, ""z_error_rms"": 7.715369476570074, ""z_squared_error_sum"": 172509.03201164864}]",0.19035914148850497,0.19112488391784244,0.07915104331176101,0.1731831490331679,4.86647486809292
raw/r6/P1/d20/n4_M6/segment/rep05.npz,r6,r1,P1,P1_ridge_lse_hjb,ridge_lse,20,4,6,segment,segment,1.0,5,16,float64,0.19784970448431766,0.2551138669943404,0.021297063111563992,0.16114407594278454,0.1691524262782982,1.677267712793443,0.1729419779779952,0.22903179481033592,1267200,1268400,14652000,293040000,0,11.668286300031468,1.0,1.0,21.428953728212385,0,0,0,0.6471998262432621,2.2930676563965466,8.480872733545134,-0.08901264870904779,1267200,"[{""bias"": -0.16916411748232088, ""count"": 2841, ""high"": -2.0, ""low"": ""-Infinity"", ""mae"": 0.3067367886309671, ""z_error_count"": 2841, ""z_error_rms"": 1.5839808009669716, ""z_squared_error_sum"": 7128.055300220623}, {""bias"": -0.17600718531664916, ""count"": 79976, ""high"": -1.0, ""low"": -2.0, ""mae"": 0.6679508973970841, ""z_error_count"": 79976, ""z_error_rms"": 2.1872820720271893, ""z_squared_error_sum"": 382621.40814022167}, {""bias"": -0.006540803417663062, ""count"": 358466, ""high"": -0.25, ""low"": -1.0, ""mae"": 1.5043799590469553, ""z_error_count"": 358466, ""z_error_rms"": 3.2834143905054365, ""z_squared_error_sum"": 3864553.8588884478}, {""bias"": 0.44938697850612147, ""count"": 366992, ""high"": 0.25, ""low"": -0.25, ""mae"": 2.4613558165169365, ""z_error_count"": 366992, ""z_error_rms"": 4.545776837560099, ""z_squared_error_sum"": 7583554.637185072}, {""bias"": 1.2737496472859777, ""count"": 368828, ""high"": 1.0, ""low"": 0.25, ""mae"": 3.060637525101185, ""z_error_count"": 368828, ""z_error_rms"": 5.919356014418878, ""z_squared_error_sum"": 12923281.536378657}, {""bias"": 2.236554039628954, ""count"": 87469, ""high"": 2.0, ""low"": 1.0, ""mae"": 3.117973385577942, ""z_error_count"": 87469, ""z_error_rms"": 7.0886092491431745, ""z_squared_error_sum"": 4395175.645302141}, {""bias"": 2.544944880750849, ""count"": 2628, ""high"": ""Infinity"", ""low"": 2.0, ""mae"": 2.793783338252429, ""z_error_count"": 2628, ""z_error_rms"": 7.8376191951665115, ""z_squared_error_sum"": 161433.50577610702}]",0.19035914148850497,0.19112488391784244,0.07915104331176101,0.1731831490331679,4.86647486809292
raw/r6/P1/d20/n4_M6/segment/rep06.npz,r6,r1,P1,P1_ridge_lse_hjb,ridge_lse,20,4,6,segment,segment,1.0,6,16,float64,0.19479659369726054,0.25117708628861024,0.0248570279464184,0.1626220740322912,0.16654215653504423,1.6900266183286226,0.203821482341024,0.26992636760178373,1267200,1268400,14652000,293040000,0,11.83162480010651,0.9999984217171717,1.0,21.402331351602538,0,0,0,0.653047916031129,2.30038351392545,8.521378783342689,-0.0884512524053045,1267200,"[{""bias"": -0.16018230793381585, ""count"": 2554, ""high"": -2.0, ""low"": ""-Infinity"", ""mae"": 0.3043237526800727, ""z_error_count"": 2554, ""z_error_rms"": 1.5893920937762183, ""z_squared_error_sum"": 6451.8310996948285}, {""bias"": -0.17470315187718677, ""count"": 78932, ""high"": -1.0, ""low"": -2.0, ""mae"": 0.6687422535419957, ""z_error_count"": 78932, ""z_error_rms"": 2.179953653897931, ""z_squared_error_sum"": 375100.4872588386}, {""bias"": -0.002583511410191814, ""count"": 360284, ""high"": -0.25, ""low"": -1.0, ""mae"": 1.5135266118068413, ""z_error_count"": 360284, ""z_error_rms"": 3.2912593789963385, ""z_squared_error_sum"": 3902736.186216444}, {""bias"": 0.45345331412809214, ""count"": 364701, ""high"": 0.25, ""low"": -0.25, ""mae"": 2.4659566532590964, ""z_error_count"": 364701, ""z_error_rms"": 4.545150676344148, ""z_squared_error_sum"": 7534137.194788627}, {""bias"": 1.2772401544220215, ""count"": 370326, ""high"": 1.0, ""low"": 0.25, ""mae"": 3.064938633070725, ""z_error_count"": 370326, ""z_error_rms"": 5.906808878321676, ""z_squared_error_sum"": 12920818.983764073}, {""bias"": 2.2412966483024026, ""count"": 87553, ""high"": 2.0, ""low"": 1.0, ""mae"": 3.1191247682873575, ""z_error_count"": 87553, ""z_error_rms"": 7.079692047774649, ""z_squared_error_sum"": 4388334.923583855}, {""bias"": 2.8314146760877787, ""count"": 2850, ""high"": ""Infinity"", ""low"": 2.0, ""mae"": 3.0638975959769623, ""z_error_count"": 2850, ""z_error_rms"": 7.674234652664498, ""z_squared_error_sum"": 167847.55088684626}]",0.19035914148850497,0.19112488391784244,0.07915104331176101,0.1731831490331679,4.86647486809292
raw/r6/P1/d20/n4_M6/segment/rep07.npz,r6,r1,P1,P1_ridge_lse_hjb,ridge_lse,20,4,6,segment,segment,1.0,7,16,float64,0.1827371317184896,0.235627222379062,0.02862549983411523,0.15593015764466858,0.15623186944800094,1.6493244639124438,0.20280597180619372,0.2685814992062657,1267200,1268400,14652000,293040000,0,11.707742700120434,0.9999976325757576,1.0,21.39643915831348,0,0,0,0.6460325196985215,2.29233762085859,8.469478623976467,-0.08877146187038247,1267200,"[{""bias"": -0.16478895040642005, ""count"": 2431, ""high"": -2.0, ""low"": ""-Infinity"", ""mae"": 0.29915654264670577, ""z_error_count"": 2431, ""z_error_rms"": 1.5855839544962353, ""z_squared_error_sum"": 6111.719914993641}, {""bias"": -0.16804822515873644, ""count"": 81109, ""high"": -1.0, ""low"": -2.0, ""mae"": 0.6585527859749235, ""z_error_count"": 81109, ""z_error_rms"": 2.1661588075295968, ""z_squared_error_sum"": 380583.2169282404}, {""bias"": -0.006100253541573464, ""count"": 358760, ""high"": -0.25, ""low"": -1.0, ""mae"": 1.508266751778728, ""z_error_count"": 358760, ""z_error_rms"": 3.2853558498635635, ""z_squared_error_sum"": 3872298.683489097}, {""bias"": 0.44426209418886814, ""count"": 365768, ""high"": 0.25, ""low"": -0.25, ""mae"": 2.4616374836915558, ""z_error_count"": 365768, ""z_error_rms"": 4.548481018014818, ""z_squared_error_sum"": 7567256.949413721}, {""bias"": 1.2791447543277459, ""count"": 369700, ""high"": 1.0, ""low"": 0.25, ""mae"": 3.062192827970501, ""z_error_count"": 369700, ""z_error_rms"": 5.912685306713431, ""z_squared_error_sum"": 12924655.634142347}, {""bias"": 2.2164089210190636, ""count"": 86339, ""high"": 2.0, ""low"": 1.0, ""mae"": 3.106746526260551, ""z_error_count"": 86339, ""z_error_rms"": 7.092983603182422, ""z_squared_error_sum"": 4343751.041129174}, {""bias"": 2.6228768772301367, ""count"": 3093, ""high"": ""Infinity"", ""low"": 2.0, ""mae"": 2.8736986242022966, ""z_error_count"": 3093, ""z_error_rms"": 7.669995299854652, ""z_squared_error_sum"": 181957.5646940581}]",0.19035914148850497,0.19112488391784244,0.07915104331176101,0.1731831490331679,4.86647486809292
raw/r6/P1/d20/n4_M6/segment/rep08.npz,r6,r1,P1,P1_ridge_lse_hjb,ridge_lse,20,4,6,segment,segment,1.0,8,16,float64,0.192700221392205,0.2484739554105707,0.02879383788224709,0.15794727787672577,0.16474985432914996,1.6452122989441207,0.1936717097860618,0.2564847460107813,1267200,1268400,14652000,293040000,0,11.889275999972597,1.0,1.0,21.372408059311446,0,0,0,0.6451443564592088,2.2942481769372267,8.482218982516537,-0.08890649510698155,1267200,"[{""bias"": -0.17661296218098876, ""count"": 2605, ""high"": -2.0, ""low"": ""-Infinity"", ""mae"": 0.31685863672832776, ""z_error_count"": 2605, ""z_error_rms"": 1.6076659041977956, ""z_squared_error_sum"": 6732.856063049902}, {""bias"": -0.17094503426205387, ""count"": 78916, ""high"": -1.0, ""low"": -2.0, ""mae"": 0.6703471627591296, ""z_error_count"": 78916, ""z_error_rms"": 2.1795225647374883, ""z_squared_error_sum"": 374876.1434425336}, {""bias"": 0.0012081153348411922, ""count"": 361663, ""high"": -0.25, ""low"": -1.0, ""mae"": 1.5067221062183551, ""z_error_count"": 361663, ""z_error_rms"": 3.2857833483569525, ""z_squared_error_sum"": 3904648.3634314593}, {""bias"": 0.4342721525710208, ""count"": 366843, ""high"": 0.25, ""low"": -0.25, ""mae"": 2.46375759166793, ""z_error_count"": 366843, ""z_error_rms"": 4.54986685957327, ""z_squared_error_sum"": 7594122.755137373}, {""bias"": 1.278559764585374, ""count"": 367870, ""high"": 1.0, ""low"": 0.25, ""mae"": 3.063013819192975, ""z_error_count"": 367870, ""z_error_rms"": 5.910793842419755, ""z_squared_error_sum"": 12852452.183011938}, {""bias"": 2.2403403176030356, ""count"": 86836, ""high"": 2.0, ""low"": 1.0, ""mae"": 3.1162323510520493, ""z_error_count"": 86836, ""z_error_rms"": 7.0963537212496375, ""z_squared_error_sum"": 4372907.793200658}, {""bias"": 2.774503970839483, ""count"": 2467, ""high"": ""Infinity"", ""low"": 2.0, ""mae"": 3.005612876333353, ""z_error_count"": 2467, ""z_error_rms"": 7.665605023960174, ""z_squared_error_sum"": 144964.62144575763}]",0.19035914148850497,0.19112488391784244,0.07915104331176101,0.1731831490331679,4.86647486809292
raw/r6/P1/d20/n4_M6/segment/rep09.npz,r6,r1,P1,P1_ridge_lse_hjb,ridge_lse,20,4,6,segment,segment,1.0,9,16,float64,0.18504508188199983,0.23860316865392736,0.03014767114071777,0.1546702944496935,0.15820506102240686,1.6313329671936185,0.1798753030788828,0.23821378700463064,1267200,1268400,14652000,293040000,0,11.754075299948454,1.0,1.0,21.3473474738642,0,0,0,0.6385204765097446,2.2926211366286537,8.476751336475361,-0.09007523070234379,1267200,"[{""bias"": -0.16632377856146333, ""count"": 2777, ""high"": -2.0, ""low"": ""-Infinity"", ""mae"": 0.3096610459645339, ""z_error_count"": 2777, ""z_error_rms"": 1.5907144317666422, ""z_squared_error_sum"": 7026.844164326974}, {""bias"": -0.17255322238936285, ""count"": 81457, ""high"": -1.0, ""low"": -2.0, ""mae"": 0.6632378900378745, ""z_error_count"": 81457, ""z_error_rms"": 2.1715795804738547, ""z_squared_error_sum"": 384131.4891693805}, {""bias"": -0.007244709979830211, ""count"": 359808, ""high"": -0.25, ""low"": -1.0, ""mae"": 1.5107558189656904, ""z_error_count"": 359808, ""z_error_rms"": 3.2892652943402125, ""z_squared_error_sum"": 3892858.5244524637}, {""bias"": 0.4320510861448332, ""count"": 366475, ""high"": 0.25, ""low"": -0.25, ""mae"": 2.4663570035374454, ""z_error_count"": 366475, ""z_error_rms"": 4.546216967254071, ""z_squared_error_sum"": 7574337.811224501}, {""bias"": 1.2676097777296649, ""count"": 366945, ""high"": 1.0, ""low"": 0.25, ""mae"": 3.061734486340913, ""z_error_count"": 366945, ""z_error_rms"": 5.910438314406188, ""z_squared_error_sum"": 12818592.821644284}, {""bias"": 2.239976298260231, ""count"": 86538, ""high"": 2.0, ""low"": 1.0, ""mae"": 3.11691845763927, ""z_error_count"": 86538, ""z_error_rms"": 7.0916943655382205, ""z_squared_error_sum"": 4352180.2571698865}, {""bias"": 2.7922940087573647, ""count"": 3200, ""high"": ""Infinity"", ""low"": 2.0, ""mae"": 3.0199823884458055, ""z_error_count"": 3200, ""z_error_rms"": 7.679350606625355, ""z_squared_error_sum"": 188711.76236632705}]",0.19035914148850497,0.19112488391784244,0.07915104331176101,0.1731831490331679,4.86647486809292
raw/r6/P1/d20/n4_M6/oracle_state/rep00.npz,r6,r1,P1,P1_ridge_lse_hjb,ridge_lse,20,4,6,oracle_state,oracle_state,1.0,0,16,float64,0.029115916942065095,0.037543013680695285,-0.00039128275956878424,0.02524674112636598,0.024892774072645115,0.37061477945831806,0.02892550473674282,0.03830683760592825,1267200,1268400,14652000,293040000,0,11.90202259994112,0.0,0.0,0.0,0,0,0,0.0,0.0,0.0,-0.09166870182783797,1267200,"[{""bias"": 0.0, ""count"": 2836, ""high"": -2.0, ""low"": ""-Infinity"", ""mae"": 0.0, ""z_error_count"": 2836, ""z_error_rms"": 1.5951471765973075, ""z_squared_error_sum"": 7216.186444558042}, {""bias"": 0.0, ""count"": 79161, ""high"": -1.0, ""low"": -2.0, ""mae"": 0.0, ""z_error_count"": 79161, ""z_error_rms"": 2.153156132983936, ""z_squared_error_sum"": 366996.83440211456}, {""bias"": 0.0, ""count"": 361544, ""high"": -0.25, ""low"": -1.0, ""mae"": 0.0, ""z_error_count"": 361544, ""z_error_rms"": 3.2418291550771996, ""z_squared_error_sum"": 3799630.8579370514}, {""bias"": 0.0, ""count"": 366348, ""high"": 0.25, ""low"": -0.25, ""mae"": 0.0, ""z_error_count"": 366348, ""z_error_rms"": 4.539861729516379, ""z_squared_error_sum"": 7550558.495358693}, {""bias"": 0.0, ""count"": 368407, ""high"": 1.0, ""low"": 0.25, ""mae"": 0.0, ""z_error_count"": 368407, ""z_error_rms"": 5.952638933244488, ""z_squared_error_sum"": 13054100.580684451}, {""bias"": 0.0, ""count"": 86392, ""high"": 2.0, ""low"": 1.0, ""mae"": 0.0, ""z_error_count"": 86392, ""z_error_rms"": 7.180870944742136, ""z_squared_error_sum"": 4454795.490903412}, {""bias"": 0.0, ""count"": 2512, ""high"": ""Infinity"", ""low"": 2.0, ""mae"": 0.0, ""z_error_count"": 2512, ""z_error_rms"": 7.713622284356796, ""z_squared_error_sum"": 149463.9214892631}]",0.028741746784035245,0.028929196071757993,0.009083553892015445,0.027328630031832814,4.86647486809292
raw/r6/P1/d20/n4_M6/oracle_state/rep01.npz,r6,r1,P1,P1_ridge_lse_hjb,ridge_lse,20,4,6,oracle_state,oracle_state,1.0,1,16,float64,0.03010611479451894,0.038819807112797755,4.436251874083604e-05,0.026303784569756388,0.025739347837689094,0.3703529073862516,0.03100053504989384,0.041054857042639566,1267200,1268400,14652000,293040000,0,11.963497899938375,0.0,0.0,0.0,0,0,0,0.0,0.0,0.0,-0.09189853856287115,1267200,"[{""bias"": 0.0, ""count"": 3016, ""high"": -2.0, ""low"": ""-Infinity"", ""mae"": 0.0, ""z_error_count"": 3016, ""z_error_rms"": 1.5835846723404803, ""z_squared_error_sum"": 7563.345090046666}, {""bias"": 0.0, ""count"": 78940, ""high"": -1.0, ""low"": -2.0, ""mae"": 0.0, ""z_error_count"": 78940, ""z_error_rms"": 2.157824813668001, ""z_squared_error_sum"": 367561.0537164373}, {""bias"": 0.0, ""count"": 363170, ""high"": -0.25, ""low"": -1.0, ""mae"": 0.0, ""z_error_count"": 363170, ""z_error_rms"": 3.249736036799483, ""z_squared_error_sum"": 3835360.0374534833}, {""bias"": 0.0, ""count"": 363101, ""high"": 0.25, ""low"": -0.25, ""mae"": 0.0, ""z_error_count"": 363101, ""z_error_rms"": 4.5396507673289355, ""z_squared_error_sum"": 7482941.210757619}, {""bias"": 0.0, ""count"": 368170, ""high"": 1.0, ""low"": 0.25, ""mae"": 0.0, ""z_error_count"": 368170, ""z_error_rms"": 5.9538093746763865, ""z_squared_error_sum"": 13050833.487586165}, {""bias"": 0.0, ""count"": 87813, ""high"": 2.0, ""low"": 1.0, ""mae"": 0.0, ""z_error_count"": 87813, ""z_error_rms"": 7.192106427556548, ""z_squared_error_sum"": 4542249.912306608}, {""bias"": 0.0, ""count"": 2990, ""high"": ""Infinity"", ""low"": 2.0, ""mae"": 0.0, ""z_error_count"": 2990, ""z_error_rms"": 7.7365573490953645, ""z_squared_error_sum"": 178964.4156513661}]",0.028741746784035245,0.028929196071757993,0.009083553892015445,0.027328630031832814,4.86647486809292
raw/r6/P1/d20/n4_M6/oracle_state/rep02.npz,r6,r1,P1,P1_ridge_lse_hjb,ridge_lse,20,4,6,oracle_state,oracle_state,1.0,2,16,float64,0.028742475201450894,0.03706148571079762,-0.0009852161135883476,0.025621636314827848,0.024573498506057195,0.369050390945608,0.026539479117126147,0.03514695857300899,1267200,1268400,14652000,293040000,0,11.97781730000861,0.0,0.0,0.0,0,0,0,0.0,0.0,0.0,-0.08926437592484995,1267200,"[{""bias"": 0.0, ""count"": 2784, ""high"": -2.0, ""low"": ""-Infinity"", ""mae"": 0.0, ""z_error_count"": 2784, ""z_error_rms"": 1.58630112781146, ""z_squared_error_sum"": 7005.521930379014}, {""bias"": 0.0, ""count"": 77959, ""high"": -1.0, ""low"": -2.0, ""mae"": 0.0, ""z_error_count"": 77959, ""z_error_rms"": 2.1485479666514493, ""z_squared_error_sum"": 359878.8858771969}, {""bias"": 0.0, ""count"": 360791, ""high"": -0.25, ""low"": -1.0, ""mae"": 0.0, ""z_error_count"": 360791, ""z_error_rms"": 3.253031451655031, ""z_squared_error_sum"": 3817967.4361421987}, {""bias"": 0.0, ""count"": 364872, ""high"": 0.25, ""low"": -0.25, ""mae"": 0.0, ""z_error_count"": 364872, ""z_error_rms"": 4.534063166355505, ""z_squared_error_sum"": 7500939.6214371715}, {""bias"": 0.0, ""count"": 370430, ""high"": 1.0, ""low"": 0.25, ""mae"": 0.0, ""z_error_count"": 370430, ""z_error_rms"": 5.954145517954415, ""z_squared_error_sum"": 13132428.369126422}, {""bias"": 0.0, ""count"": 87411, ""high"": 2.0, ""low"": 1.0, ""mae"": 0.0, ""z_error_count"": 87411, ""z_error_rms"": 7.182108695268622, ""z_squared_error_sum"": 4508894.105689501}, {""bias"": 0.0, ""count"": 2953, ""high"": ""Infinity"", ""low"": 2.0, ""mae"": 0.0, ""z_error_count"": 2953, ""z_error_rms"": 7.705412129002919, ""z_squared_error_sum"": 175329.5795577}]",0.028741746784035245,0.028929196071757993,0.009083553892015445,0.027328630031832814,4.86647486809292
raw/r6/P1/d20/n4_M6/oracle_state/rep03.npz,r6,r1,P1,P1_ridge_lse_hjb,ridge_lse,20,4,6,oracle_state,oracle_state,1.0,3,16,float64,0.027081053131260167,0.034919193862847475,0.0012898262116386027,0.024181569007192347,0.023153058809280435,0.36405198241797543,0.028796833931624195,0.03813643533702533,1267200,1268400,14652000,293040000,0,11.998732900014147,0.0,0.0,0.0,0,0,0,0.0,0.0,0.0,-0.09139663933853709,1267200,"[{""bias"": 0.0, ""count"": 2614, ""high"": -2.0, ""low"": ""-Infinity"", ""mae"": 0.0, ""z_error_count"": 2614, ""z_error_rms"": 1.5780039317065992, ""z_squared_error_sum"": 6509.112011770603}, {""bias"": 0.0, ""count"": 81638, ""high"": -1.0, ""low"": -2.0, ""mae"": 0.0, ""z_error_count"": 81638, ""z_error_rms"": 2.1400839722348253, ""z_squared_error_sum"": 373898.7261679694}, {""bias"": 0.0, ""count"": 357051, ""high"": -0.25, ""low"": -1.0, ""mae"": 0.0, ""z_error_count"": 357051, ""z_error_rms"": 3.2461761659648287, ""z_squared_error_sum"": 3762481.9337154115}, {""bias"": 0.0, ""count"": 367522, ""high"": 0.25, ""low"": -0.25, ""mae"": 0.0, ""z_error_count"": 367522, ""z_error_rms"": 4.540284831371909, ""z_squared_error_sum"": 7576166.995719498}, {""bias"": 0.0, ""count"": 368710, ""high"": 1.0, ""low"": 0.25, ""mae"": 0.0, ""z_error_count"": 368710, ""z_error_rms"": 5.964229464585902, ""z_squared_error_sum"": 13115764.32659977}, {""bias"": 0.0, ""count"": 86719, ""high"": 2.0, ""low"": 1.0, ""mae"": 0.0, ""z_error_count"": 86719, ""z_error_rms"": 7.1941202870739955, ""z_squared_error_sum"": 4488173.645281323}, {""bias"": 0.0, ""count"": 2946, ""high"": ""Infinity"", ""low"": 2.0, ""mae"": 0.0, ""z_error_count"": 2946, ""z_error_rms"": 7.739619169728417, ""z_squared_error_sum"": 176470.4226130917}]",0.028741746784035245,0.028929196071757993,0.009083553892015445,0.027328630031832814,4.86647486809292
raw/r6/P1/d20/n4_M6/oracle_state/rep04.npz,r6,r1,P1,P1_ridge_lse_hjb,ridge_lse,20,4,6,oracle_state,oracle_state,1.0,4,16,float64,0.030482217504555098,0.039304766223525064,-0.0010286233718089341,0.027191180897029002,0.026060898411132093,0.37088024945189446,0.030600182986708094,0.040524659847837506,1267200,1268400,14652000,293040000,0,11.98691469989717,0.0,0.0,0.0,0,0,0,0.0,0.0,0.0,-0.0898270845527685,1267200,"[{""bias"": 0.0, ""count"": 2947, ""high"": -2.0, ""low"": ""-Infinity"", ""mae"": 0.0, ""z_error_count"": 2947, ""z_error_rms"": 1.57776395653068, ""z_squared_error_sum"": 7336.082335148087}, {""bias"": 0.0, ""count"": 78785, ""high"": -1.0, ""low"": -2.0, ""mae"": 0.0, ""z_error_count"": 78785, ""z_error_rms"": 2.1571341855111923, ""z_squared_error_sum"": 366604.559652507}, {""bias"": 0.0, ""count"": 360417, ""high"": -0.25, ""low"": -1.0, ""mae"": 0.0, ""z_error_count"": 360417, ""z_error_rms"": 3.2505608487817166, ""z_squared_error_sum"": 3808218.582199496}, {""bias"": 0.0, ""count"": 370483, ""high"": 0.25, ""low"": -0.25, ""mae"": 0.0, ""z_error_count"": 370483, ""z_error_rms"": 4.543148121274083, ""z_squared_error_sum"": 7646841.309292843}, {""bias"": 0.0, ""count"": 365833, ""high"": 1.0, ""low"": 0.25, ""mae"": 0.0, ""z_error_count"": 365833, ""z_error_rms"": 5.954840621838547, ""z_squared_error_sum"": 12972484.579147588}, {""bias"": 0.0, ""count"": 85837, ""high"": 2.0, ""low"": 1.0, ""mae"": 0.0, ""z_error_count"": 85837, ""z_error_rms"": 7.201897694044591, ""z_squared_error_sum"": 4452136.039157229}, {""bias"": 0.0, ""count"": 2898, ""high"": ""Infinity"", ""low"": 2.0, ""mae"": 0.0, ""z_error_count"": 2898, ""z_error_rms"": 7.785274573334521, ""z_squared_error_sum"": 175649.2295280417}]",0.028741746784035245,0.028929196071757993,0.009083553892015445,0.027328630031832814,4.86647486809292
raw/r6/P1/d20/n4_M6/oracle_state/rep05.npz,r6,r1,P1,P1_ridge_lse_hjb,ridge_lse,20,4,6,oracle_state,oracle_state,1.0,5,16,float64,0.031603939573423924,0.04075115127336829,-0.00028701996300849495,0.027901814949202377,0.027019919351060327,0.3734525674002937,0.02900336612802498,0.03840995157744794,1267200,1268400,14652000,293040000,0,11.928067799890414,0.0,0.0,0.0,0,0,0,0.0,0.0,0.0,-0.09003793997069258,1267200,"[{""bias"": 0.0, ""count"": 2841, ""high"": -2.0, ""low"": ""-Infinity"", ""mae"": 0.0, ""z_error_count"": 2841, ""z_error_rms"": 1.57851965012559, ""z_squared_error_sum"": 7078.988696050461}, {""bias"": 0.0, ""count"": 79976, ""high"": -1.0, ""low"": -2.0, ""mae"": 0.0, ""z_error_count"": 79976, ""z_error_rms"": 2.154187101688873, ""z_squared_error_sum"": 371130.3929969586}, {""bias"": 0.0, ""count"": 358466, ""high"": -0.25, ""low"": -1.0, ""mae"": 0.0, ""z_error_count"": 358466, ""z_error_rms"": 3.2437548181291262, ""z_squared_error_sum"": 3771759.651127843}, {""bias"": 0.0, ""count"": 366992, ""high"": 0.25, ""low"": -0.25, ""mae"": 0.0, ""z_error_count"": 366992, ""z_error_rms"": 4.5355854211044075, ""z_squared_error_sum"": 7549588.813872591}, {""bias"": 0.0, ""count"": 368828, ""high"": 1.0, ""low"": 0.25, ""mae"": 0.0, ""z_error_count"": 368828, ""z_error_rms"": 5.965712995988755, ""z_squared_error_sum"": 13126489.50831118}, {""bias"": 0.0, ""count"": 87469, ""high"": 2.0, ""low"": 1.0, ""mae"": 0.0, ""z_error_count"": 87469, ""z_error_rms"": 7.184479200057994, ""z_squared_error_sum"": 4514864.751423113}, {""bias"": 0.0, ""count"": 2628, ""high"": ""Infinity"", ""low"": 2.0, ""mae"": 0.0, ""z_error_count"": 2628, ""z_error_rms"": 7.912684285386817, ""z_squared_error_sum"": 164540.58479334525}]",0.028741746784035245,0.028929196071757993,0.009083553892015445,0.027328630031832814,4.86647486809292
raw/r6/P1/d20/n4_M6/oracle_state/rep06.npz,r6,r1,P1,P1_ridge_lse_hjb,ridge_lse,20,4,6,oracle_state,oracle_state,1.0,6,16,float64,0.026191706830113893,0.0337724417129067,0.001539013378090857,0.023540201890823752,0.022392708496740823,0.3654748737041047,0.028600404861996186,0.03787629894390768,1267200,1268400,14652000,293040000,0,12.258861999958754,0.0,0.0,0.0,0,0,0,0.0,0.0,0.0,-0.08939526981656346,1267200,"[{""bias"": 0.0, ""count"": 2554, ""high"": -2.0, ""low"": ""-Infinity"", ""mae"": 0.0, ""z_error_count"": 2554, ""z_error_rms"": 1.5833057489988474, ""z_squared_error_sum"": 6402.513020151893}, {""bias"": 0.0, ""count"": 78932, ""high"": -1.0, ""low"": -2.0, ""mae"": 0.0, ""z_error_count"": 78932, ""z_error_rms"": 2.150331264764356, ""z_squared_error_sum"": 364975.6124403438}, {""bias"": 0.0, ""count"": 360284, ""high"": -0.25, ""low"": -1.0, ""mae"": 0.0, ""z_error_count"": 360284, ""z_error_rms"": 3.252321190573242, ""z_squared_error_sum"": 3810937.5620425995}, {""bias"": 0.0, ""count"": 364701, ""high"": 0.25, ""low"": -0.25, ""mae"": 0.0, ""z_error_count"": 364701, ""z_error_rms"": 4.534839326741727, ""z_squared_error_sum"": 7499991.352019537}, {""bias"": 0.0, ""count"": 370326, ""high"": 1.0, ""low"": 0.25, ""mae"": 0.0, ""z_error_count"": 370326, ""z_error_rms"": 5.952919184435937, ""z_squared_error_sum"": 13123333.86453956}, {""bias"": 0.0, ""count"": 87553, ""high"": 2.0, ""low"": 1.0, ""mae"": 0.0, ""z_error_count"": 87553, ""z_error_rms"": 7.176505125290858, ""z_squared_error_sum"": 4509174.376634127}, {""bias"": 0.0, ""count"": 2850, ""high"": ""Infinity"", ""low"": 2.0, ""mae"": 0.0, ""z_error_count"": 2850, ""z_error_rms"": 7.752262095087815, ""z_squared_error_sum"": 171278.06763416564}]",0.028741746784035245,0.028929196071757993,0.009083553892015445,0.027328630031832814,4.86647486809292
raw/r6/P1/d20/n4_M6/oracle_state/rep07.npz,r6,r1,P1,P1_ridge_lse_hjb,ridge_lse,20,4,6,oracle_state,oracle_state,1.0,7,16,float64,0.027704088190602653,0.03572255560491421,-0.00011655730934365104,0.024644852065079752,0.0236857252199729,0.3704774930733379,0.030241824785745067,0.04005007627413738,1267200,1268400,14652000,293040000,0,12.122752499999478,0.0,0.0,0.0,0,0,0,0.0,0.0,0.0,-0.09001449029014044,1267200,"[{""bias"": 0.0, ""count"": 2431, ""high"": -2.0, ""low"": ""-Infinity"", ""mae"": 0.0, ""z_error_count"": 2431, ""z_error_rms"": 1.5814819292840734, ""z_squared_error_sum"": 6080.137860237195}, {""bias"": 0.0, ""count"": 81109, ""high"": -1.0, ""low"": -2.0, ""mae"": 0.0, ""z_error_count"": 81109, ""z_error_rms"": 2.136043938619949, ""z_squared_error_sum"": 370074.7128490579}, {""bias"": 0.0, ""count"": 358760, ""high"": -0.25, ""low"": -1.0, ""mae"": 0.0, ""z_error_count"": 358760, ""z_error_rms"": 3.2458037663034944, ""z_squared_error_sum"": 3779623.4519751873}, {""bias"": 0.0, ""count"": 365768, ""high"": 0.25, ""low"": -0.25, ""mae"": 0.0, ""z_error_count"": 365768, ""z_error_rms"": 4.538223262033953, ""z_squared_error_sum"": 7533164.008512943}, {""bias"": 0.0, ""count"": 369700, ""high"": 1.0, ""low"": 0.25, ""mae"": 0.0, ""z_error_count"": 369700, ""z_error_rms"": 5.958182349201129, ""z_squared_error_sum"": 13124326.6742709}, {""bias"": 0.0, ""count"": 86339, ""high"": 2.0, ""low"": 1.0, ""mae"": 0.0, ""z_error_count"": 86339, ""z_error_rms"": 7.187224531344078, ""z_squared_error_sum"": 4459944.346501333}, {""bias"": 0.0, ""count"": 3093, ""high"": ""Infinity"", ""low"": 2.0, ""mae"": 0.0, ""z_error_count"": 3093, ""z_error_rms"": 7.747845287958498, ""z_squared_error_sum"": 185670.02673279317}]",0.028741746784035245,0.028929196071757993,0.009083553892015445,0.027328630031832814,4.86647486809292
raw/r6/P1/d20/n4_M6/oracle_state/rep08.npz,r6,r1,P1,P1_ridge_lse_hjb,ridge_lse,20,4,6,oracle_state,oracle_state,1.0,8,16,float64,0.030270005593690603,0.03903113325882589,0.00032746357107665895,0.026824043597204472,0.025879466956880263,0.3732533614804101,0.029850254720990867,0.03953150932021909,1267200,1268400,14652000,293040000,0,12.003515199990943,0.0,0.0,0.0,0,0,0,0.0,0.0,0.0,-0.08995114403442406,1267200,"[{""bias"": 0.0, ""count"": 2605, ""high"": -2.0, ""low"": ""-Infinity"", ""mae"": 0.0, ""z_error_count"": 2605, ""z_error_rms"": 1.6029590232113176, ""z_squared_error_sum"": 6693.489226396383}, {""bias"": 0.0, ""count"": 78916, ""high"": -1.0, ""low"": -2.0, ""mae"": 0.0, ""z_error_count"": 78916, ""z_error_rms"": 2.150055465575211, ""z_squared_error_sum"": 364808.0318645129}, {""bias"": 0.0, ""count"": 361663, ""high"": -0.25, ""low"": -1.0, ""mae"": 0.0, ""z_error_count"": 361663, ""z_error_rms"": 3.2456890270672396, ""z_squared_error_sum"": 3809937.8826969727}, {""bias"": 0.0, ""count"": 366843, ""high"": 0.25, ""low"": -0.25, ""mae"": 0.0, ""z_error_count"": 366843, ""z_error_rms"": 4.539627402333096, ""z_squared_error_sum"": 7559980.1313275}, {""bias"": 0.0, ""count"": 367870, ""high"": 1.0, ""low"": 0.25, ""mae"": 0.0, ""z_error_count"": 367870, ""z_error_rms"": 5.95523606642578, ""z_squared_error_sum"": 13046449.442565}, {""bias"": 0.0, ""count"": 86836, ""high"": 2.0, ""low"": 1.0, ""mae"": 0.0, ""z_error_count"": 86836, ""z_error_rms"": 7.195105554955796, ""z_squared_error_sum"": 4495460.11817785}, {""bias"": 0.0, ""count"": 2467, ""high"": ""Infinity"", ""low"": 2.0, ""mae"": 0.0, ""z_error_count"": 2467, ""z_error_rms"": 7.751221582913135, ""z_squared_error_sum"": 148220.9026796412}]",0.028741746784035245,0.028929196071757993,0.009083553892015445,0.027328630031832814,4.86647486809292
raw/r6/P1/d20/n4_M6/oracle_state/rep09.npz,r6,r1,P1,P1_ridge_lse_hjb,ridge_lse,20,4,6,oracle_state,oracle_state,1.0,9,16,float64,0.02611995007867117,0.033679916215377054,0.0018248494111028715,0.023788122331306845,0.022331359764176262,0.37078935899653,0.028143790241212698,0.0372715917041883,1267200,1268400,14652000,293040000,0,11.992393500171602,0.0,0.0,0.0,0,0,0,0.0,0.0,0.0,-0.09064738417380078,1267200,"[{""bias"": 0.0, ""count"": 2777, ""high"": -2.0, ""low"": ""-Infinity"", ""mae"": 0.0, ""z_error_count"": 2777, ""z_error_rms"": 1.5852199725903486, ""z_squared_error_sum"": 6978.385397883682}, {""bias"": 0.0, ""count"": 81457, ""high"": -1.0, ""low"": -2.0, ""mae"": 0.0, ""z_error_count"": 81457, ""z_error_rms"": 2.1435272156609044, ""z_squared_error_sum"": 374271.2048449937}, {""bias"": 0.0, ""count"": 359808, ""high"": -0.25, ""low"": -1.0, ""mae"": 0.0, ""z_error_count"": 359808, ""z_error_rms"": 3.249018253005913, ""z_squared_error_sum"": 3798176.2840468083}, {""bias"": 0.0, ""count"": 366475, ""high"": 0.25, ""low"": -0.25, ""mae"": 0.0, ""z_error_count"": 366475, ""z_error_rms"": 4.533794466697215, ""z_squared_error_sum"": 7533000.733275538}, {""bias"": 0.0, ""count"": 366945, ""high"": 1.0, ""low"": 0.25, ""mae"": 0.0, ""z_error_count"": 366945, ""z_error_rms"": 5.955387429288214, ""z_squared_error_sum"": 13014306.006714327}, {""bias"": 0.0, ""count"": 86538, ""high"": 2.0, ""low"": 1.0, ""mae"": 0.0, ""z_error_count"": 86538, ""z_error_rms"": 7.189759032067645, ""z_squared_error_sum"": 4473377.242368341}, {""bias"": 0.0, ""count"": 3200, ""high"": ""Infinity"", ""low"": 2.0, ""mae"": 0.0, ""z_error_count"": 3200, ""z_error_rms"": 7.760399710007232, ""z_squared_error_sum"": 192716.1717090571}]",0.028741746784035245,0.028929196071757993,0.009083553892015445,0.027328630031832814,4.86647486809292
raw/r6/P1/d20/n4_M6/centre/rep00.npz,r6,,P1,P1_ridge_lse_hjb,ridge_lse,20,4,6,centre,centre,0.0,0,16,float64,0.24829346719345965,0.32015770117148046,0.13593359206975358,0.21682294994649634,0.2122795306381354,0.31978168091052833,0.25801179043256567,0.341692075781148,1267200,1268400,14652000,293040000,0,12.259494800120592,0.9999968434343435,1.0,22.70751441073327,0,0,0,0.8478394137039297,1.924635547582549,5.562322102091888,-0.08945907385553517,1267200,"[{""bias"": -2.6727375495051175, ""count"": 2836, ""high"": -2.0, ""low"": ""-Infinity"", ""mae"": 2.6727375495051175, ""z_error_count"": 2836, ""z_error_rms"": 1.68137088511406, ""z_squared_error_sum"": 8017.394839184998}, {""bias"": -2.293116708962242, ""count"": 79161, ""high"": -1.0, ""low"": -2.0, ""mae"": 2.293116708962242, ""z_error_count"": 79161, ""z_error_rms"": 2.2729774564100347, ""z_squared_error_sum"": 408979.4895398033}, {""bias"": -1.1613862107327508, ""count"": 361544, ""high"": -0.25, ""low"": -1.0, ""mae"": 1.2742962622090783, ""z_error_count"": 361544, ""z_error_rms"": 3.2786802248835474, ""z_squared_error_sum"": 3886505.450897588}, {""bias"": 0.6111251467377201, ""count"": 366348, ""high"": 0.25, ""low"": -0.25, ""mae"": 0.899646131911905, ""z_error_count"": 366348, ""z_error_rms"": 4.467998222345685, ""z_squared_error_sum"": 7313408.096871596}, {""bias"": 2.8077944307374763, ""count"": 368407, ""high"": 1.0, ""low"": 0.25, ""mae"": 2.8077944307374763, ""z_error_count"": 368407, ""z_error_rms"": 5.776707249875063, ""z_squared_error_sum"": 12293869.298566215}, {""bias"": 4.75613678912542, ""count"": 86392, ""high"": 2.0, ""low"": 1.0, ""mae"": 4.75613678912542, ""z_error_count"": 86392, ""z_error_rms"": 6.930448638166623, ""z_squared_error_sum"": 4149504.3744427375}, {""bias"": 5.649621464746766, ""count"": 2512, ""high"": ""Infinity"", ""low"": 2.0, ""mae"": 5.649621464746766, ""z_error_count"": 2512, ""z_error_rms"": 7.551779453771118, ""z_squared_error_sum"": 143257.78477101983}]",0.24819996924872845,0.24829599432663163,0.2471993579723112,0.022271826193883498,4.86647486809292
raw/r6/P1/d20/n4_M6/centre/rep01.npz,r6,,P1,P1_ridge_lse_hjb,ridge_lse,20,4,6,centre,centre,0.0,1,16,float64,0.24750987926449033,0.3191473173186944,0.1360714887735864,0.215524338148274,0.21160959888497446,0.31830629910805613,0.2591479138266286,0.3431966750872885,1267200,1268400,14652000,293040000,0,11.925907399971038,1.0,1.0,22.76256857500029,0,0,0,0.8565995069638457,1.9311946860782718,5.610176039399199,-0.09006720997922545,1267200,"[{""bias"": -2.6756387171801106, ""count"": 3016, ""high"": -2.0, ""low"": ""-Infinity"", ""mae"": 2.6756387171801106, ""z_error_count"": 3016, ""z_error_rms"": 1.685505311312814, ""z_squared_error_sum"": 8568.239313862538}, {""bias"": -2.2853881494709096, ""count"": 78940, ""high"": -1.0, ""low"": -2.0, ""mae"": 2.2853881494709096, ""z_error_count"": 78940, ""z_error_rms"": 2.2767613337867716, ""z_squared_error_sum"": 409196.7129808335}, {""bias"": -1.1536834859307468, ""count"": 363170, ""high"": -0.25, ""low"": -1.0, ""mae"": 1.266862445115298, ""z_error_count"": 363170, ""z_error_rms"": 3.287182702196906, ""z_squared_error_sum"": 3924258.8996169823}, {""bias"": 0.6073214713412428, ""count"": 363101, ""high"": 0.25, ""low"": -0.25, ""mae"": 0.8984272832649512, ""z_error_count"": 363101, ""z_error_rms"": 4.468747813616874, ""z_squared_error_sum"": 7251020.589288321}, {""bias"": 2.8172325436880987, ""count"": 368170, ""high"": 1.0, ""low"": 0.25, ""mae"": 2.8172325436880987, ""z_error_count"": 368170, ""z_error_rms"": 5.774489566959, ""z_squared_error_sum"": 12276529.155340964}, {""bias"": 4.763207236949926, ""count"": 87813, ""high"": 2.0, ""low"": 1.0, ""mae"": 4.763207236949926, ""z_error_count"": 87813, ""z_error_rms"": 6.941963063759925, ""z_squared_error_sum"": 4231783.214547023}, {""bias"": 5.663323554145848, ""count"": 2990, ""high"": ""Infinity"", ""low"": 2.0, ""mae"": 5.663323554145848, ""z_error_count"": 2990, ""z_error_rms"": 7.5763902181477905, ""z_squared_error_sum"": 171631.04932556013}]",0.24819996924872845,0.24829599432663163,0.2471993579723112,0.022271826193883498,4.86647486809292
raw/r6/P1/d20/n4_M6/centre/rep02.npz,r6,,P1,P1_ridge_lse_hjb,ridge_lse,20,4,6,centre,centre,0.0,2,16,float64,0.2477950046953529,0.31951496735605667,0.13540619041150254,0.21683873556760838,0.2118533680558699,0.31891298635232357,0.25729917630413646,0.34074834138681775,1267200,1268400,14652000,293040000,0,12.079899699892849,1.0,1.0,22.791014741248777,0,0,0,0.8641243843505171,1.9311269220087643,5.607221830973021,-0.08751670520577733,1267200,"[{""bias"": -2.6766925124880045, ""count"": 2784, ""high"": -2.0, ""low"": ""-Infinity"", ""mae"": 2.6766925124880045, ""z_error_count"": 2784, ""z_error_rms"": 1.6776535733965228, ""z_squared_error_sum"": 7835.6278903270595}, {""bias"": -2.290189945100745, ""count"": 77959, ""high"": -1.0, ""low"": -2.0, ""mae"": 2.290189945100745, ""z_error_count"": 77959, ""z_error_rms"": 2.2684771938532995, ""z_squared_error_sum"": 401176.13922459783}, {""bias"": -1.1549539358055219, ""count"": 360791, ""high"": -0.25, ""low"": -1.0, ""mae"": 1.2698872421132377, ""z_error_count"": 360791, ""z_error_rms"": 3.2891548911320365, ""z_squared_error_sum"": 3903231.828288013}, {""bias"": 0.6056358896679401, ""count"": 364872, ""high"": 0.25, ""low"": -0.25, ""mae"": 0.8941181040562529, ""z_error_count"": 364872, ""z_error_rms"": 4.464140759841262, ""z_squared_error_sum"": 7271370.889393153}, {""bias"": 2.818632293275674, ""count"": 370430, ""high"": 1.0, ""low"": 0.25, ""mae"": 2.818632293275674, ""z_error_count"": 370430, ""z_error_rms"": 5.775587379059991, ""z_squared_error_sum"": 12356585.228184568}, {""bias"": 4.758812429646003, ""count"": 87411, ""high"": 2.0, ""low"": 1.0, ""mae"": 4.758812429646003, ""z_error_count"": 87411, ""z_error_rms"": 6.930841516666783, ""z_squared_error_sum"": 4198924.107093298}, {""bias"": 5.6383823793585055, ""count"": 2953, ""high"": ""Infinity"", ""low"": 2.0, ""mae"": 5.6383823793585055, ""z_error_count"": 2953, ""z_error_rms"": 7.5542695636434605, ""z_squared_error_sum"": 168518.81745448094}]",0.24819996924872845,0.24829599432663163,0.2471993579723112,0.022271826193883498,4.86647486809292
raw/r6/P1/d20/n4_M6/centre/rep03.npz,r6,,P1,P1_ridge_lse_hjb,ridge_lse,20,4,6,centre,centre,0.0,3,16,float64,0.24882588491757252,0.3208442179636525,0.13740955991301643,0.21722840822220355,0.2127347233818496,0.31844573795417835,0.2578935890382293,0.3415355384394889,1267200,1268400,14652000,293040000,0,12.195507500087842,0.9999992108585859,1.0,22.792920077424398,0,0,0,0.8584412822263658,1.935199603584336,5.624515599182768,-0.08965405804587463,1267200,"[{""bias"": -2.6761778589533587, ""count"": 2614, ""high"": -2.0, ""low"": ""-Infinity"", ""mae"": 2.6761778589533587, ""z_error_count"": 2614, ""z_error_rms"": 1.6807615544610268, ""z_squared_error_sum"": 7384.443879322403}, {""bias"": -2.2920011945226064, ""count"": 81638, ""high"": -1.0, ""low"": -2.0, ""mae"": 2.2920011945226064, ""z_error_count"": 81638, ""z_error_rms"": 2.2624770267687335, ""z_squared_error_sum"": 417888.78189442604}, {""bias"": -1.1617465768160546, ""count"": 357051, ""high"": -0.25, ""low"": -1.0, ""mae"": 1.2752800282462198, ""z_error_count"": 357051, ""z_error_rms"": 3.2829280473426277, ""z_squared_error_sum"": 3848158.7718030754}, {""bias"": 0.609381077479761, ""count"": 367522, ""high"": 0.25, ""low"": -0.25, ""mae"": 0.8980862803716942, ""z_error_count"": 367522, ""z_error_rms"": 4.469555287390324, ""z_squared_error_sum"": 7341959.233975034}, {""bias"": 2.8301687824507873, ""count"": 368710, ""high"": 1.0, ""low"": 0.25, ""mae"": 2.8301687824507873, ""z_error_count"": 368710, ""z_error_rms"": 5.78488579826781, ""z_squared_error_sum"": 12338844.642858513}, {""bias"": 4.7578157930016545, ""count"": 86719, ""high"": 2.0, ""low"": 1.0, ""mae"": 4.7578157930016545, ""z_error_count"": 86719, ""z_error_rms"": 6.943132166683923, ""z_squared_error_sum"": 4180470.14202775}, {""bias"": 5.656476710619017, ""count"": 2946, ""high"": ""Infinity"", ""low"": 2.0, ""mae"": 5.656476710619017, ""z_error_count"": 2946, ""z_error_rms"": 7.579198960348127, ""z_squared_error_sum"": 169230.78077007714}]",0.24819996924872845,0.24829599432663163,0.2471993579723112,0.022271826193883498,4.86647486809292
raw/r6/P1/d20/n4_M6/centre/rep04.npz,r6,,P1,P1_ridge_lse_hjb,ridge_lse,20,4,6,centre,centre,0.0,4,16,float64,0.24705197998371337,0.31855688703972374,0.13572383346602365,0.215915769023529,0.21121811599377485,0.3202321351743464,0.25672171524384657,0.33998359389972643,1267200,1268400,14652000,293040000,0,12.179331799969077,0.9999992108585859,1.0,22.73341451249062,0,0,0,0.8483911996180193,1.919493078923249,5.552390402352627,-0.08781394464672818,1267200,"[{""bias"": -2.679509810400882, ""count"": 2947, ""high"": -2.0, ""low"": ""-Infinity"", ""mae"": 2.679509810400882, ""z_error_count"": 2947, ""z_error_rms"": 1.686799347146493, ""z_squared_error_sum"": 8385.07563461221}, {""bias"": -2.292919306315785, ""count"": 78785, ""high"": -1.0, ""low"": -2.0, ""mae"": 2.292919306315785, ""z_error_count"": 78785, ""z_error_rms"": 2.2737206526080516, ""z_squared_error_sum"": 407303.13467630354}, {""bias"": -1.1567218615282693, ""count"": 360417, ""high"": -0.25, ""low"": -1.0, ""mae"": 1.2699737204280124, ""z_error_count"": 360417, ""z_error_rms"": 3.287963955344312, ""z_squared_error_sum"": 3896362.5745988046}, {""bias"": 0.6116406573945643, ""count"": 370483, ""high"": 0.25, ""low"": -0.25, ""mae"": 0.8966459990025994, ""z_error_count"": 370483, ""z_error_rms"": 4.472423615535518, ""z_squared_error_sum"": 7410613.251573379}, {""bias"": 2.814667104822718, ""count"": 365833, ""high"": 1.0, ""low"": 0.25, ""mae"": 2.814667104822718, ""z_error_count"": 365833, ""z_error_rms"": 5.775994202430208, ""z_squared_error_sum"": 12204960.43149427}, {""bias"": 4.751428296661926, ""count"": 85837, ""high"": 2.0, ""low"": 1.0, ""mae"": 4.751428296661926, ""z_error_count"": 85837, ""z_error_rms"": 6.944866399150999, ""z_squared_error_sum"": 4140018.8793806294}, {""bias"": 5.651755330931276, ""count"": 2898, ""high"": ""Infinity"", ""low"": 2.0, ""mae"": 5.651755330931276, ""z_error_count"": 2898, ""z_error_rms"": 7.6186918271370185, ""z_squared_error_sum"": 168212.860024651}]",0.24819996924872845,0.24829599432663163,0.2471993579723112,0.022271826193883498,4.86647486809292
raw/r6/P1/d20/n4_M6/centre/rep05.npz,r6,,P1,P1_ridge_lse_hjb,ridge_lse,20,4,6,centre,centre,0.0,5,16,float64,0.24854561538777958,0.32048282928363137,0.1372017464531689,0.21738381593047768,0.21249510578373432,0.3177767249948469,0.2586672035946482,0.34256005737017076,1267200,1268400,14652000,293040000,0,12.20952620008029,0.9999992108585859,1.0,22.784187455611118,0,0,0,0.8601183771880069,1.9364710024914578,5.624553040773047,-0.08808364186061704,1267200,"[{""bias"": -2.6772565509606245, ""count"": 2841, ""high"": -2.0, ""low"": ""-Infinity"", ""mae"": 2.6772565509606245, ""z_error_count"": 2841, ""z_error_rms"": 1.6801494224193092, ""z_squared_error_sum"": 8019.86481398452}, {""bias"": -2.2902079160806346, ""count"": 79976, ""high"": -1.0, ""low"": -2.0, ""mae"": 2.2902079160806346, ""z_error_count"": 79976, ""z_error_rms"": 2.274966423695454, ""z_squared_error_sum"": 413913.56698184006}, {""bias"": -1.1670556250972417, ""count"": 358466, ""high"": -0.25, ""low"": -1.0, ""mae"": 1.279372664142558, ""z_error_count"": 358466, ""z_error_rms"": 3.280937804133675, ""z_squared_error_sum"": 3858726.210744034}, {""bias"": 0.6148573263222539, ""count"": 366992, ""high"": 0.25, ""low"": -0.25, ""mae"": 0.9022128418059977, ""z_error_count"": 366992, ""z_error_rms"": 4.463392449931948, ""z_squared_error_sum"": 7311167.708516899}, {""bias"": 2.827219573838665, ""count"": 368828, ""high"": 1.0, ""low"": 0.25, ""mae"": 2.827219573838665, ""z_error_count"": 368828, ""z_error_rms"": 5.7837653135963665, ""z_squared_error_sum"": 12338012.569931744}, {""bias"": 4.753648625684392, ""count"": 87469, ""high"": 2.0, ""low"": 1.0, ""mae"": 4.753648625684392, ""z_error_count"": 87469, ""z_error_rms"": 6.934516166493786, ""z_squared_error_sum"": 4206166.802595957}, {""bias"": 5.653413590213921, ""count"": 2628, ""high"": ""Infinity"", ""low"": 2.0, ""mae"": 5.653413590213921, ""z_error_count"": 2628, ""z_error_rms"": 7.7431335396992775, ""z_squared_error_sum"": 157564.6755117825}]",0.24819996924872845,0.24829599432663163,0.2471993579723112,0.022271826193883498,4.86647486809292
raw/r6/P1/d20/n4_M6/centre/rep06.npz,r6,,P1,P1_ridge_lse_hjb,ridge_lse,20,4,6,centre,centre,0.0,6,16,float64,0.24801570570334147,0.3197995464396811,0.13757092178715796,0.2163493326853657,0.21204205729895284,0.3191603069339343,0.25820284362282275,0.34194509275007845,1267200,1268400,14652000,293040000,0,12.244241000153124,0.9999992108585859,1.0,22.77352074242881,0,0,0,0.8645842195891823,1.932129438685968,5.609359359750375,-0.08732592074613484,1267200,"[{""bias"": -2.6724429889242214, ""count"": 2554, ""high"": -2.0, ""low"": ""-Infinity"", ""mae"": 2.6724429889242214, ""z_error_count"": 2554, ""z_error_rms"": 1.6902397261535613, ""z_squared_error_sum"": 7296.548987590019}, {""bias"": -2.2911426897194915, ""count"": 78932, ""high"": -1.0, ""low"": -2.0, ""mae"": 2.2911426897194915, ""z_error_count"": 78932, ""z_error_rms"": 2.2708822139580978, ""z_squared_error_sum"": 407044.9067340096}, {""bias"": -1.1520562642448748, ""count"": 360284, ""high"": -0.25, ""low"": -1.0, ""mae"": 1.2671025332613246, ""z_error_count"": 360284, ""z_error_rms"": 3.2887315798757335, ""z_squared_error_sum"": 3896743.6201447677}, {""bias"": 0.6121770821980806, ""count"": 364701, ""high"": 0.25, ""low"": -0.25, ""mae"": 0.9024677726031546, ""z_error_count"": 364701, ""z_error_rms"": 4.4642721590866, ""z_squared_error_sum"": 7268390.969247234}, {""bias"": 2.814362201733771, ""count"": 370326, ""high"": 1.0, ""low"": 0.25, ""mae"": 2.814362201733771, ""z_error_count"": 370326, ""z_error_rms"": 5.775600261195506, ""z_squared_error_sum"": 12353171.163565934}, {""bias"": 4.759990112955842, ""count"": 87553, ""high"": 2.0, ""low"": 1.0, ""mae"": 4.759990112955842, ""z_error_count"": 87553, ""z_error_rms"": 6.9226553248433556, ""z_squared_error_sum"": 4195816.1426335}, {""bias"": 5.647000426546751, ""count"": 2850, ""high"": ""Infinity"", ""low"": 2.0, ""mae"": 5.647000426546751, ""z_error_count"": 2850, ""z_error_rms"": 7.590135360498485, ""z_squared_error_sum"": 164188.94115346498}]",0.24819996924872845,0.24829599432663163,0.2471993579723112,0.022271826193883498,4.86647486809292
raw/r6/P1/d20/n4_M6/centre/rep07.npz,r6,,P1,P1_ridge_lse_hjb,ridge_lse,20,4,6,centre,centre,0.0,7,16,float64,0.24881342319134253,0.3208281494070871,0.13683758612348138,0.21723435193700133,0.21272406917727082,0.31675761408477854,0.26172576477352805,0.34661059365133445,1267200,1268400,14652000,293040000,0,12.186393699841574,0.9999992108585859,1.0,22.77251743425426,0,0,0,0.8552077475580003,1.9304505169239388,5.595753068985673,-0.08793745403216172,1267200,"[{""bias"": -2.6794246957693155, ""count"": 2431, ""high"": -2.0, ""low"": ""-Infinity"", ""mae"": 2.6794246957693155, ""z_error_count"": 2431, ""z_error_rms"": 1.668817334367037, ""z_squared_error_sum"": 6770.216599321368}, {""bias"": -2.29631162345193, ""count"": 81109, ""high"": -1.0, ""low"": -2.0, ""mae"": 2.29631162345193, ""z_error_count"": 81109, ""z_error_rms"": 2.2554468669804084, ""z_squared_error_sum"": 412604.77357361605}, {""bias"": -1.1587472203587468, ""count"": 358760, ""high"": -0.25, ""low"": -1.0, ""mae"": 1.2719825252595953, ""z_error_count"": 358760, ""z_error_rms"": 3.2821382594267288, ""z_squared_error_sum"": 3864717.5443104273}, {""bias"": 0.6098945157639979, ""count"": 365768, ""high"": 0.25, ""low"": -0.25, ""mae"": 0.8968758591251585, ""z_error_count"": 365768, ""z_error_rms"": 4.467645749336938, ""z_squared_error_sum"": 7300677.539032395}, {""bias"": 2.816543181413915, ""count"": 369700, ""high"": 1.0, ""low"": 0.25, ""mae"": 2.816543181413915, ""z_error_count"": 369700, ""z_error_rms"": 5.781392743242018, ""z_squared_error_sum"": 12357038.408480758}, {""bias"": 4.753175997954012, ""count"": 86339, ""high"": 2.0, ""low"": 1.0, ""mae"": 4.753175997954012, ""z_error_count"": 86339, ""z_error_rms"": 6.940845836903974, ""z_squared_error_sum"": 4159410.7606992167}, {""bias"": 5.643794854619527, ""count"": 3093, ""high"": ""Infinity"", ""low"": 2.0, ""mae"": 5.643794854619527, ""z_error_count"": 3093, ""z_error_rms"": 7.581469685984192, ""z_squared_error_sum"": 177781.565280245}]",0.24819996924872845,0.24829599432663163,0.2471993579723112,0.022271826193883498,4.86647486809292
raw/r6/P1/d20/n4_M6/centre/rep08.npz,r6,,P1,P1_ridge_lse_hjb,ridge_lse,20,4,6,centre,centre,0.0,8,16,float64,0.24829852145980363,0.3201642183074812,0.1358538591915735,0.21677252922210963,0.2122838518041304,0.3233471137691619,0.25622290315012475,0.3393230033916617,1267200,1268400,14652000,293040000,0,11.704067300073802,0.9999992108585859,1.0,22.739131498095034,0,0,0,0.8526338806359139,1.926346997134386,5.583818645545619,-0.0880046162516879,1267200,"[{""bias"": -2.674279876933864, ""count"": 2605, ""high"": -2.0, ""low"": ""-Infinity"", ""mae"": 2.674279876933864, ""z_error_count"": 2605, ""z_error_rms"": 1.6892271198155349, ""z_squared_error_sum"": 7433.336923344348}, {""bias"": -2.2871963335005456, ""count"": 78916, ""high"": -1.0, ""low"": -2.0, ""mae"": 2.2871963335005456, ""z_error_count"": 78916, ""z_error_rms"": 2.2693315130351825, ""z_squared_error_sum"": 406406.78706496087}, {""bias"": -1.1580154751016127, ""count"": 361663, ""high"": -0.25, ""low"": -1.0, ""mae"": 1.273948092524902, ""z_error_count"": 361663, ""z_error_rms"": 3.28206871780787, ""z_squared_error_sum"": 3895824.819167449}, {""bias"": 0.6055168932628802, ""count"": 366843, ""high"": 0.25, ""low"": -0.25, ""mae"": 0.894829355543675, ""z_error_count"": 366843, ""z_error_rms"": 4.468444879496625, ""z_squared_error_sum"": 7324754.049339903}, {""bias"": 2.817184075209031, ""count"": 367870, ""high"": 1.0, ""low"": 0.25, ""mae"": 2.817184075209031, ""z_error_count"": 367870, ""z_error_rms"": 5.778815959589456, ""z_squared_error_sum"": 12284913.400482211}, {""bias"": 4.77090994638689, ""count"": 86836, ""high"": 2.0, ""low"": 1.0, ""mae"": 4.77090994638689, ""z_error_count"": 86836, ""z_error_rms"": 6.939069487677474, ""z_squared_error_sum"": 4181212.913470848}, {""bias"": 5.657889631379308, ""count"": 2467, ""high"": ""Infinity"", ""low"": 2.0, ""mae"": 5.657889631379308, ""z_error_count"": 2467, ""z_error_rms"": 7.568008973894689, ""z_squared_error_sum"": 141296.832498021}]",0.24819996924872845,0.24829599432663163,0.2471993579723112,0.022271826193883498,4.86647486809292
raw/r6/P1/d20/n4_M6/centre/rep09.npz,r6,,P1,P1_ridge_lse_hjb,ridge_lse,20,4,6,centre,centre,0.0,9,16,float64,0.24885021069042845,0.32087558440919295,0.13792972705183704,0.2177043491078022,0.21275552080234816,0.3186982974459981,0.2615917069293148,0.34643305717911677,1267200,1268400,14652000,293040000,0,12.041352099971846,0.9999984217171717,1.0,22.72123935647208,0,0,0,0.8442139974567111,1.9250416158694361,5.577155305062431,-0.0888650889462347,1267200,"[{""bias"": -2.6748721955709205, ""count"": 2777, ""high"": -2.0, ""low"": ""-Infinity"", ""mae"": 2.6748721955709205, ""z_error_count"": 2777, ""z_error_rms"": 1.6935543917095113, ""z_squared_error_sum"": 7964.787228513396}, {""bias"": -2.294134464952962, ""count"": 81457, ""high"": -1.0, ""low"": -2.0, ""mae"": 2.294134464952962, ""z_error_count"": 81457, ""z_error_rms"": 2.2620409351825335, ""z_squared_error_sum"": 416801.55552870483}, {""bias"": -1.1596705495060018, ""count"": 359808, ""high"": -0.25, ""low"": -1.0, ""mae"": 1.2725120021422824, ""z_error_count"": 359808, ""z_error_rms"": 3.285537353589849, ""z_squared_error_sum"": 3884039.4595655557}, {""bias"": 0.6011797665700775, ""count"": 366475, ""high"": 0.25, ""low"": -0.25, ""mae"": 0.8901576125666446, ""z_error_count"": 366475, ""z_error_rms"": 4.463729107878915, ""z_squared_error_sum"": 7301969.499595882}, {""bias"": 2.808599948265726, ""count"": 366945, ""high"": 1.0, ""low"": 0.25, ""mae"": 2.808599948265726, ""z_error_count"": 366945, ""z_error_rms"": 5.779526572141303, ""z_squared_error_sum"": 12257037.19409118}, {""bias"": 4.764559715837456, ""count"": 86538, ""high"": 2.0, ""low"": 1.0, ""mae"": 4.764559715837456, ""z_error_count"": 86538, ""z_error_rms"": 6.936142854160457, ""z_squared_error_sum"": 4163349.903424628}, {""bias"": 5.660505685405043, ""count"": 3200, ""high"": ""Infinity"", ""low"": 2.0, ""mae"": 5.660505685405043, ""z_error_count"": 3200, ""z_error_rms"": 7.570956459052034, ""z_squared_error_sum"": 183422.0214555575}]",0.24819996924872845,0.24829599432663163,0.2471993579723112,0.022271826193883498,4.86647486809292
raw/r6/P1/d50/n4_M6/raw/rep00.npz,r6,r1,P1,P1_ridge_lse_hjb,ridge_lse,50,4,6,raw,raw,1.0,0,4,float64,15723382.294649659,19490605.173691377,-5711708.233444133,5711708.233461519,13648173.187697323,236542312.00470144,16809984.116287597,19436019.188193228,1267200,1268400,14652000,732600000,0,22.655402100179344,1.0,0.0,0.0,0,0,0,-267436.0933656888,267436.1237871979,418884027358019.75,-0.1269604183145179,1267200,"[{""bias"": -6.494681602524132, ""count"": 3026, ""high"": -2.0, ""low"": ""-Infinity"", ""mae"": 6.496155125310982, ""z_error_count"": 3026, ""z_error_rms"": 3.60679968642896, ""z_squared_error_sum"": 39365.24603750076}, {""bias"": -638.5688847489085, ""count"": 82219, ""high"": -1.0, ""low"": -2.0, ""mae"": 638.5745757052966, ""z_error_count"": 82219, ""z_error_rms"": 35.731264512779056, ""z_squared_error_sum"": 104970910.01668547}, {""bias"": -31640.768299049425, ""count"": 373591, ""high"": -0.25, ""low"": -1.0, ""mae"": 31640.792956918052, ""z_error_count"": 373591, ""z_error_rms"": 251.54993718393214, ""z_squared_error_sum"": 23639856270.870865}, {""bias"": -142272.01519495054, ""count"": 379415, ""high"": 0.25, ""low"": -0.25, ""mae"": 142272.0521850934, ""z_error_count"": 379415, ""z_error_rms"": 533.4159225816088, ""z_squared_error_sum"": 107955916116.48259}, {""bias"": -598534.4712077569, ""count"": 350129, ""high"": 1.0, ""low"": 0.25, ""mae"": 598534.5059103986, ""z_error_count"": 350129, ""z_error_rms"": 1094.0969791779955, ""z_squared_error_sum"": 419121289164.0256}, {""bias"": -825582.0491720317, ""count"": 76553, ""high"": 2.0, ""low"": 1.0, ""mae"": 825582.0833699948, ""z_error_count"": 76553, ""z_error_rms"": 1284.9770128964406, ""z_squared_error_sum"": 126401704954.88245}, {""bias"": -122008.80917043227, ""count"": 2267, ""high"": ""Infinity"", ""low"": 2.0, ""mae"": 122008.83689079016, ""z_error_count"": 2267, ""z_error_rms"": 493.9790909444456, ""z_squared_error_sum"": 553182780.972112}]",15378051.356167594,15718754.174603403,12867973.369092936,8827039.452930793,4.718416046565454
raw/r6/P1/d50/n4_M6/raw/rep01.npz,r6,r1,P1,P1_ridge_lse_hjb,ridge_lse,50,4,6,raw,raw,1.0,1,4,float64,11998467.489277655,14873224.357233856,-5004330.030374653,5004330.030434295,10414881.430208595,195383908.64498305,12395347.028206011,14331732.916457457,1267200,1268400,14652000,732600000,0,22.8570435999427,1.0,0.0,0.0,0,0,0,-239909.0460471651,239909.07690311808,229184970784701.3,-0.1470220320290378,1267200,"[{""bias"": -13.62056957054081, ""count"": 2606, ""high"": -2.0, ""low"": ""-Infinity"", ""mae"": 13.623286361588818, ""z_error_count"": 2606, ""z_error_rms"": 5.217689428705031, ""z_squared_error_sum"": 70946.48143133911}, {""bias"": -953.849191613233, ""count"": 78399, ""high"": -1.0, ""low"": -2.0, ""mae"": 953.8551353754973, ""z_error_count"": 78399, ""z_error_rms"": 43.67290867093204, ""z_squared_error_sum"": 149532212.09656656}, {""bias"": -29789.48488580717, ""count"": 376364, ""high"": -0.25, ""low"": -1.0, ""mae"": 29789.50901374238, ""z_error_count"": 376364, ""z_error_rms"": 244.07995711689904, ""z_squared_error_sum"": 22421894884.556107}, {""bias"": -187146.85875383802, ""count"": 382819, ""high"": 0.25, ""low"": -0.25, ""mae"": 187146.89559830932, ""z_error_count"": 382819, ""z_error_rms"": 611.7835999349898, ""z_squared_error_sum"": 143281178785.8861}, {""bias"": -479606.34523522836, ""count"": 347952, ""high"": 1.0, ""low"": 0.25, ""mae"": 479606.38207942515, ""z_error_count"": 347952, ""z_error_rms"": 979.3823244174077, ""z_squared_error_sum"": 333751987501.27875}, {""bias"": -696503.8765466149, ""count"": 77108, ""high"": 2.0, ""low"": 1.0, ""mae"": 696503.9097626327, ""z_error_count"": 77108, ""z_error_rms"": 1180.2549879136038, ""z_squared_error_sum"": 107411585608.45192}, {""bias"": -254536.81972230185, ""count"": 1952, ""high"": ""Infinity"", ""low"": 2.0, ""mae"": 254536.8508269974, ""z_error_count"": 1952, ""z_error_rms"": 713.4972147998504, ""z_squared_error_sum"": 993720793.8289849}]",15378051.356167594,15718754.174603403,12867973.369092936,8827039.452930793,4.718416046565454
raw/r6/P1/d50/n4_M6/raw/rep02.npz,r6,r1,P1,P1_ridge_lse_hjb,ridge_lse,50,4,6,raw,raw,1.0,2,4,float64,18282310.354670987,22662636.20054793,-5697476.804704833,5697476.80474453,15869367.882550832,225070205.59582353,10399478.991485305,12024072.826450652,1267200,1268400,14652000,732600000,0,23.04520620009862,1.0,0.0,0.0,0,0,0,-277448.5459851862,277448.5762647055,392907913093520.3,-0.09272258165403635,1267200,"[{""bias"": -4.71844196125134, ""count"": 2819, ""high"": -2.0, ""low"": ""-Infinity"", ""mae"": 4.720153085486912, ""z_error_count"": 2819, ""z_error_rms"": 3.072432685200614, ""z_squared_error_sum"": 26610.91630374605}, {""bias"": -962.3388883805441, ""count"": 81216, ""high"": -1.0, ""low"": -2.0, ""mae"": 962.3447923899373, ""z_error_count"": 81216, ""z_error_rms"": 43.86691097125881, ""z_squared_error_sum"": 156284426.20067072}, {""bias"": -26749.068772917504, ""count"": 374225, ""high"": -0.25, ""low"": -1.0, ""mae"": 26749.09217903279, ""z_error_count"": 374225, ""z_error_rms"": 231.28757170114181, ""z_squared_error_sum"": 20018770004.64091}, {""bias"": -150728.43095409003, ""count"": 381437, ""high"": 0.25, ""low"": -0.25, ""mae"": 150728.46852450736, ""z_error_count"": 381437, ""z_error_rms"": 549.0416651342284, ""z_squared_error_sum"": 114982944000.10583}, {""bias"": -601890.5292165901, ""count"": 349622, ""high"": 1.0, ""low"": 0.25, ""mae"": 601890.5643313242, ""z_error_count"": 349622, ""z_error_rms"": 1097.1603961878502, ""z_squared_error_sum"": 420861305603.6621}, {""bias"": -902191.8031779967, ""count"": 75727, ""high"": 2.0, ""low"": 1.0, ""mae"": 902191.8358981684, ""z_error_count"": 75727, ""z_error_rms"": 1343.2665915954983, ""z_squared_error_sum"": 136639158661.18628}, {""bias"": -2435750.599618251, ""count"": 2154, ""high"": ""Infinity"", ""low"": 2.0, ""mae"": 2435750.61879144, ""z_error_count"": 2154, ""z_error_rms"": 2207.1382616468954, ""z_squared_error_sum"": 10493123345.179316}]",15378051.356167594,15718754.174603403,12867973.369092936,8827039.452930793,4.718416046565454
raw/r6/P1/d50/n4_M6/raw/rep03.npz,r6,r1,P1,P1_ridge_lse_hjb,ridge_lse,50,4,6,raw,raw,1.0,3,4,float64,11793468.963525746,14619109.482218772,-5007075.159522226,5007075.159529403,10236939.093740905,244926909.01448104,11004149.049779907,12723203.698570432,1267200,1268400,14652000,732600000,0,23.11995130009018,1.0,0.0,0.0,0,0,0,-258143.624141054,258143.6545816771,479457057913013.0,-0.12295618438772718,1267200,"[{""bias"": -16.241627239668627, ""count"": 3321, ""high"": -2.0, ""low"": ""-Infinity"", ""mae"": 16.243547945891518, ""z_error_count"": 3321, ""z_error_rms"": 5.697785098553858, ""z_squared_error_sum"": 107815.45145231325}, {""bias"": -697.684394611301, ""count"": 79454, ""high"": -1.0, ""low"": -2.0, ""mae"": 697.6902516883031, ""z_error_count"": 79454, ""z_error_rms"": 37.3499270519739, ""z_squared_error_sum"": 110839684.7532916}, {""bias"": -33438.32078349979, ""count"": 377978, ""high"": -0.25, ""low"": -1.0, ""mae"": 33438.344508075206, ""z_error_count"": 377978, ""z_error_rms"": 258.59686238254835, ""z_squared_error_sum"": 25276272283.07014}, {""bias"": -145608.51002566842, ""count"": 379242, ""high"": 0.25, ""low"": -0.25, ""mae"": 145608.546828331, ""z_error_count"": 379242, ""z_error_rms"": 539.6346852433054, ""z_squared_error_sum"": 110437391696.8173}, {""bias"": -550803.5491765494, ""count"": 347904, ""high"": 1.0, ""low"": 0.25, ""mae"": 550803.5852532348, ""z_error_count"": 347904, ""z_error_rms"": 1049.563741664105, ""z_squared_error_sum"": 383245496571.36237}, {""bias"": -851730.3385634219, ""count"": 76939, ""high"": 2.0, ""low"": 1.0, ""mae"": 851730.3718765839, ""z_error_count"": 76939, ""z_error_rms"": 1305.160527919097, ""z_squared_error_sum"": 131061278195.90837}, {""bias"": -866326.0345049287, ""count"": 2362, ""high"": ""Infinity"", ""low"": 2.0, ""mae"": 866326.0615258045, ""z_error_count"": 2362, ""z_error_rms"": 1316.3015536967484, ""z_squared_error_sum"": 4092518780.984688}]",15378051.356167594,15718754.174603403,12867973.369092936,8827039.452930793,4.718416046565454
raw/r6/P1/d50/n4_M6/raw/rep04.npz,r6,r1,P1,P1_ridge_lse_hjb,ridge_lse,50,4,6,raw,raw,1.0,4,4,float64,14657293.197180318,18169087.876117148,-5752781.2912180405,5752781.291254454,12722789.045588879,225310799.1543492,9797951.955348162,11328575.975549374,1267200,1268400,14652000,732600000,0,22.974836600013077,1.0,0.0,0.0,0,0,0,-265803.9797372845,265804.01038513804,306884646668035.94,-0.02852094134810824,1267200,"[{""bias"": -22.53700278191277, ""count"": 2927, ""high"": -2.0, ""low"": ""-Infinity"", ""mae"": 22.538059526603448, ""z_error_count"": 2927, ""z_error_rms"": 6.709096339736917, ""z_squared_error_sum"": 131750.0470078153}, {""bias"": -3355.672858254521, ""count"": 80699, ""high"": -1.0, ""low"": -2.0, ""mae"": 3355.678876002974, ""z_error_count"": 80699, ""z_error_rms"": 81.91923014783089, ""z_squared_error_sum"": 541551642.868404}, {""bias"": -29898.502229515823, ""count"": 375264, ""high"": -0.25, ""low"": -1.0, ""mae"": 29898.52533148515, ""z_error_count"": 375264, ""z_error_rms"": 244.52652842371734, ""z_squared_error_sum"": 22438244074.50732}, {""bias"": -162815.10746041528, ""count"": 379014, ""high"": 0.25, ""low"": -0.25, ""mae"": 162815.14420942505, ""z_error_count"": 379014, ""z_error_rms"": 570.6291480159404, ""z_squared_error_sum"": 123413638357.02977}, {""bias"": -569406.5453291482, ""count"": 350635, ""high"": 1.0, ""low"": 0.25, ""mae"": 569406.5828722478, ""z_error_count"": 350635, ""z_error_rms"": 1067.1422400677823, ""z_squared_error_sum"": 399300529463.8505}, {""bias"": -825386.7443726645, ""count"": 76741, ""high"": 2.0, ""low"": 1.0, ""mae"": 825386.7770031948, ""z_error_count"": 76741, ""z_error_rms"": 1284.8203742556389, ""z_squared_error_sum"": 126681233626.81227}, {""bias"": -329183.7824190218, ""count"": 1920, ""high"": ""Infinity"", ""low"": 2.0, ""mae"": 329183.82538218034, ""z_error_count"": 1920, ""z_error_rms"": 811.3977247865623, ""z_squared_error_sum"": 1264063234.1545148}]",15378051.356167594,15718754.174603403,12867973.369092936,8827039.452930793,4.718416046565454
raw/r6/P1/d50/n4_M6/raw/rep05.npz,r6,r1,P1,P1_ridge_lse_hjb,ridge_lse,50,4,6,raw,raw,1.0,5,4,float64,15766294.749148393,19543799.180680156,-5522729.66461132,5522729.6646431545,13685421.955165584,240023167.11768603,13466653.358157689,15570397.405449972,1267200,1268400,14652000,732600000,0,22.908736099954695,1.0,0.0,0.0,0,0,0,-273561.4375643762,273561.4685131995,440150368901630.94,-0.01409099537830849,1267200,"[{""bias"": -6.756724685592475, ""count"": 3058, ""high"": -2.0, ""low"": ""-Infinity"", ""mae"": 6.758614968124762, ""z_error_count"": 3058, ""z_error_rms"": 3.6797699249608296, ""z_squared_error_sum"": 41407.48109057617}, {""bias"": -7000.715049319494, ""count"": 79117, ""high"": -1.0, ""low"": -2.0, ""mae"": 7000.721121635633, ""z_error_count"": 79117, ""z_error_rms"": 118.32594766621747, ""z_squared_error_sum"": 1107719481.8948262}, {""bias"": -37263.851934294245, ""count"": 377176, ""high"": -0.25, ""low"": -1.0, ""mae"": 37263.87580679402, ""z_error_count"": 377176, ""z_error_rms"": 272.98988601225443, ""z_squared_error_sum"": 28108467287.203083}, {""bias"": -171871.35661262446, ""count"": 377544, ""high"": 0.25, ""low"": -0.25, ""mae"": 171871.39508581406, ""z_error_count"": 377544, ""z_error_rms"": 586.2837307108192, ""z_squared_error_sum"": 129772675427.28159}, {""bias"": -555715.5423360113, ""count"": 349261, ""high"": 1.0, ""low"": 0.25, ""mae"": 555715.5786340924, ""z_error_count"": 349261, ""z_error_rms"": 1054.2352172983533, ""z_squared_error_sum"": 388172829298.0204}, {""bias"": -891566.8596733643, ""count"": 79082, ""high"": 2.0, ""low"": 1.0, ""mae"": 891566.8910554388, ""z_error_count"": 79082, ""z_error_rms"": 1335.3297193163264, ""z_squared_error_sum"": 141011545931.52585}, {""bias"": -1306050.428299477, ""count"": 1962, ""high"": ""Infinity"", ""low"": 2.0, ""mae"": 1306050.4504339886, ""z_error_count"": 1962, ""z_error_rms"": 1616.192361701731, ""z_squared_error_sum"": 5124896545.545162}]",15378051.356167594,15718754.174603403,12867973.369092936,8827039.452930793,4.718416046565454
raw/r6/P1/d50/n4_M6/raw/rep06.npz,r6,r1,P1,P1_ridge_lse_hjb,ridge_lse,50,4,6,raw,raw,1.0,6,4,float64,15714126.054557147,19479131.197058663,-5599418.471834157,5599418.471892243,13640138.608019615,250556421.48997727,11362301.21483977,13137305.954958152,1267200,1268400,14652000,732600000,0,22.99649479985237,1.0,0.0,0.0,0,0,0,-260239.18346276486,260239.21443222117,371187507552134.6,-0.10973812039147748,1267200,"[{""bias"": -9.584474942222954, ""count"": 2797, ""high"": -2.0, ""low"": ""-Infinity"", ""mae"": 9.586471137921707, ""z_error_count"": 2797, ""z_error_rms"": 4.377579659645628, ""z_squared_error_sum"": 53599.480683291134}, {""bias"": -2136.3960980871416, ""count"": 80344, ""high"": -1.0, ""low"": -2.0, ""mae"": 2136.402406667212, ""z_error_count"": 80344, ""z_error_rms"": 65.36344989275466, ""z_squared_error_sum"": 343260145.4707796}, {""bias"": -36556.828063580724, ""count"": 377963, ""high"": -0.25, ""low"": -1.0, ""mae"": 36556.85186096322, ""z_error_count"": 377963, ""z_error_rms"": 270.3862547814096, ""z_squared_error_sum"": 27632393697.952496}, {""bias"": -140588.07817288677, ""count"": 377498, ""high"": 0.25, ""low"": -0.25, ""mae"": 140588.11537942113, ""z_error_count"": 377498, ""z_error_rms"": 530.2504433861592, ""z_squared_error_sum"": 106139426267.41954}, {""bias"": -515265.9613651687, ""count"": 349837, ""high"": 1.0, ""low"": 0.25, ""mae"": 515265.9985469057, ""z_error_count"": 349837, ""z_error_rms"": 1015.1405976968771, ""z_squared_error_sum"": 360510678381.7364}, {""bias"": -1046802.1542801347, ""count"": 77167, ""high"": 2.0, ""low"": 1.0, ""mae"": 1046802.1884324297, ""z_error_count"": 77167, ""z_error_rms"": 1446.92304160205, ""z_squared_error_sum"": 161555773110.70673}, {""bias"": -1052003.2391401015, ""count"": 1594, ""high"": ""Infinity"", ""low"": 2.0, ""mae"": 1052003.269977905, ""z_error_count"": 1594, ""z_error_rms"": 1450.5317544216516, ""z_squared_error_sum"": 3353843538.713374}]",15378051.356167594,15718754.174603403,12867973.369092936,8827039.452930793,4.718416046565454
raw/r6/P1/d50/n4_M6/raw/rep07.npz,r6,r1,P1,P1_ridge_lse_hjb,ridge_lse,50,4,6,raw,raw,1.0,7,4,float64,15840697.230909726,19636028.026152313,-5563515.59516279,5563515.595169892,13750004.621772796,430164867.73944527,13064206.48844065,15105080.78004818,1267200,1268400,14652000,732600000,0,22.863993000006303,1.0,0.0,0.0,0,0,0,-286644.5503059674,286644.58092895744,888140849442237.5,-0.044731285824871146,1267200,"[{""bias"": -20.669532675736423, ""count"": 3175, ""high"": -2.0, ""low"": ""-Infinity"", ""mae"": 20.671384397452105, ""z_error_count"": 3175, ""z_error_rms"": 6.426920449023326, ""z_squared_error_sum"": 131144.34800438557}, {""bias"": -1387.9911345236208, ""count"": 82347, ""high"": -1.0, ""low"": -2.0, ""mae"": 1387.9972080345174, ""z_error_count"": 82347, ""z_error_rms"": 52.68461711665814, ""z_squared_error_sum"": 228568005.32138008}, {""bias"": -32990.37727341912, ""count"": 375164, ""high"": -0.25, ""low"": -1.0, ""mae"": 32990.40091874901, ""z_error_count"": 375164, ""z_error_rms"": 256.8599371376324, ""z_squared_error_sum"": 24752205472.35892}, {""bias"": -184406.91628559746, ""count"": 379950, ""high"": 0.25, ""low"": -0.25, ""mae"": 184406.9537132559, ""z_error_count"": 379950, ""z_error_rms"": 607.2888452772329, ""z_squared_error_sum"": 140125461820.21896}, {""bias"": -619854.4385761716, ""count"": 348508, ""high"": 1.0, ""low"": 0.25, ""mae"": 619854.4751689422, ""z_error_count"": 348508, ""z_error_rms"": 1113.4106151867798, ""z_squared_error_sum"": 432039511972.2794}, {""bias"": -846695.073380316, ""count"": 76354, ""high"": 2.0, ""low"": 1.0, ""mae"": 846695.1045487322, ""z_error_count"": 76354, ""z_error_rms"": 1301.294015443771, ""z_squared_error_sum"": 129295276316.44173}, {""bias"": -3886.9340179657434, ""count"": 1702, ""high"": ""Infinity"", ""low"": 2.0, ""mae"": 3886.978210609713, ""z_error_count"": 1702, ""z_error_rms"": 88.19778486947175, ""z_squared_error_sum"": 13239601.433510516}]",15378051.356167594,15718754.174603403,12867973.369092936,8827039.452930793,4.718416046565454
raw/r6/P1/d50/n4_M6/raw/rep08.npz,r6,r1,P1,P1_ridge_lse_hjb,ridge_lse,50,4,6,raw,raw,1.0,8,4,float64,13060723.821426883,16189990.583176179,-5394768.017863681,5394768.017884651,11336938.664410304,247121356.76511407,14180967.298754865,16396300.592496334,1267200,1268400,14652000,732600000,0,24.03878860012628,1.0,0.0,0.0,0,0,0,-282457.5197168056,282457.5501235321,452116843990561.2,-0.12037256430362739,1267200,"[{""bias"": -8.080914248730581, ""count"": 2536, ""high"": -2.0, ""low"": ""-Infinity"", ""mae"": 8.082711282790193, ""z_error_count"": 2536, ""z_error_rms"": 4.0202325962438685, ""z_squared_error_sum"": 40987.517044358756}, {""bias"": -905.6086756747791, ""count"": 79801, ""high"": -1.0, ""low"": -2.0, ""mae"": 905.6144346889117, ""z_error_count"": 79801, ""z_error_rms"": 42.55451904488433, ""z_squared_error_sum"": 144510600.76017672}, {""bias"": -29061.637560727922, ""count"": 378571, ""high"": -0.25, ""low"": -1.0, ""mae"": 29061.661632034265, ""z_error_count"": 378571, ""z_error_rms"": 241.07868968661796, ""z_squared_error_sum"": 22002143198.412888}, {""bias"": -170768.667150477, ""count"": 381578, ""high"": 0.25, ""low"": -0.25, ""mae"": 170768.7030609565, ""z_error_count"": 381578, ""z_error_rms"": 584.3997376946537, ""z_squared_error_sum"": 130317683676.97334}, {""bias"": -632861.8684785886, ""count"": 345415, ""high"": 1.0, ""low"": 0.25, ""mae"": 632861.905523478, ""z_error_count"": 345415, ""z_error_rms"": 1125.0338392868184, ""z_squared_error_sum"": 437192159114.36066}, {""bias"": -815494.2366194127, ""count"": 76970, ""high"": 2.0, ""low"": 1.0, ""mae"": 815494.2679142936, ""z_error_count"": 76970, ""z_error_rms"": 1277.0955328749467, ""z_squared_error_sum"": 125535991816.86142}, {""bias"": -139908.39585028778, ""count"": 2329, ""high"": ""Infinity"", ""low"": 2.0, ""mae"": 139908.41615777407, ""z_error_count"": 2329, ""z_error_rms"": 528.9629204672375, ""z_squared_error_sum"": 651658325.1928744}]",15378051.356167594,15718754.174603403,12867973.369092936,8827039.452930793,4.718416046565454
raw/r6/P1/d50/n4_M6/raw/rep09.npz,r6,r1,P1,P1_ridge_lse_hjb,ridge_lse,50,4,6,raw,raw,1.0,9,4,float64,20943749.40632942,25961739.203810114,-5955371.880899883,5955371.880899883,18179543.926409762,265030394.9586274,13171777.919984868,15229456.888504406,1267200,1268400,14652000,732600000,0,24.30435450002551,1.0,0.0,0.0,0,0,0,-273181.8937568395,273181.92462379514,454176537544207.3,-0.0825759496241084,1267200,"[{""bias"": -10.75373223921262, ""count"": 2565, ""high"": -2.0, ""low"": ""-Infinity"", ""mae"": 10.756135158301488, ""z_error_count"": 2565, ""z_error_rms"": 4.642073708740445, ""z_squared_error_sum"": 55272.79593407783}, {""bias"": -984.1720226776433, ""count"": 81786, ""high"": -1.0, ""low"": -2.0, ""mae"": 984.1780648778223, ""z_error_count"": 81786, ""z_error_rms"": 44.36059483276912, ""z_squared_error_sum"": 160943592.1131841}, {""bias"": -34167.35832034009, ""count"": 374840, ""high"": -0.25, ""low"": -1.0, ""mae"": 34167.382583396415, ""z_error_count"": 374840, ""z_error_rms"": 261.39994361561196, ""z_squared_error_sum"": 25612791156.958363}, {""bias"": -159097.827025006, ""count"": 382132, ""high"": 0.25, ""low"": -0.25, ""mae"": 159097.86342898803, ""z_error_count"": 382132, ""z_error_rms"": 564.0769040227115, ""z_squared_error_sum"": 121587812018.48769}, {""bias"": -522644.01498638414, ""count"": 346172, ""high"": 1.0, ""low"": 0.25, ""mae"": 522644.0524896338, ""z_error_count"": 346172, ""z_error_rms"": 1022.3832484853488, ""z_squared_error_sum"": 361842343358.24194}, {""bias"": -1174784.0933500133, ""count"": 77658, ""high"": 2.0, ""low"": 1.0, ""mae"": 1174784.1263553775, ""z_error_count"": 77658, ""z_error_rms"": 1532.8272748181103, ""z_squared_error_sum"": 182462088111.83875}, {""bias"": -164047.96557844136, ""count"": 2047, ""high"": ""Infinity"", ""low"": 2.0, ""mae"": 164047.9961987598, ""z_error_count"": 2047, ""z_error_rms"": 572.7859618233082, ""z_squared_error_sum"": 671587452.7526115}]",15378051.356167594,15718754.174603403,12867973.369092936,8827039.452930793,4.718416046565454
raw/r6/P1/d50/n4_M6/box/rep00.npz,r6,r1,P1,P1_ridge_lse_hjb,ridge_lse,50,4,6,box,box,1.0,0,4,float64,0.13803364104871255,0.1711056277810512,0.009257453738574143,0.1174665337871653,0.11981563530401025,1.0171486884818401,0.1397048693039908,0.1615293923951699,1267200,1268400,14652000,732600000,0,24.913629099959508,1.0,1.0,41.033522871127914,0,0,0,-0.03032462473332822,1.5554040101182758,3.6680413886937893,-0.05712217679006391,1267200,"[{""bias"": -1.2614296402806893, ""count"": 3026, ""high"": -2.0, ""low"": ""-Infinity"", ""mae"": 1.2626749335783631, ""z_error_count"": 3026, ""z_error_rms"": 2.533848596992442, ""z_squared_error_sum"": 19428.096243966193}, {""bias"": -1.5240311808397577, ""count"": 82219, ""high"": -1.0, ""low"": -2.0, ""mae"": 1.5477064936908476, ""z_error_count"": 82219, ""z_error_rms"": 3.4828180006513674, ""z_squared_error_sum"": 997318.2151526373}, {""bias"": -1.3160321210017425, ""count"": 373591, ""high"": -0.25, ""low"": -1.0, ""mae"": 1.5385747059537211, ""z_error_count"": 373591, ""z_error_rms"": 5.120928067516392, ""z_squared_error_sum"": 9797014.621133735}, {""bias"": -0.30800334868236956, ""count"": 379415, ""high"": 0.25, ""low"": -0.25, ""mae"": 1.2356921730339983, ""z_error_count"": 379415, ""z_error_rms"": 7.028592522472977, ""z_squared_error_sum"": 18743523.230830483}, {""bias"": 1.3337885266260368, ""count"": 350129, ""high"": 1.0, ""low"": 0.25, ""mae"": 1.6107962784180698, ""z_error_count"": 350129, ""z_error_rms"": 9.076205331933496, ""z_squared_error_sum"": 28842752.82751264}, {""bias"": 2.92403089635456, ""count"": 76553, ""high"": 2.0, ""low"": 1.0, ""mae"": 2.9252990790893336, ""z_error_count"": 76553, ""z_error_rms"": 10.862548166740703, ""z_squared_error_sum"": 9032867.612111041}, {""bias"": 3.6927691648368173, ""count"": 2267, ""high"": ""Infinity"", ""low"": 2.0, ""mae"": 3.6927691648368173, ""z_error_count"": 2267, ""z_error_rms"": 11.993443786083885, ""z_squared_error_sum"": 326091.38695784606}]",0.13766058512872095,0.13898853959710117,0.11794470747318277,0.07109436411394558,4.718416046565454
raw/r6/P1/d50/n4_M6/box/rep01.npz,r6,r1,P1,P1_ridge_lse_hjb,ridge_lse,50,4,6,box,box,1.0,1,4,float64,0.14001905347486351,0.173566732458142,0.00812772426076125,0.11789530783682463,0.12153900831201346,1.0289242653915205,0.146444785370406,0.16932220987122756,1267200,1268400,14652000,732600000,0,24.782176200067624,1.0,1.0,41.061245728806085,0,0,0,-0.029200188089328744,1.557230033797367,3.674645227072376,-0.05723153921601258,1267200,"[{""bias"": -1.2962275171208235, ""count"": 2606, ""high"": -2.0, ""low"": ""-Infinity"", ""mae"": 1.2984437719252777, ""z_error_count"": 2606, ""z_error_rms"": 2.5595699344916913, ""z_squared_error_sum"": 17072.943838337207}, {""bias"": -1.5264357974092753, ""count"": 78399, ""high"": -1.0, ""low"": -2.0, ""mae"": 1.5515523892865635, ""z_error_count"": 78399, ""z_error_rms"": 3.484291447952171, ""z_squared_error_sum"": 951786.3522240804}, {""bias"": -1.3205722975602137, ""count"": 376364, ""high"": -0.25, ""low"": -1.0, ""mae"": 1.5425437712326484, ""z_error_count"": 376364, ""z_error_rms"": 5.129874884776206, ""z_squared_error_sum"": 9904250.625725472}, {""bias"": -0.2999739762664115, ""count"": 382819, ""high"": 0.25, ""low"": -0.25, ""mae"": 1.238154022373077, ""z_error_count"": 382819, ""z_error_rms"": 7.029591987055013, ""z_squared_error_sum"": 18917063.47761695}, {""bias"": 1.3352087696617292, ""count"": 347952, ""high"": 1.0, ""low"": 0.25, ""mae"": 1.6104204437421878, ""z_error_count"": 347952, ""z_error_rms"": 9.066856116105535, ""z_squared_error_sum"": 28604396.202663958}, {""bias"": 2.9294250030820637, ""count"": 77108, ""high"": 2.0, ""low"": 1.0, ""mae"": 2.9306256191119164, ""z_error_count"": 77108, ""z_error_rms"": 10.898117833792826, ""z_squared_error_sum"": 9158037.917591436}, {""bias"": 3.8050591722354077, ""count"": 1952, ""high"": ""Infinity"", ""low"": 2.0, ""mae"": 3.8050591722354077, ""z_error_count"": 1952, ""z_error_rms"": 11.641889516739349, ""z_squared_error_sum"": 264561.5706469728}]",0.13766058512872095,0.13898853959710117,0.11794470747318277,0.07109436411394558,4.718416046565454
raw/r6/P1/d50/n4_M6/box/rep02.npz,r6,r1,P1,P1_ridge_lse_hjb,ridge_lse,50,4,6,box,box,1.0,2,4,float64,0.14012077460040967,0.17369282532154062,0.00898942960634416,0.11792037796061737,0.12162730404331892,1.009703754092468,0.15652603399375337,0.1809783387722939,1267200,1268400,14652000,732600000,0,24.822422500001267,1.0,1.0,40.911704315374145,0,0,0,-0.030874491238911474,1.5558614800991344,3.6675368290003685,-0.05758117787516592,1267200,"[{""bias"": -1.2672355242742575, ""count"": 2819, ""high"": -2.0, ""low"": ""-Infinity"", ""mae"": 1.2686490222625184, ""z_error_count"": 2819, ""z_error_rms"": 2.518583520216449, ""z_squared_error_sum"": 17881.65825127428}, {""bias"": -1.5301219214982493, ""count"": 81216, ""high"": -1.0, ""low"": -2.0, ""mae"": 1.5547937400763348, ""z_error_count"": 81216, ""z_error_rms"": 3.4827466836700007, ""z_squared_error_sum"": 985111.4587556901}, {""bias"": -1.3131611107598031, ""count"": 374225, ""high"": -0.25, ""low"": -1.0, ""mae"": 1.5376082404594378, ""z_error_count"": 374225, ""z_error_rms"": 5.112870573575593, ""z_squared_error_sum"": 9782782.443036553}, {""bias"": -0.30651014919710207, ""count"": 381437, ""high"": 0.25, ""low"": -0.25, ""mae"": 1.23919445598274, ""z_error_count"": 381437, ""z_error_rms"": 7.022295939667113, ""z_squared_error_sum"": 18809665.564480532}, {""bias"": 1.3363188236546055, ""count"": 349622, ""high"": 1.0, ""low"": 0.25, ""mae"": 1.6123489243227564, ""z_error_count"": 349622, ""z_error_rms"": 9.05883567625329, ""z_squared_error_sum"": 28690856.70683586}, {""bias"": 2.92874207564323, ""count"": 75727, ""high"": 2.0, ""low"": 1.0, ""mae"": 2.9299882648576414, ""z_error_count"": 75727, ""z_error_rms"": 10.898702009584035, ""z_squared_error_sum"": 8994982.21192226}, {""bias"": 3.7415418517916716, ""count"": 2154, ""high"": ""Infinity"", ""low"": 2.0, ""mae"": 3.7415418517916716, ""z_error_count"": 2154, ""z_error_rms"": 11.942601829446895, ""z_squared_error_sum"": 307215.84063574974}]",0.13766058512872095,0.13898853959710117,0.11794470747318277,0.07109436411394558,4.718416046565454
raw/r6/P1/d50/n4_M6/box/rep03.npz,r6,r1,P1,P1_ridge_lse_hjb,ridge_lse,50,4,6,box,box,1.0,3,4,float64,0.12881836565194701,0.1596824307259044,0.010257190675840888,0.11046922386567891,0.11181661370481022,1.0220776290524038,0.15206153989034416,0.17581640688353253,1267200,1268400,14652000,732600000,0,24.815551799954847,1.0,1.0,41.05655456605023,0,0,0,-0.03557401042003845,1.5558573954808421,3.6679939178711622,-0.05661742847339057,1267200,"[{""bias"": -1.2868261654194986, ""count"": 3321, ""high"": -2.0, ""low"": ""-Infinity"", ""mae"": 1.288074403977426, ""z_error_count"": 3321, ""z_error_rms"": 2.544118317729828, ""z_squared_error_sum"": 21495.298746514658}, {""bias"": -1.5268544163542184, ""count"": 79454, ""high"": -1.0, ""low"": -2.0, ""mae"": 1.551388232435228, ""z_error_count"": 79454, ""z_error_rms"": 3.47391316292188, ""z_squared_error_sum"": 958856.6454074691}, {""bias"": -1.3176244479512274, ""count"": 377978, ""high"": -0.25, ""low"": -1.0, ""mae"": 1.5408699942658979, ""z_error_count"": 377978, ""z_error_rms"": 5.127614517342575, ""z_squared_error_sum"": 9937960.347864715}, {""bias"": -0.307025267392489, ""count"": 379242, ""high"": 0.25, ""low"": -0.25, ""mae"": 1.239286542913996, ""z_error_count"": 379242, ""z_error_rms"": 7.03368914790493, ""z_squared_error_sum"": 18762157.18161887}, {""bias"": 1.3258715810252968, ""count"": 347904, ""high"": 1.0, ""low"": 0.25, ""mae"": 1.6034210053128726, ""z_error_count"": 347904, ""z_error_rms"": 9.065472691476266, ""z_squared_error_sum"": 28591723.153394368}, {""bias"": 2.922311873956569, ""count"": 76939, ""high"": 2.0, ""low"": 1.0, ""mae"": 2.923572490779875, ""z_error_count"": 76939, ""z_error_rms"": 10.9244444727586, ""z_squared_error_sum"": 9182168.549246375}, {""bias"": 3.7523305405994627, ""count"": 2362, ""high"": ""Infinity"", ""low"": 2.0, ""mae"": 3.7523305405994627, ""z_error_count"": 2362, ""z_error_rms"": 11.937179716358521, ""z_squared_error_sum"": 336576.16512947483}]",0.13766058512872095,0.13898853959710117,0.11794470747318277,0.07109436411394558,4.718416046565454
raw/r6/P1/d50/n4_M6/box/rep04.npz,r6,r1,P1,P1_ridge_lse_hjb,ridge_lse,50,4,6,box,box,1.0,4,4,float64,0.14270708605939683,0.17689880063643618,0.01259395336609825,0.1164009303152739,0.12387226801151006,1.0285281277695366,0.14801670917141013,0.17113969767772058,1267200,1268400,14652000,732600000,0,25.279261900112033,1.0,1.0,41.02704131468639,0,0,0,-0.0228408372003494,1.5596126206162595,3.686204718587327,-0.05726757706801662,1267200,"[{""bias"": -1.2759131547101612, ""count"": 2927, ""high"": -2.0, ""low"": ""-Infinity"", ""mae"": 1.277259521900301, ""z_error_count"": 2927, ""z_error_rms"": 2.5398824941571996, ""z_squared_error_sum"": 18882.08602723738}, {""bias"": -1.5350851054825223, ""count"": 80699, ""high"": -1.0, ""low"": -2.0, ""mae"": 1.56015825644293, ""z_error_count"": 80699, ""z_error_rms"": 3.497970758660562, ""z_squared_error_sum"": 987416.7780760305}, {""bias"": -1.313507788711643, ""count"": 375264, ""high"": -0.25, ""low"": -1.0, ""mae"": 1.5366576281050275, ""z_error_count"": 375264, ""z_error_rms"": 5.119726399358582, ""z_squared_error_sum"": 9836269.263587177}, {""bias"": -0.30023965470246133, ""count"": 379014, ""high"": 0.25, ""low"": -0.25, ""mae"": 1.2370850782563996, ""z_error_count"": 379014, ""z_error_rms"": 7.033220036790901, ""z_squared_error_sum"": 18748376.29513975}, {""bias"": 1.3464541519752138, ""count"": 350635, ""high"": 1.0, ""low"": 0.25, ""mae"": 1.6194504994880867, ""z_error_count"": 350635, ""z_error_rms"": 9.06801033037772, ""z_squared_error_sum"": 28832299.26835139}, {""bias"": 2.9448549583352226, ""count"": 76741, ""high"": 2.0, ""low"": 1.0, ""mae"": 2.9458283054718044, ""z_error_count"": 76741, ""z_error_rms"": 10.876976401707362, ""z_squared_error_sum"": 9079121.473082395}, {""bias"": 3.7878516697606264, ""count"": 1920, ""high"": ""Infinity"", ""low"": 2.0, ""mae"": 3.7878516697606264, ""z_error_count"": 1920, ""z_error_rms"": 11.717953249190462, ""z_squared_error_sum"": 263636.0224324095}]",0.13766058512872095,0.13898853959710117,0.11794470747318277,0.07109436411394558,4.718416046565454
raw/r6/P1/d50/n4_M6/box/rep05.npz,r6,r1,P1,P1_ridge_lse_hjb,ridge_lse,50,4,6,box,box,1.0,5,4,float64,0.14069043740370005,0.17439897572690533,0.00763102309688582,0.11954539628760802,0.12212178140526296,1.0242187574602055,0.14398096088904586,0.16647348975556384,1267200,1268400,14652000,732600000,0,24.80134420003742,1.0,1.0,41.17249693402212,0,0,0,-0.025146716983212636,1.5589972316893548,3.6815454147388422,-0.05706338938344208,1267200,"[{""bias"": -1.2542561854994418, ""count"": 3058, ""high"": -2.0, ""low"": ""-Infinity"", ""mae"": 1.2555687345435338, ""z_error_count"": 3058, ""z_error_rms"": 2.503772042799064, ""z_squared_error_sum"": 19170.218044560123}, {""bias"": -1.5318496485254316, ""count"": 79117, ""high"": -1.0, ""low"": -2.0, ""mae"": 1.5568917760792276, ""z_error_count"": 79117, ""z_error_rms"": 3.4914975243470145, ""z_squared_error_sum"": 964480.1369698002}, {""bias"": -1.3207699936778472, ""count"": 377176, ""high"": -0.25, ""low"": -1.0, ""mae"": 1.5429311911974233, ""z_error_count"": 377176, ""z_error_rms"": 5.122507758478525, ""z_squared_error_sum"": 9897130.57743808}, {""bias"": -0.290974491355545, ""count"": 377544, ""high"": 0.25, ""low"": -0.25, ""mae"": 1.2409308640824932, ""z_error_count"": 377544, ""z_error_rms"": 7.033618515610846, ""z_squared_error_sum"": 18677777.265971374}, {""bias"": 1.3275744201409003, ""count"": 349261, ""high"": 1.0, ""low"": 0.25, ""mae"": 1.604715370433922, ""z_error_count"": 349261, ""z_error_rms"": 9.065963017713086, ""z_squared_error_sum"": 28706350.24795039}, {""bias"": 2.909370138229828, ""count"": 79082, ""high"": 2.0, ""low"": 1.0, ""mae"": 2.9106934836388287, ""z_error_count"": 79082, ""z_error_rms"": 10.9147263089097, ""z_squared_error_sum"": 9421137.544006709}, {""bias"": 3.789287447486006, ""count"": 1962, ""high"": ""Infinity"", ""low"": 2.0, ""mae"": 3.789287447486006, ""z_error_count"": 1962, ""z_error_rms"": 11.824532399316908, ""z_squared_error_sum"": 274325.98939941573}]",0.13766058512872095,0.13898853959710117,0.11794470747318277,0.07109436411394558,4.718416046565454
raw/r6/P1/d50/n4_M6/box/rep06.npz,r6,r1,P1,P1_ridge_lse_hjb,ridge_lse,50,4,6,box,box,1.0,6,4,float64,0.13686545736390252,0.1696575546792016,0.00803206355220567,0.11455464589574398,0.11880163125917091,1.021199675498618,0.14994411593502924,0.17336820155862892,1267200,1268400,14652000,732600000,0,23.284243100089952,1.0,1.0,40.98673689343017,0,0,0,-0.02890154147999744,1.558557544012398,3.6800056963133425,-0.057258783004145816,1267200,"[{""bias"": -1.3130562451505818, ""count"": 2797, ""high"": -2.0, ""low"": ""-Infinity"", ""mae"": 1.3147692384485838, ""z_error_count"": 2797, ""z_error_rms"": 2.575946629815377, ""z_squared_error_sum"": 18559.496407921182}, {""bias"": -1.528676296141176, ""count"": 80344, ""high"": -1.0, ""low"": -2.0, ""mae"": 1.5541633485751716, ""z_error_count"": 80344, ""z_error_rms"": 3.4878193922043454, ""z_squared_error_sum"": 977375.4491456822}, {""bias"": -1.3146148935818174, ""count"": 377963, ""high"": -0.25, ""low"": -1.0, ""mae"": 1.5396782990209787, ""z_error_count"": 377963, ""z_error_rms"": 5.1178872824485735, ""z_squared_error_sum"": 9899898.016652135}, {""bias"": -0.30334056595386266, ""count"": 377498, ""high"": 0.25, ""low"": -0.25, ""mae"": 1.2387153533897968, ""z_error_count"": 377498, ""z_error_rms"": 7.024221643397799, ""z_squared_error_sum"": 18625634.180701334}, {""bias"": 1.3423568923098803, ""count"": 349837, ""high"": 1.0, ""low"": 0.25, ""mae"": 1.6154722584663102, ""z_error_count"": 349837, ""z_error_rms"": 9.066774240115826, ""z_squared_error_sum"": 28758838.65002501}, {""bias"": 2.92392877559524, ""count"": 77167, ""high"": 2.0, ""low"": 1.0, ""mae"": 2.925281077706968, ""z_error_count"": 77167, ""z_error_rms"": 10.911205266216053, ""z_squared_error_sum"": 9187070.91269594}, {""bias"": 3.775332069853577, ""count"": 1594, ""high"": ""Infinity"", ""low"": 2.0, ""mae"": 3.775332069853577, ""z_error_count"": 1594, ""z_error_rms"": 11.902844294412631, ""z_squared_error_sum"": 225834.25746146793}]",0.13766058512872095,0.13898853959710117,0.11794470747318277,0.07109436411394558,4.718416046565454
raw/r6/P1/d50/n4_M6/box/rep07.npz,r6,r1,P1,P1_ridge_lse_hjb,ridge_lse,50,4,6,box,box,1.0,7,4,float64,0.1399434381454898,0.17347300017444606,0.011100762108455583,0.11741212008610209,0.12147337287228438,1.0106131273073036,0.14425850893979295,0.16679439602190227,1267200,1268400,14652000,732600000,0,23.622276300098747,1.0,1.0,40.96467074038032,0,0,0,-0.032782990357625594,1.5564522295993757,3.6719410367502388,-0.05846978445086768,1267200,"[{""bias"": -1.2827101562657608, ""count"": 3175, ""high"": -2.0, ""low"": ""-Infinity"", ""mae"": 1.2843108822811713, ""z_error_count"": 3175, ""z_error_rms"": 2.55038182721876, ""z_squared_error_sum"": 20651.620700129446}, {""bias"": -1.5317417480693198, ""count"": 82347, ""high"": -1.0, ""low"": -2.0, ""mae"": 1.5562147783335742, ""z_error_count"": 82347, ""z_error_rms"": 3.487982787389747, ""z_squared_error_sum"": 1001835.5721624453}, {""bias"": -1.3213296902202607, ""count"": 375164, ""high"": -0.25, ""low"": -1.0, ""mae"": 1.541782091884737, ""z_error_count"": 375164, ""z_error_rms"": 5.1191181602882, ""z_squared_error_sum"": 9831311.70792336}, {""bias"": -0.2947093506213962, ""count"": 379950, ""high"": 0.25, ""low"": -0.25, ""mae"": 1.2367024702686136, ""z_error_count"": 379950, ""z_error_rms"": 7.0344132630211655, ""z_squared_error_sum"": 18801054.434390124}, {""bias"": 1.3377925650695472, ""count"": 348508, ""high"": 1.0, ""low"": 0.25, ""mae"": 1.6113732354309642, ""z_error_count"": 348508, ""z_error_rms"": 9.07562965029085, ""z_squared_error_sum"": 28705577.098337986}, {""bias"": 2.930999883327436, ""count"": 76354, ""high"": 2.0, ""low"": 1.0, ""mae"": 2.9323512286048388, ""z_error_count"": 76354, ""z_error_rms"": 10.88944689582732, ""z_squared_error_sum"": 9054061.419984039}, {""bias"": 3.7188662777772135, ""count"": 1702, ""high"": ""Infinity"", ""low"": 2.0, ""mae"": 3.7188662777772135, ""z_error_count"": 1702, ""z_error_rms"": 12.038144611360195, ""z_squared_error_sum"": 246648.60751420291}]",0.13766058512872095,0.13898853959710117,0.11794470747318277,0.07109436411394558,4.718416046565454
raw/r6/P1/d50/n4_M6/box/rep08.npz,r6,r1,P1,P1_ridge_lse_hjb,ridge_lse,50,4,6,box,box,1.0,8,4,float64,0.13388392000996682,0.16596165984645003,0.0093048671390347,0.1141857105751758,0.11621360424249334,1.0370801311907702,0.13986788130302352,0.16171786992847323,1267200,1268400,14652000,732600000,0,23.45380329992622,1.0,1.0,41.01998702431736,0,0,0,-0.030332246234036315,1.560464944785978,3.6877737693064874,-0.05934826589231864,1267200,"[{""bias"": -1.2651037595508727, ""count"": 2536, ""high"": -2.0, ""low"": ""-Infinity"", ""mae"": 1.2664635868648957, ""z_error_count"": 2536, ""z_error_rms"": 2.554909561677382, ""z_squared_error_sum"": 16553.899434136896}, {""bias"": -1.5370642253720277, ""count"": 79801, ""high"": -1.0, ""low"": -2.0, ""mae"": 1.5610885324389892, ""z_error_count"": 79801, ""z_error_rms"": 3.4932320729548167, ""z_squared_error_sum"": 973785.2938488278}, {""bias"": -1.3145479771070847, ""count"": 378571, ""high"": -0.25, ""low"": -1.0, ""mae"": 1.5388500469520163, ""z_error_count"": 378571, ""z_error_rms"": 5.126987163906672, ""z_squared_error_sum"": 9951116.313713841}, {""bias"": -0.3033615177160624, ""count"": 381578, ""high"": 0.25, ""low"": -0.25, ""mae"": 1.239218319815416, ""z_error_count"": 381578, ""z_error_rms"": 7.031755576747453, ""z_squared_error_sum"": 18867348.002108168}, {""bias"": 1.3511339862953684, ""count"": 345415, ""high"": 1.0, ""low"": 0.25, ""mae"": 1.6211595389618623, ""z_error_count"": 345415, ""z_error_rms"": 9.075318230726761, ""z_squared_error_sum"": 28448863.322602138}, {""bias"": 2.9294038664477737, ""count"": 76970, ""high"": 2.0, ""low"": 1.0, ""mae"": 2.9307460589645182, ""z_error_count"": 76970, ""z_error_rms"": 10.912513474093075, ""z_squared_error_sum"": 9165814.686304577}, {""bias"": 3.7175633006136874, ""count"": 2329, ""high"": ""Infinity"", ""low"": 2.0, ""mae"": 3.7175633006136874, ""z_error_count"": 2329, ""z_error_rms"": 11.753900432028061, ""z_squared_error_sum"": 321761.0744274826}]",0.13766058512872095,0.13898853959710117,0.11794470747318277,0.07109436411394558,4.718416046565454
raw/r6/P1/d50/n4_M6/box/rep09.npz,r6,r1,P1,P1_ridge_lse_hjb,ridge_lse,50,4,6,box,box,1.0,9,4,float64,0.1355236775288208,0.16799429288822568,0.0077738420498561665,0.11612905546018455,0.11763694269370964,1.0329113426743528,0.12714193946110994,0.14700389708256145,1267200,1268400,14652000,732600000,0,23.453619899926707,1.0,1.0,41.052232840772774,0,0,0,-0.027791502387850005,1.5585518416093065,3.6799609345585216,-0.05669557914210252,1267200,"[{""bias"": -1.2454265465464645, ""count"": 2565, ""high"": -2.0, ""low"": ""-Infinity"", ""mae"": 1.247065854693271, ""z_error_count"": 2565, ""z_error_rms"": 2.5167831006629364, ""z_squared_error_sum"": 16247.215755882225}, {""bias"": -1.5296148450635434, ""count"": 81786, ""high"": -1.0, ""low"": -2.0, ""mae"": 1.5538579629491291, ""z_error_count"": 81786, ""z_error_rms"": 3.4769598458453075, ""z_squared_error_sum"": 988731.3816581924}, {""bias"": -1.3127161243964536, ""count"": 374840, ""high"": -0.25, ""low"": -1.0, ""mae"": 1.5392591514662541, ""z_error_count"": 374840, ""z_error_rms"": 5.125828823992008, ""z_squared_error_sum"": 9848591.565443978}, {""bias"": -0.30374522033368356, ""count"": 382132, ""high"": 0.25, ""low"": -0.25, ""mae"": 1.2364220181438381, ""z_error_count"": 382132, ""z_error_rms"": 7.025718093126521, ""z_squared_error_sum"": 18862308.638944186}, {""bias"": 1.346771505835826, ""count"": 346172, ""high"": 1.0, ""low"": 0.25, ""mae"": 1.6182308677241437, ""z_error_count"": 346172, ""z_error_rms"": 9.080487520849152, ""z_squared_error_sum"": 28543700.05486083}, {""bias"": 2.9290318548800336, ""count"": 77658, ""high"": 2.0, ""low"": 1.0, ""mae"": 2.930099428420701, ""z_error_count"": 77658, ""z_error_rms"": 10.906257602219108, ""z_squared_error_sum"": 9237143.793534044}, {""bias"": 3.6786253469562378, ""count"": 2047, ""high"": ""Infinity"", ""low"": 2.0, ""mae"": 3.6786253469562378, ""z_error_count"": 2047, ""z_error_rms"": 11.891774141879369, ""z_squared_error_sum"": 289475.0562182907}]",0.13766058512872095,0.13898853959710117,0.11794470747318277,0.07109436411394558,4.718416046565454
raw/r6/P1/d50/n4_M6/segment/rep00.npz,r6,r1,P1,P1_ridge_lse_hjb,ridge_lse,50,4,6,segment,segment,1.0,0,4,float64,0.20224095213715756,0.2506966042158795,0.03343653696475019,0.15947145263990117,0.17554871392728122,2.574357218054459,0.19512778883516338,0.22561041234270415,1267200,1268400,14652000,732600000,0,23.846083299955353,1.0,1.0,52.40037081833494,0,0,0,0.5867414361791196,2.2535645237877606,8.230550671552123,-0.0579942931415717,1267200,"[{""bias"": -0.16561615165387808, ""count"": 3026, ""high"": -2.0, ""low"": ""-Infinity"", ""mae"": 0.3078835433144756, ""z_error_count"": 3026, ""z_error_rms"": 2.469222454621956, ""z_squared_error_sum"": 18449.70213901847}, {""bias"": -0.1722087049180765, ""count"": 82219, ""high"": -1.0, ""low"": -2.0, ""mae"": 0.6687311986473845, ""z_error_count"": 82219, ""z_error_rms"": 3.3903325769970567, ""z_squared_error_sum"": 945054.3723182952}, {""bias"": -0.01593834479198256, ""count"": 373591, ""high"": -0.25, ""low"": -1.0, ""mae"": 1.4924778193095818, ""z_error_count"": 373591, ""z_error_rms"": 5.078054943928003, ""z_squared_error_sum"": 9633657.376484768}, {""bias"": 0.4232988644949768, ""count"": 379415, ""high"": 0.25, ""low"": -0.25, ""mae"": 2.4529445563600625, ""z_error_count"": 379415, ""z_error_rms"": 7.064081829233898, ""z_squared_error_sum"": 18933283.56177005}, {""bias"": 1.2356434477679437, ""count"": 350129, ""high"": 1.0, ""low"": 0.25, ""mae"": 3.0496795389993725, ""z_error_count"": 350129, ""z_error_rms"": 9.173266058913573, ""z_squared_error_sum"": 29462938.76217971}, {""bias"": 2.158356834479599, ""count"": 76553, ""high"": 2.0, ""low"": 1.0, ""mae"": 3.1015385784056337, ""z_error_count"": 76553, ""z_error_rms"": 10.965940449698873, ""z_squared_error_sum"": 9205639.868942313}, {""bias"": 2.498419909177522, ""count"": 2267, ""high"": ""Infinity"", ""low"": 2.0, ""mae"": 2.7919402612050614, ""z_error_count"": 2267, ""z_error_rms"": 12.047760100071844, ""z_squared_error_sum"": 329051.70261327806}]",0.19170274741582083,0.19187608219883864,0.08438851359451453,0.1722586655884051,4.718416046565454
raw/r6/P1/d50/n4_M6/segment/rep01.npz,r6,r1,P1,P1_ridge_lse_hjb,ridge_lse,50,4,6,segment,segment,1.0,1,4,float64,0.18316854030348084,0.22705456322278322,0.026633607892348032,0.1441367634915639,0.1589935240237906,2.619590616558012,0.20773871351499723,0.2401914001867451,1267200,1268400,14652000,732600000,0,23.82647279999219,1.0,1.0,52.461445561490194,0,0,0,0.5843817651777984,2.258320594026137,8.251786324210446,-0.058009479853987966,1267200,"[{""bias"": -0.1793949786121977, ""count"": 2606, ""high"": -2.0, ""low"": ""-Infinity"", ""mae"": 0.3177656352877892, ""z_error_count"": 2606, ""z_error_rms"": 2.5046073223583636, ""z_squared_error_sum"": 16347.58872898421}, {""bias"": -0.17108668742123914, ""count"": 78399, ""high"": -1.0, ""low"": -2.0, ""mae"": 0.6707671219848731, ""z_error_count"": 78399, ""z_error_rms"": 3.394130384485734, ""z_squared_error_sum"": 903165.9715230525}, {""bias"": -0.025310854645975506, ""count"": 376364, ""high"": -0.25, ""low"": -1.0, ""mae"": 1.4972143211728621, ""z_error_count"": 376364, ""z_error_rms"": 5.08928030393236, ""z_squared_error_sum"": 9748118.910250053}, {""bias"": 0.4287938238306029, ""count"": 382819, ""high"": 0.25, ""low"": -0.25, ""mae"": 2.4598047975069264, ""z_error_count"": 382819, ""z_error_rms"": 7.0666524096029315, ""z_squared_error_sum"": 19117053.013223924}, {""bias"": 1.2319336304499902, ""count"": 347952, ""high"": 1.0, ""low"": 0.25, ""mae"": 3.0437441999551202, ""z_error_count"": 347952, ""z_error_rms"": 9.164377872726723, ""z_squared_error_sum"": 29223034.664908748}, {""bias"": 2.148915107605299, ""count"": 77108, ""high"": 2.0, ""low"": 1.0, ""mae"": 3.0890635772632042, ""z_error_count"": 77108, ""z_error_rms"": 11.00297211463517, ""z_squared_error_sum"": 9335110.505067201}, {""bias"": 2.7830206496486896, ""count"": 1952, ""high"": ""Infinity"", ""low"": 2.0, ""mae"": 3.023723452237857, ""z_error_count"": 1952, ""z_error_rms"": 11.70543443001378, ""z_squared_error_sum"": 267457.5650213271}]",0.19170274741582083,0.19187608219883864,0.08438851359451453,0.1722586655884051,4.718416046565454
raw/r6/P1/d50/n4_M6/segment/rep02.npz,r6,r1,P1,P1_ridge_lse_hjb,ridge_lse,50,4,6,segment,segment,1.0,2,4,float64,0.17903428717401434,0.22192976921062282,0.022386787147334625,0.1434224325848329,0.15540491938037754,2.574807109424746,0.22609545380971094,0.2614158079037661,1267200,1268400,14652000,732600000,0,23.017839800100774,1.0,1.0,52.2898353601606,0,0,0,0.5885021871260671,2.2518392298634584,8.219680045994407,-0.05822459679064581,1267200,"[{""bias"": -0.16620962234559378, ""count"": 2819, ""high"": -2.0, ""low"": ""-Infinity"", ""mae"": 0.29886771757024594, ""z_error_count"": 2819, ""z_error_rms"": 2.4648360078053746, ""z_squared_error_sum"": 17126.59924140913}, {""bias"": -0.17311595772127897, ""count"": 81216, ""high"": -1.0, ""low"": -2.0, ""mae"": 0.6685571415144826, ""z_error_count"": 81216, ""z_error_rms"": 3.3899260614084623, ""z_squared_error_sum"": 933301.6801667117}, {""bias"": -0.010646558524943664, ""count"": 374225, ""high"": -0.25, ""low"": -1.0, ""mae"": 1.4867168698786135, ""z_error_count"": 374225, ""z_error_rms"": 5.069924833144291, ""z_squared_error_sum"": 9619130.973344294}, {""bias"": 0.4244284749252045, ""count"": 381437, ""high"": 0.25, ""low"": -0.25, ""mae"": 2.4520318491749533, ""z_error_count"": 381437, ""z_error_rms"": 7.05860072958229, ""z_squared_error_sum"": 19004657.682871792}, {""bias"": 1.2416189030505616, ""count"": 349622, ""high"": 1.0, ""low"": 0.25, ""mae"": 3.050697009886406, ""z_error_count"": 349622, ""z_error_rms"": 9.158833877771526, ""z_squared_error_sum"": 29327775.058251157}, {""bias"": 2.148401442834991, ""count"": 75727, ""high"": 2.0, ""low"": 1.0, ""mae"": 3.0900360188042644, ""z_error_count"": 75727, ""z_error_rms"": 11.004709865405852, ""z_squared_error_sum"": 9170815.287346287}, {""bias"": 2.5907641893586915, ""count"": 2154, ""high"": ""Infinity"", ""low"": 2.0, ""mae"": 2.84976161157777, ""z_error_count"": 2154, ""z_error_rms"": 12.032518396711872, ""z_squared_error_sum"": 311859.3487753695}]",0.19170274741582083,0.19187608219883864,0.08438851359451453,0.1722586655884051,4.718416046565454
raw/r6/P1/d50/n4_M6/segment/rep03.npz,r6,r1,P1,P1_ridge_lse_hjb,ridge_lse,50,4,6,segment,segment,1.0,3,4,float64,0.18932989382026724,0.23469213804484182,0.02169110335926417,0.1473821772842663,0.16434168756086512,2.563630037708803,0.22218183650789697,0.2568908101139348,1267200,1268400,14652000,732600000,0,23.527377899968997,1.0,1.0,52.428171800756026,0,0,0,0.5772937835104787,2.2514609329409456,8.218344112545743,-0.05749168618269639,1267200,"[{""bias"": -0.1626162870497547, ""count"": 3321, ""high"": -2.0, ""low"": ""-Infinity"", ""mae"": 0.2981904746748667, ""z_error_count"": 3321, ""z_error_rms"": 2.478661958347284, ""z_squared_error_sum"": 20403.443909580295}, {""bias"": -0.16941401984914525, ""count"": 79454, ""high"": -1.0, ""low"": -2.0, ""mae"": 0.6619257376946768, ""z_error_count"": 79454, ""z_error_rms"": 3.3812161887051997, ""z_squared_error_sum"": 908367.6210695093}, {""bias"": -0.022772018409822896, ""count"": 377978, ""high"": -0.25, ""low"": -1.0, ""mae"": 1.496512916974714, ""z_error_count"": 377978, ""z_error_rms"": 5.084352014498518, ""z_squared_error_sum"": 9770971.46999372}, {""bias"": 0.4167217986619114, ""count"": 379242, ""high"": 0.25, ""low"": -0.25, ""mae"": 2.456288347806172, ""z_error_count"": 379242, ""z_error_rms"": 7.069854008008918, ""z_squared_error_sum"": 18955590.574476235}, {""bias"": 1.22565720695117, ""count"": 347904, ""high"": 1.0, ""low"": 0.25, ""mae"": 3.0434539611960068, ""z_error_count"": 347904, ""z_error_rms"": 9.16054432227402, ""z_squared_error_sum"": 29194563.25862178}, {""bias"": 2.1246541850858747, ""count"": 76939, ""high"": 2.0, ""low"": 1.0, ""mae"": 3.075805605546513, ""z_error_count"": 76939, ""z_error_rms"": 11.034465346175221, ""z_squared_error_sum"": 9368048.43669349}, {""bias"": 2.640327273399576, ""count"": 2362, ""high"": ""Infinity"", ""low"": 2.0, ""mae"": 2.884198459578177, ""z_error_count"": 2362, ""z_error_rms"": 12.013601490702817, ""z_squared_error_sum"": 340899.4782762588}]",0.19170274741582083,0.19187608219883864,0.08438851359451453,0.1722586655884051,4.718416046565454
raw/r6/P1/d50/n4_M6/segment/rep04.npz,r6,r1,P1,P1_ridge_lse_hjb,ridge_lse,50,4,6,segment,segment,1.0,4,4,float64,0.20050330301240518,0.24854262535902227,0.028827598190847206,0.15751020973044733,0.17404040383536537,2.5714496448790127,0.2351082627877525,0.2718365868304402,1267200,1268400,14652000,732600000,0,23.455962900072336,1.0,1.0,52.41204830479088,0,0,0,0.5936933018706299,2.259844816008808,8.269533427427609,-0.0579690685220489,1267200,"[{""bias"": -0.1764525516868375, ""count"": 2927, ""high"": -2.0, ""low"": ""-Infinity"", ""mae"": 0.31516938492492036, ""z_error_count"": 2927, ""z_error_rms"": 2.476088092236615, ""z_squared_error_sum"": 17945.47282799022}, {""bias"": -0.18094491336017973, ""count"": 80699, ""high"": -1.0, ""low"": -2.0, ""mae"": 0.6771755030283249, ""z_error_count"": 80699, ""z_error_rms"": 3.4060203522854295, ""z_squared_error_sum"": 936187.0524880924}, {""bias"": -0.014699455843870625, ""count"": 375264, ""high"": -0.25, ""low"": -1.0, ""mae"": 1.4934320597703863, ""z_error_count"": 375264, ""z_error_rms"": 5.076463835259546, ""z_squared_error_sum"": 9670735.30957044}, {""bias"": 0.4281016140682387, ""count"": 379014, ""high"": 0.25, ""low"": -0.25, ""mae"": 2.4572828855993856, ""z_error_count"": 379014, ""z_error_rms"": 7.06837756361185, ""z_squared_error_sum"": 18936282.831150707}, {""bias"": 1.2507504416590818, ""count"": 350635, ""high"": 1.0, ""low"": 0.25, ""mae"": 3.057675929564491, ""z_error_count"": 350635, ""z_error_rms"": 9.166301901217091, ""z_squared_error_sum"": 29460735.082985222}, {""bias"": 2.1730506388188178, ""count"": 76741, ""high"": 2.0, ""low"": 1.0, ""mae"": 3.1056766617027787, ""z_error_count"": 76741, ""z_error_rms"": 10.985327932315109, ""z_squared_error_sum"": 9260906.638785545}, {""bias"": 2.805944568286479, ""count"": 1920, ""high"": ""Infinity"", ""low"": 2.0, ""mae"": 3.0565769786380987, ""z_error_count"": 1920, ""z_error_rms"": 11.779587686331247, ""z_squared_error_sum"": 266416.67723513616}]",0.19170274741582083,0.19187608219883864,0.08438851359451453,0.1722586655884051,4.718416046565454
raw/r6/P1/d50/n4_M6/segment/rep05.npz,r6,r1,P1,P1_ridge_lse_hjb,ridge_lse,50,4,6,segment,segment,1.0,5,4,float64,0.19485497955333614,0.24154099934936438,0.02716058902675725,0.15523469695202535,0.16913755943809217,2.5260636016859648,0.20569524270519812,0.23782870087691732,1267200,1268400,14652000,732600000,0,23.564950000029057,1.0,1.0,52.553371576682935,0,0,0,0.586285253599908,2.2578426182483136,8.253401543898946,-0.057728043775853645,1267200,"[{""bias"": -0.1596752931205915, ""count"": 3058, ""high"": -2.0, ""low"": ""-Infinity"", ""mae"": 0.29649560874622544, ""z_error_count"": 3058, ""z_error_rms"": 2.449233490014253, ""z_squared_error_sum"": 18344.16125776143}, {""bias"": -0.17395091105086383, ""count"": 79117, ""high"": -1.0, ""low"": -2.0, ""mae"": 0.6709022766362548, ""z_error_count"": 79117, ""z_error_rms"": 3.402131336986546, ""z_squared_error_sum"": 915739.5293175536}, {""bias"": -0.02479158514342988, ""count"": 377176, ""high"": -0.25, ""low"": -1.0, ""mae"": 1.49262889120585, ""z_error_count"": 377176, ""z_error_rms"": 5.081478624542566, ""z_squared_error_sum"": 9739221.80020655}, {""bias"": 0.4379898153992641, ""count"": 377544, ""high"": 0.25, ""low"": -0.25, ""mae"": 2.4636778057103115, ""z_error_count"": 377544, ""z_error_rms"": 7.068473377564526, ""z_squared_error_sum"": 18863350.134124402}, {""bias"": 1.2258417733232005, ""count"": 349261, ""high"": 1.0, ""low"": 0.25, ""mae"": 3.048213929896816, ""z_error_count"": 349261, ""z_error_rms"": 9.16062297337903, ""z_squared_error_sum"": 29308939.96834045}, {""bias"": 2.118683116873768, ""count"": 79082, ""high"": 2.0, ""low"": 1.0, ""mae"": 3.0780599262520187, ""z_error_count"": 79082, ""z_error_rms"": 11.019703755720709, ""z_squared_error_sum"": 9603233.375654599}, {""bias"": 2.7998862637564725, ""count"": 1962, ""high"": ""Infinity"", ""low"": 2.0, ""mae"": 3.0477870774636893, ""z_error_count"": 1962, ""z_error_rms"": 11.918212828646373, ""z_squared_error_sum"": 278689.92977072333}]",0.19170274741582083,0.19187608219883864,0.08438851359451453,0.1722586655884051,4.718416046565454
raw/r6/P1/d50/n4_M6/segment/rep06.npz,r6,r1,P1,P1_ridge_lse_hjb,ridge_lse,50,4,6,segment,segment,1.0,6,4,float64,0.191039546067254,0.2368114121492228,0.018812779826262113,0.14808503788971972,0.16582569586902351,2.6137091190269475,0.18795137669482567,0.21731290991217894,1267200,1268400,14652000,732600000,0,23.378966700052842,1.0,1.0,52.36196907305256,0,0,0,0.5882410919526048,2.254916300927091,8.241658132605586,-0.05806766089525377,1267200,"[{""bias"": -0.17803089392255295, ""count"": 2797, ""high"": -2.0, ""low"": ""-Infinity"", ""mae"": 0.31427085128508686, ""z_error_count"": 2797, ""z_error_rms"": 2.509704702099811, ""z_squared_error_sum"": 17617.233683802093}, {""bias"": -0.17065607097558133, ""count"": 80344, ""high"": -1.0, ""low"": -2.0, ""mae"": 0.6692334938885479, ""z_error_count"": 80344, ""z_error_rms"": 3.3947093822527084, ""z_squared_error_sum"": 925888.4170121095}, {""bias"": -0.01788548627101979, ""count"": 377963, ""high"": -0.25, ""low"": -1.0, ""mae"": 1.4953095918759223, ""z_error_count"": 377963, ""z_error_rms"": 5.076921070961457, ""z_squared_error_sum"": 9742044.538252229}, {""bias"": 0.4252851359148117, ""count"": 377498, ""high"": 0.25, ""low"": -0.25, ""mae"": 2.457864024836304, ""z_error_count"": 377498, ""z_error_rms"": 7.05947285165924, ""z_squared_error_sum"": 18813049.57378709}, {""bias"": 1.2501123452845213, ""count"": 349837, ""high"": 1.0, ""low"": 0.25, ""mae"": 3.0501039911049723, ""z_error_count"": 349837, ""z_error_rms"": 9.165469823540763, ""z_squared_error_sum"": 29388350.028737657}, {""bias"": 2.1271756052256126, ""count"": 77167, ""high"": 2.0, ""low"": 1.0, ""mae"": 3.08389060529104, ""z_error_count"": 77167, ""z_error_rms"": 11.016850440416283, ""z_squared_error_sum"": 9365835.46517616}, {""bias"": 2.7357006544802913, ""count"": 1594, ""high"": ""Infinity"", ""low"": 2.0, ""mae"": 2.9847904229882696, ""z_error_count"": 1594, ""z_error_rms"": 11.986407446054788, ""z_squared_error_sum"": 229016.29775976323}]",0.19170274741582083,0.19187608219883864,0.08438851359451453,0.1722586655884051,4.718416046565454
raw/r6/P1/d50/n4_M6/segment/rep07.npz,r6,r1,P1,P1_ridge_lse_hjb,ridge_lse,50,4,6,segment,segment,1.0,7,4,float64,0.19382271854662708,0.24026141513898686,0.03512446648692284,0.1520619162168092,0.16824153867548144,2.5257265098396218,0.21206916619139923,0.2451983508614076,1267200,1268400,14652000,732600000,0,23.333278100006282,1.0,1.0,52.323359216983484,0,0,0,0.5851973216849203,2.2548649280666364,8.242891787587794,-0.05915747204673002,1267200,"[{""bias"": -0.17084573965376113, ""count"": 3175, ""high"": -2.0, ""low"": ""-Infinity"", ""mae"": 0.3100845414198339, ""z_error_count"": 3175, ""z_error_rms"": 2.4843889951731946, ""z_squared_error_sum"": 19596.699056897116}, {""bias"": -0.17967746330472564, ""count"": 82347, ""high"": -1.0, ""low"": -2.0, ""mae"": 0.674120077704398, ""z_error_count"": 82347, ""z_error_rms"": 3.396508994461974, ""z_squared_error_sum"": 949977.5015080724}, {""bias"": -0.022691596175643446, ""count"": 375164, ""high"": -0.25, ""low"": -1.0, ""mae"": 1.4879493658148373, ""z_error_count"": 375164, ""z_error_rms"": 5.077684095500473, ""z_squared_error_sum"": 9672806.806763807}, {""bias"": 0.4327826730503612, ""count"": 379950, ""high"": 0.25, ""low"": -0.25, ""mae"": 2.464077754717966, ""z_error_count"": 379950, ""z_error_rms"": 7.069167251907548, ""z_squared_error_sum"": 18987289.085186232}, {""bias"": 1.2389594831885522, ""count"": 348508, ""high"": 1.0, ""low"": 0.25, ""mae"": 3.055843101552677, ""z_error_count"": 348508, ""z_error_rms"": 9.172795321870407, ""z_squared_error_sum"": 29323523.76629141}, {""bias"": 2.1579533246919795, ""count"": 76354, ""high"": 2.0, ""low"": 1.0, ""mae"": 3.0977650375198604, ""z_error_count"": 76354, ""z_error_rms"": 10.995940111070718, ""z_squared_error_sum"": 9232015.505815191}, {""bias"": 2.598128657363486, ""count"": 1702, ""high"": ""Infinity"", ""low"": 2.0, ""mae"": 2.8817005264101265, ""z_error_count"": 1702, ""z_error_rms"": 12.101057774216402, ""z_squared_error_sum"": 249233.38993187936}]",0.19170274741582083,0.19187608219883864,0.08438851359451453,0.1722586655884051,4.718416046565454
raw/r6/P1/d50/n4_M6/segment/rep08.npz,r6,r1,P1,P1_ridge_lse_hjb,ridge_lse,50,4,6,segment,segment,1.0,8,4,float64,0.19032063521324247,0.235920254804827,0.025023563266878594,0.1490082953079386,0.16520166856636084,2.639598897154193,0.2034956332735658,0.23528547116152967,1267200,1268400,14652000,732600000,0,23.53454630007036,1.0,1.0,52.406719199080264,0,0,0,0.5874154978349668,2.258098151313064,8.254383807656838,-0.05994496496535169,1267200,"[{""bias"": -0.16576612050378806, ""count"": 2536, ""high"": -2.0, ""low"": ""-Infinity"", ""mae"": 0.3061917668365366, ""z_error_count"": 2536, ""z_error_rms"": 2.4911510200459714, ""z_squared_error_sum"": 15737.99351425855}, {""bias"": -0.17930398710810527, ""count"": 79801, ""high"": -1.0, ""low"": -2.0, ""mae"": 0.6755361641097487, ""z_error_count"": 79801, ""z_error_rms"": 3.401279761710345, ""z_squared_error_sum"": 923194.149294164}, {""bias"": -0.019858113235374612, ""count"": 378571, ""high"": -0.25, ""low"": -1.0, ""mae"": 1.4970787652201714, ""z_error_count"": 378571, ""z_error_rms"": 5.086249227039283, ""z_squared_error_sum"": 9793605.72414776}, {""bias"": 0.4234067830833188, ""count"": 381578, ""high"": 0.25, ""low"": -0.25, ""mae"": 2.460329261610707, ""z_error_count"": 381578, ""z_error_rms"": 7.068044445993164, ""z_squared_error_sum"": 19062588.414517693}, {""bias"": 1.2544438031246312, ""count"": 345415, ""high"": 1.0, ""low"": 0.25, ""mae"": 3.0583461795265623, ""z_error_count"": 345415, ""z_error_rms"": 9.174548973795428, ""z_squared_error_sum"": 29074391.885819025}, {""bias"": 2.14942612421467, ""count"": 76970, ""high"": 2.0, ""low"": 1.0, ""mae"": 3.090734940682418, ""z_error_count"": 76970, ""z_error_rms"": 11.019280285270476, ""z_squared_error_sum"": 9346046.690271834}, {""bias"": 2.7101315957262444, ""count"": 2329, ""high"": ""Infinity"", ""low"": 2.0, ""mae"": 2.973969682500777, ""z_error_count"": 2329, ""z_error_rms"": 11.811004460057024, ""z_squared_error_sum"": 324895.095581929}]",0.19170274741582083,0.19187608219883864,0.08438851359451453,0.1722586655884051,4.718416046565454
raw/r6/P1/d50/n4_M6/segment/rep09.npz,r6,r1,P1,P1_ridge_lse_hjb,ridge_lse,50,4,6,segment,segment,1.0,9,4,float64,0.19271261833042327,0.23888534193719105,0.034760756981383416,0.15166587565580947,0.167277952105968,2.582294260646484,0.19074185382399214,0.22053931195108056,1267200,1268400,14652000,732600000,0,23.399293400114402,1.0,1.0,52.44416269536917,0,0,0,0.5890057085239172,2.255291517903845,8.240088437656176,-0.05747691498802892,1267200,"[{""bias"": -0.16556920931124994, ""count"": 2565, ""high"": -2.0, ""low"": ""-Infinity"", ""mae"": 0.30918049149134114, ""z_error_count"": 2565, ""z_error_rms"": 2.458148426537054, ""z_squared_error_sum"": 15498.996306864117}, {""bias"": -0.17158202194152963, ""count"": 81786, ""high"": -1.0, ""low"": -2.0, ""mae"": 0.6647459192046955, ""z_error_count"": 81786, ""z_error_rms"": 3.3846996122879105, ""z_squared_error_sum"": 936956.0751909981}, {""bias"": -0.016432589970169782, ""count"": 374840, ""high"": -0.25, ""low"": -1.0, ""mae"": 1.4998658453462155, ""z_error_count"": 374840, ""z_error_rms"": 5.0834807066706045, ""z_squared_error_sum"": 9686531.351484384}, {""bias"": 0.43060108424517346, ""count"": 382132, ""high"": 0.25, ""low"": -0.25, ""mae"": 2.4526214814912666, ""z_error_count"": 382132, ""z_error_rms"": 7.062345485200798, ""z_squared_error_sum"": 19059492.200927697}, {""bias"": 1.2458654072528472, ""count"": 346172, ""high"": 1.0, ""low"": 0.25, ""mae"": 3.0571720794384105, ""z_error_count"": 346172, ""z_error_rms"": 9.179596168306599, ""z_squared_error_sum"": 29170178.668923333}, {""bias"": 2.136780033077799, ""count"": 77658, ""high"": 2.0, ""low"": 1.0, ""mae"": 3.079986391306192, ""z_error_count"": 77658, ""z_error_rms"": 11.01703361240995, ""z_squared_error_sum"": 9425742.049994705}, {""bias"": 2.558417704570178, ""count"": 2047, ""high"": ""Infinity"", ""low"": 2.0, ""mae"": 2.8420283755709663, ""z_error_count"": 2047, ""z_error_rms"": 11.953058238411941, ""z_squared_error_sum"": 292466.35576052597}]",0.19170274741582083,0.19187608219883864,0.08438851359451453,0.1722586655884051,4.718416046565454
raw/r6/P1/d50/n4_M6/oracle_state/rep00.npz,r6,r1,P1,P1_ridge_lse_hjb,ridge_lse,50,4,6,oracle_state,oracle_state,1.0,0,4,float64,0.030242728170821815,0.03748869442380339,-0.0006110935458372239,0.025662939127694316,0.026251221525300048,0.5689309884740918,0.0326865098274425,0.037792756245717436,1267200,1268400,14652000,732600000,0,22.480186300119385,0.0,0.0,0.0,0,0,0,0.0,0.0,0.0,-0.058653607498236955,1267200,"[{""bias"": 0.0, ""count"": 3026, ""high"": -2.0, ""low"": ""-Infinity"", ""mae"": 0.0, ""z_error_count"": 3026, ""z_error_rms"": 2.458102265730597, ""z_squared_error_sum"": 18283.89918183822}, {""bias"": 0.0, ""count"": 82219, ""high"": -1.0, ""low"": -2.0, ""mae"": 0.0, ""z_error_count"": 82219, ""z_error_rms"": 3.3404919256260173, ""z_squared_error_sum"": 917472.4731249873}, {""bias"": 0.0, ""count"": 373591, ""high"": -0.25, ""low"": -1.0, ""mae"": 0.0, ""z_error_count"": 373591, ""z_error_rms"": 5.0156103850238765, ""z_squared_error_sum"": 9398185.031708846}, {""bias"": 0.0, ""count"": 379415, ""high"": 0.25, ""low"": -0.25, ""mae"": 0.0, ""z_error_count"": 379415, ""z_error_rms"": 7.049112025950448, ""z_squared_error_sum"": 18853123.896164384}, {""bias"": 0.0, ""count"": 350129, ""high"": 1.0, ""low"": 0.25, ""mae"": 0.0, ""z_error_count"": 350129, ""z_error_rms"": 9.242315565985395, ""z_squared_error_sum"": 29908158.188655313}, {""bias"": 0.0, ""count"": 76553, ""high"": 2.0, ""low"": 1.0, ""mae"": 0.0, ""z_error_count"": 76553, ""z_error_rms"": 11.079330122957652, ""z_squared_error_sum"": 9396999.86443757}, {""bias"": 0.0, ""count"": 2267, ""high"": ""Infinity"", ""low"": 2.0, ""mae"": 0.0, ""z_error_count"": 2267, ""z_error_rms"": 12.12810006803979, ""z_squared_error_sum"": 333454.86912729684}]",0.02917516890629524,0.02902325267890487,0.009097805191299846,0.027739439048108775,4.718416046565454
raw/r6/P1/d50/n4_M6/oracle_state/rep01.npz,r6,r1,P1,P1_ridge_lse_hjb,ridge_lse,50,4,6,oracle_state,oracle_state,1.0,1,4,float64,0.029127493455274996,0.03610625652912003,8.626777992488156e-05,0.02483843130892615,0.025283178119785785,0.5685728987305155,0.03168763852628658,0.03663784249675136,1267200,1268400,14652000,732600000,0,22.973511199932545,0.0,0.0,0.0,0,0,0,0.0,0.0,0.0,-0.05880943839947982,1267200,"[{""bias"": 0.0, ""count"": 2606, ""high"": -2.0, ""low"": ""-Infinity"", ""mae"": 0.0, ""z_error_count"": 2606, ""z_error_rms"": 2.494621195975644, ""z_squared_error_sum"": 16217.489579136945}, {""bias"": 0.0, ""count"": 78399, ""high"": -1.0, ""low"": -2.0, ""mae"": 0.0, ""z_error_count"": 78399, ""z_error_rms"": 3.3456710332863815, ""z_squared_error_sum"": 877560.3560623077}, {""bias"": 0.0, ""count"": 376364, ""high"": -0.25, ""low"": -1.0, ""mae"": 0.0, ""z_error_count"": 376364, ""z_error_rms"": 5.0239873965372865, ""z_squared_error_sum"": 9499596.483139874}, {""bias"": 0.0, ""count"": 382819, ""high"": 0.25, ""low"": -0.25, ""mae"": 0.0, ""z_error_count"": 382819, ""z_error_rms"": 7.051059408512633, ""z_squared_error_sum"": 19032780.197229832}, {""bias"": 0.0, ""count"": 347952, ""high"": 1.0, ""low"": 0.25, ""mae"": 0.0, ""z_error_count"": 347952, ""z_error_rms"": 9.229652582928749, ""z_squared_error_sum"": 29640808.455577556}, {""bias"": 0.0, ""count"": 77108, ""high"": 2.0, ""low"": 1.0, ""mae"": 0.0, ""z_error_count"": 77108, ""z_error_rms"": 11.11741877348347, ""z_squared_error_sum"": 9530317.490265187}, {""bias"": 0.0, ""count"": 1952, ""high"": ""Infinity"", ""low"": 2.0, ""mae"": 0.0, ""z_error_count"": 1952, ""z_error_rms"": 11.820387491476005, ""z_squared_error_sum"": 272736.48599575}]",0.02917516890629524,0.02902325267890487,0.009097805191299846,0.027739439048108775,4.718416046565454
raw/r6/P1/d50/n4_M6/oracle_state/rep02.npz,r6,r1,P1,P1_ridge_lse_hjb,ridge_lse,50,4,6,oracle_state,oracle_state,1.0,2,4,float64,0.03042829553781592,0.037718722557408865,-0.001568713751898714,0.025775037327350626,0.026412297273205917,0.568274502751346,0.030517859481296754,0.03528532200612583,1267200,1268400,14652000,732600000,0,22.828542899806052,0.0,0.0,0.0,0,0,0,0.0,0.0,0.0,-0.0591475176447311,1267200,"[{""bias"": 0.0, ""count"": 2819, ""high"": -2.0, ""low"": ""-Infinity"", ""mae"": 0.0, ""z_error_count"": 2819, ""z_error_rms"": 2.4560776561545947, ""z_squared_error_sum"": 17005.102900181348}, {""bias"": 0.0, ""count"": 81216, ""high"": -1.0, ""low"": -2.0, ""mae"": 0.0, ""z_error_count"": 81216, ""z_error_rms"": 3.342295662953403, ""z_squared_error_sum"": 907259.0872908643}, {""bias"": 0.0, ""count"": 374225, ""high"": -0.25, ""low"": -1.0, ""mae"": 0.0, ""z_error_count"": 374225, ""z_error_rms"": 5.007261082726555, ""z_squared_error_sum"": 9382817.517218763}, {""bias"": 0.0, ""count"": 381437, ""high"": 0.25, ""low"": -0.25, ""mae"": 0.0, ""z_error_count"": 381437, ""z_error_rms"": 7.043984235045953, ""z_squared_error_sum"": 18926031.93823829}, {""bias"": 0.0, ""count"": 349622, ""high"": 1.0, ""low"": 0.25, ""mae"": 0.0, ""z_error_count"": 349622, ""z_error_rms"": 9.225781791146714, ""z_squared_error_sum"": 29758093.891478322}, {""bias"": 0.0, ""count"": 75727, ""high"": 2.0, ""low"": 1.0, ""mae"": 0.0, ""z_error_count"": 75727, ""z_error_rms"": 11.120784764587002, ""z_squared_error_sum"": 9365298.471218534}, {""bias"": 0.0, ""count"": 2154, ""high"": ""Infinity"", ""low"": 2.0, ""mae"": 0.0, ""z_error_count"": 2154, ""z_error_rms"": 12.132151432915503, ""z_squared_error_sum"": 317045.3179346312}]",0.02917516890629524,0.02902325267890487,0.009097805191299846,0.027739439048108775,4.718416046565454
raw/r6/P1/d50/n4_M6/oracle_state/rep03.npz,r6,r1,P1,P1_ridge_lse_hjb,ridge_lse,50,4,6,oracle_state,oracle_state,1.0,3,4,float64,0.02767558428445366,0.034306479110608135,0.0016220425718872235,0.023436602285160972,0.024022895348252686,0.570309862420831,0.029232791669955262,0.03379950247967177,1267200,1268400,14652000,732600000,0,22.91665849997662,0.0,0.0,0.0,0,0,0,0.0,0.0,0.0,-0.05804409356594692,1267200,"[{""bias"": 0.0, ""count"": 3321, ""high"": -2.0, ""low"": ""-Infinity"", ""mae"": 0.0, ""z_error_count"": 3321, ""z_error_rms"": 2.4631707379979706, ""z_squared_error_sum"": 20149.20469072236}, {""bias"": 0.0, ""count"": 79454, ""high"": -1.0, ""low"": -2.0, ""mae"": 0.0, ""z_error_count"": 79454, ""z_error_rms"": 3.3381624433428687, ""z_squared_error_sum"": 885382.0224915994}, {""bias"": 0.0, ""count"": 377978, ""high"": -0.25, ""low"": -1.0, ""mae"": 0.0, ""z_error_count"": 377978, ""z_error_rms"": 5.022709795201158, ""z_squared_error_sum"": 9535482.966112942}, {""bias"": 0.0, ""count"": 379242, ""high"": 0.25, ""low"": -0.25, ""mae"": 0.0, ""z_error_count"": 379242, ""z_error_rms"": 7.05524814242437, ""z_squared_error_sum"": 18877349.406475164}, {""bias"": 0.0, ""count"": 347904, ""high"": 1.0, ""low"": 0.25, ""mae"": 0.0, ""z_error_count"": 347904, ""z_error_rms"": 9.229118470947967, ""z_squared_error_sum"": 29633289.501011867}, {""bias"": 0.0, ""count"": 76939, ""high"": 2.0, ""low"": 1.0, ""mae"": 0.0, ""z_error_count"": 76939, ""z_error_rms"": 11.147396250225583, ""z_squared_error_sum"": 9560781.99225211}, {""bias"": 0.0, ""count"": 2362, ""high"": ""Infinity"", ""low"": 2.0, ""mae"": 0.0, ""z_error_count"": 2362, ""z_error_rms"": 12.134385614433032, ""z_squared_error_sum"": 347788.70823431155}]",0.02917516890629524,0.02902325267890487,0.009097805191299846,0.027739439048108775,4.718416046565454
raw/r6/P1/d50/n4_M6/oracle_state/rep04.npz,r6,r1,P1,P1_ridge_lse_hjb,ridge_lse,50,4,6,oracle_state,oracle_state,1.0,4,4,float64,0.029879766094224915,0.03703876893096712,0.0006017299350907101,0.024911658487153245,0.025936164040267305,0.569299637076374,0.034195944162509685,0.039537992558657066,1267200,1268400,14652000,732600000,0,23.020103099988773,0.0,0.0,0.0,0,0,0,0.0,0.0,0.0,-0.058780248283380326,1267200,"[{""bias"": 0.0, ""count"": 2927, ""high"": -2.0, ""low"": ""-Infinity"", ""mae"": 0.0, ""z_error_count"": 2927, ""z_error_rms"": 2.464527010444987, ""z_squared_error_sum"": 17778.285938518173}, {""bias"": 0.0, ""count"": 80699, ""high"": -1.0, ""low"": -2.0, ""mae"": 0.0, ""z_error_count"": 80699, ""z_error_rms"": 3.357420839958241, ""z_squared_error_sum"": 909661.2957397857}, {""bias"": 0.0, ""count"": 375264, ""high"": -0.25, ""low"": -1.0, ""mae"": 0.0, ""z_error_count"": 375264, ""z_error_rms"": 5.014024253937957, ""z_squared_error_sum"": 9434301.783108119}, {""bias"": 0.0, ""count"": 379014, ""high"": 0.25, ""low"": -0.25, ""mae"": 0.0, ""z_error_count"": 379014, ""z_error_rms"": 7.055169947594511, ""z_squared_error_sum"": 18865582.168919887}, {""bias"": 0.0, ""count"": 350635, ""high"": 1.0, ""low"": 0.25, ""mae"": 0.0, ""z_error_count"": 350635, ""z_error_rms"": 9.23497014830817, ""z_squared_error_sum"": 29903791.541811552}, {""bias"": 0.0, ""count"": 76741, ""high"": 2.0, ""low"": 1.0, ""mae"": 0.0, ""z_error_count"": 76741, ""z_error_rms"": 11.10265956513956, ""z_squared_error_sum"": 9459790.121493021}, {""bias"": 0.0, ""count"": 1920, ""high"": ""Infinity"", ""low"": 2.0, ""mae"": 0.0, ""z_error_count"": 1920, ""z_error_rms"": 11.885192370427482, ""z_squared_error_sum"": 271214.97154956986}]",0.02917516890629524,0.02902325267890487,0.009097805191299846,0.027739439048108775,4.718416046565454
raw/r6/P1/d50/n4_M6/oracle_state/rep05.npz,r6,r1,P1,P1_ridge_lse_hjb,ridge_lse,50,4,6,oracle_state,oracle_state,1.0,5,4,float64,0.02756176178711016,0.03416538546332331,0.002383842431384194,0.023753004194570496,0.023924095412762407,0.5728129237460096,0.02822748174415721,0.032637144272030155,1267200,1268400,14652000,732600000,0,22.681688399985433,0.0,0.0,0.0,0,0,0,0.0,0.0,0.0,-0.05829756518076509,1267200,"[{""bias"": 0.0, ""count"": 3058, ""high"": -2.0, ""low"": ""-Infinity"", ""mae"": 0.0, ""z_error_count"": 3058, ""z_error_rms"": 2.4355655627120174, ""z_squared_error_sum"": 18139.993648201704}, {""bias"": 0.0, ""count"": 79117, ""high"": -1.0, ""low"": -2.0, ""mae"": 0.0, ""z_error_count"": 79117, ""z_error_rms"": 3.3492830166512753, ""z_squared_error_sum"": 887510.5118415633}, {""bias"": 0.0, ""count"": 377176, ""high"": -0.25, ""low"": -1.0, ""mae"": 0.0, ""z_error_count"": 377176, ""z_error_rms"": 5.018598006451739, ""z_squared_error_sum"": 9499677.676653497}, {""bias"": 0.0, ""count"": 377544, ""high"": 0.25, ""low"": -0.25, ""mae"": 0.0, ""z_error_count"": 377544, ""z_error_rms"": 7.056927268790762, ""z_squared_error_sum"": 18801775.19485749}, {""bias"": 0.0, ""count"": 349261, ""high"": 1.0, ""low"": 0.25, ""mae"": 0.0, ""z_error_count"": 349261, ""z_error_rms"": 9.228036252639727, ""z_squared_error_sum"": 29741897.811385423}, {""bias"": 0.0, ""count"": 79082, ""high"": 2.0, ""low"": 1.0, ""mae"": 0.0, ""z_error_count"": 79082, ""z_error_rms"": 11.127627421267102, ""z_squared_error_sum"": 9792256.845642483}, {""bias"": 0.0, ""count"": 1962, ""high"": ""Infinity"", ""low"": 2.0, ""mae"": 0.0, ""z_error_count"": 1962, ""z_error_rms"": 12.036715025380479, ""z_squared_error_sum"": 284259.481877556}]",0.02917516890629524,0.02902325267890487,0.009097805191299846,0.027739439048108775,4.718416046565454
raw/r6/P1/d50/n4_M6/oracle_state/rep06.npz,r6,r1,P1,P1_ridge_lse_hjb,ridge_lse,50,4,6,oracle_state,oracle_state,1.0,6,4,float64,0.028610795528702288,0.03546576104970143,-0.0006892950982933685,0.02489079317844806,0.024834675205117864,0.5729318298530113,0.031961714344704774,0.03695473410289121,1267200,1268400,14652000,732600000,0,23.01386329997331,0.0,0.0,0.0,0,0,0,0.0,0.0,0.0,-0.05867870198992187,1267200,"[{""bias"": 0.0, ""count"": 2797, ""high"": -2.0, ""low"": ""-Infinity"", ""mae"": 0.0, ""z_error_count"": 2797, ""z_error_rms"": 2.4978439071081273, ""z_squared_error_sum"": 17451.110043423316}, {""bias"": 0.0, ""count"": 80344, ""high"": -1.0, ""low"": -2.0, ""mae"": 0.0, ""z_error_count"": 80344, ""z_error_rms"": 3.346271443021313, ""z_squared_error_sum"": 899654.5568346061}, {""bias"": 0.0, ""count"": 377963, ""high"": -0.25, ""low"": -1.0, ""mae"": 0.0, ""z_error_count"": 377963, ""z_error_rms"": 5.013773660330078, ""z_squared_error_sum"": 9501206.044559706}, {""bias"": 0.0, ""count"": 377498, ""high"": 0.25, ""low"": -0.25, ""mae"": 0.0, ""z_error_count"": 377498, ""z_error_rms"": 7.046005058683257, ""z_squared_error_sum"": 18741336.40846417}, {""bias"": 0.0, ""count"": 349837, ""high"": 1.0, ""low"": 0.25, ""mae"": 0.0, ""z_error_count"": 349837, ""z_error_rms"": 9.232802295103282, ""z_squared_error_sum"": 29821728.50113261}, {""bias"": 0.0, ""count"": 77167, ""high"": 2.0, ""low"": 1.0, ""mae"": 0.0, ""z_error_count"": 77167, ""z_error_rms"": 11.131682720828225, ""z_squared_error_sum"": 9562099.433336228}, {""bias"": 0.0, ""count"": 1594, ""high"": ""Infinity"", ""low"": 2.0, ""mae"": 0.0, ""z_error_count"": 1594, ""z_error_rms"": 12.088639525451436, ""z_squared_error_sum"": 232939.51768863294}]",0.02917516890629524,0.02902325267890487,0.009097805191299846,0.027739439048108775,4.718416046565454
raw/r6/P1/d50/n4_M6/oracle_state/rep07.npz,r6,r1,P1,P1_ridge_lse_hjb,ridge_lse,50,4,6,oracle_state,oracle_state,1.0,7,4,float64,0.02891901190253474,0.03584782411589548,-0.0016448021114900437,0.024112880223162624,0.025102212454452613,0.5698861310762767,0.03438563695520082,0.03975731892643362,1267200,1268400,14652000,732600000,0,23.04730590013787,0.0,0.0,0.0,0,0,0,0.0,0.0,0.0,-0.06008626216863257,1267200,"[{""bias"": 0.0, ""count"": 3175, ""high"": -2.0, ""low"": ""-Infinity"", ""mae"": 0.0, ""z_error_count"": 3175, ""z_error_rms"": 2.467104073537012, ""z_squared_error_sum"": 19324.962968179767}, {""bias"": 0.0, ""count"": 82347, ""high"": -1.0, ""low"": -2.0, ""mae"": 0.0, ""z_error_count"": 82347, ""z_error_rms"": 3.346506946227529, ""z_squared_error_sum"": 922213.0075074049}, {""bias"": 0.0, ""count"": 375164, ""high"": -0.25, ""low"": -1.0, ""mae"": 0.0, ""z_error_count"": 375164, ""z_error_rms"": 5.013324535729127, ""z_squared_error_sum"": 9429155.469059562}, {""bias"": 0.0, ""count"": 379950, ""high"": 0.25, ""low"": -0.25, ""mae"": 0.0, ""z_error_count"": 379950, ""z_error_rms"": 7.057750286168539, ""z_squared_error_sum"": 18926008.2667715}, {""bias"": 0.0, ""count"": 348508, ""high"": 1.0, ""low"": 0.25, ""mae"": 0.0, ""z_error_count"": 348508, ""z_error_rms"": 9.24094676240964, ""z_squared_error_sum"": 29760874.488169216}, {""bias"": 0.0, ""count"": 76354, ""high"": 2.0, ""low"": 1.0, ""mae"": 0.0, ""z_error_count"": 76354, ""z_error_rms"": 11.108431049204015, ""z_squared_error_sum"": 9421872.891586626}, {""bias"": 0.0, ""count"": 1702, ""high"": ""Infinity"", ""low"": 2.0, ""mae"": 0.0, ""z_error_count"": 1702, ""z_error_rms"": 12.20670313799483, ""z_squared_error_sum"": 253604.12975152407}]",0.02917516890629524,0.02902325267890487,0.009097805191299846,0.027739439048108775,4.718416046565454
raw/r6/P1/d50/n4_M6/oracle_state/rep08.npz,r6,r1,P1,P1_ridge_lse_hjb,ridge_lse,50,4,6,oracle_state,oracle_state,1.0,8,4,float64,0.02874236353436472,0.0356288519167809,0.0009487764499843432,0.024916519089227637,0.02494887855485463,0.5751658282709791,0.029813798511410878,0.03447127349628215,1267200,1268400,14652000,732600000,0,22.60945580014959,0.0,0.0,0.0,0,0,0,0.0,0.0,0.0,-0.06116467673739786,1267200,"[{""bias"": 0.0, ""count"": 2536, ""high"": -2.0, ""low"": ""-Infinity"", ""mae"": 0.0, ""z_error_count"": 2536, ""z_error_rms"": 2.4776246053214255, ""z_squared_error_sum"": 15567.549664891561}, {""bias"": 0.0, ""count"": 79801, ""high"": -1.0, ""low"": -2.0, ""mae"": 0.0, ""z_error_count"": 79801, ""z_error_rms"": 3.3540352043934845, ""z_squared_error_sum"": 897725.5113065576}, {""bias"": 0.0, ""count"": 378571, ""high"": -0.25, ""low"": -1.0, ""mae"": 0.0, ""z_error_count"": 378571, ""z_error_rms"": 5.020903784620216, ""z_squared_error_sum"": 9543576.089967374}, {""bias"": 0.0, ""count"": 381578, ""high"": 0.25, ""low"": -0.25, ""mae"": 0.0, ""z_error_count"": 381578, ""z_error_rms"": 7.053426602091341, ""z_squared_error_sum"": 18983821.000553586}, {""bias"": 0.0, ""count"": 345415, ""high"": 1.0, ""low"": 0.25, ""mae"": 0.0, ""z_error_count"": 345415, ""z_error_rms"": 9.244008946301346, ""z_squared_error_sum"": 29516299.438838974}, {""bias"": 0.0, ""count"": 76970, ""high"": 2.0, ""low"": 1.0, ""mae"": 0.0, ""z_error_count"": 76970, ""z_error_rms"": 11.13280915423316, ""z_squared_error_sum"": 9539618.67098254}, {""bias"": 0.0, ""count"": 2329, ""high"": ""Infinity"", ""low"": 2.0, ""mae"": 0.0, ""z_error_count"": 2329, ""z_error_rms"": 11.901582706041165, ""z_squared_error_sum"": 329897.42554645106}]",0.02917516890629524,0.02902325267890487,0.009097805191299846,0.027739439048108775,4.718416046565454
raw/r6/P1/d50/n4_M6/oracle_state/rep09.npz,r6,r1,P1,P1_ridge_lse_hjb,ridge_lse,50,4,6,oracle_state,oracle_state,1.0,9,4,float64,0.030563888767649205,0.03788680306689348,-7.535828314511057e-05,0.02555827191718493,0.026529994588526784,0.5719763321320664,0.030185568634140805,0.034901121090960996,1267200,1268400,14652000,732600000,0,23.155376999871805,0.0,0.0,0.0,0,0,0,0.0,0.0,0.0,-0.058158185494432475,1267200,"[{""bias"": 0.0, ""count"": 2565, ""high"": -2.0, ""low"": ""-Infinity"", ""mae"": 0.0, ""z_error_count"": 2565, ""z_error_rms"": 2.446376417850549, ""z_squared_error_sum"": 15350.903187096204}, {""bias"": 0.0, ""count"": 81786, ""high"": -1.0, ""low"": -2.0, ""mae"": 0.0, ""z_error_count"": 81786, ""z_error_rms"": 3.337914981711602, ""z_squared_error_sum"": 911233.1481060717}, {""bias"": 0.0, ""count"": 374840, ""high"": -0.25, ""low"": -1.0, ""mae"": 0.0, ""z_error_count"": 374840, ""z_error_rms"": 5.020806658303929, ""z_squared_error_sum"": 9449153.95260589}, {""bias"": 0.0, ""count"": 382132, ""high"": 0.25, ""low"": -0.25, ""mae"": 0.0, ""z_error_count"": 382132, ""z_error_rms"": 7.046982437115546, ""z_squared_error_sum"": 18976660.396077625}, {""bias"": 0.0, ""count"": 346172, ""high"": 1.0, ""low"": 0.25, ""mae"": 0.0, ""z_error_count"": 346172, ""z_error_rms"": 9.247177954145375, ""z_squared_error_sum"": 29601271.61162864}, {""bias"": 0.0, ""count"": 77658, ""high"": 2.0, ""low"": 1.0, ""mae"": 0.0, ""z_error_count"": 77658, ""z_error_rms"": 11.132115045604909, ""z_squared_error_sum"": 9623688.857306592}, {""bias"": 0.0, ""count"": 2047, ""high"": ""Infinity"", ""low"": 2.0, ""mae"": 0.0, ""z_error_count"": 2047, ""z_error_rms"": 12.028375796423846, ""z_squared_error_sum"": 296163.69434208976}]",0.02917516890629524,0.02902325267890487,0.009097805191299846,0.027739439048108775,4.718416046565454
raw/r6/P1/d50/n4_M6/centre/rep00.npz,r6,,P1,P1_ridge_lse_hjb,ridge_lse,50,4,6,centre,centre,0.0,0,4,float64,0.23989750513153807,0.2973754289662899,0.1192244426677199,0.2014154527326939,0.2082352661771678,0.4305444781433939,0.23856607549845377,0.2758345747957739,1267200,1268400,14652000,732600000,0,23.94040760002099,1.0,1.0,52.748786127121164,0,0,0,0.7276328886940213,1.855890018277028,5.1845693892174936,-0.05734749661842216,1267200,"[{""bias"": -2.676004454942947, ""count"": 3026, ""high"": -2.0, ""low"": ""-Infinity"", ""mae"": 2.676004454942947, ""z_error_count"": 3026, ""z_error_rms"": 2.6548701093720513, ""z_squared_error_sum"": 21328.26261065007}, {""bias"": -2.2880017026725534, ""count"": 82219, ""high"": -1.0, ""low"": -2.0, ""mae"": 2.2880017026725534, ""z_error_count"": 82219, ""z_error_rms"": 3.535969776233235, ""z_squared_error_sum"": 1027990.9202062603}, {""bias"": -1.183065793049019, ""count"": 373591, ""high"": -0.25, ""low"": -1.0, ""mae"": 1.288598179335373, ""z_error_count"": 373591, ""z_error_rms"": 5.07560528867503, ""z_squared_error_sum"": 9624365.05982331}, {""bias"": 0.5873100792167998, ""count"": 379415, ""high"": 0.25, ""low"": -0.25, ""mae"": 0.887525981474598, ""z_error_count"": 379415, ""z_error_rms"": 6.933696100528343, ""z_squared_error_sum"": 18240809.270658668}, {""bias"": 2.7616986480377785, ""count"": 350129, ""high"": 1.0, ""low"": 0.25, ""mae"": 2.7616986480377785, ""z_error_count"": 350129, ""z_error_rms"": 8.96650996347217, ""z_squared_error_sum"": 28149776.704585325}, {""bias"": 4.673344834238169, ""count"": 76553, ""high"": 2.0, ""low"": 1.0, ""mae"": 4.673344834238169, ""z_error_count"": 76553, ""z_error_rms"": 10.777422857584224, ""z_squared_error_sum"": 8891848.624718098}, {""bias"": 5.606671361463118, ""count"": 2267, ""high"": ""Infinity"", ""low"": 2.0, ""mae"": 5.606671361463118, ""z_error_count"": 2267, ""z_error_rms"": 11.950063053323845, ""z_squared_error_sum"": 323736.68382006814}]",0.23876155085854345,0.23872926811384854,0.237680543673247,0.022727041076101982,4.718416046565454
raw/r6/P1/d50/n4_M6/centre/rep01.npz,r6,,P1,P1_ridge_lse_hjb,ridge_lse,50,4,6,centre,centre,0.0,1,4,float64,0.23828223509357607,0.2953731504508382,0.11939088197645206,0.20169382214833706,0.20683318329131786,0.4324878425771944,0.24473519744398806,0.28296742939446035,1267200,1268400,14652000,732600000,0,23.834682299988344,1.0,1.0,52.780082723309825,0,0,0,0.73336315436409,1.8522902460074036,5.1681865313907895,-0.05730342020864107,1267200,"[{""bias"": -2.675319221236436, ""count"": 2606, ""high"": -2.0, ""low"": ""-Infinity"", ""mae"": 2.675319221236436, ""z_error_count"": 2606, ""z_error_rms"": 2.6639358823319714, ""z_squared_error_sum"": 18493.620727768182}, {""bias"": -2.2862832612411172, ""count"": 78399, ""high"": -1.0, ""low"": -2.0, ""mae"": 2.2862832612411172, ""z_error_count"": 78399, ""z_error_rms"": 3.5368386327672536, ""z_squared_error_sum"": 980710.9278885047}, {""bias"": -1.1822799081628406, ""count"": 376364, ""high"": -0.25, ""low"": -1.0, ""mae"": 1.2883326223095262, ""z_error_count"": 376364, ""z_error_rms"": 5.083371990930764, ""z_squared_error_sum"": 9725498.22428599}, {""bias"": 0.5962571048242419, ""count"": 382819, ""high"": 0.25, ""low"": -0.25, ""mae"": 0.8982964224509493, ""z_error_count"": 382819, ""z_error_rms"": 6.933563454748827, ""z_squared_error_sum"": 18403756.286639147}, {""bias"": 2.759567536053797, ""count"": 347952, ""high"": 1.0, ""low"": 0.25, ""mae"": 2.759567536053797, ""z_error_count"": 347952, ""z_error_rms"": 8.95891234109258, ""z_squared_error_sum"": 27927361.81541647}, {""bias"": 4.682296519318448, ""count"": 77108, ""high"": 2.0, ""low"": 1.0, ""mae"": 4.682296519318448, ""z_error_count"": 77108, ""z_error_rms"": 10.811317210967166, ""z_squared_error_sum"": 9012736.18200623}, {""bias"": 5.636002011397992, ""count"": 1952, ""high"": ""Infinity"", ""low"": 2.0, ""mae"": 5.636002011397992, ""z_error_count"": 1952, ""z_error_rms"": 11.592878361011863, ""z_squared_error_sum"": 262338.7056091597}]",0.23876155085854345,0.23872926811384854,0.237680543673247,0.022727041076101982,4.718416046565454
raw/r6/P1/d50/n4_M6/centre/rep02.npz,r6,,P1,P1_ridge_lse_hjb,ridge_lse,50,4,6,centre,centre,0.0,2,4,float64,0.23752599958798565,0.29443572570458587,0.11772189308256502,0.20074894379027194,0.20617675753268858,0.4313229841598085,0.24052685423849698,0.2781016639822744,1267200,1268400,14652000,732600000,0,23.78391349990852,1.0,1.0,52.599894717364016,0,0,0,0.7234414127032643,1.8540070201116567,5.172105330498989,-0.05782857183981895,1267200,"[{""bias"": -2.6802922816945878, ""count"": 2819, ""high"": -2.0, ""low"": ""-Infinity"", ""mae"": 2.6802922816945878, ""z_error_count"": 2819, ""z_error_rms"": 2.6128362422307765, ""z_squared_error_sum"": 19245.068391746583}, {""bias"": -2.29015148648856, ""count"": 81216, ""high"": -1.0, ""low"": -2.0, ""mae"": 2.29015148648856, ""z_error_count"": 81216, ""z_error_rms"": 3.536538048693915, ""z_squared_error_sum"": 1015776.7448545304}, {""bias"": -1.1862486751711572, ""count"": 374225, ""high"": -0.25, ""low"": -1.0, ""mae"": 1.2956219351142324, ""z_error_count"": 374225, ""z_error_rms"": 5.067624150473855, ""z_squared_error_sum"": 9610402.817663586}, {""bias"": 0.5855805375681946, ""count"": 381437, ""high"": 0.25, ""low"": -0.25, ""mae"": 0.8917106047519303, ""z_error_count"": 381437, ""z_error_rms"": 6.926496103496139, ""z_squared_error_sum"": 18299954.355730433}, {""bias"": 2.7573380110340775, ""count"": 349622, ""high"": 1.0, ""low"": 0.25, ""mae"": 2.7573380110340775, ""z_error_count"": 349622, ""z_error_rms"": 8.948466244245516, ""z_squared_error_sum"": 27995998.475349486}, {""bias"": 4.68378622672458, ""count"": 75727, ""high"": 2.0, ""low"": 1.0, ""mae"": 4.68378622672458, ""z_error_count"": 75727, ""z_error_rms"": 10.811623997804661, ""z_squared_error_sum"": 8851820.922435544}, {""bias"": 5.6380513086938135, ""count"": 2154, ""high"": ""Infinity"", ""low"": 2.0, ""mae"": 5.6380513086938135, ""z_error_count"": 2154, ""z_error_rms"": 11.88277418808216, ""z_squared_error_sum"": 304145.49446026573}]",0.23876155085854345,0.23872926811384854,0.237680543673247,0.022727041076101982,4.718416046565454
raw/r6/P1/d50/n4_M6/centre/rep03.npz,r6,,P1,P1_ridge_lse_hjb,ridge_lse,50,4,6,centre,centre,0.0,3,4,float64,0.2387129919090895,0.2959071138729389,0.12029408915380456,0.20178746473836953,0.20720708780560987,0.4322516568798719,0.2448289666439872,0.28307584710371203,1267200,1268400,14652000,732600000,0,23.8074982999824,1.0,1.0,52.77791781083546,0,0,0,0.7240917903518754,1.8519348507662297,5.166533701549463,-0.05695575009656704,1267200,"[{""bias"": -2.677154501229404, ""count"": 3321, ""high"": -2.0, ""low"": ""-Infinity"", ""mae"": 2.677154501229404, ""z_error_count"": 3321, ""z_error_rms"": 2.654576775140238, ""z_squared_error_sum"": 23402.34925683341}, {""bias"": -2.292040837976139, ""count"": 79454, ""high"": -1.0, ""low"": -2.0, ""mae"": 2.292040837976139, ""z_error_count"": 79454, ""z_error_rms"": 3.5276662002581687, ""z_squared_error_sum"": 988759.6474995501}, {""bias"": -1.181270009817887, ""count"": 377978, ""high"": -0.25, ""low"": -1.0, ""mae"": 1.2885994644516943, ""z_error_count"": 377978, ""z_error_rms"": 5.082254744484779, ""z_squared_error_sum"": 9762912.177910453}, {""bias"": 0.5914331443833309, ""count"": 379242, ""high"": 0.25, ""low"": -0.25, ""mae"": 0.8910864431564773, ""z_error_count"": 379242, ""z_error_rms"": 6.938479981369366, ""z_squared_error_sum"": 18257659.673333593}, {""bias"": 2.7518395574186263, ""count"": 347904, ""high"": 1.0, ""low"": 0.25, ""mae"": 2.7518395574186263, ""z_error_count"": 347904, ""z_error_rms"": 8.957692235610208, ""z_squared_error_sum"": 27915904.001375128}, {""bias"": 4.67960760514884, ""count"": 76939, ""high"": 2.0, ""low"": 1.0, ""mae"": 4.67960760514884, ""z_error_count"": 76939, ""z_error_rms"": 10.835755356666938, ""z_squared_error_sum"": 9033684.520271169}, {""bias"": 5.651662948789544, ""count"": 2362, ""high"": ""Infinity"", ""low"": 2.0, ""mae"": 5.651662948789544, ""z_error_count"": 2362, ""z_error_rms"": 11.879470812137619, ""z_squared_error_sum"": 333329.7548459267}]",0.23876155085854345,0.23872926811384854,0.237680543673247,0.022727041076101982,4.718416046565454
raw/r6/P1/d50/n4_M6/centre/rep04.npz,r6,,P1,P1_ridge_lse_hjb,ridge_lse,50,4,6,centre,centre,0.0,4,4,float64,0.23874554431860753,0.2959474656337419,0.11937490159569392,0.20034937248151585,0.20723534387128667,0.43295030057531264,0.24324593410226783,0.2812455151626735,1267200,1268400,14652000,732600000,0,23.76533419988118,1.0,1.0,52.7360123133085,0,0,0,0.7353658869098969,1.8584231409135876,5.198607487759119,-0.057366110113140106,1267200,"[{""bias"": -2.6775658856813456, ""count"": 2927, ""high"": -2.0, ""low"": ""-Infinity"", ""mae"": 2.6775658856813456, ""z_error_count"": 2927, ""z_error_rms"": 2.6568356981108483, ""z_squared_error_sum"": 20661.037137615276}, {""bias"": -2.28651202442803, ""count"": 80699, ""high"": -1.0, ""low"": -2.0, ""mae"": 2.28651202442803, ""z_error_count"": 80699, ""z_error_rms"": 3.5497870645319534, ""z_squared_error_sum"": 1016887.14703573}, {""bias"": -1.1818321320601803, ""count"": 375264, ""high"": -0.25, ""low"": -1.0, ""mae"": 1.2882377393348923, ""z_error_count"": 375264, ""z_error_rms"": 5.0745300553464565, ""z_squared_error_sum"": 9663368.95677505}, {""bias"": 0.5971345689711851, ""count"": 379014, ""high"": 0.25, ""low"": -0.25, ""mae"": 0.8913108095344994, ""z_error_count"": 379014, ""z_error_rms"": 6.937348046646146, ""z_squared_error_sum"": 18240730.186966512}, {""bias"": 2.76887031915336, ""count"": 350635, ""high"": 1.0, ""low"": 0.25, ""mae"": 2.76887031915336, ""z_error_count"": 350635, ""z_error_rms"": 8.95861292423917, ""z_squared_error_sum"": 28140823.96763001}, {""bias"": 4.687637405081347, ""count"": 76741, ""high"": 2.0, ""low"": 1.0, ""mae"": 4.687637405081347, ""z_error_count"": 76741, ""z_error_rms"": 10.789018133991787, ""z_squared_error_sum"": 8932875.892476918}, {""bias"": 5.620826208661347, ""count"": 1920, ""high"": ""Infinity"", ""low"": 2.0, ""mae"": 5.620826208661347, ""z_error_count"": 1920, ""z_error_rms"": 11.666294564074045, ""z_squared_error_sum"": 261316.6634030277}]",0.23876155085854345,0.23872926811384854,0.237680543673247,0.022727041076101982,4.718416046565454
raw/r6/P1/d50/n4_M6/centre/rep05.npz,r6,,P1,P1_ridge_lse_hjb,ridge_lse,50,4,6,centre,centre,0.0,5,4,float64,0.24140030855230038,0.2992382945749012,0.12154928400199842,0.20267990242401215,0.2095397260554096,0.4318757564238936,0.24439952398282666,0.2825793174374848,1267200,1268400,14652000,732600000,0,23.681159100029618,1.0,1.0,52.90552791833197,0,0,0,0.7361429575902834,1.8616235407041593,5.202353832654745,-0.05743200696665553,1267200,"[{""bias"": -2.680679179170226, ""count"": 3058, ""high"": -2.0, ""low"": ""-Infinity"", ""mae"": 2.680679179170226, ""z_error_count"": 3058, ""z_error_rms"": 2.607281329493556, ""z_squared_error_sum"": 20788.02691738234}, {""bias"": -2.28568357500136, ""count"": 79117, ""high"": -1.0, ""low"": -2.0, ""mae"": 2.28568357500136, ""z_error_count"": 79117, ""z_error_rms"": 3.5427114031974742, ""z_squared_error_sum"": 992981.9668993904}, {""bias"": -1.1870380274375782, ""count"": 377176, ""high"": -0.25, ""low"": -1.0, ""mae"": 1.2943674365737803, ""z_error_count"": 377176, ""z_error_rms"": 5.076780527873455, ""z_squared_error_sum"": 9721221.270422503}, {""bias"": 0.6031402353461012, ""count"": 377544, ""high"": 0.25, ""low"": -0.25, ""mae"": 0.9003625960812266, ""z_error_count"": 377544, ""z_error_rms"": 6.938008119163286, ""z_squared_error_sum"": 18173441.62183793}, {""bias"": 2.7532241161384343, ""count"": 349261, ""high"": 1.0, ""low"": 0.25, ""mae"": 2.7532241161384343, ""z_error_count"": 349261, ""z_error_rms"": 8.957937224668223, ""z_squared_error_sum"": 28026322.973925527}, {""bias"": 4.669039567080334, ""count"": 79082, ""high"": 2.0, ""low"": 1.0, ""mae"": 4.669039567080334, ""z_error_count"": 79082, ""z_error_rms"": 10.829206333592307, ""z_squared_error_sum"": 9274081.355630616}, {""bias"": 5.633936363153634, ""count"": 1962, ""high"": ""Infinity"", ""low"": 2.0, ""mae"": 5.633936363153634, ""z_error_count"": 1962, ""z_error_rms"": 11.758137587081702, ""z_squared_error_sum"": 271253.9546518508}]",0.23876155085854345,0.23872926811384854,0.237680543673247,0.022727041076101982,4.718416046565454
raw/r6/P1/d50/n4_M6/centre/rep06.npz,r6,,P1,P1_ridge_lse_hjb,ridge_lse,50,4,6,centre,centre,0.0,6,4,float64,0.23712627116128923,0.29394022487687327,0.11833195257892587,0.2006305900218812,0.20582978620722164,0.4348037117508537,0.24020634325188533,0.2777310831629996,1267200,1268400,14652000,732600000,0,24.609372599981725,1.0,1.0,52.689133490742854,0,0,0,0.7271164225087599,1.858850035605734,5.187312089460741,-0.057523800436763965,1267200,"[{""bias"": -2.6738175568350093, ""count"": 2797, ""high"": -2.0, ""low"": ""-Infinity"", ""mae"": 2.6738175568350093, ""z_error_count"": 2797, ""z_error_rms"": 2.6886647926369527, ""z_squared_error_sum"": 20219.284672961927}, {""bias"": -2.2872873599408767, ""count"": 80344, ""high"": -1.0, ""low"": -2.0, ""mae"": 2.2872873599408767, ""z_error_count"": 80344, ""z_error_rms"": 3.541592860968383, ""z_squared_error_sum"": 1007745.150146522}, {""bias"": -1.1847426477944563, ""count"": 377963, ""high"": -0.25, ""low"": -1.0, ""mae"": 1.293349815155422, ""z_error_count"": 377963, ""z_error_rms"": 5.072381091990647, ""z_squared_error_sum"": 9724628.903373372}, {""bias"": 0.5910388766616361, ""count"": 377498, ""high"": 0.25, ""low"": -0.25, ""mae"": 0.8956990503193676, ""z_error_count"": 377498, ""z_error_rms"": 6.929232478342896, ""z_squared_error_sum"": 18125288.155417588}, {""bias"": 2.765565806887139, ""count"": 349837, ""high"": 1.0, ""low"": 0.25, ""mae"": 2.765565806887139, ""z_error_count"": 349837, ""z_error_rms"": 8.9567424441539, ""z_squared_error_sum"": 28065055.936478417}, {""bias"": 4.676163469295403, ""count"": 77167, ""high"": 2.0, ""low"": 1.0, ""mae"": 4.676163469295403, ""z_error_count"": 77167, ""z_error_rms"": 10.824445859897242, ""z_squared_error_sum"": 9041551.530291216}, {""bias"": 5.633973565799399, ""count"": 1594, ""high"": ""Infinity"", ""low"": 2.0, ""mae"": 5.633973565799399, ""z_error_count"": 1594, ""z_error_rms"": 11.84492102369943, ""z_squared_error_sum"": 223641.6335679367}]",0.23876155085854345,0.23872926811384854,0.237680543673247,0.022727041076101982,4.718416046565454
raw/r6/P1/d50/n4_M6/centre/rep07.npz,r6,,P1,P1_ridge_lse_hjb,ridge_lse,50,4,6,centre,centre,0.0,7,4,float64,0.23754824664871868,0.29446330302026114,0.11811719564128677,0.2001725271748081,0.2061960683738366,0.4333172040980006,0.23537217994203127,0.2721417327984061,1267200,1268400,14652000,732600000,0,24.49929380021058,1.0,1.0,52.658913052525826,0,0,0,0.7218362876342259,1.856821741164611,5.174642934604493,-0.058758614720561216,1267200,"[{""bias"": -2.6756094903468632, ""count"": 3175, ""high"": -2.0, ""low"": ""-Infinity"", ""mae"": 2.6756094903468632, ""z_error_count"": 3175, ""z_error_rms"": 2.6562248635856114, ""z_squared_error_sum"": 22401.309419829016}, {""bias"": -2.290458732485958, ""count"": 82347, ""high"": -1.0, ""low"": -2.0, ""mae"": 2.290458732485958, ""z_error_count"": 82347, ""z_error_rms"": 3.540356387848471, ""z_squared_error_sum"": 1032147.4557478009}, {""bias"": -1.189756117325462, ""count"": 375164, ""high"": -0.25, ""low"": -1.0, ""mae"": 1.2944080455986295, ""z_error_count"": 375164, ""z_error_rms"": 5.0731863935268215, ""z_squared_error_sum"": 9655678.472909719}, {""bias"": 0.5999921737234641, ""count"": 379950, ""high"": 0.25, ""low"": -0.25, ""mae"": 0.8949511734410709, ""z_error_count"": 379950, ""z_error_rms"": 6.937467307184886, ""z_squared_error_sum"": 18286405.57990655}, {""bias"": 2.7647526728902965, ""count"": 348508, ""high"": 1.0, ""low"": 0.25, ""mae"": 2.7647526728902965, ""z_error_count"": 348508, ""z_error_rms"": 8.966498824423878, ""z_squared_error_sum"": 28019381.441994924}, {""bias"": 4.6770913567829915, ""count"": 76354, ""high"": 2.0, ""low"": 1.0, ""mae"": 4.6770913567829915, ""z_error_count"": 76354, ""z_error_rms"": 10.802653519924483, ""z_squared_error_sum"": 8910307.405804124}, {""bias"": 5.612214265900532, ""count"": 1702, ""high"": ""Infinity"", ""low"": 2.0, ""mae"": 5.612214265900532, ""z_error_count"": 1702, ""z_error_rms"": 11.987373970944262, ""z_squared_error_sum"": 244572.5232922009}]",0.23876155085854345,0.23872926811384854,0.237680543673247,0.022727041076101982,4.718416046565454
raw/r6/P1/d50/n4_M6/centre/rep08.npz,r6,,P1,P1_ridge_lse_hjb,ridge_lse,50,4,6,centre,centre,0.0,8,4,float64,0.23956767313698452,0.2969665713134627,0.12014427492278419,0.20208041980710612,0.20794896618775377,0.4359454272493462,0.24045338056597576,0.27801671234287545,1267200,1268400,14652000,732600000,0,25.828335999976844,1.0,1.0,52.71602498937775,0,0,0,0.7271361649654916,1.8542783421107343,5.184197423140398,-0.0595540931130477,1267200,"[{""bias"": -2.6753101131993624, ""count"": 2536, ""high"": -2.0, ""low"": ""-Infinity"", ""mae"": 2.6753101131993624, ""z_error_count"": 2536, ""z_error_rms"": 2.6633699548081013, ""z_squared_error_sum"": 17989.216213018553}, {""bias"": -2.2863802924791505, ""count"": 79801, ""high"": -1.0, ""low"": -2.0, ""mae"": 2.2863802924791505, ""z_error_count"": 79801, ""z_error_rms"": 3.545676514219719, ""z_squared_error_sum"": 1003243.9629123895}, {""bias"": -1.1812158021281967, ""count"": 378571, ""high"": -0.25, ""low"": -1.0, ""mae"": 1.2885519865007957, ""z_error_count"": 378571, ""z_error_rms"": 5.080649357187094, ""z_squared_error_sum"": 9772052.424474752}, {""bias"": 0.5929856490446052, ""count"": 381578, ""high"": 0.25, ""low"": -0.25, ""mae"": 0.8939780150483563, ""z_error_count"": 381578, ""z_error_rms"": 6.935295541096391, ""z_squared_error_sum"": 18353262.367747992}, {""bias"": 2.7733027854715555, ""count"": 345415, ""high"": 1.0, ""low"": 0.25, ""mae"": 2.7733027854715555, ""z_error_count"": 345415, ""z_error_rms"": 8.965067039606941, ""z_squared_error_sum"": 27761841.88071836}, {""bias"": 4.684338663993186, ""count"": 76970, ""high"": 2.0, ""low"": 1.0, ""mae"": 4.684338663993186, ""z_error_count"": 76970, ""z_error_rms"": 10.82485395579742, ""z_squared_error_sum"": 9019149.339759486}, {""bias"": 5.6147742535821665, ""count"": 2329, ""high"": ""Infinity"", ""low"": 2.0, ""mae"": 5.6147742535821665, ""z_error_count"": 2329, ""z_error_rms"": 11.707063372758315, ""z_squared_error_sum"": 319201.87012329197}]",0.23876155085854345,0.23872926811384854,0.237680543673247,0.022727041076101982,4.718416046565454
raw/r6/P1/d50/n4_M6/centre/rep09.npz,r6,,P1,P1_ridge_lse_hjb,ridge_lse,50,4,6,centre,centre,0.0,9,4,float64,0.2388087330453449,0.2960257939794621,0.1183190594896372,0.20201705491714056,0.20729019280072566,0.4332503474546536,0.23824396022848388,0.27546213907396505,1267200,1268400,14652000,732600000,0,25.83026840002276,1.0,1.0,52.75156884315196,0,0,0,0.7297040652265554,1.8551815811764174,5.192331038251186,-0.056634977926883254,1267200,"[{""bias"": -2.6764886468089317, ""count"": 2565, ""high"": -2.0, ""low"": ""-Infinity"", ""mae"": 2.6764886468089317, ""z_error_count"": 2565, ""z_error_rms"": 2.6270069037884736, ""z_squared_error_sum"": 17701.48892409666}, {""bias"": -2.2914063462524417, ""count"": 81786, ""high"": -1.0, ""low"": -2.0, ""mae"": 2.2914063462524417, ""z_error_count"": 81786, ""z_error_rms"": 3.5283364494494087, ""z_squared_error_sum"": 1018166.8444085775}, {""bias"": -1.178065457389795, ""count"": 374840, ""high"": -0.25, ""low"": -1.0, ""mae"": 1.2876262948206376, ""z_error_count"": 374840, ""z_error_rms"": 5.079204677838086, ""z_squared_error_sum"": 9670242.328539113}, {""bias"": 0.5903465133950498, ""count"": 382132, ""high"": 0.25, ""low"": -0.25, ""mae"": 0.8871677850649737, ""z_error_count"": 382132, ""z_error_rms"": 6.930270313954981, ""z_squared_error_sum"": 18353282.79190796}, {""bias"": 2.772396470617093, ""count"": 346172, ""high"": 1.0, ""low"": 0.25, ""mae"": 2.772396470617093, ""z_error_count"": 346172, ""z_error_rms"": 8.970271572591479, ""z_squared_error_sum"": 27854997.254569605}, {""bias"": 4.684065245973047, ""count"": 77658, ""high"": 2.0, ""low"": 1.0, ""mae"": 4.684065245973047, ""z_error_count"": 77658, ""z_error_rms"": 10.816233469235964, ""z_squared_error_sum"": 9085279.813949913}, {""bias"": 5.6012391606433765, ""count"": 2047, ""high"": ""Infinity"", ""low"": 2.0, ""mae"": 5.6012391606433765, ""z_error_count"": 2047, ""z_error_rms"": 11.847705197606393, ""z_squared_error_sum"": 287333.5384659004}]",0.23876155085854345,0.23872926811384854,0.237680543673247,0.022727041076101982,4.718416046565454
raw/r6/P1/d100/n4_M6/raw/rep00.npz,r6,r1,P1,P1_ridge_lse_hjb,ridge_lse,100,4,6,raw,raw,1.0,0,4,float64,1365528636.5066605,1722969635.132864,-552255564.0161152,552255564.0161152,1172627769.11578,31757485458.05108,1093662322.2731643,1382753168.6427376,1267200,1268400,14652000,1465200000,0,46.87617940013297,1.0,0.0,0.0,0,0,0,-26402642.4841389,26402642.488321282,3.082107128626287e+18,0.020464634024270355,1267200,"[{""bias"": -3195.0860397888528, ""count"": 2163, ""high"": -2.0, ""low"": ""-Infinity"", ""mae"": 3195.0864539197705, ""z_error_count"": 2163, ""z_error_rms"": 79.9333233265352, ""z_squared_error_sum"": 13820134.153066812}, {""bias"": -54245.34090990576, ""count"": 82922, ""high"": -1.0, ""low"": -2.0, ""mae"": 54245.34163775736, ""z_error_count"": 82922, ""z_error_rms"": 329.3750365472361, ""z_squared_error_sum"": 8996034862.79429}, {""bias"": -2740996.392511658, ""count"": 366028, ""high"": -0.25, ""low"": -1.0, ""mae"": 2740996.3959075883, ""z_error_count"": 366028, ""z_error_rms"": 2341.3596048680947, ""z_squared_error_sum"": 2006552611561.1382}, {""bias"": -13578461.711940859, ""count"": 377793, ""high"": 0.25, ""low"": -0.25, ""mae"": 13578461.717368567, ""z_error_count"": 377793, ""z_error_rms"": 5211.220496617985, ""z_squared_error_sum"": 10259656144786.062}, {""bias"": -49142588.74257347, ""count"": 352839, ""high"": 1.0, ""low"": 0.25, ""mae"": 49142588.746970944, ""z_error_count"": 352839, ""z_error_rms"": 9913.880641781736, ""z_squared_error_sum"": 34678791481231.51}, {""bias"": -117227786.15409616, ""count"": 83420, ""high"": 2.0, ""low"": 1.0, ""mae"": 117227786.15858702, ""z_error_count"": 83420, ""z_error_rms"": 15311.934570516396, ""z_squared_error_sum"": 19558264487139.88}, {""bias"": -98884771.18312912, ""count"": 2035, ""high"": ""Infinity"", ""low"": 2.0, ""mae"": 98884771.19241692, ""z_error_count"": 2035, ""z_error_rms"": 14063.060104263132, ""z_squared_error_sum"": 402461257074.5989}]",1206360182.719433,1250680848.9423428,1044797086.723933,619191790.1759349,4.911165744216616
raw/r6/P1/d100/n4_M6/raw/rep01.npz,r6,r1,P1,P1_ridge_lse_hjb,ridge_lse,100,4,6,raw,raw,1.0,1,4,float64,1253929474.5700781,1582158258.3645902,-529721029.90182,529721029.9018205,1076793619.0303843,32369425296.834488,2273261476.209072,2874159094.0502787,1267200,1268400,14652000,1465200000,0,47.983727999962866,1.0,0.0,0.0,0,0,0,-26790805.995133307,26790805.99938215,4.783944007553677e+18,0.042369447030085994,1267200,"[{""bias"": -15.494772907605194, ""count"": 2577, ""high"": -2.0, ""low"": ""-Infinity"", ""mae"": 15.494772907605194, ""z_error_count"": 2577, ""z_error_rms"": 5.570233316423976, ""z_squared_error_sum"": 79957.86543685288}, {""bias"": -44916.587818518536, ""count"": 85193, ""high"": -1.0, ""low"": -2.0, ""mae"": 44916.588472989606, ""z_error_count"": 85193, ""z_error_rms"": 299.71792843771914, ""z_squared_error_sum"": 7652958464.763817}, {""bias"": -2258738.164717727, ""count"": 366212, ""high"": -0.25, ""low"": -1.0, ""mae"": 2258738.1680067377, ""z_error_count"": 366212, ""z_error_rms"": 2125.42855151929, ""z_squared_error_sum"": 1654343127770.3542}, {""bias"": -13349621.258446267, ""count"": 374591, ""high"": 0.25, ""low"": -0.25, ""mae"": 13349621.264136435, ""z_error_count"": 374591, ""z_error_rms"": 5167.123091714236, ""z_squared_error_sum"": 10001265434980.055}, {""bias"": -52555349.11113794, ""count"": 355160, ""high"": 1.0, ""low"": 0.25, ""mae"": 52555349.11586241, ""z_error_count"": 355160, ""z_error_rms"": 10252.342425297004, ""z_squared_error_sum"": 37331054132001.31}, {""bias"": -115501699.25536951, ""count"": 81512, ""high"": 2.0, ""low"": 1.0, ""mae"": 115501699.25921658, ""z_error_count"": 81512, ""z_error_rms"": 15198.793835724575, ""z_squared_error_sum"": 18829543765968.766}, {""bias"": -19092296.992930707, ""count"": 1955, ""high"": ""Infinity"", ""low"": 2.0, ""mae"": 19092296.99338783, ""z_error_count"": 1955, ""z_error_rms"": 6179.37014819979, ""z_squared_error_sum"": 74650923162.64455}]",1206360182.719433,1250680848.9423428,1044797086.723933,619191790.1759349,4.911165744216616
raw/r6/P1/d100/n4_M6/raw/rep02.npz,r6,r1,P1,P1_ridge_lse_hjb,ridge_lse,100,4,6,raw,raw,1.0,2,4,float64,1090815199.7399948,1376347164.349075,-479898520.9713154,479898520.9713162,936721618.2745028,20331882166.480934,1083452693.2100897,1369844799.5327086,1267200,1268400,14652000,1465200000,0,47.91607519984245,1.0,0.0,0.0,0,0,0,-23406672.91263982,23406672.916989382,1.50711550431349e+18,-0.008852031115567642,1267200,"[{""bias"": -264.6307541623394, ""count"": 2110, ""high"": -2.0, ""low"": ""-Infinity"", ""mae"": 264.6311067951012, ""z_error_count"": 2110, ""z_error_rms"": 23.002808036879372, ""z_squared_error_sum"": 1116462.5646970118}, {""bias"": -136757.3473851912, ""count"": 84847, ""high"": -1.0, ""low"": -2.0, ""mae"": 136757.34814860733, ""z_error_count"": 84847, ""z_error_rms"": 522.9833890924907, ""z_squared_error_sum"": 23206640869.00094}, {""bias"": -2918056.5834725345, ""count"": 366367, ""high"": -0.25, ""low"": -1.0, ""mae"": 2918056.587155924, ""z_error_count"": 366367, ""z_error_rms"": 2415.797509703514, ""z_squared_error_sum"": 2138146244969.7256}, {""bias"": -15506203.989715409, ""count"": 378067, ""high"": 0.25, ""low"": -0.25, ""mae"": 15506203.995099021, ""z_error_count"": 378067, ""z_error_rms"": 5568.869768943312, ""z_squared_error_sum"": 11724731195108.111}, {""bias"": -40619181.5356897, ""count"": 352116, ""high"": 1.0, ""low"": 0.25, ""mae"": 40619181.54034829, ""z_error_count"": 352116, ""z_error_rms"": 9013.224661560573, ""z_squared_error_sum"": 28605276650897.598}, {""bias"": -102523377.45315182, ""count"": 81473, ""high"": 2.0, ""low"": 1.0, ""mae"": 102523377.45797972, ""z_error_count"": 81473, ""z_error_rms"": 14319.44909324754, ""z_squared_error_sum"": 16705763461426.766}, {""bias"": -28070895.907350358, ""count"": 2220, ""high"": ""Infinity"", ""low"": 2.0, ""mae"": 28070895.919843085, ""z_error_count"": 2220, ""z_error_rms"": 7492.767906087839, ""z_squared_error_sum"": 124634287385.78986}]",1206360182.719433,1250680848.9423428,1044797086.723933,619191790.1759349,4.911165744216616
raw/r6/P1/d100/n4_M6/raw/rep03.npz,r6,r1,P1,P1_ridge_lse_hjb,ridge_lse,100,4,6,raw,raw,1.0,3,4,float64,1088113318.2817893,1372938037.9596603,-486131711.1085228,486131711.1085228,934401417.0410405,21575802255.229755,895188599.7941493,1131816327.2969036,1267200,1268400,14652000,1465200000,0,48.376771399984136,1.0,0.0,0.0,0,0,0,-23130174.049929835,23130174.053847197,1.5713424835867423e+18,0.08674130296583651,1267200,"[{""bias"": -672.4103037067813, ""count"": 2584, ""high"": -2.0, ""low"": ""-Infinity"", ""mae"": 672.4106244584535, ""z_error_count"": 2584, ""z_error_rms"": 36.670070820100406, ""z_squared_error_sum"": 3474689.5387698472}, {""bias"": -122091.89457101321, ""count"": 84218, ""high"": -1.0, ""low"": -2.0, ""mae"": 122091.89529339109, ""z_error_count"": 84218, ""z_error_rms"": 494.14704405838825, ""z_squared_error_sum"": 20564460820.389046}, {""bias"": -2959465.7225156263, ""count"": 368985, ""high"": -0.25, ""low"": -1.0, ""mae"": 2959465.7257832983, ""z_error_count"": 368985, ""z_error_rms"": 2432.878775438679, ""z_squared_error_sum"": 2183984997689.5823}, {""bias"": -15395371.440525122, ""count"": 373545, ""high"": 0.25, ""low"": -0.25, ""mae"": 15395371.445449205, ""z_error_count"": 373545, ""z_error_rms"": 5548.93131618118, ""z_squared_error_sum"": 11501689152502.357}, {""bias"": -40584101.43001969, ""count"": 353414, ""high"": 1.0, ""low"": 0.25, ""mae"": 40584101.43434437, ""z_error_count"": 353414, ""z_error_rms"": 9009.331707072226, ""z_squared_error_sum"": 28685927982176.637}, {""bias"": -97348890.7499417, ""count"": 82578, ""high"": 2.0, ""low"": 1.0, ""mae"": 97348890.75369343, ""z_error_count"": 82578, ""z_error_rms"": 13953.409765617389, ""z_squared_error_sum"": 16077742053435.008}, {""bias"": -40268483.94180032, ""count"": 1876, ""high"": ""Infinity"", ""low"": 2.0, ""mae"": 40268483.95198735, ""z_error_count"": 1876, ""z_error_rms"": 8974.2315530782, ""z_squared_error_sum"": 151087096772.46393}]",1206360182.719433,1250680848.9423428,1044797086.723933,619191790.1759349,4.911165744216616
raw/r6/P1/d100/n4_M6/raw/rep04.npz,r6,r1,P1,P1_ridge_lse_hjb,ridge_lse,100,4,6,raw,raw,1.0,4,4,float64,1036681658.0674198,1308043617.9784522,-468460229.71775377,468460229.7177544,890235230.139692,23183164144.99272,957914654.5813814,1211122937.0676656,1267200,1268400,14652000,1465200000,0,48.80602140002884,1.0,0.0,0.0,0,0,0,-24477743.698885676,24477743.70300501,3.047594567841216e+18,-0.008138160142877058,1267200,"[{""bias"": -14.235147754919335, ""count"": 2084, ""high"": -2.0, ""low"": ""-Infinity"", ""mae"": 14.235304582429055, ""z_error_count"": 2084, ""z_error_rms"": 5.337264606136224, ""z_squared_error_sum"": 59365.64400380574}, {""bias"": -81418.72233989346, ""count"": 86309, ""high"": -1.0, ""low"": -2.0, ""mae"": 81418.72310836216, ""z_error_count"": 86309, ""z_error_rms"": 403.5272451119718, ""z_squared_error_sum"": 14054060208.500763}, {""bias"": -2165402.4960378157, ""count"": 365996, ""high"": -0.25, ""low"": -1.0, ""mae"": 2165402.499405728, ""z_error_count"": 365996, ""z_error_rms"": 2081.052848287418, ""z_squared_error_sum"": 1585048507271.8245}, {""bias"": -14006631.941178339, ""count"": 374528, ""high"": 0.25, ""low"": -0.25, ""mae"": 14006631.946233843, ""z_error_count"": 374528, ""z_error_rms"": 5292.745589823161, ""z_squared_error_sum"": 10491711244897.5}, {""bias"": -41079304.65738213, ""count"": 355122, ""high"": 1.0, ""low"": 0.25, ""mae"": 41079304.662016094, ""z_error_count"": 355122, ""z_error_rms"": 9064.130541153385, ""z_squared_error_sum"": 29176277508230.67}, {""bias"": -126338885.0715619, ""count"": 81045, ""high"": 2.0, ""low"": 1.0, ""mae"": 126338885.07619716, ""z_error_count"": 81045, ""z_error_rms"": 15895.836751419029, ""z_squared_error_sum"": 20478258201420.12}, {""bias"": -68745438.69866043, ""count"": 2116, ""high"": ""Infinity"", ""low"": 2.0, ""mae"": 68745438.70149593, ""z_error_count"": 2116, ""z_error_rms"": 11725.651240946036, ""z_squared_error_sum"": 290930738103.41736}]",1206360182.719433,1250680848.9423428,1044797086.723933,619191790.1759349,4.911165744216616
raw/r6/P1/d100/n4_M6/raw/rep05.npz,r6,r1,P1,P1_ridge_lse_hjb,ridge_lse,100,4,6,raw,raw,1.0,5,4,float64,1259630036.2717688,1589351000.0271459,-534972556.09660566,534972556.09660566,1081688893.1185656,24337005912.028748,834482871.5133488,1055064082.636439,1267200,1268400,14652000,1465200000,0,48.760901199886575,1.0,0.0,0.0,0,0,0,-25422571.893320765,25422571.897453975,1.9431796322129615e+18,-0.03276593161331053,1267200,"[{""bias"": -370.0525314227871, ""count"": 2294, ""high"": -2.0, ""low"": ""-Infinity"", ""mae"": 370.0527371454664, ""z_error_count"": 2294, ""z_error_rms"": 27.202304993787806, ""z_squared_error_sum"": 1697480.6206607716}, {""bias"": -64287.930069146365, ""count"": 84014, ""high"": -1.0, ""low"": -2.0, ""mae"": 64287.93087206599, ""z_error_count"": 84014, ""z_error_rms"": 358.57091962642255, ""z_squared_error_sum"": 10801940793.207647}, {""bias"": -1820495.3618494088, ""count"": 368283, ""high"": -0.25, ""low"": -1.0, ""mae"": 1820495.365062181, ""z_error_count"": 368283, ""z_error_rms"": 1908.1313555835281, ""z_squared_error_sum"": 1340905612590.7158}, {""bias"": -15503463.141265053, ""count"": 374712, ""high"": 0.25, ""low"": -0.25, ""mae"": 15503463.146419622, ""z_error_count"": 374712, ""z_error_rms"": 5568.377384450518, ""z_squared_error_sum"": 11618630044784.145}, {""bias"": -49377425.60051824, ""count"": 354456, ""high"": 1.0, ""low"": 0.25, ""mae"": 49377425.60520244, ""z_error_count"": 354456, ""z_error_rms"": 9937.540387828443, ""z_squared_error_sum"": 35004199119027.043}, {""bias"": -101053925.49117757, ""count"": 81239, ""high"": 2.0, ""low"": 1.0, ""mae"": 101053925.49573308, ""z_error_count"": 81239, ""z_error_rms"": 14216.459215201481, ""z_squared_error_sum"": 16419028465332.037}, {""bias"": -8467471.65572795, ""count"": 2202, ""high"": ""Infinity"", ""low"": 2.0, ""mae"": 8467471.666895283, ""z_error_count"": 2202, ""z_error_rms"": 4115.203728201147, ""z_squared_error_sum"": 37290653597.57056}]",1206360182.719433,1250680848.9423428,1044797086.723933,619191790.1759349,4.911165744216616
raw/r6/P1/d100/n4_M6/raw/rep06.npz,r6,r1,P1,P1_ridge_lse_hjb,ridge_lse,100,4,6,raw,raw,1.0,6,4,float64,1343304417.1351192,1694928000.4735897,-531565925.3177799,531565925.3177801,1153543045.3792942,23698647520.822777,1149050242.582804,1452781934.1519113,1267200,1268400,14652000,1465200000,0,48.428672400070354,1.0,0.0,0.0,0,0,0,-24736521.70190807,24736521.706034772,2.0649928048620004e+18,0.051449428275022156,1267200,"[{""bias"": -178.68894147941774, ""count"": 2440, ""high"": -2.0, ""low"": ""-Infinity"", ""mae"": 178.68895302141337, ""z_error_count"": 2440, ""z_error_rms"": 18.906012682070084, ""z_squared_error_sum"": 872147.0499044114}, {""bias"": -74185.9977128772, ""count"": 85826, ""high"": -1.0, ""low"": -2.0, ""mae"": 74185.99854441578, ""z_error_count"": 85826, ""z_error_rms"": 385.187087287006, ""z_squared_error_sum"": 12733925708.242693}, {""bias"": -2935448.915074012, ""count"": 363869, ""high"": -0.25, ""low"": -1.0, ""mae"": 2935448.9185002283, ""z_error_count"": 363869, ""z_error_rms"": 2422.986761045954, ""z_squared_error_sum"": 2136225719995.6526}, {""bias"": -13750901.980535379, ""count"": 376794, ""high"": 0.25, ""low"": -0.25, ""mae"": 13750901.985658241, ""z_error_count"": 376794, ""z_error_rms"": 5244.207729882474, ""z_squared_error_sum"": 10362481094006.861}, {""bias"": -46322881.292027585, ""count"": 353470, ""high"": 1.0, ""low"": 0.25, ""mae"": 46322881.296573594, ""z_error_count"": 353470, ""z_error_rms"": 9625.258550002376, ""z_squared_error_sum"": 32747440993513.594}, {""bias"": -104031132.37251957, ""count"": 82523, ""high"": 2.0, ""low"": 1.0, ""mae"": 104031132.3769051, ""z_error_count"": 82523, ""z_error_rms"": 14424.359777703383, ""z_squared_error_sum"": 17169913216786.664}, {""bias"": -57799195.79186013, ""count"": 2278, ""high"": ""Infinity"", ""low"": 2.0, ""mae"": 57799195.79720253, ""z_error_count"": 2278, ""z_error_rms"": 10751.672457171211, ""z_squared_error_sum"": 263333293306.69778}]",1206360182.719433,1250680848.9423428,1044797086.723933,619191790.1759349,4.911165744216616
raw/r6/P1/d100/n4_M6/raw/rep07.npz,r6,r1,P1,P1_ridge_lse_hjb,ridge_lse,100,4,6,raw,raw,1.0,7,4,float64,977720160.7377417,1233648349.4904249,-471388830.62467897,471388830.62467897,839602905.6105613,21311304750.180977,1181593008.536927,1493926821.2190027,1267200,1268400,14652000,1465200000,0,48.82176580000669,1.0,0.0,0.0,0,0,0,-24331660.004004028,24331660.00820638,1.807228929917701e+18,0.016850257311342397,1267200,"[{""bias"": -961.2670965026817, ""count"": 2854, ""high"": -2.0, ""low"": ""-Infinity"", ""mae"": 961.2672945321996, ""z_error_count"": 2854, ""z_error_rms"": 43.84333311900299, ""z_squared_error_sum"": 5486066.84953995}, {""bias"": -207792.58341352837, ""count"": 84898, ""high"": -1.0, ""low"": -2.0, ""mae"": 207792.58421085248, ""z_error_count"": 84898, ""z_error_rms"": 644.6557341608204, ""z_squared_error_sum"": 35281997061.256424}, {""bias"": -2183181.097261023, ""count"": 367928, ""high"": -0.25, ""low"": -1.0, ""mae"": 2183181.1006244477, ""z_error_count"": 367928, ""z_error_rms"": 2089.577687046795, ""z_squared_error_sum"": 1606496870841.4758}, {""bias"": -15161168.603984632, ""count"": 373377, ""high"": 0.25, ""low"": -0.25, ""mae"": 15161168.609465817, ""z_error_count"": 373377, ""z_error_rms"": 5506.5636981608595, ""z_squared_error_sum"": 11321628409088.059}, {""bias"": -47368996.390930735, ""count"": 353146, ""high"": 1.0, ""low"": 0.25, ""mae"": 47368996.39560685, ""z_error_count"": 353146, ""z_error_rms"": 9733.335742547726, ""z_squared_error_sum"": 33456283833439.316}, {""bias"": -91732841.43463694, ""count"": 82084, ""high"": 2.0, ""low"": 1.0, ""mae"": 91732841.43823038, ""z_error_count"": 82084, ""z_error_rms"": 13544.94904229254, ""z_squared_error_sum"": 15059593967923.625}, {""bias"": -32056429.274142772, ""count"": 2913, ""high"": ""Infinity"", ""low"": 2.0, ""mae"": 32056429.28328161, ""z_error_count"": 2913, ""z_error_rms"": 8007.057688039442, ""z_squared_error_sum"": 186761089823.47015}]",1206360182.719433,1250680848.9423428,1044797086.723933,619191790.1759349,4.911165744216616
raw/r6/P1/d100/n4_M6/raw/rep08.npz,r6,r1,P1,P1_ridge_lse_hjb,ridge_lse,100,4,6,raw,raw,1.0,8,4,float64,1400446702.5691507,1767027859.8634303,-531133654.3210595,531133654.3210613,1202613148.267875,33377084887.06786,1164391149.4206939,1472177946.163969,1267200,1268400,14652000,1465200000,0,50.70569310011342,1.0,0.0,0.0,0,0,0,-25373855.612271648,25373855.616562724,3.3562690087571645e+18,0.1362687536960134,1267200,"[{""bias"": -308.14231716901054, ""count"": 2930, ""high"": -2.0, ""low"": ""-Infinity"", ""mae"": 308.14256108263385, ""z_error_count"": 2930, ""z_error_rms"": 24.82730209504292, ""z_squared_error_sum"": 1806037.1429032711}, {""bias"": -109768.73677713699, ""count"": 84604, ""high"": -1.0, ""low"": -2.0, ""mae"": 109768.73741735882, ""z_error_count"": 84604, ""z_error_rms"": 468.5450610351334, ""z_squared_error_sum"": 18573494656.944153}, {""bias"": -2413324.2604924766, ""count"": 368328, ""high"": -0.25, ""low"": -1.0, ""mae"": 2413324.2640012978, ""z_error_count"": 368328, ""z_error_rms"": 2196.956445548086, ""z_squared_error_sum"": 1777778416078.335}, {""bias"": -13390684.483724628, ""count"": 372426, ""high"": 0.25, ""low"": -0.25, ""mae"": 13390684.488882259, ""z_error_count"": 372426, ""z_error_rms"": 5175.062707864808, ""z_squared_error_sum"": 9974042762020.81}, {""bias"": -46666684.77822346, ""count"": 354712, ""high"": 1.0, ""low"": 0.25, ""mae"": 46666684.78334359, ""z_error_count"": 354712, ""z_error_rms"": 9660.912743291405, ""z_squared_error_sum"": 33106418465199.39}, {""bias"": -118094169.7647223, ""count"": 82247, ""high"": 2.0, ""low"": 1.0, ""mae"": 118094169.76880264, ""z_error_count"": 82247, ""z_error_rms"": 15368.416839533937, ""z_squared_error_sum"": 19425773858930.918}, {""bias"": -1230837.358291987, ""count"": 1953, ""high"": ""Infinity"", ""low"": 2.0, ""mae"": 1230837.3673770889, ""z_error_count"": 1953, ""z_error_rms"": 1568.9733183996061, ""z_squared_error_sum"": 4807655715.8288}]",1206360182.719433,1250680848.9423428,1044797086.723933,619191790.1759349,4.911165744216616
raw/r6/P1/d100/n4_M6/raw/rep09.npz,r6,r1,P1,P1_ridge_lse_hjb,ridge_lse,100,4,6,raw,raw,1.0,9,4,float64,1247432223.3146076,1573960285.5607076,-539421210.3286169,539421210.3286169,1071214199.4258436,24790638176.740837,1103866935.3978884,1395655195.937284,1267200,1268400,14652000,1465200000,0,52.502517600078136,1.0,0.0,0.0,0,0,0,-27243516.947717234,27243516.95184686,2.321898353629597e+18,0.021527821318611348,1267200,"[{""bias"": -50.93779237904711, ""count"": 1966, ""high"": -2.0, ""low"": ""-Infinity"", ""mae"": 50.938038558195196, ""z_error_count"": 1966, ""z_error_rms"": 10.09287933482325, ""z_squared_error_sum"": 200268.97528351616}, {""bias"": -70904.72455259571, ""count"": 84524, ""high"": -1.0, ""low"": -2.0, ""mae"": 70904.72526797024, ""z_error_count"": 84524, ""z_error_rms"": 376.57233713471845, ""z_squared_error_sum"": 11986071631.938576}, {""bias"": -2751974.0802275063, ""count"": 367453, ""high"": -0.25, ""low"": -1.0, ""mae"": 2751974.0834783297, ""z_error_count"": 367453, ""z_error_rms"": 2346.0428356401594, ""z_squared_error_sum"": 2022430808498.6328}, {""bias"": -16104644.119687425, ""count"": 373139, ""high"": 0.25, ""low"": -0.25, ""mae"": 16104644.125166092, ""z_error_count"": 373139, ""z_error_rms"": 5675.314112994137, ""z_squared_error_sum"": 12018505052318.19}, {""bias"": -50649436.240374535, ""count"": 356922, ""high"": 1.0, ""low"": 0.25, ""mae"": 50649436.244952776, ""z_error_count"": 356922, ""z_error_rms"": 10064.72638896112, ""z_squared_error_sum"": 36155740770671.98}, {""bias"": -115284670.50720763, ""count"": 81335, ""high"": 2.0, ""low"": 1.0, ""mae"": 115284670.51081918, ""z_error_count"": 81335, ""z_error_rms"": 15184.506942371814, ""z_squared_error_sum"": 18753350036830.75}, {""bias"": -22526992.851653825, ""count"": 1861, ""high"": ""Infinity"", ""low"": 2.0, ""mae"": 22526992.85457127, ""z_error_count"": 1861, ""z_error_rms"": 6712.217076040798, ""z_squared_error_sum"": 83845229879.23814}]",1206360182.719433,1250680848.9423428,1044797086.723933,619191790.1759349,4.911165744216616
raw/r6/P1/d100/n4_M6/box/rep00.npz,r6,r1,P1,P1_ridge_lse_hjb,ridge_lse,100,4,6,box,box,1.0,0,4,float64,0.1418204764627271,0.17894342751424386,0.011602801953440375,0.12121217393984131,0.12178626246525702,1.3344902946507704,0.13949716449656285,0.1763708434458815,1267200,1268400,14652000,1465200000,0,54.07073249993846,1.0,1.0,89.00602794368149,0,0,0,-0.09839255005545812,1.603299537213918,3.7496932913568406,0.015616872652055901,1267200,"[{""bias"": -1.636921790146025, ""count"": 2163, ""high"": -2.0, ""low"": ""-Infinity"", ""mae"": 1.6372896803084296, ""z_error_count"": 2163, ""z_error_rms"": 3.597909800624747, ""z_squared_error_sum"": 27999.937521012565}, {""bias"": -1.8637217023593937, ""count"": 82922, ""high"": -1.0, ""low"": -2.0, ""mae"": 1.8701678339864098, ""z_error_count"": 82922, ""z_error_rms"": 4.93793527267022, ""z_squared_error_sum"": 2021904.1048666476}, {""bias"": -1.5471676798521192, ""count"": 366028, ""high"": -0.25, ""low"": -1.0, ""mae"": 1.6785396995806565, ""z_error_count"": 366028, ""z_error_rms"": 7.192854391208234, ""z_squared_error_sum"": 18937247.11160344}, {""bias"": -0.3567698868566435, ""count"": 377793, ""high"": 0.25, ""low"": -0.25, ""mae"": 1.181307027470786, ""z_error_count"": 377793, ""z_error_rms"": 9.903908452721675, ""z_squared_error_sum"": 37056734.10553266}, {""bias"": 1.3500249581573092, ""count"": 352839, ""high"": 1.0, ""low"": 0.25, ""mae"": 1.5707930875955942, ""z_error_count"": 352839, ""z_error_rms"": 12.776823337976497, ""z_squared_error_sum"": 57599983.95572871}, {""bias"": 3.000573211402861, ""count"": 83420, ""high"": 2.0, ""low"": 1.0, ""mae"": 3.0007049190017296, ""z_error_count"": 83420, ""z_error_rms"": 15.314586788325137, ""z_squared_error_sum"": 19565040.544031654}, {""bias"": 3.8544163560216735, ""count"": 2035, ""high"": ""Infinity"", ""low"": 2.0, ""mae"": 3.8544163560216735, ""z_error_count"": 2035, ""z_error_rms"": 16.535547940569305, ""z_squared_error_sum"": 556418.5434890519}]",0.14313496560780636,0.1429390246618852,0.12802814657817257,0.06402554011615676,4.911165744216616
raw/r6/P1/d100/n4_M6/box/rep01.npz,r6,r1,P1,P1_ridge_lse_hjb,ridge_lse,100,4,6,box,box,1.0,1,4,float64,0.14508611543343208,0.18306388067458576,0.01154298281107825,0.12486878252240166,0.12459058222727373,1.3162233530931973,0.13352607073038672,0.16882139362275714,1267200,1268400,14652000,1465200000,0,53.93776290002279,1.0,1.0,88.81181398578889,0,0,0,-0.10837969555507126,1.5982605678837902,3.7288284141800743,0.016845284971851268,1267200,"[{""bias"": -1.6362017094444792, ""count"": 2577, ""high"": -2.0, ""low"": ""-Infinity"", ""mae"": 1.6362533241802417, ""z_error_count"": 2577, ""z_error_rms"": 3.576638273553578, ""z_squared_error_sum"": 32965.86363278912}, {""bias"": -1.8714828268239436, ""count"": 85193, ""high"": -1.0, ""low"": -2.0, ""mae"": 1.877474630972305, ""z_error_count"": 85193, ""z_error_rms"": 4.917610172030637, ""z_squared_error_sum"": 2060212.9310772147}, {""bias"": -1.542999674236094, ""count"": 366212, ""high"": -0.25, ""low"": -1.0, ""mae"": 1.6739198501703865, ""z_error_count"": 366212, ""z_error_rms"": 7.168389474402184, ""z_squared_error_sum"": 18818099.39358275}, {""bias"": -0.3624933112200059, ""count"": 374591, ""high"": 0.25, ""low"": -0.25, ""mae"": 1.1786219758365373, ""z_error_count"": 374591, ""z_error_rms"": 9.907942561901985, ""z_squared_error_sum"": 36772596.742474556}, {""bias"": 1.3392961774434942, ""count"": 355160, ""high"": 1.0, ""low"": 0.25, ""mae"": 1.563039565130337, ""z_error_count"": 355160, ""z_error_rms"": 12.786952898514437, ""z_squared_error_sum"": 58070849.358542114}, {""bias"": 2.994084203383618, ""count"": 81512, ""high"": 2.0, ""low"": 1.0, ""mae"": 2.9941988069933263, ""z_error_count"": 81512, ""z_error_rms"": 15.330821412075029, ""z_squared_error_sum"": 19158098.35029049}, {""bias"": 3.809966619431987, ""count"": 1955, ""high"": ""Infinity"", ""low"": 2.0, ""mae"": 3.809966619431987, ""z_error_count"": 1955, ""z_error_rms"": 16.839492308461104, ""z_squared_error_sum"": 554376.419859139}]",0.14313496560780636,0.1429390246618852,0.12802814657817257,0.06402554011615676,4.911165744216616
raw/r6/P1/d100/n4_M6/box/rep02.npz,r6,r1,P1,P1_ridge_lse_hjb,ridge_lse,100,4,6,box,box,1.0,2,4,float64,0.1448615892761843,0.18278058251379387,0.013040841448411705,0.12502495006106265,0.12439777366958933,1.3183510577992485,0.1441073128592775,0.18219960532844054,1267200,1268400,14652000,1465200000,0,54.648723900085315,1.0,1.0,88.77065539167762,0,0,0,-0.10860541739889894,1.5976501128563878,3.724364875852313,0.015990746424092993,1267200,"[{""bias"": -1.6108662000759972, ""count"": 2110, ""high"": -2.0, ""low"": ""-Infinity"", ""mae"": 1.6113121767675063, ""z_error_count"": 2110, ""z_error_rms"": 3.5967514408479633, ""z_squared_error_sum"": 27296.27015648041}, {""bias"": -1.864639339081905, ""count"": 84847, ""high"": -1.0, ""low"": -2.0, ""mae"": 1.8707487105682918, ""z_error_count"": 84847, ""z_error_rms"": 4.93761239823833, ""z_squared_error_sum"": 2068571.234117263}, {""bias"": -1.5430840917270778, ""count"": 366367, ""high"": -0.25, ""low"": -1.0, ""mae"": 1.6772143254094625, ""z_error_count"": 366367, ""z_error_rms"": 7.177203074812363, ""z_squared_error_sum"": 18872386.289156746}, {""bias"": -0.354793445397971, ""count"": 378067, ""high"": 0.25, ""low"": -0.25, ""mae"": 1.1802772743930021, ""z_error_count"": 378067, ""z_error_rms"": 9.926634702458605, ""z_squared_error_sum"": 37253994.97419554}, {""bias"": 1.3383702944234184, ""count"": 352116, ""high"": 1.0, ""low"": 0.25, ""mae"": 1.5605927345088517, ""z_error_count"": 352116, ""z_error_rms"": 12.768437858867944, ""z_squared_error_sum"": 57406529.71385309}, {""bias"": 2.990897587259097, ""count"": 81473, ""high"": 2.0, ""low"": 1.0, ""mae"": 2.991057308790013, ""z_error_count"": 81473, ""z_error_rms"": 15.343370652923946, ""z_squared_error_sum"": 19180294.060309324}, {""bias"": 3.8355792767795007, ""count"": 2220, ""high"": ""Infinity"", ""low"": 2.0, ""mae"": 3.8355792767795007, ""z_error_count"": 2220, ""z_error_rms"": 16.69876207868192, ""z_squared_error_sum"": 619044.0140121441}]",0.14313496560780636,0.1429390246618852,0.12802814657817257,0.06402554011615676,4.911165744216616
raw/r6/P1/d100/n4_M6/box/rep03.npz,r6,r1,P1,P1_ridge_lse_hjb,ridge_lse,100,4,6,box,box,1.0,3,4,float64,0.14146249094488675,0.17849173564886187,0.015016742351799832,0.12323546763863061,0.12147884763122266,1.327416348379626,0.1468988084509974,0.18572898482345696,1267200,1268400,14652000,1465200000,0,53.4794567998033,1.0,1.0,88.78135024828838,0,0,0,-0.10927210914349898,1.6023535287698223,3.7372203967579742,0.017710124306251428,1267200,"[{""bias"": -1.6604131741756314, ""count"": 2584, ""high"": -2.0, ""low"": ""-Infinity"", ""mae"": 1.660636822489909, ""z_error_count"": 2584, ""z_error_rms"": 3.618445770764351, ""z_squared_error_sum"": 33832.69907276688}, {""bias"": -1.8651407104552908, ""count"": 84218, ""high"": -1.0, ""low"": -2.0, ""mae"": 1.8708792741719389, ""z_error_count"": 84218, ""z_error_rms"": 4.921241170976475, ""z_squared_error_sum"": 2039643.2896812833}, {""bias"": -1.5474178005651948, ""count"": 368985, ""high"": -0.25, ""low"": -1.0, ""mae"": 1.6749822746056873, ""z_error_count"": 368985, ""z_error_rms"": 7.165923629462992, ""z_squared_error_sum"": 18947550.023034297}, {""bias"": -0.3623801966138368, ""count"": 373545, ""high"": 0.25, ""low"": -0.25, ""mae"": 1.1854606921039959, ""z_error_count"": 373545, ""z_error_rms"": 9.92374153800569, ""z_squared_error_sum"": 36786952.9523327}, {""bias"": 1.3445570263066828, ""count"": 353414, ""high"": 1.0, ""low"": 0.25, ""mae"": 1.5667668368133327, ""z_error_count"": 353414, ""z_error_rms"": 12.77572817778659, ""z_squared_error_sum"": 57683961.11827535}, {""bias"": 2.989317275227429, ""count"": 82578, ""high"": 2.0, ""low"": 1.0, ""mae"": 2.989471185755794, ""z_error_count"": 82578, ""z_error_rms"": 15.329676977138234, ""z_squared_error_sum"": 19405747.110136095}, {""bias"": 3.8387314100932746, ""count"": 1876, ""high"": ""Infinity"", ""low"": 2.0, ""mae"": 3.8387314100932746, ""z_error_count"": 1876, ""z_error_rms"": 16.81602569725708, ""z_squared_error_sum"": 530492.8791905204}]",0.14313496560780636,0.1429390246618852,0.12802814657817257,0.06402554011615676,4.911165744216616
raw/r6/P1/d100/n4_M6/box/rep04.npz,r6,r1,P1,P1_ridge_lse_hjb,ridge_lse,100,4,6,box,box,1.0,4,4,float64,0.14000379821500727,0.17665121527207872,0.010965202657273247,0.11964913163665253,0.12022621655785326,1.3225774134496315,0.13925555463263103,0.17606536816514526,1267200,1268400,14652000,1465200000,0,53.50953060016036,1.0,1.0,88.6275308350311,0,0,0,-0.11152117892700916,1.5999649402092395,3.7304202935087636,0.01624720313021914,1267200,"[{""bias"": -1.6439246708101993, ""count"": 2084, ""high"": -2.0, ""low"": ""-Infinity"", ""mae"": 1.643972251532385, ""z_error_count"": 2084, ""z_error_rms"": 3.619480178331473, ""z_squared_error_sum"": 27301.72701062095}, {""bias"": -1.8600066559749495, ""count"": 86309, ""high"": -1.0, ""low"": -2.0, ""mae"": 1.8661627953316595, ""z_error_count"": 86309, ""z_error_rms"": 4.920391532402164, ""z_squared_error_sum"": 2089562.7116887325}, {""bias"": -1.5503484338014086, ""count"": 365996, ""high"": -0.25, ""low"": -1.0, ""mae"": 1.6788059992187248, ""z_error_count"": 365996, ""z_error_rms"": 7.17817486547493, ""z_squared_error_sum"": 18858381.04537939}, {""bias"": -0.36320176700981993, ""count"": 374528, ""high"": 0.25, ""low"": -0.25, ""mae"": 1.1837384723093518, ""z_error_count"": 374528, ""z_error_rms"": 9.913021066046692, ""z_squared_error_sum"": 36804112.506255485}, {""bias"": 1.338869000609412, ""count"": 355122, ""high"": 1.0, ""low"": 0.25, ""mae"": 1.5616145020328316, ""z_error_count"": 355122, ""z_error_rms"": 12.76099908911249, ""z_squared_error_sum"": 57829166.560002856}, {""bias"": 2.992485080023956, ""count"": 81045, ""high"": 2.0, ""low"": 1.0, ""mae"": 2.992601139430644, ""z_error_count"": 81045, ""z_error_rms"": 15.323386725075837, ""z_squared_error_sum"": 19029866.91695734}, {""bias"": 3.8300480980536835, ""count"": 2116, ""high"": ""Infinity"", ""low"": 2.0, ""mae"": 3.8300480980536835, ""z_error_count"": 2116, ""z_error_rms"": 16.639358288244512, ""z_squared_error_sum"": 585853.2048215129}]",0.14313496560780636,0.1429390246618852,0.12802814657817257,0.06402554011615676,4.911165744216616
raw/r6/P1/d100/n4_M6/box/rep05.npz,r6,r1,P1,P1_ridge_lse_hjb,ridge_lse,100,4,6,box,box,1.0,5,4,float64,0.14489846697506797,0.18282711332515253,0.0140231717675419,0.12479650492460564,0.1244294418548005,1.3161376258168616,0.1405756838751207,0.1777344508937853,1267200,1268400,14652000,1465200000,0,53.47824279987253,1.0,1.0,88.7239302465855,0,0,0,-0.1075204556497633,1.6001509022614744,3.734988113700149,0.017275434300996782,1267200,"[{""bias"": -1.6418047906167228, ""count"": 2294, ""high"": -2.0, ""low"": ""-Infinity"", ""mae"": 1.6420110409476887, ""z_error_count"": 2294, ""z_error_rms"": 3.6227457653759085, ""z_squared_error_sum"": 30107.114103979588}, {""bias"": -1.8661166702828693, ""count"": 84014, ""high"": -1.0, ""low"": -2.0, ""mae"": 1.8726431529942191, ""z_error_count"": 84014, ""z_error_rms"": 4.920313198981834, ""z_squared_error_sum"": 2033935.4187379524}, {""bias"": -1.5501496836742825, ""count"": 368283, ""high"": -0.25, ""low"": -1.0, ""mae"": 1.6797719715161572, ""z_error_count"": 368283, ""z_error_rms"": 7.175982437291236, ""z_squared_error_sum"": 18964631.416910022}, {""bias"": -0.3583938960816882, ""count"": 374712, ""high"": 0.25, ""low"": -0.25, ""mae"": 1.1763533527829089, ""z_error_count"": 374712, ""z_error_rms"": 9.91393358744269, ""z_squared_error_sum"": 36828973.30028136}, {""bias"": 1.346953318066448, ""count"": 354456, ""high"": 1.0, ""low"": 0.25, ""mae"": 1.5661608519683599, ""z_error_count"": 354456, ""z_error_rms"": 12.77216591110324, ""z_squared_error_sum"": 57821777.07876437}, {""bias"": 2.9991306840742284, ""count"": 81239, ""high"": 2.0, ""low"": 1.0, ""mae"": 2.9992172157021852, ""z_error_count"": 81239, ""z_error_rms"": 15.318346697492455, ""z_squared_error_sum"": 19062873.15629597}, {""bias"": 3.8158543671889804, ""count"": 2202, ""high"": ""Infinity"", ""low"": 2.0, ""mae"": 3.8158543671889804, ""z_error_count"": 2202, ""z_error_rms"": 16.767458670753335, ""z_squared_error_sum"": 619087.1699464774}]",0.14313496560780636,0.1429390246618852,0.12802814657817257,0.06402554011615676,4.911165744216616
raw/r6/P1/d100/n4_M6/box/rep06.npz,r6,r1,P1,P1_ridge_lse_hjb,ridge_lse,100,4,6,box,box,1.0,6,4,float64,0.14234840976841465,0.17960955272814047,0.011398394873381228,0.1216404315744752,0.12223961747952757,1.3054589851249776,0.14276355808935576,0.18050065207006544,1267200,1268400,14652000,1465200000,0,52.578939399914816,1.0,1.0,89.0259829251078,0,0,0,-0.09820427569119233,1.6005867030751828,3.7402971362339303,0.01575905324957753,1267200,"[{""bias"": -1.6334389771584523, ""count"": 2440, ""high"": -2.0, ""low"": ""-Infinity"", ""mae"": 1.6334696776716522, ""z_error_count"": 2440, ""z_error_rms"": 3.6053469351238587, ""z_squared_error_sum"": 31716.404715161087}, {""bias"": -1.866469370800369, ""count"": 85826, ""high"": -1.0, ""low"": -2.0, ""mae"": 1.8726901020736884, ""z_error_count"": 85826, ""z_error_rms"": 4.915749790244228, ""z_squared_error_sum"": 2073950.6163205614}, {""bias"": -1.5403666439384816, ""count"": 363869, ""high"": -0.25, ""low"": -1.0, ""mae"": 1.6724724747636117, ""z_error_count"": 363869, ""z_error_rms"": 7.207690060762486, ""z_squared_error_sum"": 18903284.19409564}, {""bias"": -0.3530321298262932, ""count"": 376794, ""high"": 0.25, ""low"": -0.25, ""mae"": 1.177232708732273, ""z_error_count"": 376794, ""z_error_rms"": 9.91981336181657, ""z_squared_error_sum"": 37077545.86363504}, {""bias"": 1.3479977757582846, ""count"": 353470, ""high"": 1.0, ""low"": 0.25, ""mae"": 1.5691205563612503, ""z_error_count"": 353470, ""z_error_rms"": 12.773083609252026, ""z_squared_error_sum"": 57669218.9882946}, {""bias"": 3.005458505874056, ""count"": 82523, ""high"": 2.0, ""low"": 1.0, ""mae"": 3.005605545287272, ""z_error_count"": 82523, ""z_error_rms"": 15.33488135784948, ""z_squared_error_sum"": 19405992.01387782}, {""bias"": 3.8404590773460328, ""count"": 2278, ""high"": ""Infinity"", ""low"": 2.0, ""mae"": 3.8404590773460328, ""z_error_count"": 2278, ""z_error_rms"": 16.552968842862676, ""z_squared_error_sum"": 624173.7711741185}]",0.14313496560780636,0.1429390246618852,0.12802814657817257,0.06402554011615676,4.911165744216616
raw/r6/P1/d100/n4_M6/box/rep07.npz,r6,r1,P1,P1_ridge_lse_hjb,ridge_lse,100,4,6,box,box,1.0,7,4,float64,0.14326479471289372,0.18076581074515985,0.016330898599378564,0.12352716651175981,0.12302654966415373,1.332331185534159,0.13562682131570067,0.17147744153554734,1267200,1268400,14652000,1465200000,0,53.828092199983075,1.0,1.0,88.84970940640972,0,0,0,-0.10690074249635986,1.5994187208865254,3.732155667174612,0.014135913422625594,1267200,"[{""bias"": -1.6701108195812708, ""count"": 2854, ""high"": -2.0, ""low"": ""-Infinity"", ""mae"": 1.670210662771948, ""z_error_count"": 2854, ""z_error_rms"": 3.631541739319599, ""z_squared_error_sum"": 37638.82428421587}, {""bias"": -1.865126709694832, ""count"": 84898, ""high"": -1.0, ""low"": -2.0, ""mae"": 1.8709666453559033, ""z_error_count"": 84898, ""z_error_rms"": 4.919779016665804, ""z_squared_error_sum"": 2054890.3426817087}, {""bias"": -1.5452209687439933, ""count"": 367928, ""high"": -0.25, ""low"": -1.0, ""mae"": 1.6737755061468755, ""z_error_count"": 367928, ""z_error_rms"": 7.180141268449869, ""z_squared_error_sum"": 18968317.818780348}, {""bias"": -0.3544017488987035, ""count"": 373377, ""high"": 0.25, ""low"": -0.25, ""mae"": 1.177670313253364, ""z_error_count"": 373377, ""z_error_rms"": 9.914962512685916, ""z_squared_error_sum"": 36705379.19080544}, {""bias"": 1.3355846607158404, ""count"": 353146, ""high"": 1.0, ""low"": 0.25, ""mae"": 1.5596155893101251, ""z_error_count"": 353146, ""z_error_rms"": 12.771176268067903, ""z_squared_error_sum"": 57599152.0040489}, {""bias"": 2.9936991882484123, ""count"": 82084, ""high"": 2.0, ""low"": 1.0, ""mae"": 2.993855871133042, ""z_error_count"": 82084, ""z_error_rms"": 15.342899657444441, ""z_squared_error_sum"": 19322948.715540983}, {""bias"": 3.8145349854519504, ""count"": 2913, ""high"": ""Infinity"", ""low"": 2.0, ""mae"": 3.8145349854519504, ""z_error_count"": 2913, ""z_error_rms"": 16.855793784237914, ""z_squared_error_sum"": 827635.1050738429}]",0.14313496560780636,0.1429390246618852,0.12802814657817257,0.06402554011615676,4.911165744216616
raw/r6/P1/d100/n4_M6/box/rep08.npz,r6,r1,P1,P1_ridge_lse_hjb,ridge_lse,100,4,6,box,box,1.0,8,4,float64,0.14499025967857312,0.1829429337016997,0.009684118578908092,0.12298582849431687,0.12450826749803837,1.3152847246399726,0.15459109259196288,0.19545459212783256,1267200,1268400,14652000,1465200000,0,54.419642799999565,1.0,1.0,88.79210234529856,0,0,0,-0.10751479483743134,1.6008959717783118,3.741055363440782,0.01511412816909183,1267200,"[{""bias"": -1.633768262437307, ""count"": 2930, ""high"": -2.0, ""low"": ""-Infinity"", ""mae"": 1.6339509825543217, ""z_error_count"": 2930, ""z_error_rms"": 3.5882727033288835, ""z_squared_error_sum"": 37725.803910823655}, {""bias"": -1.8635591669539793, ""count"": 84604, ""high"": -1.0, ""low"": -2.0, ""mae"": 1.869574317124066, ""z_error_count"": 84604, ""z_error_rms"": 4.924471508482759, ""z_squared_error_sum"": 2051682.5030413768}, {""bias"": -1.5415696253025706, ""count"": 368328, ""high"": -0.25, ""low"": -1.0, ""mae"": 1.673119119365746, ""z_error_count"": 368328, ""z_error_rms"": 7.197229600206835, ""z_squared_error_sum"": 19079432.359223522}, {""bias"": -0.36483025994910434, ""count"": 372426, ""high"": 0.25, ""low"": -0.25, ""mae"": 1.179588629504383, ""z_error_count"": 372426, ""z_error_rms"": 9.922688253010245, ""z_squared_error_sum"": 36668967.93607393}, {""bias"": 1.339376304183812, ""count"": 354712, ""high"": 1.0, ""low"": 0.25, ""mae"": 1.5655569017171223, ""z_error_count"": 354712, ""z_error_rms"": 12.759889874831115, ""z_squared_error_sum"": 57752359.654915325}, {""bias"": 3.006490622090246, ""count"": 82247, ""high"": 2.0, ""low"": 1.0, ""mae"": 3.0066740135656094, ""z_error_count"": 82247, ""z_error_rms"": 15.327286605470581, ""z_squared_error_sum"": 19321935.25579901}, {""bias"": 3.848746690971931, ""count"": 1953, ""high"": ""Infinity"", ""low"": 2.0, ""mae"": 3.848746690971931, ""z_error_count"": 1953, ""z_error_rms"": 16.59435742990829, ""z_squared_error_sum"": 537802.880193062}]",0.14313496560780636,0.1429390246618852,0.12802814657817257,0.06402554011615676,4.911165744216616
raw/r6/P1/d100/n4_M6/box/rep09.npz,r6,r1,P1,P1_ridge_lse_hjb,ridge_lse,100,4,6,box,box,1.0,9,4,float64,0.1426132546108767,0.1799437233997648,0.017752948838067086,0.12228619501727495,0.12246704911916903,1.3404972751639193,0.1439582338038196,0.1820111197857694,1267200,1268400,14652000,1465200000,0,53.73201930010691,1.0,1.0,88.9138818670406,0,0,0,-0.09758784363618184,1.604263636135781,3.7498942537298334,0.016288330873957247,1267200,"[{""bias"": -1.7089093903271217, ""count"": 1966, ""high"": -2.0, ""low"": ""-Infinity"", ""mae"": 1.7090853751466422, ""z_error_count"": 1966, ""z_error_rms"": 3.6960798687291794, ""z_squared_error_sum"": 26857.53857458536}, {""bias"": -1.8685172902606513, ""count"": 84524, ""high"": -1.0, ""low"": -2.0, ""mae"": 1.874681350581594, ""z_error_count"": 84524, ""z_error_rms"": 4.918017478944495, ""z_squared_error_sum"": 2044373.1910128582}, {""bias"": -1.544360344126232, ""count"": 367453, ""high"": -0.25, ""low"": -1.0, ""mae"": 1.6742613967379583, ""z_error_count"": 367453, ""z_error_rms"": 7.173773550636122, ""z_squared_error_sum"": 18910243.64399193}, {""bias"": -0.3535275079527695, ""count"": 373139, ""high"": 0.25, ""low"": -0.25, ""mae"": 1.182517891528575, ""z_error_count"": 373139, ""z_error_rms"": 9.930314668510709, ""z_squared_error_sum"": 36795665.68180211}, {""bias"": 1.3602447175146213, ""count"": 356922, ""high"": 1.0, ""low"": 0.25, ""mae"": 1.577701215349394, ""z_error_count"": 356922, ""z_error_rms"": 12.76156321834193, ""z_squared_error_sum"": 58127423.107267834}, {""bias"": 3.0043394943320867, ""count"": 81335, ""high"": 2.0, ""low"": 1.0, ""mae"": 3.004470170628116, ""z_error_count"": 81335, ""z_error_rms"": 15.361777714270195, ""z_squared_error_sum"": 19193776.08982631}, {""bias"": 3.85087605134611, ""count"": 1861, ""high"": ""Infinity"", ""low"": 2.0, ""mae"": 3.85087605134611, ""z_error_count"": 1861, ""z_error_rms"": 16.778904796587206, ""z_squared_error_sum"": 523930.393527836}]",0.14313496560780636,0.1429390246618852,0.12802814657817257,0.06402554011615676,4.911165744216616
raw/r6/P1/d100/n4_M6/segment/rep00.npz,r6,r1,P1,P1_ridge_lse_hjb,ridge_lse,100,4,6,segment,segment,1.0,0,4,float64,0.20008111995053424,0.2524543865444343,0.028962317471895024,0.16139163462598038,0.17181673899567274,3.697887869536863,0.19367194860725084,0.24486580104293007,1267200,1268400,14652000,1465200000,0,46.8001443000976,1.0,1.0,106.71698847475537,0,0,0,0.6281033657974514,2.2740148065026,8.378511020495559,0.015790773524575644,1267200,"[{""bias"": -0.15425579365997388, ""count"": 2163, ""high"": -2.0, ""low"": ""-Infinity"", ""mae"": 0.2992217865763351, ""z_error_count"": 2163, ""z_error_rms"": 3.480238886315152, ""z_squared_error_sum"": 26198.391632688938}, {""bias"": -0.17624945856509633, ""count"": 82922, ""high"": -1.0, ""low"": -2.0, ""mae"": 0.6662240209056601, ""z_error_count"": 82922, ""z_error_rms"": 4.775222940135448, ""z_squared_error_sum"": 1890849.9778016703}, {""bias"": -0.03189874017105873, ""count"": 366028, ""high"": -0.25, ""low"": -1.0, ""mae"": 1.4806893643450534, ""z_error_count"": 366028, ""z_error_rms"": 7.113026646225411, ""z_squared_error_sum"": 18519240.85773401}, {""bias"": 0.4837765054806755, ""count"": 377793, ""high"": 0.25, ""low"": -0.25, ""mae"": 2.478236093332412, ""z_error_count"": 377793, ""z_error_rms"": 9.950436877999936, ""z_squared_error_sum"": 37405736.03866604}, {""bias"": 1.2740360559551105, ""count"": 352839, ""high"": 1.0, ""low"": 0.25, ""mae"": 3.063199256843263, ""z_error_count"": 352839, ""z_error_rms"": 12.924578937496205, ""z_squared_error_sum"": 58939899.26792984}, {""bias"": 2.2128880346816846, ""count"": 83420, ""high"": 2.0, ""low"": 1.0, ""mae"": 3.1234251760571317, ""z_error_count"": 83420, ""z_error_rms"": 15.496226816855803, ""z_squared_error_sum"": 20031898.66056856}, {""bias"": 2.7817813048311892, ""count"": 2035, ""high"": ""Infinity"", ""low"": 2.0, ""mae"": 3.013961661602603, ""z_error_count"": 2035, ""z_error_rms"": 16.687034435401596, ""z_squared_error_sum"": 566660.235635247}]",0.1954858036368297,0.19676362934872463,0.08367664940773219,0.17674466882937037,4.911165744216616
raw/r6/P1/d100/n4_M6/segment/rep01.npz,r6,r1,P1,P1_ridge_lse_hjb,ridge_lse,100,4,6,segment,segment,1.0,1,4,float64,0.20060807458565597,0.25311927691079816,0.03413701704112628,0.15728597781104045,0.17226925359089124,3.6748049700624414,0.19680641599618337,0.2488288110376835,1267200,1268400,14652000,1465200000,0,48.19433220010251,1.0,1.0,106.45510674421728,0,0,0,0.6192347908918063,2.2638870628403542,8.3154705955174,0.01711704083887866,1267200,"[{""bias"": -0.16831013046963436, ""count"": 2577, ""high"": -2.0, ""low"": ""-Infinity"", ""mae"": 0.30727933649159667, ""z_error_count"": 2577, ""z_error_rms"": 3.4800852608131576, ""z_squared_error_sum"": 31210.03004985719}, {""bias"": -0.18569763708771084, ""count"": 85193, ""high"": -1.0, ""low"": -2.0, ""mae"": 0.6651601850312613, ""z_error_count"": 85193, ""z_error_rms"": 4.75806006180293, ""z_squared_error_sum"": 1928695.8750580319}, {""bias"": -0.01748021928302802, ""count"": 366212, ""high"": -0.25, ""low"": -1.0, ""mae"": 1.471093919780625, ""z_error_count"": 366212, ""z_error_rms"": 7.085977610304712, ""z_squared_error_sum"": 18387899.550591797}, {""bias"": 0.4755318843638276, ""count"": 374591, ""high"": 0.25, ""low"": -0.25, ""mae"": 2.4746390435561363, ""z_error_count"": 374591, ""z_error_rms"": 9.954916359279895, ""z_squared_error_sum"": 37122102.84797135}, {""bias"": 1.2521035852641307, ""count"": 355160, ""high"": 1.0, ""low"": 0.25, ""mae"": 3.05714003366933, ""z_error_count"": 355160, ""z_error_rms"": 12.932319106238978, ""z_squared_error_sum"": 59398690.68068026}, {""bias"": 2.201600771534177, ""count"": 81512, ""high"": 2.0, ""low"": 1.0, ""mae"": 3.119805217880522, ""z_error_count"": 81512, ""z_error_rms"": 15.50897958567655, ""z_squared_error_sum"": 19605954.836171426}, {""bias"": 2.591156806841022, ""count"": 1955, ""high"": ""Infinity"", ""low"": 2.0, ""mae"": 2.840745649347982, ""z_error_count"": 1955, ""z_error_rms"": 16.94661237244806, ""z_squared_error_sum"": 561451.896613429}]",0.1954858036368297,0.19676362934872463,0.08367664940773219,0.17674466882937037,4.911165744216616
raw/r6/P1/d100/n4_M6/segment/rep02.npz,r6,r1,P1,P1_ridge_lse_hjb,ridge_lse,100,4,6,segment,segment,1.0,2,4,float64,0.20068225897941114,0.25321287982356305,0.02748570872210947,0.16150981436988782,0.17233295835535142,3.7298532059402527,0.18896276662969566,0.238911827710791,1267200,1268400,14652000,1465200000,0,48.84208309999667,1.0,1.0,106.43320914834166,0,0,0,0.6164790100402695,2.2684623924325673,8.33426037586695,0.016137602969633277,1267200,"[{""bias"": -0.1670548216042176, ""count"": 2110, ""high"": -2.0, ""low"": ""-Infinity"", ""mae"": 0.3102217826508922, ""z_error_count"": 2110, ""z_error_rms"": 3.4702195175334065, ""z_squared_error_sum"": 25409.513584725253}, {""bias"": -0.1855347242113353, ""count"": 84847, ""high"": -1.0, ""low"": -2.0, ""mae"": 0.6736199260980834, ""z_error_count"": 84847, ""z_error_rms"": 4.779564824979535, ""z_squared_error_sum"": 1938265.2241682648}, {""bias"": -0.022229097475184742, ""count"": 366367, ""high"": -0.25, ""low"": -1.0, ""mae"": 1.476258865786685, ""z_error_count"": 366367, ""z_error_rms"": 7.096695978065976, ""z_squared_error_sum"": 18451375.588092268}, {""bias"": 0.47503661592628454, ""count"": 378067, ""high"": 0.25, ""low"": -0.25, ""mae"": 2.4837297019870097, ""z_error_count"": 378067, ""z_error_rms"": 9.974039936478372, ""z_squared_error_sum"": 37610661.922055796}, {""bias"": 1.2562247910815099, ""count"": 352116, ""high"": 1.0, ""low"": 0.25, ""mae"": 3.0604129674626206, ""z_error_count"": 352116, ""z_error_rms"": 12.912902404614933, ""z_squared_error_sum"": 58712895.26953805}, {""bias"": 2.177386106040531, ""count"": 81473, ""high"": 2.0, ""low"": 1.0, ""mae"": 3.1013001412517447, ""z_error_count"": 81473, ""z_error_rms"": 15.528098723256583, ""z_squared_error_sum"": 19644920.481726125}, {""bias"": 2.7522813825069106, ""count"": 2220, ""high"": ""Infinity"", ""low"": 2.0, ""mae"": 2.9842242691193066, ""z_error_count"": 2220, ""z_error_rms"": 16.832515560841507, ""z_squared_error_sum"": 629000.5478352568}]",0.1954858036368297,0.19676362934872463,0.08367664940773219,0.17674466882937037,4.911165744216616
raw/r6/P1/d100/n4_M6/segment/rep03.npz,r6,r1,P1,P1_ridge_lse_hjb,ridge_lse,100,4,6,segment,segment,1.0,3,4,float64,0.18714565443307415,0.23613293146319314,0.027029047924701313,0.15226704011023404,0.1607085969423374,3.6792657643030564,0.17152748372001175,0.2168678272926013,1267200,1268400,14652000,1465200000,0,48.32043009996414,1.0,1.0,106.40276199257018,0,0,0,0.6189721474024755,2.263615970134208,8.322124228538325,0.017789887924049917,1267200,"[{""bias"": -0.17481822423782367, ""count"": 2584, ""high"": -2.0, ""low"": ""-Infinity"", ""mae"": 0.30931865247182305, ""z_error_count"": 2584, ""z_error_rms"": 3.49586652019455, ""z_squared_error_sum"": 31579.27776661232}, {""bias"": -0.1836152169299383, ""count"": 84218, ""high"": -1.0, ""low"": -2.0, ""mae"": 0.6667840044197956, ""z_error_count"": 84218, ""z_error_rms"": 4.764799814846647, ""z_squared_error_sum"": 1912027.9743133348}, {""bias"": -0.018264333007853958, ""count"": 368985, ""high"": -0.25, ""low"": -1.0, ""mae"": 1.4662407004796485, ""z_error_count"": 368985, ""z_error_rms"": 7.083446953201603, ""z_squared_error_sum"": 18513903.824313898}, {""bias"": 0.46675128476464045, ""count"": 373545, ""high"": 0.25, ""low"": -0.25, ""mae"": 2.481097729963428, ""z_error_count"": 373545, ""z_error_rms"": 9.970940876849633, ""z_squared_error_sum"": 37137717.630445786}, {""bias"": 1.2651711463549897, ""count"": 353414, ""high"": 1.0, ""low"": 0.25, ""mae"": 3.0606040855478294, ""z_error_count"": 353414, ""z_error_rms"": 12.919839139995423, ""z_squared_error_sum"": 58992657.730154246}, {""bias"": 2.185602059000721, ""count"": 82578, ""high"": 2.0, ""low"": 1.0, ""mae"": 3.1062579016141583, ""z_error_count"": 82578, ""z_error_rms"": 15.501468269025455, ""z_squared_error_sum"": 19843123.32632991}, {""bias"": 2.692833539810155, ""count"": 1876, ""high"": ""Infinity"", ""low"": 2.0, ""mae"": 2.936188153991576, ""z_error_count"": 1876, ""z_error_rms"": 16.951977971860316, ""z_squared_error_sum"": 539105.2892292285}]",0.1954858036368297,0.19676362934872463,0.08367664940773219,0.17674466882937037,4.911165744216616
raw/r6/P1/d100/n4_M6/segment/rep04.npz,r6,r1,P1,P1_ridge_lse_hjb,ridge_lse,100,4,6,segment,segment,1.0,4,4,float64,0.1893401886965721,0.23890190737345937,0.012455509187599457,0.15369378431009062,0.1625931211836137,3.6561032086087466,0.187265686666637,0.23676615381440771,1267200,1268400,14652000,1465200000,0,48.168141399975866,1.0,1.0,106.27129445218142,0,0,0,0.6163117481875379,2.2645839754341814,8.315993686926562,0.016495586978917443,1267200,"[{""bias"": -0.15028487910355195, ""count"": 2084, ""high"": -2.0, ""low"": ""-Infinity"", ""mae"": 0.2934675740911622, ""z_error_count"": 2084, ""z_error_rms"": 3.49186179175393, ""z_squared_error_sum"": 25410.417842329658}, {""bias"": -0.17428544396271525, ""count"": 86309, ""high"": -1.0, ""low"": -2.0, ""mae"": 0.6617162293329806, ""z_error_count"": 86309, ""z_error_rms"": 4.757262937354171, ""z_squared_error_sum"": 1953306.5054930663}, {""bias"": -0.02800429209697572, ""count"": 365996, ""high"": -0.25, ""low"": -1.0, ""mae"": 1.4750572976509244, ""z_error_count"": 365996, ""z_error_rms"": 7.097211349575853, ""z_squared_error_sum"": 18435368.190604918}, {""bias"": 0.4669619045841699, ""count"": 374528, ""high"": 0.25, ""low"": -0.25, ""mae"": 2.4796883900674267, ""z_error_count"": 374528, ""z_error_rms"": 9.96176950132262, ""z_squared_error_sum"": 37166979.55510155}, {""bias"": 1.2643910755598566, ""count"": 355122, ""high"": 1.0, ""low"": 0.25, ""mae"": 3.057055731318842, ""z_error_count"": 355122, ""z_error_rms"": 12.905306634491273, ""z_squared_error_sum"": 59144482.18883508}, {""bias"": 2.181472395877198, ""count"": 81045, ""high"": 2.0, ""low"": 1.0, ""mae"": 3.101314486974017, ""z_error_count"": 81045, ""z_error_rms"": 15.503555099727015, ""z_squared_error_sum"": 19479994.089084856}, {""bias"": 2.7856692843419806, ""count"": 2116, ""high"": ""Infinity"", ""low"": 2.0, ""mae"": 3.027211308057263, ""z_error_count"": 2116, ""z_error_rms"": 16.757652306396036, ""z_squared_error_sum"": 594212.8152994798}]",0.1954858036368297,0.19676362934872463,0.08367664940773219,0.17674466882937037,4.911165744216616
raw/r6/P1/d100/n4_M6/segment/rep05.npz,r6,r1,P1,P1_ridge_lse_hjb,ridge_lse,100,4,6,segment,segment,1.0,5,4,float64,0.18958850366507257,0.23921522130861772,0.029122439422728994,0.15578268066065945,0.16280635803545718,3.6797015897795795,0.19415406190288595,0.24547535270582235,1267200,1268400,14652000,1465200000,0,48.07463130005635,1.0,1.0,106.38370622143808,0,0,0,0.6201950390013844,2.2677841031752095,8.341705917477599,0.017444774084936422,1267200,"[{""bias"": -0.1572515526220168, ""count"": 2294, ""high"": -2.0, ""low"": ""-Infinity"", ""mae"": 0.3019076905853942, ""z_error_count"": 2294, ""z_error_rms"": 3.4905385838414986, ""z_squared_error_sum"": 27949.773934526576}, {""bias"": -0.1807266475353167, ""count"": 84014, ""high"": -1.0, ""low"": -2.0, ""mae"": 0.6628071613321788, ""z_error_count"": 84014, ""z_error_rms"": 4.763988326992792, ""z_squared_error_sum"": 1906746.8596836969}, {""bias"": -0.028587781032826203, ""count"": 368283, ""high"": -0.25, ""low"": -1.0, ""mae"": 1.473193398999387, ""z_error_count"": 368283, ""z_error_rms"": 7.093097331489466, ""z_squared_error_sum"": 18529065.25388612}, {""bias"": 0.4753399312128068, ""count"": 374712, ""high"": 0.25, ""low"": -0.25, ""mae"": 2.4787452683469904, ""z_error_count"": 374712, ""z_error_rms"": 9.960492029598965, ""z_squared_error_sum"": 37175702.66826534}, {""bias"": 1.2685657276145132, ""count"": 354456, ""high"": 1.0, ""low"": 0.25, ""mae"": 3.0655292785448816, ""z_error_count"": 354456, ""z_error_rms"": 12.919973967096535, ""z_squared_error_sum"": 59167825.59955364}, {""bias"": 2.1937258132694195, ""count"": 81239, ""high"": 2.0, ""low"": 1.0, ""mae"": 3.112369051655654, ""z_error_count"": 81239, ""z_error_rms"": 15.498989954608303, ""z_squared_error_sum"": 19515126.125474498}, {""bias"": 2.7254539583453212, ""count"": 2202, ""high"": ""Infinity"", ""low"": 2.0, ""mae"": 2.974423955211298, ""z_error_count"": 2202, ""z_error_rms"": 16.866684528649937, ""z_squared_error_sum"": 626436.0734697763}]",0.1954858036368297,0.19676362934872463,0.08367664940773219,0.17674466882937037,4.911165744216616
raw/r6/P1/d100/n4_M6/segment/rep06.npz,r6,r1,P1,P1_ridge_lse_hjb,ridge_lse,100,4,6,segment,segment,1.0,6,4,float64,0.2009774431524531,0.2535853314538886,0.033911636488294226,0.16047917882153714,0.172586443451935,3.7266118240344164,0.1682037929029456,0.21266557590724258,1267200,1268400,14652000,1465200000,0,47.698743799934164,1.0,1.0,106.69916830116506,0,0,0,0.6265877208474715,2.270886444192685,8.357158825532682,0.0163692398499754,1267200,"[{""bias"": -0.17774006612397072, ""count"": 2440, ""high"": -2.0, ""low"": ""-Infinity"", ""mae"": 0.31551112467362397, ""z_error_count"": 2440, ""z_error_rms"": 3.493358020358369, ""z_squared_error_sum"": 29776.662630501225}, {""bias"": -0.18526054877548492, ""count"": 85826, ""high"": -1.0, ""low"": -2.0, ""mae"": 0.6659487459425669, ""z_error_count"": 85826, ""z_error_rms"": 4.759902592571904, ""z_squared_error_sum"": 1944531.5903582603}, {""bias"": -0.022829544702264174, ""count"": 363869, ""high"": -0.25, ""low"": -1.0, ""mae"": 1.4832250121303514, ""z_error_count"": 363869, ""z_error_rms"": 7.125499670798192, ""z_squared_error_sum"": 18474628.15364226}, {""bias"": 0.4835361169012128, ""count"": 376794, ""high"": 0.25, ""low"": -0.25, ""mae"": 2.4797722042277774, ""z_error_count"": 376794, ""z_error_rms"": 9.966925057844378, ""z_squared_error_sum"": 37430563.399382286}, {""bias"": 1.2704686032296042, ""count"": 353470, ""high"": 1.0, ""low"": 0.25, ""mae"": 3.0623553893834514, ""z_error_count"": 353470, ""z_error_rms"": 12.917657858648813, ""z_squared_error_sum"": 58982084.212988295}, {""bias"": 2.1951812584126675, ""count"": 82523, ""high"": 2.0, ""low"": 1.0, ""mae"": 3.1075975148204975, ""z_error_count"": 82523, ""z_error_rms"": 15.513252541725734, ""z_squared_error_sum"": 19860068.068028934}, {""bias"": 2.7365203145295216, ""count"": 2278, ""high"": ""Infinity"", ""low"": 2.0, ""mae"": 2.9762154556366736, ""z_error_count"": 2278, ""z_error_rms"": 16.65846418948422, ""z_squared_error_sum"": 632155.0896090035}]",0.1954858036368297,0.19676362934872463,0.08367664940773219,0.17674466882937037,4.911165744216616
raw/r6/P1/d100/n4_M6/segment/rep07.npz,r6,r1,P1,P1_ridge_lse_hjb,ridge_lse,100,4,6,segment,segment,1.0,7,4,float64,0.19290753420807472,0.24340304182793007,0.028315730632515003,0.15567172978380278,0.1656565270302461,3.704619514273878,0.1996521459023516,0.25242676075645665,1267200,1268400,14652000,1465200000,0,48.09493799996562,1.0,1.0,106.49195838685011,0,0,0,0.6219094316684199,2.2651385374424704,8.322327952460363,0.014445215290072961,1267200,"[{""bias"": -0.17644140038361503, ""count"": 2854, ""high"": -2.0, ""low"": ""-Infinity"", ""mae"": 0.308317581952345, ""z_error_count"": 2854, ""z_error_rms"": 3.500333868415363, ""z_squared_error_sum"": 34968.17034133214}, {""bias"": -0.1817099926740704, ""count"": 84898, ""high"": -1.0, ""low"": -2.0, ""mae"": 0.6639850778279913, ""z_error_count"": 84898, ""z_error_rms"": 4.759367124774066, ""z_squared_error_sum"": 1923073.450718619}, {""bias"": -0.02106057419193152, ""count"": 367928, ""high"": -0.25, ""low"": -1.0, ""mae"": 1.4751765690279877, ""z_error_count"": 367928, ""z_error_rms"": 7.098381703051931, ""z_squared_error_sum"": 18538796.525576096}, {""bias"": 0.4854198731772097, ""count"": 373377, ""high"": 0.25, ""low"": -0.25, ""mae"": 2.482158663393627, ""z_error_count"": 373377, ""z_error_rms"": 9.960695240495015, ""z_squared_error_sum"": 37044766.95293659}, {""bias"": 1.2568928204117562, ""count"": 353146, ""high"": 1.0, ""low"": 0.25, ""mae"": 3.0608436867555757, ""z_error_count"": 353146, ""z_error_rms"": 12.917751034753744, ""z_squared_error_sum"": 58928869.77454834}, {""bias"": 2.182032597011801, ""count"": 82084, ""high"": 2.0, ""low"": 1.0, ""mae"": 3.0995179458360207, ""z_error_count"": 82084, ""z_error_rms"": 15.522075146642946, ""z_squared_error_sum"": 19776893.506974585}, {""bias"": 2.588923387818168, ""count"": 2913, ""high"": ""Infinity"", ""low"": 2.0, ""mae"": 2.8312239994937953, ""z_error_count"": 2913, ""z_error_rms"": 16.960322160037272, ""z_squared_error_sum"": 837931.8134005682}]",0.1954858036368297,0.19676362934872463,0.08367664940773219,0.17674466882937037,4.911165744216616
raw/r6/P1/d100/n4_M6/segment/rep08.npz,r6,r1,P1,P1_ridge_lse_hjb,ridge_lse,100,4,6,segment,segment,1.0,8,4,float64,0.1974944194279656,0.249190590871156,0.023005908919734586,0.15394127536433252,0.1695954477081389,3.6583823318906292,0.2007690808719387,0.25383893829691934,1267200,1268400,14652000,1465200000,0,36.73401329992339,1.0,1.0,106.44289525385958,0,0,0,0.6181184650386516,2.267187315730398,8.343436463440524,0.01530907812508926,1267200,"[{""bias"": -0.15925488300718627, ""count"": 2930, ""high"": -2.0, ""low"": ""-Infinity"", ""mae"": 0.29580224260663357, ""z_error_count"": 2930, ""z_error_rms"": 3.462965670735364, ""z_squared_error_sum"": 35136.94452350648}, {""bias"": -0.18572224102169071, ""count"": 84604, ""high"": -1.0, ""low"": -2.0, ""mae"": 0.6681987517525617, ""z_error_count"": 84604, ""z_error_rms"": 4.768057588150016, ""z_squared_error_sum"": 1923418.9071598598}, {""bias"": -0.02431440141772596, ""count"": 368328, ""high"": -0.25, ""low"": -1.0, ""mae"": 1.4827809214268606, ""z_error_count"": 368328, ""z_error_rms"": 7.115218270571131, ""z_squared_error_sum"": 18647095.2585163}, {""bias"": 0.46607266698299643, ""count"": 372426, ""high"": 0.25, ""low"": -0.25, ""mae"": 2.47417348411228, ""z_error_count"": 372426, ""z_error_rms"": 9.96807976874524, ""z_squared_error_sum"": 37005220.984378956}, {""bias"": 1.2629925340106962, ""count"": 354712, ""high"": 1.0, ""low"": 0.25, ""mae"": 3.0621915803073247, ""z_error_count"": 354712, ""z_error_rms"": 12.906351819462124, ""z_squared_error_sum"": 59085767.34896644}, {""bias"": 2.2044647795636187, ""count"": 82247, ""high"": 2.0, ""low"": 1.0, ""mae"": 3.109795581492062, ""z_error_count"": 82247, ""z_error_rms"": 15.510384406964281, ""z_squared_error_sum"": 19786327.29508725}, {""bias"": 2.8305445501263633, ""count"": 1953, ""high"": ""Infinity"", ""low"": 2.0, ""mae"": 3.080930098918833, ""z_error_count"": 1953, ""z_error_rms"": 16.688000355051056, ""z_squared_error_sum"": 543889.7119754098}]",0.1954858036368297,0.19676362934872463,0.08367664940773219,0.17674466882937037,4.911165744216616
raw/r6/P1/d100/n4_M6/segment/rep09.npz,r6,r1,P1,P1_ridge_lse_hjb,ridge_lse,100,4,6,segment,segment,1.0,9,4,float64,0.19603283926948364,0.24734642725198844,0.03868495331407225,0.15789782828935092,0.16834033709763632,3.7907554262464256,0.18882711671721497,0.2387403210743377,1267200,1268400,14652000,1465200000,0,34.42149280011654,1.0,1.0,106.64387906393175,0,0,0,0.6291504781053479,2.2691946168221264,8.350764662108263,0.016647323330911908,1267200,"[{""bias"": -0.19226521686460765, ""count"": 1966, ""high"": -2.0, ""low"": ""-Infinity"", ""mae"": 0.3305400771437312, ""z_error_count"": 1966, ""z_error_rms"": 3.570484046258545, ""z_squared_error_sum"": 25063.268534137635}, {""bias"": -0.1806100138032736, ""count"": 84524, ""high"": -1.0, ""low"": -2.0, ""mae"": 0.6616581014086298, ""z_error_count"": 84524, ""z_error_rms"": 4.758895416039045, ""z_squared_error_sum"": 1914222.261631322}, {""bias"": -0.02052226477326016, ""count"": 367453, ""high"": -0.25, ""low"": -1.0, ""mae"": 1.4696684003984215, ""z_error_count"": 367453, ""z_error_rms"": 7.093032247309947, ""z_squared_error_sum"": 18486967.002553023}, {""bias"": 0.4763976338603355, ""count"": 373139, ""high"": 0.25, ""low"": -0.25, ""mae"": 2.4852359632782424, ""z_error_count"": 373139, ""z_error_rms"": 9.979012199207505, ""z_squared_error_sum"": 37157437.02317231}, {""bias"": 1.2865432904125391, ""count"": 356922, ""high"": 1.0, ""low"": 0.25, ""mae"": 3.0651890919156104, ""z_error_count"": 356922, ""z_error_rms"": 12.912738063035054, ""z_squared_error_sum"": 59512747.50285167}, {""bias"": 2.1933377337488866, ""count"": 81335, ""high"": 2.0, ""low"": 1.0, ""mae"": 3.0982949570927145, ""z_error_count"": 81335, ""z_error_rms"": 15.544851552303546, ""z_squared_error_sum"": 19653985.399712827}, {""bias"": 2.7356594625410016, ""count"": 1861, ""high"": ""Infinity"", ""low"": 2.0, ""mae"": 2.977872675309752, ""z_error_count"": 1861, ""z_error_rms"": 16.89511618416116, ""z_squared_error_sum"": 531213.0535808025}]",0.1954858036368297,0.19676362934872463,0.08367664940773219,0.17674466882937037,4.911165744216616
raw/r6/P1/d100/n4_M6/oracle_state/rep00.npz,r6,r1,P1,P1_ridge_lse_hjb,ridge_lse,100,4,6,oracle_state,oracle_state,1.0,0,4,float64,0.029277261663609198,0.03694088245215067,3.601527165717344e-05,0.024812619173640294,0.02514142077477374,0.8254071680663888,0.031003690360988462,0.039198983281392895,1267200,1268400,14652000,1465200000,0,53.11741250008345,0.0,0.0,0.0,0,0,0,0.0,0.0,0.0,0.016145664125234244,1267200,"[{""bias"": 0.0, ""count"": 2163, ""high"": -2.0, ""low"": ""-Infinity"", ""mae"": 0.0, ""z_error_count"": 2163, ""z_error_rms"": 3.4704714022789322, ""z_squared_error_sum"": 26051.54350397965}, {""bias"": 0.0, ""count"": 82922, ""high"": -1.0, ""low"": -2.0, ""mae"": 0.0, ""z_error_count"": 82922, ""z_error_rms"": 4.713767540714532, ""z_squared_error_sum"": 1842494.0383698202}, {""bias"": 0.0, ""count"": 366028, ""high"": -0.25, ""low"": -1.0, ""mae"": 0.0, ""z_error_count"": 366028, ""z_error_rms"": 7.024456935409036, ""z_squared_error_sum"": 18060917.860760946}, {""bias"": 0.0, ""count"": 377793, ""high"": 0.25, ""low"": -0.25, ""mae"": 0.0, ""z_error_count"": 377793, ""z_error_rms"": 9.934006175414833, ""z_squared_error_sum"": 37282305.25893257}, {""bias"": 0.0, ""count"": 352839, ""high"": 1.0, ""low"": 0.25, ""mae"": 0.0, ""z_error_count"": 352839, ""z_error_rms"": 13.023281283941884, ""z_squared_error_sum"": 59843560.413717344}, {""bias"": 0.0, ""count"": 83420, ""high"": 2.0, ""low"": 1.0, ""mae"": 0.0, ""z_error_count"": 83420, ""z_error_rms"": 15.698288811020115, ""z_squared_error_sum"": 20557713.77638811}, {""bias"": 0.0, ""count"": 2035, ""high"": ""Infinity"", ""low"": 2.0, ""mae"": 0.0, ""z_error_count"": 2035, ""z_error_rms"": 16.88932323719028, ""z_squared_error_sum"": 580482.2021999515}]",0.029144804525557295,0.02905425599935038,0.009266422743102338,0.027658368601660013,4.911165744216616
raw/r6/P1/d100/n4_M6/oracle_state/rep01.npz,r6,r1,P1,P1_ridge_lse_hjb,ridge_lse,100,4,6,oracle_state,oracle_state,1.0,1,4,float64,0.028303915282916328,0.03571275276408308,0.00014561073523003154,0.02499909411757058,0.02430557378888504,0.8311266627621614,0.028229544480851833,0.0356915395961582,1267200,1268400,14652000,1465200000,0,52.64630319993012,0.0,0.0,0.0,0,0,0,0.0,0.0,0.0,0.01762603294006541,1267200,"[{""bias"": 0.0, ""count"": 2577, ""high"": -2.0, ""low"": ""-Infinity"", ""mae"": 0.0, ""z_error_count"": 2577, ""z_error_rms"": 3.4704450855320177, ""z_squared_error_sum"": 31037.359889293723}, {""bias"": 0.0, ""count"": 85193, ""high"": -1.0, ""low"": -2.0, ""mae"": 0.0, ""z_error_count"": 85193, ""z_error_rms"": 4.698487453741285, ""z_squared_error_sum"": 1880702.2963820845}, {""bias"": 0.0, ""count"": 366212, ""high"": -0.25, ""low"": -1.0, ""mae"": 0.0, ""z_error_count"": 366212, ""z_error_rms"": 7.000061385895066, ""z_squared_error_sum"": 17944702.724899624}, {""bias"": 0.0, ""count"": 374591, ""high"": 0.25, ""low"": -0.25, ""mae"": 0.0, ""z_error_count"": 374591, ""z_error_rms"": 9.936537317712775, ""z_squared_error_sum"": 36985157.67735065}, {""bias"": 0.0, ""count"": 355160, ""high"": 1.0, ""low"": 0.25, ""mae"": 0.0, ""z_error_count"": 355160, ""z_error_rms"": 13.030530432092554, ""z_squared_error_sum"": 60304293.942034684}, {""bias"": 0.0, ""count"": 81512, ""high"": 2.0, ""low"": 1.0, ""mae"": 0.0, ""z_error_count"": 81512, ""z_error_rms"": 15.703859016040782, ""z_squared_error_sum"": 20101771.155904304}, {""bias"": 0.0, ""count"": 1955, ""high"": ""Infinity"", ""low"": 2.0, ""mae"": 0.0, ""z_error_count"": 1955, ""z_error_rms"": 17.092307694585266, ""z_squared_error_sum"": 571147.3504480702}]",0.029144804525557295,0.02905425599935038,0.009266422743102338,0.027658368601660013,4.911165744216616
raw/r6/P1/d100/n4_M6/oracle_state/rep02.npz,r6,r1,P1,P1_ridge_lse_hjb,ridge_lse,100,4,6,oracle_state,oracle_state,1.0,2,4,float64,0.028224134801422295,0.03561208893074001,-0.0006438533171215517,0.024581991884137587,0.02423706346582608,0.8313566012677215,0.028318892562413354,0.035804505308129106,1267200,1268400,14652000,1465200000,0,53.92078059981577,0.0,0.0,0.0,0,0,0,0.0,0.0,0.0,0.016447787084578388,1267200,"[{""bias"": 0.0, ""count"": 2110, ""high"": -2.0, ""low"": ""-Infinity"", ""mae"": 0.0, ""z_error_count"": 2110, ""z_error_rms"": 3.4497374563862095, ""z_squared_error_sum"": 25110.45277296733}, {""bias"": 0.0, ""count"": 84847, ""high"": -1.0, ""low"": -2.0, ""mae"": 0.0, ""z_error_count"": 84847, ""z_error_rms"": 4.713720337526039, ""z_squared_error_sum"": 1885229.019343238}, {""bias"": 0.0, ""count"": 366367, ""high"": -0.25, ""low"": -1.0, ""mae"": 0.0, ""z_error_count"": 366367, ""z_error_rms"": 7.0120325021674335, ""z_squared_error_sum"": 18013752.407122407}, {""bias"": 0.0, ""count"": 378067, ""high"": 0.25, ""low"": -0.25, ""mae"": 0.0, ""z_error_count"": 378067, ""z_error_rms"": 9.956046780639106, ""z_squared_error_sum"": 37475085.14647008}, {""bias"": 0.0, ""count"": 352116, ""high"": 1.0, ""low"": 0.25, ""mae"": 0.0, ""z_error_count"": 352116, ""z_error_rms"": 13.010482221900347, ""z_squared_error_sum"": 59603607.598654486}, {""bias"": 0.0, ""count"": 81473, ""high"": 2.0, ""low"": 1.0, ""mae"": 0.0, ""z_error_count"": 81473, ""z_error_rms"": 15.726456013531854, ""z_squared_error_sum"": 20150017.949456375}, {""bias"": 0.0, ""count"": 2220, ""high"": ""Infinity"", ""low"": 2.0, ""mae"": 0.0, ""z_error_count"": 2220, ""z_error_rms"": 17.000670475984894, ""z_squared_error_sum"": 641630.6085253144}]",0.029144804525557295,0.02905425599935038,0.009266422743102338,0.027658368601660013,4.911165744216616
raw/r6/P1/d100/n4_M6/oracle_state/rep03.npz,r6,r1,P1,P1_ridge_lse_hjb,ridge_lse,100,4,6,oracle_state,oracle_state,1.0,3,4,float64,0.029962567082953126,0.037805573529843664,0.000740672517753327,0.025888472567340726,0.02572991679277307,0.8212369919804605,0.03137993265607926,0.03967467876355313,1267200,1268400,14652000,1465200000,0,53.776167100062594,0.0,0.0,0.0,0,0,0,0.0,0.0,0.0,0.018008014906810713,1267200,"[{""bias"": 0.0, ""count"": 2584, ""high"": -2.0, ""low"": ""-Infinity"", ""mae"": 0.0, ""z_error_count"": 2584, ""z_error_rms"": 3.481141868954954, ""z_squared_error_sum"": 31313.813071268432}, {""bias"": 0.0, ""count"": 84218, ""high"": -1.0, ""low"": -2.0, ""mae"": 0.0, ""z_error_count"": 84218, ""z_error_rms"": 4.707976233918788, ""z_squared_error_sum"": 1866695.3571758806}, {""bias"": 0.0, ""count"": 368985, ""high"": -0.25, ""low"": -1.0, ""mae"": 0.0, ""z_error_count"": 368985, ""z_error_rms"": 6.996459078872126, ""z_squared_error_sum"": 18061977.971425947}, {""bias"": 0.0, ""count"": 373545, ""high"": 0.25, ""low"": -0.25, ""mae"": 0.0, ""z_error_count"": 373545, ""z_error_rms"": 9.955443654114012, ""z_squared_error_sum"": 37022365.58244001}, {""bias"": 0.0, ""count"": 353414, ""high"": 1.0, ""low"": 0.25, ""mae"": 0.0, ""z_error_count"": 353414, ""z_error_rms"": 13.020183361170202, ""z_squared_error_sum"": 59912570.11209819}, {""bias"": 0.0, ""count"": 82578, ""high"": 2.0, ""low"": 1.0, ""mae"": 0.0, ""z_error_count"": 82578, ""z_error_rms"": 15.692107609966792, ""z_squared_error_sum"": 20334191.797346096}, {""bias"": 0.0, ""count"": 1876, ""high"": ""Infinity"", ""low"": 2.0, ""mae"": 0.0, ""z_error_count"": 1876, ""z_error_rms"": 17.128750928901205, ""z_squared_error_sum"": 550407.3473290104}]",0.029144804525557295,0.02905425599935038,0.009266422743102338,0.027658368601660013,4.911165744216616
raw/r6/P1/d100/n4_M6/oracle_state/rep04.npz,r6,r1,P1,P1_ridge_lse_hjb,ridge_lse,100,4,6,oracle_state,oracle_state,1.0,4,4,float64,0.029997080994788042,0.03784912180887012,-0.0008768394187832591,0.025442780086871543,0.02575955511038608,0.8234614201673772,0.025236746451494953,0.03190764682238178,1267200,1268400,14652000,1465200000,0,50.87063800008036,0.0,0.0,0.0,0,0,0,0.0,0.0,0.0,0.016932480915598857,1267200,"[{""bias"": 0.0, ""count"": 2084, ""high"": -2.0, ""low"": ""-Infinity"", ""mae"": 0.0, ""z_error_count"": 2084, ""z_error_rms"": 3.476242672783984, ""z_squared_error_sum"": 25183.60434225576}, {""bias"": 0.0, ""count"": 86309, ""high"": -1.0, ""low"": -2.0, ""mae"": 0.0, ""z_error_count"": 86309, ""z_error_rms"": 4.694808781030814, ""z_squared_error_sum"": 1902356.4760907348}, {""bias"": 0.0, ""count"": 365996, ""high"": -0.25, ""low"": -1.0, ""mae"": 0.0, ""z_error_count"": 365996, ""z_error_rms"": 7.011100094585602, ""z_squared_error_sum"": 17990725.35818701}, {""bias"": 0.0, ""count"": 374528, ""high"": 0.25, ""low"": -0.25, ""mae"": 0.0, ""z_error_count"": 374528, ""z_error_rms"": 9.941580441690713, ""z_squared_error_sum"": 37016482.99924544}, {""bias"": 0.0, ""count"": 355122, ""high"": 1.0, ""low"": 0.25, ""mae"": 0.0, ""z_error_count"": 355122, ""z_error_rms"": 13.004698472130178, ""z_squared_error_sum"": 60059007.6408607}, {""bias"": 0.0, ""count"": 81045, ""high"": 2.0, ""low"": 1.0, ""mae"": 0.0, ""z_error_count"": 81045, ""z_error_rms"": 15.69639893979343, ""z_squared_error_sum"": 19967619.076134484}, {""bias"": 0.0, ""count"": 2116, ""high"": ""Infinity"", ""low"": 2.0, ""mae"": 0.0, ""z_error_count"": 2116, ""z_error_rms"": 16.903160202330525, ""z_squared_error_sum"": 604576.8013310767}]",0.029144804525557295,0.02905425599935038,0.009266422743102338,0.027658368601660013,4.911165744216616
raw/r6/P1/d100/n4_M6/oracle_state/rep05.npz,r6,r1,P1,P1_ridge_lse_hjb,ridge_lse,100,4,6,oracle_state,oracle_state,1.0,5,4,float64,0.02688679456680681,0.03392468629817522,0.0002772522994665829,0.023830032075479016,0.023088642075061432,0.8312643789082759,0.02886113974316692,0.0364900862156035,1267200,1268400,14652000,1465200000,0,51.81425050017424,0.0,0.0,0.0,0,0,0,0.0,0.0,0.0,0.0177004641233916,1267200,"[{""bias"": 0.0, ""count"": 2294, ""high"": -2.0, ""low"": ""-Infinity"", ""mae"": 0.0, ""z_error_count"": 2294, ""z_error_rms"": 3.4694443176107495, ""z_squared_error_sum"": 27612.978644665483}, {""bias"": 0.0, ""count"": 84014, ""high"": -1.0, ""low"": -2.0, ""mae"": 0.0, ""z_error_count"": 84014, ""z_error_rms"": 4.7018691190034305, ""z_squared_error_sum"": 1857345.6558529711}, {""bias"": 0.0, ""count"": 368283, ""high"": -0.25, ""low"": -1.0, ""mae"": 0.0, ""z_error_count"": 368283, ""z_error_rms"": 7.009029592279371, ""z_squared_error_sum"": 18092453.26208344}, {""bias"": 0.0, ""count"": 374712, ""high"": 0.25, ""low"": -0.25, ""mae"": 0.0, ""z_error_count"": 374712, ""z_error_rms"": 9.943166807315032, ""z_squared_error_sum"": 37046488.73823076}, {""bias"": 0.0, ""count"": 354456, ""high"": 1.0, ""low"": 0.25, ""mae"": 0.0, ""z_error_count"": 354456, ""z_error_rms"": 13.018138178346181, ""z_squared_error_sum"": 60070339.45346562}, {""bias"": 0.0, ""count"": 81239, ""high"": 2.0, ""low"": 1.0, ""mae"": 0.0, ""z_error_count"": 81239, ""z_error_rms"": 15.694605762637018, ""z_squared_error_sum"": 20010843.288973186}, {""bias"": 0.0, ""count"": 2202, ""high"": ""Infinity"", ""low"": 2.0, ""mae"": 0.0, ""z_error_count"": 2202, ""z_error_rms"": 16.983364439718688, ""z_squared_error_sum"": 635133.1382584473}]",0.029144804525557295,0.02905425599935038,0.009266422743102338,0.027658368601660013,4.911165744216616
raw/r6/P1/d100/n4_M6/oracle_state/rep06.npz,r6,r1,P1,P1_ridge_lse_hjb,ridge_lse,100,4,6,oracle_state,oracle_state,1.0,6,4,float64,0.02883125033509157,0.03637812312553043,-0.00042222236408787957,0.02572571123045298,0.024758415061691103,0.8270146633403891,0.029021642809564235,0.03669301551024764,1267200,1268400,14652000,1465200000,0,52.780568999936804,0.0,0.0,0.0,0,0,0,0.0,0.0,0.0,0.016272809356764638,1267200,"[{""bias"": 0.0, ""count"": 2440, ""high"": -2.0, ""low"": ""-Infinity"", ""mae"": 0.0, ""z_error_count"": 2440, ""z_error_rms"": 3.476748798461474, ""z_squared_error_sum"": 29494.188586552056}, {""bias"": 0.0, ""count"": 85826, ""high"": -1.0, ""low"": -2.0, ""mae"": 0.0, ""z_error_count"": 85826, ""z_error_rms"": 4.701169401748432, ""z_squared_error_sum"": 1896839.8890670266}, {""bias"": 0.0, ""count"": 363869, ""high"": -0.25, ""low"": -1.0, ""mae"": 0.0, ""z_error_count"": 363869, ""z_error_rms"": 7.037142370205058, ""z_squared_error_sum"": 18019292.376998086}, {""bias"": 0.0, ""count"": 376794, ""high"": 0.25, ""low"": -0.25, ""mae"": 0.0, ""z_error_count"": 376794, ""z_error_rms"": 9.947666716763607, ""z_squared_error_sum"": 37286054.61058282}, {""bias"": 0.0, ""count"": 353470, ""high"": 1.0, ""low"": 0.25, ""mae"": 0.0, ""z_error_count"": 353470, ""z_error_rms"": 13.017422950364342, ""z_squared_error_sum"": 59896658.04596759}, {""bias"": 0.0, ""count"": 82523, ""high"": 2.0, ""low"": 1.0, ""mae"": 0.0, ""z_error_count"": 82523, ""z_error_rms"": 15.719938216976404, ""z_squared_error_sum"": 20392791.42603186}, {""bias"": 0.0, ""count"": 2278, ""high"": ""Infinity"", ""low"": 2.0, ""mae"": 0.0, ""z_error_count"": 2278, ""z_error_rms"": 16.799472730190377, ""z_squared_error_sum"": 642902.3629802702}]",0.029144804525557295,0.02905425599935038,0.009266422743102338,0.027658368601660013,4.911165744216616
raw/r6/P1/d100/n4_M6/oracle_state/rep07.npz,r6,r1,P1,P1_ridge_lse_hjb,ridge_lse,100,4,6,oracle_state,oracle_state,1.0,7,4,float64,0.03148409389688272,0.039725375450766875,0.0006949251532175916,0.026964068686725302,0.027036505717947475,0.8296781737901806,0.0297326761780682,0.03759199833454942,1267200,1268400,14652000,1465200000,0,51.5537006999366,0.0,0.0,0.0,0,0,0,0.0,0.0,0.0,0.014603945880771992,1267200,"[{""bias"": 0.0, ""count"": 2854, ""high"": -2.0, ""low"": ""-Infinity"", ""mae"": 0.0, ""z_error_count"": 2854, ""z_error_rms"": 3.4757774802640613, ""z_squared_error_sum"": 34479.25702945499}, {""bias"": 0.0, ""count"": 84898, ""high"": -1.0, ""low"": -2.0, ""mae"": 0.0, ""z_error_count"": 84898, ""z_error_rms"": 4.697305113209395, ""z_squared_error_sum"": 1873246.8058762543}, {""bias"": 0.0, ""count"": 367928, ""high"": -0.25, ""low"": -1.0, ""mae"": 0.0, ""z_error_count"": 367928, ""z_error_rms"": 7.01061287704828, ""z_squared_error_sum"": 18083180.28566569}, {""bias"": 0.0, ""count"": 373377, ""high"": 0.25, ""low"": -0.25, ""mae"": 0.0, ""z_error_count"": 373377, ""z_error_rms"": 9.942102510074928, ""z_squared_error_sum"": 36906599.782347605}, {""bias"": 0.0, ""count"": 353146, ""high"": 1.0, ""low"": 0.25, ""mae"": 0.0, ""z_error_count"": 353146, ""z_error_rms"": 13.015000916617817, ""z_squared_error_sum"": 59819488.82375911}, {""bias"": 0.0, ""count"": 82084, ""high"": 2.0, ""low"": 1.0, ""mae"": 0.0, ""z_error_count"": 82084, ""z_error_rms"": 15.713604960284114, ""z_squared_error_sum"": 20267966.289516192}, {""bias"": 0.0, ""count"": 2913, ""high"": ""Infinity"", ""low"": 2.0, ""mae"": 0.0, ""z_error_count"": 2913, ""z_error_rms"": 17.08721277600845, ""z_squared_error_sum"": 850516.8842383841}]",0.029144804525557295,0.02905425599935038,0.009266422743102338,0.027658368601660013,4.911165744216616
raw/r6/P1/d100/n4_M6/oracle_state/rep08.npz,r6,r1,P1,P1_ridge_lse_hjb,ridge_lse,100,4,6,oracle_state,oracle_state,1.0,8,4,float64,0.028662439956844216,0.03616512491513804,-0.002410712429982378,0.02523142376720288,0.024613451615333664,0.8273139738246815,0.0256001702235576,0.03236713542516662,1267200,1268400,14652000,1465200000,0,51.75734720006585,0.0,0.0,0.0,0,0,0,0.0,0.0,0.0,0.01553768390253458,1267200,"[{""bias"": 0.0, ""count"": 2930, ""high"": -2.0, ""low"": ""-Infinity"", ""mae"": 0.0, ""z_error_count"": 2930, ""z_error_rms"": 3.4450032070590626, ""z_squared_error_sum"": 34773.37799317638}, {""bias"": 0.0, ""count"": 84604, ""high"": -1.0, ""low"": -2.0, ""mae"": 0.0, ""z_error_count"": 84604, ""z_error_rms"": 4.703856748577188, ""z_squared_error_sum"": 1871970.8041952786}, {""bias"": 0.0, ""count"": 368328, ""high"": -0.25, ""low"": -1.0, ""mae"": 0.0, ""z_error_count"": 368328, ""z_error_rms"": 7.028810682196361, ""z_squared_error_sum"": 18196942.665976845}, {""bias"": 0.0, ""count"": 372426, ""high"": 0.25, ""low"": -0.25, ""mae"": 0.0, ""z_error_count"": 372426, ""z_error_rms"": 9.950752423913416, ""z_squared_error_sum"": 36876681.69819062}, {""bias"": 0.0, ""count"": 354712, ""high"": 1.0, ""low"": 0.25, ""mae"": 0.0, ""z_error_count"": 354712, ""z_error_rms"": 13.003239891592848, ""z_squared_error_sum"": 59976211.66246926}, {""bias"": 0.0, ""count"": 82247, ""high"": 2.0, ""low"": 1.0, ""mae"": 0.0, ""z_error_count"": 82247, ""z_error_rms"": 15.70770658848478, ""z_squared_error_sum"": 20292970.609562784}, {""bias"": 0.0, ""count"": 1953, ""high"": ""Infinity"", ""low"": 2.0, ""mae"": 0.0, ""z_error_count"": 1953, ""z_error_rms"": 16.83786042753662, ""z_squared_error_sum"": 553701.9509968787}]",0.029144804525557295,0.02905425599935038,0.009266422743102338,0.027658368601660013,4.911165744216616
raw/r6/P1/d100/n4_M6/oracle_state/rep09.npz,r6,r1,P1,P1_ridge_lse_hjb,ridge_lse,100,4,6,oracle_state,oracle_state,1.0,9,4,float64,0.029818506674258612,0.03762380384507128,0.0009537219622155142,0.025477300179410557,0.02560620702122444,0.8263350684206497,0.029977124700456863,0.03790106262433898,1267200,1268400,14652000,1465200000,0,51.50416540005244,0.0,0.0,0.0,0,0,0,0.0,0.0,0.0,0.016684072423838105,1267200,"[{""bias"": 0.0, ""count"": 1966, ""high"": -2.0, ""low"": ""-Infinity"", ""mae"": 0.0, ""z_error_count"": 1966, ""z_error_rms"": 3.5557336090688536, ""z_squared_error_sum"": 24856.61278636913}, {""bias"": 0.0, ""count"": 84524, ""high"": -1.0, ""low"": -2.0, ""mae"": 0.0, ""z_error_count"": 84524, ""z_error_rms"": 4.69789203687972, ""z_squared_error_sum"": 1865460.7049201955}, {""bias"": 0.0, ""count"": 367453, ""high"": -0.25, ""low"": -1.0, ""mae"": 0.0, ""z_error_count"": 367453, ""z_error_rms"": 7.008633382093575, ""z_squared_error_sum"": 18049637.45832061}, {""bias"": 0.0, ""count"": 373139, ""high"": 0.25, ""low"": -0.25, ""mae"": 0.0, ""z_error_count"": 373139, ""z_error_rms"": 9.963492661618515, ""z_squared_error_sum"": 37041951.079617515}, {""bias"": 0.0, ""count"": 356922, ""high"": 1.0, ""low"": 0.25, ""mae"": 0.0, ""z_error_count"": 356922, ""z_error_rms"": 13.014038428708897, ""z_squared_error_sum"": 60450164.56663109}, {""bias"": 0.0, ""count"": 81335, ""high"": 2.0, ""low"": 1.0, ""mae"": 0.0, ""z_error_count"": 81335, ""z_error_rms"": 15.746154642580766, ""z_squared_error_sum"": 20166312.632592894}, {""bias"": 0.0, ""count"": 1861, ""high"": ""Infinity"", ""low"": 2.0, ""mae"": 0.0, ""z_error_count"": 1861, ""z_error_rms"": 17.029755064821632, ""z_squared_error_sum"": 539713.3696337093}]",0.029144804525557295,0.02905425599935038,0.009266422743102338,0.027658368601660013,4.911165744216616
raw/r6/P1/d100/n4_M6/centre/rep00.npz,r6,,P1,P1_ridge_lse_hjb,ridge_lse,100,4,6,centre,centre,0.0,0,4,float64,0.2483778136888598,0.3133932307134783,0.13923446857196725,0.21396361157388094,0.2132908192309462,0.5757458168314709,0.235574679063696,0.29784479842943795,1267200,1268400,14652000,1465200000,0,46.19093849998899,1.0,1.0,104.90909590247125,0,0,0,0.7861942823572026,1.9108981157343843,5.440158110287253,0.015697025889302923,1267200,"[{""bias"": -2.67237858138557, ""count"": 2163, ""high"": -2.0, ""low"": ""-Infinity"", ""mae"": 2.67237858138557, ""z_error_count"": 2163, ""z_error_rms"": 3.723886400342685, ""z_squared_error_sum"": 29995.034622707524}, {""bias"": -2.2904519481589225, ""count"": 82922, ""high"": -1.0, ""low"": -2.0, ""mae"": 2.2904519481589225, ""z_error_count"": 82922, ""z_error_rms"": 4.967322349853736, ""z_squared_error_sum"": 2046041.5854470513}, {""bias"": -1.2066441903643546, ""count"": 366028, ""high"": -0.25, ""low"": -1.0, ""mae"": 1.3184496060093964, ""z_error_count"": 366028, ""z_error_rms"": 7.104052954222998, ""z_squared_error_sum"": 18472543.117678586}, {""bias"": 0.64294596854591, ""count"": 377793, ""high"": 0.25, ""low"": -0.25, ""mae"": 0.9329228683903488, ""z_error_count"": 377793, ""z_error_rms"": 9.750213852328178, ""z_squared_error_sum"": 35915522.52207362}, {""bias"": 2.794815111007437, ""count"": 352839, ""high"": 1.0, ""low"": 0.25, ""mae"": 2.794815111007437, ""z_error_count"": 352839, ""z_error_rms"": 12.616552386997013, ""z_squared_error_sum"": 56163992.56878998}, {""bias"": 4.712470140127061, ""count"": 83420, ""high"": 2.0, ""low"": 1.0, ""mae"": 4.712470140127061, ""z_error_count"": 83420, ""z_error_rms"": 15.172414571769778, ""z_squared_error_sum"": 19203464.51567892}, {""bias"": 5.653882699500511, ""count"": 2035, ""high"": ""Infinity"", ""low"": 2.0, ""mae"": 5.653882699500511, ""z_error_count"": 2035, ""z_error_rms"": 16.432160393551438, ""z_squared_error_sum"": 549482.3467307801}]",0.24696174450708122,0.24707896086975364,0.24592911813601817,0.022578598196937843,4.911165744216616
raw/r6/P1/d100/n4_M6/centre/rep01.npz,r6,,P1,P1_ridge_lse_hjb,ridge_lse,100,4,6,centre,centre,0.0,1,4,float64,0.24721028876780676,0.31192009427865297,0.1397228447688098,0.21446571921686666,0.2122882242600609,0.5736098050952636,0.2373495536434983,0.3000888306130319,1267200,1268400,14652000,1465200000,0,45.962068599881604,1.0,1.0,104.72711852828618,0,0,0,0.7726688794739797,1.9092010694371677,5.417012535308939,0.016982633208788168,1267200,"[{""bias"": -2.678971583473505, ""count"": 2577, ""high"": -2.0, ""low"": ""-Infinity"", ""mae"": 2.678971583473505, ""z_error_count"": 2577, ""z_error_rms"": 3.6919617592286698, ""z_squared_error_sum"": 35126.00886465087}, {""bias"": -2.3000260928150635, ""count"": 85193, ""high"": -1.0, ""low"": -2.0, ""mae"": 2.3000260928150635, ""z_error_count"": 85193, ""z_error_rms"": 4.946470986318789, ""z_squared_error_sum"": 2084466.1355891232}, {""bias"": -1.20843908395522, ""count"": 366212, ""high"": -0.25, ""low"": -1.0, ""mae"": 1.3189934289326386, ""z_error_count"": 366212, ""z_error_rms"": 7.080007749373458, ""z_squared_error_sum"": 18356929.3816779}, {""bias"": 0.6387220007404699, ""count"": 374591, ""high"": 0.25, ""low"": -0.25, ""mae"": 0.9295400137734936, ""z_error_count"": 374591, ""z_error_rms"": 9.755909398448535, ""z_squared_error_sum"": 35652735.36433616}, {""bias"": 2.787925992286501, ""count"": 355160, ""high"": 1.0, ""low"": 0.25, ""mae"": 2.787925992286501, ""z_error_count"": 355160, ""z_error_rms"": 12.628777945292098, ""z_squared_error_sum"": 56643059.264163755}, {""bias"": 4.711471734692078, ""count"": 81512, ""high"": 2.0, ""low"": 1.0, ""mae"": 4.711471734692078, ""z_error_count"": 81512, ""z_error_rms"": 15.192931463274718, ""z_squared_error_sum"": 18815020.967490047}, {""bias"": 5.657257360906915, ""count"": 1955, ""high"": ""Infinity"", ""low"": 2.0, ""mae"": 5.657257360906915, ""z_error_count"": 1955, ""z_error_rms"": 16.762820766971153, ""z_squared_error_sum"": 549339.6729282468}]",0.24696174450708122,0.24707896086975364,0.24592911813601817,0.022578598196937843,4.911165744216616
raw/r6/P1/d100/n4_M6/centre/rep02.npz,r6,,P1,P1_ridge_lse_hjb,ridge_lse,100,4,6,centre,centre,0.0,2,4,float64,0.24556576906018973,0.3098451048241291,0.13913413464790747,0.21276165225430924,0.21087601698409836,0.5743443861753075,0.24254720983726108,0.3066603979287119,1267200,1268400,14652000,1465200000,0,46.31196799990721,1.0,1.0,104.6689967251092,0,0,0,0.7732685124934966,1.905399902512229,5.395841933180181,0.016118633093180776,1267200,"[{""bias"": -2.6768156991822263, ""count"": 2110, ""high"": -2.0, ""low"": ""-Infinity"", ""mae"": 2.6768156991822263, ""z_error_count"": 2110, ""z_error_rms"": 3.721060495685419, ""z_squared_error_sum"": 29215.6744584818}, {""bias"": -2.2933878832636316, ""count"": 84847, ""high"": -1.0, ""low"": -2.0, ""mae"": 2.2933878832636316, ""z_error_count"": 84847, ""z_error_rms"": 4.968209957724084, ""z_squared_error_sum"": 2094287.8497842867}, {""bias"": -1.205616013382144, ""count"": 366367, ""high"": -0.25, ""low"": -1.0, ""mae"": 1.3205135317119392, ""z_error_count"": 366367, ""z_error_rms"": 7.089304595501868, ""z_squared_error_sum"": 18412960.48504697}, {""bias"": 0.6489084075428135, ""count"": 378067, ""high"": 0.25, ""low"": -0.25, ""mae"": 0.9363602842502944, ""z_error_count"": 378067, ""z_error_rms"": 9.77299544682525, ""z_squared_error_sum"": 36109723.5878664}, {""bias"": 2.7837690864257127, ""count"": 352116, ""high"": 1.0, ""low"": 0.25, ""mae"": 2.7837690864257127, ""z_error_count"": 352116, ""z_error_rms"": 12.609341381327155, ""z_squared_error_sum"": 55984855.98178722}, {""bias"": 4.7097626443707945, ""count"": 81473, ""high"": 2.0, ""low"": 1.0, ""mae"": 4.7097626443707945, ""z_error_count"": 81473, ""z_error_rms"": 15.20215190798475, ""z_squared_error_sum"": 18828852.09821461}, {""bias"": 5.657640264816352, ""count"": 2220, ""high"": ""Infinity"", ""low"": 2.0, ""mae"": 5.657640264816352, ""z_error_count"": 2220, ""z_error_rms"": 16.606825994571533, ""z_squared_error_sum"": 612246.4065430285}]",0.24696174450708122,0.24707896086975364,0.24592911813601817,0.022578598196937843,4.911165744216616
raw/r6/P1/d100/n4_M6/centre/rep03.npz,r6,,P1,P1_ridge_lse_hjb,ridge_lse,100,4,6,centre,centre,0.0,3,4,float64,0.24761860658923557,0.31243529343962056,0.13900097084604607,0.21504907634831458,0.21263886122455336,0.5719041632076061,0.23723584673986897,0.29994506724285086,1267200,1268400,14652000,1465200000,0,46.261112599866465,1.0,1.0,104.69512669542522,0,0,0,0.7715442695892643,1.9121861663487931,5.424162682441289,0.01779784848429981,1267200,"[{""bias"": -2.6783478086502837, ""count"": 2584, ""high"": -2.0, ""low"": ""-Infinity"", ""mae"": 2.6783478086502837, ""z_error_count"": 2584, ""z_error_rms"": 3.742648280411428, ""z_squared_error_sum"": 36195.16333383934}, {""bias"": -2.297287305854249, ""count"": 84218, ""high"": -1.0, ""low"": -2.0, ""mae"": 2.297287305854249, ""z_error_count"": 84218, ""z_error_rms"": 4.953303956653622, ""z_squared_error_sum"": 2066307.165287002}, {""bias"": -1.212123432644525, ""count"": 368985, ""high"": -0.25, ""low"": -1.0, ""mae"": 1.3212963829390716, ""z_error_count"": 368985, ""z_error_rms"": 7.07764636159673, ""z_squared_error_sum"": 18483594.393144548}, {""bias"": 0.6419739764411452, ""count"": 373545, ""high"": 0.25, ""low"": -0.25, ""mae"": 0.9360213195901398, ""z_error_count"": 373545, ""z_error_rms"": 9.771451298482754, ""z_squared_error_sum"": 35666547.445486225}, {""bias"": 2.7909961313268985, ""count"": 353414, ""high"": 1.0, ""low"": 0.25, ""mae"": 2.7909961313268985, ""z_error_count"": 353414, ""z_error_rms"": 12.615815465549723, ""z_squared_error_sum"": 56248948.09400604}, {""bias"": 4.705472173069762, ""count"": 82578, ""high"": 2.0, ""low"": 1.0, ""mae"": 4.705472173069762, ""z_error_count"": 82578, ""z_error_rms"": 15.197051084722267, ""z_squared_error_sum"": 19071418.966122195}, {""bias"": 5.64941331855716, ""count"": 1876, ""high"": ""Infinity"", ""low"": 2.0, ""mae"": 5.64941331855716, ""z_error_count"": 1876, ""z_error_rms"": 16.72022108900803, ""z_squared_error_sum"": 524465.4281657195}]",0.24696174450708122,0.24707896086975364,0.24592911813601817,0.022578598196937843,4.911165744216616
raw/r6/P1/d100/n4_M6/centre/rep04.npz,r6,,P1,P1_ridge_lse_hjb,ridge_lse,100,4,6,centre,centre,0.0,4,4,float64,0.24575257581791807,0.31008081014923083,0.13794648820275773,0.21295069085422727,0.21103643455844606,0.5726639414571032,0.23267111176785968,0.2941737230006528,1267200,1268400,14652000,1465200000,0,47.98718190006912,1.0,1.0,104.52239103491381,0,0,0,0.769685654327617,1.9081283481011908,5.4067526856638315,0.016564622906977473,1267200,"[{""bias"": -2.6722780466274254, ""count"": 2084, ""high"": -2.0, ""low"": ""-Infinity"", ""mae"": 2.6722780466274254, ""z_error_count"": 2084, ""z_error_rms"": 3.739916751580473, ""z_squared_error_sum"": 29148.86071143966}, {""bias"": -2.294284373581605, ""count"": 86309, ""high"": -1.0, ""low"": -2.0, ""mae"": 2.294284373581605, ""z_error_count"": 86309, ""z_error_rms"": 4.949092244532549, ""z_squared_error_sum"": 2114010.703700603}, {""bias"": -1.2112204891417502, ""count"": 365996, ""high"": -0.25, ""low"": -1.0, ""mae"": 1.3188666671330298, ""z_error_count"": 365996, ""z_error_rms"": 7.091002164841648, ""z_squared_error_sum"": 18403124.953607947}, {""bias"": 0.6395671460579694, ""count"": 374528, ""high"": 0.25, ""low"": -0.25, ""mae"": 0.9318282528501889, ""z_error_count"": 374528, ""z_error_rms"": 9.759426754354166, ""z_squared_error_sum"": 35672447.65931072}, {""bias"": 2.7851400263176163, ""count"": 355122, ""high"": 1.0, ""low"": 0.25, ""mae"": 2.7851400263176163, ""z_error_count"": 355122, ""z_error_rms"": 12.602238951491872, ""z_squared_error_sum"": 56399207.04367117}, {""bias"": 4.7096817282760375, ""count"": 81045, ""high"": 2.0, ""low"": 1.0, ""mae"": 4.7096817282760375, ""z_error_count"": 81045, ""z_error_rms"": 15.184004483619008, ""z_squared_error_sum"": 18685248.29449067}, {""bias"": 5.641529576375722, ""count"": 2116, ""high"": ""Infinity"", ""low"": 2.0, ""mae"": 5.641529576375722, ""z_error_count"": 2116, ""z_error_rms"": 16.55959838329558, ""z_squared_error_sum"": 580250.1518715526}]",0.24696174450708122,0.24707896086975364,0.24592911813601817,0.022578598196937843,4.911165744216616
raw/r6/P1/d100/n4_M6/centre/rep05.npz,r6,,P1,P1_ridge_lse_hjb,ridge_lse,100,4,6,centre,centre,0.0,5,4,float64,0.24694763297170053,0.31158868565851566,0.1390026166053632,0.2136143520412959,0.21206267243200017,0.5762445939165776,0.23904297126815172,0.3022298740947695,1267200,1268400,14652000,1465200000,0,48.910266200080514,1.0,1.0,104.61299616084196,0,0,0,0.7740594158711854,1.9103742347442525,5.419175080413066,0.017340172988359843,1267200,"[{""bias"": -2.6727971260833754, ""count"": 2294, ""high"": -2.0, ""low"": ""-Infinity"", ""mae"": 2.6727971260833754, ""z_error_count"": 2294, ""z_error_rms"": 3.763464226399773, ""z_squared_error_sum"": 32491.442883898588}, {""bias"": -2.2971053183752583, ""count"": 84014, ""high"": -1.0, ""low"": -2.0, ""mae"": 2.2971053183752583, ""z_error_count"": 84014, ""z_error_rms"": 4.949163987205734, ""z_squared_error_sum"": 2057857.7496077607}, {""bias"": -1.2121786584536856, ""count"": 368283, ""high"": -0.25, ""low"": -1.0, ""mae"": 1.3225681328189502, ""z_error_count"": 368283, ""z_error_rms"": 7.0886641858613935, ""z_squared_error_sum"": 18505911.370151337}, {""bias"": 0.6434409670631903, ""count"": 374712, ""high"": 0.25, ""low"": -0.25, ""mae"": 0.9321778644544169, ""z_error_count"": 374712, ""z_error_rms"": 9.76133716450898, ""z_squared_error_sum"": 35703947.00817618}, {""bias"": 2.793271528582706, ""count"": 354456, ""high"": 1.0, ""low"": 0.25, ""mae"": 2.793271528582706, ""z_error_count"": 354456, ""z_error_rms"": 12.610430233552144, ""z_squared_error_sum"": 56366639.00455917}, {""bias"": 4.712194228738708, ""count"": 81239, ""high"": 2.0, ""low"": 1.0, ""mae"": 4.712194228738708, ""z_error_count"": 81239, ""z_error_rms"": 15.179790734705973, ""z_squared_error_sum"": 18719581.61187981}, {""bias"": 5.641433221835306, ""count"": 2202, ""high"": ""Infinity"", ""low"": 2.0, ""mae"": 5.641433221835306, ""z_error_count"": 2202, ""z_error_rms"": 16.700564639221078, ""z_squared_error_sum"": 614157.3081099008}]",0.24696174450708122,0.24707896086975364,0.24592911813601817,0.022578598196937843,4.911165744216616
raw/r6/P1/d100/n4_M6/centre/rep06.npz,r6,,P1,P1_ridge_lse_hjb,ridge_lse,100,4,6,centre,centre,0.0,6,4,float64,0.24626477039571926,0.3107270768632624,0.13928593169776748,0.21332684302044919,0.2114762741700537,0.5722804565658806,0.23784180420842937,0.30071119915820577,1267200,1268400,14652000,1465200000,0,49.05730090010911,1.0,1.0,104.93326002920526,0,0,0,0.7856874056758835,1.9109971673475457,5.437995032442663,0.01605341094634956,1267200,"[{""bias"": -2.6771042866533596, ""count"": 2440, ""high"": -2.0, ""low"": ""-Infinity"", ""mae"": 2.6771042866533596, ""z_error_count"": 2440, ""z_error_rms"": 3.7190462436443776, ""z_squared_error_sum"": 33748.38410817146}, {""bias"": -2.2988237449834488, ""count"": 85826, ""high"": -1.0, ""low"": -2.0, ""mae"": 2.2988237449834488, ""z_error_count"": 85826, ""z_error_rms"": 4.946312300946675, ""z_squared_error_sum"": 2099819.3776148316}, {""bias"": -1.1952564086026949, ""count"": 363869, ""high"": -0.25, ""low"": -1.0, ""mae"": 1.3088135228556088, ""z_error_count"": 363869, ""z_error_rms"": 7.117179811429451, ""z_squared_error_sum"": 18431510.735882364}, {""bias"": 0.6491676495182743, ""count"": 376794, ""high"": 0.25, ""low"": -0.25, ""mae"": 0.9336125868255617, ""z_error_count"": 376794, ""z_error_rms"": 9.764529377365077, ""z_squared_error_sum"": 35925813.52046141}, {""bias"": 2.7935537353233784, ""count"": 353470, ""high"": 1.0, ""low"": 0.25, ""mae"": 2.7935537353233784, ""z_error_count"": 353470, ""z_error_rms"": 12.614235288616975, ""z_squared_error_sum"": 56243768.86455699}, {""bias"": 4.719630378486889, ""count"": 82523, ""high"": 2.0, ""low"": 1.0, ""mae"": 4.719630378486889, ""z_error_count"": 82523, ""z_error_rms"": 15.194576251184417, ""z_squared_error_sum"": 19052509.793268662}, {""bias"": 5.6421615142669435, ""count"": 2278, ""high"": ""Infinity"", ""low"": 2.0, ""mae"": 5.6421615142669435, ""z_error_count"": 2278, ""z_error_rms"": 16.486268726540334, ""z_squared_error_sum"": 619153.6947609929}]",0.24696174450708122,0.24707896086975364,0.24592911813601817,0.022578598196937843,4.911165744216616
raw/r6/P1/d100/n4_M6/centre/rep07.npz,r6,,P1,P1_ridge_lse_hjb,ridge_lse,100,4,6,centre,centre,0.0,7,4,float64,0.24739534795413023,0.31215359458777386,0.141013349984817,0.21512770097790418,0.21244714113299296,0.5745730208608106,0.2337822383072522,0.29557855675218464,1267200,1268400,14652000,1465200000,0,48.924552500015125,1.0,1.0,104.75382656004352,0,0,0,0.7732552799330538,1.9108751720934996,5.42715468036794,0.01422827659672422,1267200,"[{""bias"": -2.679236902329302, ""count"": 2854, ""high"": -2.0, ""low"": ""-Infinity"", ""mae"": 2.679236902329302, ""z_error_count"": 2854, ""z_error_rms"": 3.7417744559260586, ""z_squared_error_sum"": 39958.500329525225}, {""bias"": -2.2984263181681404, ""count"": 84898, ""high"": -1.0, ""low"": -2.0, ""mae"": 2.2984263181681404, ""z_error_count"": 84898, ""z_error_rms"": 4.948723397151035, ""z_squared_error_sum"": 2079140.4111756827}, {""bias"": -1.2082583473124027, ""count"": 367928, ""high"": -0.25, ""low"": -1.0, ""mae"": 1.316621963031134, ""z_error_count"": 367928, ""z_error_rms"": 7.091771935945258, ""z_squared_error_sum"": 18504287.22995577}, {""bias"": 0.6467863751425079, ""count"": 373377, ""high"": 0.25, ""low"": -0.25, ""mae"": 0.9335236009584204, ""z_error_count"": 373377, ""z_error_rms"": 9.761192530595293, ""z_squared_error_sum"": 35575688.989633806}, {""bias"": 2.7820939301981458, ""count"": 353146, ""high"": 1.0, ""low"": 0.25, ""mae"": 2.7820939301981458, ""z_error_count"": 353146, ""z_error_rms"": 12.611702152932978, ""z_squared_error_sum"": 56169648.04614026}, {""bias"": 4.711317585630764, ""count"": 82084, ""high"": 2.0, ""low"": 1.0, ""mae"": 4.711317585630764, ""z_error_count"": 82084, ""z_error_rms"": 15.205236753731466, ""z_squared_error_sum"": 18977757.16331406}, {""bias"": 5.662621165792897, ""count"": 2913, ""high"": ""Infinity"", ""low"": 2.0, ""mae"": 5.662621165792897, ""z_error_count"": 2913, ""z_error_rms"": 16.787609038488956, ""z_squared_error_sum"": 820952.7795885318}]",0.24696174450708122,0.24707896086975364,0.24592911813601817,0.022578598196937843,4.911165744216616
raw/r6/P1/d100/n4_M6/centre/rep08.npz,r6,,P1,P1_ridge_lse_hjb,ridge_lse,100,4,6,centre,centre,0.0,8,4,float64,0.24638523831712492,0.31087907848742496,0.13804953849291954,0.21371499486881004,0.21157972423777932,0.5729125233171758,0.23739047702700586,0.3001405713899282,1267200,1268400,14652000,1465200000,0,51.02498720004223,1.0,1.0,104.69372456017392,0,0,0,0.7741258828443034,1.908755800523227,5.420377107174901,0.015434385531188942,1267200,"[{""bias"": -2.6786117712994844, ""count"": 2930, ""high"": -2.0, ""low"": ""-Infinity"", ""mae"": 2.6786117712994844, ""z_error_count"": 2930, ""z_error_rms"": 3.712816972751916, ""z_squared_error_sum"": 40390.078928343275}, {""bias"": -2.296609783992311, ""count"": 84604, ""high"": -1.0, ""low"": -2.0, ""mae"": 2.296609783992311, ""z_error_count"": 84604, ""z_error_rms"": 4.953282164137486, ""z_squared_error_sum"": 2075759.4951305808}, {""bias"": -1.2002927796260863, ""count"": 368328, ""high"": -0.25, ""low"": -1.0, ""mae"": 1.3111998398269296, ""z_error_count"": 368328, ""z_error_rms"": 7.107922414342339, ""z_squared_error_sum"": 18608873.865802012}, {""bias"": 0.6402069650537382, ""count"": 372426, ""high"": 0.25, ""low"": -0.25, ""mae"": 0.9314018999810937, ""z_error_count"": 372426, ""z_error_rms"": 9.77116082354879, ""z_squared_error_sum"": 35557589.787067235}, {""bias"": 2.7835372409868757, ""count"": 354712, ""high"": 1.0, ""low"": 0.25, ""mae"": 2.7835372409868757, ""z_error_count"": 354712, ""z_error_rms"": 12.60033508167853, ""z_squared_error_sum"": 56317072.3686343}, {""bias"": 4.722803822721894, ""count"": 82247, ""high"": 2.0, ""low"": 1.0, ""mae"": 4.722803822721894, ""z_error_count"": 82247, ""z_error_rms"": 15.186898304390901, ""z_squared_error_sum"": 18969602.713235375}, {""bias"": 5.6345301227673525, ""count"": 1953, ""high"": ""Infinity"", ""low"": 2.0, ""mae"": 5.6345301227673525, ""z_error_count"": 1953, ""z_error_rms"": 16.525692690372992, ""z_squared_error_sum"": 533361.4074051522}]",0.24696174450708122,0.24707896086975364,0.24592911813601817,0.022578598196937843,4.911165744216616
raw/r6/P1/d100/n4_M6/centre/rep09.npz,r6,,P1,P1_ridge_lse_hjb,ridge_lse,100,4,6,centre,centre,0.0,9,4,float64,0.24809940150812734,0.3130419413149049,0.14037143689262713,0.2150200854615637,0.21305173683775513,0.575117902964184,0.24004921323182066,0.30350209883484514,1267200,1268400,14652000,1465200000,0,50.724642199929804,1.0,1.0,104.79680103888182,0,0,0,0.784294717306999,1.9182579637123358,5.459884179292305,0.016400907384942633,1267200,"[{""bias"": -2.672619347914597, ""count"": 1966, ""high"": -2.0, ""low"": ""-Infinity"", ""mae"": 2.672619347914597, ""z_error_count"": 1966, ""z_error_rms"": 3.8123841877696725, ""z_squared_error_sum"": 28574.38110167714}, {""bias"": -2.296921978704635, ""count"": 84524, ""high"": -1.0, ""low"": -2.0, ""mae"": 2.296921978704635, ""z_error_count"": 84524, ""z_error_rms"": 4.946688490255972, ""z_squared_error_sum"": 2068279.2066072829}, {""bias"": -1.2087846809921698, ""count"": 367453, ""high"": -0.25, ""low"": -1.0, ""mae"": 1.3199088845924571, ""z_error_count"": 367453, ""z_error_rms"": 7.087716171254066, ""z_squared_error_sum"": 18459266.21379959}, {""bias"": 0.647925076707105, ""count"": 373139, ""high"": 0.25, ""low"": -0.25, ""mae"": 0.9399968868315168, ""z_error_count"": 373139, ""z_error_rms"": 9.775862573310478, ""z_squared_error_sum"": 35659957.297468476}, {""bias"": 2.803959317149041, ""count"": 356922, ""high"": 1.0, ""low"": 0.25, ""mae"": 2.803959317149041, ""z_error_count"": 356922, ""z_error_rms"": 12.599176647628942, ""z_squared_error_sum"": 56657531.37307112}, {""bias"": 4.725454653523703, ""count"": 81335, ""high"": 2.0, ""low"": 1.0, ""mae"": 4.725454653523703, ""z_error_count"": 81335, ""z_error_rms"": 15.21986231217341, ""z_squared_error_sum"": 18840781.72287135}, {""bias"": 5.654749750049973, ""count"": 1861, ""high"": ""Infinity"", ""low"": 2.0, ""mae"": 5.654749750049973, ""z_error_count"": 1861, ""z_error_rms"": 16.706182091713348, ""z_squared_error_sum"": 519398.6238716413}]",0.24696174450708122,0.24707896086975364,0.24592911813601817,0.022578598196937843,4.911165744216616
raw/r6/P1/d200/n4_M6/raw/rep00.npz,r6,,P1,P1_ridge_lse_hjb,ridge_lse,200,4,6,raw,raw,1.0,0,4,float64,122050265717.69522,150027316945.05426,-50182198074.21148,50182198074.21148,105571896579.53151,3235817767880.2607,192075521839.56424,271405376699.48163,1267200,1268400,14652000,2930400000,0,102.99636960006319,1.0,0.0,0.0,0,0,0,-2548850191.249749,2548850191.2501783,2.1771920914985905e+22,-0.04917928802793903,1267200,"[{""bias"": -32401.971136452154, ""count"": 3496, ""high"": -2.0, ""low"": ""-Infinity"", ""mae"": 32401.97114197693, ""z_error_count"": 3496, ""z_error_rms"": 254.56449785997188, ""z_squared_error_sum"": 226551580.1631659}, {""bias"": -5401397.455869409, ""count"": 94652, ""high"": -1.0, ""low"": -2.0, ""mae"": 5401397.45602552, ""z_error_count"": 94652, ""z_error_rms"": 3286.7589616036958, ""z_squared_error_sum"": 1022505155813.6642}, {""bias"": -252201027.2782268, ""count"": 363623, ""high"": -0.25, ""low"": -1.0, ""mae"": 252201027.27864784, ""z_error_count"": 363623, ""z_error_rms"": 22458.891435596805, ""z_squared_error_sum"": 183412097363493.62}, {""bias"": -1347101258.9409497, ""count"": 364752, ""high"": 0.25, ""low"": -0.25, ""mae"": 1347101258.9415727, ""z_error_count"": 364752, ""z_error_rms"": 51905.70152521642, ""z_squared_error_sum"": 982715513492067.1}, {""bias"": -4920915298.955421, ""count"": 356789, ""high"": 1.0, ""low"": 0.25, ""mae"": 4920915298.95582, ""z_error_count"": 356789, ""z_error_rms"": 99205.99490702288, ""z_squared_error_sum"": 3511456478891954.0}, {""bias"": -10751642984.141973, ""count"": 81595, ""high"": 2.0, ""low"": 1.0, ""mae"": 10751642984.142073, ""z_error_count"": 81595, ""z_error_rms"": 146639.98209700864, ""z_squared_error_sum"": 1754560486490191.8}, {""bias"": -5808489127.391055, ""count"": 2293, ""high"": ""Infinity"", ""low"": 2.0, ""mae"": 5808489127.391055, ""z_error_count"": 2293, ""z_error_rms"": 107782.09049923517, ""z_squared_error_sum"": 26637732921259.54}]",115786064399.71219,114201856665.9625,102087181972.8918,55185482462.402824,5.256947988571579
raw/r6/P1/d200/n4_M6/raw/rep01.npz,r6,,P1,P1_ridge_lse_hjb,ridge_lse,200,4,6,raw,raw,1.0,1,4,float64,102196388176.65681,125622421462.66931,-46108802396.132164,46108802396.132164,88398550055.94992,2939080224044.569,144719580682.0423,204490774954.69907,1267200,1268400,14652000,2930400000,0,103.21033959998749,1.0,0.0,0.0,0,0,0,-2467192725.45513,2467192725.455601,1.756319890686165e+22,-0.013933493830344775,1267200,"[{""bias"": -47418.53575581209, ""count"": 3439, ""high"": -2.0, ""low"": ""-Infinity"", ""mae"": 47418.53575581209, ""z_error_count"": 3439, ""z_error_rms"": 307.95694574117675, ""z_squared_error_sum"": 326146095.19957507}, {""bias"": -10742881.605290726, ""count"": 94928, ""high"": -1.0, ""low"": -2.0, ""mae"": 10742881.605379514, ""z_error_count"": 94928, ""z_error_rms"": 4635.270409112276, ""z_squared_error_sum"": 2039597545044.1062}, {""bias"": -175449799.85538876, ""count"": 364125, ""high"": -0.25, ""low"": -1.0, ""mae"": 175449799.85584703, ""z_error_count"": 364125, ""z_error_rms"": 18732.30905262468, ""z_squared_error_sum"": 127771244914573.61}, {""bias"": -1581773868.8147879, ""count"": 364470, ""high"": 0.25, ""low"": -0.25, ""mae"": 1581773868.8153987, ""z_error_count"": 364470, ""z_error_rms"": 56245.417386552705, ""z_squared_error_sum"": 1153017966702643.2}, {""bias"": -4726067857.124316, ""count"": 358043, ""high"": 1.0, ""low"": 0.25, ""mae"": 4726067857.124779, ""z_error_count"": 358043, ""z_error_rms"": 97222.0888195881, ""z_squared_error_sum"": 3384270612276749.0}, {""bias"": -9768425992.230255, ""count"": 79897, ""high"": 2.0, ""low"": 1.0, ""mae"": 9768425992.230682, ""z_error_count"": 79897, ""z_error_rms"": 139774.28648911027, ""z_squared_error_sum"": 1560935797413345.5}, {""bias"": -5399666122.939623, ""count"": 2298, ""high"": ""Infinity"", ""low"": 2.0, ""mae"": 5399666122.939623, ""z_error_count"": 2298, ""z_error_rms"": 103919.83554501265, ""z_squared_error_sum"": 24816865440876.285}]",115786064399.71219,114201856665.9625,102087181972.8918,55185482462.402824,5.256947988571579
raw/r6/P1/d200/n4_M6/raw/rep02.npz,r6,,P1,P1_ridge_lse_hjb,ridge_lse,200,4,6,raw,raw,1.0,2,4,float64,124759248030.78539,153357267483.83133,-47740250928.55901,47740250928.55901,107915131138.76498,3090684295477.6084,129900024389.7492,183550536346.94693,1267200,1268400,14652000,2930400000,0,104.70476040011272,1.0,0.0,0.0,0,0,0,-2536983627.574528,2536983627.575062,2.157706225730793e+22,-0.06934673405324908,1267200,"[{""bias"": -70238.85589595362, ""count"": 3794, ""high"": -2.0, ""low"": ""-Infinity"", ""mae"": 70238.85589595362, ""z_error_count"": 3794, ""z_error_rms"": 374.8036936139165, ""z_squared_error_sum"": 532972806.38473153}, {""bias"": -15817553.218919944, ""count"": 94649, ""high"": -1.0, ""low"": -2.0, ""mae"": 15817553.219044136, ""z_error_count"": 94649, ""z_error_rms"": 5624.507089848477, ""z_squared_error_sum"": 2994228687275.4814}, {""bias"": -278545541.3690922, ""count"": 363256, ""high"": -0.25, ""low"": -1.0, ""mae"": 278545541.3695448, ""z_error_count"": 363256, ""z_error_rms"": 23602.771537976227, ""z_squared_error_sum"": 202366584462440.06}, {""bias"": -1413872666.132116, ""count"": 368915, ""high"": 0.25, ""low"": -0.25, ""mae"": 1413872666.1328428, ""z_error_count"": 368915, ""z_error_rms"": 53176.54204236985, ""z_squared_error_sum"": 1043197407809464.9}, {""bias"": -4587743177.291722, ""count"": 355529, ""high"": 1.0, ""low"": 0.25, ""mae"": 4587743177.292249, ""z_error_count"": 355529, ""z_error_rms"": 95788.75351817394, ""z_squared_error_sum"": 3262151113424744.0}, {""bias"": -11821020735.24733, ""count"": 78560, ""high"": 2.0, ""low"": 1.0, ""mae"": 11821020735.247923, ""z_error_count"": 78560, ""z_error_rms"": 153759.6832673388, ""z_squared_error_sum"": 1857318677991988.0}, {""bias"": -12355211830.005459, ""count"": 2497, ""high"": ""Infinity"", ""low"": 2.0, ""mae"": 12355211830.00594, ""z_error_count"": 2497, ""z_error_rms"": 157195.49302379874, ""z_squared_error_sum"": 61701926298406.91}]",115786064399.71219,114201856665.9625,102087181972.8918,55185482462.402824,5.256947988571579
raw/r6/P1/d200/n4_M6/raw/rep03.npz,r6,,P1,P1_ridge_lse_hjb,ridge_lse,200,4,6,raw,raw,1.0,3,4,float64,113405855300.22453,139401385949.50235,-48046117199.34859,48046117199.34859,98094593705.85223,3083464111682.384,166461139228.63928,235211898765.06024,1267200,1268400,14652000,2930400000,0,104.86551430006512,1.0,0.0,0.0,0,0,0,-2497674112.0841413,2497674112.084628,2.1184273516783733e+22,-0.008617916099582346,1267200,"[{""bias"": -43391.127606384725, ""count"": 3898, ""high"": -2.0, ""low"": ""-Infinity"", ""mae"": 43391.12763009978, ""z_error_count"": 3898, ""z_error_rms"": 294.5880957695145, ""z_squared_error_sum"": 338276805.76718545}, {""bias"": -12190686.784050325, ""count"": 95842, ""high"": -1.0, ""low"": -2.0, ""mae"": 12190686.784126246, ""z_error_count"": 95842, ""z_error_rms"": 4937.747829955539, ""z_squared_error_sum"": 2336757694820.248}, {""bias"": -252022789.7672609, ""count"": 362391, ""high"": -0.25, ""low"": -1.0, ""mae"": 252022789.76776534, ""z_error_count"": 362391, ""z_error_rms"": 22450.954101601765, ""z_squared_error_sum"": 182661494834115.16}, {""bias"": -1420931434.5766385, ""count"": 365972, ""high"": 0.25, ""low"": -0.25, ""mae"": 1420931434.577178, ""z_error_count"": 365972, ""z_error_rms"": 53309.118511092805, ""z_squared_error_sum"": 1040041962474024.0}, {""bias"": -4181177108.0489125, ""count"": 358273, ""high"": 1.0, ""low"": 0.25, ""mae"": 4181177108.0494742, ""z_error_count"": 358273, ""z_error_rms"": 91445.90314674769, ""z_squared_error_sum"": 2996005368856355.0}, {""bias"": -13417151983.511627, ""count"": 78194, ""high"": 2.0, ""low"": 1.0, ""mae"": 13417151983.512024, ""z_error_count"": 78194, ""z_error_rms"": 163811.79035179046, ""z_squared_error_sum"": 2098281462059900.5}, {""bias"": -2048869916.1609297, ""count"": 2630, ""high"": ""Infinity"", ""low"": 2.0, ""mae"": 2048869916.1609297, ""z_error_count"": 2630, ""z_error_rms"": 64013.59698399393, ""z_squared_error_sum"": 10777057774920.787}]",115786064399.71219,114201856665.9625,102087181972.8918,55185482462.402824,5.256947988571579
raw/r6/P1/d200/n4_M6/raw/rep04.npz,r6,,P1,P1_ridge_lse_hjb,ridge_lse,200,4,6,raw,raw,1.0,4,4,float64,111480759262.33852,137035008525.19069,-47180707654.18148,47180707654.18148,96429410605.90343,3029374261668.4097,185564657496.27765,262205435068.1637,1267200,1268400,14652000,2930400000,0,105.61482530017383,1.0,0.0,0.0,0,0,0,-2583034489.0527434,2583034489.0532904,2.5001045210818186e+22,-0.08229802756975914,1267200,"[{""bias"": -14652.881395429436, ""count"": 3204, ""high"": -2.0, ""low"": ""-Infinity"", ""mae"": 14652.881474295957, ""z_error_count"": 3204, ""z_error_rms"": 171.18920568403897, ""z_squared_error_sum"": 93895604.23331396}, {""bias"": -8611204.04702037, ""count"": 94753, ""high"": -1.0, ""low"": -2.0, ""mae"": 8611204.047100542, ""z_error_count"": 94753, ""z_error_rms"": 4149.986025960871, ""z_squared_error_sum"": 1631872552636.8271}, {""bias"": -274890842.38970476, ""count"": 362783, ""high"": -0.25, ""low"": -1.0, ""mae"": 274890842.3902607, ""z_error_count"": 362783, ""z_error_rms"": 23447.418702364997, ""z_squared_error_sum"": 199451361527552.3}, {""bias"": -1519462509.272786, ""count"": 366564, ""high"": 0.25, ""low"": -0.25, ""mae"": 1519462509.2734003, ""z_error_count"": 366564, ""z_error_rms"": 55126.439388839564, ""z_squared_error_sum"": 1113960254323359.0}, {""bias"": -4860960196.560438, ""count"": 358243, ""high"": 1.0, ""low"": 0.25, ""mae"": 4860960196.561053, ""z_error_count"": 358243, ""z_error_rms"": 98599.7939118913, ""z_squared_error_sum"": 3482809557093693.5}, {""bias"": -10968738075.04103, ""count"": 79656, ""high"": 2.0, ""low"": 1.0, ""mae"": 10968738075.041481, ""z_error_count"": 79656, ""z_error_rms"": 148113.04861203622, ""z_squared_error_sum"": 1747451522073924.0}, {""bias"": -284715391.6550013, ""count"": 1997, ""high"": ""Infinity"", ""low"": 2.0, ""mae"": 284715391.6550013, ""z_error_count"": 1997, ""z_error_rms"": 23862.739232688982, ""z_squared_error_sum"": 1137152356403.5662}]",115786064399.71219,114201856665.9625,102087181972.8918,55185482462.402824,5.256947988571579
raw/r6/P1/d200/n4_M6/raw/rep05.npz,r6,,P1,P1_ridge_lse_hjb,ridge_lse,200,4,6,raw,raw,1.0,5,4,float64,127078983814.76805,156208746205.6994,-52350609000.25506,52350609000.25506,109921672499.72289,3648653381698.33,157144891154.1747,222047911007.2248,1267200,1268400,14652000,2930400000,0,105.77622819994576,1.0,0.0,0.0,0,0,0,-2698306762.728311,2698306762.7288766,2.4080816692981578e+22,-0.0546135249469424,1267200,"[{""bias"": -25032.34131216637, ""count"": 3655, ""high"": -2.0, ""low"": ""-Infinity"", ""mae"": 25032.34152538766, ""z_error_count"": 3655, ""z_error_rms"": 223.74988515515207, ""z_squared_error_sum"": 182983960.59587938}, {""bias"": -19263023.651892483, ""count"": 93600, ""high"": -1.0, ""low"": -2.0, ""mae"": 19263023.652016036, ""z_error_count"": 93600, ""z_error_rms"": 6206.933333383395, ""z_squared_error_sum"": 3606035603514.1685}, {""bias"": -271834050.51609397, ""count"": 363776, ""high"": -0.25, ""low"": -1.0, ""mae"": 271834050.51660115, ""z_error_count"": 363776, ""z_error_rms"": 23316.6863869035, ""z_squared_error_sum"": 197773320918186.22}, {""bias"": -1468077032.6154294, ""count"": 367279, ""high"": 0.25, ""low"": -0.25, ""mae"": 1468077032.616068, ""z_error_count"": 367279, ""z_error_rms"": 54186.28470509143, ""z_squared_error_sum"": 1078387503014419.1}, {""bias"": -5007007515.956191, ""count"": 358320, ""high"": 1.0, ""low"": 0.25, ""mae"": 5007007515.956832, ""z_error_count"": 358320, ""z_error_rms"": 100070.04517402872, ""z_squared_error_sum"": 3588221475386472.5}, {""bias"": -12508087786.92565, ""count"": 78773, ""high"": 2.0, ""low"": 1.0, ""mae"": 12508087786.926367, ""z_error_count"": 78773, ""z_error_rms"": 158165.0229571719, ""z_squared_error_sum"": 1970599112867815.8}, {""bias"": -66134.03779105726, ""count"": 1797, ""high"": ""Infinity"", ""low"": 2.0, ""mae"": 66134.03779105726, ""z_error_count"": 1797, ""z_error_rms"": 363.6795916958597, ""z_squared_error_sum"": 237676333.21267283}]",115786064399.71219,114201856665.9625,102087181972.8918,55185482462.402824,5.256947988571579
raw/r6/P1/d200/n4_M6/raw/rep06.npz,r6,,P1,P1_ridge_lse_hjb,ridge_lse,200,4,6,raw,raw,1.0,6,4,float64,106741861221.86392,131209833511.37259,-47414817471.25365,47414817471.25365,92330325275.05196,2551432448201.796,149348286914.71866,211031201067.7156,1267200,1268400,14652000,2930400000,0,106.78821950010024,1.0,0.0,0.0,0,0,0,-2570054102.1592884,2570054102.1598377,2.685096095621504e+22,-0.03933984808628641,1267200,"[{""bias"": -59193.58833648476, ""count"": 3888, ""high"": -2.0, ""low"": ""-Infinity"", ""mae"": 59193.58833648476, ""z_error_count"": 3888, ""z_error_rms"": 344.07270556682494, ""z_squared_error_sum"": 460284871.8720997}, {""bias"": -8070054.810358724, ""count"": 94823, ""high"": -1.0, ""low"": -2.0, ""mae"": 8070054.8104442265, ""z_error_count"": 94823, ""z_error_rms"": 4017.4730916988556, ""z_squared_error_sum"": 1530451758102.2876}, {""bias"": -267688333.77346992, ""count"": 362595, ""high"": -0.25, ""low"": -1.0, ""mae"": 267688333.7739722, ""z_error_count"": 362595, ""z_error_rms"": 23138.202892497335, ""z_squared_error_sum"": 194124817757853.84}, {""bias"": -1405514983.6965094, ""count"": 367264, ""high"": 0.25, ""low"": -0.25, ""mae"": 1405514983.6972415, ""z_error_count"": 367264, ""z_error_rms"": 53019.14058259313, ""z_squared_error_sum"": 1032389853125638.8}, {""bias"": -4695090647.000319, ""count"": 357881, ""high"": 1.0, ""low"": 0.25, ""mae"": 4695090647.000804, ""z_error_count"": 357881, ""z_error_rms"": 96902.94202987138, ""z_squared_error_sum"": 3360567070867261.0}, {""bias"": -11863460953.735828, ""count"": 78678, ""high"": 2.0, ""low"": 1.0, ""mae"": 11863460953.736574, ""z_error_count"": 78678, ""z_error_rms"": 154035.4525499382, ""z_squared_error_sum"": 1866786662292068.0}, {""bias"": -14037893862.986328, ""count"": 2071, ""high"": ""Infinity"", ""low"": 2.0, ""mae"": 14037893862.987667, ""z_error_count"": 2071, ""z_error_rms"": 167558.30613416797, ""z_squared_error_sum"": 58144952711876.26}]",115786064399.71219,114201856665.9625,102087181972.8918,55185482462.402824,5.256947988571579
raw/r6/P1/d200/n4_M6/raw/rep07.npz,r6,,P1,P1_ridge_lse_hjb,ridge_lse,200,4,6,raw,raw,1.0,7,4,float64,111953819743.69952,137616506601.856,-50028041888.23296,50028041888.23296,96838601785.62296,3095592511630.7866,143504872069.90933,202774374836.14868,1267200,1268400,14652000,2930400000,0,106.84671549987979,1.0,0.0,0.0,0,0,0,-2557134152.6366534,2557134152.637232,1.903505712415059e+22,-0.09616375590215809,1267200,"[{""bias"": -13210.318452790136, ""count"": 3208, ""high"": -2.0, ""low"": ""-Infinity"", ""mae"": 13210.318452790136, ""z_error_count"": 3208, ""z_error_rms"": 162.54462273163034, ""z_squared_error_sum"": 84757780.04772948}, {""bias"": -9495473.224520838, ""count"": 96308, ""high"": -1.0, ""low"": -2.0, ""mae"": 9495473.224638714, ""z_error_count"": 96308, ""z_error_rms"": 4357.856904775652, ""z_squared_error_sum"": 1828977215415.2493}, {""bias"": -213003943.39326862, ""count"": 360609, ""high"": -0.25, ""low"": -1.0, ""mae"": 213003943.39380625, ""z_error_count"": 360609, ""z_error_rms"": 20639.953049095155, ""z_squared_error_sum"": 153622196938865.0}, {""bias"": -1507252672.9612868, ""count"": 366078, ""high"": 0.25, ""low"": -0.25, ""mae"": 1507252672.9620183, ""z_error_count"": 366078, ""z_error_rms"": 54904.504800137394, ""z_squared_error_sum"": 1103543832291974.6}, {""bias"": -4736270398.002607, ""count"": 359299, ""high"": 1.0, ""low"": 0.25, ""mae"": 4736270398.003292, ""z_error_count"": 359299, ""z_error_rms"": 97326.9728776166, ""z_squared_error_sum"": 3403474023533000.5}, {""bias"": -11179654998.511543, ""count"": 79352, ""high"": 2.0, ""low"": 1.0, ""mae"": 11179654998.511717, ""z_error_count"": 79352, ""z_error_rms"": 149530.2926123808, ""z_squared_error_sum"": 1774255840850672.0}, {""bias"": -9393640919.823895, ""count"": 2346, ""high"": ""Infinity"", ""low"": 2.0, ""mae"": 9393640919.823895, ""z_error_count"": 2346, ""z_error_rms"": 137066.70278645534, ""z_squared_error_sum"": 44074961255912.625}]",115786064399.71219,114201856665.9625,102087181972.8918,55185482462.402824,5.256947988571579
raw/r6/P1/d200/n4_M6/raw/rep08.npz,r6,,P1,P1_ridge_lse_hjb,ridge_lse,200,4,6,raw,raw,1.0,8,4,float64,114997858031.70045,141358316538.45316,-49792548933.78013,49792548933.78013,99471655416.72519,3312388534681.982,130767260142.43639,184775952495.1947,1267200,1268400,14652000,2930400000,0,105.94045959995128,1.0,0.0,0.0,0,0,0,-2594766633.660883,2594766633.6614313,2.2572579175682464e+22,-0.05242235517037803,1267200,"[{""bias"": -35475.95476092275, ""count"": 3789, ""high"": -2.0, ""low"": ""-Infinity"", ""mae"": 35475.95481900753, ""z_error_count"": 3789, ""z_error_rms"": 266.367368752299, ""z_squared_error_sum"": 268835518.1903921}, {""bias"": -8893888.541726584, ""count"": 95904, ""high"": -1.0, ""low"": -2.0, ""mae"": 8893888.541853836, ""z_error_count"": 95904, ""z_error_rms"": 4217.552789249241, ""z_squared_error_sum"": 1705916522743.0989}, {""bias"": -241524390.6558965, ""count"": 359796, ""high"": -0.25, ""low"": -1.0, ""mae"": 241524390.65641806, ""z_error_count"": 359796, ""z_error_rms"": 21978.365454535426, ""z_squared_error_sum"": 173798935395318.97}, {""bias"": -1385833656.0902877, ""count"": 369864, ""high"": 0.25, ""low"": -0.25, ""mae"": 1385833656.0909438, ""z_error_count"": 369864, ""z_error_rms"": 52646.61965717106, ""z_squared_error_sum"": 1025139681038586.9}, {""bias"": -4796810411.794987, ""count"": 357125, ""high"": 1.0, ""low"": 0.25, ""mae"": 4796810411.795583, ""z_error_count"": 357125, ""z_error_rms"": 97947.02539929, ""z_squared_error_sum"": 3426121465564260.5}, {""bias"": -12261538926.503973, ""count"": 78473, ""high"": 2.0, ""low"": 1.0, ""mae"": 12261538926.50446, ""z_error_count"": 78473, ""z_error_rms"": 156598.45838714048, ""z_squared_error_sum"": 1924399434700904.8}, {""bias"": -5560263557.819347, ""count"": 2249, ""high"": ""Infinity"", ""low"": 2.0, ""mae"": 5560263557.819347, ""z_error_count"": 2249, ""z_error_rms"": 105453.90308707098, ""z_squared_error_sum"": 25010062245992.76}]",115786064399.71219,114201856665.9625,102087181972.8918,55185482462.402824,5.256947988571579
raw/r6/P1/d200/n4_M6/raw/rep09.npz,r6,,P1,P1_ridge_lse_hjb,ridge_lse,200,4,6,raw,raw,1.0,9,4,float64,123195604697.38937,151435196994.35748,-50076666772.72278,50076666772.72278,106562599939.34604,3112771634623.7007,158668587012.4648,224200914390.6548,1267200,1268400,14652000,2930400000,0,105.86528639984317,1.0,0.0,0.0,0,0,0,-2584416370.263083,2584416370.2635827,1.9467295712551994e+22,0.02731359872736055,1267200,"[{""bias"": -489672.69169028936, ""count"": 3294, ""high"": -2.0, ""low"": ""-Infinity"", ""mae"": 489672.69169028936, ""z_error_count"": 3294, ""z_error_rms"": 989.6165768143641, ""z_squared_error_sum"": 3225949152.23444}, {""bias"": -6456175.307724833, ""count"": 93077, ""high"": -1.0, ""low"": -2.0, ""mae"": 6456175.307792349, ""z_error_count"": 93077, ""z_error_rms"": 3593.373906871249, ""z_squared_error_sum"": 1201841501090.8953}, {""bias"": -259759286.40259776, ""count"": 364545, ""high"": -0.25, ""low"": -1.0, ""mae"": 259759286.4029711, ""z_error_count"": 364545, ""z_error_rms"": 22792.943903913583, ""z_squared_error_sum"": 189387795686765.1}, {""bias"": -1385355146.5940886, ""count"": 365677, ""high"": 0.25, ""low"": -0.25, ""mae"": 1385355146.5947788, ""z_error_count"": 365677, ""z_error_rms"": 52637.530005378765, ""z_squared_error_sum"": 1013184761625060.0}, {""bias"": -4587956370.142229, ""count"": 360026, ""high"": 1.0, ""low"": 0.25, ""mae"": 4587956370.142812, ""z_error_count"": 360026, ""z_error_rms"": 95790.97906666636, ""z_squared_error_sum"": 3303566775101618.5}, {""bias"": -12950713454.772036, ""count"": 78353, ""high"": 2.0, ""low"": 1.0, ""mae"": 12950713454.7724, ""z_error_count"": 78353, ""z_error_rms"": 160939.19838997035, ""z_squared_error_sum"": 2029454398344864.0}, {""bias"": -2949998000.5009, ""count"": 2228, ""high"": ""Infinity"", ""low"": 2.0, ""mae"": 2949998000.5009, ""z_error_count"": 2228, ""z_error_rms"": 76811.42678062171, ""z_squared_error_sum"": 13145189492918.674}]",115786064399.71219,114201856665.9625,102087181972.8918,55185482462.402824,5.256947988571579
raw/r6/P1/d200/n4_M6/box/rep00.npz,r6,,P1,P1_ridge_lse_hjb,ridge_lse,200,4,6,box,box,1.0,0,4,float64,0.15147533116621553,0.18619736208354742,-0.006710376507819003,0.1356734064538047,0.1310241964832649,1.6094955775904682,0.1452767034772905,0.20527799719241085,1267200,1268400,14652000,2930400000,0,110.01125710015185,1.0,1.0,186.24514341666273,0,0,0,-0.2681548609534893,1.6614287076528265,3.833435484398857,-0.03842215180760966,1267200,"[{""bias"": -2.142845493654746, ""count"": 3496, ""high"": -2.0, ""low"": ""-Infinity"", ""mae"": 2.1428653065970678, ""z_error_count"": 3496, ""z_error_rms"": 5.224411074117104, ""z_squared_error_sum"": 95421.4708654656}, {""bias"": -2.288261994794575, ""count"": 94652, ""high"": -1.0, ""low"": -2.0, ""mae"": 2.289664144891728, ""z_error_count"": 94652, ""z_error_rms"": 7.002619324157062, ""z_squared_error_sum"": 4641419.589175629}, {""bias"": -1.8170626103274155, ""count"": 363623, ""high"": -0.25, ""low"": -1.0, ""mae"": 1.8854264989670815, ""z_error_count"": 363623, ""z_error_rms"": 10.254000964234185, ""z_squared_error_sum"": 38232971.53193668}, {""bias"": -0.5146651922683908, ""count"": 364752, ""high"": 0.25, ""low"": -0.25, ""mae"": 1.1157434346192123, ""z_error_count"": 364752, ""z_error_rms"": 13.99659266000803, ""z_squared_error_sum"": 71456596.88060923}, {""bias"": 1.3300518981260938, ""count"": 356789, ""high"": 1.0, ""low"": 0.25, ""mae"": 1.4866446836187925, ""z_error_count"": 356789, ""z_error_rms"": 18.047179680016935, ""z_squared_error_sum"": 116206425.05528635}, {""bias"": 3.0530870601942808, ""count"": 81595, ""high"": 2.0, ""low"": 1.0, ""mae"": 3.0530870601942808, ""z_error_count"": 81595, ""z_error_rms"": 21.56801587464401, ""z_squared_error_sum"": 37956305.69899808}, {""bias"": 3.9513793219163302, ""count"": 2293, ""high"": ""Infinity"", ""low"": 2.0, ""mae"": 3.9513793219163302, ""z_error_count"": 2293, ""z_error_rms"": 23.29230314039595, ""z_squared_error_sum"": 1244024.4671443393}]",0.15694327538445035,0.1573234055152293,0.14735548665613502,0.05406341248961799,5.256947988571579
raw/r6/P1/d200/n4_M6/box/rep01.npz,r6,,P1,P1_ridge_lse_hjb,ridge_lse,200,4,6,box,box,1.0,1,4,float64,0.16002985313107748,0.19671279988770862,-0.007381983580533752,0.14049415742173058,0.13842374701149288,1.5980903099206931,0.1438180197299237,0.20321685682351898,1267200,1268400,14652000,2930400000,0,109.95192659995519,1.0,1.0,185.74368287051124,0,0,0,-0.27316439637393347,1.658218343639874,3.8196676605240603,-0.04026041987453659,1267200,"[{""bias"": -2.1237126287142276, ""count"": 3439, ""high"": -2.0, ""low"": ""-Infinity"", ""mae"": 2.1237126287142276, ""z_error_count"": 3439, ""z_error_rms"": 5.1470940758891315, ""z_squared_error_sum"": 91107.97376819626}, {""bias"": -2.2861936718208247, ""count"": 94928, ""high"": -1.0, ""low"": -2.0, ""mae"": 2.287504713972867, ""z_error_count"": 94928, ""z_error_rms"": 7.01165390712195, ""z_squared_error_sum"": 4666972.841842604}, {""bias"": -1.8215566687914724, ""count"": 364125, ""high"": -0.25, ""low"": -1.0, ""mae"": 1.8886445918696408, ""z_error_count"": 364125, ""z_error_rms"": 10.242970919910192, ""z_squared_error_sum"": 38203431.79552807}, {""bias"": -0.5043948926617065, ""count"": 364470, ""high"": 0.25, ""low"": -0.25, ""mae"": 1.1154957753804295, ""z_error_count"": 364470, ""z_error_rms"": 14.003925228688036, ""z_squared_error_sum"": 71476183.20234045}, {""bias"": 1.3202006443797412, ""count"": 358043, ""high"": 1.0, ""low"": 0.25, ""mae"": 1.4802112757816468, ""z_error_count"": 358043, ""z_error_rms"": 18.002681105615665, ""z_squared_error_sum"": 116040492.81325647}, {""bias"": 3.0492296979952536, ""count"": 79897, ""high"": 2.0, ""low"": 1.0, ""mae"": 3.0492296979952536, ""z_error_count"": 79897, ""z_error_rms"": 21.636534937885102, ""z_squared_error_sum"": 37402953.14612163}, {""bias"": 3.904065091137019, ""count"": 2298, ""high"": ""Infinity"", ""low"": 2.0, ""mae"": 3.904065091137019, ""z_error_count"": 2298, ""z_error_rms"": 23.593672265409467, ""z_squared_error_sum"": 1279207.8304834343}]",0.15694327538445035,0.1573234055152293,0.14735548665613502,0.05406341248961799,5.256947988571579
raw/r6/P1/d200/n4_M6/box/rep02.npz,r6,,P1,P1_ridge_lse_hjb,ridge_lse,200,4,6,box,box,1.0,2,4,float64,0.15828436533590282,0.19456720152190002,-0.009869499114402566,0.14092261226040154,0.13691392271156677,1.5912480449787123,0.1444333976858799,0.20408639441138693,1267200,1268400,14652000,2930400000,0,109.43622360005975,1.0,1.0,185.94853615047265,0,0,0,-0.2816888940515778,1.6529801596464389,3.7996241465615523,-0.03786586219998715,1267200,"[{""bias"": -2.1403204966092337, ""count"": 3794, ""high"": -2.0, ""low"": ""-Infinity"", ""mae"": 2.1403204966092337, ""z_error_count"": 3794, ""z_error_rms"": 5.195003016757316, ""z_squared_error_sum"": 102392.68576958224}, {""bias"": -2.2857001679385505, ""count"": 94649, ""high"": -1.0, ""low"": -2.0, ""mae"": 2.287001020048389, ""z_error_count"": 94649, ""z_error_rms"": 7.022665900289095, ""z_squared_error_sum"": 4667883.892415082}, {""bias"": -1.8108234626713733, ""count"": 363256, ""high"": -0.25, ""low"": -1.0, ""mae"": 1.880280886044548, ""z_error_count"": 363256, ""z_error_rms"": 10.276111720746737, ""z_squared_error_sum"": 38359278.58016536}, {""bias"": -0.5210354656725749, ""count"": 368915, ""high"": 0.25, ""low"": -0.25, ""mae"": 1.1194190786024043, ""z_error_count"": 368915, ""z_error_rms"": 14.010154168614056, ""z_squared_error_sum"": 72412266.74096976}, {""bias"": 1.316061220189281, ""count"": 355529, ""high"": 1.0, ""low"": 0.25, ""mae"": 1.475165206215381, ""z_error_count"": 355529, ""z_error_rms"": 18.03940007668512, ""z_squared_error_sum"": 115696231.22624306}, {""bias"": 3.051640031728331, ""count"": 78560, ""high"": 2.0, ""low"": 1.0, ""mae"": 3.051641401762097, ""z_error_count"": 78560, ""z_error_rms"": 21.654749928644872, ""z_squared_error_sum"": 36838998.95773172}, {""bias"": 3.9563318969523515, ""count"": 2497, ""high"": ""Infinity"", ""low"": 2.0, ""mae"": 3.9563318969523515, ""z_error_count"": 2497, ""z_error_rms"": 23.330087836924275, ""z_squared_error_sum"": 1359099.6172010691}]",0.15694327538445035,0.1573234055152293,0.14735548665613502,0.05406341248961799,5.256947988571579
raw/r6/P1/d200/n4_M6/box/rep03.npz,r6,,P1,P1_ridge_lse_hjb,ridge_lse,200,4,6,box,box,1.0,3,4,float64,0.15494146564165473,0.19045802347959634,-0.010458401757387221,0.13693909314715,0.13402235784096497,1.5929916530760786,0.14643916916769376,0.2069205773378791,1267200,1268400,14652000,2930400000,0,109.47126689995639,1.0,1.0,185.70219566166278,0,0,0,-0.27816700329133304,1.6556583275576897,3.8109166319265984,-0.03942458019827697,1267200,"[{""bias"": -2.120315929467123, ""count"": 3898, ""high"": -2.0, ""low"": ""-Infinity"", ""mae"": 2.120328937352333, ""z_error_count"": 3898, ""z_error_rms"": 5.156393614462022, ""z_squared_error_sum"": 103641.56412811787}, {""bias"": -2.284424064234908, ""count"": 95842, ""high"": -1.0, ""low"": -2.0, ""mae"": 2.2858518681460165, ""z_error_count"": 95842, ""z_error_rms"": 7.003284508437906, ""z_squared_error_sum"": 4700666.147950962}, {""bias"": -1.816525991882647, ""count"": 362391, ""high"": -0.25, ""low"": -1.0, ""mae"": 1.8855230132304235, ""z_error_count"": 362391, ""z_error_rms"": 10.248295877789218, ""z_squared_error_sum"": 38061045.53957745}, {""bias"": -0.5164583298968121, ""count"": 365972, ""high"": 0.25, ""low"": -0.25, ""mae"": 1.116523342751482, ""z_error_count"": 365972, ""z_error_rms"": 14.007514896675293, ""z_squared_error_sum"": 71807539.4372321}, {""bias"": 1.3174049871141316, ""count"": 358273, ""high"": 1.0, ""low"": 0.25, ""mae"": 1.475870316835102, ""z_error_count"": 358273, ""z_error_rms"": 18.031044371388557, ""z_squared_error_sum"": 116481202.2492145}, {""bias"": 3.0664454343268885, ""count"": 78194, ""high"": 2.0, ""low"": 1.0, ""mae"": 3.066450305036585, ""z_error_count"": 78194, ""z_error_rms"": 21.602596996972153, ""z_squared_error_sum"": 36490965.77328068}, {""bias"": 3.8970431482623864, ""count"": 2630, ""high"": ""Infinity"", ""low"": 2.0, ""mae"": 3.8970431482623864, ""z_error_count"": 2630, ""z_error_rms"": 23.492919457601417, ""z_squared_error_sum"": 1451542.4060067432}]",0.15694327538445035,0.1573234055152293,0.14735548665613502,0.05406341248961799,5.256947988571579
raw/r6/P1/d200/n4_M6/box/rep04.npz,r6,,P1,P1_ridge_lse_hjb,ridge_lse,200,4,6,box,box,1.0,4,4,float64,0.1563264206324861,0.19216044567542093,-0.010386737300073659,0.13873131627588903,0.13522032594205496,1.6044010864604008,0.15556879979600158,0.21982087205566556,1267200,1268400,14652000,2930400000,0,109.63011429994367,1.0,1.0,186.12079677616072,0,0,0,-0.2732016722762589,1.6544391338923243,3.8052112785984757,-0.03916415020012094,1267200,"[{""bias"": -2.14190648669344, ""count"": 3204, ""high"": -2.0, ""low"": ""-Infinity"", ""mae"": 2.1419656201645725, ""z_error_count"": 3204, ""z_error_rms"": 5.20203088486662, ""z_squared_error_sum"": 86703.84554804822}, {""bias"": -2.2888107815150276, ""count"": 94753, ""high"": -1.0, ""low"": -2.0, ""mae"": 2.2901270748005422, ""z_error_count"": 94753, ""z_error_rms"": 7.03849135490048, ""z_squared_error_sum"": 4694097.783479243}, {""bias"": -1.8110663796330175, ""count"": 362783, ""high"": -0.25, ""low"": -1.0, ""mae"": 1.8812154661570022, ""z_error_count"": 362783, ""z_error_rms"": 10.26157330428069, ""z_squared_error_sum"": 38201008.78911341}, {""bias"": -0.5153157557005222, ""count"": 366564, ""high"": 0.25, ""low"": -0.25, ""mae"": 1.116315481158189, ""z_error_count"": 366564, ""z_error_rms"": 13.99470179956278, ""z_squared_error_sum"": 71792174.66252966}, {""bias"": 1.3194134415040264, ""count"": 358243, ""high"": 1.0, ""low"": 0.25, ""mae"": 1.4799705133180467, ""z_error_count"": 358243, ""z_error_rms"": 18.031648807361627, ""z_squared_error_sum"": 116479257.52607231}, {""bias"": 3.050663123153104, ""count"": 79656, ""high"": 2.0, ""low"": 1.0, ""mae"": 3.050663123153104, ""z_error_count"": 79656, ""z_error_rms"": 21.64506556075809, ""z_squared_error_sum"": 37319542.00144473}, {""bias"": 3.8954657326906985, ""count"": 1997, ""high"": ""Infinity"", ""low"": 2.0, ""mae"": 3.8954657326906985, ""z_error_count"": 1997, ""z_error_rms"": 23.41628581948355, ""z_squared_error_sum"": 1094999.9158347535}]",0.15694327538445035,0.1573234055152293,0.14735548665613502,0.05406341248961799,5.256947988571579
raw/r6/P1/d200/n4_M6/box/rep05.npz,r6,,P1,P1_ridge_lse_hjb,ridge_lse,200,4,6,box,box,1.0,5,4,float64,0.15896280774157084,0.19540116032752486,-0.0038251427989454507,0.13927295603337034,0.13750076659154672,1.5903417981438548,0.14406062253348817,0.20355965795017564,1267200,1268400,14652000,2930400000,0,109.31645399983972,1.0,1.0,185.9175898736187,0,0,0,-0.2731617715604389,1.6536657591231254,3.801856626942704,-0.039665086018139555,1267200,"[{""bias"": -2.1327837312970583, ""count"": 3655, ""high"": -2.0, ""low"": ""-Infinity"", ""mae"": 2.1329009392810625, ""z_error_count"": 3655, ""z_error_rms"": 5.198410892332763, ""z_squared_error_sum"": 98770.80406918991}, {""bias"": -2.2834086575768193, ""count"": 93600, ""high"": -1.0, ""low"": -2.0, ""mae"": 2.284757276779975, ""z_error_count"": 93600, ""z_error_rms"": 7.047170152844898, ""z_squared_error_sum"": 4648420.030470652}, {""bias"": -1.8112366081742215, ""count"": 363776, ""high"": -0.25, ""low"": -1.0, ""mae"": 1.8808690427452224, ""z_error_count"": 363776, ""z_error_rms"": 10.247684649199329, ""z_squared_error_sum"": 38201951.43456459}, {""bias"": -0.5118195623621127, ""count"": 367279, ""high"": 0.25, ""low"": -0.25, ""mae"": 1.118274574381602, ""z_error_count"": 367279, ""z_error_rms"": 13.999566167479086, ""z_squared_error_sum"": 71982222.61704126}, {""bias"": 1.3227339676680547, ""count"": 358320, ""high"": 1.0, ""low"": 0.25, ""mae"": 1.480988232675554, ""z_error_count"": 358320, ""z_error_rms"": 18.046547235710545, ""z_squared_error_sum"": 116696893.35028385}, {""bias"": 3.062342277743279, ""count"": 78773, ""high"": 2.0, ""low"": 1.0, ""mae"": 3.062342277743279, ""z_error_count"": 78773, ""z_error_rms"": 21.607716071149465, ""z_squared_error_sum"": 36778593.310706265}, {""bias"": 3.9203338042207854, ""count"": 1797, ""high"": ""Infinity"", ""low"": 2.0, ""mae"": 3.9203338042207854, ""z_error_count"": 1797, ""z_error_rms"": 23.505844623757685, ""z_squared_error_sum"": 992886.9424628}]",0.15694327538445035,0.1573234055152293,0.14735548665613502,0.05406341248961799,5.256947988571579
raw/r6/P1/d200/n4_M6/box/rep06.npz,r6,,P1,P1_ridge_lse_hjb,ridge_lse,200,4,6,box,box,1.0,6,4,float64,0.15682632731110438,0.19277494378630164,-0.004818183365158657,0.13856110261447263,0.1356527387341465,1.5921484959305472,0.14940197707736882,0.21110706601229345,1267200,1268400,14652000,2930400000,0,110.9664348999504,1.0,1.0,185.86961489691035,0,0,0,-0.276892216540351,1.6550173777886727,3.809013429525417,-0.03783884821237161,1267200,"[{""bias"": -2.12424301266847, ""count"": 3888, ""high"": -2.0, ""low"": ""-Infinity"", ""mae"": 2.124244425745872, ""z_error_count"": 3888, ""z_error_rms"": 5.160477894926966, ""z_squared_error_sum"": 103539.50882046804}, {""bias"": -2.2877971838271036, ""count"": 94823, ""high"": -1.0, ""low"": -2.0, ""mae"": 2.289059842795682, ""z_error_count"": 94823, ""z_error_rms"": 7.014804474156999, ""z_squared_error_sum"": 4666001.047731553}, {""bias"": -1.816115907675869, ""count"": 362595, ""high"": -0.25, ""low"": -1.0, ""mae"": 1.8836438874926003, ""z_error_count"": 362595, ""z_error_rms"": 10.246708136179018, ""z_squared_error_sum"": 38070672.042788185}, {""bias"": -0.5144495975744084, ""count"": 367264, ""high"": 0.25, ""low"": -0.25, ""mae"": 1.1159786747874632, ""z_error_count"": 367264, ""z_error_rms"": 13.997132296687596, ""z_squared_error_sum"": 71954257.302976}, {""bias"": 1.3211663596800232, ""count"": 357881, ""high"": 1.0, ""low"": 0.25, ""mae"": 1.4812597789671902, ""z_error_count"": 357881, ""z_error_rms"": 18.046107930173775, ""z_squared_error_sum"": 116548246.31167826}, {""bias"": 3.061276009208921, ""count"": 78678, ""high"": 2.0, ""low"": 1.0, ""mae"": 3.061276009208921, ""z_error_count"": 78678, ""z_error_rms"": 21.633491361069108, ""z_squared_error_sum"": 36821929.369679525}, {""bias"": 3.908732555032914, ""count"": 2071, ""high"": ""Infinity"", ""low"": 2.0, ""mae"": 3.908732555032914, ""z_error_count"": 2071, ""z_error_rms"": 23.590880752496805, ""z_squared_error_sum"": 1152572.9148392237}]",0.15694327538445035,0.1573234055152293,0.14735548665613502,0.05406341248961799,5.256947988571579
raw/r6/P1/d200/n4_M6/box/rep07.npz,r6,,P1,P1_ridge_lse_hjb,ridge_lse,200,4,6,box,box,1.0,7,4,float64,0.15634759375934015,0.19218647222599475,-0.006585876235343918,0.1375293717857987,0.13523864042212067,1.5947364953400986,0.157268850660457,0.2222230675090831,1267200,1268400,14652000,2930400000,0,110.71167650003918,1.0,1.0,186.1059146248337,0,0,0,-0.2691518752237645,1.6568398566352716,3.8155415667790167,-0.038985819683285336,1267200,"[{""bias"": -2.109134886012781, ""count"": 3208, ""high"": -2.0, ""low"": ""-Infinity"", ""mae"": 2.109134886012781, ""z_error_count"": 3208, ""z_error_rms"": 5.124548617475154, ""z_squared_error_sum"": 84245.28329343577}, {""bias"": -2.281719800933504, ""count"": 96308, ""high"": -1.0, ""low"": -2.0, ""mae"": 2.282826247750979, ""z_error_count"": 96308, ""z_error_rms"": 7.005257110506234, ""z_squared_error_sum"": 4726182.886865387}, {""bias"": -1.8156814462293351, ""count"": 360609, ""high"": -0.25, ""low"": -1.0, ""mae"": 1.8850951925820467, ""z_error_count"": 360609, ""z_error_rms"": 10.25204483100687, ""z_squared_error_sum"": 37901600.95185002}, {""bias"": -0.5127223347402365, ""count"": 366078, ""high"": 0.25, ""low"": -0.25, ""mae"": 1.1173418527448287, ""z_error_count"": 366078, ""z_error_rms"": 14.015545377495044, ""z_squared_error_sum"": 71910719.44562975}, {""bias"": 1.3251472165282994, ""count"": 359299, ""high"": 1.0, ""low"": 0.25, ""mae"": 1.4816135906487873, ""z_error_count"": 359299, ""z_error_rms"": 18.018178046484422, ""z_squared_error_sum"": 116648123.46851227}, {""bias"": 3.0566820494085394, ""count"": 79352, ""high"": 2.0, ""low"": 1.0, ""mae"": 3.0566820494085394, ""z_error_count"": 79352, ""z_error_rms"": 21.614017220272466, ""z_squared_error_sum"": 37070535.83208072}, {""bias"": 3.9276439826774796, ""count"": 2346, ""high"": ""Infinity"", ""low"": 2.0, ""mae"": 3.9276439826774796, ""z_error_count"": 2346, ""z_error_rms"": 23.61383872263456, ""z_squared_error_sum"": 1308160.987646825}]",0.15694327538445035,0.1573234055152293,0.14735548665613502,0.05406341248961799,5.256947988571579
raw/r6/P1/d200/n4_M6/box/rep08.npz,r6,,P1,P1_ridge_lse_hjb,ridge_lse,200,4,6,box,box,1.0,8,4,float64,0.1584181054057972,0.1947315982459572,-0.010689302251008911,0.13936854064378887,0.1370296061371161,1.6012351953376427,0.14231227137264565,0.20108921350797448,1267200,1268400,14652000,2930400000,0,110.34326439979486,1.0,1.0,185.82402472725042,0,0,0,-0.2821804736865175,1.6524992456731666,3.8000466166567977,-0.039955257788653685,1267200,"[{""bias"": -2.1236225645017397, ""count"": 3789, ""high"": -2.0, ""low"": ""-Infinity"", ""mae"": 2.1237249194213677, ""z_error_count"": 3789, ""z_error_rms"": 5.177363095727833, ""z_squared_error_sum"": 101564.48080014202}, {""bias"": -2.287882181868976, ""count"": 95904, ""high"": -1.0, ""low"": -2.0, ""mae"": 2.289214410297908, ""z_error_count"": 95904, ""z_error_rms"": 7.0278897492629175, ""z_squared_error_sum"": 4736816.936972831}, {""bias"": -1.8162942611154598, ""count"": 359796, ""high"": -0.25, ""low"": -1.0, ""mae"": 1.884580655036811, ""z_error_count"": 359796, ""z_error_rms"": 10.257772953064105, ""z_squared_error_sum"": 37858420.87556571}, {""bias"": -0.5254103549224931, ""count"": 369864, ""high"": 0.25, ""low"": -0.25, ""mae"": 1.1165879962803529, ""z_error_count"": 369864, ""z_error_rms"": 14.013579800715371, ""z_squared_error_sum"": 72634047.2305156}, {""bias"": 1.3142072839629437, ""count"": 357125, ""high"": 1.0, ""low"": 0.25, ""mae"": 1.4757611295858102, ""z_error_count"": 357125, ""z_error_rms"": 18.018802227727242, ""z_squared_error_sum"": 115950357.09295075}, {""bias"": 3.053088576841537, ""count"": 78473, ""high"": 2.0, ""low"": 1.0, ""mae"": 3.0530896289429466, ""z_error_count"": 78473, ""z_error_rms"": 21.64055552804175, ""z_squared_error_sum"": 36749976.551261105}, {""bias"": 3.9078931618067494, ""count"": 2249, ""high"": ""Infinity"", ""low"": 2.0, ""mae"": 3.9078931618067494, ""z_error_count"": 2249, ""z_error_rms"": 23.46636093718691, ""z_squared_error_sum"": 1238457.045081612}]",0.15694327538445035,0.1573234055152293,0.14735548665613502,0.05406341248961799,5.256947988571579
raw/r6/P1/d200/n4_M6/box/rep09.npz,r6,,P1,P1_ridge_lse_hjb,ridge_lse,200,4,6,box,box,1.0,9,4,float64,0.15782048371935423,0.19399698634128015,-0.006405781774169255,0.13893841951000438,0.13651267113083948,1.5923320765534306,0.14586975111637943,0.20611598173279447,1267200,1268400,14652000,2930400000,0,110.61127189989202,1.0,1.0,186.1968166429968,0,0,0,-0.2698880006221431,1.6547883505878471,3.806270041967024,-0.03916762218341785,1267200,"[{""bias"": -2.1330885347815545, ""count"": 3294, ""high"": -2.0, ""low"": ""-Infinity"", ""mae"": 2.1330885347815545, ""z_error_count"": 3294, ""z_error_rms"": 5.19857270937383, ""z_squared_error_sum"": 89020.87115904514}, {""bias"": -2.289399874311503, ""count"": 93077, ""high"": -1.0, ""low"": -2.0, ""mae"": 2.2905118952869574, ""z_error_count"": 93077, ""z_error_rms"": 7.021435767335572, ""z_squared_error_sum"": 4588748.244976274}, {""bias"": -1.8143957962817736, ""count"": 364545, ""high"": -0.25, ""low"": -1.0, ""mae"": 1.8833751479599334, ""z_error_count"": 364545, ""z_error_rms"": 10.23306428086651, ""z_squared_error_sum"": 38173550.07028406}, {""bias"": -0.5103489379299151, ""count"": 365677, ""high"": 0.25, ""low"": -0.25, ""mae"": 1.1149719046218638, ""z_error_count"": 365677, ""z_error_rms"": 14.008077565738269, ""z_squared_error_sum"": 71755421.69953342}, {""bias"": 1.32637071488956, ""count"": 360026, ""high"": 1.0, ""low"": 0.25, ""mae"": 1.4826546460413115, ""z_error_count"": 360026, ""z_error_rms"": 18.043641202569873, ""z_squared_error_sum"": 117214740.52263181}, {""bias"": 3.0616340253049583, ""count"": 78353, ""high"": 2.0, ""low"": 1.0, ""mae"": 3.0616340253049583, ""z_error_count"": 78353, ""z_error_rms"": 21.643043538460006, ""z_squared_error_sum"": 36702216.75216219}, {""bias"": 3.92747831861375, ""count"": 2228, ""high"": ""Infinity"", ""low"": 2.0, ""mae"": 3.92747831861375, ""z_error_count"": 2228, ""z_error_rms"": 23.69527200524726, ""z_squared_error_sum"": 1250946.0595171144}]",0.15694327538445035,0.1573234055152293,0.14735548665613502,0.05406341248961799,5.256947988571579
raw/r6/P1/d200/n4_M6/segment/rep00.npz,r6,,P1,P1_ridge_lse_hjb,ridge_lse,200,4,6,segment,segment,1.0,0,4,float64,0.19851158579875977,0.24401553265588635,0.03168477438885472,0.15736532547902668,0.17170994657447122,5.255408890662947,0.1725812541425542,0.24385970603246734,1267200,1268400,14652000,2930400000,0,109.20497990003787,1.0,1.0,213.16446741103778,0,0,0,0.6238055546659195,2.261659421499065,8.320471854527831,-0.039372494921793226,1267200,"[{""bias"": -0.17036229971991004, ""count"": 3496, ""high"": -2.0, ""low"": ""-Infinity"", ""mae"": 0.3088690597829474, ""z_error_count"": 3496, ""z_error_rms"": 4.91840642328195, ""z_squared_error_sum"": 84570.76321905568}, {""bias"": -0.17777245110215098, ""count"": 94652, ""high"": -1.0, ""low"": -2.0, ""mae"": 0.6577688071049845, ""z_error_count"": 94652, ""z_error_rms"": 6.675695068669607, ""z_squared_error_sum"": 4218157.354918521}, {""bias"": -0.006884692874131832, ""count"": 363623, ""high"": -0.25, ""low"": -1.0, ""mae"": 1.5047742961867456, ""z_error_count"": 363623, ""z_error_rms"": 10.085656524634098, ""z_squared_error_sum"": 36987901.565713644}, {""bias"": 0.4661027779620365, ""count"": 364752, ""high"": 0.25, ""low"": -0.25, ""mae"": 2.4740017576405653, ""z_error_count"": 364752, ""z_error_rms"": 14.039554066201859, ""z_squared_error_sum"": 71895930.55646119}, {""bias"": 1.272096700620257, ""count"": 356789, ""high"": 1.0, ""low"": 0.25, ""mae"": 3.060902818793981, ""z_error_count"": 356789, ""z_error_rms"": 18.254891368315242, ""z_squared_error_sum"": 118896744.15280819}, {""bias"": 2.205515029007447, ""count"": 81595, ""high"": 2.0, ""low"": 1.0, ""mae"": 3.111534019700211, ""z_error_count"": 81595, ""z_error_rms"": 21.83609716916404, ""z_squared_error_sum"": 38905731.31412588}, {""bias"": 2.8656376862155923, ""count"": 2293, ""high"": ""Infinity"", ""low"": 2.0, ""mae"": 3.090349935964406, ""z_error_count"": 2293, ""z_error_rms"": 23.499835410261, ""z_squared_error_sum"": 1266291.512061355}]",0.20167792283986513,0.19777252606476092,0.08517004213975253,0.18299296715666225,5.256947988571579
raw/r6/P1/d200/n4_M6/segment/rep01.npz,r6,,P1,P1_ridge_lse_hjb,ridge_lse,200,4,6,segment,segment,1.0,1,4,float64,0.22002134357217934,0.2704558785896543,0.03010365429379939,0.16865507797398738,0.19031560801857406,5.307118507363636,0.17091337080458607,0.24150296374018224,1267200,1268400,14652000,2930400000,0,108.77826890000142,1.0,1.0,212.5712120331555,0,0,0,0.6245199778131496,2.2602033838448703,8.307145404798073,-0.041521365102750785,1267200,"[{""bias"": -0.17349874255886125, ""count"": 3439, ""high"": -2.0, ""low"": ""-Infinity"", ""mae"": 0.3093144220581988, ""z_error_count"": 3439, ""z_error_rms"": 4.908971497027237, ""z_squared_error_sum"": 82873.02598451424}, {""bias"": -0.16845955278537916, ""count"": 94928, ""high"": -1.0, ""low"": -2.0, ""mae"": 0.6517055232231908, ""z_error_count"": 94928, ""z_error_rms"": 6.667967110249936, ""z_squared_error_sum"": 4220668.362873011}, {""bias"": -0.006213257684533714, ""count"": 364125, ""high"": -0.25, ""low"": -1.0, ""mae"": 1.496738745669605, ""z_error_count"": 364125, ""z_error_rms"": 10.067443012260545, ""z_squared_error_sum"": 36905309.98116202}, {""bias"": 0.4766832424430934, ""count"": 364470, ""high"": 0.25, ""low"": -0.25, ""mae"": 2.481812653217459, ""z_error_count"": 364470, ""z_error_rms"": 14.050680450697156, ""z_squared_error_sum"": 71954258.25237755}, {""bias"": 1.274926667021849, ""count"": 358043, ""high"": 1.0, ""low"": 0.25, ""mae"": 3.067383155158573, ""z_error_count"": 358043, ""z_error_rms"": 18.207389817577248, ""z_squared_error_sum"": 118694492.62986988}, {""bias"": 2.176023352672992, ""count"": 79897, ""high"": 2.0, ""low"": 1.0, ""mae"": 3.087393407388312, ""z_error_count"": 79897, ""z_error_rms"": 21.90736712793911, ""z_squared_error_sum"": 38345185.6866133}, {""bias"": 2.684621897050296, ""count"": 2298, ""high"": ""Infinity"", ""low"": 2.0, ""mae"": 2.926937434539461, ""z_error_count"": 2298, ""z_error_rms"": 23.781667245644392, ""z_squared_error_sum"": 1299674.5676659122}]",0.20167792283986513,0.19777252606476092,0.08517004213975253,0.18299296715666225,5.256947988571579
raw/r6/P1/d200/n4_M6/segment/rep02.npz,r6,,P1,P1_ridge_lse_hjb,ridge_lse,200,4,6,segment,segment,1.0,2,4,float64,0.1955782739036298,0.24040983044129824,0.020652945587763673,0.15461542424320773,0.16917266983683218,5.235216662504126,0.15335473003520525,0.2166923607716,1267200,1268400,14652000,2930400000,0,109.45075820013881,1.0,1.0,212.77441070695804,0,0,0,0.6103320785041739,2.2607265151114455,8.30369173069081,-0.03868755308540639,1267200,"[{""bias"": -0.18393842839113994, ""count"": 3794, ""high"": -2.0, ""low"": ""-Infinity"", ""mae"": 0.32062596961210166, ""z_error_count"": 3794, ""z_error_rms"": 4.93364687411545, ""z_squared_error_sum"": 92349.26638931196}, {""bias"": -0.17606224406944046, ""count"": 94649, ""high"": -1.0, ""low"": -2.0, ""mae"": 0.65911111531016, ""z_error_count"": 94649, ""z_error_rms"": 6.682507614742491, ""z_squared_error_sum"": 4226637.038288278}, {""bias"": -0.004555215251057452, ""count"": 363256, ""high"": -0.25, ""low"": -1.0, ""mae"": 1.5077091906405133, ""z_error_count"": 363256, ""z_error_rms"": 10.101038741883356, ""z_squared_error_sum"": 37063367.00222359}, {""bias"": 0.45033148204494444, ""count"": 368915, ""high"": 0.25, ""low"": -0.25, ""mae"": 2.478495575496333, ""z_error_count"": 368915, ""z_error_rms"": 14.057212773010711, ""z_squared_error_sum"": 72899533.77433126}, {""bias"": 1.2595740941142486, ""count"": 355529, ""high"": 1.0, ""low"": 0.25, ""mae"": 3.0619193625977643, ""z_error_count"": 355529, ""z_error_rms"": 18.242481911549852, ""z_squared_error_sum"": 118315836.86348349}, {""bias"": 2.18350109946561, ""count"": 78560, ""high"": 2.0, ""low"": 1.0, ""mae"": 3.093865206418156, ""z_error_count"": 78560, ""z_error_rms"": 21.92985083464244, ""z_squared_error_sum"": 37780946.1753867}, {""bias"": 2.781134845413722, ""count"": 2497, ""high"": ""Infinity"", ""low"": 2.0, ""mae"": 3.002880415199463, ""z_error_count"": 2497, ""z_error_rms"": 23.553801722852995, ""z_squared_error_sum"": 1385289.5942718834}]",0.20167792283986513,0.19777252606476092,0.08517004213975253,0.18299296715666225,5.256947988571579
raw/r6/P1/d200/n4_M6/segment/rep03.npz,r6,,P1,P1_ridge_lse_hjb,ridge_lse,200,4,6,segment,segment,1.0,3,4,float64,0.19703346633076205,0.2421985902952619,0.01875863650915108,0.15686079560521152,0.17043139240918498,5.191660177274339,0.1889608350999037,0.26700428113153857,1267200,1268400,14652000,2930400000,0,109.55283299996518,1.0,1.0,212.541529073274,0,0,0,0.6161454506934373,2.259013832729498,8.295000649965276,-0.04049322300134171,1267200,"[{""bias"": -0.17032048168285777, ""count"": 3898, ""high"": -2.0, ""low"": ""-Infinity"", ""mae"": 0.3125237749487488, ""z_error_count"": 3898, ""z_error_rms"": 4.891956486096387, ""z_squared_error_sum"": 93283.96674473226}, {""bias"": -0.17804249644074582, ""count"": 95842, ""high"": -1.0, ""low"": -2.0, ""mae"": 0.6562367019134189, ""z_error_count"": 95842, ""z_error_rms"": 6.666998331052325, ""z_squared_error_sum"": 4260068.286694522}, {""bias"": -0.0010235223525922777, ""count"": 362391, ""high"": -0.25, ""low"": -1.0, ""mae"": 1.4996992465055032, ""z_error_count"": 362391, ""z_error_rms"": 10.07123527693575, ""z_squared_error_sum"": 36757239.40521037}, {""bias"": 0.456736021743726, ""count"": 365972, ""high"": 0.25, ""low"": -0.25, ""mae"": 2.4810848990329872, ""z_error_count"": 365972, ""z_error_rms"": 14.054300176721874, ""z_squared_error_sum"": 72288016.71151324}, {""bias"": 1.2600845424503788, ""count"": 358273, ""high"": 1.0, ""low"": 0.25, ""mae"": 3.060400658579757, ""z_error_count"": 358273, ""z_error_rms"": 18.23692969706703, ""z_squared_error_sum"": 119156442.37982777}, {""bias"": 2.2160990997712497, ""count"": 78194, ""high"": 2.0, ""low"": 1.0, ""mae"": 3.1067013553392067, ""z_error_count"": 78194, ""z_error_rms"": 21.88035255178515, ""z_squared_error_sum"": 37435364.03424339}, {""bias"": 2.6561866747692555, ""count"": 2630, ""high"": ""Infinity"", ""low"": 2.0, ""mae"": 2.904802256756513, ""z_error_count"": 2630, ""z_error_rms"": 23.667418707133464, ""z_squared_error_sum"": 1473185.842720568}]",0.20167792283986513,0.19777252606476092,0.08517004213975253,0.18299296715666225,5.256947988571579
raw/r6/P1/d200/n4_M6/segment/rep04.npz,r6,,P1,P1_ridge_lse_hjb,ridge_lse,200,4,6,segment,segment,1.0,4,4,float64,0.20822606531954027,0.2559568200381806,0.028538806362622626,0.16448414452817586,0.18011284534131203,5.265645856331145,0.1758001077150611,0.24840799078015327,1267200,1268400,14652000,2930400000,0,108.94342410005629,1.0,1.0,212.94016348496413,0,0,0,0.6196613163646624,2.261528816806277,8.304459474852555,-0.040190667437945735,1267200,"[{""bias"": -0.187778741767738, ""count"": 3204, ""high"": -2.0, ""low"": ""-Infinity"", ""mae"": 0.32204445477987453, ""z_error_count"": 3204, ""z_error_rms"": 4.948037364171591, ""z_squared_error_sum"": 78443.76831819103}, {""bias"": -0.17852811562064347, ""count"": 94753, ""high"": -1.0, ""low"": -2.0, ""mae"": 0.6612880020149893, ""z_error_count"": 94753, ""z_error_rms"": 6.695144490230953, ""z_squared_error_sum"": 4247299.410724606}, {""bias"": -0.0010954565571732857, ""count"": 362783, ""high"": -0.25, ""low"": -1.0, ""mae"": 1.5040186989895719, ""z_error_count"": 362783, ""z_error_rms"": 10.085981525309194, ""z_squared_error_sum"": 36904834.70432049}, {""bias"": 0.4646672655560936, ""count"": 366564, ""high"": 0.25, ""low"": -0.25, ""mae"": 2.476956622361157, ""z_error_count"": 366564, ""z_error_rms"": 14.039084400294678, ""z_squared_error_sum"": 72248258.11469705}, {""bias"": 1.265996889194875, ""count"": 358243, ""high"": 1.0, ""low"": 0.25, ""mae"": 3.0586856121627317, ""z_error_count"": 358243, ""z_error_rms"": 18.235534790869448, ""z_squared_error_sum"": 119128238.9601991}, {""bias"": 2.182567873317546, ""count"": 79656, ""high"": 2.0, ""low"": 1.0, ""mae"": 3.0990019050407414, ""z_error_count"": 79656, ""z_error_rms"": 21.915171529538583, ""z_squared_error_sum"": 38256764.94187771}, {""bias"": 2.7193335590299705, ""count"": 1997, ""high"": ""Infinity"", ""low"": 2.0, ""mae"": 2.9625015864827984, ""z_error_count"": 1997, ""z_error_rms"": 23.58444118012782, ""z_squared_error_sum"": 1110783.053960481}]",0.20167792283986513,0.19777252606476092,0.08517004213975253,0.18299296715666225,5.256947988571579
raw/r6/P1/d200/n4_M6/segment/rep05.npz,r6,,P1,P1_ridge_lse_hjb,ridge_lse,200,4,6,segment,segment,1.0,5,4,float64,0.2108454402985823,0.25917662294371174,0.039850307394952086,0.1669267836040268,0.1823785707190024,5.275082948535411,0.18316773736199776,0.2588185536699906,1267200,1268400,14652000,2930400000,0,109.3492825999856,1.0,1.0,212.7639227244995,0,0,0,0.621849848343351,2.2623569650752438,8.311067788843005,-0.04032076257176829,1267200,"[{""bias"": -0.17941864125681586, ""count"": 3655, ""high"": -2.0, ""low"": ""-Infinity"", ""mae"": 0.3198081101443976, ""z_error_count"": 3655, ""z_error_rms"": 4.936173722189762, ""z_squared_error_sum"": 89057.03926215228}, {""bias"": -0.17861316129534555, ""count"": 93600, ""high"": -1.0, ""low"": -2.0, ""mae"": 0.6669262306483063, ""z_error_count"": 93600, ""z_error_rms"": 6.702483797199384, ""z_squared_error_sum"": 4204819.855241017}, {""bias"": 0.005671933728838352, ""count"": 363776, ""high"": -0.25, ""low"": -1.0, ""mae"": 1.5003595307515234, ""z_error_count"": 363776, ""z_error_rms"": 10.072020538451369, ""z_squared_error_sum"": 36903473.75873213}, {""bias"": 0.4661157893342129, ""count"": 367279, ""high"": 0.25, ""low"": -0.25, ""mae"": 2.478422693196831, ""z_error_count"": 367279, ""z_error_rms"": 14.04192726794936, ""z_squared_error_sum"": 72418501.77947553}, {""bias"": 1.2642260064871058, ""count"": 358320, ""high"": 1.0, ""low"": 0.25, ""mae"": 3.059745128702588, ""z_error_count"": 358320, ""z_error_rms"": 18.255635126055484, ""z_squared_error_sum"": 119416666.388764}, {""bias"": 2.2101571014685626, ""count"": 78773, ""high"": 2.0, ""low"": 1.0, ""mae"": 3.115170705342059, ""z_error_count"": 78773, ""z_error_rms"": 21.881118927614757, ""z_squared_error_sum"": 37715202.0524552}, {""bias"": 2.7969240391028087, ""count"": 1797, ""high"": ""Infinity"", ""low"": 2.0, ""mae"": 3.0266771453337986, ""z_error_count"": 1797, ""z_error_rms"": 23.647802773024786, ""z_squared_error_sum"": 1004915.7810574061}]",0.20167792283986513,0.19777252606476092,0.08517004213975253,0.18299296715666225,5.256947988571579
raw/r6/P1/d200/n4_M6/segment/rep06.npz,r6,,P1,P1_ridge_lse_hjb,ridge_lse,200,4,6,segment,segment,1.0,6,4,float64,0.19674776798034557,0.24184740255538634,0.042308655445904376,0.15757701649270311,0.17018426704222453,5.190357095685638,0.1842090226783313,0.26028990426596715,1267200,1268400,14652000,2930400000,0,109.26745789987035,1.0,1.0,212.79884064638756,0,0,0,0.6174219101897416,2.2596751236019768,8.303043820352212,-0.03859801840757606,1267200,"[{""bias"": -0.17659250241638588, ""count"": 3888, ""high"": -2.0, ""low"": ""-Infinity"", ""mae"": 0.30982452271043726, ""z_error_count"": 3888, ""z_error_rms"": 4.908531341544561, ""z_squared_error_sum"": 93676.22757143735}, {""bias"": -0.1786563385731078, ""count"": 94823, ""high"": -1.0, ""low"": -2.0, ""mae"": 0.6545180744465762, ""z_error_count"": 94823, ""z_error_rms"": 6.6689158596333264, ""z_squared_error_sum"": 4217199.704915058}, {""bias"": -0.004489799174225371, ""count"": 362595, ""high"": -0.25, ""low"": -1.0, ""mae"": 1.5005107584332817, ""z_error_count"": 362595, ""z_error_rms"": 10.077625888464217, ""z_squared_error_sum"": 36824620.09773057}, {""bias"": 0.46453945749577435, ""count"": 367264, ""high"": 0.25, ""low"": -0.25, ""mae"": 2.478213577648127, ""z_error_count"": 367264, ""z_error_rms"": 14.041782139136508, ""z_squared_error_sum"": 72414047.26542085}, {""bias"": 1.2613119010290461, ""count"": 357881, ""high"": 1.0, ""low"": 0.25, ""mae"": 3.0593911894249914, ""z_error_count"": 357881, ""z_error_rms"": 18.25608478667814, ""z_squared_error_sum"": 119276237.29116352}, {""bias"": 2.210393776695754, ""count"": 78678, ""high"": 2.0, ""low"": 1.0, ""mae"": 3.1119465987318486, ""z_error_count"": 78678, ""z_error_rms"": 21.916510034364222, ""z_squared_error_sum"": 37791672.19613281}, {""bias"": 2.7690968774306577, ""count"": 2071, ""high"": ""Infinity"", ""low"": 2.0, ""mae"": 3.001597739147804, ""z_error_count"": 2071, ""z_error_rms"": 23.8271767129109, ""z_squared_error_sum"": 1175777.8390742552}]",0.20167792283986513,0.19777252606476092,0.08517004213975253,0.18299296715666225,5.256947988571579
raw/r6/P1/d200/n4_M6/segment/rep07.npz,r6,,P1,P1_ridge_lse_hjb,ridge_lse,200,4,6,segment,segment,1.0,7,4,float64,0.19475405162991322,0.23939667528293038,0.02806743877692146,0.15704966626058992,0.1684597282620828,5.240561145708404,0.1650738081750421,0.23325158074222058,1267200,1268400,14652000,2930400000,0,109.52876200014725,1.0,1.0,213.03224159560853,0,0,0,0.6238921467328336,2.264650748641035,8.334947633948454,-0.03986497402817977,1267200,"[{""bias"": -0.1469247591838987, ""count"": 3208, ""high"": -2.0, ""low"": ""-Infinity"", ""mae"": 0.28653695159332254, ""z_error_count"": 3208, ""z_error_rms"": 4.8676239118921245, ""z_squared_error_sum"": 76009.59025277775}, {""bias"": -0.17064718814841162, ""count"": 96308, ""high"": -1.0, ""low"": -2.0, ""mae"": 0.6547514402748986, ""z_error_count"": 96308, ""z_error_rms"": 6.659874555071138, ""z_squared_error_sum"": 4271638.202730762}, {""bias"": -0.002355642852075831, ""count"": 360609, ""high"": -0.25, ""low"": -1.0, ""mae"": 1.5007671819040327, ""z_error_count"": 360609, ""z_error_rms"": 10.077233711730438, ""z_squared_error_sum"": 36620074.48042314}, {""bias"": 0.45994269228726986, ""count"": 366078, ""high"": 0.25, ""low"": -0.25, ""mae"": 2.4831286445942906, ""z_error_count"": 366078, ""z_error_rms"": 14.062504261542683, ""z_squared_error_sum"": 72393398.3687979}, {""bias"": 1.2769582940388962, ""count"": 359299, ""high"": 1.0, ""low"": 0.25, ""mae"": 3.0662034610258537, ""z_error_count"": 359299, ""z_error_rms"": 18.22620669770628, ""z_squared_error_sum"": 119357191.38948293}, {""bias"": 2.202025083166545, ""count"": 79352, ""high"": 2.0, ""low"": 1.0, ""mae"": 3.1121213904845906, ""z_error_count"": 79352, ""z_error_rms"": 21.89524103345073, ""z_squared_error_sum"": 38041474.169248804}, {""bias"": 2.741596325787722, ""count"": 2346, ""high"": ""Infinity"", ""low"": 2.0, ""mae"": 2.9593358275070276, ""z_error_count"": 2346, ""z_error_rms"": 23.861271994216274, ""z_squared_error_sum"": 1335719.2665729015}]",0.20167792283986513,0.19777252606476092,0.08517004213975253,0.18299296715666225,5.256947988571579
raw/r6/P1/d200/n4_M6/segment/rep08.npz,r6,,P1,P1_ridge_lse_hjb,ridge_lse,200,4,6,segment,segment,1.0,8,4,float64,0.20106075347810934,0.24714903494797041,0.030020018201297485,0.16133916157072772,0.17391494354867412,5.20213406500608,0.18279379570111692,0.25829016891610324,1267200,1268400,14652000,2930400000,0,109.49939309991896,1.0,1.0,212.73494005122416,0,0,0,0.6107712963800019,2.259765051229773,8.300091191200474,-0.040807816620033334,1267200,"[{""bias"": -0.17266359502874173, ""count"": 3789, ""high"": -2.0, ""low"": ""-Infinity"", ""mae"": 0.3082673022566172, ""z_error_count"": 3789, ""z_error_rms"": 4.917769395602866, ""z_squared_error_sum"": 91634.90313353547}, {""bias"": -0.17752082903259023, ""count"": 95904, ""high"": -1.0, ""low"": -2.0, ""mae"": 0.6596132278201128, ""z_error_count"": 95904, ""z_error_rms"": 6.683651683862517, ""z_squared_error_sum"": 4284146.748611239}, {""bias"": -0.009385264652104743, ""count"": 359796, ""high"": -0.25, ""low"": -1.0, ""mae"": 1.505272690599884, ""z_error_count"": 359796, ""z_error_rms"": 10.088623738522841, ""z_squared_error_sum"": 36620155.23039193}, {""bias"": 0.4442117824914763, ""count"": 369864, ""high"": 0.25, ""low"": -0.25, ""mae"": 2.4746514331408935, ""z_error_count"": 369864, ""z_error_rms"": 14.058919686934829, ""z_squared_error_sum"": 73104811.58426711}, {""bias"": 1.266282716214184, ""count"": 357125, ""high"": 1.0, ""low"": 0.25, ""mae"": 3.0552001585522013, ""z_error_count"": 357125, ""z_error_rms"": 18.22701855559695, ""z_squared_error_sum"": 118645569.3627872}, {""bias"": 2.195833554087652, ""count"": 78473, ""high"": 2.0, ""low"": 1.0, ""mae"": 3.114889393011707, ""z_error_count"": 78473, ""z_error_rms"": 21.92094159434206, ""z_squared_error_sum"": 37708448.66266031}, {""bias"": 2.753463390517504, ""count"": 2249, ""high"": ""Infinity"", ""low"": 2.0, ""mae"": 3.0004706510444263, ""z_error_count"": 2249, ""z_error_rms"": 23.6470858451338, ""z_squared_error_sum"": 1257606.3205070696}]",0.20167792283986513,0.19777252606476092,0.08517004213975253,0.18299296715666225,5.256947988571579
raw/r6/P1/d200/n4_M6/segment/rep09.npz,r6,,P1,P1_ridge_lse_hjb,ridge_lse,200,4,6,segment,segment,1.0,9,4,float64,0.19400048008682969,0.2384703658146948,0.026148989908546246,0.1538888331371334,0.16780789865283224,5.249924912141476,0.18213167319616955,0.25735458063210237,1267200,1268400,14652000,2930400000,0,109.19622700009495,1.0,1.0,213.1578677961777,0,0,0,0.6219946601722601,2.260864389070493,8.300018711079904,-0.04020451865792547,1267200,"[{""bias"": -0.16944655356154542, ""count"": 3294, ""high"": -2.0, ""low"": ""-Infinity"", ""mae"": 0.30945730991999604, ""z_error_count"": 3294, ""z_error_rms"": 4.9315982625500485, ""z_squared_error_sum"": 80112.25872797683}, {""bias"": -0.18055975679663838, ""count"": 93077, ""high"": -1.0, ""low"": -2.0, ""mae"": 0.6615785523043562, ""z_error_count"": 93077, ""z_error_rms"": 6.690729982989539, ""z_squared_error_sum"": 4166672.6684038998}, {""bias"": 0.00413236115159092, ""count"": 364545, ""high"": -0.25, ""low"": -1.0, ""mae"": 1.4935336920064184, ""z_error_count"": 364545, ""z_error_rms"": 10.056887594303346, ""z_squared_error_sum"": 36870441.50124675}, {""bias"": 0.46647358398197236, ""count"": 365677, ""high"": 0.25, ""low"": -0.25, ""mae"": 2.4772477112757545, ""z_error_count"": 365677, ""z_error_rms"": 14.05253536486568, ""z_squared_error_sum"": 72211608.54486461}, {""bias"": 1.2657710354459697, ""count"": 360026, ""high"": 1.0, ""low"": 0.25, ""mae"": 3.0633218217077656, ""z_error_count"": 360026, ""z_error_rms"": 18.25398345756437, ""z_squared_error_sum"": 119963511.75056595}, {""bias"": 2.1906515482781552, ""count"": 78353, ""high"": 2.0, ""low"": 1.0, ""mae"": 3.095242986799786, ""z_error_count"": 78353, ""z_error_rms"": 21.93137343625147, ""z_squared_error_sum"": 37686628.73712721}, {""bias"": 2.745087462113628, ""count"": 2228, ""high"": ""Infinity"", ""low"": 2.0, ""mae"": 2.980443241864791, ""z_error_count"": 2228, ""z_error_rms"": 23.864136997297287, ""z_squared_error_sum"": 1268839.3931462227}]",0.20167792283986513,0.19777252606476092,0.08517004213975253,0.18299296715666225,5.256947988571579
raw/r6/P1/d200/n4_M6/oracle_state/rep00.npz,r6,,P1,P1_ridge_lse_hjb,ridge_lse,200,4,6,oracle_state,oracle_state,1.0,0,4,float64,0.028987994238240694,0.03563278599688795,0.00020592217209081053,0.024992046197593668,0.025074238976637533,1.1645975144486722,0.027685038814527805,0.039119343872837845,1267200,1268400,14652000,2930400000,0,107.55083940015174,0.0,0.0,0.0,0,0,0,0.0,0.0,0.0,-0.03969570534714833,1267200,"[{""bias"": 0.0, ""count"": 3496, ""high"": -2.0, ""low"": ""-Infinity"", ""mae"": 0.0, ""z_error_count"": 3496, ""z_error_rms"": 4.891826734804296, ""z_squared_error_sum"": 83659.17093649782}, {""bias"": 0.0, ""count"": 94652, ""high"": -1.0, ""low"": -2.0, ""mae"": 0.0, ""z_error_count"": 94652, ""z_error_rms"": 6.58262337542171, ""z_squared_error_sum"": 4101359.233936668}, {""bias"": 0.0, ""count"": 363623, ""high"": -0.25, ""low"": -1.0, ""mae"": 0.0, ""z_error_count"": 363623, ""z_error_rms"": 9.95131131237207, ""z_squared_error_sum"": 36009075.46720386}, {""bias"": 0.0, ""count"": 364752, ""high"": 0.25, ""low"": -0.25, ""mae"": 0.0, ""z_error_count"": 364752, ""z_error_rms"": 14.014920028295942, ""z_squared_error_sum"": 71643852.28094563}, {""bias"": 0.0, ""count"": 356789, ""high"": 1.0, ""low"": 0.25, ""mae"": 0.0, ""z_error_count"": 356789, ""z_error_rms"": 18.403038194620155, ""z_squared_error_sum"": 120834378.12805416}, {""bias"": 0.0, ""count"": 81595, ""high"": 2.0, ""low"": 1.0, ""mae"": 0.0, ""z_error_count"": 81595, ""z_error_rms"": 22.12600875538992, ""z_squared_error_sum"": 39945669.69567983}, {""bias"": 0.0, ""count"": 2293, ""high"": ""Infinity"", ""low"": 2.0, ""mae"": 0.0, ""z_error_count"": 2293, ""z_error_rms"": 23.75344032621285, ""z_squared_error_sum"": 1293770.0513698794}]",0.029854447052860243,0.030141600066200768,0.009547593584068387,0.028292852497996256,5.256947988571579
raw/r6/P1/d200/n4_M6/oracle_state/rep01.npz,r6,,P1,P1_ridge_lse_hjb,ridge_lse,200,4,6,oracle_state,oracle_state,1.0,1,4,float64,0.029271397393851484,0.03598115242444161,0.0008067014443639581,0.025072392328745516,0.025319379029864947,1.1647504297779252,0.03164085666891739,0.04470896937348813,1267200,1268400,14652000,2930400000,0,107.8944689000491,0.0,0.0,0.0,0,0,0,0.0,0.0,0.0,-0.04152623632602829,1267200,"[{""bias"": 0.0, ""count"": 3439, ""high"": -2.0, ""low"": ""-Infinity"", ""mae"": 0.0, ""z_error_count"": 3439, ""z_error_rms"": 4.883612443849189, ""z_squared_error_sum"": 82019.01685541042}, {""bias"": 0.0, ""count"": 94928, ""high"": -1.0, ""low"": -2.0, ""mae"": 0.0, ""z_error_count"": 94928, ""z_error_rms"": 6.5666514186786795, ""z_squared_error_sum"": 4093381.8255897793}, {""bias"": 0.0, ""count"": 364125, ""high"": -0.25, ""low"": -1.0, ""mae"": 0.0, ""z_error_count"": 364125, ""z_error_rms"": 9.942727562952788, ""z_squared_error_sum"": 35996607.855284676}, {""bias"": 0.0, ""count"": 364470, ""high"": 0.25, ""low"": -0.25, ""mae"": 0.0, ""z_error_count"": 364470, ""z_error_rms"": 14.026193310030681, ""z_squared_error_sum"": 71703676.97882926}, {""bias"": 0.0, ""count"": 358043, ""high"": 1.0, ""low"": 0.25, ""mae"": 0.0, ""z_error_count"": 358043, ""z_error_rms"": 18.35934130457077, ""z_squared_error_sum"": 120683911.71606807}, {""bias"": 0.0, ""count"": 79897, ""high"": 2.0, ""low"": 1.0, ""mae"": 0.0, ""z_error_count"": 79897, ""z_error_rms"": 22.189416809956658, ""z_squared_error_sum"": 39338903.336787276}, {""bias"": 0.0, ""count"": 2298, ""high"": ""Infinity"", ""low"": 2.0, ""mae"": 0.0, ""z_error_count"": 2298, ""z_error_rms"": 24.041984262207393, ""z_squared_error_sum"": 1328283.082693196}]",0.029854447052860243,0.030141600066200768,0.009547593584068387,0.028292852497996256,5.256947988571579
raw/r6/P1/d200/n4_M6/oracle_state/rep02.npz,r6,,P1,P1_ridge_lse_hjb,ridge_lse,200,4,6,oracle_state,oracle_state,1.0,2,4,float64,0.030377849400779935,0.037341231609454635,0.0005458545740531888,0.026289379317232357,0.026276445662688594,1.1667042936821892,0.02490702339545,0.03519396955095236,1267200,1268400,14652000,2930400000,0,107.77386109996587,0.0,0.0,0.0,0,0,0,0.0,0.0,0.0,-0.03902807855429942,1267200,"[{""bias"": 0.0, ""count"": 3794, ""high"": -2.0, ""low"": ""-Infinity"", ""mae"": 0.0, ""z_error_count"": 3794, ""z_error_rms"": 4.907341100177217, ""z_squared_error_sum"": 91367.09537921553}, {""bias"": 0.0, ""count"": 94649, ""high"": -1.0, ""low"": -2.0, ""mae"": 0.0, ""z_error_count"": 94649, ""z_error_rms"": 6.585344608714504, ""z_squared_error_sum"": 4104620.8094458426}, {""bias"": 0.0, ""count"": 363256, ""high"": -0.25, ""low"": -1.0, ""mae"": 0.0, ""z_error_count"": 363256, ""z_error_rms"": 9.971899523033793, ""z_squared_error_sum"": 36121733.50309078}, {""bias"": 0.0, ""count"": 368915, ""high"": 0.25, ""low"": -0.25, ""mae"": 0.0, ""z_error_count"": 368915, ""z_error_rms"": 14.027114492026257, ""z_squared_error_sum"": 72587693.62383775}, {""bias"": 0.0, ""count"": 355529, ""high"": 1.0, ""low"": 0.25, ""mae"": 0.0, ""z_error_count"": 355529, ""z_error_rms"": 18.385993220584314, ""z_squared_error_sum"": 120184710.75212538}, {""bias"": 0.0, ""count"": 78560, ""high"": 2.0, ""low"": 1.0, ""mae"": 0.0, ""z_error_count"": 78560, ""z_error_rms"": 22.209452040334693, ""z_squared_error_sum"": 38750486.740252174}, {""bias"": 0.0, ""count"": 2497, ""high"": ""Infinity"", ""low"": 2.0, ""mae"": 0.0, ""z_error_count"": 2497, ""z_error_rms"": 23.86592166376654, ""z_squared_error_sum"": 1422246.7955020196}]",0.029854447052860243,0.030141600066200768,0.009547593584068387,0.028292852497996256,5.256947988571579
raw/r6/P1/d200/n4_M6/oracle_state/rep03.npz,r6,,P1,P1_ridge_lse_hjb,ridge_lse,200,4,6,oracle_state,oracle_state,1.0,3,4,float64,0.030345374144092208,0.03730131219101411,0.00048444353533735646,0.025365714746766885,0.026248354986930775,1.1625749318184058,0.02627263379685151,0.03712359599094552,1267200,1268400,14652000,2930400000,0,108.61736089992337,0.0,0.0,0.0,0,0,0,0.0,0.0,0.0,-0.04129787454314567,1267200,"[{""bias"": 0.0, ""count"": 3898, ""high"": -2.0, ""low"": ""-Infinity"", ""mae"": 0.0, ""z_error_count"": 3898, ""z_error_rms"": 4.86486530860542, ""z_squared_error_sum"": 92253.63260746106}, {""bias"": 0.0, ""count"": 95842, ""high"": -1.0, ""low"": -2.0, ""mae"": 0.0, ""z_error_count"": 95842, ""z_error_rms"": 6.571363165187211, ""z_squared_error_sum"": 4138727.244894705}, {""bias"": 0.0, ""count"": 362391, ""high"": -0.25, ""low"": -1.0, ""mae"": 0.0, ""z_error_count"": 362391, ""z_error_rms"": 9.949050933157, ""z_squared_error_sum"": 35870771.031597875}, {""bias"": 0.0, ""count"": 365972, ""high"": 0.25, ""low"": -0.25, ""mae"": 0.0, ""z_error_count"": 365972, ""z_error_rms"": 14.024084399679637, ""z_squared_error_sum"": 71977522.33084664}, {""bias"": 0.0, ""count"": 358273, ""high"": 1.0, ""low"": 0.25, ""mae"": 0.0, ""z_error_count"": 358273, ""z_error_rms"": 18.380019023765815, ""z_squared_error_sum"": 121033611.80652231}, {""bias"": 0.0, ""count"": 78194, ""high"": 2.0, ""low"": 1.0, ""mae"": 0.0, ""z_error_count"": 78194, ""z_error_rms"": 22.172315342502998, ""z_squared_error_sum"": 38441074.92062031}, {""bias"": 0.0, ""count"": 2630, ""high"": ""Infinity"", ""low"": 2.0, ""mae"": 0.0, ""z_error_count"": 2630, ""z_error_rms"": 23.89627555949956, ""z_squared_error_sum"": 1501814.1221688597}]",0.029854447052860243,0.030141600066200768,0.009547593584068387,0.028292852497996256,5.256947988571579
raw/r6/P1/d200/n4_M6/oracle_state/rep04.npz,r6,,P1,P1_ridge_lse_hjb,ridge_lse,200,4,6,oracle_state,oracle_state,1.0,4,4,float64,0.030639141684457607,0.03766241878613215,-0.0008972946408595887,0.026150052883793184,0.026502460098521554,1.16444753913735,0.025168164191027027,0.035562965117469085,1267200,1268400,14652000,2930400000,0,109.08203569985926,0.0,0.0,0.0,0,0,0,0.0,0.0,0.0,-0.040970949636120434,1267200,"[{""bias"": 0.0, ""count"": 3204, ""high"": -2.0, ""low"": ""-Infinity"", ""mae"": 0.0, ""z_error_count"": 3204, ""z_error_rms"": 4.926263188541925, ""z_squared_error_sum"": 77754.89308491754}, {""bias"": 0.0, ""count"": 94753, ""high"": -1.0, ""low"": -2.0, ""mae"": 0.0, ""z_error_count"": 94753, ""z_error_rms"": 6.593030907060248, ""z_squared_error_sum"": 4118728.7614721707}, {""bias"": 0.0, ""count"": 362783, ""high"": -0.25, ""low"": -1.0, ""mae"": 0.0, ""z_error_count"": 362783, ""z_error_rms"": 9.959746556773009, ""z_squared_error_sum"": 35986822.533810005}, {""bias"": 0.0, ""count"": 366564, ""high"": 0.25, ""low"": -0.25, ""mae"": 0.0, ""z_error_count"": 366564, ""z_error_rms"": 14.011917777132412, ""z_squared_error_sum"": 71968917.64992498}, {""bias"": 0.0, ""count"": 358243, ""high"": 1.0, ""low"": 0.25, ""mae"": 0.0, ""z_error_count"": 358243, ""z_error_rms"": 18.38231574142509, ""z_squared_error_sum"": 121053724.4785254}, {""bias"": 0.0, ""count"": 79656, ""high"": 2.0, ""low"": 1.0, ""mae"": 0.0, ""z_error_count"": 79656, ""z_error_rms"": 22.198527297162244, ""z_squared_error_sum"": 39252454.66575656}, {""bias"": 0.0, ""count"": 1997, ""high"": ""Infinity"", ""low"": 2.0, ""mae"": 0.0, ""z_error_count"": 1997, ""z_error_rms"": 23.765060344252184, ""z_squared_error_sum"": 1127861.8520523976}]",0.029854447052860243,0.030141600066200768,0.009547593584068387,0.028292852497996256,5.256947988571579
raw/r6/P1/d200/n4_M6/oracle_state/rep05.npz,r6,,P1,P1_ridge_lse_hjb,ridge_lse,200,4,6,oracle_state,oracle_state,1.0,5,4,float64,0.03014449232038318,0.03705438310112746,0.001951215142900828,0.024929187382694687,0.026074594815311235,1.1650859705087815,0.027093898554186435,0.03828405448508239,1267200,1268400,14652000,2930400000,0,108.63160069985315,0.0,0.0,0.0,0,0,0,0.0,0.0,0.0,-0.04109638481015385,1267200,"[{""bias"": 0.0, ""count"": 3655, ""high"": -2.0, ""low"": ""-Infinity"", ""mae"": 0.0, ""z_error_count"": 3655, ""z_error_rms"": 4.905421533373214, ""z_squared_error_sum"": 87950.85133539829}, {""bias"": 0.0, ""count"": 93600, ""high"": -1.0, ""low"": -2.0, ""mae"": 0.0, ""z_error_count"": 93600, ""z_error_rms"": 6.596098804578079, ""z_squared_error_sum"": 4072397.4195611957}, {""bias"": 0.0, ""count"": 363776, ""high"": -0.25, ""low"": -1.0, ""mae"": 0.0, ""z_error_count"": 363776, ""z_error_rms"": 9.950192466214853, ""z_squared_error_sum"": 36016126.74381195}, {""bias"": 0.0, ""count"": 367279, ""high"": 0.25, ""low"": -0.25, ""mae"": 0.0, ""z_error_count"": 367279, ""z_error_rms"": 14.0186023088147, ""z_squared_error_sum"": 72178113.74200593}, {""bias"": 0.0, ""count"": 358320, ""high"": 1.0, ""low"": 0.25, ""mae"": 0.0, ""z_error_count"": 358320, ""z_error_rms"": 18.399266534293123, ""z_squared_error_sum"": 121303147.78486526}, {""bias"": 0.0, ""count"": 78773, ""high"": 2.0, ""low"": 1.0, ""mae"": 0.0, ""z_error_count"": 78773, ""z_error_rms"": 22.171389030167628, ""z_squared_error_sum"": 38722482.32905932}, {""bias"": 0.0, ""count"": 1797, ""high"": ""Infinity"", ""low"": 2.0, ""mae"": 0.0, ""z_error_count"": 1797, ""z_error_rms"": 23.899100510136183, ""z_squared_error_sum"": 1026387.108332884}]",0.029854447052860243,0.030141600066200768,0.009547593584068387,0.028292852497996256,5.256947988571579
raw/r6/P1/d200/n4_M6/oracle_state/rep06.npz,r6,,P1,P1_ridge_lse_hjb,ridge_lse,200,4,6,oracle_state,oracle_state,1.0,6,4,float64,0.029051489674948396,0.03571083621620943,0.0013307436493684636,0.024986818739762117,0.025129161705711178,1.1662828152892675,0.026465343538976758,0.037395897529706144,1267200,1268400,14652000,2930400000,0,108.46141250012442,0.0,0.0,0.0,0,0,0,0.0,0.0,0.0,-0.039361190636859576,1267200,"[{""bias"": 0.0, ""count"": 3888, ""high"": -2.0, ""low"": ""-Infinity"", ""mae"": 0.0, ""z_error_count"": 3888, ""z_error_rms"": 4.886065661982383, ""z_squared_error_sum"": 92820.7031956546}, {""bias"": 0.0, ""count"": 94823, ""high"": -1.0, ""low"": -2.0, ""mae"": 0.0, ""z_error_count"": 94823, ""z_error_rms"": 6.5684829107531035, ""z_squared_error_sum"": 4091135.2768497313}, {""bias"": 0.0, ""count"": 362595, ""high"": -0.25, ""low"": -1.0, ""mae"": 0.0, ""z_error_count"": 362595, ""z_error_rms"": 9.94772759975405, ""z_squared_error_sum"": 35881416.53662221}, {""bias"": 0.0, ""count"": 367264, ""high"": 0.25, ""low"": -0.25, ""mae"": 0.0, ""z_error_count"": 367264, ""z_error_rms"": 14.013284014828045, ""z_squared_error_sum"": 72120413.54107071}, {""bias"": 0.0, ""count"": 357881, ""high"": 1.0, ""low"": 0.25, ""mae"": 0.0, ""z_error_count"": 357881, ""z_error_rms"": 18.401438725450916, ""z_squared_error_sum"": 121183140.14490299}, {""bias"": 0.0, ""count"": 78678, ""high"": 2.0, ""low"": 1.0, ""mae"": 0.0, ""z_error_count"": 78678, ""z_error_rms"": 22.206828637184895, ""z_squared_error_sum"": 38799523.688907266}, {""bias"": 0.0, ""count"": 2071, ""high"": ""Infinity"", ""low"": 2.0, ""mae"": 0.0, ""z_error_count"": 2071, ""z_error_rms"": 24.114017612122563, ""z_squared_error_sum"": 1204257.185818755}]",0.029854447052860243,0.030141600066200768,0.009547593584068387,0.028292852497996256,5.256947988571579
raw/r6/P1/d200/n4_M6/oracle_state/rep07.npz,r6,,P1,P1_ridge_lse_hjb,ridge_lse,200,4,6,oracle_state,oracle_state,1.0,7,4,float64,0.030138707812018356,0.03704727263508531,0.0013850448925691423,0.025354887451360355,0.026069591290613744,1.1618548715082184,0.02816802404307109,0.03980180870041003,1267200,1268400,14652000,2930400000,0,108.26246489980258,0.0,0.0,0.0,0,0,0,0.0,0.0,0.0,-0.04041957403788563,1267200,"[{""bias"": 0.0, ""count"": 3208, ""high"": -2.0, ""low"": ""-Infinity"", ""mae"": 0.0, ""z_error_count"": 3208, ""z_error_rms"": 4.851509227526352, ""z_squared_error_sum"": 75507.15084555287}, {""bias"": 0.0, ""count"": 96308, ""high"": -1.0, ""low"": -2.0, ""mae"": 0.0, ""z_error_count"": 96308, ""z_error_rms"": 6.564427369117784, ""z_squared_error_sum"": 4150076.0873633744}, {""bias"": 0.0, ""count"": 360609, ""high"": -0.25, ""low"": -1.0, ""mae"": 0.0, ""z_error_count"": 360609, ""z_error_rms"": 9.954904123617277, ""z_squared_error_sum"": 35736393.77045966}, {""bias"": 0.0, ""count"": 366078, ""high"": 0.25, ""low"": -0.25, ""mae"": 0.0, ""z_error_count"": 366078, ""z_error_rms"": 14.03361191665921, ""z_squared_error_sum"": 72096229.9109755}, {""bias"": 0.0, ""count"": 359299, ""high"": 1.0, ""low"": 0.25, ""mae"": 0.0, ""z_error_count"": 359299, ""z_error_rms"": 18.369634482187294, ""z_squared_error_sum"": 121243101.69012176}, {""bias"": 0.0, ""count"": 79352, ""high"": 2.0, ""low"": 1.0, ""mae"": 0.0, ""z_error_count"": 79352, ""z_error_rms"": 22.18889001062844, ""z_squared_error_sum"": 39068706.44004369}, {""bias"": 0.0, ""count"": 2346, ""high"": ""Infinity"", ""low"": 2.0, ""mae"": 0.0, ""z_error_count"": 2346, ""z_error_rms"": 24.182062640546878, ""z_squared_error_sum"": 1371875.4722314272}]",0.029854447052860243,0.030141600066200768,0.009547593584068387,0.028292852497996256,5.256947988571579
raw/r6/P1/d200/n4_M6/oracle_state/rep08.npz,r6,,P1,P1_ridge_lse_hjb,ridge_lse,200,4,6,oracle_state,oracle_state,1.0,8,4,float64,0.029293012624984394,0.03600772242093402,-0.00011294789403058688,0.024764351843322492,0.025338075924396783,1.163264065308666,0.025567849097796875,0.03612772543489035,1267200,1268400,14652000,2930400000,0,107.75313459988683,0.0,0.0,0.0,0,0,0,0.0,0.0,0.0,-0.04137761228444075,1267200,"[{""bias"": 0.0, ""count"": 3789, ""high"": -2.0, ""low"": ""-Infinity"", ""mae"": 0.0, ""z_error_count"": 3789, ""z_error_rms"": 4.890038744810578, ""z_squared_error_sum"": 90604.38264966152}, {""bias"": 0.0, ""count"": 95904, ""high"": -1.0, ""low"": -2.0, ""mae"": 0.0, ""z_error_count"": 95904, ""z_error_rms"": 6.586596928370952, ""z_squared_error_sum"": 4160628.0804219674}, {""bias"": 0.0, ""count"": 359796, ""high"": -0.25, ""low"": -1.0, ""mae"": 0.0, ""z_error_count"": 359796, ""z_error_rms"": 9.959581524086811, ""z_squared_error_sum"": 35689339.66269177}, {""bias"": 0.0, ""count"": 369864, ""high"": 0.25, ""low"": -0.25, ""mae"": 0.0, ""z_error_count"": 369864, ""z_error_rms"": 14.026597600198333, ""z_squared_error_sum"": 72769055.50814681}, {""bias"": 0.0, ""count"": 357125, ""high"": 1.0, ""low"": 0.25, ""mae"": 0.0, ""z_error_count"": 357125, ""z_error_rms"": 18.371275301119194, ""z_squared_error_sum"": 120531028.9291795}, {""bias"": 0.0, ""count"": 78473, ""high"": 2.0, ""low"": 1.0, ""mae"": 0.0, ""z_error_count"": 78473, ""z_error_rms"": 22.210809031571905, ""z_squared_error_sum"": 38712303.32917946}, {""bias"": 0.0, ""count"": 2249, ""high"": ""Infinity"", ""low"": 2.0, ""mae"": 0.0, ""z_error_count"": 2249, ""z_error_rms"": 23.85674231087665, ""z_squared_error_sum"": 1280005.2016433498}]",0.029854447052860243,0.030141600066200768,0.009547593584068387,0.028292852497996256,5.256947988571579
raw/r6/P1/d200/n4_M6/oracle_state/rep09.npz,r6,,P1,P1_ridge_lse_hjb,ridge_lse,200,4,6,oracle_state,oracle_state,1.0,9,4,float64,0.03029501123484617,0.03723940481126938,0.0014900153436135143,0.025790597537270775,0.026204791723753087,1.1662163089088644,0.02435557141274962,0.03441476025003225,1267200,1268400,14652000,2930400000,0,108.31562739983201,0.0,0.0,0.0,0,0,0,0.0,0.0,0.0,-0.04095809202284748,1267200,"[{""bias"": 0.0, ""count"": 3294, ""high"": -2.0, ""low"": ""-Infinity"", ""mae"": 0.0, ""z_error_count"": 3294, ""z_error_rms"": 4.907389755176095, ""z_squared_error_sum"": 79327.67004512883}, {""bias"": 0.0, ""count"": 93077, ""high"": -1.0, ""low"": -2.0, ""mae"": 0.0, ""z_error_count"": 93077, ""z_error_rms"": 6.593706982547497, ""z_squared_error_sum"": 4046706.1015941123}, {""bias"": 0.0, ""count"": 364545, ""high"": -0.25, ""low"": -1.0, ""mae"": 0.0, ""z_error_count"": 364545, ""z_error_rms"": 9.92900656168543, ""z_squared_error_sum"": 35938731.27228479}, {""bias"": 0.0, ""count"": 365677, ""high"": 0.25, ""low"": -0.25, ""mae"": 0.0, ""z_error_count"": 365677, ""z_error_rms"": 14.025383492561842, ""z_squared_error_sum"": 71932828.07709135}, {""bias"": 0.0, ""count"": 360026, ""high"": 1.0, ""low"": 0.25, ""mae"": 0.0, ""z_error_count"": 360026, ""z_error_rms"": 18.394023833066687, ""z_squared_error_sum"": 121811237.44064514}, {""bias"": 0.0, ""count"": 78353, ""high"": 2.0, ""low"": 1.0, ""mae"": 0.0, ""z_error_count"": 78353, ""z_error_rms"": 22.227752685421162, ""z_squared_error_sum"": 38712100.94192514}, {""bias"": 0.0, ""count"": 2228, ""high"": ""Infinity"", ""low"": 2.0, ""mae"": 0.0, ""z_error_count"": 2228, ""z_error_rms"": 24.101109287785487, ""z_squared_error_sum"": 1294163.8087131656}]",0.029854447052860243,0.030141600066200768,0.009547593584068387,0.028292852497996256,5.256947988571579
raw/r6/P1/d200/n4_M6/centre/rep00.npz,r6,,P1,P1_ridge_lse_hjb,ridge_lse,200,4,6,centre,centre,0.0,0,4,float64,0.24840081520873541,0.3053406529972653,0.12726502498951558,0.21142712130847088,0.21486348283866027,0.79751526364739,0.23967187878925672,0.3386596892934845,1267200,1268400,14652000,2930400000,0,108.33787799999118,1.0,1.0,207.61157698664405,0,0,0,0.7722738125123799,1.9158978050091393,5.4687441688551495,-0.039013275616917684,1267200,"[{""bias"": -2.6762886211757233, ""count"": 3496, ""high"": -2.0, ""low"": ""-Infinity"", ""mae"": 2.6762886211757233, ""z_error_count"": 3496, ""z_error_rms"": 5.321183523857786, ""z_squared_error_sum"": 98989.21935463617}, {""bias"": -2.3046989772006907, ""count"": 94652, ""high"": -1.0, ""low"": -2.0, ""mae"": 2.3046989772006907, ""z_error_count"": 94652, ""z_error_rms"": 6.961814508072064, ""z_squared_error_sum"": 4587485.350543062}, {""bias"": -1.1679590827507786, ""count"": 363623, ""high"": -0.25, ""low"": -1.0, ""mae"": 1.288262752043362, ""z_error_count"": 363623, ""z_error_rms"": 10.067738402494482, ""z_squared_error_sum"": 36856593.30353065}, {""bias"": 0.6356544252963751, ""count"": 364752, ""high"": 0.25, ""low"": -0.25, ""mae"": 0.9127200091431601, ""z_error_count"": 364752, ""z_error_rms"": 13.763095001747315, ""z_squared_error_sum"": 69092339.31946076}, {""bias"": 2.8054686551973096, ""count"": 356789, ""high"": 1.0, ""low"": 0.25, ""mae"": 2.8054686551973096, ""z_error_count"": 356789, ""z_error_rms"": 17.82320531908884, ""z_squared_error_sum"": 113339965.61846802}, {""bias"": 4.718697323184474, ""count"": 81595, ""high"": 2.0, ""low"": 1.0, ""mae"": 4.718697323184474, ""z_error_count"": 81595, ""z_error_rms"": 21.37975139698172, ""z_squared_error_sum"": 37296566.146565154}, {""bias"": 5.6625147545879475, ""count"": 2293, ""high"": ""Infinity"", ""low"": 2.0, ""mae"": 5.6625147545879475, ""z_error_count"": 2293, ""z_error_rms"": 23.17069339808567, ""z_squared_error_sum"": 1231068.2076327726}]",0.250141163579205,0.2509143249242358,0.24906855662858765,0.023178354865544162,5.256947988571579
raw/r6/P1/d200/n4_M6/centre/rep01.npz,r6,,P1,P1_ridge_lse_hjb,ridge_lse,200,4,6,centre,centre,0.0,1,4,float64,0.25126996463508805,0.30886748505960404,0.1276044169230701,0.21331125555566693,0.21734525987313832,0.7972871026371211,0.23911587152342262,0.33787404331430865,1267200,1268400,14652000,2930400000,0,108.81921920017339,1.0,1.0,207.09289212379562,0,0,0,0.765947591775345,1.9119769785848801,5.437252686545338,-0.041050192904503895,1267200,"[{""bias"": -2.67899988124219, ""count"": 3439, ""high"": -2.0, ""low"": ""-Infinity"", ""mae"": 2.67899988124219, ""z_error_count"": 3439, ""z_error_rms"": 5.236227896924337, ""z_squared_error_sum"": 94290.78602195009}, {""bias"": -2.301757578906049, ""count"": 94928, ""high"": -1.0, ""low"": -2.0, ""mae"": 2.301757578906049, ""z_error_count"": 94928, ""z_error_rms"": 6.963308037030675, ""z_squared_error_sum"": 4602836.476329781}, {""bias"": -1.1744181925513202, ""count"": 364125, ""high"": -0.25, ""low"": -1.0, ""mae"": 1.291552105134784, ""z_error_count"": 364125, ""z_error_rms"": 10.059862860252759, ""z_squared_error_sum"": 36849756.14431767}, {""bias"": 0.6465487396549134, ""count"": 364470, ""high"": 0.25, ""low"": -0.25, ""mae"": 0.9178971530664978, ""z_error_count"": 364470, ""z_error_rms"": 13.769173520141711, ""z_squared_error_sum"": 69099918.11723995}, {""bias"": 2.793275024386403, ""count"": 358043, ""high"": 1.0, ""low"": 0.25, ""mae"": 2.793275024386403, ""z_error_count"": 358043, ""z_error_rms"": 17.779899873653378, ""z_squared_error_sum"": 113186285.91523513}, {""bias"": 4.721260333460945, ""count"": 79897, ""high"": 2.0, ""low"": 1.0, ""mae"": 4.721260333460945, ""z_error_count"": 79897, ""z_error_rms"": 21.447033278706332, ""z_squared_error_sum"": 36750641.46727978}, {""bias"": 5.649874300050298, ""count"": 2298, ""high"": ""Infinity"", ""low"": 2.0, ""mae"": 5.649874300050298, ""z_error_count"": 2298, ""z_error_rms"": 23.47384902584819, ""z_squared_error_sum"": 1266247.6094269457}]",0.250141163579205,0.2509143249242358,0.24906855662858765,0.023178354865544162,5.256947988571579
raw/r6/P1/d200/n4_M6/centre/rep02.npz,r6,,P1,P1_ridge_lse_hjb,ridge_lse,200,4,6,centre,centre,0.0,2,4,float64,0.25105763714816226,0.30860648666693485,0.12782686111991642,0.21387916432866572,0.21716159935131227,0.796923213741168,0.2401869570982129,0.3393875020888533,1267200,1268400,14652000,2930400000,0,108.29353300016373,1.0,1.0,207.34290911079006,0,0,0,0.7579748196144743,1.899625020984964,5.386019452232625,-0.038573441021455004,1267200,"[{""bias"": -2.6772480718419986, ""count"": 3794, ""high"": -2.0, ""low"": ""-Infinity"", ""mae"": 2.6772480718419986, ""z_error_count"": 3794, ""z_error_rms"": 5.2807539122752924, ""z_squared_error_sum"": 105800.85698034898}, {""bias"": -2.300904195960168, ""count"": 94649, ""high"": -1.0, ""low"": -2.0, ""mae"": 2.300904195960168, ""z_error_count"": 94649, ""z_error_rms"": 6.979545155084354, ""z_squared_error_sum"": 4610736.172576117}, {""bias"": -1.1617216373979542, ""count"": 363256, ""high"": -0.25, ""low"": -1.0, ""mae"": 1.2843326573336094, ""z_error_count"": 363256, ""z_error_rms"": 10.087373662685408, ""z_squared_error_sum"": 36963153.297559164}, {""bias"": 0.6315044751500343, ""count"": 368915, ""high"": 0.25, ""low"": -0.25, ""mae"": 0.9087599823364328, ""z_error_count"": 368915, ""z_error_rms"": 13.779846683307737, ""z_squared_error_sum"": 70051120.27826509}, {""bias"": 2.791238741005956, ""count"": 355529, ""high"": 1.0, ""low"": 0.25, ""mae"": 2.791238741005956, ""z_error_count"": 355529, ""z_error_rms"": 17.819176860442873, ""z_squared_error_sum"": 112888657.41507608}, {""bias"": 4.721834927953716, ""count"": 78560, ""high"": 2.0, ""low"": 1.0, ""mae"": 4.721834927953716, ""z_error_count"": 78560, ""z_error_rms"": 21.466319175957487, ""z_squared_error_sum"": 36200672.60021814}, {""bias"": 5.67026961032069, ""count"": 2497, ""high"": ""Infinity"", ""low"": 2.0, ""mae"": 5.67026961032069, ""z_error_count"": 2497, ""z_error_rms"": 23.190721680655614, ""z_squared_error_sum"": 1342910.501457867}]",0.250141163579205,0.2509143249242358,0.24906855662858765,0.023178354865544162,5.256947988571579
raw/r6/P1/d200/n4_M6/centre/rep03.npz,r6,,P1,P1_ridge_lse_hjb,ridge_lse,200,4,6,centre,centre,0.0,3,4,float64,0.24925684710161186,0.3063929093553523,0.12745042216649832,0.21321360607027173,0.21560393932134067,0.7962439005722631,0.2406911665214553,0.3400999569979429,1267200,1268400,14652000,2930400000,0,108.19657359994017,1.0,1.0,207.0598064564771,0,0,0,0.7602343299269828,1.9075360184028904,5.417833571141262,-0.04010169309511438,1267200,"[{""bias"": -2.677182752766737, ""count"": 3898, ""high"": -2.0, ""low"": ""-Infinity"", ""mae"": 2.677182752766737, ""z_error_count"": 3898, ""z_error_rms"": 5.247019445784055, ""z_squared_error_sum"": 107316.66852517155}, {""bias"": -2.3056470602543757, ""count"": 95842, ""high"": -1.0, ""low"": -2.0, ""mae"": 2.3056470602543757, ""z_error_count"": 95842, ""z_error_rms"": 6.959781022001892, ""z_squared_error_sum"": 4642447.688728773}, {""bias"": -1.1680635238968193, ""count"": 362391, ""high"": -0.25, ""low"": -1.0, ""mae"": 1.288770103920023, ""z_error_count"": 362391, ""z_error_rms"": 10.062991992781384, ""z_squared_error_sum"": 36697092.589403264}, {""bias"": 0.6353565689860631, ""count"": 365972, ""high"": 0.25, ""low"": -0.25, ""mae"": 0.910512418559602, ""z_error_count"": 365972, ""z_error_rms"": 13.774809654240038, ""z_squared_error_sum"": 69441496.579191}, {""bias"": 2.792915394014161, ""count"": 358273, ""high"": 1.0, ""low"": 0.25, ""mae"": 2.792915394014161, ""z_error_count"": 358273, ""z_error_rms"": 17.809363564874808, ""z_squared_error_sum"": 113634676.49629869}, {""bias"": 4.733114684211265, ""count"": 78194, ""high"": 2.0, ""low"": 1.0, ""mae"": 4.733114684211265, ""z_error_count"": 78194, ""z_error_rms"": 21.41021131565565, ""z_squared_error_sum"": 35843906.636145}, {""bias"": 5.638051121418745, ""count"": 2630, ""high"": ""Infinity"", ""low"": 2.0, ""mae"": 5.638051121418745, ""z_error_count"": 2630, ""z_error_rms"": 23.38688765142722, ""z_squared_error_sum"": 1438469.3318738595}]",0.250141163579205,0.2509143249242358,0.24906855662858765,0.023178354865544162,5.256947988571579
raw/r6/P1/d200/n4_M6/centre/rep04.npz,r6,,P1,P1_ridge_lse_hjb,ridge_lse,200,4,6,centre,centre,0.0,4,4,float64,0.2484975915360695,0.3054596129409275,0.12585548250888717,0.21169061518469684,0.21494719310639782,0.7956261929020059,0.23902998477385864,0.33775268414581255,1267200,1268400,14652000,2930400000,0,107.99973229994066,1.0,1.0,207.48832048130666,0,0,0,0.7665772880920281,1.9050601216694505,5.412408588729508,-0.039793252013775926,1267200,"[{""bias"": -2.678729215800621, ""count"": 3204, ""high"": -2.0, ""low"": ""-Infinity"", ""mae"": 2.678729215800621, ""z_error_count"": 3204, ""z_error_rms"": 5.2947286661426824, ""z_squared_error_sum"": 89821.4218804261}, {""bias"": -2.299973950635297, ""count"": 94753, ""high"": -1.0, ""low"": -2.0, ""mae"": 2.299973950635297, ""z_error_count"": 94753, ""z_error_rms"": 6.991197767834842, ""z_squared_error_sum"": 4631227.810734435}, {""bias"": -1.162709556564764, ""count"": 362783, ""high"": -0.25, ""low"": -1.0, ""mae"": 1.2862644382400859, ""z_error_count"": 362783, ""z_error_rms"": 10.073768861537499, ""z_squared_error_sum"": 36815515.986733325}, {""bias"": 0.6322722869060334, ""count"": 366564, ""high"": 0.25, ""low"": -0.25, ""mae"": 0.908390928256734, ""z_error_count"": 366564, ""z_error_rms"": 13.762735682555967, ""z_squared_error_sum"": 69431947.88116702}, {""bias"": 2.793469177811374, ""count"": 358243, ""high"": 1.0, ""low"": 0.25, ""mae"": 2.793469177811374, ""z_error_count"": 358243, ""z_error_rms"": 17.809193783007828, ""z_squared_error_sum"": 113622994.85997722}, {""bias"": 4.719901373267551, ""count"": 79656, ""high"": 2.0, ""low"": 1.0, ""mae"": 4.719901373267551, ""z_error_count"": 79656, ""z_error_rms"": 21.456405258612573, ""z_squared_error_sum"": 36671816.32938748}, {""bias"": 5.634741937066022, ""count"": 1997, ""high"": ""Infinity"", ""low"": 2.0, ""mae"": 5.634741937066022, ""z_error_count"": 1997, ""z_error_rms"": 23.31609533747029, ""z_squared_error_sum"": 1085649.6826666496}]",0.250141163579205,0.2509143249242358,0.24906855662858765,0.023178354865544162,5.256947988571579
raw/r6/P1/d200/n4_M6/centre/rep05.npz,r6,,P1,P1_ridge_lse_hjb,ridge_lse,200,4,6,centre,centre,0.0,5,4,float64,0.2516349612942449,0.30931614831441306,0.12879865679644564,0.21456635131898608,0.2176609772484819,0.7960967082831476,0.23437392307041777,0.33117360437314936,1267200,1268400,14652000,2930400000,0,108.72763180010952,1.0,1.0,207.2609165744671,0,0,0,0.7656981028125485,1.9051268842263847,5.408212053975501,-0.04022973194776798,1267200,"[{""bias"": -2.6757368372295556, ""count"": 3655, ""high"": -2.0, ""low"": ""-Infinity"", ""mae"": 2.6757368372295556, ""z_error_count"": 3655, ""z_error_rms"": 5.280626821457695, ""z_squared_error_sum"": 101919.74673850663}, {""bias"": -2.296895086173409, ""count"": 93600, ""high"": -1.0, ""low"": -2.0, ""mae"": 2.296895086173409, ""z_error_count"": 93600, ""z_error_rms"": 6.99914912111611, ""z_squared_error_sum"": 4585285.076076471}, {""bias"": -1.16562078125202, ""count"": 363776, ""high"": -0.25, ""low"": -1.0, ""mae"": 1.2895266300414712, ""z_error_count"": 363776, ""z_error_rms"": 10.062443253165174, ""z_squared_error_sum"": 36833325.558047645}, {""bias"": 0.636855625149625, ""count"": 367279, ""high"": 0.25, ""low"": -0.25, ""mae"": 0.9124555116258496, ""z_error_count"": 367279, ""z_error_rms"": 13.765405518116884, ""z_squared_error_sum"": 69594371.49425322}, {""bias"": 2.7981621066454028, ""count"": 358320, ""high"": 1.0, ""low"": 0.25, ""mae"": 2.7981621066454028, ""z_error_count"": 358320, ""z_error_rms"": 17.823626215728346, ""z_squared_error_sum"": 113831689.3575965}, {""bias"": 4.72728271387555, ""count"": 78773, ""high"": 2.0, ""low"": 1.0, ""mae"": 4.72728271387555, ""z_error_count"": 78773, ""z_error_rms"": 21.417194149213245, ""z_squared_error_sum"": 36132876.17419633}, {""bias"": 5.655712291637886, ""count"": 1797, ""high"": ""Infinity"", ""low"": 2.0, ""mae"": 5.655712291637886, ""z_error_count"": 1797, ""z_error_rms"": 23.40903170185424, ""z_squared_error_sum"": 984725.0290974949}]",0.250141163579205,0.2509143249242358,0.24906855662858765,0.023178354865544162,5.256947988571579
raw/r6/P1/d200/n4_M6/centre/rep06.npz,r6,,P1,P1_ridge_lse_hjb,ridge_lse,200,4,6,centre,centre,0.0,6,4,float64,0.25126195246129257,0.30885763629007973,0.12845299376832608,0.2145355377435898,0.21733832944674117,0.7974126848830427,0.239375518187063,0.33824092765167335,1267200,1268400,14652000,2930400000,0,109.39848400000483,1.0,1.0,207.20523869834008,0,0,0,0.7610369078798005,1.9062398593343481,5.417224768713645,-0.03852358456866841,1267200,"[{""bias"": -2.680311583750631, ""count"": 3888, ""high"": -2.0, ""low"": ""-Infinity"", ""mae"": 2.680311583750631, ""z_error_count"": 3888, ""z_error_rms"": 5.243805029439161, ""z_squared_error_sum"": 106910.24573416736}, {""bias"": -2.30728744692259, ""count"": 94823, ""high"": -1.0, ""low"": -2.0, ""mae"": 2.30728744692259, ""z_error_count"": 94823, ""z_error_rms"": 6.970122949364311, ""z_squared_error_sum"": 4606749.20061375}, {""bias"": -1.1703517757041613, ""count"": 362595, ""high"": -0.25, ""low"": -1.0, ""mae"": 1.2898307217944023, ""z_error_count"": 362595, ""z_error_rms"": 10.061265000953535, ""z_squared_error_sum"": 36705148.624611884}, {""bias"": 0.6352392168387285, ""count"": 367264, ""high"": 0.25, ""low"": -0.25, ""mae"": 0.9095415425999946, ""z_error_count"": 367264, ""z_error_rms"": 13.766607140182554, ""z_squared_error_sum"": 69603679.42047815}, {""bias"": 2.7966980820846175, ""count"": 357881, ""high"": 1.0, ""low"": 0.25, ""mae"": 2.7966980820846175, ""z_error_count"": 357881, ""z_error_rms"": 17.822244258668164, ""z_squared_error_sum"": 113674597.51433618}, {""bias"": 4.728789896813978, ""count"": 78678, ""high"": 2.0, ""low"": 1.0, ""mae"": 4.728789896813978, ""z_error_count"": 78678, ""z_error_rms"": 21.43518221699466, ""z_squared_error_sum"": 36149947.51157577}, {""bias"": 5.657801663342979, ""count"": 2071, ""high"": ""Infinity"", ""low"": 2.0, ""mae"": 5.657801663342979, ""z_error_count"": 2071, ""z_error_rms"": 23.450493639087274, ""z_squared_error_sum"": 1138896.0251198432}]",0.250141163579205,0.2509143249242358,0.24906855662858765,0.023178354865544162,5.256947988571579
raw/r6/P1/d200/n4_M6/centre/rep07.npz,r6,,P1,P1_ridge_lse_hjb,ridge_lse,200,4,6,centre,centre,0.0,7,4,float64,0.25077101270030944,0.30825416054433813,0.12790456470435782,0.2128566469784669,0.2169136729220829,0.7960818569621878,0.2439308218775218,0.3446776349543466,1267200,1268400,14652000,2930400000,0,110.08100029989146,1.0,1.0,207.47508658376563,0,0,0,0.7694627843792334,1.9119010760083524,5.4368977293459,-0.03953177636001993,1267200,"[{""bias"": -2.6779968649030583, ""count"": 3208, ""high"": -2.0, ""low"": ""-Infinity"", ""mae"": 2.6779968649030583, ""z_error_count"": 3208, ""z_error_rms"": 5.217607558965266, ""z_squared_error_sum"": 87332.75907510372}, {""bias"": -2.3025901767957695, ""count"": 96308, ""high"": -1.0, ""low"": -2.0, ""mae"": 2.3025901767957695, ""z_error_count"": 96308, ""z_error_rms"": 6.960379935488308, ""z_squared_error_sum"": 4665822.971014105}, {""bias"": -1.1681819574917662, ""count"": 360609, ""high"": -0.25, ""low"": -1.0, ""mae"": 1.2894596271977172, ""z_error_count"": 360609, ""z_error_rms"": 10.067654789642704, ""z_squared_error_sum"": 36550489.08966437}, {""bias"": 0.6378770681455591, ""count"": 366078, ""high"": 0.25, ""low"": -0.25, ""mae"": 0.9130981728287677, ""z_error_count"": 366078, ""z_error_rms"": 13.782088864917782, ""z_squared_error_sum"": 69535042.07979107}, {""bias"": 2.7981754824127005, ""count"": 359299, ""high"": 1.0, ""low"": 0.25, ""mae"": 2.7981754824127005, ""z_error_count"": 359299, ""z_error_rms"": 17.796854584633856, ""z_squared_error_sum"": 113800065.56716937}, {""bias"": 4.719025326504304, ""count"": 79352, ""high"": 2.0, ""low"": 1.0, ""mae"": 4.719025326504304, ""z_error_count"": 79352, ""z_error_rms"": 21.41910904078416, ""z_squared_error_sum"": 36404970.2736787}, {""bias"": 5.673710506056422, ""count"": 2346, ""high"": ""Infinity"", ""low"": 2.0, ""mae"": 5.673710506056422, ""z_error_count"": 2346, ""z_error_rms"": 23.461126998488517, ""z_squared_error_sum"": 1291295.8301719793}]",0.250141163579205,0.2509143249242358,0.24906855662858765,0.023178354865544162,5.256947988571579
raw/r6/P1/d200/n4_M6/centre/rep08.npz,r6,,P1,P1_ridge_lse_hjb,ridge_lse,200,4,6,centre,centre,0.0,8,4,float64,0.24808593671074483,0.3049535962715841,0.12608046936740244,0.2119262687271095,0.21459111702258027,0.7974969901600054,0.23331053869126916,0.3296710274948721,1267200,1268400,14652000,2930400000,0,111.8176214999985,1.0,1.0,207.17782299198203,0,0,0,0.7571455814907537,1.8996442641601485,5.387773617128491,-0.04074374214600657,1267200,"[{""bias"": -2.679038197781637, ""count"": 3789, ""high"": -2.0, ""low"": ""-Infinity"", ""mae"": 2.679038197781637, ""z_error_count"": 3789, ""z_error_rms"": 5.2715248881864465, ""z_squared_error_sum"": 105292.42493660822}, {""bias"": -2.3012937314882373, ""count"": 95904, ""high"": -1.0, ""low"": -2.0, ""mae"": 2.3012937314882373, ""z_error_count"": 95904, ""z_error_rms"": 6.983255220787832, ""z_squared_error_sum"": 4676840.412017458}, {""bias"": -1.1674624169235366, ""count"": 359796, ""high"": -0.25, ""low"": -1.0, ""mae"": 1.2888261482817431, ""z_error_count"": 359796, ""z_error_rms"": 10.072639943042267, ""z_squared_error_sum"": 36504209.70459527}, {""bias"": 0.6265301049036052, ""count"": 369864, ""high"": 0.25, ""low"": -0.25, ""mae"": 0.9031269906777611, ""z_error_count"": 369864, ""z_error_rms"": 13.782677067677033, ""z_squared_error_sum"": 70260174.38873939}, {""bias"": 2.7879837512486723, ""count"": 357125, ""high"": 1.0, ""low"": 0.25, ""mae"": 2.7879837512486723, ""z_error_count"": 357125, ""z_error_rms"": 17.79498699954538, ""z_squared_error_sum"": 113087760.44138333}, {""bias"": 4.7185658682450855, ""count"": 78473, ""high"": 2.0, ""low"": 1.0, ""mae"": 4.7185658682450855, ""z_error_count"": 78473, ""z_error_rms"": 21.446949299837474, ""z_squared_error_sum"": 36095354.056053944}, {""bias"": 5.641481154735944, ""count"": 2249, ""high"": ""Infinity"", ""low"": 2.0, ""mae"": 5.641481154735944, ""z_error_count"": 2249, ""z_error_rms"": 23.36168861764361, ""z_squared_error_sum"": 1227433.3454073449}]",0.250141163579205,0.2509143249242358,0.24906855662858765,0.023178354865544162,5.256947988571579
raw/r6/P1/d200/n4_M6/centre/rep09.npz,r6,,P1,P1_ridge_lse_hjb,ridge_lse,200,4,6,centre,centre,0.0,9,4,float64,0.2511749169957914,0.3087506500636146,0.12714907095391675,0.2135999121880067,0.21726304489812825,0.7983691104418655,0.2367442785463701,0.33452294954061884,1267200,1268400,14652000,2930400000,0,112.16946249990724,1.0,1.0,207.5228833550742,0,0,0,0.7707084545606517,1.9092823719859366,5.4283247794440594,-0.03991645215179059,1267200,"[{""bias"": -2.674396473567721, ""count"": 3294, ""high"": -2.0, ""low"": ""-Infinity"", ""mae"": 2.674396473567721, ""z_error_count"": 3294, ""z_error_rms"": 5.302655101574061, ""z_squared_error_sum"": 92621.18980986558}, {""bias"": -2.302839090409027, ""count"": 93077, ""high"": -1.0, ""low"": -2.0, ""mae"": 2.302839090409027, ""z_error_count"": 93077, ""z_error_rms"": 6.9765530026103955, ""z_squared_error_sum"": 4530270.903704052}, {""bias"": -1.170327446436259, ""count"": 364545, ""high"": -0.25, ""low"": -1.0, ""mae"": 1.2903877533573744, ""z_error_count"": 364545, ""z_error_rms"": 10.04521994372708, ""z_squared_error_sum"": 36784939.52512445}, {""bias"": 0.640604134620555, ""count"": 365677, ""high"": 0.25, ""low"": -0.25, ""mae"": 0.9125868233012393, ""z_error_count"": 365677, ""z_error_rms"": 13.77520530248064, ""z_squared_error_sum"": 69389507.61312607}, {""bias"": 2.8023210651912747, ""count"": 360026, ""high"": 1.0, ""low"": 0.25, ""mae"": 2.8023210651912747, ""z_error_count"": 360026, ""z_error_rms"": 17.8196649897444, ""z_squared_error_sum"": 114322821.77678902}, {""bias"": 4.7307875460667095, ""count"": 78353, ""high"": 2.0, ""low"": 1.0, ""mae"": 4.7307875460667095, ""z_error_count"": 78353, ""z_error_rms"": 21.44419651140357, ""z_squared_error_sum"": 36030906.30163501}, {""bias"": 5.653298937673504, ""count"": 2228, ""high"": ""Infinity"", ""low"": 2.0, ""mae"": 5.653298937673504, ""z_error_count"": 2228, ""z_error_rms"": 23.586926098663803, ""z_squared_error_sum"": 1239532.388442368}]",0.250141163579205,0.2509143249242358,0.24906855662858765,0.023178354865544162,5.256947988571579
raw/r6/P1/d400/n4_M6/raw/rep00.npz,r6,,P1,P1_ridge_lse_hjb,ridge_lse,400,4,6,raw,raw,1.0,0,4,float64,16218155442149.908,20749511111753.1,-6254084537370.873,6254084537370.873,13837258128025.605,686800345892218.4,11482249913156.455,14654704808453.188,1267200,1268400,14652000,5860800000,0,222.41488780011423,1.0,0.0,0.0,0,0,0,-300984357307.3854,300984357307.3854,3.7417991951080574e+26,-0.009492800075465949,1267200,"[{""bias"": -1365816.9509277437, ""count"": 3002, ""high"": -2.0, ""low"": ""-Infinity"", ""mae"": 1365816.9509277437, ""z_error_count"": 3002, ""z_error_rms"": 1652.764887708694, ""z_squared_error_sum"": 8200358585.676281}, {""bias"": -2209012897.3788786, ""count"": 86068, ""high"": -1.0, ""low"": -2.0, ""mae"": 2209012897.378881, ""z_error_count"": 86068, ""z_error_rms"": 66468.23032283277, ""z_squared_error_sum"": 380250630977099.4}, {""bias"": -24294260784.741272, ""count"": 346135, ""high"": -0.25, ""low"": -1.0, ""mae"": 24294260784.74135, ""z_error_count"": 346135, ""z_error_rms"": 220428.03797243186, ""z_squared_error_sum"": 1.6818187344023838e+16}, {""bias"": -143786489346.96573, ""count"": 377730, ""high"": 0.25, ""low"": -0.25, ""mae"": 143786489346.96585, ""z_error_count"": 377730, ""z_error_rms"": 536258.3092143548, ""z_squared_error_sum"": 1.086249395451094e+17}, {""bias"": -554098203082.0693, ""count"": 368060, ""high"": 1.0, ""low"": 0.25, ""mae"": 554098203082.0695, ""z_error_count"": 368060, ""z_error_rms"": 1052709.075254599, ""z_squared_error_sum"": 4.0788276592523603e+17}, {""bias"": -1375076499565.678, ""count"": 82587, ""high"": 2.0, ""low"": 1.0, ""mae"": 1375076499565.678, ""z_error_count"": 82587, ""z_error_rms"": 1658358.5226494765, ""z_squared_error_sum"": 2.2712688495574176e+17}, {""bias"": -273868458792.61377, ""count"": 3618, ""high"": ""Infinity"", ""low"": 2.0, ""mae"": 273868458792.61377, ""z_error_count"": 3618, ""z_error_rms"": 740092.5125509022, ""z_squared_error_sum"": 1981712202370476.8}]",13946420118877.246,13823736200323.514,12237214073260.195,6765843003297.167,5.719560577123986
raw/r6/P1/d400/n4_M6/raw/rep01.npz,r6,,P1,P1_ridge_lse_hjb,ridge_lse,400,4,6,raw,raw,1.0,1,4,float64,13342987837199.492,17071021139211.39,-5974041914225.715,5974041914225.715,11384177908579.754,767249227345817.4,13350870626572.076,17039610655406.6,1267200,1268400,14652000,5860800000,0,223.45816719997674,1.0,0.0,0.0,0,0,0,-302921624655.48285,302921624655.48285,4.6460313758041475e+26,-0.010565913793471195,1267200,"[{""bias"": -4078592.117516788, ""count"": 2840, ""high"": -2.0, ""low"": ""-Infinity"", ""mae"": 4078592.117516788, ""z_error_count"": 2840, ""z_error_rms"": 2856.077232921215, ""z_squared_error_sum"": 23166383135.56697}, {""bias"": -864223569.8244903, ""count"": 85565, ""high"": -1.0, ""low"": -2.0, ""mae"": 864223569.8244903, ""z_error_count"": 85565, ""z_error_rms"": 41574.594910068256, ""z_squared_error_sum"": 147894562586777.22}, {""bias"": -26027011639.262962, ""count"": 348256, ""high"": -0.25, ""low"": -1.0, ""mae"": 26027011639.263012, ""z_error_count"": 348256, ""z_error_rms"": 228153.50450594808, ""z_squared_error_sum"": 1.8128125352718588e+16}, {""bias"": -141127655964.82928, ""count"": 378298, ""high"": 0.25, ""low"": -0.25, ""mae"": 141127655964.82938, ""z_error_count"": 378298, ""z_error_rms"": 531277.053376085, ""z_squared_error_sum"": 1.0677661829544106e+17}, {""bias"": -672943975746.0007, ""count"": 367472, ""high"": 1.0, ""low"": 0.25, ""mae"": 672943975746.0007, ""z_error_count"": 367472, ""z_error_rms"": 1160124.1062197555, ""z_squared_error_sum"": 4.945761337609572e+17}, {""bias"": -899594581894.1508, ""count"": 81242, ""high"": 2.0, ""low"": 1.0, ""mae"": 899594581894.1508, ""z_error_count"": 81242, ""z_error_rms"": 1341338.5701018595, ""z_squared_error_sum"": 1.4616972570770858e+17}, {""bias"": -273042033248.93704, ""count"": 3527, ""high"": ""Infinity"", ""low"": 2.0, ""mae"": 273042033248.938, ""z_error_count"": 3527, ""z_error_rms"": 738975.0095082689, ""z_squared_error_sum"": 1926038496118410.8}]",13946420118877.246,13823736200323.514,12237214073260.195,6765843003297.167,5.719560577123986
raw/r6/P1/d400/n4_M6/raw/rep02.npz,r6,,P1,P1_ridge_lse_hjb,ridge_lse,400,4,6,raw,raw,1.0,2,4,float64,13725579491412.828,17560508973304.52,-5775259793858.388,5775259793858.388,11710603407204.55,482725534663608.3,12335530401108.55,15743739950897.094,1267200,1268400,14652000,5860800000,0,222.8011463000439,1.0,0.0,0.0,0,0,0,-276484047312.80804,276484047312.8081,1.993669774799786e+26,-0.027567018109434547,1267200,"[{""bias"": -2463337.388106048, ""count"": 3199, ""high"": -2.0, ""low"": ""-Infinity"", ""mae"": 2463337.388106048, ""z_error_count"": 3199, ""z_error_rms"": 2219.610267828515, ""z_squared_error_sum"": 15760416501.618225}, {""bias"": -2506803881.3770657, ""count"": 85650, ""high"": -1.0, ""low"": -2.0, ""mae"": 2506803881.3770795, ""z_error_count"": 85650, ""z_error_rms"": 70806.83310644579, ""z_squared_error_sum"": 429415492187412.3}, {""bias"": -27497733945.260834, ""count"": 344161, ""high"": -0.25, ""low"": -1.0, ""mae"": 27497733945.260868, ""z_error_count"": 344161, ""z_error_rms"": 234511.121905812, ""z_squared_error_sum"": 1.892729467642168e+16}, {""bias"": -141672057049.2468, ""count"": 379645, ""high"": 0.25, ""low"": -0.25, ""mae"": 141672057049.24698, ""z_error_count"": 379645, ""z_error_rms"": 532300.7691314513, ""z_squared_error_sum"": 1.0757017419218478e+17}, {""bias"": -522841970041.081, ""count"": 368297, ""high"": 1.0, ""low"": 0.25, ""mae"": 522841970041.081, ""z_error_count"": 368297, ""z_error_rms"": 1022586.8823498286, ""z_squared_error_sum"": 3.85122255086841e+17}, {""bias"": -1117675241376.422, ""count"": 82602, ""high"": 2.0, ""low"": 1.0, ""mae"": 1117675241376.422, ""z_error_count"": 82602, ""z_error_rms"": 1495108.8510840477, ""z_squared_error_sum"": 1.846444200672757e+17}, {""bias"": -552329699106.576, ""count"": 3646, ""high"": ""Infinity"", ""low"": 2.0, ""mae"": 552329699106.576, ""z_error_count"": 3646, ""z_error_rms"": 1051027.7843016447, ""z_squared_error_sum"": 4027588184701694.0}]",13946420118877.246,13823736200323.514,12237214073260.195,6765843003297.167,5.719560577123986
raw/r6/P1/d400/n4_M6/raw/rep03.npz,r6,,P1,P1_ridge_lse_hjb,ridge_lse,400,4,6,raw,raw,1.0,3,4,float64,14342394304832.656,18349661961176.734,-6233467502965.6045,6233467502965.6045,12236867064062.725,657402195176792.1,12099660281492.348,15442700781548.463,1267200,1268400,14652000,5860800000,0,222.91849509999156,1.0,0.0,0.0,0,0,0,-306260530434.1713,306260530434.1713,3.223689725487967e+26,-0.015611855989008015,1267200,"[{""bias"": -961395.6975704673, ""count"": 3258, ""high"": -2.0, ""low"": ""-Infinity"", ""mae"": 961395.6975704673, ""z_error_count"": 3258, ""z_error_rms"": 1386.646234737033, ""z_squared_error_sum"": 6264442588.251252}, {""bias"": -1528033852.1259353, ""count"": 86316, ""high"": -1.0, ""low"": -2.0, ""mae"": 1528033852.1259377, ""z_error_count"": 86316, ""z_error_rms"": 55281.7115077312, ""z_squared_error_sum"": 263787533311468.53}, {""bias"": -25124795650.45831, ""count"": 342141, ""high"": -0.25, ""low"": -1.0, ""mae"": 25124795650.458366, ""z_error_count"": 342141, ""z_error_rms"": 224164.20269422143, ""z_squared_error_sum"": 1.7192444893338812e+16}, {""bias"": -178162894936.5387, ""count"": 381205, ""high"": 0.25, ""low"": -0.25, ""mae"": 178162894936.53882, ""z_error_count"": 381205, ""z_error_rms"": 596930.3009083857, ""z_squared_error_sum"": 1.3583317054407064e+17}, {""bias"": -528487887457.68744, ""count"": 368576, ""high"": 1.0, ""low"": 0.25, ""mae"": 528487887457.68744, ""z_error_count"": 368576, ""z_error_rms"": 1028093.267269936, ""z_squared_error_sum"": 3.895759000050587e+17}, {""bias"": -1399965112620.6953, ""count"": 82644, ""high"": 2.0, ""low"": 1.0, ""mae"": 1399965112620.6953, ""z_error_count"": 82644, ""z_error_rms"": 1673299.2030529715, ""z_squared_error_sum"": 2.3139743334446406e+17}, {""bias"": -314369220921.0487, ""count"": 3060, ""high"": ""Infinity"", ""low"": 2.0, ""mae"": 314369220921.0487, ""z_error_count"": 3060, ""z_error_rms"": 792930.2875748655, ""z_squared_error_sum"": 1923939629317890.5}]",13946420118877.246,13823736200323.514,12237214073260.195,6765843003297.167,5.719560577123986
raw/r6/P1/d400/n4_M6/raw/rep04.npz,r6,,P1,P1_ridge_lse_hjb,ridge_lse,400,4,6,raw,raw,1.0,4,4,float64,13480255066188.508,17246640857701.99,-5958583389068.216,5958583389068.216,11501293698153.666,547420422979149.1,10321711309996.191,13173518562137.377,1267200,1268400,14652000,5860800000,0,222.99951590015553,1.0,0.0,0.0,0,0,0,-292493034261.4677,292493034261.4677,2.417038262054872e+26,-0.03790698213825738,1267200,"[{""bias"": -5658085.127818038, ""count"": 2352, ""high"": -2.0, ""low"": ""-Infinity"", ""mae"": 5658085.127818038, ""z_error_count"": 2352, ""z_error_rms"": 3363.951633586608, ""z_squared_error_sum"": 26615633234.99474}, {""bias"": -1382357694.1535172, ""count"": 86269, ""high"": -1.0, ""low"": -2.0, ""mae"": 1382357694.1535192, ""z_error_count"": 86269, ""z_error_rms"": 52580.55910323885, ""z_squared_error_sum"": 238509215210009.53}, {""bias"": -27845184288.928913, ""count"": 342913, ""high"": -0.25, ""low"": -1.0, ""mae"": 27845184288.928978, ""z_error_count"": 342913, ""z_error_rms"": 235988.06501529645, ""z_squared_error_sum"": 1.9096950760660496e+16}, {""bias"": -159325685951.93988, ""count"": 379247, ""high"": 0.25, ""low"": -0.25, ""mae"": 159325685951.9399, ""z_error_count"": 379247, ""z_error_rms"": 564492.1316054007, ""z_squared_error_sum"": 1.208475748457922e+17}, {""bias"": -568417612246.5612, ""count"": 370318, ""high"": 1.0, ""low"": 0.25, ""mae"": 568417612246.5614, ""z_error_count"": 370318, ""z_error_rms"": 1066224.7489498877, ""z_squared_error_sum"": 4.209905432495598e+17}, {""bias"": -1075147334888.3104, ""count"": 82890, ""high"": 2.0, ""low"": 1.0, ""mae"": 1075147334888.3104, ""z_error_count"": 82890, ""z_error_rms"": 1466388.3062327963, ""z_squared_error_sum"": 1.782379247533598e+17}, {""bias"": -293181274151.21265, ""count"": 3211, ""high"": ""Infinity"", ""low"": 2.0, ""mae"": 293181274151.21265, ""z_error_count"": 3211, ""z_error_rms"": 765743.1363289724, ""z_squared_error_sum"": 1882810150730964.2}]",13946420118877.246,13823736200323.514,12237214073260.195,6765843003297.167,5.719560577123986
raw/r6/P1/d400/n4_M6/raw/rep05.npz,r6,,P1,P1_ridge_lse_hjb,ridge_lse,400,4,6,raw,raw,1.0,5,4,float64,14697872003785.945,18804460195829.363,-5877441267953.384,5877441267953.384,12540159056590.404,543089171234941.06,11902406474539.576,15190947306828.818,1267200,1268400,14652000,5860800000,0,224.88368059997447,1.0,0.0,0.0,0,0,0,-289220631714.9302,289220631714.93024,2.5950872277642942e+26,-0.09808013364371117,1267200,"[{""bias"": -432373.88304133585, ""count"": 3044, ""high"": -2.0, ""low"": ""-Infinity"", ""mae"": 432373.88304133585, ""z_error_count"": 3044, ""z_error_rms"": 929.9182377192482, ""z_squared_error_sum"": 2632292695.3977027}, {""bias"": -1549012211.0995972, ""count"": 86245, ""high"": -1.0, ""low"": -2.0, ""mae"": 1549012211.099613, ""z_error_count"": 86245, ""z_error_rms"": 55659.89726293287, ""z_squared_error_sum"": 267189093965554.25}, {""bias"": -29568714363.186264, ""count"": 346139, ""high"": -0.25, ""low"": -1.0, ""mae"": 29568714363.1863, ""z_error_count"": 346139, ""z_error_rms"": 243181.8804495561, ""z_squared_error_sum"": 2.0469769837077916e+16}, {""bias"": -183789661954.1621, ""count"": 382773, ""high"": 0.25, ""low"": -0.25, ""mae"": 183789661954.1622, ""z_error_count"": 382773, ""z_error_rms"": 606283.2001820046, ""z_squared_error_sum"": 1.4069943860381038e+17}, {""bias"": -523191228775.2925, ""count"": 365405, ""high"": 1.0, ""low"": 0.25, ""mae"": 523191228775.2925, ""z_error_count"": 365405, ""z_error_rms"": 1022928.3694085331, ""z_squared_error_sum"": 3.823533787552132e+17}, {""bias"": -1174356222153.3792, ""count"": 80238, ""high"": 2.0, ""low"": 1.0, ""mae"": 1174356222153.3794, ""z_error_count"": 80238, ""z_error_rms"": 1532550.9572313435, ""z_squared_error_sum"": 1.884559884807461e+17}, {""bias"": -112484396588.002, ""count"": 3356, ""high"": ""Infinity"", ""low"": 2.0, ""mae"": 112484396588.002, ""z_error_count"": 3356, ""z_error_rms"": 474308.75560109614, ""z_squared_error_sum"": 754995278167371.4}]",13946420118877.246,13823736200323.514,12237214073260.195,6765843003297.167,5.719560577123986
raw/r6/P1/d400/n4_M6/raw/rep06.npz,r6,,P1,P1_ridge_lse_hjb,ridge_lse,400,4,6,raw,raw,1.0,6,4,float64,14359170631668.875,18371125596874.652,-6063943888637.886,6063943888637.886,12251180551542.91,549645427856431.6,10698407944385.646,13654293499198.273,1267200,1268400,14652000,5860800000,0,226.02808770001866,1.0,0.0,0.0,0,0,0,-296662175212.03174,296662175212.0318,2.6097326145499856e+26,-0.12717485937318684,1267200,"[{""bias"": -729617.2716827384, ""count"": 2980, ""high"": -2.0, ""low"": ""-Infinity"", ""mae"": 729617.2716827384, ""z_error_count"": 2980, ""z_error_rms"": 1207.9867094885772, ""z_squared_error_sum"": 4348511033.0971}, {""bias"": -2398638767.845735, ""count"": 87331, ""high"": -1.0, ""low"": -2.0, ""mae"": 2398638767.845735, ""z_error_count"": 87331, ""z_error_rms"": 69262.37958706445, ""z_squared_error_sum"": 418951017429273.06}, {""bias"": -24519512327.198555, ""count"": 345246, ""high"": -0.25, ""low"": -1.0, ""mae"": 24519512327.198586, ""z_error_count"": 345246, ""z_error_rms"": 221447.56304362454, ""z_squared_error_sum"": 1.6930526596097998e+16}, {""bias"": -147306200995.05927, ""count"": 379706, ""high"": 0.25, ""low"": -0.25, ""mae"": 147306200995.05933, ""z_error_count"": 379706, ""z_error_rms"": 542782.0897481999, ""z_squared_error_sum"": 1.1186609479683701e+17}, {""bias"": -567887706982.0493, ""count"": 367452, ""high"": 1.0, ""low"": 0.25, ""mae"": 567887706982.0493, ""z_error_count"": 367452, ""z_error_rms"": 1065727.6411548655, ""z_squared_error_sum"": 4.1734294416271046e+17}, {""bias"": -1260635106386.973, ""count"": 81027, ""high"": 2.0, ""low"": 1.0, ""mae"": 1260635106386.973, ""z_error_count"": 81027, ""z_error_rms"": 1587850.8144115366, ""z_squared_error_sum"": 2.042909612106561e+17}, {""bias"": -146201374511.58725, ""count"": 3458, ""high"": ""Infinity"", ""low"": 2.0, ""mae"": 146201374511.58725, ""z_error_count"": 3458, ""z_error_rms"": 540742.7750332376, ""z_squared_error_sum"": 1011128705179735.9}]",13946420118877.246,13823736200323.514,12237214073260.195,6765843003297.167,5.719560577123986
raw/r6/P1/d400/n4_M6/raw/rep07.npz,r6,,P1,P1_ridge_lse_hjb,ridge_lse,400,4,6,raw,raw,1.0,7,4,float64,12250274473031.1,15673003456334.406,-5635838531903.198,5635838531903.198,10451879723753.812,480571885442832.0,14239605820022.146,18173896358243.562,1267200,1268400,14652000,5860800000,0,225.28117269999348,1.0,0.0,0.0,0,0,0,-280226325902.9381,280226325902.9382,2.2289483413432727e+26,-0.08727226520224096,1267200,"[{""bias"": -1908877.064607139, ""count"": 2802, ""high"": -2.0, ""low"": ""-Infinity"", ""mae"": 1908877.0646093527, ""z_error_count"": 2802, ""z_error_rms"": 1953.9068697927034, ""z_squared_error_sum"": 10697341260.416384}, {""bias"": -807813795.9477005, ""count"": 86384, ""high"": -1.0, ""low"": -2.0, ""mae"": 807813795.9477044, ""z_error_count"": 86384, ""z_error_rms"": 40194.8683420603, ""z_squared_error_sum"": 139564360866415.9}, {""bias"": -23904710728.08457, ""count"": 346259, ""high"": -0.25, ""low"": -1.0, ""mae"": 23904710728.084625, ""z_error_count"": 346259, ""z_error_rms"": 218653.6527898094, ""z_squared_error_sum"": 1.6554441917649464e+16}, {""bias"": -173124770884.49374, ""count"": 380774, ""high"": 0.25, ""low"": -0.25, ""mae"": 173124770884.49377, ""z_error_count"": 380774, ""z_error_rms"": 588429.7210492156, ""z_squared_error_sum"": 1.3184282105468123e+17}, {""bias"": -527225476369.18823, ""count"": 366941, ""high"": 1.0, ""low"": 0.25, ""mae"": 527225476369.18823, ""z_error_count"": 366941, ""z_error_rms"": 1026864.6182533911, ""z_squared_error_sum"": 3.8692128392328154e+17}, {""bias"": -1072929292447.6045, ""count"": 80672, ""high"": 2.0, ""low"": 1.0, ""mae"": 1072929292447.6045, ""z_error_count"": 80672, ""z_error_rms"": 1464874.9377919359, ""z_squared_error_sum"": 1.731107036376995e+17}, {""bias"": -242988272889.85953, ""count"": 3368, ""high"": ""Infinity"", ""low"": 2.0, ""mae"": 242988272889.85953, ""z_error_count"": 3368, ""z_error_rms"": 697120.1807149237, ""z_squared_error_sum"": 1636769008140506.5}]",13946420118877.246,13823736200323.514,12237214073260.195,6765843003297.167,5.719560577123986
raw/r6/P1/d400/n4_M6/raw/rep08.npz,r6,,P1,P1_ridge_lse_hjb,ridge_lse,400,4,6,raw,raw,1.0,8,4,float64,13125619029268.934,16792919445613.014,-5745768443825.571,5745768443825.571,11198719807931.678,463855539833458.75,13015782127640.1,16611939852759.361,1267200,1268400,14652000,5860800000,0,224.26649260008708,1.0,0.0,0.0,0,0,0,-268919859856.8043,268919859856.80444,2.0175352046452193e+26,-0.04077201972058625,1267200,"[{""bias"": -214053.61350619906, ""count"": 2959, ""high"": -2.0, ""low"": ""-Infinity"", ""mae"": 214053.61350619906, ""z_error_count"": 2959, ""z_error_rms"": 654.2976161663639, ""z_squared_error_sum"": 1266763791.371599}, {""bias"": -593398641.7205871, ""count"": 87459, ""high"": -1.0, ""low"": -2.0, ""mae"": 593398641.7205954, ""z_error_count"": 87459, ""z_error_rms"": 34449.92218773937, ""z_squared_error_sum"": 103796090957175.12}, {""bias"": -26021047387.69301, ""count"": 346467, ""high"": -0.25, ""low"": -1.0, ""mae"": 26021047387.693054, ""z_error_count"": 346467, ""z_error_rms"": 228127.36093940897, ""z_squared_error_sum"": 1.803086776931795e+16}, {""bias"": -142363756186.6275, ""count"": 375322, ""high"": 0.25, ""low"": -0.25, ""mae"": 142363756186.62762, ""z_error_count"": 375322, ""z_error_rms"": 533598.6384345029, ""z_squared_error_sum"": 1.0686449735941763e+17}, {""bias"": -524786662685.2436, ""count"": 370608, ""high"": 1.0, ""low"": 0.25, ""mae"": 524786662685.2438, ""z_error_count"": 370608, ""z_error_rms"": 1024486.8551809002, ""z_squared_error_sum"": 3.889802676586213e+17}, {""bias"": -1033805189239.9755, ""count"": 81006, ""high"": 2.0, ""low"": 1.0, ""mae"": 1033805189239.9755, ""z_error_count"": 81006, ""z_error_rms"": 1437918.7638810554, ""z_squared_error_sum"": 1.6748884575544816e+17}, {""bias"": -12164888007.113722, ""count"": 3379, ""high"": ""Infinity"", ""low"": 2.0, ""mae"": 12164888007.113722, ""z_error_count"": 3379, ""z_error_rms"": 155980.05107620987, ""z_squared_error_sum"": 82210314231697.45}]",13946420118877.246,13823736200323.514,12237214073260.195,6765843003297.167,5.719560577123986
raw/r6/P1/d400/n4_M6/raw/rep09.npz,r6,,P1,P1_ridge_lse_hjb,ridge_lse,400,4,6,raw,raw,1.0,9,4,float64,13921892909234.2,17811672396851.703,-5827374844188.012,5827374844188.012,11878097142609.836,458452697095117.94,12587841354596.072,16065762426567.33,1267200,1268400,14652000,5860800000,0,224.16630109981634,1.0,0.0,0.0,0,0,0,-273043536844.03964,273043536844.0398,2.029028472762851e+26,0.06586741747718122,1267200,"[{""bias"": -712398.6526740891, ""count"": 2864, ""high"": -2.0, ""low"": ""-Infinity"", ""mae"": 712398.6526740891, ""z_error_count"": 2864, ""z_error_rms"": 1193.647804976719, ""z_squared_error_sum"": 4080613115.780917}, {""bias"": -1570283783.4922707, ""count"": 87160, ""high"": -1.0, ""low"": -2.0, ""mae"": 1570283783.4922767, ""z_error_count"": 87160, ""z_error_rms"": 56040.76544290588, ""z_squared_error_sum"": 273731853836759.38}, {""bias"": -28095435364.453674, ""count"": 344762, ""high"": -0.25, ""low"": -1.0, ""mae"": 28095435364.45377, ""z_error_count"": 344762, ""z_error_rms"": 237046.1324753542, ""z_squared_error_sum"": 1.9372476351122176e+16}, {""bias"": -147801333663.7801, ""count"": 380783, ""high"": 0.25, ""low"": -0.25, ""mae"": 147801333663.7802, ""z_error_count"": 380783, ""z_error_rms"": 543693.5372141268, ""z_squared_error_sum"": 1.1256046859986122e+17}, {""bias"": -518287004945.48804, ""count"": 367125, ""high"": 1.0, ""low"": 0.25, ""mae"": 518287004945.48804, ""z_error_count"": 367125, ""z_error_rms"": 1018122.7831025864, ""z_squared_error_sum"": 3.8055223029061216e+17}, {""bias"": -1091625361689.5853, ""count"": 81421, ""high"": 2.0, ""low"": 1.0, ""mae"": 1091625361689.5853, ""z_error_count"": 81421, ""z_error_rms"": 1477582.7259405083, ""z_squared_error_sum"": 1.7776245622157152e+17}, {""bias"": -239897220594.25677, ""count"": 3085, ""high"": ""Infinity"", ""low"": 2.0, ""mae"": 239897220594.25677, ""z_error_count"": 3085, ""z_error_rms"": 692671.9545880024, ""z_squared_error_sum"": 1480165837135476.0}]",13946420118877.246,13823736200323.514,12237214073260.195,6765843003297.167,5.719560577123986
raw/r6/P1/d400/n4_M6/box/rep00.npz,r6,,P1,P1_ridge_lse_hjb,ridge_lse,400,4,6,box,box,1.0,0,4,float64,0.16418567684551877,0.2100591857223677,-0.009517090141375298,0.15231232778756648,0.1400824896234239,1.93775709089375,0.1521016382150808,0.19412611864249185,1267200,1268400,14652000,5860800000,0,229.77192440000363,1.0,1.0,394.22296425508864,0,0,0,-0.3667501995599216,1.723835882186188,4.018778158121155,-0.02774829298566831,1267200,"[{""bias"": -2.568232705783181, ""count"": 3002, ""high"": -2.0, ""low"": ""-Infinity"", ""mae"": 2.568232705783181, ""z_error_count"": 3002, ""z_error_rms"": 7.313082946366456, ""z_squared_error_sum"": 160550.5089056685}, {""bias"": -2.6585709389363554, ""count"": 86068, ""high"": -1.0, ""low"": -2.0, ""mae"": 2.6588603821663206, ""z_error_count"": 86068, ""z_error_rms"": 10.057294609009473, ""z_squared_error_sum"": 8705707.181197312}, {""bias"": -2.0717324918716304, ""count"": 346135, ""high"": -0.25, ""low"": -1.0, ""mae"": 2.101081267368699, ""z_error_count"": 346135, ""z_error_rms"": 14.550070062249619, ""z_squared_error_sum"": 73278350.54320514}, {""bias"": -0.675565731053621, ""count"": 377730, ""high"": 0.25, ""low"": -0.25, ""mae"": 1.1336866382130313, ""z_error_count"": 377730, ""z_error_rms"": 19.746316665593163, ""z_squared_error_sum"": 147283356.6663779}, {""bias"": 1.2850828306090007, ""count"": 368060, ""high"": 1.0, ""low"": 0.25, ""mae"": 1.4164324656705092, ""z_error_count"": 368060, ""z_error_rms"": 25.450683107587253, ""z_squared_error_sum"": 238406179.832799}, {""bias"": 3.1090844997396507, ""count"": 82587, ""high"": 2.0, ""low"": 1.0, ""mae"": 3.1090844997396507, ""z_error_count"": 82587, ""z_error_rms"": 30.655194054593316, ""z_squared_error_sum"": 77610383.56855346}, {""bias"": 3.9538105925169704, ""count"": 3618, ""high"": ""Infinity"", ""low"": 2.0, ""mae"": 3.9538105925169704, ""z_error_count"": 3618, ""z_error_rms"": 33.07446641590812, ""z_squared_error_sum"": 3957803.7492258684}]",0.16391662827767167,0.16405503271017513,0.1583776910269469,0.04231410280569866,5.719560577123986
raw/r6/P1/d400/n4_M6/box/rep01.npz,r6,,P1,P1_ridge_lse_hjb,ridge_lse,400,4,6,box,box,1.0,1,4,float64,0.16620894687084356,0.21264775777190212,-0.008180074946672288,0.15404915884525244,0.14180873461490764,1.9254172235350753,0.15591891765957538,0.19899808222572188,1267200,1268400,14652000,5860800000,0,229.55914489994757,1.0,1.0,392.6552902831422,0,0,0,-0.3752188044143013,1.7246303940775647,4.016638379331594,-0.02764520626206446,1267200,"[{""bias"": -2.590400467929437, ""count"": 2840, ""high"": -2.0, ""low"": ""-Infinity"", ""mae"": 2.590400467929437, ""z_error_count"": 2840, ""z_error_rms"": 7.4022260374893385, ""z_squared_error_sum"": 155611.97888064172}, {""bias"": -2.6557744841726225, ""count"": 85565, ""high"": -1.0, ""low"": -2.0, ""mae"": 2.6559887722021296, ""z_error_count"": 85565, ""z_error_rms"": 10.061978946460915, ""z_squared_error_sum"": 8662893.259597177}, {""bias"": -2.073700552894075, ""count"": 348256, ""high"": -0.25, ""low"": -1.0, ""mae"": 2.1020505533246596, ""z_error_count"": 348256, ""z_error_rms"": 14.540726041585668, ""z_squared_error_sum"": 73632711.18286076}, {""bias"": -0.685097896391997, ""count"": 378298, ""high"": 0.25, ""low"": -0.25, ""mae"": 1.1391095501985455, ""z_error_count"": 378298, ""z_error_rms"": 19.721740989866724, ""z_squared_error_sum"": 147137897.80595124}, {""bias"": 1.2899017357041829, ""count"": 367472, ""high"": 1.0, ""low"": 0.25, ""mae"": 1.4188639444213786, ""z_error_count"": 367472, ""z_error_rms"": 25.45074370100421, ""z_squared_error_sum"": 238026443.70838234}, {""bias"": 3.1083323526891142, ""count"": 81242, ""high"": 2.0, ""low"": 1.0, ""mae"": 3.1083323526891142, ""z_error_count"": 81242, ""z_error_rms"": 30.54980789121771, ""z_squared_error_sum"": 75822408.101865}, {""bias"": 3.9525739301022615, ""count"": 3527, ""high"": ""Infinity"", ""low"": 2.0, ""mae"": 3.9525739301022615, ""z_error_count"": 3527, ""z_error_rms"": 33.17477872137271, ""z_squared_error_sum"": 3881696.081708878}]",0.16391662827767167,0.16405503271017513,0.1583776910269469,0.04231410280569866,5.719560577123986
raw/r6/P1/d400/n4_M6/box/rep02.npz,r6,,P1,P1_ridge_lse_hjb,ridge_lse,400,4,6,box,box,1.0,2,4,float64,0.16554171661267317,0.21179410325456882,-0.01313695109215824,0.15241071620047505,0.1412394567247021,1.9393821797652655,0.15105005945799108,0.1927839969864972,1267200,1268400,14652000,5860800000,0,230.80153820011765,1.0,1.0,394.0238219074615,0,0,0,-0.36176241797212966,1.7204891466201029,4.006912738766507,-0.028335824900218895,1267200,"[{""bias"": -2.570341228678182, ""count"": 3199, ""high"": -2.0, ""low"": ""-Infinity"", ""mae"": 2.570349196707755, ""z_error_count"": 3199, ""z_error_rms"": 7.34183440090309, ""z_squared_error_sum"": 172434.2010525386}, {""bias"": -2.6594293796404114, ""count"": 85650, ""high"": -1.0, ""low"": -2.0, ""mae"": 2.6597083044751266, ""z_error_count"": 85650, ""z_error_rms"": 10.058446515661563, ""z_squared_error_sum"": 8665411.461316537}, {""bias"": -2.068857908173655, ""count"": 344161, ""high"": -0.25, ""low"": -1.0, ""mae"": 2.0976675126303697, ""z_error_count"": 344161, ""z_error_rms"": 14.533495783842982, ""z_squared_error_sum"": 72694546.71890126}, {""bias"": -0.6735382428014822, ""count"": 379645, ""high"": 0.25, ""low"": -0.25, ""mae"": 1.1311569435963906, ""z_error_count"": 379645, ""z_error_rms"": 19.749515421235312, ""z_squared_error_sum"": 148078011.16939467}, {""bias"": 1.2873373484547441, ""count"": 368297, ""high"": 1.0, ""low"": 0.25, ""mae"": 1.416311822714968, ""z_error_count"": 368297, ""z_error_rms"": 25.438044439685548, ""z_squared_error_sum"": 238322817.5580333}, {""bias"": 3.1077764977397444, ""count"": 82602, ""high"": 2.0, ""low"": 1.0, ""mae"": 3.1077764977397444, ""z_error_count"": 82602, ""z_error_rms"": 30.580208363680462, ""z_squared_error_sum"": 77245189.55684803}, {""bias"": 3.969255879222751, ""count"": 3646, ""high"": ""Infinity"", ""low"": 2.0, ""mae"": 3.969255879222751, ""z_error_count"": 3646, ""z_error_rms"": 33.0150643494674, ""z_squared_error_sum"": 3974119.8522020807}]",0.16391662827767167,0.16405503271017513,0.1583776910269469,0.04231410280569866,5.719560577123986
raw/r6/P1/d400/n4_M6/box/rep03.npz,r6,,P1,P1_ridge_lse_hjb,ridge_lse,400,4,6,box,box,1.0,3,4,float64,0.16422407493354096,0.21010831224337856,-0.008610509867392039,0.14987478397168735,0.14011525070143185,1.9296427764820163,0.1582746063207534,0.20200462904461916,1267200,1268400,14652000,5860800000,0,230.5579869998619,1.0,1.0,393.95829559175496,0,0,0,-0.36472171458857217,1.7214390850080727,4.008160788291326,-0.02737368566068495,1267200,"[{""bias"": -2.573203813937525, ""count"": 3258, ""high"": -2.0, ""low"": ""-Infinity"", ""mae"": 2.573203813937525, ""z_error_count"": 3258, ""z_error_rms"": 7.266151528918756, ""z_squared_error_sum"": 172012.48929825687}, {""bias"": -2.66596576503651, ""count"": 86316, ""high"": -1.0, ""low"": -2.0, ""mae"": 2.666197511173576, ""z_error_count"": 86316, ""z_error_rms"": 10.026054936335855, ""z_squared_error_sum"": 8676637.754149823}, {""bias"": -2.071921514764497, ""count"": 342141, ""high"": -0.25, ""low"": -1.0, ""mae"": 2.100669626069866, ""z_error_count"": 342141, ""z_error_rms"": 14.52867488538127, ""z_squared_error_sum"": 72219941.33993052}, {""bias"": -0.6774633677952624, ""count"": 381205, ""high"": 0.25, ""low"": -0.25, ""mae"": 1.136541257232329, ""z_error_count"": 381205, ""z_error_rms"": 19.72899540792379, ""z_squared_error_sum"": 148377664.8042997}, {""bias"": 1.2857334687171023, ""count"": 368576, ""high"": 1.0, ""low"": 0.25, ""mae"": 1.4144527158955624, ""z_error_count"": 368576, ""z_error_rms"": 25.46265489914683, ""z_squared_error_sum"": 238965068.13444048}, {""bias"": 3.115516918529808, ""count"": 82644, ""high"": 2.0, ""low"": 1.0, ""mae"": 3.115516918529808, ""z_error_count"": 82644, ""z_error_rms"": 30.582505982631194, ""z_squared_error_sum"": 77296079.66745159}, {""bias"": 3.952969018510708, ""count"": 3060, ""high"": ""Infinity"", ""low"": 2.0, ""mae"": 3.952969018510708, ""z_error_count"": 3060, ""z_error_rms"": 33.08360012478095, ""z_squared_error_sum"": 3349245.267482202}]",0.16391662827767167,0.16405503271017513,0.1583776910269469,0.04231410280569866,5.719560577123986
raw/r6/P1/d400/n4_M6/box/rep04.npz,r6,,P1,P1_ridge_lse_hjb,ridge_lse,400,4,6,box,box,1.0,4,4,float64,0.16219681509055264,0.2075146356203778,-0.010701358923333975,0.15034886732604863,0.13838560161525373,1.937409839252083,0.155742644655748,0.19877310638419887,1267200,1268400,14652000,5860800000,0,230.61726550012827,1.0,1.0,393.91098485654516,0,0,0,-0.3603369968060138,1.7223982134709308,4.01605560014488,-0.02708616564424674,1267200,"[{""bias"": -2.598041921138159, ""count"": 2352, ""high"": -2.0, ""low"": ""-Infinity"", ""mae"": 2.598041921138159, ""z_error_count"": 2352, ""z_error_rms"": 7.459416721005654, ""z_squared_error_sum"": 130872.0956670393}, {""bias"": -2.6685666793697362, ""count"": 86269, ""high"": -1.0, ""low"": -2.0, ""mae"": 2.6687706657484878, ""z_error_count"": 86269, ""z_error_rms"": 10.086891218321322, ""z_squared_error_sum"": 8777471.708448427}, {""bias"": -2.0721670366503724, ""count"": 342913, ""high"": -0.25, ""low"": -1.0, ""mae"": 2.101091134862036, ""z_error_count"": 342913, ""z_error_rms"": 14.530286600735655, ""z_squared_error_sum"": 72398957.20103785}, {""bias"": -0.6788073697996252, ""count"": 379247, ""high"": 0.25, ""low"": -0.25, ""mae"": 1.1338170875590503, ""z_error_count"": 379247, ""z_error_rms"": 19.707673720986843, ""z_squared_error_sum"": 147296653.84746253}, {""bias"": 1.288379798110459, ""count"": 370318, ""high"": 1.0, ""low"": 0.25, ""mae"": 1.4182067222463817, ""z_error_count"": 370318, ""z_error_rms"": 25.425612381101644, ""z_squared_error_sum"": 239396427.87424618}, {""bias"": 3.1119301915804765, ""count"": 82890, ""high"": 2.0, ""low"": 1.0, ""mae"": 3.1119301915804765, ""z_error_count"": 82890, ""z_error_rms"": 30.577221363454523, ""z_squared_error_sum"": 77499370.39241101}, {""bias"": 3.9416633649942834, ""count"": 3211, ""high"": ""Infinity"", ""low"": 2.0, ""mae"": 3.9416633649942834, ""z_error_count"": 3211, ""z_error_rms"": 33.076922102153524, ""z_squared_error_sum"": 3513099.7929394552}]",0.16391662827767167,0.16405503271017513,0.1583776910269469,0.04231410280569866,5.719560577123986
raw/r6/P1/d400/n4_M6/box/rep05.npz,r6,,P1,P1_ridge_lse_hjb,ridge_lse,400,4,6,box,box,1.0,5,4,float64,0.16392438857483152,0.20972489345988848,-0.010376328986026452,0.1507033539034758,0.13985955963238877,1.9147312440451423,0.16159756376014933,0.20624569335986312,1267200,1268400,14652000,5860800000,0,231.61783270002343,1.0,1.0,391.47050523205536,0,0,0,-0.3814763704237233,1.7186097603812949,3.9959434652739723,-0.028831501172464778,1267200,"[{""bias"": -2.580255496438359, ""count"": 3044, ""high"": -2.0, ""low"": ""-Infinity"", ""mae"": 2.580255496438359, ""z_error_count"": 3044, ""z_error_rms"": 7.29868637992983, ""z_squared_error_sum"": 162156.38482411284}, {""bias"": -2.661703779035411, ""count"": 86245, ""high"": -1.0, ""low"": -2.0, ""mae"": 2.66190476198806, ""z_error_count"": 86245, ""z_error_rms"": 10.062553315464713, ""z_squared_error_sum"": 8732735.68339552}, {""bias"": -2.073874050047777, ""count"": 346139, ""high"": -0.25, ""low"": -1.0, ""mae"": 2.101903788303637, ""z_error_count"": 346139, ""z_error_rms"": 14.536410948703404, ""z_squared_error_sum"": 73141677.8780906}, {""bias"": -0.6753459977812503, ""count"": 382773, ""high"": 0.25, ""low"": -0.25, ""mae"": 1.1368375292614707, ""z_error_count"": 382773, ""z_error_rms"": 19.7208444310027, ""z_squared_error_sum"": 148864900.085452}, {""bias"": 1.281261771762483, ""count"": 365405, ""high"": 1.0, ""low"": 0.25, ""mae"": 1.410793224499554, ""z_error_count"": 365405, ""z_error_rms"": 25.41723669002537, ""z_squared_error_sum"": 236064755.6972092}, {""bias"": 3.102889165254657, ""count"": 80238, ""high"": 2.0, ""low"": 1.0, ""mae"": 3.102889165254657, ""z_error_count"": 80238, ""z_error_rms"": 30.585201124830423, ""z_squared_error_sum"": 75059000.40533368}, {""bias"": 3.936206322634444, ""count"": 3356, ""high"": ""Infinity"", ""low"": 2.0, ""mae"": 3.936206322634444, ""z_error_count"": 3356, ""z_error_rms"": 33.3688100549743, ""z_squared_error_sum"": 3736830.4379315046}]",0.16391662827767167,0.16405503271017513,0.1583776910269469,0.04231410280569866,5.719560577123986
raw/r6/P1/d400/n4_M6/box/rep06.npz,r6,,P1,P1_ridge_lse_hjb,ridge_lse,400,4,6,box,box,1.0,6,4,float64,0.16806956147527874,0.2150282284454709,-0.008087718259079665,0.1527820304479741,0.14339620272434703,1.9312768498252324,0.1423699989780016,0.1817057044030885,1267200,1268400,14652000,5860800000,0,230.84677339997143,1.0,1.0,392.5634701714395,0,0,0,-0.3726829261514533,1.721620909805135,4.010820505053974,-0.029398618482793973,1267200,"[{""bias"": -2.569040345621675, ""count"": 2980, ""high"": -2.0, ""low"": ""-Infinity"", ""mae"": 2.569040345621675, ""z_error_count"": 2980, ""z_error_rms"": 7.346811638769254, ""z_squared_error_sum"": 160847.41094155502}, {""bias"": -2.6593319248645475, ""count"": 87331, ""high"": -1.0, ""low"": -2.0, ""mae"": 2.659571667458783, ""z_error_count"": 87331, ""z_error_rms"": 10.083831334547147, ""z_squared_error_sum"": 8880135.220973724}, {""bias"": -2.0730809421894953, ""count"": 345246, ""high"": -0.25, ""low"": -1.0, ""mae"": 2.1021356256232586, ""z_error_count"": 345246, ""z_error_rms"": 14.529336597044807, ""z_squared_error_sum"": 72881990.57182758}, {""bias"": -0.6687675336310905, ""count"": 379706, ""high"": 0.25, ""low"": -0.25, ""mae"": 1.1344810029990775, ""z_error_count"": 379706, ""z_error_rms"": 19.732958237235934, ""z_squared_error_sum"": 147853582.94675606}, {""bias"": 1.2836468861844195, ""count"": 367452, ""high"": 1.0, ""low"": 0.25, ""mae"": 1.4140151052234156, ""z_error_count"": 367452, ""z_error_rms"": 25.456991827002952, ""z_squared_error_sum"": 238130367.2786567}, {""bias"": 3.1090514593054093, ""count"": 81027, ""high"": 2.0, ""low"": 1.0, ""mae"": 3.1090514593054093, ""z_error_count"": 81027, ""z_error_rms"": 30.53406090536858, ""z_squared_error_sum"": 75543811.78482847}, {""bias"": 3.9607496870681773, ""count"": 3458, ""high"": ""Infinity"", ""low"": 2.0, ""mae"": 3.9607496870681773, ""z_error_count"": 3458, ""z_error_rms"": 32.92483660874877, ""z_squared_error_sum"": 3748627.145634873}]",0.16391662827767167,0.16405503271017513,0.1583776910269469,0.04231410280569866,5.719560577123986
raw/r6/P1/d400/n4_M6/box/rep07.npz,r6,,P1,P1_ridge_lse_hjb,ridge_lse,400,4,6,box,box,1.0,7,4,float64,0.1635201722679862,0.20920773904116582,-0.008290584429456804,0.15105221560052307,0.13951468407626733,1.9254107935797722,0.14771235677715533,0.18852411343615,1267200,1268400,14652000,5860800000,0,231.2593795999419,1.0,1.0,392.5641021492863,0,0,0,-0.37617885907957904,1.7188186928642843,4.000739192196175,-0.02869480701060348,1267200,"[{""bias"": -2.5706997408591055, ""count"": 2802, ""high"": -2.0, ""low"": ""-Infinity"", ""mae"": 2.5707412417631663, ""z_error_count"": 2802, ""z_error_rms"": 7.335300538729243, ""z_squared_error_sum"": 150766.1884497352}, {""bias"": -2.665432885300816, ""count"": 86384, ""high"": -1.0, ""low"": -2.0, ""mae"": 2.6656377438702417, ""z_error_count"": 86384, ""z_error_rms"": 10.05540600642915, ""z_squared_error_sum"": 8734389.032997688}, {""bias"": -2.0707435224568065, ""count"": 346259, ""high"": -0.25, ""low"": -1.0, ""mae"": 2.0997847186011884, ""z_error_count"": 346259, ""z_error_rms"": 14.54938513095256, ""z_squared_error_sum"": 73297700.57371047}, {""bias"": -0.6727885995023246, ""count"": 380774, ""high"": 0.25, ""low"": -0.25, ""mae"": 1.1330505544023064, ""z_error_count"": 380774, ""z_error_rms"": 19.730658232989576, ""z_squared_error_sum"": 148234889.56538862}, {""bias"": 1.2808773150443882, ""count"": 366941, ""high"": 1.0, ""low"": 0.25, ""mae"": 1.412113232399664, ""z_error_count"": 366941, ""z_error_rms"": 25.46156091717916, ""z_squared_error_sum"": 237884578.7785197}, {""bias"": 3.1066060842364696, ""count"": 80672, ""high"": 2.0, ""low"": 1.0, ""mae"": 3.1066060842364696, ""z_error_count"": 80672, ""z_error_rms"": 30.528190437493237, ""z_squared_error_sum"": 75183917.02748092}, {""bias"": 3.9582729970640487, ""count"": 3368, ""high"": ""Infinity"", ""low"": 2.0, ""mae"": 3.9582729970640487, ""z_error_count"": 3368, ""z_error_rms"": 33.262805991537434, ""z_squared_error_sum"": 3726403.2358664586}]",0.16391662827767167,0.16405503271017513,0.1583776910269469,0.04231410280569866,5.719560577123986
raw/r6/P1/d400/n4_M6/box/rep08.npz,r6,,P1,P1_ridge_lse_hjb,ridge_lse,400,4,6,box,box,1.0,8,4,float64,0.15935255176276542,0.20387568458582972,-0.011586567467935772,0.14800387034023518,0.13595888878770346,1.9272883412739692,0.15804503085841565,0.20171162369660203,1267200,1268400,14652000,5860800000,0,231.45302160014398,1.0,1.0,392.9514316644593,0,0,0,-0.37076780014951327,1.7246927115468522,4.0210225327457945,-0.027712522077039007,1267200,"[{""bias"": -2.568254922041006, ""count"": 2959, ""high"": -2.0, ""low"": ""-Infinity"", ""mae"": 2.568254922041006, ""z_error_count"": 2959, ""z_error_rms"": 7.276896074485778, ""z_squared_error_sum"": 156688.56756096604}, {""bias"": -2.664680833991625, ""count"": 87459, ""high"": -1.0, ""low"": -2.0, ""mae"": 2.6649388496243036, ""z_error_count"": 87459, ""z_error_rms"": 10.070059935784954, ""z_squared_error_sum"": 8868876.721759839}, {""bias"": -2.077171514421982, ""count"": 346467, ""high"": -0.25, ""low"": -1.0, ""mae"": 2.1061366620073527, ""z_error_count"": 346467, ""z_error_rms"": 14.504344356636652, ""z_squared_error_sum"": 72888343.39913636}, {""bias"": -0.6723547150169837, ""count"": 375322, ""high"": 0.25, ""low"": -0.25, ""mae"": 1.1322440801114433, ""z_error_count"": 375322, ""z_error_rms"": 19.727380750598897, ""z_squared_error_sum"": 146063894.32517433}, {""bias"": 1.2887439166795398, ""count"": 370608, ""high"": 1.0, ""low"": 0.25, ""mae"": 1.4165381276396247, ""z_error_count"": 370608, ""z_error_rms"": 25.463433168390686, ""z_squared_error_sum"": 240297197.57546902}, {""bias"": 3.109664500641086, ""count"": 81006, ""high"": 2.0, ""low"": 1.0, ""mae"": 3.109664500641086, ""z_error_count"": 81006, ""z_error_rms"": 30.572966506814073, ""z_squared_error_sum"": 75716817.00085494}, {""bias"": 3.940053995286038, ""count"": 3379, ""high"": ""Infinity"", ""low"": 2.0, ""mae"": 3.940053995286038, ""z_error_count"": 3379, ""z_error_rms"": 33.11002105590616, ""z_squared_error_sum"": 3704308.1373158945}]",0.16391662827767167,0.16405503271017513,0.1583776910269469,0.04231410280569866,5.719560577123986
raw/r6/P1/d400/n4_M6/box/rep09.npz,r6,,P1,P1_ridge_lse_hjb,ridge_lse,400,4,6,box,box,1.0,9,4,float64,0.16194237834272593,0.20718910919753022,-0.013188981185491881,0.1499523490155088,0.13816851731306581,1.9272796374911225,0.15194010191036453,0.1939199511335655,1267200,1268400,14652000,5860800000,0,231.33696330012754,1.0,1.0,392.1680051105195,0,0,0,-0.3703761967004976,1.7175905431910157,3.9933957405346256,-0.027654205872302322,1267200,"[{""bias"": -2.605938905808477, ""count"": 2864, ""high"": -2.0, ""low"": ""-Infinity"", ""mae"": 2.605938905808477, ""z_error_count"": 2864, ""z_error_rms"": 7.4089305042520195, ""z_squared_error_sum"": 157211.40748501854}, {""bias"": -2.66576247568428, ""count"": 87160, ""high"": -1.0, ""low"": -2.0, ""mae"": 2.665989978260859, ""z_error_count"": 87160, ""z_error_rms"": 10.044001028074314, ""z_squared_error_sum"": 8792871.341784649}, {""bias"": -2.0680127508232866, ""count"": 344762, ""high"": -0.25, ""low"": -1.0, ""mae"": 2.0967878801522795, ""z_error_count"": 344762, ""z_error_rms"": 14.553109533257926, ""z_squared_error_sum"": 73018177.26170923}, {""bias"": -0.6666350741002546, ""count"": 380783, ""high"": 0.25, ""low"": -0.25, ""mae"": 1.1276567806709914, ""z_error_count"": 380783, ""z_error_rms"": 19.723104364041895, ""z_squared_error_sum"": 148124909.04908365}, {""bias"": 1.2876823739156127, ""count"": 367125, ""high"": 1.0, ""low"": 0.25, ""mae"": 1.4160535291908984, ""z_error_count"": 367125, ""z_error_rms"": 25.413454498844953, ""z_squared_error_sum"": 237105357.18900028}, {""bias"": 3.099354670150081, ""count"": 81421, ""high"": 2.0, ""low"": 1.0, ""mae"": 3.099354670150081, ""z_error_count"": 81421, ""z_error_rms"": 30.573259725837953, ""z_squared_error_sum"": 76106179.92386809}, {""bias"": 3.952388086354262, ""count"": 3085, ""high"": ""Infinity"", ""low"": 2.0, ""mae"": 3.952388086354262, ""z_error_count"": 3085, ""z_error_rms"": 33.13893955028705, ""z_squared_error_sum"": 3387914.0352867325}]",0.16391662827767167,0.16405503271017513,0.1583776910269469,0.04231410280569866,5.719560577123986
raw/r6/P1/d400/n4_M6/segment/rep00.npz,r6,,P1,P1_ridge_lse_hjb,ridge_lse,400,4,6,segment,segment,1.0,0,4,float64,0.18204353543553478,0.23290653334875924,0.027429918321218157,0.14785806349201738,0.15531873518817071,7.486890512954096,0.18184524049579598,0.23208764313992306,1267200,1268400,14652000,5860800000,0,229.2404561000876,1.0,1.0,434.988517924407,0,0,0,0.6181942409716046,2.286158941253842,8.450335137004092,-0.028786263480385186,1267200,"[{""bias"": -0.17591643845833657, ""count"": 3002, ""high"": -2.0, ""low"": ""-Infinity"", ""mae"": 0.3123770842591066, ""z_error_count"": 3002, ""z_error_rms"": 6.945200930835099, ""z_squared_error_sum"": 144803.91954095752}, {""bias"": -0.17141284388793654, ""count"": 86068, ""high"": -1.0, ""low"": -2.0, ""mae"": 0.6580088117225292, ""z_error_count"": 86068, ""z_error_rms"": 9.429638384155176, ""z_squared_error_sum"": 7653001.31425401}, {""bias"": -0.02666587056011308, ""count"": 346135, ""high"": -0.25, ""low"": -1.0, ""mae"": 1.495520046232852, ""z_error_count"": 346135, ""z_error_rms"": 14.239793002924767, ""z_squared_error_sum"": 70186384.02922966}, {""bias"": 0.41632344619754913, ""count"": 377730, ""high"": 0.25, ""low"": -0.25, ""mae"": 2.4593460137368837, ""z_error_count"": 377730, ""z_error_rms"": 19.780785218283814, ""z_squared_error_sum"": 147797991.8807689}, {""bias"": 1.248202230358208, ""count"": 368060, ""high"": 1.0, ""low"": 0.25, ""mae"": 3.0603511203718408, ""z_error_count"": 368060, ""z_error_rms"": 25.742342722732378, ""z_squared_error_sum"": 243901660.95102867}, {""bias"": 2.1938490749010406, ""count"": 82587, ""high"": 2.0, ""low"": 1.0, ""mae"": 3.09396438363428, ""z_error_count"": 82587, ""z_error_rms"": 31.06196877376777, ""z_squared_error_sum"": 79683728.68211515}, {""bias"": 2.772916880830858, ""count"": 3618, ""high"": ""Infinity"", ""low"": 2.0, ""mae"": 3.016771988856224, ""z_error_count"": 3618, ""z_error_rms"": 33.29089266328795, ""z_squared_error_sum"": 4009769.8271645475}]",0.19491235671189483,0.19797766796796867,0.08841025370501855,0.17390349213423348,5.719560577123986
raw/r6/P1/d400/n4_M6/segment/rep01.npz,r6,,P1,P1_ridge_lse_hjb,ridge_lse,400,4,6,segment,segment,1.0,1,4,float64,0.19957493952240998,0.2553362150226592,0.048616317693069754,0.1601132472555294,0.17027645122203905,7.288558012338388,0.18329610914352837,0.23393937532735745,1267200,1268400,14652000,5860800000,0,229.21899620001204,1.0,1.0,433.2782075947931,0,0,0,0.6197076456244252,2.284910412098581,8.44536614530888,-0.02829713073020542,1267200,"[{""bias"": -0.18036068456436852, ""count"": 2840, ""high"": -2.0, ""low"": ""-Infinity"", ""mae"": 0.31926056261644226, ""z_error_count"": 2840, ""z_error_rms"": 6.997802719149224, ""z_squared_error_sum"": 139072.64982501566}, {""bias"": -0.16640725943741846, ""count"": 85565, ""high"": -1.0, ""low"": -2.0, ""mae"": 0.6583755749638694, ""z_error_count"": 85565, ""z_error_rms"": 9.423974552291835, ""z_squared_error_sum"": 7599138.573235415}, {""bias"": -0.027836342913063878, ""count"": 348256, ""high"": -0.25, ""low"": -1.0, ""mae"": 1.4986755438658264, ""z_error_count"": 348256, ""z_error_rms"": 14.23686934164183, ""z_squared_error_sum"": 70587468.37339607}, {""bias"": 0.409087645037781, ""count"": 378298, ""high"": 0.25, ""low"": -0.25, ""mae"": 2.4532787830791265, ""z_error_count"": 378298, ""z_error_rms"": 19.758579942891302, ""z_squared_error_sum"": 147688099.59538397}, {""bias"": 1.2650403601769569, ""count"": 367472, ""high"": 1.0, ""low"": 0.25, ""mae"": 3.061628345152527, ""z_error_count"": 367472, ""z_error_rms"": 25.74331257020964, ""z_squared_error_sum"": 243530361.10918283}, {""bias"": 2.2230104786105933, ""count"": 81242, ""high"": 2.0, ""low"": 1.0, ""mae"": 3.110809795194559, ""z_error_count"": 81242, ""z_error_rms"": 30.932731300346422, ""z_squared_error_sum"": 77735096.9171532}, {""bias"": 2.6971355231068563, ""count"": 3527, ""high"": ""Infinity"", ""low"": 2.0, ""mae"": 2.9525262899962605, ""z_error_count"": 3527, ""z_error_rms"": 33.37802017215366, ""z_squared_error_sum"": 3929403.2973709805}]",0.19491235671189483,0.19797766796796867,0.08841025370501855,0.17390349213423348,5.719560577123986
raw/r6/P1/d400/n4_M6/segment/rep02.npz,r6,,P1,P1_ridge_lse_hjb,ridge_lse,400,4,6,segment,segment,1.0,2,4,float64,0.1963803964135274,0.25124911597053995,0.03267349685934142,0.15673058407392174,0.16755088124237105,7.4752607828454805,0.15937065085405733,0.2034035020193385,1267200,1268400,14652000,5860800000,0,229.59386200015433,1.0,1.0,434.7685923341169,0,0,0,0.6272161357142981,2.288442216987695,8.453159222690697,-0.029327027838998248,1267200,"[{""bias"": -0.17246191907991293, ""count"": 3199, ""high"": -2.0, ""low"": ""-Infinity"", ""mae"": 0.31157112951725113, ""z_error_count"": 3199, ""z_error_rms"": 6.937379730222651, ""z_squared_error_sum"": 153959.03283065182}, {""bias"": -0.17466004941782684, ""count"": 85650, ""high"": -1.0, ""low"": -2.0, ""mae"": 0.6616688420978019, ""z_error_count"": 85650, ""z_error_rms"": 9.438876261106161, ""z_squared_error_sum"": 7630762.781457348}, {""bias"": -0.02147675113979129, ""count"": 344161, ""high"": -0.25, ""low"": -1.0, ""mae"": 1.4928943738170821, ""z_error_count"": 344161, ""z_error_rms"": 14.219380347040065, ""z_squared_error_sum"": 69586180.15927355}, {""bias"": 0.4194014929978098, ""count"": 379645, ""high"": 0.25, ""low"": -0.25, ""mae"": 2.457097852399212, ""z_error_count"": 379645, ""z_error_rms"": 19.78125760519342, ""z_squared_error_sum"": 148554387.08423132}, {""bias"": 1.2613428808337053, ""count"": 368297, ""high"": 1.0, ""low"": 0.25, ""mae"": 3.059980228241918, ""z_error_count"": 368297, ""z_error_rms"": 25.732705940548495, ""z_squared_error_sum"": 243876018.17841002}, {""bias"": 2.2255749326469725, ""count"": 82602, ""high"": 2.0, ""low"": 1.0, ""mae"": 3.119771779534323, ""z_error_count"": 82602, ""z_error_rms"": 30.97850562492335, ""z_squared_error_sum"": 79270480.50385298}, {""bias"": 2.770616253396752, ""count"": 3646, ""high"": ""Infinity"", ""low"": 2.0, ""mae"": 3.0014985141350627, ""z_error_count"": 3646, ""z_error_rms"": 33.220566311890494, ""z_squared_error_sum"": 4023747.571097574}]",0.19491235671189483,0.19797766796796867,0.08841025370501855,0.17390349213423348,5.719560577123986
raw/r6/P1/d400/n4_M6/segment/rep03.npz,r6,,P1,P1_ridge_lse_hjb,ridge_lse,400,4,6,segment,segment,1.0,3,4,float64,0.20138323494357052,0.2576497485233425,0.028237855912197504,0.16399831493465064,0.1718192808368851,7.418464733415597,0.20268564157461602,0.2586860823142817,1267200,1268400,14652000,5860800000,0,230.45175450015813,1.0,1.0,434.89897559778655,0,0,0,0.62214136875351,2.287072369894318,8.444486678427861,-0.028115352768084412,1267200,"[{""bias"": -0.1742027431731323, ""count"": 3258, ""high"": -2.0, ""low"": ""-Infinity"", ""mae"": 0.3074662072117181, ""z_error_count"": 3258, ""z_error_rms"": 6.9435435256709575, ""z_squared_error_sum"": 157077.2916254261}, {""bias"": -0.1734854096088842, ""count"": 86316, ""high"": -1.0, ""low"": -2.0, ""mae"": 0.6512529491235067, ""z_error_count"": 86316, ""z_error_rms"": 9.406788729637574, ""z_squared_error_sum"": 7637902.0865956135}, {""bias"": -0.023138151584092465, ""count"": 342141, ""high"": -0.25, ""low"": -1.0, ""mae"": 1.4915138014645168, ""z_error_count"": 342141, ""z_error_rms"": 14.221997830083726, ""z_squared_error_sum"": 69203225.41572726}, {""bias"": 0.4169949574019378, ""count"": 381205, ""high"": 0.25, ""low"": -0.25, ""mae"": 2.4580323282320116, ""z_error_count"": 381205, ""z_error_rms"": 19.77312678421699, ""z_squared_error_sum"": 149042213.00749713}, {""bias"": 1.2496226422936252, ""count"": 368576, ""high"": 1.0, ""low"": 0.25, ""mae"": 3.057515345539706, ""z_error_count"": 368576, ""z_error_rms"": 25.75547910817079, ""z_squared_error_sum"": 244492937.65519994}, {""bias"": 2.2249775526169757, ""count"": 82644, ""high"": 2.0, ""low"": 1.0, ""mae"": 3.1164690524504715, ""z_error_count"": 82644, ""z_error_rms"": 30.984200255701488, ""z_squared_error_sum"": 79339947.87837641}, {""bias"": 2.749558613641016, ""count"": 3060, ""high"": ""Infinity"", ""low"": 2.0, ""mae"": 2.9922715920023615, ""z_error_count"": 3060, ""z_error_rms"": 33.27847692670532, ""z_squared_error_sum"": 3388818.5012774514}]",0.19491235671189483,0.19797766796796867,0.08841025370501855,0.17390349213423348,5.719560577123986
raw/r6/P1/d400/n4_M6/segment/rep04.npz,r6,,P1,P1_ridge_lse_hjb,ridge_lse,400,4,6,segment,segment,1.0,4,4,float64,0.18715452723148848,0.23944553721023426,0.039169349882988695,0.15136577646975896,0.15967941066838165,7.212996738986634,0.18607272923217633,0.23748315360009245,1267200,1268400,14652000,5860800000,0,231.23576690000482,1.0,1.0,434.86065313292505,0,0,0,0.6302466364646039,2.290885593767972,8.467769671279422,-0.028124456761430213,1267200,"[{""bias"": -0.18494478397615746, ""count"": 2352, ""high"": -2.0, ""low"": ""-Infinity"", ""mae"": 0.3232261731049261, ""z_error_count"": 2352, ""z_error_rms"": 7.02062860044071, ""z_squared_error_sum"": 115928.25942340694}, {""bias"": -0.18313865653606884, ""count"": 86269, ""high"": -1.0, ""low"": -2.0, ""mae"": 0.666651698370803, ""z_error_count"": 86269, ""z_error_rms"": 9.471415368304648, ""z_squared_error_sum"": 7738994.354532582}, {""bias"": -0.01988308649771826, ""count"": 342913, ""high"": -0.25, ""low"": -1.0, ""mae"": 1.4910761680870748, ""z_error_count"": 342913, ""z_error_rms"": 14.22376686443599, ""z_squared_error_sum"": 69376630.07583095}, {""bias"": 0.42324248025498995, ""count"": 379247, ""high"": 0.25, ""low"": -0.25, ""mae"": 2.4569952851001133, ""z_error_count"": 379247, ""z_error_rms"": 19.741856353457553, ""z_squared_error_sum"": 147808064.17472267}, {""bias"": 1.2645526614703013, ""count"": 370318, ""high"": 1.0, ""low"": 0.25, ""mae"": 3.062331673477932, ""z_error_count"": 370318, ""z_error_rms"": 25.724515940937916, ""z_squared_error_sum"": 245058203.2754463}, {""bias"": 2.22220879245065, ""count"": 82890, ""high"": 2.0, ""low"": 1.0, ""mae"": 3.1134255442857035, ""z_error_count"": 82890, ""z_error_rms"": 30.98155168364396, ""z_squared_error_sum"": 79562508.99236317}, {""bias"": 2.7100421223611546, ""count"": 3211, ""high"": ""Infinity"", ""low"": 2.0, ""mae"": 2.962548787428191, ""z_error_count"": 3211, ""z_error_rms"": 33.29583516792619, ""z_squared_error_sum"": 3559755.185529901}]",0.19491235671189483,0.19797766796796867,0.08841025370501855,0.17390349213423348,5.719560577123986
raw/r6/P1/d400/n4_M6/segment/rep05.npz,r6,,P1,P1_ridge_lse_hjb,ridge_lse,400,4,6,segment,segment,1.0,5,4,float64,0.20435415807472038,0.26145074813404706,0.03294498710364984,0.1648263360992709,0.17435405924561845,7.299598114160509,0.20882009517301117,0.2665154369551895,1267200,1268400,14652000,5860800000,0,231.55476420000196,1.0,1.0,432.0194753949386,0,0,0,0.6192681383629771,2.2800489644145507,8.40130056561534,-0.029367917199986035,1267200,"[{""bias"": -0.17708005424757398, ""count"": 3044, ""high"": -2.0, ""low"": ""-Infinity"", ""mae"": 0.3107802280061327, ""z_error_count"": 3044, ""z_error_rms"": 6.968654293000598, ""z_squared_error_sum"": 147823.16224290262}, {""bias"": -0.17045888486801508, ""count"": 86245, ""high"": -1.0, ""low"": -2.0, ""mae"": 0.6569270132051698, ""z_error_count"": 86245, ""z_error_rms"": 9.430525607779897, ""z_squared_error_sum"": 7670182.967796898}, {""bias"": -0.023985497563686748, ""count"": 346139, ""high"": -0.25, ""low"": -1.0, ""mae"": 1.4904461484275557, ""z_error_count"": 346139, ""z_error_rms"": 14.225505287386529, ""z_squared_error_sum"": 70046418.97088061}, {""bias"": 0.4251722432653775, ""count"": 382773, ""high"": 0.25, ""low"": -0.25, ""mae"": 2.457720393811723, ""z_error_count"": 382773, ""z_error_rms"": 19.757986218827593, ""z_squared_error_sum"": 149426165.62874582}, {""bias"": 1.259647480311544, ""count"": 365405, ""high"": 1.0, ""low"": 0.25, ""mae"": 3.0567577207101158, ""z_error_count"": 365405, ""z_error_rms"": 25.708979851633224, ""z_squared_error_sum"": 241515035.8454941}, {""bias"": 2.1993436100694654, ""count"": 80238, ""high"": 2.0, ""low"": 1.0, ""mae"": 3.095903850068743, ""z_error_count"": 80238, ""z_error_rms"": 30.98045343387416, ""z_squared_error_sum"": 77011509.2592781}, {""bias"": 2.616890371251947, ""count"": 3356, ""high"": ""Infinity"", ""low"": 2.0, ""mae"": 2.8787624282583537, ""z_error_count"": 3356, ""z_error_rms"": 33.5850983240371, ""z_squared_error_sum"": 3785429.831584663}]",0.19491235671189483,0.19797766796796867,0.08841025370501855,0.17390349213423348,5.719560577123986
raw/r6/P1/d400/n4_M6/segment/rep06.npz,r6,,P1,P1_ridge_lse_hjb,ridge_lse,400,4,6,segment,segment,1.0,6,4,float64,0.2034863942596836,0.26034053094648163,0.046435289846971435,0.16256749534290196,0.17361368701613436,7.418977949078038,0.16192262603468796,0.2066605677715644,1267200,1268400,14652000,5860800000,0,231.40975820017047,1.0,1.0,433.30293908436096,0,0,0,0.6236936627120416,2.2845744234025016,8.43687405554094,-0.029914113813510758,1267200,"[{""bias"": -0.16601543716984346, ""count"": 2980, ""high"": -2.0, ""low"": ""-Infinity"", ""mae"": 0.30174099335312216, ""z_error_count"": 2980, ""z_error_rms"": 6.915307126419545, ""z_squared_error_sum"": 142507.9885050727}, {""bias"": -0.1702579569896391, ""count"": 87331, ""high"": -1.0, ""low"": -2.0, ""mae"": 0.6600583245599803, ""z_error_count"": 87331, ""z_error_rms"": 9.449612678879035, ""z_squared_error_sum"": 7798237.345439788}, {""bias"": -0.025463429930830603, ""count"": 345246, ""high"": -0.25, ""low"": -1.0, ""mae"": 1.4931515080236557, ""z_error_count"": 345246, ""z_error_rms"": 14.224542497131656, ""z_squared_error_sum"": 69856250.24405922}, {""bias"": 0.4308372396085452, ""count"": 379706, ""high"": 0.25, ""low"": -0.25, ""mae"": 2.457804231214324, ""z_error_count"": 379706, ""z_error_rms"": 19.77402311073272, ""z_squared_error_sum"": 148469598.6687856}, {""bias"": 1.252923152792746, ""count"": 367452, ""high"": 1.0, ""low"": 0.25, ""mae"": 3.0608873579569624, ""z_error_count"": 367452, ""z_error_rms"": 25.74752965798968, ""z_squared_error_sum"": 243596895.7886214}, {""bias"": 2.2312009362794396, ""count"": 81027, ""high"": 2.0, ""low"": 1.0, ""mae"": 3.1156264777769933, ""z_error_count"": 81027, ""z_error_rms"": 30.943349277592613, ""z_squared_error_sum"": 77582612.27906431}, {""bias"": 2.814100305526374, ""count"": 3458, ""high"": ""Infinity"", ""low"": 2.0, ""mae"": 3.0489648946989134, ""z_error_count"": 3458, ""z_error_rms"": 33.11532756560089, ""z_squared_error_sum"": 3792128.9725890257}]",0.19491235671189483,0.19797766796796867,0.08841025370501855,0.17390349213423348,5.719560577123986
raw/r6/P1/d400/n4_M6/segment/rep07.npz,r6,,P1,P1_ridge_lse_hjb,ridge_lse,400,4,6,segment,segment,1.0,7,4,float64,0.20270062440521217,0.25933521684742805,0.039715982494360674,0.16282175273786723,0.17294327166931356,7.3219496886091315,0.19768738027418467,0.2523068409228007,1267200,1268400,14652000,5860800000,0,230.81538290018216,1.0,1.0,433.1344709193978,0,0,0,0.6185711792700329,2.2853156608480885,8.434862389888833,-0.029672456191895256,1267200,"[{""bias"": -0.17674444000891712, ""count"": 2802, ""high"": -2.0, ""low"": ""-Infinity"", ""mae"": 0.3145051400935306, ""z_error_count"": 2802, ""z_error_rms"": 6.952392897348237, ""z_squared_error_sum"": 135436.8191314732}, {""bias"": -0.17677004802156943, ""count"": 86384, ""high"": -1.0, ""low"": -2.0, ""mae"": 0.6577212736609874, ""z_error_count"": 86384, ""z_error_rms"": 9.427066613084481, ""z_squared_error_sum"": 7676910.224379933}, {""bias"": -0.025804968967756647, ""count"": 346259, ""high"": -0.25, ""low"": -1.0, ""mae"": 1.4953722781076826, ""z_error_count"": 346259, ""z_error_rms"": 14.240441827111159, ""z_squared_error_sum"": 70217926.12475131}, {""bias"": 0.4274771788274051, ""count"": 380774, ""high"": 0.25, ""low"": -0.25, ""mae"": 2.458739702910648, ""z_error_count"": 380774, ""z_error_rms"": 19.770239070064235, ""z_squared_error_sum"": 148830221.55838278}, {""bias"": 1.244677812263351, ""count"": 366941, ""high"": 1.0, ""low"": 0.25, ""mae"": 3.058104279855795, ""z_error_count"": 366941, ""z_error_rms"": 25.747993250554355, ""z_squared_error_sum"": 243266895.81979808}, {""bias"": 2.2305833483803843, ""count"": 80672, ""high"": 2.0, ""low"": 1.0, ""mae"": 3.1253926020497853, ""z_error_count"": 80672, ""z_error_rms"": 30.91994586630488, ""z_squared_error_sum"": 77125905.12121408}, {""bias"": 2.7057026689124792, ""count"": 3368, ""high"": ""Infinity"", ""low"": 2.0, ""mae"": 2.9597362505085725, ""z_error_count"": 3368, ""z_error_rms"": 33.47662189206212, ""z_squared_error_sum"": 3774464.430408185}]",0.19491235671189483,0.19797766796796867,0.08841025370501855,0.17390349213423348,5.719560577123986
raw/r6/P1/d400/n4_M6/segment/rep08.npz,r6,,P1,P1_ridge_lse_hjb,ridge_lse,400,4,6,segment,segment,1.0,8,4,float64,0.1841809611854159,0.2356411562536823,0.034337683824367075,0.14941279619322279,0.15714237733638492,7.2932548394033265,0.20211939135156437,0.2579633816302429,1267200,1268400,14652000,5860800000,0,231.51868449989706,1.0,1.0,433.48080306789416,0,0,0,0.6235159244836361,2.2816648956588064,8.421405992550218,-0.02853240373406166,1267200,"[{""bias"": -0.16410331988551535, ""count"": 2959, ""high"": -2.0, ""low"": ""-Infinity"", ""mae"": 0.30045026507198247, ""z_error_count"": 2959, ""z_error_rms"": 6.881270806917499, ""z_squared_error_sum"": 140114.2363497615}, {""bias"": -0.17588002872297184, ""count"": 87459, ""high"": -1.0, ""low"": -2.0, ""mae"": 0.6583572290905102, ""z_error_count"": 87459, ""z_error_rms"": 9.439029483935116, ""z_squared_error_sum"": 7792183.883495645}, {""bias"": -0.02670057139212401, ""count"": 346467, ""high"": -0.25, ""low"": -1.0, ""mae"": 1.4893969773893962, ""z_error_count"": 346467, ""z_error_rms"": 14.19212743843971, ""z_squared_error_sum"": 69784164.0019379}, {""bias"": 0.4280491509951445, ""count"": 375322, ""high"": 0.25, ""low"": -0.25, ""mae"": 2.4530840725734855, ""z_error_count"": 375322, ""z_error_rms"": 19.76361775424766, ""z_squared_error_sum"": 146600993.41493404}, {""bias"": 1.2564746285199686, ""count"": 370608, ""high"": 1.0, ""low"": 0.25, ""mae"": 3.0601011957582274, ""z_error_count"": 370608, ""z_error_rms"": 25.750772212046435, ""z_squared_error_sum"": 245751005.90104622}, {""bias"": 2.2224855664419394, ""count"": 81006, ""high"": 2.0, ""low"": 1.0, ""mae"": 3.1146638918820555, ""z_error_count"": 81006, ""z_error_rms"": 30.96014084108601, ""z_squared_error_sum"": 77646707.17481583}, {""bias"": 2.630257815412446, ""count"": 3379, ""high"": ""Infinity"", ""low"": 2.0, ""mae"": 2.8794579788416765, ""z_error_count"": 3379, ""z_error_rms"": 33.29603815482398, ""z_squared_error_sum"": 3746047.7838525227}]",0.19491235671189483,0.19797766796796867,0.08841025370501855,0.17390349213423348,5.719560577123986
raw/r6/P1/d400/n4_M6/segment/rep09.npz,r6,,P1,P1_ridge_lse_hjb,ridge_lse,400,4,6,segment,segment,1.0,9,4,float64,0.1878647956473853,0.2403542547546275,0.019266664855884255,0.15584768701117566,0.16028540852344014,7.419958870490085,0.1700863365165192,0.21707984693355434,1267200,1268400,14652000,5860800000,0,231.08660000003874,1.0,1.0,432.8047645586282,0,0,0,0.6254836000998528,2.2855631607391866,8.43295287796365,-0.028647271422412586,1267200,"[{""bias"": -0.17522198039698106, ""count"": 2864, ""high"": -2.0, ""low"": ""-Infinity"", ""mae"": 0.3097963816577464, ""z_error_count"": 2864, ""z_error_rms"": 7.001277846216746, ""z_squared_error_sum"": 140387.24119850635}, {""bias"": -0.17770971470286023, ""count"": 87160, ""high"": -1.0, ""low"": -2.0, ""mae"": 0.6603271589272773, ""z_error_count"": 87160, ""z_error_rms"": 9.434835044007007, ""z_squared_error_sum"": 7758644.348732395}, {""bias"": -0.022488806532155913, ""count"": 344762, ""high"": -0.25, ""low"": -1.0, ""mae"": 1.496128576963749, ""z_error_count"": 344762, ""z_error_rms"": 14.248819126152314, ""z_squared_error_sum"": 69996631.17351781}, {""bias"": 0.4328201395681167, ""count"": 380783, ""high"": 0.25, ""low"": -0.25, ""mae"": 2.4600986774915565, ""z_error_count"": 380783, ""z_error_rms"": 19.759602852848502, ""z_squared_error_sum"": 148673639.874412}, {""bias"": 1.2635378756138942, ""count"": 367125, ""high"": 1.0, ""low"": 0.25, ""mae"": 3.0597489833991065, ""z_error_count"": 367125, ""z_error_rms"": 25.703099669934403, ""z_squared_error_sum"": 242540886.24640796}, {""bias"": 2.202396985131235, ""count"": 81421, ""high"": 2.0, ""low"": 1.0, ""mae"": 3.1051464274293425, ""z_error_count"": 81421, ""z_error_rms"": 30.96341303472424, ""z_squared_error_sum"": 78060995.25805892}, {""bias"": 2.706275440273543, ""count"": 3085, ""high"": ""Infinity"", ""low"": 2.0, ""mae"": 2.9555129072819746, ""z_error_count"": 3085, ""z_error_rms"": 33.37058595138395, ""z_squared_error_sum"": 3435443.680788901}]",0.19491235671189483,0.19797766796796867,0.08841025370501855,0.17390349213423348,5.719560577123986
raw/r6/P1/d400/n4_M6/oracle_state/rep00.npz,r6,,P1,P1_ridge_lse_hjb,ridge_lse,400,4,6,oracle_state,oracle_state,1.0,0,4,float64,0.02960832558104846,0.03788089729659961,-4.083089128740667e-05,0.025937880496614444,0.02526169176667362,1.6494114096100836,0.027602125323742916,0.03522837438348231,1267200,1268400,14652000,5860800000,0,226.82349140010774,0.0,0.0,0.0,0,0,0,0.0,0.0,0.0,-0.0291976043782263,1267200,"[{""bias"": 0.0, ""count"": 3002, ""high"": -2.0, ""low"": ""-Infinity"", ""mae"": 0.0, ""z_error_count"": 3002, ""z_error_rms"": 6.919693251181103, ""z_squared_error_sum"": 143742.2283807048}, {""bias"": 0.0, ""count"": 86068, ""high"": -1.0, ""low"": -2.0, ""mae"": 0.0, ""z_error_count"": 86068, ""z_error_rms"": 9.294189188545099, ""z_squared_error_sum"": 7434721.902614028}, {""bias"": 0.0, ""count"": 346135, ""high"": -0.25, ""low"": -1.0, ""mae"": 0.0, ""z_error_count"": 346135, ""z_error_rms"": 14.057750076808022, ""z_squared_error_sum"": 68403315.42433557}, {""bias"": 0.0, ""count"": 377730, ""high"": 0.25, ""low"": -0.25, ""mae"": 0.0, ""z_error_count"": 377730, ""z_error_rms"": 19.74422533698263, ""z_squared_error_sum"": 147252160.81433016}, {""bias"": 0.0, ""count"": 368060, ""high"": 1.0, ""low"": 0.25, ""mae"": 0.0, ""z_error_count"": 368060, ""z_error_rms"": 25.945763304320366, ""z_squared_error_sum"": 247771600.06533137}, {""bias"": 0.0, ""count"": 82587, ""high"": 2.0, ""low"": 1.0, ""mae"": 0.0, ""z_error_count"": 82587, ""z_error_rms"": 31.469145602018113, ""z_squared_error_sum"": 81786494.52585195}, {""bias"": 0.0, ""count"": 3618, ""high"": ""Infinity"", ""low"": 2.0, ""mae"": 0.0, ""z_error_count"": 3618, ""z_error_rms"": 33.56885613082493, ""z_squared_error_sum"": 4077008.7927900585}]",0.02865895483881652,0.028501218262295267,0.008508046855339513,0.027375544670639945,5.719560577123986
raw/r6/P1/d400/n4_M6/oracle_state/rep01.npz,r6,,P1,P1_ridge_lse_hjb,ridge_lse,400,4,6,oracle_state,oracle_state,1.0,1,4,float64,0.028217274095260175,0.036101185765017536,0.003045210762216368,0.02471685084688282,0.024074852822696006,1.6507530425112684,0.029763262307568365,0.03798661643431105,1267200,1268400,14652000,5860800000,0,226.9632834000513,0.0,0.0,0.0,0,0,0,0.0,0.0,0.0,-0.02879830511902705,1267200,"[{""bias"": 0.0, ""count"": 2840, ""high"": -2.0, ""low"": ""-Infinity"", ""mae"": 0.0, ""z_error_count"": 2840, ""z_error_rms"": 6.95790809821637, ""z_squared_error_sum"": 137491.45769315885}, {""bias"": 0.0, ""count"": 85565, ""high"": -1.0, ""low"": -2.0, ""mae"": 0.0, ""z_error_count"": 85565, ""z_error_rms"": 9.288288603698911, ""z_squared_error_sum"": 7381889.793206126}, {""bias"": 0.0, ""count"": 348256, ""high"": -0.25, ""low"": -1.0, ""mae"": 0.0, ""z_error_count"": 348256, ""z_error_rms"": 14.04878882805756, ""z_squared_error_sum"": 68734753.02999257}, {""bias"": 0.0, ""count"": 378298, ""high"": 0.25, ""low"": -0.25, ""mae"": 0.0, ""z_error_count"": 378298, ""z_error_rms"": 19.7175795752177, ""z_squared_error_sum"": 147075810.26470888}, {""bias"": 0.0, ""count"": 367472, ""high"": 1.0, ""low"": 0.25, ""mae"": 0.0, ""z_error_count"": 367472, ""z_error_rms"": 25.95329869052828, ""z_squared_error_sum"": 247519479.43405622}, {""bias"": 0.0, ""count"": 81242, ""high"": 2.0, ""low"": 1.0, ""mae"": 0.0, ""z_error_count"": 81242, ""z_error_rms"": 31.327176402394926, ""z_squared_error_sum"": 79730247.34857424}, {""bias"": 0.0, ""count"": 3527, ""high"": ""Infinity"", ""low"": 2.0, ""mae"": 0.0, ""z_error_count"": 3527, ""z_error_rms"": 33.61642616550154, ""z_squared_error_sum"": 3985736.109411954}]",0.02865895483881652,0.028501218262295267,0.008508046855339513,0.027375544670639945,5.719560577123986
raw/r6/P1/d400/n4_M6/oracle_state/rep02.npz,r6,,P1,P1_ridge_lse_hjb,ridge_lse,400,4,6,oracle_state,oracle_state,1.0,2,4,float64,0.02989089797721708,0.03824242047320805,-0.0002749266746275626,0.025825640927136424,0.02550278127895429,1.6492057750955238,0.028199533465746083,0.03599084167320673,1267200,1268400,14652000,5860800000,0,226.37433620006777,0.0,0.0,0.0,0,0,0,0.0,0.0,0.0,-0.02979337261558084,1267200,"[{""bias"": 0.0, ""count"": 3199, ""high"": -2.0, ""low"": ""-Infinity"", ""mae"": 0.0, ""z_error_count"": 3199, ""z_error_rms"": 6.9076185888868125, ""z_squared_error_sum"": 152640.9074279413}, {""bias"": 0.0, ""count"": 85650, ""high"": -1.0, ""low"": -2.0, ""mae"": 0.0, ""z_error_count"": 85650, ""z_error_rms"": 9.29929248187694, ""z_squared_error_sum"": 7406741.402828172}, {""bias"": 0.0, ""count"": 344161, ""high"": -0.25, ""low"": -1.0, ""mae"": 0.0, ""z_error_count"": 344161, ""z_error_rms"": 14.040166463861585, ""z_squared_error_sum"": 67843175.70070018}, {""bias"": 0.0, ""count"": 379645, ""high"": 0.25, ""low"": -0.25, ""mae"": 0.0, ""z_error_count"": 379645, ""z_error_rms"": 19.7434612067685, ""z_squared_error_sum"": 147987238.4483554}, {""bias"": 0.0, ""count"": 368297, ""high"": 1.0, ""low"": 0.25, ""mae"": 0.0, ""z_error_count"": 368297, ""z_error_rms"": 25.937551991955665, ""z_squared_error_sum"": 247774238.738619}, {""bias"": 0.0, ""count"": 82602, ""high"": 2.0, ""low"": 1.0, ""mae"": 0.0, ""z_error_count"": 82602, ""z_error_rms"": 31.382981379828962, ""z_squared_error_sum"": 81354009.35872127}, {""bias"": 0.0, ""count"": 3646, ""high"": ""Infinity"", ""low"": 2.0, ""mae"": 0.0, ""z_error_count"": 3646, ""z_error_rms"": 33.479594105079194, ""z_squared_error_sum"": 4086740.225373351}]",0.02865895483881652,0.028501218262295267,0.008508046855339513,0.027375544670639945,5.719560577123986
raw/r6/P1/d400/n4_M6/oracle_state/rep03.npz,r6,,P1,P1_ridge_lse_hjb,ridge_lse,400,4,6,oracle_state,oracle_state,1.0,3,4,float64,0.028263643544977478,0.036160510847674875,-3.5519743323022346e-05,0.024989797801741688,0.024114415031066837,1.6491333826124965,0.026110740422475312,0.03332493162190139,1267200,1268400,14652000,5860800000,0,226.42217309982516,0.0,0.0,0.0,0,0,0,0.0,0.0,0.0,-0.02873772185123515,1267200,"[{""bias"": 0.0, ""count"": 3258, ""high"": -2.0, ""low"": ""-Infinity"", ""mae"": 0.0, ""z_error_count"": 3258, ""z_error_rms"": 6.923992291103949, ""z_squared_error_sum"": 156193.95840759558}, {""bias"": 0.0, ""count"": 86316, ""high"": -1.0, ""low"": -2.0, ""mae"": 0.0, ""z_error_count"": 86316, ""z_error_rms"": 9.27750270571707, ""z_squared_error_sum"": 7429395.624934181}, {""bias"": 0.0, ""count"": 342141, ""high"": -0.25, ""low"": -1.0, ""mae"": 0.0, ""z_error_count"": 342141, ""z_error_rms"": 14.04313082907972, ""z_squared_error_sum"": 67473463.5738771}, {""bias"": 0.0, ""count"": 381205, ""high"": 0.25, ""low"": -0.25, ""mae"": 0.0, ""z_error_count"": 381205, ""z_error_rms"": 19.72881602037149, ""z_squared_error_sum"": 148374966.54373997}, {""bias"": 0.0, ""count"": 368576, ""high"": 1.0, ""low"": 0.25, ""mae"": 0.0, ""z_error_count"": 368576, ""z_error_rms"": 25.954608457559196, ""z_squared_error_sum"": 248288163.28746152}, {""bias"": 0.0, ""count"": 82644, ""high"": 2.0, ""low"": 1.0, ""mae"": 0.0, ""z_error_count"": 82644, ""z_error_rms"": 31.387527636507745, ""z_squared_error_sum"": 81418958.99075744}, {""bias"": 0.0, ""count"": 3060, ""high"": ""Infinity"", ""low"": 2.0, ""mae"": 0.0, ""z_error_count"": 3060, ""z_error_rms"": 33.53759213164772, ""z_squared_error_sum"": 3441796.463125602}]",0.02865895483881652,0.028501218262295267,0.008508046855339513,0.027375544670639945,5.719560577123986
raw/r6/P1/d400/n4_M6/oracle_state/rep04.npz,r6,,P1,P1_ridge_lse_hjb,ridge_lse,400,4,6,oracle_state,oracle_state,1.0,4,4,float64,0.027787709634387377,0.035551600913282216,-0.0013630839640189458,0.02453777133351134,0.023708350334239455,1.6480987090108203,0.029376155806844637,0.03749255546712731,1267200,1268400,14652000,5860800000,0,226.42301170015708,0.0,0.0,0.0,0,0,0,0.0,0.0,0.0,-0.028322768531616874,1267200,"[{""bias"": 0.0, ""count"": 2352, ""high"": -2.0, ""low"": ""-Infinity"", ""mae"": 0.0, ""z_error_count"": 2352, ""z_error_rms"": 6.988437248820122, ""z_squared_error_sum"": 114867.5761849983}, {""bias"": 0.0, ""count"": 86269, ""high"": -1.0, ""low"": -2.0, ""mae"": 0.0, ""z_error_count"": 86269, ""z_error_rms"": 9.332831854395998, ""z_squared_error_sum"": 7514180.9071924975}, {""bias"": 0.0, ""count"": 342913, ""high"": -0.25, ""low"": -1.0, ""mae"": 0.0, ""z_error_count"": 342913, ""z_error_rms"": 14.04508406294642, ""z_squared_error_sum"": 67644522.51137325}, {""bias"": 0.0, ""count"": 379247, ""high"": 0.25, ""low"": -0.25, ""mae"": 0.0, ""z_error_count"": 379247, ""z_error_rms"": 19.69751373593425, ""z_squared_error_sum"": 147144819.99170592}, {""bias"": 0.0, ""count"": 370318, ""high"": 1.0, ""low"": 0.25, ""mae"": 0.0, ""z_error_count"": 370318, ""z_error_rms"": 25.930426651658067, ""z_squared_error_sum"": 248997018.81907222}, {""bias"": 0.0, ""count"": 82890, ""high"": 2.0, ""low"": 1.0, ""mae"": 0.0, ""z_error_count"": 82890, ""z_error_rms"": 31.390417061339654, ""z_squared_error_sum"": 81676348.1014807}, {""bias"": 0.0, ""count"": 3211, ""high"": ""Infinity"", ""low"": 2.0, ""mae"": 0.0, ""z_error_count"": 3211, ""z_error_rms"": 33.599451471963434, ""z_squared_error_sum"": 3624972.200025227}]",0.02865895483881652,0.028501218262295267,0.008508046855339513,0.027375544670639945,5.719560577123986
raw/r6/P1/d400/n4_M6/oracle_state/rep05.npz,r6,,P1,P1_ridge_lse_hjb,ridge_lse,400,4,6,oracle_state,oracle_state,1.0,5,4,float64,0.029259340051924577,0.037434405145243266,-0.0014390463751677786,0.025725167202709988,0.02496393886458449,1.6474012770360107,0.03133744986876042,0.039995739576281296,1267200,1268400,14652000,5860800000,0,226.24374910001643,0.0,0.0,0.0,0,0,0,0.0,0.0,0.0,-0.02933449914478417,1267200,"[{""bias"": 0.0, ""count"": 3044, ""high"": -2.0, ""low"": ""-Infinity"", ""mae"": 0.0, ""z_error_count"": 3044, ""z_error_rms"": 6.948862630782481, ""z_squared_error_sum"": 146984.690026361}, {""bias"": 0.0, ""count"": 86245, ""high"": -1.0, ""low"": -2.0, ""mae"": 0.0, ""z_error_count"": 86245, ""z_error_rms"": 9.296701112956688, ""z_squared_error_sum"": 7454039.055831906}, {""bias"": 0.0, ""count"": 346139, ""high"": -0.25, ""low"": -1.0, ""mae"": 0.0, ""z_error_count"": 346139, ""z_error_rms"": 14.046561042231064, ""z_squared_error_sum"": 68295258.99805942}, {""bias"": 0.0, ""count"": 382773, ""high"": 0.25, ""low"": -0.25, ""mae"": 0.0, ""z_error_count"": 382773, ""z_error_rms"": 19.720369028995616, ""z_squared_error_sum"": 148857722.9263285}, {""bias"": 0.0, ""count"": 365405, ""high"": 1.0, ""low"": 0.25, ""mae"": 0.0, ""z_error_count"": 365405, ""z_error_rms"": 25.911806438037193, ""z_squared_error_sum"": 245340850.99575892}, {""bias"": 0.0, ""count"": 80238, ""high"": 2.0, ""low"": 1.0, ""mae"": 0.0, ""z_error_count"": 80238, ""z_error_rms"": 31.391394977551972, ""z_squared_error_sum"": 79068104.17444955}, {""bias"": 0.0, ""count"": 3356, ""high"": ""Infinity"", ""low"": 2.0, ""mae"": 0.0, ""z_error_count"": 3356, ""z_error_rms"": 33.86378214924738, ""z_squared_error_sum"": 3848512.2683118554}]",0.02865895483881652,0.028501218262295267,0.008508046855339513,0.027375544670639945,5.719560577123986
raw/r6/P1/d400/n4_M6/oracle_state/rep06.npz,r6,,P1,P1_ridge_lse_hjb,ridge_lse,400,4,6,oracle_state,oracle_state,1.0,6,4,float64,0.02874106722798824,0.03677132679718169,0.002507997963593091,0.025611988350429125,0.024521750795100973,1.6565350117164424,0.031177452319640923,0.039791535968960776,1267200,1268400,14652000,5860800000,0,226.3113196999766,0.0,0.0,0.0,0,0,0,0.0,0.0,0.0,-0.03067783295800733,1267200,"[{""bias"": 0.0, ""count"": 2980, ""high"": -2.0, ""low"": ""-Infinity"", ""mae"": 0.0, ""z_error_count"": 2980, ""z_error_rms"": 6.88896471137049, ""z_squared_error_sum"": 141424.34768763353}, {""bias"": 0.0, ""count"": 87331, ""high"": -1.0, ""low"": -2.0, ""mae"": 0.0, ""z_error_count"": 87331, ""z_error_rms"": 9.307998131463036, ""z_squared_error_sum"": 7566255.594203056}, {""bias"": 0.0, ""count"": 345246, ""high"": -0.25, ""low"": -1.0, ""mae"": 0.0, ""z_error_count"": 345246, ""z_error_rms"": 14.042425498951799, ""z_squared_error_sum"": 68078959.96291386}, {""bias"": 0.0, ""count"": 379706, ""high"": 0.25, ""low"": -0.25, ""mae"": 0.0, ""z_error_count"": 379706, ""z_error_rms"": 19.73222846865748, ""z_squared_error_sum"": 147842647.24187297}, {""bias"": 0.0, ""count"": 367452, ""high"": 1.0, ""low"": 0.25, ""mae"": 0.0, ""z_error_count"": 367452, ""z_error_rms"": 25.953864929348917, ""z_squared_error_sum"": 247516808.05427223}, {""bias"": 0.0, ""count"": 81027, ""high"": 2.0, ""low"": 1.0, ""mae"": 0.0, ""z_error_count"": 81027, ""z_error_rms"": 31.360784882704852, ""z_squared_error_sum"": 79689959.57357082}, {""bias"": 0.0, ""count"": 3458, ""high"": ""Infinity"", ""low"": 2.0, ""mae"": 0.0, ""z_error_count"": 3458, ""z_error_rms"": 33.352272451904376, ""z_squared_error_sum"": 3846589.5607075547}]",0.02865895483881652,0.028501218262295267,0.008508046855339513,0.027375544670639945,5.719560577123986
raw/r6/P1/d400/n4_M6/oracle_state/rep07.npz,r6,,P1,P1_ridge_lse_hjb,ridge_lse,400,4,6,oracle_state,oracle_state,1.0,7,4,float64,0.02788307489153403,0.035673611241145826,0.00126692429770253,0.023742282338125954,0.023789715547705984,1.6494006570012263,0.02715743733225834,0.03466082261476462,1267200,1268400,14652000,5860800000,0,227.29872530000284,0.0,0.0,0.0,0,0,0,0.0,0.0,0.0,-0.030067350736051927,1267200,"[{""bias"": 0.0, ""count"": 2802, ""high"": -2.0, ""low"": ""-Infinity"", ""mae"": 0.0, ""z_error_count"": 2802, ""z_error_rms"": 6.919732608679878, ""z_squared_error_sum"": 134167.3236505086}, {""bias"": 0.0, ""count"": 86384, ""high"": -1.0, ""low"": -2.0, ""mae"": 0.0, ""z_error_count"": 86384, ""z_error_rms"": 9.293000681578429, ""z_squared_error_sum"": 7460110.290312716}, {""bias"": 0.0, ""count"": 346259, ""high"": -0.25, ""low"": -1.0, ""mae"": 0.0, ""z_error_count"": 346259, ""z_error_rms"": 14.060793139900523, ""z_squared_error_sum"": 68457448.51724775}, {""bias"": 0.0, ""count"": 380774, ""high"": 0.25, ""low"": -0.25, ""mae"": 0.0, ""z_error_count"": 380774, ""z_error_rms"": 19.72901808295866, ""z_squared_error_sum"": 148210245.95232642}, {""bias"": 0.0, ""count"": 366941, ""high"": 1.0, ""low"": 0.25, ""mae"": 0.0, ""z_error_count"": 366941, ""z_error_rms"": 25.953816045908166, ""z_squared_error_sum"": 247171665.78208297}, {""bias"": 0.0, ""count"": 80672, ""high"": 2.0, ""low"": 1.0, ""mae"": 0.0, ""z_error_count"": 80672, ""z_error_rms"": 31.327335050482418, ""z_squared_error_sum"": 79171655.80037214}, {""bias"": 0.0, ""count"": 3368, ""high"": ""Infinity"", ""low"": 2.0, ""mae"": 0.0, ""z_error_count"": 3368, ""z_error_rms"": 33.72101026474404, ""z_squared_error_sum"": 3829774.804070108}]",0.02865895483881652,0.028501218262295267,0.008508046855339513,0.027375544670639945,5.719560577123986
raw/r6/P1/d400/n4_M6/oracle_state/rep08.npz,r6,,P1,P1_ridge_lse_hjb,ridge_lse,400,4,6,oracle_state,oracle_state,1.0,8,4,float64,0.028199422404214712,0.0360783463081488,-0.0016841393871703085,0.02518250310194746,0.024059621839252858,1.6490127657623999,0.03161272834791633,0.040347075323426754,1267200,1268400,14652000,5860800000,0,226.59276130003855,0.0,0.0,0.0,0,0,0,0.0,0.0,0.0,-0.029061351681514795,1267200,"[{""bias"": 0.0, ""count"": 2959, ""high"": -2.0, ""low"": ""-Infinity"", ""mae"": 0.0, ""z_error_count"": 2959, ""z_error_rms"": 6.862779670895741, ""z_squared_error_sum"": 139362.22689651794}, {""bias"": 0.0, ""count"": 87459, ""high"": -1.0, ""low"": -2.0, ""mae"": 0.0, ""z_error_count"": 87459, ""z_error_rms"": 9.307057123944308, ""z_squared_error_sum"": 7575813.353177074}, {""bias"": 0.0, ""count"": 346467, ""high"": -0.25, ""low"": -1.0, ""mae"": 0.0, ""z_error_count"": 346467, ""z_error_rms"": 14.014480375733678, ""z_squared_error_sum"": 68048079.87314548}, {""bias"": 0.0, ""count"": 375322, ""high"": 0.25, ""low"": -0.25, ""mae"": 0.0, ""z_error_count"": 375322, ""z_error_rms"": 19.72226304445788, ""z_squared_error_sum"": 145988119.93443537}, {""bias"": 0.0, ""count"": 370608, ""high"": 1.0, ""low"": 0.25, ""mae"": 0.0, ""z_error_count"": 370608, ""z_error_rms"": 25.958081163964927, ""z_squared_error_sum"": 249723815.51699728}, {""bias"": 0.0, ""count"": 81006, ""high"": 2.0, ""low"": 1.0, ""mae"": 0.0, ""z_error_count"": 81006, ""z_error_rms"": 31.36806178742749, ""z_squared_error_sum"": 79706283.05609116}, {""bias"": 0.0, ""count"": 3379, ""high"": ""Infinity"", ""low"": 2.0, ""mae"": 0.0, ""z_error_count"": 3379, ""z_error_rms"": 33.55474062841823, ""z_squared_error_sum"": 3804485.7703859834}]",0.02865895483881652,0.028501218262295267,0.008508046855339513,0.027375544670639945,5.719560577123986
raw/r6/P1/d400/n4_M6/oracle_state/rep09.npz,r6,,P1,P1_ridge_lse_hjb,ridge_lse,400,4,6,oracle_state,oracle_state,1.0,9,4,float64,0.028738792979613056,0.036768417123384314,0.0002442067082322814,0.024855639977786594,0.024519810416497076,1.6499879888211704,0.028873511951645087,0.03685103508763338,1267200,1268400,14652000,5860800000,0,227.53816200001165,0.0,0.0,0.0,0,0,0,0.0,0.0,0.0,-0.02912420592620036,1267200,"[{""bias"": 0.0, ""count"": 2864, ""high"": -2.0, ""low"": ""-Infinity"", ""mae"": 0.0, ""z_error_count"": 2864, ""z_error_rms"": 6.971579368003408, ""z_squared_error_sum"": 139198.75968483798}, {""bias"": 0.0, ""count"": 87160, ""high"": -1.0, ""low"": -2.0, ""mae"": 0.0, ""z_error_count"": 87160, ""z_error_rms"": 9.300854363045225, ""z_squared_error_sum"": 7539853.536485446}, {""bias"": 0.0, ""count"": 344762, ""high"": -0.25, ""low"": -1.0, ""mae"": 0.0, ""z_error_count"": 344762, ""z_error_rms"": 14.058112453307903, ""z_squared_error_sum"": 68135495.31857005}, {""bias"": 0.0, ""count"": 380783, ""high"": 0.25, ""low"": -0.25, ""mae"": 0.0, ""z_error_count"": 380783, ""z_error_rms"": 19.720655627753953, ""z_squared_error_sum"": 148088130.22193438}, {""bias"": 0.0, ""count"": 367125, ""high"": 1.0, ""low"": 0.25, ""mae"": 0.0, ""z_error_count"": 367125, ""z_error_rms"": 25.90464954886566, ""z_squared_error_sum"": 246359550.0061145}, {""bias"": 0.0, ""count"": 81421, ""high"": 2.0, ""low"": 1.0, ""mae"": 0.0, ""z_error_count"": 81421, ""z_error_rms"": 31.360522611845106, ""z_squared_error_sum"": 80076118.73887536}, {""bias"": 0.0, ""count"": 3085, ""high"": ""Infinity"", ""low"": 2.0, ""mae"": 0.0, ""z_error_count"": 3085, ""z_error_rms"": 33.685593338244786, ""z_squared_error_sum"": 3500608.7275255206}]",0.02865895483881652,0.028501218262295267,0.008508046855339513,0.027375544670639945,5.719560577123986
raw/r6/P1/d400/n4_M6/centre/rep00.npz,r6,,P1,P1_ridge_lse_hjb,ridge_lse,400,4,6,centre,centre,0.0,0,4,float64,0.24850899386435177,0.3179424533173301,0.13689172357759874,0.21885157691809362,0.21202676885806987,1.0882316579970948,0.24087000450122673,0.3074204829082935,1267200,1268400,14652000,5860800000,0,228.4780194000341,1.0,1.0,421.56126479719626,0,0,0,0.8230840342353101,1.9112533930394928,5.501865225976683,-0.02867962534247582,1267200,"[{""bias"": -2.6800138892109984, ""count"": 3002, ""high"": -2.0, ""low"": ""-Infinity"", ""mae"": 2.6800138892109984, ""z_error_count"": 3002, ""z_error_rms"": 7.310706697301541, ""z_squared_error_sum"": 160446.19010673676}, {""bias"": -2.299610639947556, ""count"": 86068, ""high"": -1.0, ""low"": -2.0, ""mae"": 2.299610639947556, ""z_error_count"": 86068, ""z_error_rms"": 9.860554331739298, ""z_squared_error_sum"": 8368437.404867291}, {""bias"": -1.181554407438597, ""count"": 346135, ""high"": -0.25, ""low"": -1.0, ""mae"": 1.2841816066232612, ""z_error_count"": 346135, ""z_error_rms"": 14.226425199152565, ""z_squared_error_sum"": 70054668.99417362}, {""bias"": 0.5860395597143475, ""count"": 377730, ""high"": 0.25, ""low"": -0.25, ""mae"": 0.886556054937184, ""z_error_count"": 377730, ""z_error_rms"": 19.40797376478895, ""z_squared_error_sum"": 142279349.70716345}, {""bias"": 2.782650440665426, ""count"": 368060, ""high"": 1.0, ""low"": 0.25, ""mae"": 2.782650440665426, ""z_error_count"": 368060, ""z_error_rms"": 25.13657517062329, ""z_squared_error_sum"": 232557758.20616797}, {""bias"": 4.746545076967758, ""count"": 82587, ""high"": 2.0, ""low"": 1.0, ""mae"": 4.746545076967758, ""z_error_count"": 82587, ""z_error_rms"": 30.39108130776997, ""z_squared_error_sum"": 76278825.15268335}, {""bias"": 5.640616612052613, ""count"": 3618, ""high"": ""Infinity"", ""low"": 2.0, ""mae"": 5.640616612052613, ""z_error_count"": 3618, ""z_error_rms"": 32.950984825409286, ""z_squared_error_sum"": 3928306.4566890295}]",0.24818257287670345,0.24773031389799535,0.24717826663206618,0.02235376520213319,5.719560577123986
raw/r6/P1/d400/n4_M6/centre/rep01.npz,r6,,P1,P1_ridge_lse_hjb,ridge_lse,400,4,6,centre,centre,0.0,1,4,float64,0.2508848207278231,0.3209820866516537,0.1393998151170853,0.2203561908829554,0.21405381377662522,1.0884272687197467,0.24060089874859444,0.3070770253632209,1267200,1268400,14652000,5860800000,0,228.62773649999872,1.0,1.0,419.98088245020426,0,0,0,0.8130066529605354,1.9058418152861225,5.471194489398885,-0.028232054442506545,1267200,"[{""bias"": -2.678061557594866, ""count"": 2840, ""high"": -2.0, ""low"": ""-Infinity"", ""mae"": 2.678061557594866, ""z_error_count"": 2840, ""z_error_rms"": 7.391398470023976, ""z_squared_error_sum"": 155157.07061319068}, {""bias"": -2.2963730625777274, ""count"": 85565, ""high"": -1.0, ""low"": -2.0, ""mae"": 2.2963730625777274, ""z_error_count"": 85565, ""z_error_rms"": 9.86387878191249, ""z_squared_error_sum"": 8325141.1921751}, {""bias"": -1.1844167669943682, ""count"": 348256, ""high"": -0.25, ""low"": -1.0, ""mae"": 1.2848054427163444, ""z_error_count"": 348256, ""z_error_rms"": 14.217647136688049, ""z_squared_error_sum"": 70396986.77744056}, {""bias"": 0.5757046715310765, ""count"": 378298, ""high"": 0.25, ""low"": -0.25, ""mae"": 0.8842697603972788, ""z_error_count"": 378298, ""z_error_rms"": 19.385206013068288, ""z_squared_error_sum"": 142159172.4911458}, {""bias"": 2.7866765919657017, ""count"": 367472, ""high"": 1.0, ""low"": 0.25, ""mae"": 2.7866765919657017, ""z_error_count"": 367472, ""z_error_rms"": 25.13474075848679, ""z_squared_error_sum"": 232152344.28074995}, {""bias"": 4.740411092165106, ""count"": 81242, ""high"": 2.0, ""low"": 1.0, ""mae"": 4.740411092165106, ""z_error_count"": 81242, ""z_error_rms"": 30.2996999357395, ""z_squared_error_sum"": 74585990.49138343}, {""bias"": 5.637399426609799, ""count"": 3527, ""high"": ""Infinity"", ""low"": 2.0, ""mae"": 5.637399426609799, ""z_error_count"": 3527, ""z_error_rms"": 33.06184310271224, ""z_squared_error_sum"": 3855312.4503916684}]",0.24818257287670345,0.24773031389799535,0.24717826663206618,0.02235376520213319,5.719560577123986
raw/r6/P1/d400/n4_M6/centre/rep02.npz,r6,,P1,P1_ridge_lse_hjb,ridge_lse,400,4,6,centre,centre,0.0,2,4,float64,0.24768948918965003,0.31689397888295245,0.1366702208031686,0.2177479811977515,0.2113275711125914,1.0881982961539558,0.23819866593906677,0.3040110746156699,1267200,1268400,14652000,5860800000,0,227.6309392999392,1.0,1.0,421.3250164990141,0,0,0,0.8279694484672316,1.9115047766682918,5.504773436590595,-0.029056716997358047,1267200,"[{""bias"": -2.677993171426614, ""count"": 3199, ""high"": -2.0, ""low"": ""-Infinity"", ""mae"": 2.677993171426614, ""z_error_count"": 3199, ""z_error_rms"": 7.332182534021487, ""z_squared_error_sum"": 171981.12137835904}, {""bias"": -2.2993111243444515, ""count"": 85650, ""high"": -1.0, ""low"": -2.0, ""mae"": 2.2993111243444515, ""z_error_count"": 85650, ""z_error_rms"": 9.861656600960055, ""z_squared_error_sum"": 8329657.003891935}, {""bias"": -1.1821593711642358, ""count"": 344161, ""high"": -0.25, ""low"": -1.0, ""mae"": 1.2841461451784013, ""z_error_count"": 344161, ""z_error_rms"": 14.209422357145085, ""z_squared_error_sum"": 69488750.33804423}, {""bias"": 0.588489313180424, ""count"": 379645, ""high"": 0.25, ""low"": -0.25, ""mae"": 0.8867785022264844, ""z_error_count"": 379645, ""z_error_rms"": 19.4101799240549, ""z_squared_error_sum"": 143033184.12492698}, {""bias"": 2.7851471235721648, ""count"": 368297, ""high"": 1.0, ""low"": 0.25, ""mae"": 2.7851471235721648, ""z_error_count"": 368297, ""z_error_rms"": 25.121310133298543, ""z_squared_error_sum"": 232424952.821495}, {""bias"": 4.742960468820966, ""count"": 82602, ""high"": 2.0, ""low"": 1.0, ""mae"": 4.742960468820966, ""z_error_count"": 82602, ""z_error_rms"": 30.32058658610442, ""z_squared_error_sum"": 75939155.07438445}, {""bias"": 5.650729093318061, ""count"": 3646, ""high"": ""Infinity"", ""low"": 2.0, ""mae"": 5.650729093318061, ""z_error_count"": 3646, ""z_error_rms"": 32.89982513815417, ""z_squared_error_sum"": 3946424.909565608}]",0.24818257287670345,0.24773031389799535,0.24717826663206618,0.02235376520213319,5.719560577123986
raw/r6/P1/d400/n4_M6/centre/rep03.npz,r6,,P1,P1_ridge_lse_hjb,ridge_lse,400,4,6,centre,centre,0.0,3,4,float64,0.24777113860634067,0.31699844116196646,0.13663857902986945,0.2172950483978692,0.2113972340319524,1.0897381210325479,0.23944628707012033,0.3056034036040356,1267200,1268400,14652000,5860800000,0,227.4639510998968,1.0,1.0,421.288768575219,0,0,0,0.824449374151045,1.9112075895461649,5.4956264592439465,-0.028002030714584666,1267200,"[{""bias"": -2.678610646559969, ""count"": 3258, ""high"": -2.0, ""low"": ""-Infinity"", ""mae"": 2.678610646559969, ""z_error_count"": 3258, ""z_error_rms"": 7.2587971159022215, ""z_squared_error_sum"": 171664.46168650748}, {""bias"": -2.3048010090435835, ""count"": 86316, ""high"": -1.0, ""low"": -2.0, ""mae"": 2.3048010090435835, ""z_error_count"": 86316, ""z_error_rms"": 9.832874160216727, ""z_squared_error_sum"": 8345498.21645978}, {""bias"": -1.1846462280454853, ""count"": 342141, ""high"": -0.25, ""low"": -1.0, ""mae"": 1.2865003324615354, ""z_error_count"": 342141, ""z_error_rms"": 14.209570030274161, ""z_squared_error_sum"": 69082332.68742362}, {""bias"": 0.5831086151164997, ""count"": 381205, ""high"": 0.25, ""low"": -0.25, ""mae"": 0.8882547187197218, ""z_error_count"": 381205, ""z_error_rms"": 19.38698188914915, ""z_squared_error_sum"": 143277830.72813302}, {""bias"": 2.783175392038376, ""count"": 368576, ""high"": 1.0, ""low"": 0.25, ""mae"": 2.783175392038376, ""z_error_count"": 368576, ""z_error_rms"": 25.148174582763144, ""z_squared_error_sum"": 233098772.0974802}, {""bias"": 4.74763223144889, ""count"": 82644, ""high"": 2.0, ""low"": 1.0, ""mae"": 4.74763223144889, ""z_error_count"": 82644, ""z_error_rms"": 30.32151318495381, ""z_squared_error_sum"": 75982411.1098924}, {""bias"": 5.642979856120984, ""count"": 3060, ""high"": ""Infinity"", ""low"": 2.0, ""mae"": 5.642979856120984, ""z_error_count"": 3060, ""z_error_rms"": 32.970467644087684, ""z_squared_error_sum"": 3326378.3142096885}]",0.24818257287670345,0.24773031389799535,0.24717826663206618,0.02235376520213319,5.719560577123986
raw/r6/P1/d400/n4_M6/centre/rep04.npz,r6,,P1,P1_ridge_lse_hjb,ridge_lse,400,4,6,centre,centre,0.0,4,4,float64,0.2469265334204663,0.31591785312889104,0.13624306217367027,0.21712571226162672,0.21067662064192172,1.089108763151233,0.23764371327051143,0.3033027929111389,1267200,1268400,14652000,5860800000,0,223.33512860001065,1.0,1.0,421.2039002323746,0,0,0,0.8301396251189898,1.913483433135814,5.510094666328672,-0.027837826281814068,1267200,"[{""bias"": -2.676191058318956, ""count"": 2352, ""high"": -2.0, ""low"": ""-Infinity"", ""mae"": 2.676191058318956, ""z_error_count"": 2352, ""z_error_rms"": 7.4582103534794975, ""z_squared_error_sum"": 130829.76874371311}, {""bias"": -2.299812116757253, ""count"": 86269, ""high"": -1.0, ""low"": -2.0, ""mae"": 2.299812116757253, ""z_error_count"": 86269, ""z_error_rms"": 9.890591610868096, ""z_squared_error_sum"": 8439161.610364886}, {""bias"": -1.1846115168347555, ""count"": 342913, ""high"": -0.25, ""low"": -1.0, ""mae"": 1.2884619027842574, ""z_error_count"": 342913, ""z_error_rms"": 14.210814716393049, ""z_squared_error_sum"": 69250339.02077644}, {""bias"": 0.5806806060228541, ""count"": 379247, ""high"": 0.25, ""low"": -0.25, ""mae"": 0.8848899003289624, ""z_error_count"": 379247, ""z_error_rms"": 19.368734971281867, ""z_squared_error_sum"": 142273713.50287375}, {""bias"": 2.78469633061354, ""count"": 370318, ""high"": 1.0, ""low"": 0.25, ""mae"": 2.78469633061354, ""z_error_count"": 370318, ""z_error_rms"": 25.10722869630176, ""z_squared_error_sum"": 233438443.73174056}, {""bias"": 4.7454536598250225, ""count"": 82890, ""high"": 2.0, ""low"": 1.0, ""mae"": 4.7454536598250225, ""z_error_count"": 82890, ""z_error_rms"": 30.31337076616216, ""z_squared_error_sum"": 76167658.06897286}, {""bias"": 5.628560410291741, ""count"": 3211, ""high"": ""Infinity"", ""low"": 2.0, ""mae"": 5.628560410291741, ""z_error_count"": 3211, ""z_error_rms"": 32.94840953539868, ""z_squared_error_sum"": 3485854.1855195584}]",0.24818257287670345,0.24773031389799535,0.24717826663206618,0.02235376520213319,5.719560577123986
raw/r6/P1/d400/n4_M6/centre/rep05.npz,r6,,P1,P1_ridge_lse_hjb,ridge_lse,400,4,6,centre,centre,0.0,5,4,float64,0.24608148237035496,0.31483669465702724,0.1359484507271877,0.21663269751583814,0.209955626842506,1.0880154286004446,0.2420703253888684,0.30895244296985375,1267200,1268400,14652000,5860800000,0,222.2893189000897,1.0,1.0,418.6901012923588,0,0,0,0.8057855207442396,1.8979549317204154,5.428816003291144,-0.029599897732090912,1267200,"[{""bias"": -2.6790510505944467, ""count"": 3044, ""high"": -2.0, ""low"": ""-Infinity"", ""mae"": 2.6790510505944467, ""z_error_count"": 3044, ""z_error_rms"": 7.311806002970126, ""z_squared_error_sum"": 162739.87138431298}, {""bias"": -2.2981436637437462, ""count"": 86245, ""high"": -1.0, ""low"": -2.0, ""mae"": 2.2981436637437462, ""z_error_count"": 86245, ""z_error_rms"": 9.866524403168098, ""z_squared_error_sum"": 8395804.461085385}, {""bias"": -1.1843445369025598, ""count"": 346139, ""high"": -0.25, ""low"": -1.0, ""mae"": 1.2855062472782743, ""z_error_count"": 346139, ""z_error_rms"": 14.21596522624594, ""z_squared_error_sum"": 69952499.91034311}, {""bias"": 0.5848227403886654, ""count"": 382773, ""high"": 0.25, ""low"": -0.25, ""mae"": 0.8888372180249227, ""z_error_count"": 382773, ""z_error_rms"": 19.37843579136375, ""z_squared_error_sum"": 143740361.43812847}, {""bias"": 2.7761448913152327, ""count"": 365405, ""high"": 1.0, ""low"": 0.25, ""mae"": 2.7761448913152327, ""z_error_count"": 365405, ""z_error_rms"": 25.103084177531848, ""z_squared_error_sum"": 230265381.615117}, {""bias"": 4.738876794973726, ""count"": 80238, ""high"": 2.0, ""low"": 1.0, ""mae"": 4.738876794973726, ""z_error_count"": 80238, ""z_error_rms"": 30.322691469228374, ""z_squared_error_sum"": 73776082.25211047}, {""bias"": 5.62815915693338, ""count"": 3356, ""high"": ""Infinity"", ""low"": 2.0, ""mae"": 5.62815915693338, ""z_error_count"": 3356, ""z_error_rms"": 33.24557060172821, ""z_squared_error_sum"": 3709279.2893133652}]",0.24818257287670345,0.24773031389799535,0.24717826663206618,0.02235376520213319,5.719560577123986
raw/r6/P1/d400/n4_M6/centre/rep06.npz,r6,,P1,P1_ridge_lse_hjb,ridge_lse,400,4,6,centre,centre,0.0,6,4,float64,0.25060186622953834,0.32062007461352626,0.1395573241533466,0.21948932368972632,0.21381239825651766,1.0899906355458817,0.23266636335244012,0.2969502405516804,1267200,1268400,14652000,5860800000,0,202.4236488000024,1.0,1.0,419.7926127090425,0,0,0,0.8149993220511554,1.908124757839368,5.47573541359609,-0.030150191632601638,1267200,"[{""bias"": -2.6778316186058206, ""count"": 2980, ""high"": -2.0, ""low"": ""-Infinity"", ""mae"": 2.6778316186058206, ""z_error_count"": 2980, ""z_error_rms"": 7.3395498173025535, ""z_squared_error_sum"": 160529.59473158454}, {""bias"": -2.2963411096887847, ""count"": 87331, ""high"": -1.0, ""low"": -2.0, ""mae"": 2.2963411096887847, ""z_error_count"": 87331, ""z_error_rms"": 9.88396316168544, ""z_squared_error_sum"": 8531603.609890964}, {""bias"": -1.185621375733156, ""count"": 345246, ""high"": -0.25, ""low"": -1.0, ""mae"": 1.2876776594426893, ""z_error_count"": 345246, ""z_error_rms"": 14.209675913668868, ""z_squared_error_sum"": 69710307.96500249}, {""bias"": 0.5927739531654767, ""count"": 379706, ""high"": 0.25, ""low"": -0.25, ""mae"": 0.8937134858174467, ""z_error_count"": 379706, ""z_error_rms"": 19.386846053996578, ""z_squared_error_sum"": 142712424.12894094}, {""bias"": 2.780727718371177, ""count"": 367452, ""high"": 1.0, ""low"": 0.25, ""mae"": 2.780727718371177, ""z_error_count"": 367452, ""z_error_rms"": 25.14469488196636, ""z_squared_error_sum"": 232323614.38721663}, {""bias"": 4.742067579058825, ""count"": 81027, ""high"": 2.0, ""low"": 1.0, ""mae"": 4.742067579058825, ""z_error_count"": 81027, ""z_error_rms"": 30.267613507730758, ""z_squared_error_sum"": 74231138.09126383}, {""bias"": 5.645050347974182, ""count"": 3458, ""high"": ""Infinity"", ""low"": 2.0, ""mae"": 5.645050347974182, ""z_error_count"": 3458, ""z_error_rms"": 32.81645098148245, ""z_squared_error_sum"": 3723987.475459299}]",0.24818257287670345,0.24773031389799535,0.24717826663206618,0.02235376520213319,5.719560577123986
raw/r6/P1/d400/n4_M6/centre/rep07.npz,r6,,P1,P1_ridge_lse_hjb,ridge_lse,400,4,6,centre,centre,0.0,7,4,float64,0.24883889108721838,0.318364523886084,0.13814061172664058,0.21838003773729084,0.21230823570211435,1.087722248634989,0.2361239996988844,0.301363194491488,1267200,1268400,14652000,5860800000,0,200.34585150005296,1.0,1.0,419.85227672318166,0,0,0,0.8121954198233753,1.9031516232822343,5.449276551583224,-0.029384574844579712,1267200,"[{""bias"": -2.676668389037986, ""count"": 2802, ""high"": -2.0, ""low"": ""-Infinity"", ""mae"": 2.676668389037986, ""z_error_count"": 2802, ""z_error_rms"": 7.3451731850792195, ""z_squared_error_sum"": 151172.29667089667}, {""bias"": -2.302983949056722, ""count"": 86384, ""high"": -1.0, ""low"": -2.0, ""mae"": 2.302983949056722, ""z_error_count"": 86384, ""z_error_rms"": 9.856861607978807, ""z_squared_error_sum"": 8392872.550032202}, {""bias"": -1.1809581150220285, ""count"": 346259, ""high"": -0.25, ""low"": -1.0, ""mae"": 1.2845020710253177, ""z_error_count"": 346259, ""z_error_rms"": 14.227808985977568, ""z_squared_error_sum"": 70093399.3074188}, {""bias"": 0.5871457233287111, ""count"": 380774, ""high"": 0.25, ""low"": -0.25, ""mae"": 0.8914993343938012, ""z_error_count"": 380774, ""z_error_rms"": 19.385960584926746, ""z_squared_error_sum"": 143100758.9362041}, {""bias"": 2.7790956422227104, ""count"": 366941, ""high"": 1.0, ""low"": 0.25, ""mae"": 2.7790956422227104, ""z_error_count"": 366941, ""z_error_rms"": 25.150841069043416, ""z_squared_error_sum"": 232113962.6546808}, {""bias"": 4.738250637002233, ""count"": 80672, ""high"": 2.0, ""low"": 1.0, ""mae"": 4.738250637002233, ""z_error_count"": 80672, ""z_error_rms"": 30.27039248890119, ""z_squared_error_sum"": 73919484.27105244}, {""bias"": 5.6396339474880035, ""count"": 3368, ""high"": ""Infinity"", ""low"": 2.0, ""mae"": 5.6396339474880035, ""z_error_count"": 3368, ""z_error_rms"": 33.147219794046116, ""z_squared_error_sum"": 3700550.190491936}]",0.24818257287670345,0.24773031389799535,0.24717826663206618,0.02235376520213319,5.719560577123986
raw/r6/P1/d400/n4_M6/centre/rep08.npz,r6,,P1,P1_ridge_lse_hjb,ridge_lse,400,4,6,centre,centre,0.0,8,4,float64,0.24696660338897797,0.3159691186541134,0.1359704162869271,0.2175083856743167,0.2107108081609312,1.0883582549239212,0.23902164281713212,0.3050614335003351,1267200,1268400,14652000,5860800000,0,137.44022660003975,1.0,1.0,420.2661933054705,0,0,0,0.8164736893362791,1.9154248475281004,5.497085491017348,-0.02835758729619219,1267200,"[{""bias"": -2.6811979760871356, ""count"": 2959, ""high"": -2.0, ""low"": ""-Infinity"", ""mae"": 2.6811979760871356, ""z_error_count"": 2959, ""z_error_rms"": 7.27810639545996, ""z_squared_error_sum"": 156740.69397005648}, {""bias"": -2.2994205201716755, ""count"": 87459, ""high"": -1.0, ""low"": -2.0, ""mae"": 2.2994205201716755, ""z_error_count"": 87459, ""z_error_rms"": 9.872140473939913, ""z_squared_error_sum"": 8523680.4590462}, {""bias"": -1.1918160363019152, ""count"": 346467, ""high"": -0.25, ""low"": -1.0, ""mae"": 1.2920973671728653, ""z_error_count"": 346467, ""z_error_rms"": 14.184477637360796, ""z_squared_error_sum"": 69708954.54482634}, {""bias"": 0.5873829025921784, ""count"": 375322, ""high"": 0.25, ""low"": -0.25, ""mae"": 0.8909076475554554, ""z_error_count"": 375322, ""z_error_rms"": 19.38711248170285, ""z_squared_error_sum"": 141068575.85380623}, {""bias"": 2.786606435087704, ""count"": 370608, ""high"": 1.0, ""low"": 0.25, ""mae"": 2.786606435087704, ""z_error_count"": 370608, ""z_error_rms"": 25.14901740845878, ""z_squared_error_sum"": 234399581.97663566}, {""bias"": 4.745053356778201, ""count"": 81006, ""high"": 2.0, ""low"": 1.0, ""mae"": 4.745053356778201, ""z_error_count"": 81006, ""z_error_rms"": 30.316235927207934, ""z_squared_error_sum"": 74450521.46928954}, {""bias"": 5.630338615100442, ""count"": 3379, ""high"": ""Infinity"", ""low"": 2.0, ""mae"": 5.630338615100442, ""z_error_count"": 3379, ""z_error_rms"": 32.99881000348203, ""z_squared_error_sum"": 3679465.6189015144}]",0.24818257287670345,0.24773031389799535,0.24717826663206618,0.02235376520213319,5.719560577123986
raw/r6/P1/d400/n4_M6/centre/rep09.npz,r6,,P1,P1_ridge_lse_hjb,ridge_lse,400,4,6,centre,centre,0.0,9,4,float64,0.24755590988231266,0.31672307749211404,0.1366366371886603,0.21721121325623727,0.2112136018413766,1.0888314818641094,0.2390266222571477,0.30506778872026946,1267200,1268400,14652000,5860800000,0,135.49587760004215,1.0,1.0,419.38772479958567,0,0,0,0.8174514245806651,1.9046694029036526,5.4591040489727565,-0.028327163795802905,1267200,"[{""bias"": -2.6769514570496016, ""count"": 2864, ""high"": -2.0, ""low"": ""-Infinity"", ""mae"": 2.6769514570496016, ""z_error_count"": 2864, ""z_error_rms"": 7.394671512360738, ""z_squared_error_sum"": 156606.86164566048}, {""bias"": -2.30226339994767, ""count"": 87160, ""high"": -1.0, ""low"": -2.0, ""mae"": 2.30226339994767, ""z_error_count"": 87160, ""z_error_rms"": 9.850651619606404, ""z_squared_error_sum"": 8457600.001757259}, {""bias"": -1.1787817358697705, ""count"": 344762, ""high"": -0.25, ""low"": -1.0, ""mae"": 1.2797814317132454, ""z_error_count"": 344762, ""z_error_rms"": 14.226020282979738, ""z_squared_error_sum"": 69772813.95921822}, {""bias"": 0.5929601210775287, ""count"": 380783, ""high"": 0.25, ""low"": -0.25, ""mae"": 0.8908708301264515, ""z_error_count"": 380783, ""z_error_rms"": 19.3807483060727, ""z_squared_error_sum"": 143027199.15930843}, {""bias"": 2.783467075913046, ""count"": 367125, ""high"": 1.0, ""low"": 0.25, ""mae"": 2.783467075913046, ""z_error_count"": 367125, ""z_error_rms"": 25.098753814189106, ""z_squared_error_sum"": 231269455.02065304}, {""bias"": 4.735264867494128, ""count"": 81421, ""high"": 2.0, ""low"": 1.0, ""mae"": 4.735264867494128, ""z_error_count"": 81421, ""z_error_rms"": 30.318366067777305, ""z_squared_error_sum"": 74842453.60074909}, {""bias"": 5.635713503371211, ""count"": 3085, ""high"": ""Infinity"", ""low"": 2.0, ""mae"": 5.635713503371211, ""z_error_count"": 3085, ""z_error_rms"": 33.00386260880072, ""z_squared_error_sum"": 3360351.511805334}]",0.24818257287670345,0.24773031389799535,0.24717826663206618,0.02235376520213319,5.719560577123986
