pde,d,n,M,stratum,rep,box_test_skill,oracle_state_test_skill,per_rep_skill_gap,box_repetition_averaged_skill,oracle_state_repetition_averaged_skill,repetition_averaged_skill_gap,box_generator_signed_error,oracle_state_generator_signed_error
P1,20,4,3,deep,0,0.2384390089838133,0.09820436189001903,0.14023464709379424,0.15369825899089534,0.029079200142776644,0.12461905884811869,0.30501315245455907,0.0
P1,20,4,3,deep,1,0.24073576951354778,0.09532528367214299,0.14541048584140479,0.15369825899089534,0.029079200142776644,0.12461905884811869,0.2966868935740476,0.0
P1,20,4,3,deep,2,0.24882932344639389,0.10162920480519132,0.14720011864120258,0.15369825899089534,0.029079200142776644,0.12461905884811869,0.31669878091246156,0.0
P1,20,4,3,deep,3,0.22431047448219557,0.09475924725319819,0.12955122722899737,0.15369825899089534,0.029079200142776644,0.12461905884811869,0.30910729262116116,0.0
P1,20,4,3,deep,4,0.2399848680499253,0.09753039190610359,0.14245447614382173,0.15369825899089534,0.029079200142776644,0.12461905884811869,0.3092502627584258,0.0
P1,20,4,3,deep,5,0.24657331394917092,0.097061385366223,0.14951192858294793,0.15369825899089534,0.029079200142776644,0.12461905884811869,0.31454863071976796,0.0
P1,20,4,3,deep,6,0.24101467929118867,0.09867279007454724,0.14234188921664143,0.15369825899089534,0.029079200142776644,0.12461905884811869,0.31987105774131336,0.0
P1,20,4,3,deep,7,0.2242783840124025,0.09214570288143178,0.1321326811309707,0.15369825899089534,0.029079200142776644,0.12461905884811869,0.3116157672118557,0.0
P1,20,4,3,deep,8,0.24974380874885835,0.09252470647602218,0.15721910227283617,0.15369825899089534,0.029079200142776644,0.12461905884811869,0.3059433712333671,0.0
P1,20,4,3,deep,9,0.23280261222439858,0.09337268138053656,0.13942993084386202,0.15369825899089534,0.029079200142776644,0.12461905884811869,0.30703388527170083,0.0
P1,20,4,4,deep,0,0.19472087766605128,0.05939325601966452,0.13532762164638676,0.13251579489623058,0.01912089046438286,0.11339490443184772,0.2877578399743336,0.0
P1,20,4,4,deep,1,0.18126513966303753,0.055469310539550704,0.12579582912348683,0.13251579489623058,0.01912089046438286,0.11339490443184772,0.2962865384085454,0.0
P1,20,4,4,deep,2,0.1856452276884091,0.0577378808426478,0.1279073468457613,0.13251579489623058,0.01912089046438286,0.11339490443184772,0.2922160616355423,0.0
P1,20,4,4,deep,3,0.18748830905411645,0.05856259448050438,0.12892571457361207,0.13251579489623058,0.01912089046438286,0.11339490443184772,0.2901082746401696,0.0
P1,20,4,4,deep,4,0.18236969154503976,0.06034409837851993,0.12202559316651984,0.13251579489623058,0.01912089046438286,0.11339490443184772,0.29016636422687814,0.0
P1,20,4,4,deep,5,0.19028113404368524,0.05871659485627714,0.1315645391874081,0.13251579489623058,0.01912089046438286,0.11339490443184772,0.28962662770795866,0.0
P1,20,4,4,deep,6,0.18308627161453192,0.05741788053752632,0.12566839107700561,0.13251579489623058,0.01912089046438286,0.11339490443184772,0.29001873545188117,0.0
P1,20,4,4,deep,7,0.19591166954018166,0.0580683083884017,0.13784336115177998,0.13251579489623058,0.01912089046438286,0.11339490443184772,0.30474769572398264,0.0
P1,20,4,4,deep,8,0.19394482616737785,0.05673956978084089,0.13720525638653697,0.13251579489623058,0.01912089046438286,0.11339490443184772,0.29254820123657044,0.0
P1,20,4,4,deep,9,0.19187027098319312,0.05732364738154742,0.1345466236016457,0.13251579489623058,0.01912089046438286,0.11339490443184772,0.2873000135062108,0.0
P1,20,4,6,deep,0,0.1434250921549208,0.029115916942065095,0.1143091752128557,0.1065850330827554,0.009083553892015445,0.09750147919073995,0.27839597978191905,0.0
P1,20,4,6,deep,1,0.13894821060074375,0.03010611479451894,0.10884209580622481,0.1065850330827554,0.009083553892015445,0.09750147919073995,0.2842067632802193,0.0
P1,20,4,6,deep,2,0.13759868936999986,0.028742475201450894,0.10885621416854896,0.1065850330827554,0.009083553892015445,0.09750147919073995,0.28855337877159476,0.0
P1,20,4,6,deep,3,0.1355532171360672,0.027081053131260167,0.10847216400480703,0.1065850330827554,0.009083553892015445,0.09750147919073995,0.2868638516232805,0.0
P1,20,4,6,deep,4,0.14367431434487168,0.030482217504555098,0.11319209684031659,0.1065850330827554,0.009083553892015445,0.09750147919073995,0.27687013918212944,0.0
P1,20,4,6,deep,5,0.1445839988210094,0.031603939573423924,0.11298005924758547,0.1065850330827554,0.009083553892015445,0.09750147919073995,0.28617602020791655,0.0
P1,20,4,6,deep,6,0.143373351912845,0.026191706830113893,0.11718164508273111,0.1065850330827554,0.009083553892015445,0.09750147919073995,0.2903316611364375,0.0
P1,20,4,6,deep,7,0.13507665349617892,0.027704088190602653,0.10737256530557626,0.1065850330827554,0.009083553892015445,0.09750147919073995,0.28271081692227545,0.0
P1,20,4,6,deep,8,0.14037720890172883,0.030270005593690603,0.11010720330803823,0.1065850330827554,0.009083553892015445,0.09750147919073995,0.28073672483556344,0.0
P1,20,4,6,deep,9,0.13609914715761498,0.02611995007867117,0.10997919707894381,0.1065850330827554,0.009083553892015445,0.09750147919073995,0.27545561676861263,0.0
P1,20,5,2,deep,0,0.2950889517097936,0.14072335462362812,0.15436559708616548,0.1651660556841994,0.04702684546214058,0.11813921022205881,0.274171136354204,0.0
P1,20,5,2,deep,1,0.3200319704474105,0.14853579390132782,0.17149617654608268,0.1651660556841994,0.04702684546214058,0.11813921022205881,0.2651576961135427,0.0
P1,20,5,2,deep,2,0.30042278698398184,0.14758954116207093,0.1528332458219109,0.1651660556841994,0.04702684546214058,0.11813921022205881,0.24583606317077086,0.0
P1,20,5,2,deep,3,0.30988836790249713,0.14289819536308604,0.1669901725394111,0.1651660556841994,0.04702684546214058,0.11813921022205881,0.2513003739287862,0.0
P1,20,5,2,deep,4,0.30886649494129076,0.14524112565675815,0.1636253692845326,0.1651660556841994,0.04702684546214058,0.11813921022205881,0.27042362594378455,0.0
P1,20,5,2,deep,5,0.3075733020543731,0.14231133227181259,0.16526196978256052,0.1651660556841994,0.04702684546214058,0.11813921022205881,0.25193649656833184,0.0
P1,20,5,2,deep,6,0.29757701852230883,0.146606925222899,0.15097009329940983,0.1651660556841994,0.04702684546214058,0.11813921022205881,0.25092819573848624,0.0
P1,20,5,2,deep,7,0.30860200802564114,0.14509678578211302,0.16350522224352812,0.1651660556841994,0.04702684546214058,0.11813921022205881,0.2677068453581001,0.0
P1,20,5,2,deep,8,0.31854791756546147,0.13911754088111958,0.1794303766843419,0.1651660556841994,0.04702684546214058,0.11813921022205881,0.2508250129390267,0.0
P1,20,5,2,deep,9,0.3141120762000856,0.14158426237470334,0.17252781382538224,0.1651660556841994,0.04702684546214058,0.11813921022205881,0.26827030461756446,0.0
P1,20,3,6,shallow,0,0.18345790159909187,0.07232701030211588,0.11113089129697598,0.13363473044072746,0.022106897264262404,0.11152783317646506,0.41840925631719156,0.0
P1,20,3,6,shallow,1,0.17908599380645795,0.07012219921140672,0.10896379459505123,0.13363473044072746,0.022106897264262404,0.11152783317646506,0.4042008118262904,0.0
P1,20,3,6,shallow,2,0.16968312603961222,0.06700271120440543,0.10268041483520679,0.13363473044072746,0.022106897264262404,0.11152783317646506,0.40473102702330255,0.0
P1,20,3,6,shallow,3,0.1761354387313584,0.06999194994622421,0.10614348878513419,0.13363473044072746,0.022106897264262404,0.11152783317646506,0.40835403766685885,0.0
P1,20,3,6,shallow,4,0.18686507350739792,0.07346045082543863,0.11340462268195929,0.13363473044072746,0.022106897264262404,0.11152783317646506,0.4119610918622766,0.0
P1,20,3,6,shallow,5,0.18292790685554158,0.07351730456530525,0.10941060229023633,0.13363473044072746,0.022106897264262404,0.11152783317646506,0.40279319752171466,0.0
P1,20,3,6,shallow,6,0.18236712062155683,0.06946599419890873,0.1129011264226481,0.13363473044072746,0.022106897264262404,0.11152783317646506,0.4161270117656704,0.0
P1,20,3,6,shallow,7,0.1716687658063481,0.07233127896296461,0.09933748684338349,0.13363473044072746,0.022106897264262404,0.11152783317646506,0.4180805518473151,0.0
P1,20,3,6,shallow,8,0.1790807367017917,0.06628766722352439,0.11279306947826731,0.13363473044072746,0.022106897264262404,0.11152783317646506,0.4152425381798064,0.0
P1,20,3,6,shallow,9,0.17443029609759347,0.06647139813035592,0.10795889796723755,0.13363473044072746,0.022106897264262404,0.11152783317646506,0.40975943925987574,0.0
P1,20,3,10,shallow,0,0.1406801957796422,0.04037036502437536,0.10030983075526684,0.11498411492131207,0.011876648191289191,0.10310746673002287,0.4172188672218514,0.0
P1,20,3,10,shallow,1,0.14650068380968115,0.037753008629901,0.10874767517978015,0.11498411492131207,0.011876648191289191,0.10310746673002287,0.4242575103766269,0.0
P1,20,3,10,shallow,2,0.13490576804775692,0.03882805193926973,0.0960777161084872,0.11498411492131207,0.011876648191289191,0.10310746673002287,0.43587444695967975,0.0
P1,20,3,10,shallow,3,0.1409975051564732,0.0385751334574488,0.10242237169902439,0.11498411492131207,0.011876648191289191,0.10310746673002287,0.4242817061680794,0.0
P1,20,3,10,shallow,4,0.13692403653692248,0.039695639119207406,0.09722839741771508,0.11498411492131207,0.011876648191289191,0.10310746673002287,0.4294670555494316,0.0
P1,20,3,10,shallow,5,0.13683147750351166,0.03825356265406987,0.09857791484944178,0.11498411492131207,0.011876648191289191,0.10310746673002287,0.42779527352454744,0.0
P1,20,3,10,shallow,6,0.13948754359739626,0.038400247532205986,0.10108729606519028,0.11498411492131207,0.011876648191289191,0.10310746673002287,0.42474660086320054,0.0
P1,20,3,10,shallow,7,0.14172113267452527,0.038978283012187365,0.1027428496623379,0.11498411492131207,0.011876648191289191,0.10310746673002287,0.42746646671955085,0.0
P1,20,3,10,shallow,8,0.13692510785969808,0.037382200884556155,0.09954290697514193,0.11498411492131207,0.011876648191289191,0.10310746673002287,0.42048950168591387,0.0
P1,20,3,10,shallow,9,0.1378937301002035,0.04062599323091807,0.09726773686928544,0.11498411492131207,0.011876648191289191,0.10310746673002287,0.4258626075937312,0.0
P1,20,3,16,shallow,0,0.11698490881657024,0.0218120015067353,0.09517290730983494,0.10207023125385252,0.00712993880915618,0.09494029244469634,0.4567993710548697,0.0
P1,20,3,16,shallow,1,0.11418912966323352,0.02319567796468444,0.09099345169854908,0.10207023125385252,0.00712993880915618,0.09494029244469634,0.4567981386585254,0.0
P1,20,3,16,shallow,2,0.11185272991578292,0.023197209875068958,0.08865552004071396,0.10207023125385252,0.00712993880915618,0.09494029244469634,0.46650112081234607,0.0
P1,20,3,16,shallow,3,0.11396599079611776,0.0233226372224298,0.09064335357368795,0.10207023125385252,0.00712993880915618,0.09494029244469634,0.45794730507748094,0.0
P1,20,3,16,shallow,4,0.11195123797216847,0.023984277447606586,0.08796696052456188,0.10207023125385252,0.00712993880915618,0.09494029244469634,0.46056808480516526,0.0
P1,20,3,16,shallow,5,0.1187018185953588,0.02319097402365635,0.09551084457170245,0.10207023125385252,0.00712993880915618,0.09494029244469634,0.45905632759484594,0.0
P1,20,3,16,shallow,6,0.11213322806619697,0.021544838225169286,0.09058838984102768,0.10207023125385252,0.00712993880915618,0.09494029244469634,0.46472429123751696,0.0
P1,20,3,16,shallow,7,0.1158846318739055,0.022103486029706774,0.09378114584419874,0.10207023125385252,0.00712993880915618,0.09494029244469634,0.46576703638520683,0.0
P1,20,3,16,shallow,8,0.11589138542010252,0.023174676108508003,0.09271670931159452,0.10207023125385252,0.00712993880915618,0.09494029244469634,0.46139948461728486,0.0
P1,20,3,16,shallow,9,0.11901774382661176,0.02248918098802281,0.09652856283858895,0.10207023125385252,0.00712993880915618,0.09494029244469634,0.46563324225526437,0.0
P1,20,2,32,shallow,0,0.13806213683167992,0.0570093701352321,0.08105276669644781,0.12259668769010446,0.01892753108666833,0.10366915660343612,0.6803998402396677,0.0
P1,20,2,32,shallow,1,0.1379838403628872,0.062428990274335856,0.07555485008855134,0.12259668769010446,0.01892753108666833,0.10366915660343612,0.6727202078693687,0.0
P1,20,2,32,shallow,2,0.13122195774652046,0.05982029849476392,0.07140165925175654,0.12259668769010446,0.01892753108666833,0.10366915660343612,0.6886871049750884,0.0
P1,20,2,32,shallow,3,0.1302188310853709,0.057840837127641355,0.07237799395772956,0.12259668769010446,0.01892753108666833,0.10366915660343612,0.6889241868698267,0.0
P1,20,2,32,shallow,4,0.13576038914581628,0.05739366158217321,0.07836672756364307,0.12259668769010446,0.01892753108666833,0.10366915660343612,0.6831039457690606,0.0
P1,20,2,32,shallow,5,0.1336883409096702,0.05644580585242103,0.07724253505724915,0.12259668769010446,0.01892753108666833,0.10366915660343612,0.6944639252272312,0.0
P1,20,2,32,shallow,6,0.1332892456288837,0.059211994920945726,0.07407725070793797,0.12259668769010446,0.01892753108666833,0.10366915660343612,0.6899500460833826,0.0
P1,20,2,32,shallow,7,0.13252626462360625,0.05767427683614532,0.07485198778746094,0.12259668769010446,0.01892753108666833,0.10366915660343612,0.6781083000852707,0.0
P1,20,2,32,shallow,8,0.13577506667160846,0.05667374558729181,0.07910132108431665,0.12259668769010446,0.01892753108666833,0.10366915660343612,0.6762108674322376,0.0
P1,20,2,32,shallow,9,0.12937119884859033,0.05816518481441712,0.0712060140341732,0.12259668769010446,0.01892753108666833,0.10366915660343612,0.6769130788624919,0.0
P1,50,4,3,deep,0,0.218979821668597,0.09608819152694799,0.12289163014164901,0.15534466287535553,0.030140389887522885,0.12520427298783265,-0.006788225359470321,0.0
P1,50,4,3,deep,1,0.21107780045963195,0.09695634041576655,0.1141214600438654,0.15534466287535553,0.030140389887522885,0.12520427298783265,-0.0025529046958701162,0.0
P1,50,4,3,deep,2,0.2146483278077216,0.09590692116330256,0.11874140664441905,0.15534466287535553,0.030140389887522885,0.12520427298783265,-0.02291815461229616,0.0
P1,50,4,3,deep,3,0.2224110124008879,0.09486657982300184,0.12754443257788606,0.15534466287535553,0.030140389887522885,0.12520427298783265,-0.013610988184428116,0.0
P1,50,4,3,deep,4,0.2128749225205968,0.09377800427962166,0.11909691824097515,0.15534466287535553,0.030140389887522885,0.12520427298783265,-0.005744014699288696,0.0
P1,50,4,3,deep,5,0.2152773612553824,0.10026613919666459,0.11501122205871782,0.15534466287535553,0.030140389887522885,0.12520427298783265,-0.013642337610988101,0.0
P1,50,4,3,deep,6,0.2078448794405201,0.09946591921995175,0.10837896022056835,0.15534466287535553,0.030140389887522885,0.12520427298783265,-0.01917499813788965,0.0
P1,50,4,3,deep,7,0.21839349259760307,0.10178330677733419,0.11661018582026889,0.15534466287535553,0.030140389887522885,0.12520427298783265,-0.012709164003173021,0.0
P1,50,4,3,deep,8,0.21469215530676083,0.09855627196009766,0.11613588334666318,0.15534466287535553,0.030140389887522885,0.12520427298783265,-0.004645812515724209,0.0
P1,50,4,3,deep,9,0.20300767914113066,0.097094465983446,0.10591321315768466,0.15534466287535553,0.030140389887522885,0.12520427298783265,-0.031326457480680234,0.0
P1,50,4,4,deep,0,0.18235497394547096,0.05851255692498043,0.12384241702049052,0.1393627116668948,0.01805778292491642,0.12130492874197837,-0.03343438340432557,0.0
P1,50,4,4,deep,1,0.1745264150029957,0.05801312331917764,0.11651329168381806,0.1393627116668948,0.01805778292491642,0.12130492874197837,-0.025681716187669,0.0
P1,50,4,4,deep,2,0.1759387433074458,0.06032343298388119,0.11561531032356462,0.1393627116668948,0.01805778292491642,0.12130492874197837,-0.04061995273322689,0.0
P1,50,4,4,deep,3,0.17120802968592178,0.05772219050354945,0.11348583918237232,0.1393627116668948,0.01805778292491642,0.12130492874197837,-0.02140286704343377,0.0
P1,50,4,4,deep,4,0.17765906976226525,0.05739901087548516,0.1202600588867801,0.1393627116668948,0.01805778292491642,0.12130492874197837,-0.03559919926715709,0.0
P1,50,4,4,deep,5,0.18151329927522358,0.057983043416550986,0.1235302558586726,0.1393627116668948,0.01805778292491642,0.12130492874197837,-0.02551813536225572,0.0
P1,50,4,4,deep,6,0.17180129179784498,0.05711870306487544,0.11468258873296955,0.1393627116668948,0.01805778292491642,0.12130492874197837,-0.026481981873293387,0.0
P1,50,4,4,deep,7,0.1701672947821154,0.05428711030833249,0.1158801844737829,0.1393627116668948,0.01805778292491642,0.12130492874197837,-0.03520779671333898,0.0
P1,50,4,4,deep,8,0.17014777486948193,0.06265948816660016,0.10748828670288177,0.1393627116668948,0.01805778292491642,0.12130492874197837,-0.03611799154002207,0.0
P1,50,4,4,deep,9,0.17051330358149008,0.05597765670555851,0.11453564687593157,0.1393627116668948,0.01805778292491642,0.12130492874197837,-0.03642130983665784,0.0
P1,50,4,6,deep,0,0.13803364104871255,0.030242728170821815,0.10779091287789073,0.11794470747318277,0.009097805191299846,0.10884690228188292,-0.03032462473332822,0.0
P1,50,4,6,deep,1,0.14001905347486351,0.029127493455274996,0.11089156001958853,0.11794470747318277,0.009097805191299846,0.10884690228188292,-0.029200188089328744,0.0
P1,50,4,6,deep,2,0.14012077460040967,0.03042829553781592,0.10969247906259375,0.11794470747318277,0.009097805191299846,0.10884690228188292,-0.030874491238911474,0.0
P1,50,4,6,deep,3,0.12881836565194701,0.02767558428445366,0.10114278136749336,0.11794470747318277,0.009097805191299846,0.10884690228188292,-0.03557401042003845,0.0
P1,50,4,6,deep,4,0.14270708605939683,0.029879766094224915,0.11282731996517192,0.11794470747318277,0.009097805191299846,0.10884690228188292,-0.0228408372003494,0.0
P1,50,4,6,deep,5,0.14069043740370005,0.02756176178711016,0.11312867561658989,0.11794470747318277,0.009097805191299846,0.10884690228188292,-0.025146716983212636,0.0
P1,50,4,6,deep,6,0.13686545736390252,0.028610795528702288,0.10825466183520023,0.11794470747318277,0.009097805191299846,0.10884690228188292,-0.02890154147999744,0.0
P1,50,4,6,deep,7,0.1399434381454898,0.02891901190253474,0.11102442624295505,0.11794470747318277,0.009097805191299846,0.10884690228188292,-0.032782990357625594,0.0
P1,50,4,6,deep,8,0.13388392000996682,0.02874236353436472,0.10514155647560211,0.11794470747318277,0.009097805191299846,0.10884690228188292,-0.030332246234036315,0.0
P1,50,4,6,deep,9,0.1355236775288208,0.030563888767649205,0.1049597887611716,0.11794470747318277,0.009097805191299846,0.10884690228188292,-0.027791502387850005,0.0
P1,50,5,2,deep,0,0.2822272267717003,0.1478292487825047,0.13439797798919562,0.1747787606529366,0.04770126436868737,0.12707749628424922,-0.0827930779281799,0.0
P1,50,5,2,deep,1,0.2726540912037152,0.14731217061744645,0.12534192058626875,0.1747787606529366,0.04770126436868737,0.12707749628424922,-0.06639830219926764,0.0
P1,50,5,2,deep,2,0.2752576473773425,0.14541489288239606,0.12984275449494642,0.1747787606529366,0.04770126436868737,0.12707749628424922,-0.08098522902282058,0.0
P1,50,5,2,deep,3,0.27253970946786993,0.14176968050527836,0.13077002896259157,0.1747787606529366,0.04770126436868737,0.12707749628424922,-0.08543253346479493,0.0
P1,50,5,2,deep,4,0.2724423490660328,0.14712179943500162,0.1253205496310312,0.1747787606529366,0.04770126436868737,0.12707749628424922,-0.07743702145037196,0.0
P1,50,5,2,deep,5,0.2656594208541122,0.1412627129288721,0.1243967079252401,0.1747787606529366,0.04770126436868737,0.12707749628424922,-0.07516243258639654,0.0
P1,50,5,2,deep,6,0.2754011565767461,0.14101335409335297,0.1343878024833931,0.1747787606529366,0.04770126436868737,0.12707749628424922,-0.06734631102119197,0.0
P1,50,5,2,deep,7,0.2869465465158828,0.15232579110110495,0.13462075541477786,0.1747787606529366,0.04770126436868737,0.12707749628424922,-0.06346378444333181,0.0
P1,50,5,2,deep,8,0.2716313066658726,0.14173448120768103,0.12989682545819156,0.1747787606529366,0.04770126436868737,0.12707749628424922,-0.07730342827022765,0.0
P1,50,5,2,deep,9,0.28068236000539437,0.15049842284480067,0.1301839371605937,0.1747787606529366,0.04770126436868737,0.12707749628424922,-0.08770829278740853,0.0
P1,50,3,6,shallow,0,0.1833579199268424,0.07246289796707661,0.11089502195976578,0.14747548008533484,0.022162056187108616,0.12531342389822622,0.08264211908653474,0.0
P1,50,3,6,shallow,1,0.17453807100216562,0.07494043563059409,0.09959763537157153,0.14747548008533484,0.022162056187108616,0.12531342389822622,0.09652874739391312,0.0
P1,50,3,6,shallow,2,0.1818261945504826,0.07148722892234313,0.11033896562813947,0.14747548008533484,0.022162056187108616,0.12531342389822622,0.0971379097362723,0.0
P1,50,3,6,shallow,3,0.1827505641256718,0.06849719422524754,0.11425336990042427,0.14747548008533484,0.022162056187108616,0.12531342389822622,0.09018633072082936,0.0
P1,50,3,6,shallow,4,0.17425154044448274,0.06854760883758922,0.10570393160689352,0.14747548008533484,0.022162056187108616,0.12531342389822622,0.08855917662893113,0.0
P1,50,3,6,shallow,5,0.18193018134792255,0.06866695639007582,0.11326322495784673,0.14747548008533484,0.022162056187108616,0.12531342389822622,0.09239498731023586,0.0
P1,50,3,6,shallow,6,0.18076576177683706,0.07634172339801955,0.10442403837881752,0.14747548008533484,0.022162056187108616,0.12531342389822622,0.08316712006091762,0.0
P1,50,3,6,shallow,7,0.17577570349034843,0.07283312772656297,0.10294257576378546,0.14747548008533484,0.022162056187108616,0.12531342389822622,0.08241351103023202,0.0
P1,50,3,6,shallow,8,0.17516882156925567,0.06838492036652832,0.10678390120272735,0.14747548008533484,0.022162056187108616,0.12531342389822622,0.08762004055384764,0.0
P1,50,3,6,shallow,9,0.17923267931518008,0.06794515894311974,0.11128752037206034,0.14747548008533484,0.022162056187108616,0.12531342389822622,0.08340349117674142,0.0
P1,50,3,10,shallow,0,0.14016881971688036,0.039378770286836846,0.10079004943004352,0.12829554700366969,0.012455947547397211,0.11583959945627248,0.1263424223919787,0.0
P1,50,3,10,shallow,1,0.13882794142892735,0.03900193238986603,0.09982600903906132,0.12829554700366969,0.012455947547397211,0.11583959945627248,0.11911859167513134,0.0
P1,50,3,10,shallow,2,0.14675477314724508,0.03738499524804822,0.10936977789919686,0.12829554700366969,0.012455947547397211,0.11583959945627248,0.1214072376865063,0.0
P1,50,3,10,shallow,3,0.1464261444791167,0.03804791846568127,0.10837822601343543,0.12829554700366969,0.012455947547397211,0.11583959945627248,0.11700556203139184,0.0
P1,50,3,10,shallow,4,0.13898193255456742,0.03785283679092978,0.10112909576363764,0.12829554700366969,0.012455947547397211,0.11583959945627248,0.12403121416773746,0.0
P1,50,3,10,shallow,5,0.14740931136088775,0.038383905906105444,0.10902540545478231,0.12829554700366969,0.012455947547397211,0.11583959945627248,0.11770723904753314,0.0
P1,50,3,10,shallow,6,0.1429439458867738,0.03775168859703214,0.10519225728974167,0.12829554700366969,0.012455947547397211,0.11583959945627248,0.12475758073579662,0.0
P1,50,3,10,shallow,7,0.14286466900517542,0.03989643913756922,0.1029682298676062,0.12829554700366969,0.012455947547397211,0.11583959945627248,0.11597848238237374,0.0
P1,50,3,10,shallow,8,0.14395981789468165,0.03901290071868246,0.10494691717599919,0.12829554700366969,0.012455947547397211,0.11583959945627248,0.12601428002423629,0.0
P1,50,3,10,shallow,9,0.14518970745661605,0.036534350630699916,0.10865535682591614,0.12829554700366969,0.012455947547397211,0.11583959945627248,0.12175189325550592,0.0
P1,50,3,16,shallow,0,0.12241436325469683,0.021092263569035742,0.10132209968566108,0.11578729945994573,0.007144076755868111,0.10864322270407761,0.1736269052536599,0.0
P1,50,3,16,shallow,1,0.12043528071580532,0.021524706959096966,0.09891057375670836,0.11578729945994573,0.007144076755868111,0.10864322270407761,0.18087700908283097,0.0
P1,50,3,16,shallow,2,0.12501581648848756,0.023694590628197,0.10132122586029056,0.11578729945994573,0.007144076755868111,0.10864322270407761,0.17323802072294242,0.0
P1,50,3,16,shallow,3,0.1296570532245081,0.0231690188799493,0.10648803434455881,0.11578729945994573,0.007144076755868111,0.10864322270407761,0.17329366520471834,0.0
P1,50,3,16,shallow,4,0.1228785972868129,0.022479387291151884,0.10039920999566102,0.11578729945994573,0.007144076755868111,0.10864322270407761,0.17821610186475254,0.0
P1,50,3,16,shallow,5,0.12343096747588861,0.022371661033666192,0.10105930644222241,0.11578729945994573,0.007144076755868111,0.10864322270407761,0.17310954666510536,0.0
P1,50,3,16,shallow,6,0.12337330450220792,0.021912126755834874,0.10146117774637305,0.11578729945994573,0.007144076755868111,0.10864322270407761,0.17441498572048938,0.0
P1,50,3,16,shallow,7,0.12289698794664165,0.021130334431860777,0.10176665351478087,0.11578729945994573,0.007144076755868111,0.10864322270407761,0.17770826707001483,0.0
P1,50,3,16,shallow,8,0.12637079316461314,0.022118272467502337,0.1042525206971108,0.11578729945994573,0.007144076755868111,0.10864322270407761,0.18107416243035948,0.0
P1,50,3,16,shallow,9,0.12169911961003263,0.02138575474190441,0.10031336486812822,0.11578729945994573,0.007144076755868111,0.10864322270407761,0.18016732920592368,0.0
P1,50,2,32,shallow,0,0.13277550177213698,0.05688816510586463,0.07588733666627236,0.12086073476877447,0.017748561452159518,0.10311217331661496,0.43332369001748267,0.0
P1,50,2,32,shallow,1,0.13246833401693056,0.058711594315187667,0.0737567397017429,0.12086073476877447,0.017748561452159518,0.10311217331661496,0.42860691862148276,0.0
P1,50,2,32,shallow,2,0.12941372199355497,0.052526869963305564,0.0768868520302494,0.12086073476877447,0.017748561452159518,0.10311217331661496,0.43616751118458474,0.0
P1,50,2,32,shallow,3,0.1293166924466548,0.05769164473850811,0.0716250477081467,0.12086073476877447,0.017748561452159518,0.10311217331661496,0.436161385100843,0.0
P1,50,2,32,shallow,4,0.13361023784431744,0.05748861514782914,0.07612162269648831,0.12086073476877447,0.017748561452159518,0.10311217331661496,0.4431910361072593,0.0
P1,50,2,32,shallow,5,0.13167695615271585,0.05852364488937084,0.07315331126334501,0.12086073476877447,0.017748561452159518,0.10311217331661496,0.42952268806711574,0.0
P1,50,2,32,shallow,6,0.13542974639772232,0.059845291432576914,0.0755844549651454,0.12086073476877447,0.017748561452159518,0.10311217331661496,0.4322416329557793,0.0
P1,50,2,32,shallow,7,0.12767501895692748,0.05958942403035812,0.06808559492656936,0.12086073476877447,0.017748561452159518,0.10311217331661496,0.42751648122441394,0.0
P1,50,2,32,shallow,8,0.1320391563332786,0.05681526278049027,0.07522389355278833,0.12086073476877447,0.017748561452159518,0.10311217331661496,0.42643872910801,0.0
P1,50,2,32,shallow,9,0.12764233158111432,0.0583760926175211,0.06926623896359321,0.12086073476877447,0.017748561452159518,0.10311217331661496,0.4314657088743792,0.0
P1,100,4,3,deep,0,0.21026429616039555,0.09913452404222452,0.11112977211817103,0.15912431573695304,0.03158893044158619,0.12753538529536684,-0.08304775720953095,0.0
P1,100,4,3,deep,1,0.21001429715856643,0.09521930962682977,0.11479498753173666,0.15912431573695304,0.03158893044158619,0.12753538529536684,-0.07461015901705767,0.0
P1,100,4,3,deep,2,0.21300856890361558,0.1002201766059954,0.11278839229762018,0.15912431573695304,0.03158893044158619,0.12753538529536684,-0.09435339803836637,0.0
P1,100,4,3,deep,3,0.21052976435800716,0.09305901562958692,0.11747074872842024,0.15912431573695304,0.03158893044158619,0.12753538529536684,-0.09532461682364178,0.0
P1,100,4,3,deep,4,0.20760789721411382,0.09910464734857212,0.1085032498655417,0.15912431573695304,0.03158893044158619,0.12753538529536684,-0.08937978501221863,0.0
P1,100,4,3,deep,5,0.21095313096608295,0.10033437185982,0.11061875910626295,0.15912431573695304,0.03158893044158619,0.12753538529536684,-0.08494533436364955,0.0
P1,100,4,3,deep,6,0.2065424988167035,0.10558842427898642,0.10095407453771708,0.15912431573695304,0.03158893044158619,0.12753538529536684,-0.09193746262718773,0.0
P1,100,4,3,deep,7,0.21229564832153375,0.10128799579851101,0.11100765252302273,0.15912431573695304,0.03158893044158619,0.12753538529536684,-0.08770985302772641,0.0
P1,100,4,3,deep,8,0.20589190217115208,0.09253793017832822,0.11335397199282386,0.15912431573695304,0.03158893044158619,0.12753538529536684,-0.07082795499190381,0.0
P1,100,4,3,deep,9,0.2136917892575206,0.1022083106415004,0.1114834786160202,0.15912431573695304,0.03158893044158619,0.12753538529536684,-0.08964129350288796,0.0
P1,100,4,4,deep,0,0.17489416955370515,0.06132256150196674,0.11357160805173841,0.14775315510762305,0.018031209747682422,0.12972194535994064,-0.09944850076108215,0.0
P1,100,4,4,deep,1,0.1836835927009607,0.05909046064265841,0.1245931320583023,0.14775315510762305,0.018031209747682422,0.12972194535994064,-0.1076002501432135,0.0
P1,100,4,4,deep,2,0.17124381230557817,0.058602456385260134,0.11264135592031804,0.14775315510762305,0.018031209747682422,0.12972194535994064,-0.0997364987831209,0.0
P1,100,4,4,deep,3,0.18418082463686114,0.06457754115707932,0.11960328347978182,0.14775315510762305,0.018031209747682422,0.12972194535994064,-0.09522883018557637,0.0
P1,100,4,4,deep,4,0.1747887955026933,0.059788764257843886,0.11500003124484942,0.14775315510762305,0.018031209747682422,0.12972194535994064,-0.10558463301662438,0.0
P1,100,4,4,deep,5,0.18054834946609652,0.058712420335357604,0.12183592913073892,0.14775315510762305,0.018031209747682422,0.12972194535994064,-0.1071316612632155,0.0
P1,100,4,4,deep,6,0.17325558735235583,0.05793349984445421,0.11532208750790163,0.14775315510762305,0.018031209747682422,0.12972194535994064,-0.10297275756173897,0.0
P1,100,4,4,deep,7,0.1769842298431683,0.05757278373262453,0.11941144611054377,0.14775315510762305,0.018031209747682422,0.12972194535994064,-0.10087651130436137,0.0
P1,100,4,4,deep,8,0.17317707846037575,0.057441477932601535,0.11573560052777421,0.14775315510762305,0.018031209747682422,0.12972194535994064,-0.1114807141621206,0.0
P1,100,4,4,deep,9,0.1762784965713826,0.060239871887291026,0.11603862468409157,0.14775315510762305,0.018031209747682422,0.12972194535994064,-0.11298853635891533,0.0
P1,100,4,6,deep,0,0.1418204764627271,0.029277261663609198,0.11254321479911791,0.12802814657817257,0.009266422743102338,0.11876172383507023,-0.09839255005545812,0.0
P1,100,4,6,deep,1,0.14508611543343208,0.028303915282916328,0.11678220015051576,0.12802814657817257,0.009266422743102338,0.11876172383507023,-0.10837969555507126,0.0
P1,100,4,6,deep,2,0.1448615892761843,0.028224134801422295,0.11663745447476201,0.12802814657817257,0.009266422743102338,0.11876172383507023,-0.10860541739889894,0.0
P1,100,4,6,deep,3,0.14146249094488675,0.029962567082953126,0.11149992386193362,0.12802814657817257,0.009266422743102338,0.11876172383507023,-0.10927210914349898,0.0
P1,100,4,6,deep,4,0.14000379821500727,0.029997080994788042,0.11000671722021924,0.12802814657817257,0.009266422743102338,0.11876172383507023,-0.11152117892700916,0.0
P1,100,4,6,deep,5,0.14489846697506797,0.02688679456680681,0.11801167240826116,0.12802814657817257,0.009266422743102338,0.11876172383507023,-0.1075204556497633,0.0
P1,100,4,6,deep,6,0.14234840976841465,0.02883125033509157,0.11351715943332308,0.12802814657817257,0.009266422743102338,0.11876172383507023,-0.09820427569119233,0.0
P1,100,4,6,deep,7,0.14326479471289372,0.03148409389688272,0.11178070081601099,0.12802814657817257,0.009266422743102338,0.11876172383507023,-0.10690074249635986,0.0
P1,100,4,6,deep,8,0.14499025967857312,0.028662439956844216,0.11632781972172891,0.12802814657817257,0.009266422743102338,0.11876172383507023,-0.10751479483743134,0.0
P1,100,4,6,deep,9,0.1426132546108767,0.029818506674258612,0.11279474793661809,0.12802814657817257,0.009266422743102338,0.11876172383507023,-0.09758784363618184,0.0
P1,100,5,2,deep,0,0.2634377431973316,0.1429943077843289,0.1204434354130027,0.17688372817773113,0.04661229215556697,0.13027143602216415,-0.15712102517522683,0.0
P1,100,5,2,deep,1,0.2628643431662168,0.15012560075565726,0.11273874241055956,0.17688372817773113,0.04661229215556697,0.13027143602216415,-0.15002576686210972,0.0
P1,100,5,2,deep,2,0.26449921466041176,0.1389958791220102,0.12550333553840157,0.17688372817773113,0.04661229215556697,0.13027143602216415,-0.1608911759316422,0.0
P1,100,5,2,deep,3,0.2659536715578412,0.15097367132948158,0.11498000022835964,0.17688372817773113,0.04661229215556697,0.13027143602216415,-0.15217894893248785,0.0
P1,100,5,2,deep,4,0.2600673173595488,0.14234455827262657,0.11772275908692223,0.17688372817773113,0.04661229215556697,0.13027143602216415,-0.13374368663675062,0.0
P1,100,5,2,deep,5,0.27127101346571536,0.15063341488859058,0.12063759857712478,0.17688372817773113,0.04661229215556697,0.13027143602216415,-0.1426341772346612,0.0
P1,100,5,2,deep,6,0.26763746206825545,0.15140034054116583,0.11623712152708962,0.17688372817773113,0.04661229215556697,0.13027143602216415,-0.14397662505546138,0.0
P1,100,5,2,deep,7,0.2583308418134175,0.15490273874216978,0.1034281030712477,0.17688372817773113,0.04661229215556697,0.13027143602216415,-0.14626305268951767,0.0
P1,100,5,2,deep,8,0.2729280965132885,0.14878315520265475,0.12414494131063372,0.17688372817773113,0.04661229215556697,0.13027143602216415,-0.13460316182999432,0.0
P1,100,5,2,deep,9,0.2790102769973347,0.14692009733546368,0.13209017966187103,0.17688372817773113,0.04661229215556697,0.13027143602216415,-0.13604074222771464,0.0
P1,100,3,6,shallow,0,0.17885984818770423,0.06924679192324333,0.1096130562644609,0.15694551107434168,0.023278242057210095,0.13366726901713158,0.009311176196679753,0.0
P1,100,3,6,shallow,1,0.17981698337840715,0.07188328392823358,0.10793369945017357,0.15694551107434168,0.023278242057210095,0.13366726901713158,0.010787200413730798,0.0
P1,100,3,6,shallow,2,0.1868927438274586,0.07359188483393697,0.11330085899352163,0.15694551107434168,0.023278242057210095,0.13366726901713158,0.014029308579666465,0.0
P1,100,3,6,shallow,3,0.1776787119502494,0.07280798715943236,0.10487072479081704,0.15694551107434168,0.023278242057210095,0.13366726901713158,0.018787897674734582,0.0
P1,100,3,6,shallow,4,0.17868664423632588,0.06875157106156861,0.10993507317475727,0.15694551107434168,0.023278242057210095,0.13366726901713158,0.01987227530011177,0.0
P1,100,3,6,shallow,5,0.18219662042150384,0.07025506360856737,0.11194155681293647,0.15694551107434168,0.023278242057210095,0.13366726901713158,0.028580285055684412,0.0
P1,100,3,6,shallow,6,0.1895593595410338,0.06819996364997925,0.12135939589105456,0.15694551107434168,0.023278242057210095,0.13366726901713158,0.027886037077454715,0.0
P1,100,3,6,shallow,7,0.1801760745892152,0.06993763435187218,0.11023844023734301,0.15694551107434168,0.023278242057210095,0.13366726901713158,0.030823671314269885,0.0
P1,100,3,6,shallow,8,0.18341898809223092,0.06849912810132104,0.11491985999090988,0.15694551107434168,0.023278242057210095,0.13366726901713158,0.007922478335822814,0.0
P1,100,3,6,shallow,9,0.17876673358375644,0.07367356073288356,0.10509317285087288,0.15694551107434168,0.023278242057210095,0.13366726901713158,0.018450071970313245,0.0
P1,100,3,10,shallow,0,0.15565503321257051,0.03735831503815739,0.11829671817441312,0.1411588990743156,0.01270498138674558,0.12845391768757003,0.0423028992781173,0.0
P1,100,3,10,shallow,1,0.15336343294033,0.038419727151967696,0.1149437057883623,0.1411588990743156,0.01270498138674558,0.12845391768757003,0.04101799366929977,0.0
P1,100,3,10,shallow,2,0.15236815054917524,0.03735670041696391,0.11501145013221134,0.1411588990743156,0.01270498138674558,0.12845391768757003,0.03820490137730323,0.0
P1,100,3,10,shallow,3,0.14812268180416915,0.03653757416566667,0.11158510763850249,0.1411588990743156,0.01270498138674558,0.12845391768757003,0.04412984133388466,0.0
P1,100,3,10,shallow,4,0.15329984604804245,0.03858557801410842,0.11471426803393403,0.1411588990743156,0.01270498138674558,0.12845391768757003,0.043591952082802116,0.0
P1,100,3,10,shallow,5,0.15473781413829976,0.038959931335248166,0.1157778828030516,0.1411588990743156,0.01270498138674558,0.12845391768757003,0.049410426964100626,0.0
P1,100,3,10,shallow,6,0.15268813531916917,0.04025868866045227,0.1124294466587169,0.1411588990743156,0.01270498138674558,0.12845391768757003,0.05317692948307101,0.0
P1,100,3,10,shallow,7,0.15549490762640394,0.039631456528437456,0.11586345109796649,0.1411588990743156,0.01270498138674558,0.12845391768757003,0.03950777909176277,0.0
P1,100,3,10,shallow,8,0.15256750723478432,0.040137443889697796,0.11243006334508653,0.1411588990743156,0.01270498138674558,0.12845391768757003,0.04362019445032539,0.0
P1,100,3,10,shallow,9,0.1482043278038976,0.03755796139718404,0.11064636640671358,0.1411588990743156,0.01270498138674558,0.12845391768757003,0.03868023526453146,0.0
P1,100,3,16,shallow,0,0.13356278261164053,0.022618266525490066,0.11094451608615047,0.12664606397889966,0.007346761599253075,0.11929930237964659,0.09858718192465679,0.0
P1,100,3,16,shallow,1,0.13337100594758453,0.02175974857459718,0.11161125737298734,0.12664606397889966,0.007346761599253075,0.11929930237964659,0.09696419271804221,0.0
P1,100,3,16,shallow,2,0.13290135103514958,0.020819278710539672,0.1120820723246099,0.12664606397889966,0.007346761599253075,0.11929930237964659,0.09611125044987527,0.0
P1,100,3,16,shallow,3,0.13105565261071375,0.024190206490520914,0.10686544612019283,0.12664606397889966,0.007346761599253075,0.11929930237964659,0.09811706840634016,0.0
P1,100,3,16,shallow,4,0.13375093305200472,0.024330547252448313,0.1094203857995564,0.12664606397889966,0.007346761599253075,0.11929930237964659,0.0961078625157359,0.0
P1,100,3,16,shallow,5,0.13264086001526307,0.023376460344844946,0.10926439967041812,0.12664606397889966,0.007346761599253075,0.11929930237964659,0.093471496710135,0.0
P1,100,3,16,shallow,6,0.13478320698551072,0.02376322081477985,0.11101998617073086,0.12664606397889966,0.007346761599253075,0.11929930237964659,0.09560031049100576,0.0
P1,100,3,16,shallow,7,0.1335048089089985,0.021892780861396666,0.11161202804760183,0.12664606397889966,0.007346761599253075,0.11929930237964659,0.09329629400171852,0.0
P1,100,3,16,shallow,8,0.13006847412091604,0.02269490271001739,0.10737357141089865,0.12664606397889966,0.007346761599253075,0.11929930237964659,0.09440993478611315,0.0
P1,100,3,16,shallow,9,0.1323336899300804,0.02376599316862112,0.10856769676145929,0.12664606397889966,0.007346761599253075,0.11929930237964659,0.09134322758138946,0.0
P1,100,2,32,shallow,0,0.13621688233458132,0.0628820241049947,0.07333485822958662,0.128418228768376,0.019678741328789655,0.10873948743958634,0.3445587932045546,0.0
P1,100,2,32,shallow,1,0.1375730823544355,0.06142456029400318,0.07614852206043232,0.128418228768376,0.019678741328789655,0.10873948743958634,0.3521722413352137,0.0
P1,100,2,32,shallow,2,0.14256618651789169,0.061819029217792656,0.08074715730009903,0.128418228768376,0.019678741328789655,0.10873948743958634,0.3503614309176834,0.0
P1,100,2,32,shallow,3,0.14060957859286888,0.060506785733852514,0.08010279285901636,0.128418228768376,0.019678741328789655,0.10873948743958634,0.34383520649860483,0.0
P1,100,2,32,shallow,4,0.13849049658238477,0.06122027148627014,0.07727022509611463,0.128418228768376,0.019678741328789655,0.10873948743958634,0.34830839194007973,0.0
P1,100,2,32,shallow,5,0.1392084779943013,0.05790291515023881,0.0813055628440625,0.128418228768376,0.019678741328789655,0.10873948743958634,0.35391082000395846,0.0
P1,100,2,32,shallow,6,0.13715639924350043,0.06097951269038229,0.07617688655311813,0.128418228768376,0.019678741328789655,0.10873948743958634,0.35322927182061686,0.0
P1,100,2,32,shallow,7,0.13939154341090784,0.06101749130539617,0.07837405210551168,0.128418228768376,0.019678741328789655,0.10873948743958634,0.3448314502015463,0.0
P1,100,2,32,shallow,8,0.1429743864414737,0.05830814029937524,0.08466624614209846,0.128418228768376,0.019678741328789655,0.10873948743958634,0.33777978368266076,0.0
P1,100,2,32,shallow,9,0.1331311114872311,0.06153663527656514,0.07159447621066597,0.128418228768376,0.019678741328789655,0.10873948743958634,0.3430585259888289,0.0
P2_a4,20,4,3,deep,0,0.21587202916049755,0.11616640399139981,0.09970562516909774,0.16719895414998512,0.03564094017575344,0.13155801397423167,-0.14392306802981092,0.0
P2_a4,20,4,3,deep,1,0.21247891018365692,0.10853358123592276,0.10394532894773416,0.16719895414998512,0.03564094017575344,0.13155801397423167,-0.14437286299456756,0.0
P2_a4,20,4,3,deep,2,0.2103629715047702,0.11581931643445789,0.09454365507031232,0.16719895414998512,0.03564094017575344,0.13155801397423167,-0.14333967667298797,0.0
P2_a4,20,4,3,deep,3,0.21264044147658961,0.11529867001223584,0.09734177146435377,0.16719895414998512,0.03564094017575344,0.13155801397423167,-0.14424014438328067,0.0
P2_a4,20,4,3,deep,4,0.21770934042909898,0.11151267694340017,0.10619666348569881,0.16719895414998512,0.03564094017575344,0.13155801397423167,-0.14397580441546393,0.0
P2_a4,20,4,3,deep,5,0.20611983916936966,0.10814375313484786,0.09797608603452179,0.16719895414998512,0.03564094017575344,0.13155801397423167,-0.14429762383628125,0.0
P2_a4,20,4,3,deep,6,0.20596914968586766,0.1158026387456958,0.09016651094017186,0.16719895414998512,0.03564094017575344,0.13155801397423167,-0.14313144750320736,0.0
P2_a4,20,4,3,deep,7,0.2105073779222336,0.11637573174189994,0.09413164618033365,0.16719895414998512,0.03564094017575344,0.13155801397423167,-0.14294876183044872,0.0
P2_a4,20,4,3,deep,8,0.21922844996870003,0.1123595208595246,0.10686892910917543,0.16719895414998512,0.03564094017575344,0.13155801397423167,-0.14350000079174016,0.0
P2_a4,20,4,3,deep,9,0.20845344662625054,0.1139503938851604,0.09450305274109014,0.16719895414998512,0.03564094017575344,0.13155801397423167,-0.14280185072196064,0.0
P2_a4,20,4,4,deep,0,0.16948373102789588,0.06623003704501594,0.10325369398287994,0.14234362557205055,0.02236006674173087,0.11998355883031968,-0.1386093686947255,0.0
P2_a4,20,4,4,deep,1,0.1671384237488131,0.07002937730652158,0.09710904644229153,0.14234362557205055,0.02236006674173087,0.11998355883031968,-0.1386393689980975,0.0
P2_a4,20,4,4,deep,2,0.17152884702238358,0.07355066903648735,0.09797817798589623,0.14234362557205055,0.02236006674173087,0.11998355883031968,-0.13682327615465809,0.0
P2_a4,20,4,4,deep,3,0.17278546557120897,0.06796014910211919,0.10482531646908978,0.14234362557205055,0.02236006674173087,0.11998355883031968,-0.13834487838696882,0.0
P2_a4,20,4,4,deep,4,0.17380578847381503,0.07137179512542055,0.10243399334839448,0.14234362557205055,0.02236006674173087,0.11998355883031968,-0.1393403732879491,0.0
P2_a4,20,4,4,deep,5,0.17474651406303646,0.06864604372316387,0.10610047033987259,0.14234362557205055,0.02236006674173087,0.11998355883031968,-0.1385807694510357,0.0
P2_a4,20,4,4,deep,6,0.16858427672115503,0.06598872367209371,0.10259555304906132,0.14234362557205055,0.02236006674173087,0.11998355883031968,-0.13889666260087824,0.0
P2_a4,20,4,4,deep,7,0.17197191045927154,0.06876797475469107,0.10320393570458047,0.14234362557205055,0.02236006674173087,0.11998355883031968,-0.13823120314507165,0.0
P2_a4,20,4,4,deep,8,0.16772399348997424,0.06800347900357444,0.0997205144863998,0.14234362557205055,0.02236006674173087,0.11998355883031968,-0.13814970488115616,0.0
P2_a4,20,4,4,deep,9,0.17218343643058479,0.06761052165178376,0.10457291477880103,0.14234362557205055,0.02236006674173087,0.11998355883031968,-0.13770327393526902,0.0
P2_a4,20,4,6,deep,0,0.12775780861158756,0.03113011084593688,0.09662769776565068,0.10886265780144888,0.010249087280429125,0.09861357052101975,-0.13160964210839182,0.0
P2_a4,20,4,6,deep,1,0.12721135005935694,0.03218365917418,0.09502769088517693,0.10886265780144888,0.010249087280429125,0.09861357052101975,-0.13236873166950264,0.0
P2_a4,20,4,6,deep,2,0.1268274346389258,0.03333845089685194,0.09348898374207384,0.10886265780144888,0.010249087280429125,0.09861357052101975,-0.1318422974055864,0.0
P2_a4,20,4,6,deep,3,0.12400038015650919,0.033267065685953105,0.09073331447055608,0.10886265780144888,0.010249087280429125,0.09861357052101975,-0.13315341678803774,0.0
P2_a4,20,4,6,deep,4,0.12316921363313915,0.033071258247411466,0.09009795538572768,0.10886265780144888,0.010249087280429125,0.09861357052101975,-0.13242709573963285,0.0
P2_a4,20,4,6,deep,5,0.12813532411192474,0.0339520179354656,0.09418330617645915,0.10886265780144888,0.010249087280429125,0.09861357052101975,-0.13199852057131534,0.0
P2_a4,20,4,6,deep,6,0.12601174538417784,0.03588024255883595,0.09013150282534188,0.10886265780144888,0.010249087280429125,0.09861357052101975,-0.13230867862516862,0.0
P2_a4,20,4,6,deep,7,0.12435972100811976,0.0336134004519485,0.09074632055617127,0.10886265780144888,0.010249087280429125,0.09861357052101975,-0.13181571400692138,0.0
P2_a4,20,4,6,deep,8,0.12538438415584208,0.03287026549924413,0.09251411865659795,0.10886265780144888,0.010249087280429125,0.09861357052101975,-0.1322495955702019,0.0
P2_a4,20,4,6,deep,9,0.12096270055885032,0.03390961248447273,0.08705308807437759,0.10886265780144888,0.010249087280429125,0.09861357052101975,-0.13212606554654266,0.0
P2_a4,20,5,2,deep,0,0.25471831173894366,0.15605943937018843,0.09865887236875523,0.1857623886370628,0.05134477179948266,0.13441761683758013,-0.1440156671270192,0.0
P2_a4,20,5,2,deep,1,0.26664057287607346,0.1666908057139526,0.09994976716212087,0.1857623886370628,0.05134477179948266,0.13441761683758013,-0.14604594510893948,0.0
P2_a4,20,5,2,deep,2,0.27108701020614645,0.1633627400504423,0.10772427015570415,0.1857623886370628,0.05134477179948266,0.13441761683758013,-0.14469339315668295,0.0
P2_a4,20,5,2,deep,3,0.2602427887344191,0.16175257841314136,0.09849021032127772,0.1857623886370628,0.05134477179948266,0.13441761683758013,-0.1440119183508821,0.0
P2_a4,20,5,2,deep,4,0.27419707104488805,0.1581619189250934,0.11603515211979465,0.1857623886370628,0.05134477179948266,0.13441761683758013,-0.14512123086718298,0.0
P2_a4,20,5,2,deep,5,0.27196509986865103,0.17651321651660976,0.09545188335204127,0.1857623886370628,0.05134477179948266,0.13441761683758013,-0.14545626283605334,0.0
P2_a4,20,5,2,deep,6,0.28287823605309675,0.1705171875841889,0.11236104846890785,0.1857623886370628,0.05134477179948266,0.13441761683758013,-0.1442683842409284,0.0
P2_a4,20,5,2,deep,7,0.2662112979877762,0.1660137044582673,0.10019759352950891,0.1857623886370628,0.05134477179948266,0.13441761683758013,-0.1458705823869337,0.0
P2_a4,20,5,2,deep,8,0.26623879280761276,0.15750321260774894,0.10873558019986382,0.1857623886370628,0.05134477179948266,0.13441761683758013,-0.1443590424126345,0.0
P2_a4,20,5,2,deep,9,0.2691078553266354,0.17010370001261602,0.09900415531401938,0.1857623886370628,0.05134477179948266,0.13441761683758013,-0.14600370904139715,0.0
P2_a4,20,3,6,shallow,0,0.1857224585952946,0.08383291332274048,0.10188954527255412,0.16560947694688116,0.025208507192483135,0.14040096975439803,-0.14025659788493888,0.0
P2_a4,20,3,6,shallow,1,0.18415188868117707,0.0783508234244347,0.10580106525674238,0.16560947694688116,0.025208507192483135,0.14040096975439803,-0.13963703856798718,0.0
P2_a4,20,3,6,shallow,2,0.17770078880252585,0.07801700972804317,0.09968377907448268,0.16560947694688116,0.025208507192483135,0.14040096975439803,-0.14109830888140448,0.0
P2_a4,20,3,6,shallow,3,0.1885436956183823,0.08101000273411185,0.10753369288427045,0.16560947694688116,0.025208507192483135,0.14040096975439803,-0.13931908267450877,0.0
P2_a4,20,3,6,shallow,4,0.18766428098125523,0.08265065600330956,0.10501362497794567,0.16560947694688116,0.025208507192483135,0.14040096975439803,-0.13961813448425858,0.0
P2_a4,20,3,6,shallow,5,0.19439885040161908,0.08534641807879051,0.10905243232282857,0.16560947694688116,0.025208507192483135,0.14040096975439803,-0.14042192728455527,0.0
P2_a4,20,3,6,shallow,6,0.19142332805460852,0.08168275277762355,0.10974057527698497,0.16560947694688116,0.025208507192483135,0.14040096975439803,-0.14029535492009426,0.0
P2_a4,20,3,6,shallow,7,0.18623065257307592,0.07832814014381362,0.1079025124292623,0.16560947694688116,0.025208507192483135,0.14040096975439803,-0.1397794910461216,0.0
P2_a4,20,3,6,shallow,8,0.18360664277101152,0.07837046225032242,0.1052361805206891,0.16560947694688116,0.025208507192483135,0.14040096975439803,-0.14019391317817287,0.0
P2_a4,20,3,6,shallow,9,0.18855345834626214,0.0856186121182049,0.10293484622805724,0.16560947694688116,0.025208507192483135,0.14040096975439803,-0.14069394548507497,0.0
P2_a4,20,3,10,shallow,0,0.14901519187544546,0.044070540715045986,0.10494465116039947,0.14161231744616773,0.014285420684928902,0.12732689676123882,-0.13261665047006888,0.0
P2_a4,20,3,10,shallow,1,0.15479740050702942,0.04457575614938999,0.11022164435763943,0.14161231744616773,0.014285420684928902,0.12732689676123882,-0.1316326003410047,0.0
P2_a4,20,3,10,shallow,2,0.1521038954764663,0.04493227701296067,0.10717161846350563,0.14161231744616773,0.014285420684928902,0.12732689676123882,-0.13222045992666195,0.0
P2_a4,20,3,10,shallow,3,0.15475373664506614,0.04564783614051471,0.10910590050455143,0.14161231744616773,0.014285420684928902,0.12732689676123882,-0.13347436902418006,0.0
P2_a4,20,3,10,shallow,4,0.14909117188871257,0.04260674121643184,0.10648443067228072,0.14161231744616773,0.014285420684928902,0.12732689676123882,-0.13193482450245936,0.0
P2_a4,20,3,10,shallow,5,0.14830481107558868,0.04531204263466847,0.10299276844092022,0.14161231744616773,0.014285420684928902,0.12732689676123882,-0.13232306944361943,0.0
P2_a4,20,3,10,shallow,6,0.1532378427926093,0.047430437312788516,0.10580740547982079,0.14161231744616773,0.014285420684928902,0.12732689676123882,-0.13236333675888207,0.0
P2_a4,20,3,10,shallow,7,0.153136945384127,0.04606855611838573,0.10706838926574128,0.14161231744616773,0.014285420684928902,0.12732689676123882,-0.13288933264006633,0.0
P2_a4,20,3,10,shallow,8,0.15478166850892963,0.04498430913822269,0.10979735937070695,0.14161231744616773,0.014285420684928902,0.12732689676123882,-0.13219528900160318,0.0
P2_a4,20,3,10,shallow,9,0.1478050188086978,0.04751541193870944,0.10028960686998838,0.14161231744616773,0.014285420684928902,0.12732689676123882,-0.13227675839626085,0.0
P2_a4,20,3,16,shallow,0,0.12665821043227993,0.02668334986015138,0.09997486057212855,0.11891544565759883,0.008697458004295078,0.11021798765330375,-0.12485387754100148,0.0
P2_a4,20,3,16,shallow,1,0.12798955126906367,0.027344225070311142,0.10064532619875252,0.11891544565759883,0.008697458004295078,0.11021798765330375,-0.12479912895306682,0.0
P2_a4,20,3,16,shallow,2,0.12343786890048321,0.02793660629494433,0.09550126260553887,0.11891544565759883,0.008697458004295078,0.11021798765330375,-0.1245766547153266,0.0
P2_a4,20,3,16,shallow,3,0.12426767035831528,0.0256662527236963,0.09860141763461898,0.11891544565759883,0.008697458004295078,0.11021798765330375,-0.12458514670783542,0.0
P2_a4,20,3,16,shallow,4,0.12340155755801885,0.028080581710495642,0.0953209758475232,0.11891544565759883,0.008697458004295078,0.11021798765330375,-0.12422434458193868,0.0
P2_a4,20,3,16,shallow,5,0.12594707330586133,0.026770970664092696,0.09917610264176863,0.11891544565759883,0.008697458004295078,0.11021798765330375,-0.1248706528140354,0.0
P2_a4,20,3,16,shallow,6,0.12526938199896537,0.025594492492212635,0.09967488950675274,0.11891544565759883,0.008697458004295078,0.11021798765330375,-0.12518835112067217,0.0
P2_a4,20,3,16,shallow,7,0.12613920884473487,0.027216454968035108,0.09892275387669976,0.11891544565759883,0.008697458004295078,0.11021798765330375,-0.12508274155326407,0.0
P2_a4,20,3,16,shallow,8,0.1227925334852336,0.027894401549785668,0.09489813193544794,0.11891544565759883,0.008697458004295078,0.11021798765330375,-0.12454695075061718,0.0
P2_a4,20,3,16,shallow,9,0.12537317985262986,0.02672794237333121,0.09864523747929865,0.11891544565759883,0.008697458004295078,0.11021798765330375,-0.125089068533264,0.0
P2_a4,20,2,32,shallow,0,0.2023453697088378,0.06994201290743546,0.13240335680140233,0.19920873344593554,0.022035283238405326,0.17717345020753023,-0.12281126103717833,0.0
P2_a4,20,2,32,shallow,1,0.20580712041989369,0.06780993207638943,0.13799718834350427,0.19920873344593554,0.022035283238405326,0.17717345020753023,-0.12197120425256831,0.0
P2_a4,20,2,32,shallow,2,0.2035126518907843,0.07095252609218765,0.13256012579859666,0.19920873344593554,0.022035283238405326,0.17717345020753023,-0.12313647266365363,0.0
P2_a4,20,2,32,shallow,3,0.20875583729851566,0.0744345914119615,0.13432124588655414,0.19920873344593554,0.022035283238405326,0.17717345020753023,-0.12283118516998684,0.0
P2_a4,20,2,32,shallow,4,0.20724170214108859,0.06954146930376336,0.13770023283732524,0.19920873344593554,0.022035283238405326,0.17717345020753023,-0.12188068131985827,0.0
P2_a4,20,2,32,shallow,5,0.2075429427364516,0.07106893394122574,0.13647400879522587,0.19920873344593554,0.022035283238405326,0.17717345020753023,-0.12271485595932774,0.0
P2_a4,20,2,32,shallow,6,0.20837561861378273,0.0717761353919172,0.13659948322186555,0.19920873344593554,0.022035283238405326,0.17717345020753023,-0.12368824857197033,0.0
P2_a4,20,2,32,shallow,7,0.20471615328497642,0.06609183232777412,0.13862432095720228,0.19920873344593554,0.022035283238405326,0.17717345020753023,-0.12264535356134082,0.0
P2_a4,20,2,32,shallow,8,0.20457959502940223,0.0700732417002897,0.13450635332911254,0.19920873344593554,0.022035283238405326,0.17717345020753023,-0.12248909360900503,0.0
P2_a4,20,2,32,shallow,9,0.20450846455909913,0.07187820953227662,0.13263025502682252,0.19920873344593554,0.022035283238405326,0.17717345020753023,-0.12148449887968335,0.0
P2_a4,50,4,3,deep,0,0.37198597007837086,0.1489622411918504,0.22302372888652047,0.323302157723744,0.049781375246891864,0.27352078247685213,-0.25032259191382633,0.0
P2_a4,50,4,3,deep,1,0.3659963757814242,0.15272527663605226,0.21327109914537193,0.323302157723744,0.049781375246891864,0.27352078247685213,-0.2476230547160104,0.0
P2_a4,50,4,3,deep,2,0.386516992734329,0.15193510925459092,0.23458188347973807,0.323302157723744,0.049781375246891864,0.27352078247685213,-0.24908831474387344,0.0
P2_a4,50,4,3,deep,3,0.35740329841963925,0.16235670953815995,0.1950465888814793,0.323302157723744,0.049781375246891864,0.27352078247685213,-0.24895293806670765,0.0
P2_a4,50,4,3,deep,4,0.378468205741062,0.15357969499844232,0.22488851074261967,0.323302157723744,0.049781375246891864,0.27352078247685213,-0.24425923261768862,0.0
P2_a4,50,4,3,deep,5,0.36043814101104377,0.15619181286332603,0.20424632814771773,0.323302157723744,0.049781375246891864,0.27352078247685213,-0.24835647215347958,0.0
P2_a4,50,4,3,deep,6,0.3710858630214896,0.15214869764513747,0.21893716537635213,0.323302157723744,0.049781375246891864,0.27352078247685213,-0.24756736914729552,0.0
P2_a4,50,4,3,deep,7,0.38446387059259163,0.15379205559969703,0.2306718149928946,0.323302157723744,0.049781375246891864,0.27352078247685213,-0.2480794002039198,0.0
P2_a4,50,4,3,deep,8,0.3581767397783733,0.15416396869759524,0.20401277108077803,0.323302157723744,0.049781375246891864,0.27352078247685213,-0.251319628286293,0.0
P2_a4,50,4,3,deep,9,0.3585040325295881,0.14782939520033528,0.21067463732925285,0.323302157723744,0.049781375246891864,0.27352078247685213,-0.2519526208424278,0.0
P2_a4,50,4,4,deep,0,0.34192359487895935,0.09797011060826892,0.2439534842706904,0.3100088630962514,0.02998028481099907,0.28002857828525235,-0.24541048051182077,0.0
P2_a4,50,4,4,deep,1,0.33282977623883003,0.10038664438711972,0.2324431318517103,0.3100088630962514,0.02998028481099907,0.28002857828525235,-0.24508980861107135,0.0
P2_a4,50,4,4,deep,2,0.3309864885604976,0.09903952258182462,0.23194696597867298,0.3100088630962514,0.02998028481099907,0.28002857828525235,-0.2452977907671231,0.0
P2_a4,50,4,4,deep,3,0.3387684761197117,0.0942313533240473,0.24453712279566442,0.3100088630962514,0.02998028481099907,0.28002857828525235,-0.2447147004173921,0.0
P2_a4,50,4,4,deep,4,0.3344995508767648,0.09383829557906292,0.24066125529770188,0.3100088630962514,0.02998028481099907,0.28002857828525235,-0.24409354442642756,0.0
P2_a4,50,4,4,deep,5,0.33496409131541643,0.09907577779926798,0.23588831351614847,0.3100088630962514,0.02998028481099907,0.28002857828525235,-0.2482520025922434,0.0
P2_a4,50,4,4,deep,6,0.3440305485040303,0.09516469037202478,0.2488658581320055,0.3100088630962514,0.02998028481099907,0.28002857828525235,-0.24654188946925776,0.0
P2_a4,50,4,4,deep,7,0.3481088795501614,0.10007513889623561,0.2480337406539258,0.3100088630962514,0.02998028481099907,0.28002857828525235,-0.24626748222790038,0.0
P2_a4,50,4,4,deep,8,0.3359262581846853,0.09440046027254385,0.24152579791214146,0.3100088630962514,0.02998028481099907,0.28002857828525235,-0.2422362437884438,0.0
P2_a4,50,4,4,deep,9,0.31880349355690907,0.09884924609703696,0.2199542474598721,0.3100088630962514,0.02998028481099907,0.28002857828525235,-0.24390867885941195,0.0
P2_a4,50,4,6,deep,0,0.2959472076416949,0.05220432940596133,0.2437428782357336,0.2835116356955989,0.01634136096938097,0.2671702747262179,-0.24043459933340444,0.0
P2_a4,50,4,6,deep,1,0.28810486698237864,0.0541301675932789,0.23397469938909973,0.2835116356955989,0.01634136096938097,0.2671702747262179,-0.24318037930699915,0.0
P2_a4,50,4,6,deep,2,0.30083669717756645,0.05486344693989326,0.2459732502376732,0.2835116356955989,0.01634136096938097,0.2671702747262179,-0.23916133680706045,0.0
P2_a4,50,4,6,deep,3,0.2982217101365809,0.05119864359712947,0.2470230665394514,0.2835116356955989,0.01634136096938097,0.2671702747262179,-0.23969379115923609,0.0
P2_a4,50,4,6,deep,4,0.29188771166848293,0.052418800539163986,0.23946891112931895,0.2835116356955989,0.01634136096938097,0.2671702747262179,-0.24048131693836974,0.0
P2_a4,50,4,6,deep,5,0.29462067141327547,0.05158674483321873,0.24303392658005674,0.2835116356955989,0.01634136096938097,0.2671702747262179,-0.24177282917141513,0.0
P2_a4,50,4,6,deep,6,0.306071357575917,0.052473312920795934,0.2535980446551211,0.2835116356955989,0.01634136096938097,0.2671702747262179,-0.24112650011121387,0.0
P2_a4,50,4,6,deep,7,0.2955737978626424,0.05281095897123684,0.24276283889140554,0.2835116356955989,0.01634136096938097,0.2671702747262179,-0.24254291467364744,0.0
P2_a4,50,4,6,deep,8,0.2892682087275624,0.05233594176009788,0.23693226696746456,0.2835116356955989,0.01634136096938097,0.2671702747262179,-0.24286811762791236,0.0
P2_a4,50,4,6,deep,9,0.313666196197901,0.052881463075346136,0.26078473312255485,0.2835116356955989,0.01634136096938097,0.2671702747262179,-0.24314710571866432,0.0
P2_a4,50,5,2,deep,0,0.4467043650195529,0.20341628891344485,0.24328807610610806,0.3453989713625137,0.0670978445000387,0.278301126862475,-0.23443230981265492,0.0
P2_a4,50,5,2,deep,1,0.4282411444394299,0.20837503352998574,0.21986611090944416,0.3453989713625137,0.0670978445000387,0.278301126862475,-0.23442222907955876,0.0
P2_a4,50,5,2,deep,2,0.4466345944849289,0.21583062262658823,0.2308039718583407,0.3453989713625137,0.0670978445000387,0.278301126862475,-0.23098806023071067,0.0
P2_a4,50,5,2,deep,3,0.4239420235999902,0.21774457992854887,0.20619744367144135,0.3453989713625137,0.0670978445000387,0.278301126862475,-0.23276010351319518,0.0
P2_a4,50,5,2,deep,4,0.42045166261356115,0.22699167992857452,0.19345998268498663,0.3453989713625137,0.0670978445000387,0.278301126862475,-0.2267265266102089,0.0
P2_a4,50,5,2,deep,5,0.4566309184041388,0.21042327180058107,0.2462076466035577,0.3453989713625137,0.0670978445000387,0.278301126862475,-0.23332487280793376,0.0
P2_a4,50,5,2,deep,6,0.44819736306889973,0.2129267701442923,0.23527059292460745,0.3453989713625137,0.0670978445000387,0.278301126862475,-0.23344357337473742,0.0
P2_a4,50,5,2,deep,7,0.44650361093259555,0.21081682308210223,0.23568678785049332,0.3453989713625137,0.0670978445000387,0.278301126862475,-0.23252481026932315,0.0
P2_a4,50,5,2,deep,8,0.43560517306355157,0.21249430270114292,0.22311087036240865,0.3453989713625137,0.0670978445000387,0.278301126862475,-0.23669902448380506,0.0
P2_a4,50,5,2,deep,9,0.4319510122960775,0.22345759732658815,0.20849341496948937,0.3453989713625137,0.0670978445000387,0.278301126862475,-0.22823807186399753,0.0
P2_a4,50,3,6,shallow,0,0.34389531293434494,0.12811698165989288,0.21577833127445206,0.3260053715118033,0.0394585213850783,0.286546850126725,-0.270691966247431,0.0
P2_a4,50,3,6,shallow,1,0.3477805431825905,0.1280709349981544,0.2197096081844361,0.3260053715118033,0.0394585213850783,0.286546850126725,-0.26977958597063645,0.0
P2_a4,50,3,6,shallow,2,0.3593067282990557,0.13190488849322976,0.22740183980582593,0.3260053715118033,0.0394585213850783,0.286546850126725,-0.26429560744562636,0.0
P2_a4,50,3,6,shallow,3,0.3514759397625559,0.12656046335950805,0.22491547640304788,0.3260053715118033,0.0394585213850783,0.286546850126725,-0.2665980539723092,0.0
P2_a4,50,3,6,shallow,4,0.3500690545525528,0.1322571208946988,0.21781193365785403,0.3260053715118033,0.0394585213850783,0.286546850126725,-0.26683547753173115,0.0
P2_a4,50,3,6,shallow,5,0.3444320472839345,0.1273299871944172,0.2171020600895173,0.3260053715118033,0.0394585213850783,0.286546850126725,-0.2652605016166141,0.0
P2_a4,50,3,6,shallow,6,0.3468668142037302,0.12525880926280936,0.22160800494092087,0.3260053715118033,0.0394585213850783,0.286546850126725,-0.2642305524647815,0.0
P2_a4,50,3,6,shallow,7,0.345033403144631,0.12395290613540734,0.22108049700922366,0.3260053715118033,0.0394585213850783,0.286546850126725,-0.2659427938148816,0.0
P2_a4,50,3,6,shallow,8,0.34925664487605773,0.12670295191918812,0.2225536929568696,0.3260053715118033,0.0394585213850783,0.286546850126725,-0.2700607436459862,0.0
P2_a4,50,3,6,shallow,9,0.35322632488890976,0.12930351931874629,0.22392280557016347,0.3260053715118033,0.0394585213850783,0.286546850126725,-0.27108579372450753,0.0
P2_a4,50,3,10,shallow,0,0.31508090205055034,0.07124397590122485,0.2438369261493255,0.31150045013652206,0.0231846979296829,0.28831575220683914,-0.2655414032339993,0.0
P2_a4,50,3,10,shallow,1,0.3248767975074122,0.0755088970709652,0.24936790043644702,0.31150045013652206,0.0231846979296829,0.28831575220683914,-0.2625158734469299,0.0
P2_a4,50,3,10,shallow,2,0.3264871856880405,0.07121532438230004,0.2552718613057405,0.31150045013652206,0.0231846979296829,0.28831575220683914,-0.266216740999005,0.0
P2_a4,50,3,10,shallow,3,0.3259403741898417,0.07668952349220895,0.24925085069763273,0.31150045013652206,0.0231846979296829,0.28831575220683914,-0.2635567905335712,0.0
P2_a4,50,3,10,shallow,4,0.3223876110131706,0.07293468948774423,0.24945292152542636,0.31150045013652206,0.0231846979296829,0.28831575220683914,-0.2631418478387455,0.0
P2_a4,50,3,10,shallow,5,0.32555790026153014,0.07158131598414917,0.25397658427738096,0.31150045013652206,0.0231846979296829,0.28831575220683914,-0.26158304435022955,0.0
P2_a4,50,3,10,shallow,6,0.3197708048078116,0.07403514939122859,0.24573565541658304,0.31150045013652206,0.0231846979296829,0.28831575220683914,-0.26421581061272004,0.0
P2_a4,50,3,10,shallow,7,0.3205854757123141,0.07381740571428917,0.24676806999802492,0.31150045013652206,0.0231846979296829,0.28831575220683914,-0.26427632072048024,0.0
P2_a4,50,3,10,shallow,8,0.3167547658566594,0.07153940519289756,0.24521536066376184,0.31150045013652206,0.0231846979296829,0.28831575220683914,-0.26415600523967925,0.0
P2_a4,50,3,10,shallow,9,0.317823953250084,0.07623412540328715,0.24158982784679683,0.31150045013652206,0.0231846979296829,0.28831575220683914,-0.26298051903304887,0.0
P2_a4,50,3,16,shallow,0,0.29793884923454844,0.044547479827434455,0.253391369407114,0.2912021459896117,0.015046231820867987,0.2761559141687437,-0.2597067446773948,0.0
P2_a4,50,3,16,shallow,1,0.2925121933970589,0.04380821257535162,0.2487039808217073,0.2912021459896117,0.015046231820867987,0.2761559141687437,-0.2582584595496365,0.0
P2_a4,50,3,16,shallow,2,0.29879761146730716,0.04723124115032838,0.25156637031697876,0.2912021459896117,0.015046231820867987,0.2761559141687437,-0.26094618091305166,0.0
P2_a4,50,3,16,shallow,3,0.2970367684431503,0.04803655376597092,0.24900021467717937,0.2912021459896117,0.015046231820867987,0.2761559141687437,-0.25838603091651946,0.0
P2_a4,50,3,16,shallow,4,0.2941028137680392,0.04345581112845874,0.25064700263958045,0.2912021459896117,0.015046231820867987,0.2761559141687437,-0.2616452507241548,0.0
P2_a4,50,3,16,shallow,5,0.2956478323562998,0.04773592097479876,0.24791191138150107,0.2912021459896117,0.015046231820867987,0.2761559141687437,-0.26020877215864463,0.0
P2_a4,50,3,16,shallow,6,0.299857168002993,0.0467729727550262,0.2530841952479668,0.2912021459896117,0.015046231820867987,0.2761559141687437,-0.2603902459022977,0.0
P2_a4,50,3,16,shallow,7,0.2987908921383336,0.046007925601911755,0.25278296653642185,0.2912021459896117,0.015046231820867987,0.2761559141687437,-0.25958259542325396,0.0
P2_a4,50,3,16,shallow,8,0.2976157650385281,0.044552210766385915,0.25306355427214217,0.2912021459896117,0.015046231820867987,0.2761559141687437,-0.2601576797500675,0.0
P2_a4,50,3,16,shallow,9,0.2964170297735276,0.043139755208244056,0.25327727456528354,0.2912021459896117,0.015046231820867987,0.2761559141687437,-0.2587125009233423,0.0
P2_a4,50,2,32,shallow,0,0.40280013577770196,0.1274824387484391,0.2753176970292629,0.3896387341338991,0.038933295952258244,0.35070543818164085,-0.2926278261970259,0.0
P2_a4,50,2,32,shallow,1,0.399765493544645,0.12420487751004615,0.27556061603459886,0.3896387341338991,0.038933295952258244,0.35070543818164085,-0.2919056294567964,0.0
P2_a4,50,2,32,shallow,2,0.3965790754294771,0.12920763862733153,0.2673714368021456,0.3896387341338991,0.038933295952258244,0.35070543818164085,-0.28876647132957883,0.0
P2_a4,50,2,32,shallow,3,0.38837370888093997,0.13889213591586058,0.2494815729650794,0.3896387341338991,0.038933295952258244,0.35070543818164085,-0.28768054004554316,0.0
P2_a4,50,2,32,shallow,4,0.3967919670013864,0.12152496576776509,0.27526700123362136,0.3896387341338991,0.038933295952258244,0.35070543818164085,-0.28740743912106753,0.0
P2_a4,50,2,32,shallow,5,0.3946157562084091,0.12488152939436731,0.2697342268140418,0.3896387341338991,0.038933295952258244,0.35070543818164085,-0.28546045299830475,0.0
P2_a4,50,2,32,shallow,6,0.39650089103022274,0.11947863019180324,0.2770222608384195,0.3896387341338991,0.038933295952258244,0.35070543818164085,-0.2877226815409825,0.0
P2_a4,50,2,32,shallow,7,0.3969532201682904,0.12543007491778513,0.27152314525050525,0.3896387341338991,0.038933295952258244,0.35070543818164085,-0.2899365124153095,0.0
P2_a4,50,2,32,shallow,8,0.4010535827471579,0.1257361395136755,0.2753174432334824,0.3896387341338991,0.038933295952258244,0.35070543818164085,-0.28498081579485296,0.0
P2_a4,50,2,32,shallow,9,0.39917358613916176,0.1302813036352043,0.26889228250395747,0.3896387341338991,0.038933295952258244,0.35070543818164085,-0.28625311541503373,0.0
P2_a8,20,4,3,deep,0,0.24839357130560144,0.1209979286836537,0.12739564262194775,0.18880445918587271,0.03688557182901244,0.15191888735686027,-0.0687328877653532,0.0
P2_a8,20,4,3,deep,1,0.2352122236437678,0.11218297791733693,0.12302924572643086,0.18880445918587271,0.03688557182901244,0.15191888735686027,-0.0701362787951533,0.0
P2_a8,20,4,3,deep,2,0.23313925360157883,0.11838772563077381,0.11475152797080503,0.18880445918587271,0.03688557182901244,0.15191888735686027,-0.06940973714670114,0.0
P2_a8,20,4,3,deep,3,0.23953592326081788,0.12092956002082056,0.11860636323999732,0.18880445918587271,0.03688557182901244,0.15191888735686027,-0.070308404455455,0.0
P2_a8,20,4,3,deep,4,0.24257326948439417,0.11352476279669901,0.12904850668769516,0.18880445918587271,0.03688557182901244,0.15191888735686027,-0.0692595172515164,0.0
P2_a8,20,4,3,deep,5,0.227197678111501,0.1106413742463463,0.11655630386515468,0.18880445918587271,0.03688557182901244,0.15191888735686027,-0.07000021792573578,0.0
P2_a8,20,4,3,deep,6,0.23459688307624846,0.1198904947589947,0.11470638831725376,0.18880445918587271,0.03688557182901244,0.15191888735686027,-0.0692540154615712,0.0
P2_a8,20,4,3,deep,7,0.23245215310044529,0.12250029861742212,0.10995185448302316,0.18880445918587271,0.03688557182901244,0.15191888735686027,-0.06956341798385242,0.0
P2_a8,20,4,3,deep,8,0.24411369100965105,0.11865546225781524,0.12545822875183582,0.18880445918587271,0.03688557182901244,0.15191888735686027,-0.06983184354276817,0.0
P2_a8,20,4,3,deep,9,0.2339742585662703,0.12009699573736266,0.11387726282890764,0.18880445918587271,0.03688557182901244,0.15191888735686027,-0.06799154372263358,0.0
P2_a8,20,4,4,deep,0,0.19438536587734803,0.06947835660528089,0.12490700927206715,0.16378296845794507,0.023121815371291113,0.14066115308665395,-0.06762820886203931,0.0
P2_a8,20,4,4,deep,1,0.1952851980686603,0.07218651181485271,0.12309868625380758,0.16378296845794507,0.023121815371291113,0.14066115308665395,-0.06834974626406388,0.0
P2_a8,20,4,4,deep,2,0.19413723821183074,0.07576535567914872,0.11837188253268202,0.16378296845794507,0.023121815371291113,0.14066115308665395,-0.06738481087655922,0.0
P2_a8,20,4,4,deep,3,0.19712432079190226,0.07062451099671781,0.12649980979518444,0.16378296845794507,0.023121815371291113,0.14066115308665395,-0.06843501670315422,0.0
P2_a8,20,4,4,deep,4,0.19771179905776262,0.07451951544377519,0.12319228361398743,0.16378296845794507,0.023121815371291113,0.14066115308665395,-0.06886989607815257,0.0
P2_a8,20,4,4,deep,5,0.19999409332287954,0.07138253901766184,0.1286115543052177,0.16378296845794507,0.023121815371291113,0.14066115308665395,-0.06927157100790723,0.0
P2_a8,20,4,4,deep,6,0.19127804403737414,0.06973973775616125,0.12153830628121289,0.16378296845794507,0.023121815371291113,0.14066115308665395,-0.06851815263275847,0.0
P2_a8,20,4,4,deep,7,0.19597936580146666,0.07168457217126677,0.12429479363019989,0.16378296845794507,0.023121815371291113,0.14066115308665395,-0.0674899788471039,0.0
P2_a8,20,4,4,deep,8,0.19251313996092237,0.0697801234075943,0.12273301655332806,0.16378296845794507,0.023121815371291113,0.14066115308665395,-0.06833272751638604,0.0
P2_a8,20,4,4,deep,9,0.1948732137789459,0.07030056437328033,0.12457264940566556,0.16378296845794507,0.023121815371291113,0.14066115308665395,-0.06773475133261195,0.0
P2_a8,20,4,6,deep,0,0.1480376576878013,0.03278756859700064,0.11525008909080067,0.12757373410924674,0.011020824156268639,0.11655290995297811,-0.06644979367392649,0.0
P2_a8,20,4,6,deep,1,0.14721136944577062,0.03404424130159151,0.11316712814417912,0.12757373410924674,0.011020824156268639,0.11655290995297811,-0.06750586201442221,0.0
P2_a8,20,4,6,deep,2,0.14794246289023208,0.03425844757152012,0.11368401531871196,0.12757373410924674,0.011020824156268639,0.11655290995297811,-0.06665018756913249,0.0
P2_a8,20,4,6,deep,3,0.14411928876179042,0.034725440642834844,0.10939384811895558,0.12757373410924674,0.011020824156268639,0.11655290995297811,-0.06802183355074579,0.0
P2_a8,20,4,6,deep,4,0.1451852523173217,0.035692330817773656,0.10949292149954806,0.12757373410924674,0.011020824156268639,0.11655290995297811,-0.06773276243742776,0.0
P2_a8,20,4,6,deep,5,0.14905763719561008,0.035787180483133715,0.11327045671247636,0.12757373410924674,0.011020824156268639,0.11655290995297811,-0.06701942547071438,0.0
P2_a8,20,4,6,deep,6,0.14742023898361123,0.03778126741253537,0.10963897157107586,0.12757373410924674,0.011020824156268639,0.11655290995297811,-0.06710998150757216,0.0
P2_a8,20,4,6,deep,7,0.14451429102529567,0.035236060400525605,0.10927823062477007,0.12757373410924674,0.011020824156268639,0.11655290995297811,-0.06724822499836056,0.0
P2_a8,20,4,6,deep,8,0.14748195398184602,0.034530989641477584,0.11295096434036844,0.12757373410924674,0.011020824156268639,0.11655290995297811,-0.06750534482682026,0.0
P2_a8,20,4,6,deep,9,0.14090595543630652,0.03537705474729397,0.10552890068901255,0.12757373410924674,0.011020824156268639,0.11655290995297811,-0.06644391768718014,0.0
P2_a8,20,5,2,deep,0,0.2891512583612458,0.1622593713924429,0.12689188696880288,0.21053165958869186,0.05275986193670513,0.15777179765198673,-0.06971848082557483,0.0
P2_a8,20,5,2,deep,1,0.2896729300045401,0.17066405358312495,0.11900887642141514,0.21053165958869186,0.05275986193670513,0.15777179765198673,-0.07129551407758221,0.0
P2_a8,20,5,2,deep,2,0.3025104700674349,0.1687457687299404,0.13376470133749452,0.21053165958869186,0.05275986193670513,0.15777179765198673,-0.07069688429972039,0.0
P2_a8,20,5,2,deep,3,0.29086210976323024,0.1654797594311463,0.12538235033208395,0.21053165958869186,0.05275986193670513,0.15777179765198673,-0.07011756575223291,0.0
P2_a8,20,5,2,deep,4,0.29904238147943646,0.16132211424179102,0.13772026723764544,0.21053165958869186,0.05275986193670513,0.15777179765198673,-0.0710173894087228,0.0
P2_a8,20,5,2,deep,5,0.30214526541202286,0.18193842104375835,0.12020684436826451,0.21053165958869186,0.05275986193670513,0.15777179765198673,-0.0694810019324141,0.0
P2_a8,20,5,2,deep,6,0.3151246037696139,0.17708587125132924,0.13803873251828463,0.21053165958869186,0.05275986193670513,0.15777179765198673,-0.0688769553795703,0.0
P2_a8,20,5,2,deep,7,0.2959034394033192,0.17201139039235974,0.12389204901095946,0.21053165958869186,0.05275986193670513,0.15777179765198673,-0.0712010875426017,0.0
P2_a8,20,5,2,deep,8,0.3000277071301929,0.1659981465052458,0.13402956062494709,0.21053165958869186,0.05275986193670513,0.15777179765198673,-0.07075526413612879,0.0
P2_a8,20,5,2,deep,9,0.29617463643208386,0.17366191304195344,0.12251272339013042,0.21053165958869186,0.05275986193670513,0.15777179765198673,-0.07013878264722678,0.0
P2_a8,20,3,6,shallow,0,0.2062023331709638,0.08976246956128936,0.11643986360967443,0.1823021503523127,0.02702084787286556,0.15528130247944713,-0.06814669999224064,0.0
P2_a8,20,3,6,shallow,1,0.20082044889551148,0.08177675732692524,0.11904369156858624,0.1823021503523127,0.02702084787286556,0.15528130247944713,-0.06919433554693609,0.0
P2_a8,20,3,6,shallow,2,0.19880663822419908,0.08445538678402295,0.11435125144017613,0.1823021503523127,0.02702084787286556,0.15528130247944713,-0.06806995632557615,0.0
P2_a8,20,3,6,shallow,3,0.2081846423745427,0.08484186849663448,0.12334277387790822,0.1823021503523127,0.02702084787286556,0.15528130247944713,-0.06818757967181327,0.0
P2_a8,20,3,6,shallow,4,0.20421505256474853,0.08522814832725852,0.11898690423749002,0.1823021503523127,0.02702084787286556,0.15528130247944713,-0.06801910798981924,0.0
P2_a8,20,3,6,shallow,5,0.2119045357552261,0.0885909140312818,0.1233136217239443,0.1823021503523127,0.02702084787286556,0.15528130247944713,-0.0693990255636072,0.0
P2_a8,20,3,6,shallow,6,0.21184062979066012,0.08474389453770667,0.12709673525295345,0.1823021503523127,0.02702084787286556,0.15528130247944713,-0.0694816126253665,0.0
P2_a8,20,3,6,shallow,7,0.20507335634629772,0.08325887496729598,0.12181448137900175,0.1823021503523127,0.02702084787286556,0.15528130247944713,-0.06799562683838563,0.0
P2_a8,20,3,6,shallow,8,0.20231223222939174,0.08427140647943389,0.11804082574995785,0.1823021503523127,0.02702084787286556,0.15528130247944713,-0.06959835457792608,0.0
P2_a8,20,3,6,shallow,9,0.20768820153774933,0.08946835325459934,0.11821984828314999,0.1823021503523127,0.02702084787286556,0.15528130247944713,-0.06922310769021701,0.0
P2_a8,20,3,10,shallow,0,0.16526917769528865,0.047876875465005006,0.11739230223028364,0.15644140085997052,0.0155786498229244,0.14086275103704612,-0.06802056352604564,0.0
P2_a8,20,3,10,shallow,1,0.16977384702680876,0.04637577954479117,0.12339806748201759,0.15644140085997052,0.0155786498229244,0.14086275103704612,-0.0661766172578276,0.0
P2_a8,20,3,10,shallow,2,0.16697261820924825,0.047750949688807116,0.11922166852044114,0.15644140085997052,0.0155786498229244,0.14086275103704612,-0.06720686864948651,0.0
P2_a8,20,3,10,shallow,3,0.1718098471313214,0.047838972738750624,0.12397087439257079,0.15644140085997052,0.0155786498229244,0.14086275103704612,-0.06833862087982202,0.0
P2_a8,20,3,10,shallow,4,0.16510095514042536,0.045745460145237976,0.11935549499518738,0.15644140085997052,0.0155786498229244,0.14086275103704612,-0.0674020369973887,0.0
P2_a8,20,3,10,shallow,5,0.16501816439997308,0.04856421384056836,0.11645395055940472,0.15644140085997052,0.0155786498229244,0.14086275103704612,-0.06681219449707601,0.0
P2_a8,20,3,10,shallow,6,0.16913259903179187,0.04980662480717562,0.11932597422461624,0.15644140085997052,0.0155786498229244,0.14086275103704612,-0.06675792277383327,0.0
P2_a8,20,3,10,shallow,7,0.17221641777051006,0.04878395818385648,0.12343245958665358,0.15644140085997052,0.0155786498229244,0.14086275103704612,-0.06721484979818293,0.0
P2_a8,20,3,10,shallow,8,0.1702188313139673,0.04835521966269495,0.12186361165127235,0.15644140085997052,0.0155786498229244,0.14086275103704612,-0.06739390873682126,0.0
P2_a8,20,3,10,shallow,9,0.1644332578467866,0.05120146864324533,0.11323178920354128,0.15644140085997052,0.0155786498229244,0.14086275103704612,-0.06682116584120629,0.0
P2_a8,20,3,16,shallow,0,0.14174409091381238,0.028464263230746432,0.11327982768306594,0.1326653864411534,0.009187884104709533,0.12347750233644386,-0.06562403153080808,0.0
P2_a8,20,3,16,shallow,1,0.14194883925825028,0.028307986858692954,0.11364085239955732,0.1326653864411534,0.009187884104709533,0.12347750233644386,-0.06617708900458665,0.0
P2_a8,20,3,16,shallow,2,0.1386457885441429,0.029976535303728045,0.10866925324041485,0.1326653864411534,0.009187884104709533,0.12347750233644386,-0.06580524183740985,0.0
P2_a8,20,3,16,shallow,3,0.13921695096151968,0.02707634759894249,0.11214060336257718,0.1326653864411534,0.009187884104709533,0.12347750233644386,-0.06581823007932273,0.0
P2_a8,20,3,16,shallow,4,0.13917890347017825,0.02948077616352695,0.1096981273066513,0.1326653864411534,0.009187884104709533,0.12347750233644386,-0.06530609340700297,0.0
P2_a8,20,3,16,shallow,5,0.14086230818373358,0.028499538815544782,0.11236276936818879,0.1326653864411534,0.009187884104709533,0.12347750233644386,-0.06536634388298665,0.0
P2_a8,20,3,16,shallow,6,0.13922772036097197,0.02755012788513511,0.11167759247583686,0.1326653864411534,0.009187884104709533,0.12347750233644386,-0.06583239352310709,0.0
P2_a8,20,3,16,shallow,7,0.1396158687141015,0.028472056167902837,0.11114381254619866,0.1326653864411534,0.009187884104709533,0.12347750233644386,-0.06575331700823427,0.0
P2_a8,20,3,16,shallow,8,0.13853857849289702,0.030084375663373582,0.10845420282952345,0.1326653864411534,0.009187884104709533,0.12347750233644386,-0.06554498110659022,0.0
P2_a8,20,3,16,shallow,9,0.14053101979493757,0.027951189540607154,0.11257983025433041,0.1326653864411534,0.009187884104709533,0.12347750233644386,-0.06596720139034969,0.0
P2_a8,20,2,32,shallow,0,0.2136690243759324,0.07636998135826273,0.13729904301766968,0.2107527633869305,0.023385328513377615,0.1873674348735529,-0.06541097466973803,0.0
P2_a8,20,2,32,shallow,1,0.21714368388598443,0.07405562706542089,0.14308805682056353,0.2107527633869305,0.023385328513377615,0.1873674348735529,-0.06319853023369118,0.0
P2_a8,20,2,32,shallow,2,0.2153570873751644,0.07824889127951591,0.1371081960956485,0.2107527633869305,0.023385328513377615,0.1873674348735529,-0.06454485259134997,0.0
P2_a8,20,2,32,shallow,3,0.22158897695647728,0.07938481162040965,0.1422041653360676,0.2107527633869305,0.023385328513377615,0.1873674348735529,-0.06590468771124114,0.0
P2_a8,20,2,32,shallow,4,0.2198484607228427,0.07587360329580072,0.14397485742704197,0.2107527633869305,0.023385328513377615,0.1873674348735529,-0.06429103486649082,0.0
P2_a8,20,2,32,shallow,5,0.22080092729538298,0.07556714945843898,0.145233777836944,0.2107527633869305,0.023385328513377615,0.1873674348735529,-0.06428764491559627,0.0
P2_a8,20,2,32,shallow,6,0.22028846883829137,0.07796471798442,0.14232375085387136,0.2107527633869305,0.023385328513377615,0.1873674348735529,-0.06625819926081634,0.0
P2_a8,20,2,32,shallow,7,0.21746541369416358,0.0699933112901285,0.14747210240403508,0.2107527633869305,0.023385328513377615,0.1873674348735529,-0.0645227467424936,0.0
P2_a8,20,2,32,shallow,8,0.2168775285742461,0.0759706413629258,0.1409068872113203,0.2107527633869305,0.023385328513377615,0.1873674348735529,-0.06460297187793121,0.0
P2_a8,20,2,32,shallow,9,0.216579457302244,0.07688832261415147,0.13969113468809252,0.2107527633869305,0.023385328513377615,0.1873674348735529,-0.06365188844260691,0.0
P2_a8,50,4,3,deep,0,0.45291668099175014,0.171031441114204,0.2818852398775461,0.3962577655467334,0.05618191224195205,0.34007585330478135,-0.15571004763564653,0.0
P2_a8,50,4,3,deep,1,0.44515349457284,0.17421150293866272,0.27094199163417726,0.3962577655467334,0.05618191224195205,0.34007585330478135,-0.14770733983036477,0.0
P2_a8,50,4,3,deep,2,0.46557637233267196,0.16795774596962446,0.2976186263630475,0.3962577655467334,0.05618191224195205,0.34007585330478135,-0.1462663197854117,0.0
P2_a8,50,4,3,deep,3,0.4283796530224301,0.18405865919870146,0.24432099382372863,0.3962577655467334,0.05618191224195205,0.34007585330478135,-0.15202274908287716,0.0
P2_a8,50,4,3,deep,4,0.4541955193878789,0.1739926664784426,0.28020285290943625,0.3962577655467334,0.05618191224195205,0.34007585330478135,-0.1454837416991723,0.0
P2_a8,50,4,3,deep,5,0.43278912452662943,0.17604912414900367,0.2567400003776258,0.3962577655467334,0.05618191224195205,0.34007585330478135,-0.15234910267815172,0.0
P2_a8,50,4,3,deep,6,0.44274978157968775,0.1709475507037269,0.27180223087596084,0.3962577655467334,0.05618191224195205,0.34007585330478135,-0.15193981684014332,0.0
P2_a8,50,4,3,deep,7,0.4633728474645574,0.1712521728872861,0.2921206745772713,0.3962577655467334,0.05618191224195205,0.34007585330478135,-0.1501583686252374,0.0
P2_a8,50,4,3,deep,8,0.43345658536081016,0.17409080844910998,0.25936577691170015,0.3962577655467334,0.05618191224195205,0.34007585330478135,-0.1513173258664326,0.0
P2_a8,50,4,3,deep,9,0.4424670800129786,0.16709825129941255,0.27536882871356605,0.3962577655467334,0.05618191224195205,0.34007585330478135,-0.14918189190944744,0.0
P2_a8,50,4,4,deep,0,0.41194303293525275,0.11000986991478288,0.30193316302046985,0.37993905054928995,0.033858434215390934,0.346080616333899,-0.14963654694641626,0.0
P2_a8,50,4,4,deep,1,0.4094838964175651,0.11214229303064545,0.2973416033869197,0.37993905054928995,0.033858434215390934,0.346080616333899,-0.1464448894720184,0.0
P2_a8,50,4,4,deep,2,0.4040831607407682,0.1078384254957745,0.29624473524499373,0.37993905054928995,0.033858434215390934,0.346080616333899,-0.15263016224490158,0.0
P2_a8,50,4,4,deep,3,0.41146565714668154,0.10670459997772462,0.3047610571689569,0.37993905054928995,0.033858434215390934,0.346080616333899,-0.14865467288195286,0.0
P2_a8,50,4,4,deep,4,0.4093488253105335,0.10477570862615247,0.30457311668438103,0.37993905054928995,0.033858434215390934,0.346080616333899,-0.14907953003388388,0.0
P2_a8,50,4,4,deep,5,0.40724470624296033,0.1110628359920867,0.2961818702508736,0.37993905054928995,0.033858434215390934,0.346080616333899,-0.1524339961037955,0.0
P2_a8,50,4,4,deep,6,0.41725958364656107,0.10453651777576921,0.31272306587079185,0.37993905054928995,0.033858434215390934,0.346080616333899,-0.15369202300376747,0.0
P2_a8,50,4,4,deep,7,0.4199202638529463,0.11296842903842279,0.3069518348145235,0.37993905054928995,0.033858434215390934,0.346080616333899,-0.15245672461106202,0.0
P2_a8,50,4,4,deep,8,0.40725463949414936,0.10478126500333752,0.30247337449081185,0.37993905054928995,0.033858434215390934,0.346080616333899,-0.14649484144395872,0.0
P2_a8,50,4,4,deep,9,0.3865200240715385,0.10995158802844443,0.2765684360430941,0.37993905054928995,0.033858434215390934,0.346080616333899,-0.14975787840752566,0.0
P2_a8,50,4,6,deep,0,0.35871652697056955,0.05629293040122788,0.30242359656934165,0.3484622966685139,0.018258903955382072,0.3302033927131318,-0.15149263044074862,0.0
P2_a8,50,4,6,deep,1,0.35327997922277093,0.0600268542271043,0.29325312499566664,0.3484622966685139,0.018258903955382072,0.3302033927131318,-0.1557039197550265,0.0
P2_a8,50,4,6,deep,2,0.36464652315781076,0.06064521824766298,0.30400130491014776,0.3484622966685139,0.018258903955382072,0.3302033927131318,-0.14839218098953705,0.0
P2_a8,50,4,6,deep,3,0.36526047777605547,0.058316293250589936,0.3069441845254655,0.3484622966685139,0.018258903955382072,0.3302033927131318,-0.15147598969651638,0.0
P2_a8,50,4,6,deep,4,0.3607782535021784,0.05895086438052738,0.301827389121651,0.3484622966685139,0.018258903955382072,0.3302033927131318,-0.1531376413306578,0.0
P2_a8,50,4,6,deep,5,0.3624312379478875,0.05810490819026514,0.30432632975762236,0.3484622966685139,0.018258903955382072,0.3302033927131318,-0.15302758713461187,0.0
P2_a8,50,4,6,deep,6,0.3760207373932384,0.058667911216244796,0.31735282617699356,0.3484622966685139,0.018258903955382072,0.3302033927131318,-0.1528424741068046,0.0
P2_a8,50,4,6,deep,7,0.36350190428657575,0.05957495667898885,0.3039269476075869,0.3484622966685139,0.018258903955382072,0.3302033927131318,-0.1525100316467968,0.0
P2_a8,50,4,6,deep,8,0.3546479440981844,0.05850067710172893,0.29614726699645544,0.3484622966685139,0.018258903955382072,0.3302033927131318,-0.1530469209798778,0.0
P2_a8,50,4,6,deep,9,0.3797889427335452,0.05855158923073971,0.32123735350280547,0.3484622966685139,0.018258903955382072,0.3302033927131318,-0.15440020692592682,0.0
P2_a8,50,5,2,deep,0,0.5263733204261496,0.22656131731522366,0.29981200311092593,0.4249473443986181,0.07593979011379613,0.34900755428482194,-0.13706751894788036,0.0
P2_a8,50,5,2,deep,1,0.5167467708534602,0.23398862556649636,0.28275814528696386,0.4249473443986181,0.07593979011379613,0.34900755428482194,-0.13793145246695007,0.0
P2_a8,50,5,2,deep,2,0.5366649355620666,0.24563884443183673,0.2910260911302299,0.4249473443986181,0.07593979011379613,0.34900755428482194,-0.1365151033128128,0.0
P2_a8,50,5,2,deep,3,0.5144487426848591,0.24980887356063242,0.26463986912422666,0.4249473443986181,0.07593979011379613,0.34900755428482194,-0.13891433841429654,0.0
P2_a8,50,5,2,deep,4,0.5004373615902061,0.24990399528479412,0.250533366305412,0.4249473443986181,0.07593979011379613,0.34900755428482194,-0.13665926284149424,0.0
P2_a8,50,5,2,deep,5,0.5437471111027301,0.2352392310117505,0.3085078800909796,0.4249473443986181,0.07593979011379613,0.34900755428482194,-0.13713273231625853,0.0
P2_a8,50,5,2,deep,6,0.5330323478006841,0.2323585161740085,0.3006738316266756,0.4249473443986181,0.07593979011379613,0.34900755428482194,-0.13696409064088366,0.0
P2_a8,50,5,2,deep,7,0.5295122778513062,0.23433178068570357,0.2951804971656026,0.4249473443986181,0.07593979011379613,0.34900755428482194,-0.13666575670807785,0.0
P2_a8,50,5,2,deep,8,0.5056716294395607,0.23845897345395006,0.2672126559856106,0.4249473443986181,0.07593979011379613,0.34900755428482194,-0.1355963730499688,0.0
P2_a8,50,5,2,deep,9,0.5193449882499303,0.24891622326271082,0.27042876498721946,0.4249473443986181,0.07593979011379613,0.34900755428482194,-0.1374740593588141,0.0
P2_a8,50,3,6,shallow,0,0.4088838164161707,0.1440695035857614,0.26481431283040935,0.3876310205409083,0.04473593137747545,0.34289508916343286,-0.16710486292649032,0.0
P2_a8,50,3,6,shallow,1,0.4141621964535572,0.14400130275615716,0.27016089369740004,0.3876310205409083,0.04473593137747545,0.34289508916343286,-0.16694374735601103,0.0
P2_a8,50,3,6,shallow,2,0.4269439773540182,0.14866534938149767,0.2782786279725205,0.3876310205409083,0.04473593137747545,0.34289508916343286,-0.16510872985269456,0.0
P2_a8,50,3,6,shallow,3,0.41735787776224,0.14156775051099155,0.2757901272512484,0.3876310205409083,0.04473593137747545,0.34289508916343286,-0.16295895939808278,0.0
P2_a8,50,3,6,shallow,4,0.4126542410464955,0.14705490718521225,0.26559933386128326,0.3876310205409083,0.04473593137747545,0.34289508916343286,-0.1624645432748957,0.0
P2_a8,50,3,6,shallow,5,0.4081025259838182,0.14150259560136105,0.2665999303824571,0.3876310205409083,0.04473593137747545,0.34289508916343286,-0.16291849675251086,0.0
P2_a8,50,3,6,shallow,6,0.4094467391158562,0.14022543274641175,0.26922130636944447,0.3876310205409083,0.04473593137747545,0.34289508916343286,-0.15924313789076533,0.0
P2_a8,50,3,6,shallow,7,0.40989031466771714,0.14120693024047312,0.26868338442724404,0.3876310205409083,0.04473593137747545,0.34289508916343286,-0.1671329933167507,0.0
P2_a8,50,3,6,shallow,8,0.41168791964469503,0.14289178799224575,0.2687961316524493,0.3876310205409083,0.04473593137747545,0.34289508916343286,-0.16748366733841438,0.0
P2_a8,50,3,6,shallow,9,0.416354737925878,0.14584525653401378,0.27050948139186426,0.3876310205409083,0.04473593137747545,0.34289508916343286,-0.17092061867977834,0.0
P2_a8,50,3,10,shallow,0,0.3758113105622868,0.08123339366970873,0.29457791689257806,0.3684569587460041,0.026157602138520576,0.3422993566074835,-0.16990603309194052,0.0
P2_a8,50,3,10,shallow,1,0.3855885187675749,0.08556636221042535,0.30002215655714953,0.3684569587460041,0.026157602138520576,0.3422993566074835,-0.16549310994709399,0.0
P2_a8,50,3,10,shallow,2,0.38297970847194623,0.07914604751913881,0.3038336609528074,0.3684569587460041,0.026157602138520576,0.3422993566074835,-0.169619154319449,0.0
P2_a8,50,3,10,shallow,3,0.38672217531329867,0.08521392133161428,0.3015082539816844,0.3684569587460041,0.026157602138520576,0.3422993566074835,-0.1665150151611744,0.0
P2_a8,50,3,10,shallow,4,0.38066687024775636,0.0810556379782795,0.29961123226947683,0.3684569587460041,0.026157602138520576,0.3422993566074835,-0.1692136139000346,0.0
P2_a8,50,3,10,shallow,5,0.3842885710965057,0.0795220483520697,0.304766522744436,0.3684569587460041,0.026157602138520576,0.3422993566074835,-0.16623026781688283,0.0
P2_a8,50,3,10,shallow,6,0.37870197035300274,0.08492517240314697,0.2937767979498558,0.3684569587460041,0.026157602138520576,0.3422993566074835,-0.17002572950507933,0.0
P2_a8,50,3,10,shallow,7,0.37596301457721554,0.08106954634951304,0.2948934682277025,0.3684569587460041,0.026157602138520576,0.3422993566074835,-0.167712368046861,0.0
P2_a8,50,3,10,shallow,8,0.3736458319191473,0.08135259228746433,0.29229323963168297,0.3684569587460041,0.026157602138520576,0.3422993566074835,-0.16847857702166308,0.0
P2_a8,50,3,10,shallow,9,0.3760438035802526,0.08585905334517463,0.29018475023507795,0.3684569587460041,0.026157602138520576,0.3422993566074835,-0.1669069369933158,0.0
P2_a8,50,3,16,shallow,0,0.34923849432702053,0.04967038472164356,0.29956810960537694,0.34204685379096283,0.01673071809034606,0.3253161357006168,-0.16729775363999608,0.0
P2_a8,50,3,16,shallow,1,0.34439855771262945,0.04878782688266251,0.2956107308299669,0.34204685379096283,0.01673071809034606,0.3253161357006168,-0.16731433088016903,0.0
P2_a8,50,3,16,shallow,2,0.348563672004206,0.05222674074621718,0.2963369312579888,0.34204685379096283,0.01673071809034606,0.3253161357006168,-0.1692452389315613,0.0
P2_a8,50,3,16,shallow,3,0.35137924784363916,0.05508773458255103,0.29629151326108816,0.34204685379096283,0.01673071809034606,0.3253161357006168,-0.16779445968649936,0.0
P2_a8,50,3,16,shallow,4,0.346402413515287,0.04815766695461736,0.2982447465606696,0.34204685379096283,0.01673071809034606,0.3253161357006168,-0.17003245089442953,0.0
P2_a8,50,3,16,shallow,5,0.34503303218431014,0.05286186649432954,0.2921711656899806,0.34204685379096283,0.01673071809034606,0.3253161357006168,-0.16813129713973016,0.0
P2_a8,50,3,16,shallow,6,0.3531178545945867,0.051316373320150474,0.30180148127443623,0.34204685379096283,0.01673071809034606,0.3253161357006168,-0.17016986639872644,0.0
P2_a8,50,3,16,shallow,7,0.3494488624096138,0.05184066251959562,0.2976081998900182,0.34204685379096283,0.01673071809034606,0.3253161357006168,-0.16857496314518564,0.0
P2_a8,50,3,16,shallow,8,0.3474171720871619,0.048939163042282394,0.2984780090448795,0.34204685379096283,0.01673071809034606,0.3253161357006168,-0.16981731792102175,0.0
P2_a8,50,3,16,shallow,9,0.3512932176571355,0.048543354393702984,0.3027498632634325,0.34204685379096283,0.01673071809034606,0.3253161357006168,-0.16661332902817258,0.0
P2_a8,50,2,32,shallow,0,0.44119553838412096,0.14389898268500745,0.2972965556991135,0.42813175948934895,0.044678224347686715,0.38345353514166225,-0.19613790188623878,0.0
P2_a8,50,2,32,shallow,1,0.4387308142024228,0.14314271051311764,0.2955881036893052,0.42813175948934895,0.044678224347686715,0.38345353514166225,-0.19012167612932707,0.0
P2_a8,50,2,32,shallow,2,0.43812934404243303,0.1451561062396472,0.29297323780278584,0.42813175948934895,0.044678224347686715,0.38345353514166225,-0.18884395763001996,0.0
P2_a8,50,2,32,shallow,3,0.4276968388647844,0.15292968781718008,0.2747671510476043,0.42813175948934895,0.044678224347686715,0.38345353514166225,-0.18738323430832182,0.0
P2_a8,50,2,32,shallow,4,0.43882302686916874,0.1353577333021028,0.303465293567066,0.42813175948934895,0.044678224347686715,0.38345353514166225,-0.19006121234412587,0.0
P2_a8,50,2,32,shallow,5,0.43417965117572915,0.14094211811146268,0.2932375330642665,0.42813175948934895,0.044678224347686715,0.38345353514166225,-0.18666771875019533,0.0
P2_a8,50,2,32,shallow,6,0.4348073380731944,0.13394991741983525,0.30085742065335913,0.42813175948934895,0.044678224347686715,0.38345353514166225,-0.19023143954907115,0.0
P2_a8,50,2,32,shallow,7,0.43687540344453635,0.143744133486897,0.2931312699576394,0.42813175948934895,0.044678224347686715,0.38345353514166225,-0.1880997780664258,0.0
P2_a8,50,2,32,shallow,8,0.4416390579334533,0.13788294646668914,0.3037561114667642,0.42813175948934895,0.044678224347686715,0.38345353514166225,-0.18840775479023608,0.0
P2_a8,50,2,32,shallow,9,0.4389459831303818,0.1474922264318938,0.291453756698488,0.42813175948934895,0.044678224347686715,0.38345353514166225,-0.1861448989849252,0.0
P3_rho1,20,4,3,deep,0,0.2242094388248801,0.1302416599524436,0.09396777887243649,0.17142993308761012,0.040152774242831014,0.1312771588447791,-0.1491741731102816,0.0
P3_rho1,20,4,3,deep,1,0.22222413954418785,0.12301548521412296,0.09920865433006489,0.17142993308761012,0.040152774242831014,0.1312771588447791,-0.14964154631783505,0.0
P3_rho1,20,4,3,deep,2,0.2222641558051991,0.13123894628655514,0.09102520951864396,0.17142993308761012,0.040152774242831014,0.1312771588447791,-0.14825438410141883,0.0
P3_rho1,20,4,3,deep,3,0.2207377559238152,0.13053097746252867,0.09020677846128652,0.17142993308761012,0.040152774242831014,0.1312771588447791,-0.149059717664884,0.0
P3_rho1,20,4,3,deep,4,0.22660792614175648,0.12527287912370072,0.10133504701805576,0.17142993308761012,0.040152774242831014,0.1312771588447791,-0.14959681638923328,0.0
P3_rho1,20,4,3,deep,5,0.21827194119918936,0.12288461737814753,0.09538732382104183,0.17142993308761012,0.040152774242831014,0.1312771588447791,-0.14950649997208387,0.0
P3_rho1,20,4,3,deep,6,0.21555604083852495,0.1321634917894445,0.08339254904908044,0.17142993308761012,0.040152774242831014,0.1312771588447791,-0.14833214753691482,0.0
P3_rho1,20,4,3,deep,7,0.22166118894099987,0.13007341618301324,0.09158777275798663,0.17142993308761012,0.040152774242831014,0.1312771588447791,-0.14833103547132062,0.0
P3_rho1,20,4,3,deep,8,0.22842976097391493,0.12579785360852727,0.10263190736538766,0.17142993308761012,0.040152774242831014,0.1312771588447791,-0.1487611444151618,0.0
P3_rho1,20,4,3,deep,9,0.21940143350857366,0.12820203486410847,0.09119939864446519,0.17142993308761012,0.040152774242831014,0.1312771588447791,-0.14827566112867527,0.0
P3_rho1,20,4,4,deep,0,0.17684226881360451,0.07633024559637415,0.10051202321723036,0.14952887497643474,0.02568962376771748,0.12383925120871726,-0.14364488893015043,0.0
P3_rho1,20,4,4,deep,1,0.1740440759362423,0.08039094197991506,0.09365313395632724,0.14952887497643474,0.02568962376771748,0.12383925120871726,-0.1433664664070397,0.0
P3_rho1,20,4,4,deep,2,0.18263429299988052,0.0844059212870407,0.09822837171283981,0.14952887497643474,0.02568962376771748,0.12383925120871726,-0.141603398963731,0.0
P3_rho1,20,4,4,deep,3,0.18171380276315494,0.07767138850040244,0.1040424142627525,0.14952887497643474,0.02568962376771748,0.12383925120871726,-0.14333001154303313,0.0
P3_rho1,20,4,4,deep,4,0.1824965000590085,0.08201114709096077,0.10048535296804773,0.14952887497643474,0.02568962376771748,0.12383925120871726,-0.14410260798540298,0.0
P3_rho1,20,4,4,deep,5,0.18530096845844074,0.07893094970696089,0.10637001875147985,0.14952887497643474,0.02568962376771748,0.12383925120871726,-0.14338815830778884,0.0
P3_rho1,20,4,4,deep,6,0.17839693795591244,0.07553418906117584,0.1028627488947366,0.14952887497643474,0.02568962376771748,0.12383925120871726,-0.14386925791897048,0.0
P3_rho1,20,4,4,deep,7,0.17922544816190195,0.07995781824034157,0.09926762992156038,0.14952887497643474,0.02568962376771748,0.12383925120871726,-0.1428519588352246,0.0
P3_rho1,20,4,4,deep,8,0.17857526198938203,0.0779913720778055,0.10058388991157653,0.14952887497643474,0.02568962376771748,0.12383925120871726,-0.14335647216442174,0.0
P3_rho1,20,4,4,deep,9,0.18177569822439002,0.07753270475825334,0.10424299346613668,0.14952887497643474,0.02568962376771748,0.12383925120871726,-0.14232822422098862,0.0
P3_rho1,20,4,6,deep,0,0.13805057774354632,0.03641356379981567,0.10163701394373065,0.11944813408399377,0.012089763909811495,0.10735837017418227,-0.13593816962575309,0.0
P3_rho1,20,4,6,deep,1,0.13753197417642832,0.03813928334423983,0.09939269083218849,0.11944813408399377,0.012089763909811495,0.10735837017418227,-0.13668276988727468,0.0
P3_rho1,20,4,6,deep,2,0.13590562241807497,0.0394556959017224,0.09644992651635256,0.11944813408399377,0.012089763909811495,0.10735837017418227,-0.1362151857583842,0.0
P3_rho1,20,4,6,deep,3,0.1350207050863032,0.03918389765963754,0.09583680742666567,0.11944813408399377,0.012089763909811495,0.10735837017418227,-0.1375526469324288,0.0
P3_rho1,20,4,6,deep,4,0.1362713970880807,0.03906713945828786,0.09720425762979285,0.11944813408399377,0.012089763909811495,0.10735837017418227,-0.13693671965765347,0.0
P3_rho1,20,4,6,deep,5,0.13743338049366688,0.039962430109579804,0.09747095038408707,0.11944813408399377,0.012089763909811495,0.10735837017418227,-0.13641922316658883,0.0
P3_rho1,20,4,6,deep,6,0.13866109282663586,0.04259540997838382,0.09606568284825204,0.11944813408399377,0.012089763909811495,0.10735837017418227,-0.13660663233792847,0.0
P3_rho1,20,4,6,deep,7,0.13596692188705886,0.03993793209514677,0.0960289897919121,0.11944813408399377,0.012089763909811495,0.10735837017418227,-0.1361718369033131,0.0
P3_rho1,20,4,6,deep,8,0.13563401096632605,0.03881914286837149,0.09681486809795456,0.11944813408399377,0.012089763909811495,0.10735837017418227,-0.13663036544915352,0.0
P3_rho1,20,4,6,deep,9,0.1306073259610759,0.0398956815571765,0.09071164440389941,0.11944813408399377,0.012089763909811495,0.10735837017418227,-0.1364218934912466,0.0
P3_rho1,20,5,2,deep,0,0.2630175317941398,0.17194334489403387,0.09107418690010591,0.18851988491540725,0.056410986802934285,0.13210889811247295,-0.14949051365677976,0.0
P3_rho1,20,5,2,deep,1,0.2773739826014664,0.1830598759670952,0.0943141066343712,0.18851988491540725,0.056410986802934285,0.13210889811247295,-0.15151862193086027,0.0
P3_rho1,20,5,2,deep,2,0.28151282987694753,0.1767395113984567,0.10477331847849083,0.18851988491540725,0.056410986802934285,0.13210889811247295,-0.1502105524990037,0.0
P3_rho1,20,5,2,deep,3,0.2727037187104274,0.1781192776980931,0.09458444101233432,0.18851988491540725,0.056410986802934285,0.13210889811247295,-0.14965136899831072,0.0
P3_rho1,20,5,2,deep,4,0.28303645430103797,0.17438017230081784,0.10865628200022012,0.18851988491540725,0.056410986802934285,0.13210889811247295,-0.15047810574297613,0.0
P3_rho1,20,5,2,deep,5,0.2803980996722293,0.19239161424612516,0.08800648542610412,0.18851988491540725,0.056410986802934285,0.13210889811247295,-0.1509418496300267,0.0
P3_rho1,20,5,2,deep,6,0.29439710825277093,0.18834284090110204,0.1060542673516689,0.18851988491540725,0.056410986802934285,0.13210889811247295,-0.14967896691504662,0.0
P3_rho1,20,5,2,deep,7,0.2766152321892507,0.18253382933675544,0.09408140285249528,0.18851988491540725,0.056410986802934285,0.13210889811247295,-0.15143243966357528,0.0
P3_rho1,20,5,2,deep,8,0.28166552694462454,0.17106560995277745,0.1105999169918471,0.18851988491540725,0.056410986802934285,0.13210889811247295,-0.15000405315906504,0.0
P3_rho1,20,5,2,deep,9,0.28260355485829464,0.18894714894644946,0.09365640591184518,0.18851988491540725,0.056410986802934285,0.13210889811247295,-0.1515980330413041,0.0
P3_rho1,20,3,6,shallow,0,0.19718322050257076,0.0966548375032762,0.10052838299929455,0.17400328090683786,0.029530412719738643,0.14447286818709923,-0.14547433000049326,0.0
P3_rho1,20,3,6,shallow,1,0.1962876773173511,0.0926047668260687,0.1036829104912824,0.17400328090683786,0.029530412719738643,0.14447286818709923,-0.14441287654567572,0.0
P3_rho1,20,3,6,shallow,2,0.1894626397220985,0.09186450557054067,0.09759813415155784,0.17400328090683786,0.029530412719738643,0.14447286818709923,-0.14598856298436677,0.0
P3_rho1,20,3,6,shallow,3,0.1987111453075008,0.09553282684686314,0.10317831846063767,0.17400328090683786,0.029530412719738643,0.14447286818709923,-0.14396764745268298,0.0
P3_rho1,20,3,6,shallow,4,0.20066026169438123,0.09799137697852595,0.10266888471585528,0.17400328090683786,0.029530412719738643,0.14447286818709923,-0.14472748439143798,0.0
P3_rho1,20,3,6,shallow,5,0.20633715341151143,0.10094564017740948,0.10539151323410195,0.17400328090683786,0.029530412719738643,0.14447286818709923,-0.14551802944910622,0.0
P3_rho1,20,3,6,shallow,6,0.20289039139765297,0.09647704800399116,0.1064133433936618,0.17400328090683786,0.029530412719738643,0.14447286818709923,-0.14535488326525467,0.0
P3_rho1,20,3,6,shallow,7,0.19935069117041018,0.09251282781267432,0.10683786335773586,0.17400328090683786,0.029530412719738643,0.14447286818709923,-0.14447665001987267,0.0
P3_rho1,20,3,6,shallow,8,0.19482764704116273,0.09335917314311024,0.1014684738980525,0.17400328090683786,0.029530412719738643,0.14447286818709923,-0.14533772307656287,0.0
P3_rho1,20,3,6,shallow,9,0.19937742946243886,0.09988999743302059,0.09948743202941827,0.17400328090683786,0.029530412719738643,0.14447286818709923,-0.1456399066137788,0.0
P3_rho1,20,3,10,shallow,0,0.16282446224740407,0.05335155434520125,0.10947290790220282,0.15391503079854268,0.017123905620898393,0.1367911251776443,-0.13723319904519357,0.0
P3_rho1,20,3,10,shallow,1,0.1679220421760484,0.0541077138692681,0.11381432830678029,0.15391503079854268,0.017123905620898393,0.1367911251776443,-0.13585127532839764,0.0
P3_rho1,20,3,10,shallow,2,0.16584703719817998,0.05444545076751905,0.11140158643066092,0.15391503079854268,0.017123905620898393,0.1367911251776443,-0.13682012384155015,0.0
P3_rho1,20,3,10,shallow,3,0.16888724101833497,0.054972763227330045,0.11391447779100491,0.15391503079854268,0.017123905620898393,0.1367911251776443,-0.13815005237700775,0.0
P3_rho1,20,3,10,shallow,4,0.16194068808881196,0.051806370744394,0.11013431734441795,0.15391503079854268,0.017123905620898393,0.1367911251776443,-0.13629926959847258,0.0
P3_rho1,20,3,10,shallow,5,0.16121665892764053,0.05464921550670722,0.10656744342093331,0.15391503079854268,0.017123905620898393,0.1367911251776443,-0.1369011544754985,0.0
P3_rho1,20,3,10,shallow,6,0.16731241060953347,0.05655135473159249,0.11076105587794098,0.15391503079854268,0.017123905620898393,0.1367911251776443,-0.13688838751933485,0.0
P3_rho1,20,3,10,shallow,7,0.1666716703247293,0.05583212552679895,0.11083954479793034,0.15391503079854268,0.017123905620898393,0.1367911251776443,-0.13741041358770423,0.0
P3_rho1,20,3,10,shallow,8,0.16784121794803958,0.05479101518358548,0.1130502027644541,0.15391503079854268,0.017123905620898393,0.1367911251776443,-0.13672254194492733,0.0
P3_rho1,20,3,10,shallow,9,0.1611633205484059,0.05726508469045949,0.10389823585794641,0.15391503079854268,0.017123905620898393,0.1367911251776443,-0.13683203444563324,0.0
P3_rho1,20,3,16,shallow,0,0.14324991938454126,0.03285134486292865,0.11039857452161261,0.13600547035933194,0.01079959860333423,0.1252058717559977,-0.12924306138954914,0.0
P3_rho1,20,3,16,shallow,1,0.14427548445620275,0.03414210539040732,0.11013337906579543,0.13600547035933194,0.01079959860333423,0.1252058717559977,-0.12928676463195365,0.0
P3_rho1,20,3,16,shallow,2,0.14140630900590276,0.03443113393142209,0.10697517507448068,0.13600547035933194,0.01079959860333423,0.1252058717559977,-0.12898294639901972,0.0
P3_rho1,20,3,16,shallow,3,0.1415855013691399,0.031588218073693795,0.10999728329544609,0.13600547035933194,0.01079959860333423,0.1252058717559977,-0.12881389932597923,0.0
P3_rho1,20,3,16,shallow,4,0.1403098959242739,0.034719953496819014,0.10558994242745488,0.13600547035933194,0.01079959860333423,0.1252058717559977,-0.12864085048982962,0.0
P3_rho1,20,3,16,shallow,5,0.14325414557900024,0.03303479332824378,0.11021935225075646,0.13600547035933194,0.01079959860333423,0.1252058717559977,-0.12934257662468013,0.0
P3_rho1,20,3,16,shallow,6,0.14171734220755797,0.03162408308784215,0.11009325911971582,0.13600547035933194,0.01079959860333423,0.1252058717559977,-0.1296683932367996,0.0
P3_rho1,20,3,16,shallow,7,0.14381339703440726,0.034087844714887926,0.10972555231951933,0.13600547035933194,0.01079959860333423,0.1252058717559977,-0.12936864251528185,0.0
P3_rho1,20,3,16,shallow,8,0.13926859695293692,0.03455529245429894,0.10471330449863797,0.13600547035933194,0.01079959860333423,0.1252058717559977,-0.1288097016193192,0.0
P3_rho1,20,3,16,shallow,9,0.14330806496446527,0.03321488191739487,0.1100931830470704,0.13600547035933194,0.01079959860333423,0.1252058717559977,-0.12947197569517466,0.0
P3_rho1,20,2,32,shallow,0,0.2317328327094881,0.08806294014417258,0.14366989256531554,0.22624724746177713,0.028180897328434748,0.1980663501333424,-0.12750694452625078,0.0
P3_rho1,20,2,32,shallow,1,0.2356423641429805,0.08562631314041058,0.15001605100256993,0.22624724746177713,0.028180897328434748,0.1980663501333424,-0.1262930465833324,0.0
P3_rho1,20,2,32,shallow,2,0.23264269555538777,0.08974836839364465,0.1428943271617431,0.22624724746177713,0.028180897328434748,0.1980663501333424,-0.12752167782082285,0.0
P3_rho1,20,2,32,shallow,3,0.23919726980243633,0.09372683520255012,0.1454704345998862,0.22624724746177713,0.028180897328434748,0.1980663501333424,-0.1275592305389727,0.0
P3_rho1,20,2,32,shallow,4,0.23775009990015772,0.08836529096598802,0.1493848089341697,0.22624724746177713,0.028180897328434748,0.1980663501333424,-0.1261396093098107,0.0
P3_rho1,20,2,32,shallow,5,0.23756002890969208,0.0897589682133877,0.1478010606963044,0.22624724746177713,0.028180897328434748,0.1980663501333424,-0.1272626663218679,0.0
P3_rho1,20,2,32,shallow,6,0.23861883821781124,0.09017513277852478,0.14844370543928648,0.22624724746177713,0.028180897328434748,0.1980663501333424,-0.1284600803585004,0.0
P3_rho1,20,2,32,shallow,7,0.23446643284560018,0.08389349696848522,0.15057293587711496,0.22624724746177713,0.028180897328434748,0.1980663501333424,-0.12704447942312014,0.0
P3_rho1,20,2,32,shallow,8,0.23472240590934093,0.0890215809691502,0.14570082494019074,0.22624724746177713,0.028180897328434748,0.1980663501333424,-0.12723283514167538,0.0
P3_rho1,20,2,32,shallow,9,0.23440904522852823,0.09178807497134435,0.1426209702571839,0.22624724746177713,0.028180897328434748,0.1980663501333424,-0.1258727546681414,0.0
P3_rho1,50,4,3,deep,0,0.36546087386274917,0.1603847256785402,0.20507614818420897,0.3157980731505236,0.05324383955766188,0.26255423359286173,-0.26154099088777627,0.0
P3_rho1,50,4,3,deep,1,0.3629728124075529,0.16293692271154184,0.20003588969601108,0.3157980731505236,0.05324383955766188,0.26255423359286173,-0.2593037108903928,0.0
P3_rho1,50,4,3,deep,2,0.3865066815552134,0.16496877456770878,0.2215379069875046,0.3157980731505236,0.05324383955766188,0.26255423359286173,-0.2611612156436184,0.0
P3_rho1,50,4,3,deep,3,0.35480013171325925,0.17296689418027572,0.18183323753298353,0.3157980731505236,0.05324383955766188,0.26255423359286173,-0.26012570808950175,0.0
P3_rho1,50,4,3,deep,4,0.37340010884175723,0.16247071786483977,0.21092939097691746,0.3157980731505236,0.05324383955766188,0.26255423359286173,-0.25583292247973666,0.0
P3_rho1,50,4,3,deep,5,0.35617401170143637,0.16483169060634958,0.19134232109508678,0.3157980731505236,0.05324383955766188,0.26255423359286173,-0.2599826585112939,0.0
P3_rho1,50,4,3,deep,6,0.36816656939143294,0.1624459429405964,0.20572062645083655,0.3157980731505236,0.05324383955766188,0.26255423359286173,-0.2594658806666203,0.0
P3_rho1,50,4,3,deep,7,0.37950439785502843,0.16630972136364525,0.21319467649138318,0.3157980731505236,0.05324383955766188,0.26255423359286173,-0.25983679831893375,0.0
P3_rho1,50,4,3,deep,8,0.35577770806295134,0.16263050792483258,0.19314720013811876,0.3157980731505236,0.05324383955766188,0.26255423359286173,-0.26295915646742873,0.0
P3_rho1,50,4,3,deep,9,0.3558803331031273,0.15813798905274942,0.19774234405037786,0.3157980731505236,0.05324383955766188,0.26255423359286173,-0.2636166176226948,0.0
P3_rho1,50,4,4,deep,0,0.3335706858625588,0.10432831318981878,0.22924237267274,0.3027673459796541,0.03226935882612729,0.2704979871535268,-0.25601611113312195,0.0
P3_rho1,50,4,4,deep,1,0.32547873857326226,0.10783299544050366,0.21764574313275858,0.3027673459796541,0.03226935882612729,0.2704979871535268,-0.2550728791625126,0.0
P3_rho1,50,4,4,deep,2,0.32315700874560876,0.10705019098504151,0.21610681776056725,0.3027673459796541,0.03226935882612729,0.2704979871535268,-0.25555928643324927,0.0
P3_rho1,50,4,4,deep,3,0.3346566908333356,0.10105358477697106,0.23360310605636453,0.3027673459796541,0.03226935882612729,0.2704979871535268,-0.2550348713489429,0.0
P3_rho1,50,4,4,deep,4,0.3326364424135418,0.10114414995218615,0.23149229246135564,0.3027673459796541,0.03226935882612729,0.2704979871535268,-0.2543798118739823,0.0
P3_rho1,50,4,4,deep,5,0.33259414511290514,0.106775651886133,0.22581849322677214,0.3027673459796541,0.03226935882612729,0.2704979871535268,-0.25869040771830765,0.0
P3_rho1,50,4,4,deep,6,0.33774857583895773,0.10294541161066166,0.23480316422829606,0.3027673459796541,0.03226935882612729,0.2704979871535268,-0.2571179599577245,0.0
P3_rho1,50,4,4,deep,7,0.3422546361699569,0.10793499758600296,0.23431963858395394,0.3027673459796541,0.03226935882612729,0.2704979871535268,-0.2572248271579566,0.0
P3_rho1,50,4,4,deep,8,0.3294132558260118,0.10238977332439916,0.2270234825016126,0.3027673459796541,0.03226935882612729,0.2704979871535268,-0.2532160170613901,0.0
P3_rho1,50,4,4,deep,9,0.3136827972012842,0.10667604860549318,0.20700674859579105,0.3027673459796541,0.03226935882612729,0.2704979871535268,-0.25459197087022045,0.0
P3_rho1,50,4,6,deep,0,0.2896206403132733,0.05728822887332164,0.23233241143995165,0.27838335653614915,0.01761120380676681,0.26077215272938237,-0.2501602970950601,0.0
P3_rho1,50,4,6,deep,1,0.28485125923788435,0.058857323555538514,0.22599393568234583,0.27838335653614915,0.01761120380676681,0.26077215272938237,-0.2527369236314418,0.0
P3_rho1,50,4,6,deep,2,0.2964968766078357,0.05917606835228331,0.23732080825555238,0.27838335653614915,0.01761120380676681,0.26077215272938237,-0.24882113327876237,0.0
P3_rho1,50,4,6,deep,3,0.29444377909120195,0.05546723402164021,0.23897654506956173,0.27838335653614915,0.01761120380676681,0.26077215272938237,-0.24935275370348892,0.0
P3_rho1,50,4,6,deep,4,0.28714241675191426,0.056444984683118114,0.23069743206879614,0.27838335653614915,0.01761120380676681,0.26077215272938237,-0.25005163632749944,0.0
P3_rho1,50,4,6,deep,5,0.2894345199693021,0.05555913446019936,0.23387538550910272,0.27838335653614915,0.01761120380676681,0.26077215272938237,-0.2513262964512922,0.0
P3_rho1,50,4,6,deep,6,0.2995070945921961,0.0568595413757466,0.24264755321644949,0.27838335653614915,0.01761120380676681,0.26077215272938237,-0.25077156612524004,0.0
P3_rho1,50,4,6,deep,7,0.29006587602781125,0.05724907597994868,0.23281680004786257,0.27838335653614915,0.01761120380676681,0.26077215272938237,-0.25271001045824487,0.0
P3_rho1,50,4,6,deep,8,0.2855930711565129,0.056890174919970955,0.22870289623654194,0.27838335653614915,0.01761120380676681,0.26077215272938237,-0.25290208997805486,0.0
P3_rho1,50,4,6,deep,9,0.31008641422936384,0.05739164982698983,0.25269476440237404,0.27838335653614915,0.01761120380676681,0.26077215272938237,-0.25308608442488423,0.0
P3_rho1,50,5,2,deep,0,0.4480494777736858,0.2176583714736419,0.23039110630004392,0.33744988614791854,0.07183684864441249,0.26561303750350607,-0.24505810194758548,0.0
P3_rho1,50,5,2,deep,1,0.4290485905534091,0.22208776941584452,0.2069608211375646,0.33744988614791854,0.07183684864441249,0.26561303750350607,-0.24535008478410728,0.0
P3_rho1,50,5,2,deep,2,0.44559638717041,0.22773034869863648,0.21786603847177352,0.33744988614791854,0.07183684864441249,0.26561303750350607,-0.24151400371187573,0.0
P3_rho1,50,5,2,deep,3,0.42150349697686196,0.22920432240782962,0.19229917456903234,0.33744988614791854,0.07183684864441249,0.26561303750350607,-0.2435307989881897,0.0
P3_rho1,50,5,2,deep,4,0.4160453805415111,0.24172899104471104,0.17431638949680003,0.33744988614791854,0.07183684864441249,0.26561303750350607,-0.23702676159784455,0.0
P3_rho1,50,5,2,deep,5,0.45516290597833486,0.2228291762126196,0.23233372976571526,0.33744988614791854,0.07183684864441249,0.26561303750350607,-0.2439007163654347,0.0
P3_rho1,50,5,2,deep,6,0.4457102219557765,0.2281890433345026,0.21752117862127388,0.33744988614791854,0.07183684864441249,0.26561303750350607,-0.24438226874437027,0.0
P3_rho1,50,5,2,deep,7,0.44873734367737184,0.2237415576226688,0.22499578605470302,0.33744988614791854,0.07183684864441249,0.26561303750350607,-0.24359621550017918,0.0
P3_rho1,50,5,2,deep,8,0.43676478902583,0.2245513736443044,0.2122134153815256,0.33744988614791854,0.07183684864441249,0.26561303750350607,-0.24755973005129525,0.0
P3_rho1,50,5,2,deep,9,0.4334966378542499,0.23636555287119507,0.19713108498305484,0.33744988614791854,0.07183684864441249,0.26561303750350607,-0.23848702358656063,0.0
P3_rho1,50,3,6,shallow,0,0.34623589790876863,0.139550964652527,0.20668493325624163,0.3273076578013183,0.04244946364981507,0.28485819415150326,-0.2834578604510229,0.0
P3_rho1,50,3,6,shallow,1,0.3504501383812045,0.1378995716973247,0.21255056668387978,0.3273076578013183,0.04244946364981507,0.28485819415150326,-0.2825690202145968,0.0
P3_rho1,50,3,6,shallow,2,0.3608124706340463,0.1412399128896962,0.2195725577443501,0.3273076578013183,0.04244946364981507,0.28485819415150326,-0.2765923761407447,0.0
P3_rho1,50,3,6,shallow,3,0.35664420174203953,0.13809017447778651,0.21855402726425302,0.3273076578013183,0.04244946364981507,0.28485819415150326,-0.2790362590454147,0.0
P3_rho1,50,3,6,shallow,4,0.3537000027028539,0.14439297575561733,0.20930702694723657,0.3273076578013183,0.04244946364981507,0.28485819415150326,-0.2792931060635631,0.0
P3_rho1,50,3,6,shallow,5,0.3467993098103046,0.13824432355667537,0.20855498625362923,0.3273076578013183,0.04244946364981507,0.28485819415150326,-0.2773335079257375,0.0
P3_rho1,50,3,6,shallow,6,0.35205553172505055,0.1356483055584051,0.21640722616664546,0.3273076578013183,0.04244946364981507,0.28485819415150326,-0.27686733818051523,0.0
P3_rho1,50,3,6,shallow,7,0.34949004739647505,0.13391870729076552,0.21557134010570952,0.3273076578013183,0.04244946364981507,0.28485819415150326,-0.27823297689569076,0.0
P3_rho1,50,3,6,shallow,8,0.35444822124008396,0.1367858166908706,0.21766240454921337,0.3273076578013183,0.04244946364981507,0.28485819415150326,-0.2826952893821608,0.0
P3_rho1,50,3,6,shallow,9,0.35486380260326544,0.138504961994105,0.21635884060916044,0.3273076578013183,0.04244946364981507,0.28485819415150326,-0.28323762947096764,0.0
P3_rho1,50,3,10,shallow,0,0.3178141695219429,0.07660637412449785,0.24120779539744508,0.31421886278594957,0.025032002844367282,0.2891868599415823,-0.27671534833857303,0.0
P3_rho1,50,3,10,shallow,1,0.3273156822131249,0.08160359589995676,0.24571208631316815,0.31421886278594957,0.025032002844367282,0.2891868599415823,-0.27403192988442654,0.0
P3_rho1,50,3,10,shallow,2,0.32961003164793107,0.07815099172342982,0.25145903992450125,0.31421886278594957,0.025032002844367282,0.2891868599415823,-0.2776726786258536,0.0
P3_rho1,50,3,10,shallow,3,0.33123283900442835,0.08333999316476519,0.24789284583966315,0.31421886278594957,0.025032002844367282,0.2891868599415823,-0.2747737586745405,0.0
P3_rho1,50,3,10,shallow,4,0.3266098983360981,0.07903851743620806,0.24757138089989006,0.31421886278594957,0.025032002844367282,0.2891868599415823,-0.2746355628315146,0.0
P3_rho1,50,3,10,shallow,5,0.3283795345257652,0.07758606451176878,0.25079347001399643,0.31421886278594957,0.025032002844367282,0.2891868599415823,-0.2729708625514959,0.0
P3_rho1,50,3,10,shallow,6,0.323304337004359,0.08061013415683646,0.24269420284752255,0.31421886278594957,0.025032002844367282,0.2891868599415823,-0.27563537378138486,0.0
P3_rho1,50,3,10,shallow,7,0.3230995110782509,0.08043922619590957,0.24266028488234134,0.31421886278594957,0.025032002844367282,0.2891868599415823,-0.27570715081016356,0.0
P3_rho1,50,3,10,shallow,8,0.3208355467455748,0.07787797135858222,0.24295757538699259,0.31421886278594957,0.025032002844367282,0.2891868599415823,-0.2754535405040957,0.0
P3_rho1,50,3,10,shallow,9,0.32116180651382437,0.08289139514188505,0.23827041137193933,0.31421886278594957,0.025032002844367282,0.2891868599415823,-0.27452866417843597,0.0
P3_rho1,50,3,16,shallow,0,0.30359529556142356,0.04885274691130221,0.25474254865012136,0.2969809146203035,0.01656561155366254,0.280415303066641,-0.27072589426314286,0.0
P3_rho1,50,3,16,shallow,1,0.2988100296378441,0.04857582860030146,0.2502342010375426,0.2969809146203035,0.01656561155366254,0.280415303066641,-0.26897281823316765,0.0
P3_rho1,50,3,16,shallow,2,0.30471907391451536,0.05139497852105463,0.25332409539346074,0.2969809146203035,0.01656561155366254,0.280415303066641,-0.27197901379741474,0.0
P3_rho1,50,3,16,shallow,3,0.3037693263879406,0.052570791723797645,0.25119853466414294,0.2969809146203035,0.01656561155366254,0.280415303066641,-0.26930479409269564,0.0
P3_rho1,50,3,16,shallow,4,0.30059023101403426,0.047489099093528074,0.2531011319205062,0.2969809146203035,0.01656561155366254,0.280415303066641,-0.27295489645988613,0.0
P3_rho1,50,3,16,shallow,5,0.30195278456767166,0.0525012859583502,0.24945149860932148,0.2969809146203035,0.01656561155366254,0.280415303066641,-0.2709287216030498,0.0
P3_rho1,50,3,16,shallow,6,0.3046931396330735,0.05160155036811658,0.2530915892649569,0.2969809146203035,0.01656561155366254,0.280415303066641,-0.27133065354301916,0.0
P3_rho1,50,3,16,shallow,7,0.3057953893145721,0.05051459808705768,0.25528079122751446,0.2969809146203035,0.01656561155366254,0.280415303066641,-0.2705367834073579,0.0
P3_rho1,50,3,16,shallow,8,0.30340950780780646,0.04901663916837582,0.2543928686394306,0.2969809146203035,0.01656561155366254,0.280415303066641,-0.2712321165241739,0.0
P3_rho1,50,3,16,shallow,9,0.300464901541272,0.04710470258024047,0.2533601989610315,0.2969809146203035,0.01656561155366254,0.280415303066641,-0.2698817765352438,0.0
P3_rho1,50,2,32,shallow,0,0.4350056542022051,0.1383825436299782,0.2966231105722269,0.4200749957169324,0.043076839329699204,0.3769981563872332,-0.30617655088500323,0.0
P3_rho1,50,2,32,shallow,1,0.43105282106775816,0.13552665331862235,0.2955261677491358,0.4200749957169324,0.043076839329699204,0.3769981563872332,-0.3050794216761324,0.0
P3_rho1,50,2,32,shallow,2,0.4280143258205699,0.14223170260723036,0.2857826232133396,0.4200749957169324,0.043076839329699204,0.3769981563872332,-0.3021543852653302,0.0
P3_rho1,50,2,32,shallow,3,0.4193242045629025,0.15359359167364994,0.26573061288925254,0.4200749957169324,0.043076839329699204,0.3769981563872332,-0.3012471126428962,0.0
P3_rho1,50,2,32,shallow,4,0.4288016144396919,0.13363413306370145,0.29516748137599047,0.4200749957169324,0.043076839329699204,0.3769981563872332,-0.3013724517347538,0.0
P3_rho1,50,2,32,shallow,5,0.42645315670672024,0.13762308879024598,0.28883006791647425,0.4200749957169324,0.043076839329699204,0.3769981563872332,-0.2988219464187152,0.0
P3_rho1,50,2,32,shallow,6,0.42709542339448214,0.13163551690720163,0.2954599064872805,0.4200749957169324,0.043076839329699204,0.3769981563872332,-0.30091118309422854,0.0
P3_rho1,50,2,32,shallow,7,0.4276238903070698,0.13688886233059844,0.2907350279764714,0.4200749957169324,0.043076839329699204,0.3769981563872332,-0.303310488651496,0.0
P3_rho1,50,2,32,shallow,8,0.4335668901855246,0.1379632403469744,0.29560364983855014,0.4200749957169324,0.043076839329699204,0.3769981563872332,-0.29789429887180474,0.0
P3_rho1,50,2,32,shallow,9,0.430578333551508,0.14119876098536188,0.2893795725661461,0.4200749957169324,0.043076839329699204,0.3769981563872332,-0.2990977200765347,0.0
P3_rho2,20,4,3,deep,0,0.23852553163568263,0.14521492900320454,0.09331060263247809,0.17527429131691225,0.04495504837335567,0.13031924294355657,-0.1589062368387254,0.0
P3_rho2,20,4,3,deep,1,0.23588125175959804,0.13888390599474895,0.09699734576484909,0.17527429131691225,0.04495504837335567,0.13031924294355657,-0.1595467626243303,0.0
P3_rho2,20,4,3,deep,2,0.23849448666790948,0.14781712595302207,0.09067736071488741,0.17527429131691225,0.04495504837335567,0.13031924294355657,-0.15786774849898802,0.0
P3_rho2,20,4,3,deep,3,0.234992852533199,0.14669410488302095,0.08829874765017803,0.17527429131691225,0.04495504837335567,0.13031924294355657,-0.15849611392620097,0.0
P3_rho2,20,4,3,deep,4,0.24069196515681182,0.14106340631734443,0.09962855883946739,0.17527429131691225,0.04495504837335567,0.13031924294355657,-0.15973153654779315,0.0
P3_rho2,20,4,3,deep,5,0.2369206413723307,0.1391297571155565,0.09779088425677421,0.17527429131691225,0.04495504837335567,0.13031924294355657,-0.15939981802662936,0.0
P3_rho2,20,4,3,deep,6,0.23188270237790418,0.15018196486917446,0.08170073750872972,0.17527429131691225,0.04495504837335567,0.13031924294355657,-0.15798984589526696,0.0
P3_rho2,20,4,3,deep,7,0.23763909418889992,0.14490262550001382,0.0927364686888861,0.17527429131691225,0.04495504837335567,0.13031924294355657,-0.15837475926738082,0.0
P3_rho2,20,4,3,deep,8,0.242306013240699,0.14071964454930805,0.10158636869139095,0.17527429131691225,0.04495504837335567,0.13031924294355657,-0.15871219157444044,0.0
P3_rho2,20,4,3,deep,9,0.23380894771804667,0.14367193306985807,0.0901370146481886,0.17527429131691225,0.04495504837335567,0.13031924294355657,-0.15844684274284299,0.0
P3_rho2,20,4,4,deep,0,0.18731571741480937,0.08729603920969754,0.10001967820511183,0.15436181132854224,0.029207152919074386,0.12515465840946785,-0.15342522511851847,0.0
P3_rho2,20,4,4,deep,1,0.18394153890102796,0.09188779039945781,0.09205374850157015,0.15436181132854224,0.029207152919074386,0.12515465840946785,-0.1527497927315513,0.0
P3_rho2,20,4,4,deep,2,0.1967600203093026,0.0959630489955213,0.10079697131378129,0.15436181132854224,0.029207152919074386,0.12515465840946785,-0.15104766124651536,0.0
P3_rho2,20,4,4,deep,3,0.19170162872131924,0.0882765970804691,0.10342503164085014,0.15436181132854224,0.029207152919074386,0.12515465840946785,-0.1529883317005578,0.0
P3_rho2,20,4,4,deep,4,0.1903901614771533,0.09336198755426446,0.09702817392288883,0.15436181132854224,0.029207152919074386,0.12515465840946785,-0.15361866852211306,0.0
P3_rho2,20,4,4,deep,5,0.19680814702537014,0.0899463513802517,0.10686179564511844,0.15436181132854224,0.029207152919074386,0.12515465840946785,-0.1528883597958223,0.0
P3_rho2,20,4,4,deep,6,0.18791323582133834,0.08598701167133012,0.10192622415000822,0.15436181132854224,0.029207152919074386,0.12515465840946785,-0.15364544344211364,0.0
P3_rho2,20,4,4,deep,7,0.1859802369802788,0.09197484169229282,0.09400539528798597,0.15436181132854224,0.029207152919074386,0.12515465840946785,-0.15222855482765119,0.0
P3_rho2,20,4,4,deep,8,0.19058911350671107,0.08881136710560524,0.10177774640110583,0.15436181132854224,0.029207152919074386,0.12515465840946785,-0.1532105458230508,0.0
P3_rho2,20,4,4,deep,9,0.193003827008111,0.08815528858197877,0.10484853842613223,0.15436181132854224,0.029207152919074386,0.12515465840946785,-0.15171149237396492,0.0
P3_rho2,20,4,6,deep,0,0.14782058454914074,0.04231714638721637,0.10550343816192437,0.12755412024279641,0.014031727059211211,0.1135223931835852,-0.1451632136858912,0.0
P3_rho2,20,4,6,deep,1,0.14716644711481433,0.044650644529155736,0.1025158025856586,0.12755412024279641,0.014031727059211211,0.1135223931835852,-0.14587306176262302,0.0
P3_rho2,20,4,6,deep,2,0.14374524662647625,0.04606463538857585,0.0976806112379004,0.12755412024279641,0.014031727059211211,0.1135223931835852,-0.145461503008877,0.0
P3_rho2,20,4,6,deep,3,0.1440185793957917,0.04526556659540669,0.09875301280038502,0.12755412024279641,0.014031727059211211,0.1135223931835852,-0.14680366041615225,0.0
P3_rho2,20,4,6,deep,4,0.14771387343638961,0.04545229879659327,0.10226157463979635,0.12755412024279641,0.014031727059211211,0.1135223931835852,-0.14636562317867563,0.0
P3_rho2,20,4,6,deep,5,0.14789429131698972,0.046391111359218445,0.10150317995777128,0.12755412024279641,0.014031727059211211,0.1135223931835852,-0.1457205933586758,0.0
P3_rho2,20,4,6,deep,6,0.1498672766941556,0.04951878848885811,0.10034848820529749,0.12755412024279641,0.014031727059211211,0.1135223931835852,-0.14576825435334403,0.0
P3_rho2,20,4,6,deep,7,0.1459466922644635,0.0466961054388845,0.099250586825579,0.12755412024279641,0.014031727059211211,0.1135223931835852,-0.14542826927753152,0.0
P3_rho2,20,4,6,deep,8,0.14580041249619755,0.04526476271166588,0.10053564978453167,0.12755412024279641,0.014031727059211211,0.1135223931835852,-0.14590483271785623,0.0
P3_rho2,20,4,6,deep,9,0.140085139162719,0.04648522684289065,0.09359991231982835,0.12755412024279641,0.014031727059211211,0.1135223931835852,-0.14541026884468683,0.0
P3_rho2,20,5,2,deep,0,0.288136655954865,0.19023618331974465,0.09790047263512033,0.19205116337274825,0.06225058362144546,0.12980057975130277,-0.1583616562987725,0.0
P3_rho2,20,5,2,deep,1,0.29750509968301936,0.20133691718147065,0.09616818250154871,0.19205116337274825,0.06225058362144546,0.12980057975130277,-0.1604190865910225,0.0
P3_rho2,20,5,2,deep,2,0.30658455554879976,0.19178095497438305,0.11480360057441671,0.19205116337274825,0.06225058362144546,0.12980057975130277,-0.15912813788862715,0.0
P3_rho2,20,5,2,deep,3,0.29469932238822977,0.19661520928767778,0.09808411310055198,0.19205116337274825,0.06225058362144546,0.12980057975130277,-0.15871670053292444,0.0
P3_rho2,20,5,2,deep,4,0.3026717598384205,0.19365728187834905,0.10901447796007144,0.19205116337274825,0.06225058362144546,0.12980057975130277,-0.15922860851079504,0.0
P3_rho2,20,5,2,deep,5,0.2963422385945521,0.20890765985708748,0.08743457873746463,0.19205116337274825,0.06225058362144546,0.12980057975130277,-0.1597610139556726,0.0
P3_rho2,20,5,2,deep,6,0.31746288596865485,0.20784323455684892,0.10961965141180594,0.19205116337274825,0.06225058362144546,0.12980057975130277,-0.15862703443651666,0.0
P3_rho2,20,5,2,deep,7,0.29744792778934576,0.20095894428779948,0.09648898350154628,0.19205116337274825,0.06225058362144546,0.12980057975130277,-0.1603203784485737,0.0
P3_rho2,20,5,2,deep,8,0.30419975621830164,0.1867563422204619,0.11744341399783975,0.19205116337274825,0.06225058362144546,0.12980057975130277,-0.1588568008520075,0.0
P3_rho2,20,5,2,deep,9,0.30709148587506047,0.20913036760471967,0.09796111827034079,0.19205116337274825,0.06225058362144546,0.12980057975130277,-0.16062493232610017,0.0
P3_rho2,20,3,6,shallow,0,0.211608318374239,0.11007258024763487,0.10153573812660412,0.18318333658530148,0.034070874689778735,0.14911246189552274,-0.1566772281484856,0.0
P3_rho2,20,3,6,shallow,1,0.21171242267366025,0.10793013539856518,0.10378228727509507,0.18318333658530148,0.034070874689778735,0.14911246189552274,-0.15514589124160982,0.0
P3_rho2,20,3,6,shallow,2,0.20532236567518378,0.1061752333603641,0.09914713231481968,0.18318333658530148,0.034070874689778735,0.14911246189552274,-0.1567601931790428,0.0
P3_rho2,20,3,6,shallow,3,0.2134105387448234,0.11118925075078998,0.10222128799403343,0.18318333658530148,0.034070874689778735,0.14911246189552274,-0.1546381346222205,0.0
P3_rho2,20,3,6,shallow,4,0.21696918820275357,0.11450776907232213,0.10246141913043144,0.18318333658530148,0.034070874689778735,0.14911246189552274,-0.1558609672310956,0.0
P3_rho2,20,3,6,shallow,5,0.2228327525483344,0.11747993143423431,0.10535282111410009,0.18318333658530148,0.034070874689778735,0.14911246189552274,-0.15665313055792762,0.0
P3_rho2,20,3,6,shallow,6,0.21807301028462686,0.11224637455825526,0.1058266357263716,0.18318333658530148,0.034070874689778735,0.14911246189552274,-0.15646506848430414,0.0
P3_rho2,20,3,6,shallow,7,0.2149956518964086,0.10743133039391227,0.10756432150249633,0.18318333658530148,0.034070874689778735,0.14911246189552274,-0.15508255702584364,0.0
P3_rho2,20,3,6,shallow,8,0.21165796114177998,0.10935085189721665,0.10230710924456334,0.18318333658530148,0.034070874689778735,0.14911246189552274,-0.15660345051976504,0.0
P3_rho2,20,3,6,shallow,9,0.2132163297543036,0.11544153607304977,0.09777479368125383,0.18318333658530148,0.034070874689778735,0.14911246189552274,-0.15647800718395458,0.0
P3_rho2,20,3,10,shallow,0,0.17670510333340636,0.06306129856533942,0.11364380476806694,0.1648328774923287,0.020019076358880946,0.14481380113344774,-0.14795133914624198,0.0
P3_rho2,20,3,10,shallow,1,0.1825766210124023,0.06437889900981586,0.11819772200258644,0.1648328774923287,0.020019076358880946,0.14481380113344774,-0.1461207362941567,0.0
P3_rho2,20,3,10,shallow,2,0.18007872648429712,0.0643531341626792,0.11572559232161793,0.1648328774923287,0.020019076358880946,0.14481380113344774,-0.147543899232284,0.0
P3_rho2,20,3,10,shallow,3,0.18325035861777061,0.06440781244233038,0.11884254617544024,0.1648328774923287,0.020019076358880946,0.14481380113344774,-0.14897347414124615,0.0
P3_rho2,20,3,10,shallow,4,0.1749387363976659,0.06139475890079648,0.11354397749686942,0.1648328774923287,0.020019076358880946,0.14481380113344774,-0.1467695980885865,0.0
P3_rho2,20,3,10,shallow,5,0.17509380390501614,0.06439009732231739,0.11070370658269875,0.1648328774923287,0.020019076358880946,0.14481380113344774,-0.14761512940146962,0.0
P3_rho2,20,3,10,shallow,6,0.18140827106344068,0.06647094960926166,0.11493732145417902,0.1648328774923287,0.020019076358880946,0.14481380113344774,-0.14752444323521274,0.0
P3_rho2,20,3,10,shallow,7,0.18157997825215172,0.06630059000717188,0.11527938824497984,0.1648328774923287,0.020019076358880946,0.14481380113344774,-0.1480695399513489,0.0
P3_rho2,20,3,10,shallow,8,0.1811307024712174,0.06502681046254788,0.11610389200866952,0.1648328774923287,0.020019076358880946,0.14481380113344774,-0.14740125960462058,0.0
P3_rho2,20,3,10,shallow,9,0.1753010623526401,0.06706543314314979,0.1082356292094903,0.1648328774923287,0.020019076358880946,0.14481380113344774,-0.14757275898958494,0.0
P3_rho2,20,3,16,shallow,0,0.15829173263910146,0.03920355582214438,0.11908817681695708,0.15042451386066513,0.0129875489504411,0.13743696491022403,-0.13989857574225673,0.0
P3_rho2,20,3,16,shallow,1,0.15964736729108348,0.041238173642328436,0.11840919364875505,0.15042451386066513,0.0129875489504411,0.13743696491022403,-0.14006334103367948,0.0
P3_rho2,20,3,16,shallow,2,0.15731278634611415,0.04118949354752032,0.11612329279859382,0.15042451386066513,0.0129875489504411,0.13743696491022403,-0.13966901295024126,0.0
P3_rho2,20,3,16,shallow,3,0.15755508448565614,0.03781632506002729,0.11973875942562885,0.15042451386066513,0.0129875489504411,0.13743696491022403,-0.13931374639265826,0.0
P3_rho2,20,3,16,shallow,4,0.15668718734030873,0.0415879495905449,0.11509923774976383,0.15042451386066513,0.0129875489504411,0.13743696491022403,-0.13931987006400479,0.0
P3_rho2,20,3,16,shallow,5,0.15923332067186366,0.039487438440028076,0.11974588223183558,0.15042451386066513,0.0129875489504411,0.13743696491022403,-0.14010751538765343,0.0
P3_rho2,20,3,16,shallow,6,0.15625040070803248,0.03798510124193387,0.11826529946609861,0.15042451386066513,0.0129875489504411,0.13743696491022403,-0.1404289114903925,0.0
P3_rho2,20,3,16,shallow,7,0.16038184021009938,0.04129610604514956,0.11908573416494983,0.15042451386066513,0.0129875489504411,0.13743696491022403,-0.13999502141786804,0.0
P3_rho2,20,3,16,shallow,8,0.15500347832333822,0.041230278901311035,0.11377319942202718,0.15042451386066513,0.0129875489504411,0.13743696491022403,-0.1393073989509161,0.0
P3_rho2,20,3,16,shallow,9,0.15998170531200445,0.04002592085335699,0.11995578445864746,0.15042451386066513,0.0129875489504411,0.13743696491022403,-0.14012815134241216,0.0
P3_rho2,20,2,32,shallow,0,0.2820143798317178,0.10650506713464582,0.17550931269707198,0.2743047362261345,0.034629364067111,0.2396753721590235,-0.1399171599486899,0.0
P3_rho2,20,2,32,shallow,1,0.2862039558508919,0.10369435052852354,0.18250960532236837,0.2743047362261345,0.034629364067111,0.2396753721590235,-0.13827517050805352,0.0
P3_rho2,20,2,32,shallow,2,0.282068779215889,0.10833486603311122,0.1737339131827778,0.2743047362261345,0.034629364067111,0.2396753721590235,-0.1395975984641286,0.0
P3_rho2,20,2,32,shallow,3,0.290397896343103,0.11331277533842314,0.17708512100467982,0.2743047362261345,0.034629364067111,0.2396753721590235,-0.14015147315520662,0.0
P3_rho2,20,2,32,shallow,4,0.288722552259662,0.10797302644979502,0.18074952580986697,0.2743047362261345,0.034629364067111,0.2396753721590235,-0.13805154082692794,0.0
P3_rho2,20,2,32,shallow,5,0.28783991325962416,0.10900652890653835,0.17883338435308582,0.2743047362261345,0.034629364067111,0.2396753721590235,-0.13952196237210637,0.0
P3_rho2,20,2,32,shallow,6,0.28945530858078455,0.10849013858854092,0.18096516999224363,0.2743047362261345,0.034629364067111,0.2396753721590235,-0.14102130638364188,0.0
P3_rho2,20,2,32,shallow,7,0.2844537215489919,0.10251577654620904,0.18193794500278287,0.2743047362261345,0.034629364067111,0.2396753721590235,-0.1391460459882984,0.0
P3_rho2,20,2,32,shallow,8,0.28524081920525945,0.10823259194369127,0.17700822726156817,0.2743047362261345,0.034629364067111,0.2396753721590235,-0.13971755945725436,0.0
P3_rho2,20,2,32,shallow,9,0.2841168814877203,0.11178505649059868,0.17233182499712163,0.2743047362261345,0.034629364067111,0.2396753721590235,-0.13778958696351887,0.0
P3_rho2,50,4,3,deep,0,0.36350862195053507,0.17237227544912423,0.19113634650141084,0.30940687632063085,0.056624061098728654,0.2527828152219022,-0.2774121477937709,0.0
P3_rho2,50,4,3,deep,1,0.3637585093014017,0.17374334574240177,0.19001516355899992,0.30940687632063085,0.056624061098728654,0.2527828152219022,-0.27562947258736353,0.0
P3_rho2,50,4,3,deep,2,0.3892402521896444,0.17851758653799257,0.21072266565165185,0.30940687632063085,0.056624061098728654,0.2527828152219022,-0.27783510515917176,0.0
P3_rho2,50,4,3,deep,3,0.35589332600388396,0.18355190956420706,0.1723414164396769,0.30940687632063085,0.056624061098728654,0.2527828152219022,-0.2757369718860253,0.0
P3_rho2,50,4,3,deep,4,0.37342317193216684,0.17143720427830322,0.20198596765386362,0.30940687632063085,0.056624061098728654,0.2527828152219022,-0.2720785551633641,0.0
P3_rho2,50,4,3,deep,5,0.3595666182665596,0.1740726628196633,0.1854939554468963,0.30940687632063085,0.056624061098728654,0.2527828152219022,-0.2761215544956733,0.0
P3_rho2,50,4,3,deep,6,0.3690176750188484,0.1732549499317,0.19576272508714843,0.30940687632063085,0.056624061098728654,0.2527828152219022,-0.2759469212830907,0.0
P3_rho2,50,4,3,deep,7,0.37899878659572145,0.17888430813315426,0.2001144784625672,0.30940687632063085,0.056624061098728654,0.2527828152219022,-0.27612685469700543,0.0
P3_rho2,50,4,3,deep,8,0.3586121818511922,0.1707288657431769,0.1878833161080153,0.30940687632063085,0.056624061098728654,0.2527828152219022,-0.27909349455941773,0.0
P3_rho2,50,4,3,deep,9,0.35796973429379575,0.16898908843047988,0.18898064586331587,0.30940687632063085,0.056624061098728654,0.2527828152219022,-0.27982912341247396,0.0
P3_rho2,50,4,4,deep,0,0.32989155130727704,0.11062657856152047,0.21926497274575657,0.2960363941144191,0.034584988763487,0.26145140535093214,-0.27128186489329054,0.0
P3_rho2,50,4,4,deep,1,0.32166337408366,0.11486211998489484,0.20680125409876518,0.2960363941144191,0.034584988763487,0.26145140535093214,-0.26971679714801344,0.0
P3_rho2,50,4,4,deep,2,0.3189164484751837,0.11521363506325469,0.203702813411929,0.2960363941144191,0.034584988763487,0.26145140535093214,-0.2705786705483135,0.0
P3_rho2,50,4,4,deep,3,0.33348059587170636,0.1080617195656639,0.22541887630604246,0.2960363941144191,0.034584988763487,0.26145140535093214,-0.2701649984983898,0.0
P3_rho2,50,4,4,deep,4,0.33254836046947855,0.10888774241141183,0.22366061805806672,0.2960363941144191,0.034584988763487,0.26145140535093214,-0.26946296282224796,0.0
P3_rho2,50,4,4,deep,5,0.3328157889371516,0.11458744494094149,0.2182283439962101,0.2960363941144191,0.034584988763487,0.26145140535093214,-0.2737204283533009,0.0
P3_rho2,50,4,4,deep,6,0.3341769333835843,0.11122887361460987,0.22294805976897442,0.2960363941144191,0.034584988763487,0.26145140535093214,-0.272368929037628,0.0
P3_rho2,50,4,4,deep,7,0.3372708870316585,0.1156335997863272,0.22163728724533127,0.2960363941144191,0.034584988763487,0.26145140535093214,-0.2727774692961599,0.0
P3_rho2,50,4,4,deep,8,0.3264671756019135,0.11059043862024377,0.21587673698166976,0.2960363941144191,0.034584988763487,0.26145140535093214,-0.26892219145603635,0.0
P3_rho2,50,4,4,deep,9,0.31135666540716816,0.11483956874103035,0.1965170966661378,0.2960363941144191,0.034584988763487,0.26145140535093214,-0.27001118117604034,0.0
P3_rho2,50,4,6,deep,0,0.284249206333046,0.06245998029695247,0.22178922603609355,0.2734182352430769,0.018877159727282537,0.25454107551579436,-0.26478582673973744,0.0
P3_rho2,50,4,6,deep,1,0.28248616299344315,0.06340369339291761,0.21908246960052552,0.2734182352430769,0.018877159727282537,0.25454107551579436,-0.267206712358707,0.0
P3_rho2,50,4,6,deep,2,0.29326188164111094,0.06336844109519783,0.2298934405459131,0.2734182352430769,0.018877159727282537,0.25454107551579436,-0.26339187877933257,0.0
P3_rho2,50,4,6,deep,3,0.2916664193380401,0.05967271858686065,0.23199370075117945,0.2734182352430769,0.018877159727282537,0.25454107551579436,-0.263949158493562,0.0
P3_rho2,50,4,6,deep,4,0.2842582143802538,0.06045498914637565,0.22380322523387813,0.2734182352430769,0.018877159727282537,0.25454107551579436,-0.2645940755538076,0.0
P3_rho2,50,4,6,deep,5,0.2853113303464607,0.05954551001808588,0.22576582032837483,0.2734182352430769,0.018877159727282537,0.25454107551579436,-0.2657616028359721,0.0
P3_rho2,50,4,6,deep,6,0.29346244838928875,0.06088053328995798,0.23258191509933077,0.2734182352430769,0.018877159727282537,0.25454107551579436,-0.2652627364553256,0.0
P3_rho2,50,4,6,deep,7,0.2853366806093368,0.061508821988866466,0.22382785862047033,0.2734182352430769,0.018877159727282537,0.25454107551579436,-0.26774666453652174,0.0
P3_rho2,50,4,6,deep,8,0.2839834210408104,0.0615114849636279,0.22247193607718252,0.2734182352430769,0.018877159727282537,0.25454107551579436,-0.26801883579870767,0.0
P3_rho2,50,4,6,deep,9,0.3065826275877154,0.06207982010654796,0.24450280748116743,0.2734182352430769,0.018877159727282537,0.25454107551579436,-0.2679501630573186,0.0
P3_rho2,50,5,2,deep,0,0.4622401145477475,0.23249093773114585,0.22974917681660165,0.3313379329689808,0.07699561156885376,0.254342321400127,-0.2588824704186517,0.0
P3_rho2,50,5,2,deep,1,0.43713222190914447,0.236552802617033,0.20057941929211148,0.3313379329689808,0.07699561156885376,0.254342321400127,-0.2597964942984199,0.0
P3_rho2,50,5,2,deep,2,0.4516874197468031,0.2402433072990144,0.21144411244778868,0.3313379329689808,0.07699561156885376,0.254342321400127,-0.25531689068550184,0.0
P3_rho2,50,5,2,deep,3,0.431895810667933,0.24055014213135312,0.19134566853657986,0.3313379329689808,0.07699561156885376,0.254342321400127,-0.2574248853300937,0.0
P3_rho2,50,5,2,deep,4,0.4223870708428519,0.2558499964381004,0.16653707440475146,0.3313379329689808,0.07699561156885376,0.254342321400127,-0.25035227917240305,0.0
P3_rho2,50,5,2,deep,5,0.45905182723392285,0.2358204500564354,0.22323137717748745,0.3313379329689808,0.07699561156885376,0.254342321400127,-0.2578053180044397,0.0
P3_rho2,50,5,2,deep,6,0.4546430508765071,0.2441998704134499,0.21044318046305718,0.3313379329689808,0.07699561156885376,0.254342321400127,-0.25851377511332474,0.0
P3_rho2,50,5,2,deep,7,0.4573936916132577,0.23798032114125972,0.219413370471998,0.3313379329689808,0.07699561156885376,0.254342321400127,-0.2578316020680482,0.0
P3_rho2,50,5,2,deep,8,0.4460124504673226,0.2378152104575881,0.20819724000973447,0.3313379329689808,0.07699561156885376,0.254342321400127,-0.2616684634569953,0.0
P3_rho2,50,5,2,deep,9,0.4435948586779441,0.2497818853926022,0.19381297328534192,0.3313379329689808,0.07699561156885376,0.254342321400127,-0.25210369706489844,0.0
P3_rho2,50,3,6,shallow,0,0.35377140677632074,0.15053682933992218,0.20323457743639856,0.33181593569364576,0.045275840047551065,0.2865400956460947,-0.3021619252340969,0.0
P3_rho2,50,3,6,shallow,1,0.3577286150808147,0.14767868275946952,0.2100499323213452,0.33181593569364576,0.045275840047551065,0.2865400956460947,-0.30155045827573745,0.0
P3_rho2,50,3,6,shallow,2,0.3665625566401879,0.1504241615778454,0.21613839506234248,0.33181593569364576,0.045275840047551065,0.2865400956460947,-0.2950207071819246,0.0
P3_rho2,50,3,6,shallow,3,0.36594337520553216,0.1496341235374697,0.21630925166806247,0.33181593569364576,0.045275840047551065,0.2865400956460947,-0.2974759843479047,0.0
P3_rho2,50,3,6,shallow,4,0.3626454558239646,0.15660351745813678,0.20604193836582785,0.33181593569364576,0.045275840047551065,0.2865400956460947,-0.2979618945891236,0.0
P3_rho2,50,3,6,shallow,5,0.3533839218066938,0.14951846557041937,0.20386545623627444,0.33181593569364576,0.045275840047551065,0.2865400956460947,-0.29541809346642406,0.0
P3_rho2,50,3,6,shallow,6,0.36207291723420576,0.14589524387109018,0.21617767336311558,0.33181593569364576,0.045275840047551065,0.2865400956460947,-0.29555028436720215,0.0
P3_rho2,50,3,6,shallow,7,0.3579460252101206,0.14373849139524328,0.2142075338148773,0.33181593569364576,0.045275840047551065,0.2865400956460947,-0.29666546145998884,0.0
P3_rho2,50,3,6,shallow,8,0.36495336244470744,0.14658459984108418,0.21836876260362326,0.33181593569364576,0.045275840047551065,0.2865400956460947,-0.3016218190059273,0.0
P3_rho2,50,3,6,shallow,9,0.3613893838527877,0.14813191954367536,0.21325746430911233,0.33181593569364576,0.045275840047551065,0.2865400956460947,-0.3015030771018878,0.0
P3_rho2,50,3,10,shallow,0,0.3236909191035143,0.08213766654767726,0.241553252555837,0.31945267464892024,0.026813205518903087,0.29263946913001715,-0.294184144444525,0.0
P3_rho2,50,3,10,shallow,1,0.3332653399386425,0.08756229970199951,0.24570304023664297,0.31945267464892024,0.026813205518903087,0.29263946913001715,-0.2917282726109838,0.0
P3_rho2,50,3,10,shallow,2,0.3362149162547007,0.08509938450320838,0.2511155317514923,0.31945267464892024,0.026813205518903087,0.29263946913001715,-0.2954985505691644,0.0
P3_rho2,50,3,10,shallow,3,0.3395578961772712,0.09004605717335354,0.24951183900391768,0.31945267464892024,0.026813205518903087,0.29263946913001715,-0.2922284145009631,0.0
P3_rho2,50,3,10,shallow,4,0.33434655853020323,0.08523464648536679,0.24911191204483646,0.31945267464892024,0.026813205518903087,0.29263946913001715,-0.2924211742189501,0.0
P3_rho2,50,3,10,shallow,5,0.3353293145200601,0.08365601029384004,0.25167330422622003,0.31945267464892024,0.026813205518903087,0.29263946913001715,-0.290662795590551,0.0
P3_rho2,50,3,10,shallow,6,0.330854068784601,0.08682383376739877,0.24403023501720222,0.31945267464892024,0.026813205518903087,0.29263946913001715,-0.2933995015153218,0.0
P3_rho2,50,3,10,shallow,7,0.32866491527071656,0.08709004664123467,0.2415748686294819,0.31945267464892024,0.026813205518903087,0.29263946913001715,-0.29345323987895705,0.0
P3_rho2,50,3,10,shallow,8,0.32779650444737296,0.08430939035706668,0.24348711409030627,0.31945267464892024,0.026813205518903087,0.29263946913001715,-0.29301261922293137,0.0
P3_rho2,50,3,10,shallow,9,0.3273402611623002,0.08957786624770227,0.23776239491459794,0.31945267464892024,0.026813205518903087,0.29263946913001715,-0.2923836502271419,0.0
P3_rho2,50,3,16,shallow,0,0.3115784554995486,0.05313955666360931,0.2584388988359393,0.30467062532952904,0.018102430626156484,0.2865681947033726,-0.2881394291830643,0.0
P3_rho2,50,3,16,shallow,1,0.3076718573988554,0.05343560089261322,0.25423625650624215,0.30467062532952904,0.018102430626156484,0.2865681947033726,-0.2861749349676693,0.0
P3_rho2,50,3,16,shallow,2,0.3129884606848599,0.05547691061037638,0.25751155007448356,0.30467062532952904,0.018102430626156484,0.2865681947033726,-0.2894511939050779,0.0
P3_rho2,50,3,16,shallow,3,0.3128913487217979,0.05704652520131202,0.2558448235204859,0.30467062532952904,0.018102430626156484,0.2865681947033726,-0.28661201676761994,0.0
P3_rho2,50,3,16,shallow,4,0.3093392778418243,0.051478413158730175,0.2578608646830941,0.30467062532952904,0.018102430626156484,0.2865681947033726,-0.2907742455390393,0.0
P3_rho2,50,3,16,shallow,5,0.31091832175148676,0.05723413571468667,0.2536841860368001,0.30467062532952904,0.018102430626156484,0.2865681947033726,-0.28807916059183114,0.0
P3_rho2,50,3,16,shallow,6,0.31254302376124754,0.05633371523676197,0.2562093085244856,0.30467062532952904,0.018102430626156484,0.2865681947033726,-0.288720306139851,0.0
P3_rho2,50,3,16,shallow,7,0.31527057253613194,0.055112233696729816,0.26015833883940215,0.30467062532952904,0.018102430626156484,0.2865681947033726,-0.2878837411454899,0.0
P3_rho2,50,3,16,shallow,8,0.31165340173901473,0.0533595109800555,0.25829389075895925,0.30467062532952904,0.018102430626156484,0.2865681947033726,-0.2887308274666374,0.0
P3_rho2,50,3,16,shallow,9,0.307106668874855,0.051152393624305376,0.2559542752505496,0.30467062532952904,0.018102430626156484,0.2865681947033726,-0.28739191012504073,0.0
P3_rho2,50,2,32,shallow,0,0.4779089544310902,0.14960775096247503,0.3283012034686152,0.4611284738371863,0.04732384409165771,0.41380462974552856,-0.3278978848439467,0.0
P3_rho2,50,2,32,shallow,1,0.4726903106553455,0.14644487850825835,0.3262454321470871,0.4611284738371863,0.04732384409165771,0.41380462974552856,-0.3262734714101947,0.0
P3_rho2,50,2,32,shallow,2,0.4698396286429347,0.15493248403322868,0.31490714460970604,0.4611284738371863,0.04732384409165771,0.41380462974552856,-0.32354413518083747,0.0
P3_rho2,50,2,32,shallow,3,0.46029900843691135,0.16729917919841178,0.29299982923849954,0.4611284738371863,0.04732384409165771,0.41380462974552856,-0.32269740384119167,0.0
P3_rho2,50,2,32,shallow,4,0.4712299730486304,0.14602190379234958,0.3252080692562808,0.4611284738371863,0.04732384409165771,0.41380462974552856,-0.32340715282944255,0.0
P3_rho2,50,2,32,shallow,5,0.46866373606538964,0.15022777643488341,0.3184359596305062,0.4611284738371863,0.04732384409165771,0.41380462974552856,-0.32012425492085156,0.0
P3_rho2,50,2,32,shallow,6,0.4681894071211909,0.1433509761885306,0.3248384309326603,0.4611284738371863,0.04732384409165771,0.41380462974552856,-0.3221542259899274,0.0
P3_rho2,50,2,32,shallow,7,0.4686710805813431,0.14827948788725415,0.32039159269408896,0.4611284738371863,0.04732384409165771,0.41380462974552856,-0.32478632367234717,0.0
P3_rho2,50,2,32,shallow,8,0.4764232140390618,0.14991469510356073,0.32650851893550104,0.4611284738371863,0.04732384409165771,0.41380462974552856,-0.3187611394024386,0.0
P3_rho2,50,2,32,shallow,9,0.47239667367727356,0.15168330406316566,0.3207133696141079,0.4611284738371863,0.04732384409165771,0.41380462974552856,-0.3198851564906575,0.0
P4,20,4,3,deep,0,0.5257314645309351,0.31427333662971413,0.21145812790122098,0.399504870460289,0.09557794580801686,0.3039269246522721,-0.18034041434232034,0.0
P4,20,4,3,deep,1,0.537643345688247,0.3037705150676417,0.23387283062060532,0.399504870460289,0.09557794580801686,0.3039269246522721,-0.18124942730056873,0.0
P4,20,4,3,deep,2,0.5439174319369567,0.3071516325321549,0.23676579940480186,0.399504870460289,0.09557794580801686,0.3039269246522721,-0.18194988997913314,0.0
P4,20,4,3,deep,3,0.5302782452574596,0.31098546926472403,0.21929277599273556,0.399504870460289,0.09557794580801686,0.3039269246522721,-0.17708982078548063,0.0
P4,20,4,3,deep,4,0.5378853331350111,0.31332138870591303,0.22456394442909805,0.399504870460289,0.09557794580801686,0.3039269246522721,-0.1788135359463675,0.0
P4,20,4,3,deep,5,0.5416601939764407,0.3067330358373021,0.23492715813913861,0.399504870460289,0.09557794580801686,0.3039269246522721,-0.18155301503791263,0.0
P4,20,4,3,deep,6,0.5413557346525664,0.3077066728318274,0.23364906182073897,0.399504870460289,0.09557794580801686,0.3039269246522721,-0.18123451238176652,0.0
P4,20,4,3,deep,7,0.5178271932024598,0.31086871294146884,0.206958480260991,0.399504870460289,0.09557794580801686,0.3039269246522721,-0.18104142267778636,0.0
P4,20,4,3,deep,8,0.5583422713628735,0.3193703128722013,0.2389719584906722,0.399504870460289,0.09557794580801686,0.3039269246522721,-0.1816106205594265,0.0
P4,20,4,3,deep,9,0.5222996189384282,0.31693392246221497,0.20536569647621328,0.399504870460289,0.09557794580801686,0.3039269246522721,-0.18305833680289701,0.0
P4,20,4,4,deep,0,0.39410880881408733,0.16922734290136215,0.22488146591272518,0.3214205644972265,0.058364130464489725,0.26305643403273676,-0.1712960954687399,0.0
P4,20,4,4,deep,1,0.3882621947472177,0.17694669832185853,0.21131549642535916,0.3214205644972265,0.058364130464489725,0.26305643403273676,-0.16945627800155566,0.0
P4,20,4,4,deep,2,0.40118262676228766,0.18240714203275057,0.2187754847295371,0.3214205644972265,0.058364130464489725,0.26305643403273676,-0.17070867824667554,0.0
P4,20,4,4,deep,3,0.41184734072329415,0.18069235950471704,0.2311549812185771,0.3214205644972265,0.058364130464489725,0.26305643403273676,-0.1711434257236761,0.0
P4,20,4,4,deep,4,0.38255267256219255,0.17848358356571956,0.204069088996473,0.3214205644972265,0.058364130464489725,0.26305643403273676,-0.17196362036239424,0.0
P4,20,4,4,deep,5,0.39318417035306613,0.17678332104233477,0.21640084931073136,0.3214205644972265,0.058364130464489725,0.26305643403273676,-0.17214759562672996,0.0
P4,20,4,4,deep,6,0.3837320303112676,0.1817075494939996,0.20202448081726804,0.3214205644972265,0.058364130464489725,0.26305643403273676,-0.17087296474703864,0.0
P4,20,4,4,deep,7,0.39671249175469775,0.17887542192961242,0.21783706982508533,0.3214205644972265,0.058364130464489725,0.26305643403273676,-0.1737555343450027,0.0
P4,20,4,4,deep,8,0.38823417750547645,0.18286610929616243,0.20536806820931403,0.3214205644972265,0.058364130464489725,0.26305643403273676,-0.17058000832214745,0.0
P4,20,4,4,deep,9,0.37606646373545155,0.18077324044954973,0.19529322328590182,0.3214205644972265,0.058364130464489725,0.26305643403273676,-0.17193826875787538,0.0
P4,20,4,6,deep,0,0.2690931894185017,0.08291703008264738,0.1861761593358543,0.22854819305209487,0.02724947079787239,0.20129872225422246,-0.15551936122822457,0.0
P4,20,4,6,deep,1,0.2689130370327563,0.08487870964012872,0.1840343273926276,0.22854819305209487,0.02724947079787239,0.20129872225422246,-0.15661428591462212,0.0
P4,20,4,6,deep,2,0.273136136331349,0.08751500172938698,0.185621134601962,0.22854819305209487,0.02724947079787239,0.20129872225422246,-0.1570414854313092,0.0
P4,20,4,6,deep,3,0.2653710142345084,0.08759902778533409,0.1777719864491743,0.22854819305209487,0.02724947079787239,0.20129872225422246,-0.15721337866716947,0.0
P4,20,4,6,deep,4,0.26536334273705237,0.08538246369068093,0.17998087904637144,0.22854819305209487,0.02724947079787239,0.20129872225422246,-0.15687600892502024,0.0
P4,20,4,6,deep,5,0.2699555806963245,0.08536926620515273,0.1845863144911718,0.22854819305209487,0.02724947079787239,0.20129872225422246,-0.1578337354407742,0.0
P4,20,4,6,deep,6,0.2685421622600676,0.08462184200850831,0.1839203202515593,0.22854819305209487,0.02724947079787239,0.20129872225422246,-0.15688902981320776,0.0
P4,20,4,6,deep,7,0.2720757209106675,0.08742637802807553,0.184649342882592,0.22854819305209487,0.02724947079787239,0.20129872225422246,-0.15702862694026978,0.0
P4,20,4,6,deep,8,0.2655413599981542,0.0813528287812789,0.18418853121687528,0.22854819305209487,0.02724947079787239,0.20129872225422246,-0.15713358162025864,0.0
P4,20,4,6,deep,9,0.26071287193686254,0.08772146171722246,0.1729914102196401,0.22854819305209487,0.02724947079787239,0.20129872225422246,-0.15602983908906845,0.0
P4,20,5,2,deep,0,0.6933007009724582,0.457129703603305,0.2361709973691532,0.4511663368840363,0.14218617531816255,0.3089801615658737,-0.15889602132400427,0.0
P4,20,5,2,deep,1,0.6806372518494925,0.4530133272719189,0.22762392457757363,0.4511663368840363,0.14218617531816255,0.3089801615658737,-0.1627567534064503,0.0
P4,20,5,2,deep,2,0.6871709470354394,0.4664133114054498,0.22075763562998957,0.4511663368840363,0.14218617531816255,0.3089801615658737,-0.15967146838501955,0.0
P4,20,5,2,deep,3,0.6926837251178051,0.4618097827331017,0.23087394238470338,0.4511663368840363,0.14218617531816255,0.3089801615658737,-0.16076028361471784,0.0
P4,20,5,2,deep,4,0.6937381075615793,0.47305651021087897,0.2206815973507003,0.4511663368840363,0.14218617531816255,0.3089801615658737,-0.16194266189323342,0.0
P4,20,5,2,deep,5,0.6620688064564928,0.4618381841233759,0.2002306223331169,0.4511663368840363,0.14218617531816255,0.3089801615658737,-0.16057465415571046,0.0
P4,20,5,2,deep,6,0.6928371127513495,0.46054304531710705,0.23229406743424247,0.4511663368840363,0.14218617531816255,0.3089801615658737,-0.16593193601273917,0.0
P4,20,5,2,deep,7,0.696060431759288,0.4751574528774671,0.22090297888182092,0.4511663368840363,0.14218617531816255,0.3089801615658737,-0.1608480706000979,0.0
P4,20,5,2,deep,8,0.6713606691877296,0.44948088228133254,0.2218797869063971,0.4511663368840363,0.14218617531816255,0.3089801615658737,-0.16210989211126317,0.0
P4,20,5,2,deep,9,0.6674965062205337,0.4384569499731518,0.22903955624738187,0.4511663368840363,0.14218617531816255,0.3089801615658737,-0.1669978022242518,0.0
P4,20,3,6,shallow,0,0.44864954009318087,0.21466229729953618,0.2339872427936447,0.3752763308299132,0.06873618465604747,0.3065401461738657,-0.19376627992919565,0.0
P4,20,3,6,shallow,1,0.4434800262449007,0.22127754930877863,0.22220247693612205,0.3752763308299132,0.06873618465604747,0.3065401461738657,-0.1916304535369886,0.0
P4,20,3,6,shallow,2,0.45198909344659555,0.20839786057352142,0.24359123287307413,0.3752763308299132,0.06873618465604747,0.3065401461738657,-0.18966022849638514,0.0
P4,20,3,6,shallow,3,0.44699626504888135,0.21146430642150674,0.2355319586273746,0.3752763308299132,0.06873618465604747,0.3065401461738657,-0.18938939906248456,0.0
P4,20,3,6,shallow,4,0.4335095377684539,0.20821893648352152,0.2252906012849324,0.3752763308299132,0.06873618465604747,0.3065401461738657,-0.19028370240842987,0.0
P4,20,3,6,shallow,5,0.4452406707178024,0.2194340449797292,0.22580662573807317,0.3752763308299132,0.06873618465604747,0.3065401461738657,-0.18956917467342607,0.0
P4,20,3,6,shallow,6,0.43485351759850455,0.2187443384138817,0.21610917918462286,0.3752763308299132,0.06873618465604747,0.3065401461738657,-0.1891822311950867,0.0
P4,20,3,6,shallow,7,0.4379398762088206,0.21551444944211073,0.22242542676670984,0.3752763308299132,0.06873618465604747,0.3065401461738657,-0.19151516099254884,0.0
P4,20,3,6,shallow,8,0.4451390331090432,0.2110659612992821,0.23407307180976109,0.3752763308299132,0.06873618465604747,0.3065401461738657,-0.18929513041795373,0.0
P4,20,3,6,shallow,9,0.43845032930561983,0.20904369373102075,0.2294066355745991,0.3752763308299132,0.06873618465604747,0.3065401461738657,-0.19124900885582014,0.0
P4,20,3,10,shallow,0,0.33130332775990695,0.10587143854430792,0.22543188921559904,0.30184661936846785,0.035006294080387274,0.26684032528808055,-0.1681501085477447,0.0
P4,20,3,10,shallow,1,0.3296996421199813,0.11368884428962861,0.2160107978303527,0.30184661936846785,0.035006294080387274,0.26684032528808055,-0.16905387472082326,0.0
P4,20,3,10,shallow,2,0.3311530914400995,0.10667105253175946,0.22448203890834006,0.30184661936846785,0.035006294080387274,0.26684032528808055,-0.16918475311272996,0.0
P4,20,3,10,shallow,3,0.32909347029181873,0.11196394343310766,0.21712952685871106,0.30184661936846785,0.035006294080387274,0.26684032528808055,-0.16870446693763072,0.0
P4,20,3,10,shallow,4,0.3349401193070891,0.11077367209566541,0.2241664472114237,0.30184661936846785,0.035006294080387274,0.26684032528808055,-0.16821658257544708,0.0
P4,20,3,10,shallow,5,0.32213496777988226,0.11390043657226136,0.20823453120762092,0.30184661936846785,0.035006294080387274,0.26684032528808055,-0.16757848586342708,0.0
P4,20,3,10,shallow,6,0.3395250779498901,0.10773991314225499,0.2317851648076351,0.30184661936846785,0.035006294080387274,0.26684032528808055,-0.16894138769960645,0.0
P4,20,3,10,shallow,7,0.33327071320571655,0.11635849552521534,0.21691221768050123,0.30184661936846785,0.035006294080387274,0.26684032528808055,-0.1689912954554364,0.0
P4,20,3,10,shallow,8,0.32540934835383695,0.11252810441053145,0.2128812439433055,0.30184661936846785,0.035006294080387274,0.26684032528808055,-0.16850703886122595,0.0
P4,20,3,10,shallow,9,0.3337628560955394,0.11314194971703566,0.22062090637850373,0.30184661936846785,0.035006294080387274,0.26684032528808055,-0.16876548366374095,0.0
P4,20,3,16,shallow,0,0.25837185589159106,0.06092750986542382,0.19744434602616723,0.2383341566997158,0.019995508791772185,0.2183386479079436,-0.14736844976560554,0.0
P4,20,3,16,shallow,1,0.2597102340078417,0.06413052544162796,0.19557970856621376,0.2383341566997158,0.019995508791772185,0.2183386479079436,-0.14683890000411406,0.0
P4,20,3,16,shallow,2,0.25787411316475095,0.062277516408369274,0.1955965967563817,0.2383341566997158,0.019995508791772185,0.2183386479079436,-0.1476225050120001,0.0
P4,20,3,16,shallow,3,0.24707229690179386,0.06320139343239434,0.18387090346939952,0.2383341566997158,0.019995508791772185,0.2183386479079436,-0.14622666164790793,0.0
P4,20,3,16,shallow,4,0.25593315784681425,0.06362860840828163,0.19230454943853262,0.2383341566997158,0.019995508791772185,0.2183386479079436,-0.1469280908159986,0.0
P4,20,3,16,shallow,5,0.25669974430911013,0.062395633988286014,0.19430411032082412,0.2383341566997158,0.019995508791772185,0.2183386479079436,-0.14779168792334385,0.0
P4,20,3,16,shallow,6,0.24804507667476602,0.05816262398556569,0.18988245268920034,0.2383341566997158,0.019995508791772185,0.2183386479079436,-0.1483414829641498,0.0
P4,20,3,16,shallow,7,0.24770789834347312,0.06207211859641642,0.1856357797470567,0.2383341566997158,0.019995508791772185,0.2183386479079436,-0.14805684522152585,0.0
P4,20,3,16,shallow,8,0.2565586536237936,0.06228694089074861,0.194271712733045,0.2383341566997158,0.019995508791772185,0.2183386479079436,-0.14769934905539403,0.0
P4,20,3,16,shallow,9,0.25455014852342,0.0611686490306529,0.19338149949276712,0.2383341566997158,0.019995508791772185,0.2183386479079436,-0.14774039562840735,0.0
P4,20,2,32,shallow,0,0.2892189684493375,0.16674576899852017,0.1224731994508173,0.2548626685215931,0.05010556917953659,0.20475709934205652,-0.14704744099391465,0.0
P4,20,2,32,shallow,1,0.2830951701352883,0.1558800600867203,0.12721511004856798,0.2548626685215931,0.05010556917953659,0.20475709934205652,-0.1484637436552771,0.0
P4,20,2,32,shallow,2,0.2986539488622075,0.16462355748791394,0.13403039137429354,0.2548626685215931,0.05010556917953659,0.20475709934205652,-0.14710636021897916,0.0
P4,20,2,32,shallow,3,0.28485201833926654,0.15641272528217687,0.12843929305708968,0.2548626685215931,0.05010556917953659,0.20475709934205652,-0.14864235888479446,0.0
P4,20,2,32,shallow,4,0.2895851598149003,0.15595040675081825,0.13363475306408204,0.2548626685215931,0.05010556917953659,0.20475709934205652,-0.14858449715176594,0.0
P4,20,2,32,shallow,5,0.2767636884741053,0.15117998403840152,0.1255837044357038,0.2548626685215931,0.05010556917953659,0.20475709934205652,-0.14985730687611803,0.0
P4,20,2,32,shallow,6,0.29505073091672984,0.16751518829813863,0.1275355426185912,0.2548626685215931,0.05010556917953659,0.20475709934205652,-0.1482897668530757,0.0
P4,20,2,32,shallow,7,0.29786591528682227,0.16294552691598702,0.13492038837083525,0.2548626685215931,0.05010556917953659,0.20475709934205652,-0.14642030331167713,0.0
P4,20,2,32,shallow,8,0.29099149890802417,0.1578163475027647,0.13317515140525948,0.2548626685215931,0.05010556917953659,0.20475709934205652,-0.146134577493957,0.0
P4,20,2,32,shallow,9,0.2831297292590241,0.16217623662821737,0.12095349263080671,0.2548626685215931,0.05010556917953659,0.20475709934205652,-0.1467064879116348,0.0
P4,50,4,3,deep,0,0.7064809253635722,0.36341264561554826,0.34306827974802395,0.5595871206754262,0.10945895271349945,0.4501281679619267,-0.26015556578102805,0.0
P4,50,4,3,deep,1,0.6587914165807721,0.33969669624183246,0.31909472033893965,0.5595871206754262,0.10945895271349945,0.4501281679619267,-0.25678946032670413,0.0
P4,50,4,3,deep,2,0.6841449986939947,0.3639619351961658,0.3201830634978289,0.5595871206754262,0.10945895271349945,0.4501281679619267,-0.254988130866946,0.0
P4,50,4,3,deep,3,0.670917251756202,0.3503713543617504,0.3205458973944516,0.5595871206754262,0.10945895271349945,0.4501281679619267,-0.2550312515138998,0.0
P4,50,4,3,deep,4,0.6719940090158677,0.3642864197109105,0.3077075893049572,0.5595871206754262,0.10945895271349945,0.4501281679619267,-0.2563345468222868,0.0
P4,50,4,3,deep,5,0.6659818674749997,0.36975714286878536,0.2962247246062143,0.5595871206754262,0.10945895271349945,0.4501281679619267,-0.25610420672689926,0.0
P4,50,4,3,deep,6,0.6499663317627228,0.3360998134942181,0.3138665182685047,0.5595871206754262,0.10945895271349945,0.4501281679619267,-0.2569417004588235,0.0
P4,50,4,3,deep,7,0.6824022506002889,0.34994034400340285,0.33246190659688607,0.5595871206754262,0.10945895271349945,0.4501281679619267,-0.25441982662981893,0.0
P4,50,4,3,deep,8,0.6636586334359371,0.3437337353029134,0.3199248981330237,0.5595871206754262,0.10945895271349945,0.4501281679619267,-0.25531142749730584,0.0
P4,50,4,3,deep,9,0.6746848540620706,0.3594373609774396,0.31524749308463096,0.5595871206754262,0.10945895271349945,0.4501281679619267,-0.2579299498258136,0.0
P4,50,4,4,deep,0,0.5350834144915557,0.19952633206293133,0.33555708242862436,0.47761549959053423,0.06655353162678938,0.41106196796374483,-0.24514082324673941,0.0
P4,50,4,4,deep,1,0.5242397111761848,0.21555493410479656,0.3086847770713883,0.47761549959053423,0.06655353162678938,0.41106196796374483,-0.24484908805284106,0.0
P4,50,4,4,deep,2,0.5512588649047946,0.19392714447289153,0.3573317204319031,0.47761549959053423,0.06655353162678938,0.41106196796374483,-0.24394699168524794,0.0
P4,50,4,4,deep,3,0.5298303251904849,0.20128686485637237,0.3285434603341125,0.47761549959053423,0.06655353162678938,0.41106196796374483,-0.244626639321922,0.0
P4,50,4,4,deep,4,0.5422449511920264,0.1999718513629634,0.34227309982906307,0.47761549959053423,0.06655353162678938,0.41106196796374483,-0.2466945634556491,0.0
P4,50,4,4,deep,5,0.5325850285358388,0.19936787992290872,0.33321714861293006,0.47761549959053423,0.06655353162678938,0.41106196796374483,-0.24666253944883135,0.0
P4,50,4,4,deep,6,0.5158636790068806,0.21037892140274447,0.30548475760413607,0.47761549959053423,0.06655353162678938,0.41106196796374483,-0.2471199894682884,0.0
P4,50,4,4,deep,7,0.5402557143285288,0.20059511514602363,0.3396605991825052,0.47761549959053423,0.06655353162678938,0.41106196796374483,-0.24476747713350044,0.0
P4,50,4,4,deep,8,0.5163998595272621,0.19696350651548858,0.31943635301177353,0.47761549959053423,0.06655353162678938,0.41106196796374483,-0.24597124012792487,0.0
P4,50,4,4,deep,9,0.5293422628989446,0.19521496481573156,0.33412729808321306,0.47761549959053423,0.06655353162678938,0.41106196796374483,-0.2467187727792431,0.0
P4,50,4,6,deep,0,0.3916229333838307,0.10042131353036145,0.29120161985346926,0.36284923129605634,0.033044199837825944,0.32980503145823037,-0.2300060664227963,0.0
P4,50,4,6,deep,1,0.3973199334326486,0.09982385882121998,0.29749607461142863,0.36284923129605634,0.033044199837825944,0.32980503145823037,-0.22910324748192634,0.0
P4,50,4,6,deep,2,0.3919589947164479,0.10116557207213021,0.2907934226443177,0.36284923129605634,0.033044199837825944,0.32980503145823037,-0.2293935358564416,0.0
P4,50,4,6,deep,3,0.38392486442438994,0.09533998778657977,0.2885848766378102,0.36284923129605634,0.033044199837825944,0.32980503145823037,-0.23029013327767675,0.0
P4,50,4,6,deep,4,0.3942856032417789,0.09996946426480077,0.29431613897697817,0.36284923129605634,0.033044199837825944,0.32980503145823037,-0.22792713972173967,0.0
P4,50,4,6,deep,5,0.3827831436910658,0.09964603095629794,0.2831371127347679,0.36284923129605634,0.033044199837825944,0.32980503145823037,-0.2297330428464432,0.0
P4,50,4,6,deep,6,0.39000273090724014,0.09777484824045474,0.2922278826667854,0.36284923129605634,0.033044199837825944,0.32980503145823037,-0.23146188517723956,0.0
P4,50,4,6,deep,7,0.38922189586608225,0.09953986345604017,0.2896820324100421,0.36284923129605634,0.033044199837825944,0.32980503145823037,-0.22933930740221883,0.0
P4,50,4,6,deep,8,0.39124450512189757,0.09727761365180536,0.2939668914700922,0.36284923129605634,0.033044199837825944,0.32980503145823037,-0.23074379532097525,0.0
P4,50,4,6,deep,9,0.3900538247232492,0.10051773823337397,0.2895360864898752,0.36284923129605634,0.033044199837825944,0.32980503145823037,-0.22842370345669394,0.0
P4,50,5,2,deep,0,0.8435600629516726,0.5154235048382209,0.32813655811345177,0.6276347217954807,0.17063193250907516,0.4570027892864056,-0.23479177004988924,0.0
P4,50,5,2,deep,1,0.8407511651865162,0.5340431597056948,0.30670800548082133,0.6276347217954807,0.17063193250907516,0.4570027892864056,-0.23599176545731335,0.0
P4,50,5,2,deep,2,0.8595385676131656,0.5573509503374278,0.30218761727573784,0.6276347217954807,0.17063193250907516,0.4570027892864056,-0.23619818401606482,0.0
P4,50,5,2,deep,3,0.8198676827089125,0.516687121604611,0.30318056110430147,0.6276347217954807,0.17063193250907516,0.4570027892864056,-0.23504318497917556,0.0
P4,50,5,2,deep,4,0.8357140360600366,0.5195289391514406,0.316185096908596,0.6276347217954807,0.17063193250907516,0.4570027892864056,-0.2358813851734604,0.0
P4,50,5,2,deep,5,0.8279046722551057,0.510394271932002,0.3175104003231036,0.6276347217954807,0.17063193250907516,0.4570027892864056,-0.23632283075697896,0.0
P4,50,5,2,deep,6,0.8195296500109334,0.5231323404720808,0.29639730953885257,0.6276347217954807,0.17063193250907516,0.4570027892864056,-0.23730493598671246,0.0
P4,50,5,2,deep,7,0.8188659010543138,0.5364386918716151,0.2824272091826987,0.6276347217954807,0.17063193250907516,0.4570027892864056,-0.23441976320418986,0.0
P4,50,5,2,deep,8,0.8267681514154293,0.5332300576906374,0.2935380937247919,0.6276347217954807,0.17063193250907516,0.4570027892864056,-0.2368836326085439,0.0
P4,50,5,2,deep,9,0.826764946764384,0.5192811655241418,0.3074837812402421,0.6276347217954807,0.17063193250907516,0.4570027892864056,-0.2374751961254152,0.0
P4,50,3,6,shallow,0,0.6124081446148752,0.22801320422357033,0.38439494039130495,0.5624141189188866,0.07418275541665816,0.48823136350222845,-0.26447904385377896,0.0
P4,50,3,6,shallow,1,0.623215371813063,0.23187806790300297,0.39133730391006,0.5624141189188866,0.07418275541665816,0.48823136350222845,-0.26660818063822783,0.0
P4,50,3,6,shallow,2,0.6048132449610836,0.24010232864379605,0.3647109163172875,0.5624141189188866,0.07418275541665816,0.48823136350222845,-0.265897102031757,0.0
P4,50,3,6,shallow,3,0.6021938170382479,0.2416533573794286,0.3605404596588193,0.5624141189188866,0.07418275541665816,0.48823136350222845,-0.26395460851775016,0.0
P4,50,3,6,shallow,4,0.6020657749851596,0.24553085526291196,0.3565349197222476,0.5624141189188866,0.07418275541665816,0.48823136350222845,-0.26766457139372163,0.0
P4,50,3,6,shallow,5,0.6182625572712758,0.23780939928297676,0.38045315798829904,0.5624141189188866,0.07418275541665816,0.48823136350222845,-0.2669714909890217,0.0
P4,50,3,6,shallow,6,0.617859567730762,0.24137647706831855,0.37648309066244345,0.5624141189188866,0.07418275541665816,0.48823136350222845,-0.26549370060596544,0.0
P4,50,3,6,shallow,7,0.6209116556507216,0.23554529903979776,0.38536635661092383,0.5624141189188866,0.07418275541665816,0.48823136350222845,-0.266860802247867,0.0
P4,50,3,6,shallow,8,0.6147895154977512,0.23240025527703687,0.3823892602207143,0.5624141189188866,0.07418275541665816,0.48823136350222845,-0.2679449785684571,0.0
P4,50,3,6,shallow,9,0.6430733608916871,0.24981628976771872,0.39325707112396835,0.5624141189188866,0.07418275541665816,0.48823136350222845,-0.26446893468016275,0.0
P4,50,3,10,shallow,0,0.49320103955712213,0.11869572876064935,0.37450531079647276,0.4702287848891687,0.03914144734069901,0.4310873375484697,-0.24138961149311425,0.0
P4,50,3,10,shallow,1,0.49308974245265086,0.12664746674246052,0.36644227571019033,0.4702287848891687,0.03914144734069901,0.4310873375484697,-0.24089533978703578,0.0
P4,50,3,10,shallow,2,0.49320748817780435,0.12315769038491485,0.3700497977928895,0.4702287848891687,0.03914144734069901,0.4310873375484697,-0.2408311170471427,0.0
P4,50,3,10,shallow,3,0.4855431157280587,0.12393362427571328,0.36160949145234544,0.4702287848891687,0.03914144734069901,0.4310873375484697,-0.24304653009479268,0.0
P4,50,3,10,shallow,4,0.4900787162466746,0.1290181047246359,0.3610606115220387,0.4702287848891687,0.03914144734069901,0.4310873375484697,-0.24079879174475788,0.0
P4,50,3,10,shallow,5,0.4797218365634172,0.128832063650973,0.3508897729124442,0.4702287848891687,0.03914144734069901,0.4310873375484697,-0.24159653706486708,0.0
P4,50,3,10,shallow,6,0.49225275438113125,0.12255475856929664,0.3696979958118346,0.4702287848891687,0.03914144734069901,0.4310873375484697,-0.23999800582233688,0.0
P4,50,3,10,shallow,7,0.49814680140270046,0.12763914315068042,0.37050765825202003,0.4702287848891687,0.03914144734069901,0.4310873375484697,-0.24087966544628486,0.0
P4,50,3,10,shallow,8,0.4878867636090737,0.12713096252137354,0.3607558010877001,0.4702287848891687,0.03914144734069901,0.4310873375484697,-0.24042741499416168,0.0
P4,50,3,10,shallow,9,0.494220019613764,0.12743455546722313,0.3667854641465409,0.4702287848891687,0.03914144734069901,0.4310873375484697,-0.2414144993301398,0.0
P4,50,3,16,shallow,0,0.4068822861199311,0.07118379278844417,0.33569849333148694,0.39704734446510737,0.022857240440840133,0.3741901040242672,-0.21471502258680836,0.0
P4,50,3,16,shallow,1,0.40458505709778264,0.07453127633474935,0.33005378076303327,0.39704734446510737,0.022857240440840133,0.3741901040242672,-0.2149389110588129,0.0
P4,50,3,16,shallow,2,0.4055207701662952,0.07171331992372078,0.3338074502425744,0.39704734446510737,0.022857240440840133,0.3741901040242672,-0.21537947253205977,0.0
P4,50,3,16,shallow,3,0.41185928720832576,0.07362220227268343,0.3382370849356423,0.39704734446510737,0.022857240440840133,0.3741901040242672,-0.2138895622622709,0.0
P4,50,3,16,shallow,4,0.40213020406108535,0.0700301330487489,0.33210007101233646,0.39704734446510737,0.022857240440840133,0.3741901040242672,-0.21434317475055026,0.0
P4,50,3,16,shallow,5,0.4101359043373064,0.07197584680300284,0.33816005753430356,0.39704734446510737,0.022857240440840133,0.3741901040242672,-0.2141905150565814,0.0
P4,50,3,16,shallow,6,0.4116726438333429,0.07457370930316075,0.33709893453018214,0.39704734446510737,0.022857240440840133,0.3741901040242672,-0.2143786423269309,0.0
P4,50,3,16,shallow,7,0.39934630435293855,0.07320110735268648,0.3261451970002521,0.39704734446510737,0.022857240440840133,0.3741901040242672,-0.21498517996978014,0.0
P4,50,3,16,shallow,8,0.40778651199120464,0.06903877887996257,0.33874773311124207,0.39704734446510737,0.022857240440840133,0.3741901040242672,-0.21543103227067786,0.0
P4,50,3,16,shallow,9,0.41131589633539467,0.06989842699629463,0.34141746933910005,0.39704734446510737,0.022857240440840133,0.3741901040242672,-0.21494910200470788,0.0
P4,50,2,32,shallow,0,0.42253094346625797,0.18811748133932157,0.2344134621269364,0.3912790220100944,0.05826193554831197,0.3330170864617824,-0.2103069887399392,0.0
P4,50,2,32,shallow,1,0.4221723204131142,0.1765804797018672,0.245591840711247,0.3912790220100944,0.05826193554831197,0.3330170864617824,-0.21093794375667052,0.0
P4,50,2,32,shallow,2,0.4161606479586735,0.18107679679398206,0.23508385116469147,0.3912790220100944,0.05826193554831197,0.3330170864617824,-0.21052091598967068,0.0
P4,50,2,32,shallow,3,0.43267680915604584,0.18400654385258472,0.24867026530346112,0.3912790220100944,0.05826193554831197,0.3330170864617824,-0.20898578270862656,0.0
P4,50,2,32,shallow,4,0.4165961944215097,0.19057582041488466,0.22602037400662503,0.3912790220100944,0.05826193554831197,0.3330170864617824,-0.21042619934114987,0.0
P4,50,2,32,shallow,5,0.4290359234856506,0.19310378167441108,0.23593214181123953,0.3912790220100944,0.05826193554831197,0.3330170864617824,-0.21026481727503823,0.0
P4,50,2,32,shallow,6,0.41489592113516566,0.18620276338134517,0.2286931577538205,0.3912790220100944,0.05826193554831197,0.3330170864617824,-0.2111624362312938,0.0
P4,50,2,32,shallow,7,0.41694232963831557,0.18583055297666182,0.23111177666165375,0.3912790220100944,0.05826193554831197,0.3330170864617824,-0.2107721459391612,0.0
P4,50,2,32,shallow,8,0.4247627578877971,0.17815013840396682,0.2466126194838303,0.3912790220100944,0.05826193554831197,0.3330170864617824,-0.20940558619410876,0.0
P4,50,2,32,shallow,9,0.4207897765733268,0.18172234143707555,0.23906743513625123,0.3912790220100944,0.05826193554831197,0.3330170864617824,-0.20979632379226407,0.0
