d,n,m,replica,mode,value,gradient_1,inactive_gradient_l2,state_squared_error,value_squared_error
100,3,3,0,raw,41.38773596899484,28.86850820827868,543.5247087508291,297900.03582618403,1647.536037339104
100,3,3,1,raw,52.02953135012074,-55.185301768588005,466.5081646210727,223299.96682215735,2624.681632745425
100,3,3,2,raw,43.139625361464034,52.79188777013047,399.775202107874,164400.0186487559,1792.823014030375
100,3,3,3,raw,45.63602328998007,0.1306769177796136,558.6935739116021,314148.9852912726,2010.4586846969407
100,3,3,4,raw,37.35700921308322,3.2835549953576653,463.34909275439895,216039.7330850731,1336.5695953409736
100,3,3,5,raw,37.718163692500845,-52.584295629260815,364.563033603508,137034.4206281805,1363.107011162493
100,3,3,6,raw,35.66300644062877,-37.53830526880185,772.611023376969,599552.4945297561,1215.576723695115
100,3,3,7,raw,52.99011464617861,35.64356094198719,502.22171154560544,256221.1398657073,2724.028881284801
100,3,3,8,raw,65.50471730826541,2.3895714219695368,568.2505013884395,327101.3165840017,4186.974204208091
100,3,3,9,raw,50.90538482417155,41.822575209213454,719.7488675274698,522298.3216868492,2510.761582643493
100,3,3,10,raw,45.17653654593387,-9.017385493928446,405.1154254672117,166169.2859446434,1969.4647520173723
100,3,3,11,raw,38.07428726887968,3.080161075529606,468.9726893482637,221334.400945649,1389.530198854717
100,3,3,12,raw,49.59954465146207,-40.592168854015725,342.1754688769521,121113.37770103916,2381.6020276042395
100,3,3,13,raw,27.867755943917334,26.604428901601928,432.67072848608535,188644.53286255847,732.7779366983598
100,3,3,14,raw,32.29143679366765,38.68201314185014,513.2217706514525,265884.7278435626,991.8438322441824
100,3,3,15,raw,30.277428001536773,19.431302832805976,513.6544191726343,265087.4813468308,869.0434814741175
100,3,3,16,raw,29.33700094890051,-10.513522178122098,575.5196722278702,332147.9084340784,814.4811642133834
100,3,3,17,raw,34.68740054221766,25.257956500997462,327.0413587255321,108742.51397710304,1148.499293454569
100,3,3,18,raw,56.51643973585784,-38.62485091543535,540.4399245652814,296671.7485631624,3104.557390795645
100,3,3,19,raw,39.80128466176379,25.41850637325233,443.7282061894007,199062.086653746,1521.2652194356383
100,3,3,20,raw,32.67241523338471,18.49455360527325,581.6691647258759,339697.0514115538,1015.9857055973608
100,3,3,21,raw,66.93665107746308,-70.34163283731793,521.7233706843148,281517.55726476817,4374.336436345294
100,3,3,22,raw,18.472493531337378,-25.669018165047174,342.14189096709123,118032.36385035574,312.391802261299
100,3,3,23,raw,47.67617777641252,23.20824683324505,376.4065361197661,144418.07752956232,2197.5743748086747
100,3,3,24,raw,31.11314721137827,103.7869648113248,511.566545201066,273391.07938327483,919.015149573372
100,3,3,25,raw,34.27658993195998,31.332642337911544,290.10492592099195,86263.42623282844,1120.8237133287446
100,3,3,26,raw,31.09442100603461,-49.45799322958956,476.63651360174754,230546.33931330423,917.8801205772556
100,3,3,27,raw,23.59651189886952,67.68392782351609,465.2498060853293,221558.27355655548,519.7774085000401
100,3,3,28,raw,28.83237973084269,-81.59468245715671,501.3698234395652,258815.324980544,785.9329194389861
100,3,3,29,raw,45.21943752775717,73.71713584276675,297.30307242844447,95796.60736024976,1973.2743679959272
100,3,3,30,raw,37.21204245929334,-95.65029245429214,735.6223762295278,551615.2497516247,1325.9908954561963
100,3,3,31,raw,24.02448236835969,64.43907746233509,323.4571994385454,109316.42941853774,539.4748457140035
100,3,3,32,raw,54.5768417734941,-39.21452137047381,569.8682340447301,329179.7590984591,2892.176238884475
100,3,3,33,raw,62.20318599015945,4.737164688525255,471.4300034498943,226039.2999256837,3770.611043630142
100,3,3,34,raw,37.58775785674244,-0.637199191232245,299.35147239952835,90965.2048277062,1353.4947771312875
100,3,3,35,raw,43.655481030586486,-73.61554453852844,466.94126321416417,225290.16526491023,1836.7735751668097
100,3,3,36,raw,37.32288190224502,24.30237419280367,318.25159819813337,103208.76057786553,1334.0754307923569
100,3,3,37,raw,34.552058731337844,-32.390974009446666,406.091050344082,167098.4606407752,1139.3442739348109
100,3,3,38,raw,51.36561973608988,-94.24431640982232,467.93899699664473,230405.99192653853,2557.095840757959
100,3,3,39,raw,38.54578812748783,-62.92661203961638,647.2068595995601,424261.38183918886,1424.9042236797472
100,3,3,40,raw,46.24865364053576,-39.47663991223791,601.1389416654483,364992.204695355,2065.7724099392044
100,3,3,41,raw,31.31930656722986,-6.335856027306434,620.8824929319527,386466.7703022895,931.557201294406
100,3,3,42,raw,47.5388461258477,-27.12747555504322,629.6412391874272,399368.70750349335,2184.7174880249986
100,3,3,43,raw,44.45213373454058,12.252505905982671,453.7602083906984,207954.14409066897,1905.6934709227803
100,3,3,44,raw,26.259413127539265,20.897576286957616,278.82929527430457,78830.77403478927,648.2894369547337
100,3,3,45,raw,34.557424786965726,83.29339561257557,569.1865060326712,332050.77495863487,1139.7065562819084
100,3,3,46,raw,32.443708636647244,28.60370504030544,389.9679669649559,153894.64538225302,1001.4581814392916
100,3,3,47,raw,14.496217515145736,16.340410840362217,423.9723346810485,180207.19392705883,187.64432572803588
100,3,3,48,raw,50.497465138227085,-22.184908901522725,369.5519079074979,139530.83113061253,2470.048309571883
100,3,3,49,raw,38.68033009548808,-3.3743404643132617,833.1125211276456,695522.9387129191,1435.079679688392
100,3,3,50,raw,20.85594830742277,-9.044191011249628,486.50218127240834,237168.49569512263,402.3259212634677
100,3,3,51,raw,46.89057294617199,13.337534648618671,562.4626039302068,318666.60657304246,2124.5359225907423
100,3,3,52,raw,29.81524289934726,-12.852047391684062,583.1084578938211,341022.65587441577,842.0070849474919
100,3,3,53,raw,40.24518619986179,-68.53731983953807,234.0526261095064,61034.08560614643,1556.089606602901
100,3,3,54,raw,35.771269011148554,-9.137456996313306,624.9019895913826,391809.1273355397,1223.1376199116817
100,3,3,55,raw,34.24865638033749,10.635492181593104,405.5411519139264,165695.69372494164,1118.954135322572
100,3,3,56,raw,65.08871243122354,53.258080584608,670.4893213606192,456525.6637544444,4133.310548264059
100,3,3,57,raw,23.68539167135805,-6.358652870038,483.7135498857774,234543.06879115783,523.8379817357143
100,3,3,58,raw,45.78719594239323,57.7630145659523,550.6114196181983,308533.53940430377,2024.0381385896967
100,3,3,59,raw,35.92264986757542,2.1744229160730795,347.37103868518807,121905.11577010024,1233.7491378558532
100,3,3,60,raw,43.8185748142446,-9.143996295588655,475.2004800762703,227749.88872285408,1850.7797898825768
100,3,3,61,raw,15.485322736175416,63.678722749069166,734.1915442639212,543307.9242397494,215.72084015539096
100,3,3,62,raw,64.98859939809223,26.42976027913433,487.89496646880303,242860.4784053292,4120.447871322201
100,3,3,63,raw,32.7183733764757,14.123166429973036,388.2377221984712,151946.9103740975,1018.9176062314942
100,3,3,64,raw,20.697850682480738,-19.68190136856961,586.4856525939268,344748.8065916503,396.008651643927
100,3,3,65,raw,40.31048284306457,103.7183487429817,525.1751217623083,288127.6498070416,1561.2454230153908
100,3,3,66,raw,34.82045839055992,96.56339478449344,416.4354753492197,183900.5298716377,1157.5355300012698
100,3,3,67,raw,56.746716882567696,42.24949749939184,638.7648548029033,412935.83160849416,3130.2718381689574
100,3,3,68,raw,25.625475144430293,-4.882463100892233,171.87046833150532,30179.70558461077,616.4092541882252
100,3,3,69,raw,45.77503961622618,-3.7929600286091594,483.31207354429006,235627.89145633948,2022.9444768795915
100,3,3,70,raw,37.298809210767786,30.52725124576216,563.7287325810526,320054.3145063642,1332.3175003024169
100,3,3,71,raw,20.57980314770152,-3.386906490433316,483.6025339942077,234274.2063241724,391.3243029786863
100,3,3,72,raw,41.78571197160697,-57.014297373017946,584.5038453538368,346575.3773342188,1680.0019958578646
100,3,3,73,raw,49.581872725180325,80.93744872213833,505.177266397874,264134.8185920994,2379.8775012221204
100,3,3,74,raw,48.65354025611222,28.05791609561735,863.5250409147734,748752.9067245178,2290.1637820279952
100,3,3,75,raw,43.94753429166859,-83.28068388785888,725.190032051903,534698.147168166,1861.8922718964009
100,3,3,76,raw,25.51175653936259,-58.12754911543699,487.5727715301546,241716.79497193653,610.7754681726395
100,3,3,77,raw,35.97830961977991,18.446483774747072,627.0896224538051,394819.32966023806,1237.6623073303
100,3,3,78,raw,38.28247016623053,31.197309628261724,444.1962155175284,199688.6441661468,1405.094158010635
100,3,3,79,raw,23.0878760890772,171.8907649046821,613.8966059785716,406912.3216138569,496.8437223305415
100,3,3,80,raw,50.70396875188828,3.1334790805320867,533.9553992738104,287608.8043440901,2490.617239287706
100,3,3,81,raw,56.1967749797396,22.25309415616845,765.1438846148517,589009.4014226781,3069.037059649361
100,3,3,82,raw,47.622275185996806,-13.978176967090302,328.17849770071666,110089.03934184332,2192.5235574207504
100,3,3,83,raw,34.48989713809186,-44.63191582897068,365.97727854033184,137066.52802986014,1135.1517115082002
100,3,3,84,raw,22.505790687390416,-23.87158273236105,354.41267204638234,126649.42775760528,471.2331884007372
100,3,3,85,raw,35.901462612387434,-15.202678324598688,304.1763061071612,93986.60781726234,1232.26119202369
100,3,3,86,raw,42.22813734255604,-112.97311288270362,529.3200250081417,294659.0789545878,1716.4658455599667
100,3,3,87,raw,39.60079329780934,41.02398181083482,483.81231813625664,237262.99199044655,1505.6657264524536
100,3,3,88,raw,45.59502144638786,-3.143496047275004,517.5926891065635,269918.8568571088,2006.78347314584
100,3,3,89,raw,38.35195370726653,-14.463902372103009,258.2053996937095,68289.54101227538,1410.3081094573745
100,3,3,90,raw,36.007362134424994,42.52095338767819,473.5638625550836,227310.4707060946,1239.7073110073998
100,3,3,91,raw,47.06830577283127,-22.29637639855064,548.6134209821149,303614.76596134366,2140.9518791385285
100,3,3,92,raw,23.993354727530686,45.99958659945942,416.3699574128243,176017.93323953386,538.0298362555603
100,3,3,93,raw,34.30077550584707,-154.27477589079572,481.6725745528956,256931.61925424548,1122.443701675525
100,3,3,94,raw,40.21672901607947,-47.46357337853207,475.5273545753626,229932.90104549128,1553.8452981892913
100,3,3,95,raw,26.0096139646574,12.431623371189644,390.4196395123252,153217.67147611026,635.6312995331833
100,3,3,96,raw,36.161305378225336,-44.81085913086885,320.7874287750271,106163.15908804975,1250.5715319101091
100,3,3,97,raw,31.05622077370879,-3.293268335962494,500.3152999740871,251241.81191486667,915.566910373254
100,3,3,98,raw,50.2203272738084,-61.84680938627182,481.8201207405923,238418.2344254611,2442.5778437203144
100,3,3,99,raw,36.7580566085208,-26.31838564798675,293.0984238481732,87892.47745910099,1293.133973701474
100,3,3,100,raw,57.442499946307954,57.39655519005908,440.6032074035989,200634.1633741961,3208.6124521718
100,3,3,101,raw,49.75072351267813,-80.15687029373582,547.1920293352117,308240.6212647223,2396.380441448236
100,3,3,102,raw,40.58956252971132,33.538111286092786,282.7883551466548,82677.43635077021,1583.3776355813147
100,3,3,103,raw,46.327837013814666,42.09962828216653,370.7164523515588,141276.04331599566,2072.976570373515
100,3,3,104,raw,32.51864557196569,33.14217448417663,508.00184347187167,260170.4833794869,1006.2066791273076
100,3,3,105,raw,30.74880269751552,-3.798059231647584,400.3291529468188,161174.91345027662,897.057497232063
100,3,3,106,raw,50.3252020033158,-21.12387619344487,520.7038640845857,274031.68739110616,2452.9551730514463
100,3,3,107,raw,40.58568662849436,-131.2063189100152,708.2278042271652,520384.7899957262,1583.0691933777955
100,3,3,108,raw,25.5536808052279,-102.66658877867695,403.3777517785021,173866.88852902432,612.8494476954885
100,3,3,109,raw,47.50609714777677,29.90230883510068,470.03181795562,224005.7150874048,2181.657123069947
100,3,3,110,raw,53.458103374287326,-4.116841847999822,611.9259884136964,377243.4623283647,2773.098645484063
100,3,3,111,raw,49.61000998862544,-135.46624590130253,632.1911103238841,420399.3273399192,2382.623588781484
100,3,3,112,raw,41.68441885942276,-19.88191401442309,346.5063703353755,122133.66387482554,1671.708686952221
100,3,3,113,raw,35.347574302444215,-81.34673341778358,603.2329760566556,371700.99550115736,1193.6810612436775
100,3,3,114,raw,40.30891721191812,-102.2179051493147,487.56465614165137,249728.9157527985,1561.121701157496
100,3,3,115,raw,28.46642101933562,40.35605630572962,310.28623236051004,98671.7051827888,765.5479097571562
100,3,3,116,raw,37.26808743308538,58.913257562978856,318.4700075264065,106223.99330809672,1330.0756975454442
100,3,3,117,raw,33.10472587480557,-11.498573880881183,307.67929919133616,95842.500347854,1043.731995688152
100,3,3,118,raw,36.17449583479781,7.43055746309143,541.8413013807927,294898.71369147475,1251.5046252313464
100,3,3,119,raw,37.52056054121308,-8.647499835191708,514.8965285632572,266541.769311055,1348.5549311621974
100,3,3,120,raw,29.63858709610789,-11.387524789057974,377.2676182968799,143292.3176589516,831.7861227299496
100,3,3,121,raw,45.01721527500822,-28.39061640433432,438.916528597576,195409.09538477712,1955.349208812265
100,3,3,122,raw,26.144904061662288,26.887104284058573,437.0929092009483,192415.59904810728,642.4713975769478
100,3,3,123,raw,30.250027449755724,15.155293945581093,469.9985316095117,221995.73137042543,867.4287207512963
100,3,3,124,raw,51.6945429907014,14.421777019113176,352.1121936918639,126781.45443821549,2590.4698393297617
100,3,3,125,raw,31.297432660916435,51.04730305765707,678.2409870965628,463546.8861614912,930.2224343111412
100,3,3,126,raw,40.145810224185,-35.505102017112314,422.8292251483937,181593.4251628476,1548.2592540110463
100,3,3,127,raw,13.171106151489994,-0.2868281338053107,299.509450242236,89859.089667317,153.09661253224613
100,3,3,128,raw,35.20397110730661,67.29249831414815,453.55413057439466,211423.40848190011,1183.778791445506
100,3,3,129,raw,33.05667875242343,6.246505250160286,409.2912252135508,168598.9556673472,1040.6298026973327
100,3,3,130,raw,40.851739728433216,36.4343333056607,548.421928702341,303698.383838813,1604.3113137895086
100,3,3,131,raw,24.51542200316605,26.283757262363597,498.6982344248253,249953.28649659475,562.5215823298996
100,3,3,132,raw,47.14570148190775,-39.575611310216274,348.3433264151941,125057.42220193204,2148.1201333522563
100,3,3,133,raw,34.72321611494054,76.86104287120298,635.6846164493096,411153.4796226129,1150.9281210581696
100,3,3,134,raw,26.04187794140359,21.84871887033095,446.6678304026699,200626.77643470283,637.2592017998131
100,3,3,135,raw,46.01826764057692,-123.71233962462604,576.0873188679255,349226.2249817153,2044.8830458815155
100,3,3,136,raw,40.23449049668631,9.42279233790086,490.7950954028943,242523.86057472148,1555.2458877421575
100,3,3,137,raw,42.20969099512165,6.702889058047306,331.2197603000755,111466.39604711748,1714.9377121534867
100,3,3,138,raw,40.958199673116354,6.028456702232826,482.9456214652619,234885.66649259903,1612.8509099203154
100,3,3,139,raw,33.03714070485273,6.29667424410192,494.42089993744673,245531.04403821277,1039.3696367216571
100,3,3,140,raw,42.5049643248524,20.01458698974245,521.5607185559448,274165.6473354083,1739.48050244479
100,3,3,141,raw,25.88292910534836,64.84321963438012,426.63360011395633,186850.13133854952,629.2594598018316
100,3,3,142,raw,33.3480884351854,80.02360791573274,553.8786338412763,314244.8346219935,1059.5157722638676
100,3,3,143,raw,44.17210071905913,-54.034955774698986,269.16770095041807,77252.3503078505,1881.3226273431392
100,3,3,144,raw,56.92552525936882,24.31229669488325,480.0911312277371,234228.8941044956,3150.3120503873174
100,3,3,145,raw,36.14394094138503,-30.78725731098645,613.6622183057335,378778.51709030586,1249.343701659293
100,3,3,146,raw,36.97261293457064,76.97539263753505,347.7142503372998,128139.02193224896,1308.610972915879
100,3,3,147,raw,35.220865924693655,67.66722538230545,499.69324778459537,255457.13691843548,1184.9416459787726
100,3,3,148,raw,20.703276336663947,-21.687868347429745,459.9019539443405,212376.3954970282,396.22462175051794
100,3,3,149,raw,52.55553541994866,-6.193006840214043,427.5246416389191,185494.52696466635,2678.854422457236
100,3,3,150,raw,20.03281188035978,-64.07536377064386,489.2941667295214,243884.4162668657,369.9824289886369
100,3,3,151,raw,42.92258703155382,-8.003693031139157,500.2490743070359,252087.6860054324,1774.4905582492916
100,3,3,152,raw,45.18601049221649,-33.16859644552486,532.8073546690716,286954.1387033229,1970.3057237030348
100,3,3,153,raw,36.50351476904554,-85.64744710982849,324.0710809623912,113632.44274113137,1274.8920285677718
100,3,3,154,raw,31.052121961528428,-31.665653012856318,418.4069607016145,176982.41722499247,915.3188806994614
100,3,3,155,raw,36.8678111381966,-39.67452117132842,584.332676995972,344319.78463875165,1301.039603298575
100,3,3,156,raw,35.48001646208442,-38.36884392581848,494.73150903583416,247434.28449029537,1202.850273217892
100,3,3,157,raw,33.770407325524246,79.64252012000044,335.0141181824773,119664.57765011762,1087.18725747007
100,3,3,158,raw,34.52049410834168,-6.0634716860244335,198.3855308116153,40530.79891898934,1137.214394695756
100,3,3,159,raw,35.04638622799368,-2.386505424141901,262.5850508761155,70129.56421819917,1172.959866447572
100,3,3,160,raw,18.972249412473666,-96.95967379489096,436.8101120197612,200534.5598428896,330.3075377616469
100,3,3,161,raw,32.76357134519189,-2.3599662538696884,344.68267627833507,119833.52189871258,1021.8051315976631
100,3,3,162,raw,39.71359470268554,1.177126960984164,242.4499340148515,60297.78862753515,1514.4324958470302
100,3,3,163,raw,45.825944701906586,10.60344760242806,447.7379364475737,202609.21903545983,2027.5262000708535
100,3,3,164,raw,35.04586022456565,-26.060190736039637,830.0587052417877,690849.5115259374,1172.923837065688
100,3,3,165,raw,43.51537860315855,-20.76919306297335,346.94067173367847,122623.97338076185,1824.7842972586927
100,3,3,166,raw,42.0006898223073,0.6882590905323713,406.6865238382376,167092.07353362258,1697.6711614174578
100,3,3,167,raw,45.32937105774492,-20.268694932257837,403.3675753847946,165099.27415569226,1983.0532896273323
100,3,3,168,raw,46.91369653492119,-0.36202954565606,472.37101350169456,225261.17357604232,2126.668114032235
100,3,3,169,raw,30.74045605941989,30.63209515238162,301.68598654506656,92849.31731904442,896.5575879497925
100,3,3,170,raw,46.30114818393266,56.59331666837792,413.1794238393815,175990.58677612658,2070.547000356048
100,3,3,171,raw,35.89769519813346,-78.61866083752489,732.2822118189299,543650.1282850865,1231.9967067764662
100,3,3,172,raw,17.913072999211707,-31.179124328730698,485.21859203115184,236702.14952188203,292.92967528224364
100,3,3,173,raw,21.22792674135916,138.21681544759784,448.9108144967483,221042.1940681086,417.3866234993093
100,3,3,174,raw,37.76842488668106,-51.24727031724194,422.0904769004998,182153.47425704723,1366.820851987386
100,3,3,175,raw,30.48323802147947,-28.440617966608908,570.8191434296552,327524.58346617315,881.2202100853043
100,3,3,176,raw,45.36556241613972,7.487577830265343,468.21485722198304,221267.4942545833,1986.277909417083
100,3,3,177,raw,31.129975620492225,70.43828271835751,408.86270416451066,173050.2982770807,920.0357480532872
100,3,3,178,raw,48.64965327209274,15.207876223502383,535.572554981959,289359.0329179317,2289.791768798781
100,3,3,179,raw,35.84110508123369,10.039765408579914,307.90983838614494,96137.29276888476,1228.0273044435444
100,3,3,180,raw,41.76847662586633,-15.70695721934448,694.088092338331,483683.5778451156,1678.5894141618412
100,3,3,181,raw,52.99184093745399,-12.896062103441396,354.99047688212875,128908.75617702476,2724.2090822477603
100,3,3,182,raw,31.799021304307125,2.7642220696908075,596.9890378107951,357364.62266929896,961.0704793894498
100,3,3,183,raw,24.80529161737077,-10.271163516030809,354.27144165576806,126190.10676640908,576.3555935797464
100,3,3,184,raw,37.48444688893614,-46.676200403549366,502.1865272204892,255715.87966134347,1345.9038554560077
100,3,3,185,raw,35.26112218414214,35.03206112325464,442.0136287852017,197791.00808588832,1187.7147474827475
100,3,3,186,raw,53.16128024090973,-132.10333813176285,603.9891600421132,384996.1226010837,2741.9252071514347
100,3,3,187,raw,42.3383088795609,61.47757579321827,466.7345438096296,223346.2335631764,1725.606852582464
100,3,3,188,raw,24.16983074965099,31.93568763996335,480.19225993575935,232150.74251590364,546.2478686544124
100,3,3,189,raw,49.37414844041008,-87.96462019082351,662.1038801289794,448478.975899667,2359.653412501232
100,3,3,190,raw,29.47506873146226,-85.11711625975191,549.0709860095739,309546.25204985973,822.3808919579177
100,3,3,191,raw,39.432100794220815,-34.81604373060998,477.8949082829516,231088.302927793,1492.602663970495
100,3,3,192,raw,44.05095908396035,-79.43830002779798,355.2722092835039,134399.61465619403,1870.8284557058157
100,3,3,193,raw,26.309106275988373,-47.84799111078569,309.27066138596825,98588.59468085338,650.8224334013526
100,3,3,194,raw,20.847538141059044,102.50805683233772,683.3004521603413,477809.3982467569,401.9886086882793
100,3,3,195,raw,33.09001405155232,113.1326064707051,778.3537975555084,619676.4024429844,1042.7816270473304
100,3,3,196,raw,28.42675137904857,34.35815247698554,542.3452377536381,296082.1938373425,763.3542816603588
100,3,3,197,raw,41.073375075972905,55.296864532253736,278.4008745823496,82186.90533155313,1622.115136237552
100,3,3,198,raw,37.30129228727753,48.59561297556875,341.7748850904727,120504.10445472236,1332.4987756452506
100,3,3,199,raw,18.831532060376546,114.6310203552176,587.8832441049925,359072.19196922745,325.21244213888
100,3,3,200,raw,52.83282532711807,0.9649929924683968,582.731124086753,342284.12925144006,2707.6350605539324
100,3,3,201,raw,31.592020177601984,-28.082842401136105,534.5302571129173,287459.5205949144,948.278788385816
100,3,3,202,raw,25.859632246453515,-0.2105958318045688,330.1140594503854,109603.42779447616,628.0911970592156
100,3,3,203,raw,43.2525026710601,-82.61877269939197,467.1519450890613,226859.1960017349,1802.3945988877815
100,3,3,204,raw,41.55763980754392,-31.94600109972049,519.3427925417292,272398.8407990792,1661.3576477742347
100,3,3,205,raw,23.926379385469943,67.27627454981017,453.37637759771695,210611.16415378373,534.9272728546517
100,3,3,206,raw,26.20672930941172,7.578739213062282,555.0941520606806,308832.5643314845,645.6093914589077
100,3,3,207,raw,13.563788943610104,-76.0065519644213,527.059697089977,283731.88855280954,162.96831471097707
100,3,3,208,raw,44.80967450832523,-100.3843375461532,569.5874912918329,336443.9631150886,1937.0376543848308
100,3,3,209,raw,35.22309703594863,13.96451840807674,412.8144521164655,171795.874904546,1185.095253958932
100,3,3,210,raw,34.61989848435604,58.59519923866021,775.3743236957561,605782.6678463145,1143.9286258450252
100,3,3,211,raw,41.5271075188542,21.30843146738462,466.0332391538302,219299.898850578,1658.8696027666565
100,3,3,212,raw,36.50970303994157,12.697966111766084,477.90555963607136,229830.29625352903,1275.3339790869527
100,3,3,213,raw,26.63584216009722,7.815793045089308,394.3258376641996,156221.55292339926,667.6000529029328
100,3,3,214,raw,19.113686551970453,-118.4182685443638,507.7741714784483,272192.9641482495,335.4686025796585
100,3,3,215,raw,49.15199651386683,16.980624473992318,553.0740864805558,308517.40688659763,2338.120142769443
100,3,3,216,raw,33.48167524910869,-53.02060293853097,451.4216123166484,207660.8865762848,1068.2301737569867
100,3,3,217,raw,48.04706040848541,14.822269255386525,416.3955632210418,175837.44935433308,2232.4846182852275
100,3,3,218,raw,33.26038982114846,35.344088344334715,661.2696974928708,439580.631650983,1053.8142477779654
100,3,3,219,raw,31.994283015513165,1.6712679983450642,532.276026304465,284293.7765917388,973.2152765450512
100,3,3,220,raw,41.9990844478552,-18.091689078407114,269.0876616249758,74433.01772464007,1697.538872132841
100,3,3,221,raw,37.10025651825245,-54.25071165191783,603.5244326704229,368502.7427546324,1317.862209737022
100,3,3,222,raw,39.1940429181865,23.13902826437356,479.1293717429035,231574.63447237416,1474.2649766052812
100,3,3,223,raw,60.12565644683416,-83.0217422014202,513.9826538282766,274590.56263147807,3519.784516960966
100,3,3,224,raw,52.23917301947206,2.869971302497748,414.7902873284937,174705.42535561955,2646.206158288013
100,3,3,225,raw,18.82067449308812,-8.111317617850785,571.1165715304062,326564.75270708645,324.8209569432827
100,3,3,226,raw,24.712631113904912,-67.70319541372078,398.23128870220006,163743.79707334258,571.9151026991061
100,3,3,227,raw,36.70744807694279,22.491214056233,673.091652684108,454847.7243746668,1289.4967519196875
100,3,3,228,raw,23.314651339920783,-10.468999353715551,217.19661106145568,47790.97259023454,507.0047861851882
100,3,3,229,raw,44.77153692727265,12.50167647158722,346.3125743806565,122022.3731912051,1933.6821024471335
100,3,3,230,raw,36.84405271545543,-30.404888156863574,378.7351458782533,145664.0941858867,1299.326238633489
100,3,3,231,raw,44.7415487973592,44.11894533548737,448.7511827908588,205255.15102024568,1931.0456265352
100,3,3,232,raw,38.418996518998426,-18.265876359472166,629.2906695009898,397755.7370251545,1415.3480649710853
100,3,3,233,raw,56.45961455219569,-32.58014394543141,583.011620585572,344062.2437029548,3098.2281856347195
100,3,3,234,raw,46.01782944271191,10.787149222865065,395.5253771693999,158601.52998847532,2044.843415122892
100,3,3,235,raw,51.52412581285296,-45.134823839186765,591.9006601512795,354956.695362076,2573.1515515611886
100,3,3,236,raw,32.218759644451254,4.825708262736773,266.5787696125193,72074.79925938396,987.271391022236
100,3,3,237,raw,58.17925761454287,20.197937889800844,676.717865440239,461647.6480745264,3292.62197353248
100,3,3,238,raw,50.178711848052046,-18.43347126455977,490.23711087719175,243110.6838476505,2438.4661035731333
100,3,3,239,raw,33.265335898620016,-55.89501886356516,719.2080024127364,521438.5392646505,1054.1353963735248
100,3,3,240,raw,46.518447666837766,-2.740874536307377,477.0580047497704,229682.22217978863,2090.36989073292
100,3,3,241,raw,49.9709001440898,5.260056711986662,393.5037909269618,157290.8871320576,2417.9854615541794
100,3,3,242,raw,49.680472103505394,14.290388237615309,654.3939252199194,430825.1319255852,2389.5073648699768
100,3,3,243,raw,29.25531687576064,-76.06425031133273,575.8178931148143,338161.84166056925,809.825453960403
100,3,3,244,raw,50.442000058249,61.07912109058692,386.2546761558067,155387.87208894946,2464.538203523772
100,3,3,245,raw,40.55281560902005,-101.47751049374716,545.6604873005816,309623.5070797652,1580.4545426485024
100,3,3,246,raw,28.169025052175567,-0.0592084898582325,397.7572344811272,158960.00041951818,749.1793317984622
100,3,3,247,raw,31.0529399705211,33.20804049183402,573.5084059204739,330930.0339925956,915.3683778451204
100,3,3,248,raw,52.65541499739885,59.737996572077655,525.7367466478036,282656.95847324486,2689.20346298248
100,3,3,249,raw,27.049278913204187,-64.51699672185642,367.4927996564165,139902.53637076443,689.135705445288
100,3,3,250,raw,42.29184888704913,24.50963312300829,468.91406908981617,222202.87538170116,1721.7490755077977
100,3,3,251,raw,31.982757032371985,49.68460930545371,427.5830014708472,186268.27981972208,972.4962710680294
100,3,3,252,raw,25.381091253112466,-28.09411493307344,199.8659801056872,41340.0233487565,604.3340512768152
100,3,3,253,raw,22.87439671890934,-71.24608979205959,539.5820047791508,296712.11758121283,487.3723890670228
100,3,3,254,raw,37.09109754616148,5.80743838472988,586.7644891631252,345643.4893922564,1317.1973088006032
100,3,3,255,raw,35.08331043974044,57.30336211286268,481.2143667158552,236026.43247087952,1175.4904277001224
100,3,3,256,raw,25.818958256990648,30.18905201685699,263.986182049774,71226.13730380296,626.0541289100601
100,3,3,257,raw,47.98305211713169,41.19649982962875,528.5074683122195,283243.7356973232,2226.440037318827
100,3,3,258,raw,50.767754657083415,18.937436313246696,487.5843305303922,240594.0937903282,2496.987917439153
100,3,3,259,raw,46.27628797042578,-8.994454010211335,472.1262328161146,225052.3650927663,2068.285176688402
100,3,3,260,raw,46.26362398569716,10.730955381907288,468.02480577306005,221229.50568377148,2067.133461452388
100,3,3,261,raw,45.41057980497656,56.43103991462857,515.8341211132617,271259.5953474871,1990.292576949518
100,3,3,262,raw,33.127516092177856,-20.52664595501709,604.5046032128319,366892.36357462045,1045.2050749544762
100,3,3,263,raw,48.51439701326377,32.90637288116563,419.4684905354847,179313.5094889381,2276.8655606258567
100,3,3,264,raw,42.228001949588986,11.50284502639323,541.1631429744582,294706.3173845437,1716.4546268485983
100,3,3,265,raw,22.62224709037508,34.15985056231837,583.38460989805,341980.80125616223,476.3027998221955
100,3,3,266,raw,10.85232660105296,-42.08399850012089,418.2864721284528,176835.7275001658,101.09180474074849
100,3,3,267,raw,32.080884153349864,-26.90519865493329,223.1190552500805,51484.62859385718,978.6260635072956
100,3,3,268,raw,46.87825057497105,-3.444881744739209,720.6136412355364,521419.2872769733,2123.4001319997064
100,3,3,269,raw,36.25587851815551,-69.16750813632471,439.32034578333815,199043.77973646,1257.269335479657
100,3,3,270,raw,21.83273503629856,-20.305416076340624,315.7604734353371,100559.451440668,442.4649345264613
100,3,3,271,raw,16.754277349349934,-82.35145354510907,552.6379127610204,312445.03099267185,254.6064708223969
100,3,3,272,raw,45.69954095901757,63.28173350880064,395.8781172346944,162740.22024846863,2016.1587473033355
100,3,3,273,raw,68.32588121448822,-69.47326940405225,723.034441924109,532165.369702256,4560.03033206014
100,3,3,274,raw,36.924479689294365,135.75981365707125,565.752075474214,339811.2687831615,1305.130875577946
100,3,3,275,raw,48.76367604657655,-81.16448272246113,540.9324230360011,301496.27670006064,2300.717152856719
100,3,3,276,raw,41.31583657023374,-3.9321871790596,517.3525290910515,269310.8058879569,1641.7044350385438
100,3,3,277,raw,33.587509232915906,33.385281452557244,657.4840910124601,434475.0664382855,1075.1594861380445
100,3,3,278,raw,36.06123435768454,-74.14011777324588,733.2953336361279,544462.3072348483,1243.503838897235
100,3,3,279,raw,37.20497317783635,38.961569572797465,775.942399125777,604930.0867662111,1325.4761015685294
100,3,3,280,raw,41.63262437475248,30.602971088347296,306.89914581869533,96791.10351935202,1667.475975672962
100,3,3,281,raw,25.547255945475293,22.50687980269145,257.37350232910313,67360.2107235381,612.5313839364422
100,3,3,282,raw,40.79711781166497,-4.625089580997587,410.8904186890127,170452.26628472123,1599.9386606568726
100,3,3,283,raw,39.84085118578146,-103.4486270689816,577.0452537177783,345207.19652355165,1524.3532428791923
100,3,3,284,raw,42.57726425969131,25.55640864562144,438.4469427021502,194634.36815574847,1745.5165680238922
100,3,3,285,raw,49.17662542016401,111.8924403201439,624.5321662696873,404900.84747344255,2340.50256713722
100,3,3,286,raw,58.36717294925901,-70.53248587286276,681.4231183387174,472626.52073542034,3314.2229655532315
100,3,3,287,raw,39.98315258973429,-26.558604158872072,726.2555892574013,529688.0256129821,1535.4852304991953
100,3,3,288,raw,61.8129307403356,-67.45442543420272,573.0338254275507,336640.70045508153,3722.835860290512
100,3,3,289,raw,51.07812624232784,29.582347285682808,515.7510378991951,269402.3510685803,2528.1027035525617
100,3,3,290,raw,58.41867837882269,45.15943156369718,642.3125587541142,417924.9532726323,3320.155880218752
100,3,3,291,raw,32.228984795303525,17.540869871316993,566.078107652872,321740.0201416503,987.9140619512272
100,3,3,292,raw,39.75710936502463,22.49187027578528,573.6965135075462,331151.3950365628,1517.8211973458888
100,3,3,293,raw,48.19197841508352,-27.00617578944707,565.1915647518337,322417.038529665,2246.200132268363
100,3,3,294,raw,39.32734682713343,107.05740107918577,538.4040705985883,302824.74982549204,1484.5194625325912
100,3,3,295,raw,50.934612387879206,-14.193859959892578,505.3410967693112,258084.78122177767,2513.6914772063315
100,3,3,296,raw,31.76003149345061,18.619249019615957,476.1603208776273,228033.9821550183,958.654542678868
100,3,3,297,raw,51.031465841908,-35.44491902124956,354.18015645920144,129223.33820221276,2523.412688325396
100,3,3,298,raw,33.594167008220026,99.08193945632163,595.3263047354743,365306.2359787917,1075.5961423707631
100,3,3,299,raw,25.204642368819155,-74.17726527933324,536.7299412872474,294176.9863852318,595.689826699164
100,3,3,300,raw,37.892755776004456,17.169530296829382,342.1427782317167,118732.50293720384,1376.0294704723915
100,3,3,301,raw,36.67199944156859,15.36742225191318,336.90760687408766,115029.84535477178,1286.9521184783769
100,3,3,302,raw,55.53890799971849,-5.72378859137142,412.7274972677676,173373.3284038937,2996.57964713991
100,3,3,303,raw,29.57578900786138,-11.916122194853775,278.5828992738845,78578.59352036999,828.1677843640302
100,3,3,304,raw,33.11820363128912,-42.441519794810574,431.1926759923739,188773.00945677565,1044.6030248180375
100,3,3,305,raw,53.26407466968411,-122.98242056589666,594.0472168874029,370769.4727644573,2752.7011045412687
100,3,3,306,raw,36.85216916018571,118.52096551487791,642.5477886704404,428214.7914298251,1299.911437973295
100,3,3,307,raw,42.31214276334321,-8.766508405307809,393.3997327567242,156563.63503678958,1723.4336341071885
100,3,3,308,raw,15.21573494982511,7.939625340021795,443.82397006151496,197250.62846154463,207.8744098402289
100,3,3,309,raw,39.17298446905356,88.47850519735123,527.0461547458552,287078.74340731784,1472.648292968223
100,3,3,310,raw,52.62990828770802,59.25572896415133,325.31266962543657,112026.13311752788,2686.5586836264592
100,3,3,311,raw,43.33181572428899,-1.6007788582446696,358.43935392782856,130290.46823737236,1809.135300220176
100,3,3,312,raw,64.74895561876446,-53.8944807502267,526.7649804325041,284475.69915485336,4089.7394894604527
100,3,3,313,raw,24.952255611850184,116.90381183179866,567.5235583997271,336332.92420036474,583.4336408716727
100,3,3,314,raw,48.22282817886926,-37.31087954596357,601.7524022045063,365747.18056856416,2249.1252771767763
100,3,3,315,raw,30.30069910576736,-29.69400520939272,550.4261289995138,304721.0734968394,870.4160660745683
100,3,3,316,raw,39.13373844533654,-17.713187006681412,413.61873619563846,172863.85361906714,1469.6376930563158
100,3,3,317,raw,55.2791163956781,-68.81545731050929,606.348692558935,375362.5087550298,2968.2046222454237
100,3,3,318,raw,39.84325312753896,-17.93401225353591,451.4654242520281,205667.1988970859,1524.540806512263
100,3,3,319,raw,38.84233046769144,12.0942156672196,415.7191133594473,174416.03112933238,1447.379864362171
100,3,3,320,raw,37.04580442327018,-26.231402029666206,338.9699511462479,116902.62592688754,1313.9116943558524
100,3,3,321,raw,48.07636389485442,82.91660848613398,628.5322289234027,404163.1813664039,2235.25460814034
100,3,3,322,raw,12.752765487386169,11.284707866501543,748.7810242163579,560943.2860360992,142.91917796878522
100,3,3,323,raw,49.33876392136479,-44.765544077007874,698.2561802682104,491921.86418835865,2356.2169690966266
100,3,3,324,raw,36.71544874855494,43.47423467776503,549.6727073561387,305320.16571022617,1290.0714171812906
100,3,3,325,raw,29.80050184186966,-105.53505134466188,654.001254966023,439696.4403686055,841.1518091520342
100,3,3,326,raw,47.10760752813013,16.507619163007746,368.8063149404289,138435.1898716803,2144.590441310598
100,3,3,327,raw,41.08719516122386,17.224897087188403,390.44269214968887,154365.4214814181,1623.2285486571957
100,3,3,328,raw,38.57023700791678,106.07696267050297,464.3053722234221,228258.5512943188,1426.7506093889926
100,3,3,329,raw,24.54115646257162,-27.907726756181106,458.9958307348621,212019.75680528517,563.7429606013217
100,3,3,330,raw,68.11507178688831,-55.93215316259324,530.771751200542,289378.66132592555,4531.603696031841
100,3,3,331,raw,37.71147401907098,-32.357435005047435,293.51472900812223,88560.51283151084,1362.6130866935628
100,3,3,332,raw,35.883667225602764,-53.14256926427762,589.7008029682114,351802.1818345634,1231.0121452015733
100,3,3,333,raw,36.24178828633455,28.090813377134594,531.9691710831394,285036.5630903761,1256.2703113047587
100,3,3,334,raw,75.12876984912786,-112.54442635598684,663.2752293298746,458125.3582541421,5525.080507746129
100,3,3,335,raw,30.356481024989755,14.800647745123522,500.0202574970207,251113.02770599475,873.7106249326416
100,3,3,336,raw,27.141194734131112,51.28972576935645,644.7268778193911,418997.352943124,693.9699908881794
100,3,3,337,raw,21.885995622257028,36.77281621460636,545.1526453720614,298988.3551966501,444.7084281402253
100,3,3,338,raw,59.71842741052448,-19.1326167357908,484.4156476691303,238496.20709956752,3471.630369705881
100,3,3,339,raw,28.544049985794707,-1.1938276308143012,315.91478700189333,100573.42756665472,769.8496957910127
100,3,3,340,raw,47.476841241807406,83.43307638909042,621.6909042905226,395639.5837101426,2178.9249968270988
100,3,3,341,raw,33.484268701519625,-23.45084536024616,288.5285898274546,84867.08900412421,1068.3997081945
100,3,3,342,raw,45.55202219066468,9.07738768681596,376.3477943810119,143722.99413766174,2002.9328349926132
100,3,3,343,raw,57.49786287143949,-7.87363313642005,560.7176067015303,317681.1161042855,3214.887540426664
100,3,3,344,raw,32.11420746095784,48.60480915072682,306.41531164555107,97233.48276340554,980.712079986771
100,3,3,345,raw,48.60964203678259,38.6691164607337,635.8826934797701,408128.06458788295,2285.964152941903
100,3,3,346,raw,43.58927609015718,23.49838442246192,555.4939543983514,310956.8106326021,1831.103189018496
100,3,3,347,raw,41.34989208537246,-23.83662519195999,501.33455539100856,253548.98644391497,1644.465314272749
100,3,3,348,raw,39.74875712773,19.90534188558784,512.6397674486352,264712.92427909793,1517.1704737249966
100,3,3,349,raw,26.21810000712793,11.38227521665832,401.4011783454623,161898.649519571,646.1873533375833
100,3,3,350,raw,41.62855626301615,18.154855612699983,514.405286156161,266609.54095937376,1667.1437516539208
100,3,3,351,raw,26.8790664170562,-6.577159540825341,729.426480449457,532786.4774555266,680.2280470189581
100,3,3,352,raw,21.84740704317493,56.81437780215151,561.5541653321069,319014.0365236208,443.0823967358869
100,3,3,353,raw,37.57399841768549,-52.34492127501342,423.44440377621896,183397.6364230993,1352.4825504143942
100,3,3,354,raw,34.968112206246715,45.2310143511268,415.7267238217648,176042.15801615125,1167.6044573414554
100,3,3,355,raw,49.07157763413137,76.57377512694399,368.2274744337994,143785.36540802417,2330.349442937925
100,3,3,356,raw,23.220577296081583,31.482673697935013,433.8257664151672,189698.7314983786,502.77714950072107
100,3,3,357,raw,35.53632204428897,-53.89707950533009,662.2416274675585,442675.62736887846,1206.7590387940727
100,3,3,358,raw,41.459921770520594,89.91010488962291,564.0680345496296,327909.9758319895,1653.4012700444694
100,3,3,359,raw,31.624491819876155,130.8474732580444,678.4454367458301,478359.5516143599,950.27971510515
100,3,3,360,raw,14.300702742600176,26.099447887017543,420.6366900126381,177798.732263646,182.32609885067603
100,3,3,361,raw,41.63281168185314,-42.48461897935761,392.6928375115088,157680.0987556429,1667.4912729814876
100,3,3,362,raw,47.87766091058069,-104.21537184376464,561.5838433075475,328453.7621337552,2216.5053411451
100,3,3,363,raw,21.301254164939557,-141.09559469907074,578.4389808152365,354920.0095351778,420.3881651238362
100,3,3,364,raw,48.72792572820455,-13.108634990829987,500.34293559974,252812.1783621972,2297.2888463088207
100,3,3,365,raw,53.65704410019573,18.1896125215204,487.7717027095514,241046.18671506905,2794.0907472109884
100,3,3,366,raw,33.82513082920461,18.703967546829592,494.99691148287656,246462.5797756532,1090.798996073657
100,3,3,367,raw,46.59541999147312,20.033061130960867,319.1841009652975,104377.22809882557,2097.4142515234976
100,3,3,368,raw,36.02351168779918,-51.5018482388144,464.6702772870468,219811.75177252493,1240.8448064901786
100,3,3,369,raw,35.25976139363975,-30.2438493737906,431.8076724812715,188560.1773934792,1187.6209548416198
100,3,3,370,raw,28.57774087057853,-14.414417506148386,445.3821701699202,199344.7733539012,771.7204165917827
100,3,3,371,raw,30.35884198412581,-14.23260167504914,353.23613463964097,125852.18396937868,873.8502037835118
100,3,3,372,raw,52.01054695644808,-5.462488534578854,524.351995489469,277597.59074442886,2622.736789650334
100,3,3,373,raw,39.92608627502735,-21.952465303046605,546.0516206573869,300185.29932482936,1531.0161693890395
100,3,3,374,raw,30.352716822540565,-22.205808853668778,304.7574072812113,94243.66334963124,873.4881100194514
100,3,3,375,raw,24.401151830661306,-0.3030608077469462,423.1306162003496,179596.72443775318,557.1142258123706
100,3,3,376,raw,37.923023481100365,13.06189057820343,299.94910223841794,91518.35285896124,1378.2759398513883
100,3,3,377,raw,24.61323609461972,-34.555499876337336,283.3448069571098,82045.53316994465,567.1709686792728
100,3,3,378,raw,75.01656175704623,-80.31038098817476,585.3097695273327,354545.6956433655,5508.412044760175
100,3,3,379,raw,30.510156827690544,62.69354379265779,213.88203476307515,50558.82435093686,882.8191232616625
100,3,3,380,raw,40.27031776008718,-115.5414188754262,527.6070162241398,293277.05602735834,1558.0729826719628
100,3,3,381,raw,36.87558990922589,10.48282379601309,410.2835911859535,169744.11561438852,1301.6008232076315
100,3,3,382,raw,19.01479001606456,29.33138257568284,346.4827156531532,121242.45789455084,331.8556443659432
100,3,3,383,raw,55.02943902594388,5.699421753781654,367.6355844874057,138129.46788942945,2941.0614997055563
100,3,3,384,raw,31.447196999596244,-72.36536170711025,546.0962054364115,304397.19152001914,939.3803529707744
100,3,3,385,raw,36.88772108908959,-103.50319028264646,650.4121681110013,435051.3751261775,1302.4763006384587
100,3,3,386,raw,56.00209725096711,-46.21995115071473,455.7055052793995,212851.29652506817,3047.5050987408918
100,3,3,387,raw,32.89378697292754,34.670369266446336,633.5552626584052,403624.4522988813,1030.1469516486309
100,3,3,388,raw,32.83054051540144,53.7910037593957,457.7625460442859,213466.11169389595,1026.0910475056796
100,3,3,389,raw,46.360533541083576,61.9299768387427,416.1662961323608,179105.6630498752,2075.954982100275
100,3,3,390,raw,22.722482237729665,42.483819875856376,707.5164063140323,502865.0281380623,480.687983295104
100,3,3,391,raw,50.072161978900205,-68.45296797468413,426.2372659598881,188791.97013257915,2427.954415075618
100,3,3,392,raw,27.442358424141776,-71.54598012944565,535.2718642296302,292344.72389600094,709.9279874541503
100,3,3,393,raw,41.398838840845606,-41.42935724403113,332.1500775147783,113688.50312317688,1648.437488450121
100,3,3,394,raw,34.11008931812975,22.09524760769521,585.0106884235503,343835.40852243564,1109.7029857940722
100,3,3,395,raw,37.47846306895132,21.103658557139774,308.3724054277,96884.36967345457,1345.4648396924424
100,3,3,396,raw,60.75466857424302,-47.12170648736219,663.5713027718435,446142.145033837,3594.815949234313
100,3,3,397,raw,41.83800201504211,3.699457016331158,592.7365065568897,353034.54342813924,1684.2912406577527
100,3,3,398,raw,46.16461323170358,-31.796755774017623,459.5355867233659,214242.12921323985,2058.140070299125
100,3,3,399,raw,34.44138114955313,37.1821123161243,338.05129263946947,116793.07079422237,1131.8848627172508
100,3,3,400,raw,33.36662735872648,46.76284266662636,475.8964264054926,229724.89512721935,1060.7230074373017
100,3,3,401,raw,35.95027273718315,2.1320409476213587,347.48006861635264,121982.6340787304,1235.6903945029203
100,3,3,402,raw,43.02010946083678,10.53966356144469,419.7355060374252,178071.69581199088,1782.716275509044
100,3,3,403,raw,32.066337390899065,56.19887415495609,552.6145574969511,309518.87875622354,977.716142387951
100,3,3,404,raw,54.30670817856192,45.56000149731796,471.7264974261489,227464.79631533456,2863.194204956449
100,3,3,405,raw,42.14229805127358,72.47460835488872,558.6069756695397,319003.6826497353,1709.3605268710169
100,3,3,406,raw,36.341680278007786,14.819866097634035,582.8616418885907,341210.683430202,1263.361413986395
100,3,3,407,raw,52.51432461346124,16.25998516566068,442.5191184532732,198762.1474859697,2674.590171720208
100,3,3,408,raw,38.100650687090464,2.6345589482682548,313.70213543100016,99807.46703549396,1391.4963606725096
100,3,3,409,raw,36.51631937443057,-33.02819134632273,445.720655923309,201033.5711258495,1275.806585535372
100,3,3,410,raw,38.91969100651914,-8.148886542696362,416.87001205854153,175300.28343225902,1453.272126684655
100,3,3,411,raw,48.45238853795037,-4.552338319942924,484.69098352714695,237217.0250460002,2270.9517493079675
100,3,3,412,raw,19.99442135312035,-6.90020262454644,472.2515329202304,223437.63016658608,368.50702481879887
100,3,3,413,raw,44.135967190251016,-89.15168354653133,536.8766544198062,298062.7541461817,1878.189405996876
100,3,3,414,raw,31.11887817239549,28.367307634500403,516.2604948801843,268248.9653699574,919.3626535942408
100,3,3,415,raw,46.59994609062557,-64.61212930498148,535.0615104023594,292563.37600775954,2097.828840381665
100,3,3,416,raw,30.02313343183012,-11.83374005737815,654.3290696174856,429140.6839218034,854.1151715734796
100,3,3,417,raw,34.43428797554013,-23.69813734551302,270.454938668694,74838.88319861276,1131.4076346789489
100,3,3,418,raw,42.41369348400687,-4.746908835469144,543.2574033680568,296883.01501002844,1731.8755523326265
100,3,3,419,raw,19.462783507487856,-4.369667049915273,618.8162614707416,383301.0379034422,348.3784526899624
100,3,3,420,raw,39.01923361559992,37.54560042336892,615.5364304310089,381755.64082246815,1460.871523568636
100,3,3,421,raw,24.51413677540784,-47.49476445924977,469.613320579667,223354.88413600752,562.4606191067554
100,3,3,422,raw,37.49982030829066,69.36185601882713,474.08464333454776,230914.34820363455,1347.0320876127223
100,3,3,423,raw,38.78933998956283,71.58926048938686,470.891649912757,228307.31886057125,1443.3506855954554
100,3,3,424,raw,42.13757658844187,61.07452201314035,494.32628849974526,249797.546878007,1708.9701369400398
100,3,3,425,raw,53.76611814098283,49.773597759723145,623.7859623541941,394391.9716326993,2805.633768604505
100,3,3,426,raw,39.23741214359814,7.353562086198066,504.7644717617953,256318.8441091083,1477.597280788479
100,3,3,427,raw,49.28501945205373,-123.05397436160352,475.6622324244272,243747.8422111384,2351.0022499623565
100,3,3,428,raw,49.51206553407096,-154.38765034258557,670.9396015317487,476368.5669097825,2373.0714278963155
100,3,3,429,raw,58.20097209858469,-49.69169473483349,591.3503056556237,355459.56298348977,3295.114458870244
100,3,3,430,raw,24.473234877300627,-20.9328783304172,523.9332496724838,275504.7577201743,560.5222126088905
100,3,3,431,raw,24.943988645109187,68.35809093392882,385.6029826478392,153945.52316549118,583.0343424501543
100,3,3,432,raw,31.952539982947364,51.48619524978654,510.93520336965287,264676.2228981602,970.6125544725576
100,3,3,433,raw,31.15971169610939,15.373915045283637,307.2590978640671,95566.35103105418,921.8405469942356
100,3,3,434,raw,33.380593937237045,-5.685334954179846,501.1945955764911,252289.97861893292,1061.632950309172
100,3,3,435,raw,52.59903049198163,-11.03018930888281,329.89056325906824,111632.8075233584,2683.3587197832785
100,3,3,436,raw,48.50316776154134,-11.107666397726677,510.3168497292936,262822.4614156962,2275.794045262661
100,3,3,437,raw,48.14809398717865,-129.95754286558045,364.00561878288175,151631.09578588945,2242.0423327216463
100,3,3,438,raw,31.5663927225704,23.26936810228549,384.8873297014517,149626.42115109437,946.7010945007552
100,3,3,439,raw,53.92186663687326,-82.84258563754986,613.0434996831474,385507.3839704945,2822.1574716186487
100,3,3,440,raw,31.68429380659526,39.26487657620638,416.12992710769714,175659.81704330063,953.9702760985698
100,3,3,441,raw,26.47744814546168,21.77389131991789,308.11900701842154,96070.86481512824,659.4399858985349
100,3,3,442,raw,61.62249000170532,-9.927643304747216,487.23765328674347,241198.72150900055,3699.63262704146
100,3,3,443,raw,37.243366987000414,43.05053586707461,321.39802608451265,106478.31299874166,1328.2731892782745
100,3,3,444,raw,62.72563379658831,-43.151125081082895,521.6963821942365,277864.1809157285,3835.046125410324
100,3,3,445,raw,28.07670500572806,-12.204809541259264,154.32847897922028,24710.370844844525,744.1340448664686
100,3,3,446,raw,30.685959177837518,-101.0452244684992,581.934034579315,349750.6549939622,893.2970043134308
100,3,3,447,raw,23.930504450958445,35.44602209628696,373.3960160706063,141216.12340283333,535.1181029824214
100,3,3,448,raw,12.711677749083885,-48.65482429891984,558.357744276575,314272.600989317,141.93846813313118
100,3,3,449,raw,40.40790104434483,-11.18235069760491,654.4875005852755,430047.8867953117,1568.9534058264665
100,3,3,450,raw,53.148017414915714,21.300931632161262,465.54262102938463,219924.1980931505,2740.5364098432656
100,3,3,451,raw,39.34254149352293,-15.214767915509464,420.86026445177504,178840.5419352019,1485.690578061085
100,3,3,452,raw,38.80566997062228,-22.26500795252668,270.06299670590954,74874.34452066105,1444.591751758882
100,3,3,453,raw,21.54919643363753,-48.80447069319877,514.2946915064739,267311.523015826,430.6169444436488
100,3,3,454,raw,29.298899447022023,65.78432585275527,639.3263307254366,413878.0425362962,812.307849544486
100,3,3,455,raw,35.829716415158984,12.110845772227496,263.89760722946613,71015.84892982813,1227.22924307188
100,3,3,456,raw,32.46730042197259,13.10171416385718,280.1332391459909,79649.23848944408,1002.9519009877084
100,3,3,457,raw,42.75775431945225,67.85330267655945,548.7370727207633,307477.0763324318,1760.6306701628196
100,3,3,458,raw,38.94713213319621,3.567890205228137,466.8063769741315,219376.2885145713,1455.36509033976
100,3,3,459,raw,24.305172429284355,79.18928060081427,637.65249813847,413424.2431272378,552.5925829316569
100,3,3,460,raw,44.85468288895153,-5.878872974823755,681.3752774532862,466247.831350924,1941.0014789271631
100,3,3,461,raw,41.80093323009714,115.78439816259696,651.9162296503354,440082.0473395601,1681.250000176515
100,3,3,462,raw,25.340269580936464,39.1678569671329,383.0331044690066,148850.8088010392,602.328662476478
100,3,3,463,raw,33.79655585187335,-77.44464649999111,579.7385395123721,343183.359774423,1088.9123069761197
100,3,3,464,raw,43.50726001067756,-28.98453335070274,373.69227578040375,142310.11090281367,1824.09075131836
100,3,3,465,raw,34.40047198586969,94.53714413940168,350.2463386879863,132738.9032680329,1129.1338816592595
100,3,3,466,raw,31.964882665918783,-31.879432482530618,394.1267209117796,157323.5521229643,971.3817708842992
100,3,3,467,raw,34.37838736198533,-8.132413529019244,692.0742788237891,480160.5937276549,1127.6501683802237
100,3,3,468,raw,28.1559084281652,52.05532459925885,430.63724439712695,188906.6545510122,748.461469927167
100,3,3,469,raw,24.827112519418435,-3.3471741354857967,249.08279823291917,62630.84774652149,577.4037962871121
100,3,3,470,raw,43.717383567346815,-32.3023630923757,547.9562917246737,303141.62369698024,1842.0833949727275
100,3,3,471,raw,52.59588723829222,23.29410344592671,551.662181068411,307556.8103578829,2683.033081377195
100,3,3,472,raw,31.73152223354612,-10.90393524563531,523.5726144862723,275204.0683835002,956.8899396685604
100,3,3,473,raw,62.30427647085004,38.243634628460605,548.2982699484066,305876.60466380336,3783.036245792317
100,3,3,474,raw,36.82451170208525,105.35689554861692,855.5804414587612,744415.8851095879,1297.9178631769848
100,3,3,475,raw,33.257959034601114,-41.01756410923441,415.7824492533162,175611.14210738614,1053.6564348445288
100,3,3,476,raw,22.862040443227823,-105.70858802031697,661.2187650537549,448871.3878152657,486.8269748039479
100,3,3,477,raw,41.02506664575308,-25.32885935984315,439.9156608913573,195785.5659924461,1618.2261784957395
100,3,3,478,raw,26.822531178569697,-30.894934518208927,551.8000578902012,306115.08309809346,677.2822315796425
100,3,3,479,raw,35.36565748279422,-149.5912479054987,824.938552187373,704096.0872597097,1194.930924786359
100,3,3,480,raw,38.878683726613374,-5.602995544894604,453.4188908345032,207070.23138977395,1450.1472651067943
100,3,3,481,raw,48.91749239128285,34.98258046881858,511.6575086833933,265332.6837861132,2315.496657759191
100,3,3,482,raw,24.734109863773863,47.354124808897566,473.10517594659024,226643.86352562532,572.9428817545889
100,3,3,483,raw,51.31709062238696,26.150537235013857,293.4376319845134,89341.68464345134,2552.190181092795
100,3,3,484,raw,28.240908974460663,6.101539996808192,546.9319449233392,299924.90075692785,753.119588968618
100,3,3,485,raw,44.19227790264623,-54.77590444054148,483.93425236612666,239075.833693948,1883.0733735066196
100,3,3,486,raw,40.83464847190946,67.97933119719339,374.36914118076686,146376.38580291634,1602.9424644736876
100,3,3,487,raw,37.05329013461802,28.06523597856295,426.3892324998911,183909.88949570045,1314.4544333218269
100,3,3,488,raw,32.24057155186257,-10.23272715246258,420.8015554380462,178167.30032927357,988.6425652177552
100,3,3,489,raw,30.044885105382345,-80.58757622775921,475.8186468334144,233753.12915750107,855.3870408546323
100,3,3,490,raw,43.34985002036026,-18.477631975623595,568.0332742199605,324813.8932689468,1810.6697644713652
100,3,3,491,raw,27.20112722709865,61.23652268240394,411.47335800911895,173757.36728482845,697.1312232953022
100,3,3,492,raw,23.84924337887063,-27.60714125709288,385.6800328247724,150042.6071114659,531.3651433593103
100,3,3,493,raw,60.386946055566,-34.861659320984856,600.7654056942254,365685.2642193863,3550.856249826663
100,3,3,494,raw,57.648191784214106,-25.168044873502264,394.879815355235,159795.45648913537,3231.9574313962444
100,3,3,495,raw,50.005240109899134,-10.731823069759953,592.9278445561017,354099.9647164805,2421.3638401351755
100,3,3,496,raw,58.80624796301247,-26.728731465032883,724.9938894489244,529695.5350486118,3364.9702246028105
100,3,3,497,raw,45.564976313302616,-27.086689879274328,424.57864142309296,183004.804025272,2004.0925039767312
100,3,3,498,raw,35.831099829655024,-7.705083146485476,489.7855016446583,241176.5320996776,1227.3261720737362
100,3,3,499,raw,34.34067409503249,12.70907194706135,522.211205603944,273991.18249781785,1125.1187297376246
100,3,3,500,raw,28.0998451779918,-2.818652042818232,409.64601727010586,168563.20131814084,745.3970535425354
100,3,3,501,raw,52.71924605956086,-19.176008296862605,644.0503046867153,417864.3420411368,2695.8277798847093
100,3,3,502,raw,44.1273536175832,35.21704766256456,310.3549671880547,99437.88899310832,1877.4428887424845
100,3,3,503,raw,24.52255720824269,144.2847857407249,711.3180914854914,527354.3867630372,562.8600922281795
100,3,3,504,raw,23.15978346297367,-121.07908996701522,816.7174440484137,682187.5839627251,500.0545225109078
100,3,3,505,raw,52.46627003600904,32.690637270135355,386.0675133905975,152786.42471834124,2669.622057614497
100,3,3,506,raw,49.25247382447361,-46.07157126134442,438.6609412796036,196893.858303508,2347.8472207110367
100,3,3,507,raw,46.86783975793664,-33.97935875363443,379.93017832227184,147623.97799316738,2122.4407718659136
100,3,3,508,raw,44.84933804321173,108.50793388906752,460.2031744320041,225501.46402808072,1940.5305539128324
100,3,3,509,raw,39.10353984043649,-4.342422415906787,290.07567179479884,85630.07522604414,1467.3232264021235
100,3,3,510,raw,49.71806374677478,62.41576846499619,442.6941965840873,202267.06377389413,2393.1839315876
100,3,3,511,raw,43.53287579422829,-2.73217283748628,389.54540774482285,153579.36893921514,1826.279475720948
100,3,3,0,recursive_subspace,1.0043589559361588,-0.7201143948103279,0.0,0.5611964174587041,0.0426316758456593
100,3,3,1,recursive_subspace,0.7755842891588096,0.189536584634175,0.0,0.0364214190301864,0.0004973021153986
100,3,3,2,recursive_subspace,1.005047044599401,-0.1000551625736122,0.0,0.0529273302503818,0.0429162946927499
100,3,3,3,recursive_subspace,0.8948601339948965,-0.6103787817054472,0.0,0.3819665189521489,0.0094042617959229
100,3,3,4,recursive_subspace,0.8146833205734225,-0.2553133129775151,0.0,0.0654670861133834,0.0002821983298288
100,3,3,5,recursive_subspace,0.8423604580517448,0.3011181744367062,0.0,0.0926502604121875,0.0019781054360928
100,3,3,6,recursive_subspace,0.809409499012444,0.0601804010371387,0.0,0.0037545048697254,0.0001328242007346
100,3,3,7,recursive_subspace,0.6252012398871217,-0.1765861782742453,0.0,0.0610022076799932,0.0298195293224897
100,3,3,8,recursive_subspace,0.8936694174889303,0.1020833115365486,0.0,0.019595741264638,0.0091747387703699
100,3,3,9,recursive_subspace,0.8745259178843596,-0.074813913590949,0.0,0.011471019282087,0.0058738976152931
100,3,3,10,recursive_subspace,0.8149628145000759,-0.7218553061104297,0.0,0.5213667497091284,0.0002916667493462
100,3,3,11,recursive_subspace,0.8918537214559007,-0.1261774746533903,0.0,0.0247509582637429,0.0088302031538359
100,3,3,12,recursive_subspace,0.6459351082738017,0.0269033228348992,0.0,0.0238124249034409,0.0230886361238821
100,3,3,13,recursive_subspace,0.9142358625411692,0.9624345066634346,0.0,0.9398178050326864,0.0135376254161977
100,3,3,14,recursive_subspace,0.7978886156242517,0.2810468500637978,0.0,0.0789873319472244,1.644157647498565e-11
100,3,3,15,recursive_subspace,0.8564179894027986,-0.6186000721607717,0.0,0.3860922115409755,0.0034261622636634
100,3,3,16,recursive_subspace,0.7490351904996957,0.0591515905336813,0.0,0.0058851716416805,0.0023862609790161
100,3,3,17,recursive_subspace,0.5647587589552775,0.0079376633157819,0.0,0.0544106459859955,0.0543476394870808
100,3,3,18,recursive_subspace,0.9013562071272132,-0.1598878288296961,0.0,0.036270499400945,0.0107063815930708
100,3,3,19,recursive_subspace,0.9579408396515176,0.1321957679054461,0.0,0.043093733450988,0.0256180123988774
100,3,3,20,recursive_subspace,0.7371636239655055,-0.3226539772589505,0.0,0.107792621211426,0.0036870321704066
100,3,3,21,recursive_subspace,0.9245919863794388,-0.4900347154939906,0.0,0.2561887940855192,0.0160547716962428
100,3,3,22,recursive_subspace,0.6713943414778925,-0.2736086707306772,0.0,0.0908614802838879,0.0159997755848797
100,3,3,23,recursive_subspace,0.781586747545876,0.2522071464432976,0.0,0.0638740634340306,0.0002656187169597
100,3,3,24,recursive_subspace,0.8624849600221373,-0.1751813056042661,0.0,0.0348617014125045,0.0041732115792892
100,3,3,25,recursive_subspace,0.6962437189690526,0.3298096127582388,0.0,0.1191052413964255,0.0103308607286861
100,3,3,26,recursive_subspace,0.8355527298387208,0.1778715837420856,0.0,0.0330571912614315,0.0014188909585137
100,3,3,27,recursive_subspace,0.7072500965564539,-0.1257861116183203,0.0,0.0240367519852906,0.008214606109234
100,3,3,28,recursive_subspace,0.8416214315638707,-0.0723927760414216,0.0,0.0071536278869483,0.0019129138639648
100,3,3,29,recursive_subspace,0.699561343215734,-0.417799314165296,0.0,0.184223722033678,0.0096674551166863
100,3,3,30,recursive_subspace,1.1300634162487615,-0.6082861690800482,0.0,0.4803548554994266,0.1103427920053456
100,3,3,31,recursive_subspace,0.9268082476881426,-0.2080796962317838,0.0,0.0599184770240044,0.016621317040093
100,3,3,32,recursive_subspace,0.8103792343891209,-0.5375725125613927,0.0,0.2891403231295958,0.000156116868027
100,3,3,33,recursive_subspace,0.7220584239120056,-0.6316125462793309,0.0,0.4046840116532514,0.0057496030357914
100,3,3,34,recursive_subspace,0.7958457011324147,-0.4484283427736231,0.0,0.2010921355514538,4.1569487557903325e-06
100,3,3,35,recursive_subspace,0.6998172550429534,-0.6928630237491099,0.0,0.4896763661377677,0.009617196459008
100,3,3,36,recursive_subspace,0.8108460784121958,0.0698263379619882,0.0,0.0050437184119187,0.0001680009387369
100,3,3,37,recursive_subspace,0.8516671449041567,0.6778326485356244,0.0,0.4623496657734318,0.0028925663526124
100,3,3,38,recursive_subspace,0.7501699465184318,-0.226165504769029,0.0,0.0534275199637419,0.0022766844163122
100,3,3,39,recursive_subspace,0.7445889342365897,0.0460231639080934,0.0,0.0049585554272031,0.0028404238110919
100,3,3,40,recursive_subspace,0.6255752868503889,-0.2065522046997463,0.0,0.0723542991563555,0.0296904858900296
100,3,3,41,recursive_subspace,0.8555820746599425,0.1418630395254123,0.0,0.0234541250886763,0.0033290031052876
100,3,3,42,recursive_subspace,0.8315127795285532,-0.5412476007192508,0.0,0.2940798223790082,0.0011308570946626
100,3,3,43,recursive_subspace,0.7570479832048153,-0.15386825536058,0.0,0.0253430660776302,0.0016676260699215
100,3,3,44,recursive_subspace,0.9633033269126782,0.1368580731210266,0.0,0.0460935003596932,0.0273633681812929
100,3,3,45,recursive_subspace,0.8342113374182022,-0.2735048329670564,0.0,0.076124528355598,0.0013196346992605
100,3,3,46,recursive_subspace,0.6496652593391,-0.5398477398822562,0.0,0.3134045435823867,0.0219689613264065
100,3,3,47,recursive_subspace,0.7811985776983145,0.5533164782615592,0.0,0.3064375471479398,0.0002784220321653
100,3,3,48,recursive_subspace,0.6522164738358952,-0.188652089537789,0.0,0.0568088024475907,0.0212191915606167
100,3,3,49,recursive_subspace,0.9594264567607902,0.2667253561451598,0.0,0.0972381997604433,0.0260957841496809
100,3,3,50,recursive_subspace,0.7597150318744205,-0.0378742912914717,0.0,0.0028913748794506,0.0014569129386193
100,3,3,51,recursive_subspace,0.8563512764129013,-0.2163697810166512,0.0,0.0502342389714184,0.0034183568342248
100,3,3,52,recursive_subspace,0.8376935771256832,-0.4461524595003416,0.0,0.2006367748987943,0.0015847577805903
100,3,3,53,recursive_subspace,0.7572810729391426,-0.0408194749224752,0.0,0.003314872759646,0.0016486432266994
100,3,3,54,recursive_subspace,0.808597368123708,-0.3231267610646835,0.0,0.1045256679568465,0.0001147642406934
100,3,3,55,recursive_subspace,0.6692998265019491,-0.2827608448850623,0.0,0.0964877292953515,0.0165340338952372
100,3,3,56,recursive_subspace,0.6989692549953703,-0.1603878730583678,0.0,0.0355085075471773,0.0097842377229902
100,3,3,57,recursive_subspace,0.7911512094404346,0.1082766876303393,0.0,0.011769179104768,4.533802056994879e-05
100,3,3,58,recursive_subspace,0.889343131911827,-0.1368673800600521,0.0,0.0270973499537957,0.0083646702292929
100,3,3,59,recursive_subspace,0.8392593832276993,0.3619309401290052,0.0,0.132705881353352,0.0017118759306865
100,3,3,60,recursive_subspace,0.724696682161913,0.2351948271399132,0.0,0.0606730722933364,0.0053564655799627
100,3,3,61,recursive_subspace,0.8720306429316363,0.2551908717348081,0.0,0.0706200225118177,0.0054976414950464
100,3,3,62,recursive_subspace,0.6175643633310393,0.2743946593834333,0.0,0.1078078027144287,0.0325153736162783
100,3,3,63,recursive_subspace,0.9417387617443564,-0.0382435397514344,0.0,0.0221565994612344,0.0206940311285148
100,3,3,64,recursive_subspace,0.8451282858650417,-0.2089698410859148,0.0,0.045900364041223,0.0022319695577505
100,3,3,65,recursive_subspace,1.104624905116153,-0.6746608156011674,0.0,0.5492568549370667,0.0940896388294342
100,3,3,66,recursive_subspace,0.7700760195353579,0.3303896221261009,0.0,0.1099306173760544,0.0007733149674266
100,3,3,67,recursive_subspace,0.8352175321179728,0.2120447487480199,0.0,0.0463567262188255,0.0013937507472146
100,3,3,68,recursive_subspace,0.781958258751524,0.2572799592937014,0.0,0.0664466245511992,0.0002536470970305
100,3,3,69,recursive_subspace,0.9231161918326296,-0.2084093403764926,0.0,0.0591174145665397,0.0156829614103749
100,3,3,70,recursive_subspace,0.836959186247332,-0.4514342562807762,0.0,0.2053197140974029,0.0015268263536253
100,3,3,71,recursive_subspace,0.9063971093586564,-0.0933567937476517,0.0,0.0204904641329144,0.0117749731940728
100,3,3,72,recursive_subspace,0.7377229495383459,-0.0374125094474658,0.0,0.0050191153330998,0.0036194194699431
100,3,3,73,recursive_subspace,0.8846353182273993,-0.5840948525963324,0.0,0.3486924907432616,0.0075256939137303
100,3,3,74,recursive_subspace,0.7137481527323614,0.0158741500013024,0.0,0.0073309238012702,0.0070789351630063
100,3,3,75,recursive_subspace,1.025089431549057,0.1389897190039843,0.0,0.0709401952796001,0.0516220532907936
100,3,3,76,recursive_subspace,0.8408014762182096,0.8069751301881873,0.0,0.6530507223710097,0.0018418616287678
100,3,3,77,recursive_subspace,0.6510617451484764,0.3293368999373352,0.0,0.130019732857017,0.0215569391966827
100,3,3,78,recursive_subspace,0.7739947522933396,-0.1202155384975975,0.0,0.0150224986468891,0.0005707229506218
100,3,3,79,recursive_subspace,0.9878263645328954,0.1614980349632328,0.0,0.0621595041012028,0.0360778888042172
100,3,3,80,recursive_subspace,0.7045557658847755,-0.1552271581951993,0.0,0.0328057346022203,0.0087102639608628
100,3,3,81,recursive_subspace,0.8649331594978471,0.2154511019534693,0.0,0.0509146919199249,0.0044955145869607
100,3,3,82,recursive_subspace,0.9120095983429996,-0.2368600529631425,0.0,0.0691272088832397,0.013024524193537
100,3,3,83,recursive_subspace,0.6779427031994579,0.0256833248052095,0.0,0.0150456823784059,0.014386049205356
100,3,3,84,recursive_subspace,0.6642617153938879,0.0508871747974765,0.0,0.0204445693740604,0.0178550648151915
100,3,3,85,recursive_subspace,0.9217577705574004,-0.3237231959359203,0.0,0.1201412796818572,0.0153445720948909
100,3,3,86,recursive_subspace,0.7142255799378074,0.3373032195588739,0.0,0.120772287004162,0.0069988250793801
100,3,3,87,recursive_subspace,0.523282161880756,0.1890244404015572,0.0,0.1111367165628991,0.0754064774937772
100,3,3,88,recursive_subspace,0.94415719322691,0.4144304633111461,0.0,0.1931482919165509,0.0213956829962596
100,3,3,89,recursive_subspace,1.037349631719708,0.2896354263235197,0.0,0.1412322003708154,0.0573435201892084
100,3,3,90,recursive_subspace,0.891583444643714,-0.2174136387047175,0.0,0.0560481711278462,0.0087794808330208
100,3,3,91,recursive_subspace,0.7398230102010535,0.2524570802546285,0.0,0.0671057210289786,0.0033711436582867
100,3,3,92,recursive_subspace,0.8471917879597812,-0.0971403271359065,0.0,0.0118674458059746,0.0024312026499036
100,3,3,93,recursive_subspace,0.7291196839026152,-0.1757548641091389,0.0,0.0356183805531284,0.0047286082951065
100,3,3,94,recursive_subspace,0.7666140091505368,0.3138495080650241,0.0,0.0994793611132986,0.0009778474006409
100,3,3,95,recursive_subspace,0.9256341696919366,0.5736457997635706,0.0,0.3453894661576971,0.0163199625713106
100,3,3,96,recursive_subspace,0.6339658062183129,-0.1979010281534163,0.0,0.06603417504873,0.0268693581045507
100,3,3,97,recursive_subspace,0.780936687582273,-0.2648699566064371,0.0,0.0704433243193971,0.0002872304067012
100,3,3,98,recursive_subspace,0.7867974694190173,-0.0132614529932354,0.0,0.0002987897308455,0.0001229235953537
100,3,3,99,recursive_subspace,0.7560334870736646,-0.2228004117414297,0.0,0.0513915358444376,0.001751512372287
100,3,3,100,recursive_subspace,0.9643974052120796,-0.7499148421220885,0.0,0.5900987977882441,0.0277265273532471
100,3,3,101,recursive_subspace,0.7041444700035476,-0.061995773627429,0.0,0.0126306805707277,0.0087872046230643
100,3,3,102,recursive_subspace,1.0234656894260186,0.6302110550987859,0.0,0.4480528195596205,0.0508868455908955
100,3,3,103,recursive_subspace,0.9237862591355036,0.2176769588536066,0.0,0.0632344960587973,0.0158512376430426
100,3,3,104,recursive_subspace,0.8740785572918328,0.2731913291578316,0.0,0.0804390274279834,0.0058055251009607
100,3,3,105,recursive_subspace,0.8378535659195753,0.4016302382758552,0.0,0.1629043696675398,0.0015975213700195
100,3,3,106,recursive_subspace,0.744213653134606,0.1786590560554878,0.0,0.0347996246405727,0.0028805663299348
100,3,3,107,recursive_subspace,0.7945102492353366,0.5100584520835075,0.0,0.2601710105203785,1.138597855475843e-05
100,3,3,108,recursive_subspace,0.6472212880783836,0.0613028301109001,0.0,0.0264574587276574,0.0226994217480515
100,3,3,109,recursive_subspace,0.7588628032678844,0.3678673317727111,0.0,0.1368490713466928,0.0015226975611188
100,3,3,110,recursive_subspace,0.8934435199884391,-0.2949091867991009,0.0,0.0961029431391371,0.0091315146806301
100,3,3,111,recursive_subspace,0.7442252971426442,0.2510040031102392,0.0,0.0658823261539221,0.0028793165765571
100,3,3,112,recursive_subspace,0.7488281532426428,0.0443742114348209,0.0,0.0043756017631768,0.0024065311227146
100,3,3,113,recursive_subspace,0.7685242467411609,-0.5744195109030898,0.0,0.3308198025479468,0.0008620280418019
100,3,3,114,recursive_subspace,0.7596632062973468,0.0344863292391224,0.0,0.0026501788446256,0.0014608719402365
100,3,3,115,recursive_subspace,0.8106603776376773,-0.0850595786027729,0.0,0.0073983534078779,0.0001632214957966
100,3,3,116,recursive_subspace,0.8089715134926547,-0.3286582691926447,0.0,0.1081391784286505,0.0001229205199456
100,3,3,117,recursive_subspace,0.8366817232000839,0.0171611485131801,0.0,0.0017997248283675,0.0015052198100761
100,3,3,118,recursive_subspace,0.8933197485191845,0.6849116358227592,0.0,0.4782118239398569,0.009107875054449
100,3,3,119,recursive_subspace,1.1401918220146026,0.9006255314400021,0.0,0.9283006089598668,0.1171742610782804
100,3,3,120,recursive_subspace,0.5956262308571243,0.235275896802636,0.0,0.0962631796487249,0.0409084320324402
100,3,3,121,recursive_subspace,0.7694942359647697,0.345108165251183,0.0,0.1199056562674504,0.0008060105444125
100,3,3,122,recursive_subspace,0.7046917431565092,0.1000731012579371,0.0,0.0186995268562483,0.008684901260867
100,3,3,123,recursive_subspace,0.6841841294302795,-0.3190827459516627,0.0,0.1147415868583654,0.0129277880943121
100,3,3,124,recursive_subspace,0.6971017640324518,-0.3364395515942018,0.0,0.1233487440017741,0.0101571721248664
100,3,3,125,recursive_subspace,0.7327164300981052,-0.2299215929791694,0.0,0.0571108241776315,0.0042468852595527
100,3,3,126,recursive_subspace,0.6370347247316785,0.0965789763719746,0.0,0.0352001684411861,0.0258726697641276
100,3,3,127,recursive_subspace,0.6510539296280633,-0.1019835311826986,0.0,0.0319598748836832,0.0215592342511907
100,3,3,128,recursive_subspace,0.8293126762999248,-0.1566839715129584,0.0,0.02553759337277,0.0009877264436965
100,3,3,129,recursive_subspace,0.832427722326481,0.1583308908801177,0.0,0.0262619010149383,0.0011932300080465
100,3,3,130,recursive_subspace,0.5619179877960717,0.246392720964236,0.0,0.1163895965207303,0.0556802235765704
100,3,3,131,recursive_subspace,0.7436623470736384,-0.0569889384276442,0.0,0.0061877875648078,0.0029400484616979
100,3,3,132,recursive_subspace,0.9001472683122296,-0.0544618195000646,0.0,0.0134237511304033,0.0104576613471457
100,3,3,133,recursive_subspace,0.7296396894395164,-0.2722850331334804,0.0,0.0787965017359006,0.0046573624674
100,3,3,134,recursive_subspace,0.7263643350861843,-0.4415553488781923,0.0,0.2000862688095071,0.005115142686565
100,3,3,135,recursive_subspace,1.006763747505514,1.0156650891335834,0.0,1.07520608792229,0.0436305146375599
100,3,3,136,recursive_subspace,0.8413590124912446,-0.0477191994536318,0.0,0.0041671499461007,0.0018900279496052
100,3,3,137,recursive_subspace,0.6758169618358646,0.0791222069221618,0.0,0.0211608223458019,0.0149004987175685
100,3,3,138,recursive_subspace,0.7816108422773433,0.2583439697042861,0.0,0.067006440597217,0.0002648339146479
100,3,3,139,recursive_subspace,0.8557282278034077,-0.1235591359465592,0.0,0.0186127498879299,0.0033458898120696
100,3,3,140,recursive_subspace,0.71081921738767,-0.2000510194102014,0.0,0.0476007843910667,0.0075803740240059
100,3,3,141,recursive_subspace,0.6848409692899354,-0.1090733981292681,0.0,0.024675859761608,0.0127788535821421
100,3,3,142,recursive_subspace,0.8122244860000672,0.1398704667626937,0.0,0.0197693809270751,0.0002056334546613
100,3,3,143,recursive_subspace,0.9583349621745156,-0.2105220887310928,0.0,0.0700638811440258,0.0257443313003236
100,3,3,144,recursive_subspace,0.8026524288666045,-0.169087305293863,0.0,0.0286132493774132,2.2732565873223024e-05
100,3,3,145,recursive_subspace,0.7857808660405738,-0.4037676735078062,0.0,0.1631748335968051,0.0001464994268987
100,3,3,146,recursive_subspace,0.6831772871463481,-0.4174315543351827,0.0,0.1874068611843977,0.0131577586297111
100,3,3,147,recursive_subspace,0.842410278090785,0.2391622636915345,0.0,0.0591811278740628,0.0019825395000037
100,3,3,148,recursive_subspace,0.9273058301321232,0.011487018042197,0.0,0.016881816538298,0.0167498649547962
100,3,3,149,recursive_subspace,0.7202301478578887,0.2666531567371639,0.0,0.0771341138477234,0.0060302078498289
100,3,3,150,recursive_subspace,0.9039468817730094,-0.2895579968350206,0.0,0.0950930494606836,0.0112492159295738
100,3,3,151,recursive_subspace,0.9285374964121949,-0.1931883313278626,0.0,0.0543919209445795,0.0170701895833355
100,3,3,152,recursive_subspace,0.8524599303875668,-0.3478094541788538,0.0,0.1239498873814989,0.0029784709653067
100,3,3,153,recursive_subspace,0.7858902353769623,0.3208231889348408,0.0,0.103071382400743,0.0001438638424224
100,3,3,154,recursive_subspace,0.7132042110550253,0.447259669188065,0.0,0.2072119733156338,0.0071707616334165
100,3,3,155,recursive_subspace,0.9728779923172288,0.3455173033143212,0.0,0.1500049079627728,0.0306227010731721
100,3,3,156,recursive_subspace,0.8151499909210558,-0.4516195721781565,0.0,0.2042583330515472,0.0002980950771661
100,3,3,157,recursive_subspace,0.6936245220796061,0.3168880233931826,0.0,0.1112881750446137,0.0108701556745755
100,3,3,158,recursive_subspace,0.7532288960031802,0.1135770368973199,0.0,0.014893871709077,0.0019941283987018
100,3,3,159,recursive_subspace,0.8955525051137664,-0.3253947343601999,0.0,0.1154207604952623,0.0095390273459172
100,3,3,160,recursive_subspace,0.7443703897774853,0.0743614728480246,0.0,0.0083933951446611,0.0028637665005336
100,3,3,161,recursive_subspace,0.7158310498261733,-0.1159797388739039,0.0,0.020184078492861,0.0067327786636021
100,3,3,162,recursive_subspace,0.7046450513474257,-0.302118174870694,0.0,0.0999689977106902,0.008693606123491
100,3,3,163,recursive_subspace,1.0576344872492989,-0.3712031100470795,0.0,0.2052617731975518,0.0674700242889276
100,3,3,164,recursive_subspace,0.8412241729729942,0.028417491185097,0.0,0.0026858757883122,0.0018783219830571
100,3,3,165,recursive_subspace,0.9022090569303564,0.3384474586461565,0.0,0.1254302827562967,0.0108836004922548
100,3,3,166,recursive_subspace,0.7354359850670322,-0.7652919122958056,0.0,0.5895715356368052,0.003899824611434
100,3,3,167,recursive_subspace,0.6698494810892677,0.1051195857857154,0.0,0.0274431089530277,0.0163929816372673
100,3,3,168,recursive_subspace,0.7687217077926318,-0.1702290647643203,0.0,0.0298284064862316,0.0008504719956964
100,3,3,169,recursive_subspace,0.5352411516191625,0.1018402359925234,0.0,0.0793529940546508,0.0689815603876379
100,3,3,170,recursive_subspace,1.1618928326209053,0.0175925428791239,0.0,0.1328115195169098,0.1325020219519559
100,3,3,171,recursive_subspace,0.8224475980493993,0.0179704044047928,0.0,0.0009262782332464,0.0006033427987746
100,3,3,172,recursive_subspace,0.8664900952315423,0.5186250240994863,0.0,0.2736786349764371,0.0047067193542443
100,3,3,173,recursive_subspace,0.900902930124806,-0.4741563774634229,0.0,0.2354370547069877,0.0106127844177517
100,3,3,174,recursive_subspace,0.89074324641795,-0.1174244441502303,0.0,0.0224112355781516,0.0086227354941611
100,3,3,175,recursive_subspace,0.756744901421306,0.47595671153036,0.0,0.228227262824825,0.0016924715740307
100,3,3,176,recursive_subspace,0.7643138647090206,-0.181048445844857,0.0,0.0339055313790634,0.0011269916362252
100,3,3,177,recursive_subspace,0.8693640836240574,-0.171036460677128,0.0,0.034362793063704,0.0051093221827453
100,3,3,178,recursive_subspace,0.8582801165209766,0.0235036455061136,0.0,0.0042000445025765,0.0036476231504994
100,3,3,179,recursive_subspace,0.7269421102036516,0.2703214155325361,0.0,0.0781064989925359,0.0050328312970218
100,3,3,180,recursive_subspace,0.7679860522568787,-0.0858939874733204,0.0,0.0082716978973413,0.0008939208132744
100,3,3,181,recursive_subspace,0.8129732452915841,-0.453215791216605,0.0,0.2056322218076934,0.0002276683996001
100,3,3,182,recursive_subspace,0.857593095714023,0.5225067300727153,0.0,0.2765783921125183,0.0035651091412369
100,3,3,183,recursive_subspace,0.7652864692601397,-0.0035436584310939,0.0,0.0010751930873041,0.0010626355722279
100,3,3,184,recursive_subspace,0.5684359450974292,0.1898641447761866,0.0,0.0886950607207336,0.0526466672491409
100,3,3,185,recursive_subspace,0.9445237941177402,-0.27207737974098,0.0,0.0955291653138917,0.0215030647471742
100,3,3,186,recursive_subspace,0.8042934663638304,0.0412041933859448,0.0,0.0017388596230757,4.1074070489367605e-05
100,3,3,187,recursive_subspace,0.6590768750854487,0.3100640837475241,0.0,0.1154073096444167,0.0192675736142251
100,3,3,188,recursive_subspace,0.8343573330347532,-0.5728359833994014,0.0,0.3294713269914385,0.0013302631142791
100,3,3,189,recursive_subspace,0.6948246134945509,0.0414386473234028,0.0,0.0123385142311859,0.0106213527391925
100,3,3,190,recursive_subspace,0.8719078243913875,-0.141432323088617,0.0,0.0254825455665387,0.0054794435522958
100,3,3,191,recursive_subspace,0.7721802087239082,-0.5880202939175398,0.0,0.3464285797746689,0.0006607137157989
100,3,3,192,recursive_subspace,0.6920069948090328,-0.2585132906123863,0.0,0.0780391804040224,0.0112100589807783
100,3,3,193,recursive_subspace,0.8246491444365177,0.174979119271849,0.0,0.0313340351182347,0.0007163429370827
100,3,3,194,recursive_subspace,0.7718265427460261,-0.0944313487475667,0.0,0.0095962999313351,0.0006790203050505
100,3,3,195,recursive_subspace,0.8812679031364675,-0.2104844479623251,0.0,0.0512564846127274,0.0069527817787226
100,3,3,196,recursive_subspace,0.8607723556452441,0.6415190361947557,0.0,0.4155015485403854,0.0039548747401371
100,3,3,197,recursive_subspace,0.648702071740007,0.3626290971269572,0.0,0.153755277126102,0.0222554150429898
100,3,3,198,recursive_subspace,0.6774207009861276,0.1279815583548365,0.0,0.030890820800879,0.0145115415219466
100,3,3,199,recursive_subspace,0.8820014385620797,-0.056616981055451,0.0,0.0102811316677918,0.0070756491239585
100,3,3,200,recursive_subspace,1.0748351654455686,0.7320530397956163,0.0,0.6126032904859611,0.0767016374119588
100,3,3,201,recursive_subspace,0.7165544735171053,-0.3821650874407016,0.0,0.1526647371564684,0.0066145830979093
100,3,3,202,recursive_subspace,0.6969363690481772,0.1652683305941648,0.0,0.0375041585159234,0.0101905374185412
100,3,3,203,recursive_subspace,1.2935169012361398,0.3259288562107362,0.0,0.351881036194204,0.2456514168833652
100,3,3,204,recursive_subspace,0.781681243366471,0.2100724826406205,0.0,0.0443929954587383,0.0002625474959445
100,3,3,205,recursive_subspace,0.8125101677090463,0.7111875733654581,0.0,0.506001672886823,0.0002139083773741
100,3,3,206,recursive_subspace,0.6669850604034622,0.4620202190628937,0.0,0.2305973620277376,0.0171346792048133
100,3,3,207,recursive_subspace,0.6491550027700899,0.4385476490594364,0.0,0.2144445219281833,0.0221204814326247
100,3,3,208,recursive_subspace,0.7093691782728148,-0.004202980851985,0.0,0.0078526379924833,0.0078349729444411
100,3,3,209,recursive_subspace,0.8617226035572726,-0.3490199062778708,0.0,0.1258901906809272,0.0040752957027135
100,3,3,210,recursive_subspace,0.7705242122290795,0.0672060106634021,0.0,0.0052652365433683,0.000748588674079
100,3,3,211,recursive_subspace,0.8842664327578916,0.5443443372760215,0.0,0.3037725853269256,0.0074618278024545
100,3,3,212,recursive_subspace,0.7716756533925071,-0.2173774941131951,0.0,0.0479398817745769,0.0006869068276447
100,3,3,213,recursive_subspace,0.7814083366950345,-0.392404459971915,0.0,0.1542527261667017,0.0002714659608514
100,3,3,214,recursive_subspace,0.6850197298097176,-0.0632765762495096,0.0,0.0167423951769718,0.0127384700751118
100,3,3,215,recursive_subspace,0.8810360673448019,-0.3407401116166684,0.0,0.1230179967047333,0.0069141730401937
100,3,3,216,recursive_subspace,0.8457745451585587,-0.4054418220341478,0.0,0.1666765216559581,0.0022934506015885
100,3,3,217,recursive_subspace,0.8788585492200818,0.1353301438846066,0.0,0.0248710346440198,0.0065567868001914
100,3,3,218,recursive_subspace,0.7166643452120519,0.2079792163722663,0.0,0.0498520778634401,0.0065967234206182
100,3,3,219,recursive_subspace,0.8754442134189353,0.3219935896908666,0.0,0.1096953715159356,0.0060154997139254
100,3,3,220,recursive_subspace,1.0537905946704893,-0.2618790795330195,0.0,0.134068550466919,0.0654878981698574
100,3,3,221,recursive_subspace,0.8536972729018649,-0.3380362713014967,0.0,0.1173835795472649,0.0031150588318458
100,3,3,222,recursive_subspace,0.7264224680014316,0.2732185266567945,0.0,0.0797551940160702,0.0051068307075607
100,3,3,223,recursive_subspace,0.8447643308165967,-0.1641077588315056,0.0,0.0291290693452399,0.0021977128365403
100,3,3,224,recursive_subspace,0.680752644494489,-0.0411289282105397,0.0,0.0154114745538202,0.0137198858180724
100,3,3,225,recursive_subspace,0.8499547986423872,-0.6291343043654939,0.0,0.3985212825981182,0.0027113096686643
100,3,3,226,recursive_subspace,0.7481608367164064,-0.0807104237424123,0.0,0.008986621237706,0.0024724487370263
100,3,3,227,recursive_subspace,0.6553353201787441,0.2961499942577157,0.0,0.1080251051013586,0.0203202860025136
100,3,3,228,recursive_subspace,0.6117744145263018,-0.0329240725964842,0.0,0.0357209811034224,0.0346369865470839
100,3,3,229,recursive_subspace,0.8298449772091303,-0.2026935672104908,0.0,0.0421061504053756,0.0010214682168618
100,3,3,230,recursive_subspace,0.7611377124434613,-0.0708713404601787,0.0,0.0063730777629716,0.001350330864349
100,3,3,231,recursive_subspace,0.9443050863515458,0.503292441000098,0.0,0.2747422514697888,0.0214389703019517
100,3,3,232,recursive_subspace,0.8242027088273355,0.0174722301995082,0.0,0.0009979237435825,0.0006926449154379
100,3,3,233,recursive_subspace,0.7468948286104788,0.1067547815012338,0.0,0.0139965361624274,0.0025999527890513
100,3,3,234,recursive_subspace,1.1145630075334123,-0.4448984094618821,0.0,0.2982198333653844,0.1002852386236718
100,3,3,235,recursive_subspace,0.9483790479103844,0.4177760049616741,0.0,0.1971853809714919,0.0226485906497552
100,3,3,236,recursive_subspace,0.9226611654176332,-0.2974075956908323,0.0,0.1040204790337916,0.01556920105919
100,3,3,237,recursive_subspace,0.8248745270523467,0.0821197329300269,0.0,0.007472108814647,0.0007284582781481
100,3,3,238,recursive_subspace,0.7738947966626536,-0.1077342787086622,0.0,0.0121821835923787,0.0005755087835029
100,3,3,239,recursive_subspace,0.8867009417705661,-0.2542107033343367,0.0,0.0725114312179379,0.0078883495281997
100,3,3,240,recursive_subspace,0.8199269875358075,-0.4344453599419705,0.0,0.1892286393513854,0.0004858685762771
100,3,3,241,recursive_subspace,0.6975246665937836,0.5614845621891876,0.0,0.3253370219424418,0.010072108365658
100,3,3,242,recursive_subspace,0.5994723684726722,0.0042727067992462,0.0,0.0393856540886659,0.0393673980652736
100,3,3,243,recursive_subspace,0.7472584913825133,-0.0867530651988339,0.0,0.0100890932263474,0.0025629989049543
100,3,3,244,recursive_subspace,0.6956821099997839,-0.2051648199780574,0.0,0.052537944306785,0.0104453409501563
100,3,3,245,recursive_subspace,0.882106255778775,0.5348479130110635,0.0,0.2931555839569053,0.0070932939046151
100,3,3,246,recursive_subspace,0.706254284876968,-0.1949719175980094,0.0,0.0464101561181011,0.0083961074662561
100,3,3,247,recursive_subspace,0.7925563147852507,0.6600591738391203,0.0,0.4357065031748062,2.8390205624227166e-05
100,3,3,248,recursive_subspace,0.8285388060491142,0.4491404928498281,0.0,0.2026668650690036,0.0009396827516171
100,3,3,249,recursive_subspace,0.7295622088877287,0.1614315575906345,0.0,0.0307280915573541,0.0046679437712157
100,3,3,250,recursive_subspace,0.6786832391277215,0.4091057115808368,0.0,0.1815764383371639,0.0142089550891011
100,3,3,251,recursive_subspace,0.9701568324348492,0.4095731937702733,0.0,0.1974279366284258,0.029677735573244
100,3,3,252,recursive_subspace,0.9748838831589028,0.1447630057307292,0.0,0.0522850879426915,0.0313287601144964
100,3,3,253,recursive_subspace,1.1368018980316763,0.2850501039129452,0.0,0.1961185232150485,0.1148649614742676
100,3,3,254,recursive_subspace,0.8927881816732897,-0.2596529744871806,0.0,0.0764263644143577,0.0090066972543172
100,3,3,255,recursive_subspace,0.91907396931491,0.5216099972105259,0.0,0.2867638619254641,0.0146868727354992
100,3,3,256,recursive_subspace,0.8774208964559924,-0.4504425660832683,0.0,0.2092245340288064,0.0063260286891268
100,3,3,257,recursive_subspace,0.8898469895986422,0.2431524647192569,0.0,0.0675802094090678,0.0084570883100183
100,3,3,258,recursive_subspace,0.9110147905686762,0.4152663342951931,0.0,0.1852445772858322,0.0127984488868651
100,3,3,259,recursive_subspace,0.8016809173988522,-0.0444267128672045,0.0,0.0019881451395889,1.4412323403892184e-05
100,3,3,260,recursive_subspace,0.743691831692272,0.0834087993931655,0.0,0.0098938797046634,0.0029368518884541
100,3,3,261,recursive_subspace,0.752366492066828,-0.4545674272890017,0.0,0.2087034405336004,0.0020718945814586
100,3,3,262,recursive_subspace,0.8100294826301473,0.2749977433330679,0.0,0.0757712579644706,0.0001474991261907
100,3,3,263,recursive_subspace,0.643603037500115,0.3945885943695514,0.0,0.1795029472391554,0.0238027884326171
100,3,3,264,recursive_subspace,0.8625925446532183,-0.2606308065843723,0.0,0.072115540514798,0.0041871231739775
100,3,3,265,recursive_subspace,0.6337601171568207,-0.0975392551930308,0.0,0.0364507393057349,0.0269368330021237
100,3,3,266,recursive_subspace,0.8741373171630239,-0.2284723422321002,0.0,0.0580140940175436,0.0058144828525216
100,3,3,267,recursive_subspace,0.6856657860829166,-0.4223612554184871,0.0,0.1909820834783271,0.0125930533996466
100,3,3,268,recursive_subspace,0.9937433115444544,0.5949439280717148,0.0,0.3923189277914576,0.0383606502420558
100,3,3,269,recursive_subspace,1.0022217551950612,-0.8958048231363679,0.0,0.8442199701664533,0.041753689012074
100,3,3,270,recursive_subspace,0.794948330588997,0.5812346765101255,0.0,0.337842370625699,8.621447868833385e-06
100,3,3,271,recursive_subspace,0.7732725629950586,-0.4361605749120785,0.0,0.1908417975437263,0.0006057504360914
100,3,3,272,recursive_subspace,0.7236429235411634,-0.1033656765598817,0.0,0.0161962837939802,0.0055118207032981
100,3,3,273,recursive_subspace,0.7809335146594558,0.0937633146125344,0.0,0.0090788971324851,0.000287337965356
100,3,3,274,recursive_subspace,0.9606646969486332,0.3373050599037942,0.0,0.1402720761603369,0.0264973727236347
100,3,3,275,recursive_subspace,0.7172973078304447,0.0775591036444706,0.0,0.0125097198997746,0.0064943053416409
100,3,3,276,recursive_subspace,0.7957406117277566,0.0806690879039389,0.0,0.00651209826089,4.596517636660059e-06
100,3,3,277,recursive_subspace,0.9894580831892478,0.598940535038944,0.0,0.3954301789922622,0.0367004144795257
100,3,3,278,recursive_subspace,0.825490347357871,0.0756902265917911,0.0,0.0064910898528372,0.0007620794513205
100,3,3,279,recursive_subspace,0.6653221560362633,0.0117714945926332,0.0,0.0177113592424488,0.0175727911575044
100,3,3,280,recursive_subspace,0.5996073886278249,-0.0433112620683166,0.0,0.041189702427681,0.0393138370057306
100,3,3,281,recursive_subspace,0.6028423831970113,-0.0015557665739762,0.0,0.0380438714548662,0.0380414510452335
100,3,3,282,recursive_subspace,0.7230019251715883,0.3183711715699642,0.0,0.1069676120059181,0.0056074091190866
100,3,3,283,recursive_subspace,0.6969169307171191,0.5124481822622936,0.0,0.272797601829061,0.010194462325132
100,3,3,284,recursive_subspace,0.9243215314867628,0.7975034240138451,0.0,0.6519980188695276,0.0159863075557207
100,3,3,285,recursive_subspace,0.9420144899793464,-0.2244989671868225,0.0,0.0711732227523674,0.0207734364844174
100,3,3,286,recursive_subspace,0.7819741217702828,0.2352186274146012,0.0,0.0555809447530185,0.0002531420702095
100,3,3,287,recursive_subspace,0.8214249379033817,0.1098141593946998,0.0,0.012613298957599,0.0005541493540345
100,3,3,288,recursive_subspace,0.8377266779929509,-0.193661205290085,0.0,0.0390920567365969,0.0015873943021885
100,3,3,289,recursive_subspace,0.8710268800085584,-0.2520399959344633,0.0,0.0688739584094317,0.0053497988587874
100,3,3,290,recursive_subspace,0.791262437481136,-0.1546323449854111,0.0,0.0239550146329753,4.385251728819243e-05
100,3,3,291,recursive_subspace,0.8667332306512388,-0.2406450838412086,0.0,0.0626501957168326,0.0047401393398903
100,3,3,292,recursive_subspace,0.985626200527656,-0.4707031612487103,0.0,0.2568083892960825,0.035246923286553
100,3,3,293,recursive_subspace,0.8713334659332453,-0.2747257730816672,0.0,0.0808689920601712,0.0053947416648515
100,3,3,294,recursive_subspace,0.8075880089969771,0.0207279031020771,0.0,0.0005238028738649,9.41569068558102e-05
100,3,3,295,recursive_subspace,0.6921626166816964,-0.1540316120975569,0.0,0.0349028669941318,0.0111771294687595
100,3,3,296,recursive_subspace,0.682541015603629,0.1745574062395752,0.0,0.0437744214922163,0.0133041334191282
100,3,3,297,recursive_subspace,0.7914057559334495,0.3194688107164499,0.0,0.1021022959331188,4.197491253596688e-05
100,3,3,298,recursive_subspace,0.8640716716982231,0.537843854004902,0.0,0.2936567449395206,0.0043807336486743
100,3,3,299,recursive_subspace,0.912478046767439,-0.3978100933779337,0.0,0.1713845374188733,0.0131316670255129
100,3,3,300,recursive_subspace,0.7222406980719144,0.0552765322691244,0.0,0.0087774889885585,0.0057219939688589
100,3,3,301,recursive_subspace,0.6966594808265375,-0.2227217459578937,0.0,0.0598514929387465,0.0102465168162139
100,3,3,302,recursive_subspace,0.7274261462481051,0.1114135585174474,0.0,0.0173773692030911,0.0049643881815704
100,3,3,303,recursive_subspace,1.0168446778465805,0.3969155340102795,0.0,0.2054854739944626,0.0479435328557973
100,3,3,304,recursive_subspace,0.813769637410809,0.333212215814443,0.0,0.1112827164268111,0.0002523356588402
100,3,3,305,recursive_subspace,0.6098097654144562,0.2403687477025539,0.0,0.093149263532486,0.0353721286603919
100,3,3,306,recursive_subspace,0.7030434982313368,0.1991325207542296,0.0,0.0486485879716303,0.0089948271496966
100,3,3,307,recursive_subspace,0.7762503392218201,0.3503795251185206,0.0,0.1232338511656977,0.0004680395434177
100,3,3,308,recursive_subspace,0.8262403855050358,-0.2318340810546034,0.0,0.0545510939329726,0.0008040527945402
100,3,3,309,recursive_subspace,0.8510607066204834,-0.0396518481429455,0.0,0.0043999715451677,0.0028277024840165
100,3,3,310,recursive_subspace,0.683227270971661,-0.2190403610988193,0.0,0.0611249739017379,0.0131462941114368
100,3,3,311,recursive_subspace,0.9776622872194948,-0.2564006139255689,0.0,0.098061305736941,0.0323200309155324
100,3,3,312,recursive_subspace,0.7218064626723384,0.3693760482571533,0.0,0.1422265420412289,0.005787877015158
100,3,3,313,recursive_subspace,0.7770029839745365,-0.2565145042275858,0.0,0.0662357311299615,0.0004360402508374
100,3,3,314,recursive_subspace,0.8573508731565361,0.1622193653725303,0.0,0.0298513648068108,0.0035362423049443
100,3,3,315,recursive_subspace,0.6570058190580731,0.1037475730735085,0.0,0.0306103787942388,0.0198468198755958
100,3,3,316,recursive_subspace,0.5748036167438093,-0.0756829943013438,0.0,0.0554930232286969,0.0497651076022797
100,3,3,317,recursive_subspace,0.7223760870155664,-0.1425287390547544,0.0,0.0260159710702255,0.0057015296136872
100,3,3,318,recursive_subspace,0.5730372496413085,0.0067372343131693,0.0,0.0506017036627725,0.0505563133365819
100,3,3,319,recursive_subspace,0.6824420935006833,0.2273438656144123,0.0,0.0650121964893193,0.0133269632568153
100,3,3,320,recursive_subspace,0.7948295302729042,-0.2338027666778671,0.0,0.0546730669177641,9.333211538995353e-06
100,3,3,321,recursive_subspace,0.9356012930913352,0.2578557930050607,0.0,0.0854555083384827,0.018965898352214
100,3,3,322,recursive_subspace,0.8499780836225315,-0.1262067410456267,0.0,0.0186418766051209,0.002713735119763
100,3,3,323,recursive_subspace,0.9242908872152148,-0.148735742424512,0.0,0.0381008804316361,0.0159785593570653
100,3,3,324,recursive_subspace,0.8986966056480055,0.1622996059651969,0.0,0.0365042304823167,0.0101630683858585
100,3,3,325,recursive_subspace,0.6744369188022802,-0.1101295246767286,0.0,0.0273678325210268,0.0152393203155046
100,3,3,326,recursive_subspace,0.852956877317497,0.1232091721163144,0.0,0.0182134601398753,0.0030329600462877
100,3,3,327,recursive_subspace,0.9090551338221778,-0.7033052512252039,0.0,0.5069971727063894,0.0123588963054422
100,3,3,328,recursive_subspace,0.796112840813808,0.1637486882752734,0.0,0.0268167719035922,3.1389917196257376e-06
100,3,3,329,recursive_subspace,1.0810265785522344,0.5863001015999549,0.0,0.4239172113513014,0.0801694022151839
100,3,3,330,recursive_subspace,0.8844690127385179,-1.0431954481700312,0.0,1.0957536103996697,0.0074968673169973
100,3,3,331,recursive_subspace,0.5578942249597213,0.0284636464062635,0.0,0.0584055404648459,0.0575953612981051
100,3,3,332,recursive_subspace,0.844922171219777,0.2485282604937491,0.0,0.0639788330577819,0.0022125367937331
100,3,3,333,recursive_subspace,0.7933803717909464,-0.2052698066964189,0.0,0.0421559812598402,2.0287718655091475e-05
100,3,3,334,recursive_subspace,0.5498431817310987,0.1424408590923725,0.0,0.0818139240707969,0.0615245257318238
100,3,3,335,recursive_subspace,0.8662744934579543,-0.2980436773959902,0.0,0.0935072165242926,0.0046771828885675
100,3,3,336,recursive_subspace,0.8168640549193547,0.0980275303028555,0.0,0.0099696178941951,0.0003602211969178
100,3,3,337,recursive_subspace,0.6676900042450534,-0.3006281031293244,0.0,0.107327878948421,0.0169506225572853
100,3,3,338,recursive_subspace,0.938402035066052,0.0680103283569245,0.0,0.024370565336522,0.0197451605733053
100,3,3,339,recursive_subspace,0.6326246210125147,-0.1900483273257089,0.0,0.0634292144188101,0.0273108476995103
100,3,3,340,recursive_subspace,0.8531919206816886,-0.4747931573955353,0.0,0.2284874463663872,0.0030589040567656
100,3,3,341,recursive_subspace,0.727112067849914,0.453394874798588,0.0,0.2105756582524028,0.0050087457587755
100,3,3,342,recursive_subspace,0.8938658138569878,-0.3549889565716145,0.0,0.1352295602256431,0.0092124009378394
100,3,3,343,recursive_subspace,0.7698143136204739,0.1841453817982641,0.0,0.034697460414509,0.0007879387768805
100,3,3,344,recursive_subspace,0.7636278524448384,-0.0670245984147255,0.0,0.0056658188601821,0.0011735220675269
100,3,3,345,recursive_subspace,0.979863200846516,-0.0741014351964842,0.0,0.0386072481303153,0.0331162254321365
100,3,3,346,recursive_subspace,0.6877795868268386,0.2325249178651946,0.0,0.066190942722477,0.0121231052942615
100,3,3,347,recursive_subspace,0.9902672597175758,-0.0389636255952476,0.0,0.0385292669612347,0.0370111028417081
100,3,3,348,recursive_subspace,0.5315562190578925,0.1419954941233898,0.0,0.0910935059679727,0.070930785616627
100,3,3,349,recursive_subspace,0.6565726233645454,0.2393883206263325,0.0,0.0772758317148674,0.0199690636625716
100,3,3,350,recursive_subspace,0.6912652655594974,-0.0435031437327102,0.0,0.0132601976328213,0.0113676741181924
100,3,3,351,recursive_subspace,0.7685752605556495,-0.6109220490162701,0.0,0.3740847850552194,0.0008590350809814
100,3,3,352,recursive_subspace,0.8403568135117486,0.4140901926446934,0.0,0.1732745798946865,0.0018038922501672
100,3,3,353,recursive_subspace,0.9585331520523332,0.4382911322700941,0.0,0.2179070864970397,0.0258079698704385
100,3,3,354,recursive_subspace,0.6018619246169069,0.0879236971186301,0.0,0.0461554504123012,0.0384248738972926
100,3,3,355,recursive_subspace,0.8207203645552004,0.5819711969807335,0.0,0.3392119480482028,0.0005214739330151
100,3,3,356,recursive_subspace,0.8777677612039161,0.3164169476953031,0.0,0.1065010104951266,0.0063813257063144
100,3,3,357,recursive_subspace,0.8617665935319432,0.1955834394136089,0.0,0.0423337958784557,0.0040809141055989
100,3,3,358,recursive_subspace,0.778294712473975,-0.5694972926612382,0.0,0.3247109285060289,0.0003837621575489
100,3,3,359,recursive_subspace,0.8645277114908823,0.2139703502032258,0.0,0.0502246202997168,0.0044413095336257
100,3,3,360,recursive_subspace,0.7310293994579448,-0.2742998293439951,0.0,0.0797100089766002,0.0044696125984553
100,3,3,361,recursive_subspace,0.6795127618538731,0.1113484687487687,0.0,0.0264103642791161,0.0140118827864206
100,3,3,362,recursive_subspace,0.8751615083029904,0.6148817446215661,0.0,0.3840512864837979,0.005971726614937
100,3,3,363,recursive_subspace,0.9079982452883264,0.2386966873892284,0.0,0.0691011320815547,0.0121250235109636
100,3,3,364,recursive_subspace,0.7134433210463348,-0.0169825212280865,0.0,0.0074187289988822,0.0071303229716198
100,3,3,365,recursive_subspace,0.841235558456405,0.123494315539704,0.0,0.0171301549681771,0.0018793089975571
100,3,3,366,recursive_subspace,0.8447472039252352,-0.3073078320011394,0.0,0.0966342109296551,0.0021961073204145
100,3,3,367,recursive_subspace,0.7066181376535207,0.3580548780137002,0.0,0.1365328556638809,0.0083295599944752
100,3,3,368,recursive_subspace,0.596577140984635,-0.0349781550061494,0.0,0.0417481486015074,0.0405246772738732
100,3,3,369,recursive_subspace,0.821824925136333,0.0959369116116187,0.0,0.0097770320539947,0.0005731410444191
100,3,3,370,recursive_subspace,0.8371579711571171,-0.2216601167658821,0.0,0.0506756081255179,0.0015424007608534
100,3,3,371,recursive_subspace,0.746484935435105,0.2805650778870757,0.0,0.0813586844177269,0.0026419214879461
100,3,3,372,recursive_subspace,0.5705532656972577,-0.1601915871798089,0.0,0.0773408623375792,0.0516795177343928
100,3,3,373,recursive_subspace,0.7825136988012665,0.5849239951525044,0.0,0.3423723435038391,0.0002362633986721
100,3,3,374,recursive_subspace,0.871000284357188,-0.7466290772003172,0.0,0.5628008879518694,0.0053459090308721
100,3,3,375,recursive_subspace,0.7346296655101285,0.2324947072800199,0.0,0.0580549706917172,0.0040011817784951
100,3,3,376,recursive_subspace,0.9621914266327648,-0.023888263165229,0.0,0.0275673952758958,0.0269967461588445
100,3,3,377,recursive_subspace,0.8497291494674426,0.1863668663059593,0.0,0.0374204702305025,0.0026878613737992
100,3,3,378,recursive_subspace,0.8464208394959527,0.5931144454288614,0.0,0.3541405157257588,0.002355770349373
100,3,3,379,recursive_subspace,0.8891295204417498,-0.529736492858481,0.0,0.2889463945255051,0.0083256426595016
100,3,3,380,recursive_subspace,0.7662060596791769,-0.1713372799425397,0.0,0.0303599909315517,0.0010035274334435
100,3,3,381,recursive_subspace,0.6996193447126774,-0.1135751159885625,0.0,0.0225553596650667,0.0096560526932513
100,3,3,382,recursive_subspace,0.9292903510973828,0.5937267983794499,0.0,0.3697789928368385,0.0172674817229266
100,3,3,383,recursive_subspace,0.595412866354597,0.1454513293823804,0.0,0.0621508762718546,0.0409947870527529
100,3,3,384,recursive_subspace,0.7501696915439913,-0.0536249131898585,0.0,0.0051523400630113,0.0022767087483914
100,3,3,385,recursive_subspace,0.9192342354618784,-0.2513576617931349,0.0,0.0779064176819603,0.0147257435398482
100,3,3,386,recursive_subspace,0.8739638027249593,-0.7065412086084598,0.0,0.5049885305133436,0.0057880510514404
100,3,3,387,recursive_subspace,0.8103473241208644,0.4539107841881862,0.0,0.2061903204718546,0.0001553204695204
100,3,3,388,recursive_subspace,0.7744340456872905,0.5123682112867384,0.0,0.2630711105963575,0.0005499266591858
100,3,3,389,recursive_subspace,1.0026342175321947,0.1263712700669363,0.0,0.0578921198291087,0.0419224219307781
100,3,3,390,recursive_subspace,0.8145089283331649,0.4013429427548086,0.0,0.1613525272948721,0.0002763695957824
100,3,3,391,recursive_subspace,0.8075465925545418,0.1735196996388574,0.0,0.0302024410203296,9.335485757040193e-05
100,3,3,392,recursive_subspace,0.7762544496327459,0.4553172277568155,0.0,0.2077816396013835,0.0004678617092317
100,3,3,393,recursive_subspace,0.6826826703237944,-0.0060376341889089,0.0,0.0133079285965509,0.0132714755699518
100,3,3,394,recursive_subspace,0.9304726439004776,-0.124412814704441,0.0,0.0330581482421808,0.0175795997794993
100,3,3,395,recursive_subspace,0.6491831859918875,-0.2734535968860538,0.0,0.0968889685205953,0.0221120988706749
100,3,3,396,recursive_subspace,0.7306791198037678,0.6072201404175758,0.0,0.3732328702286236,0.0045165712998831
100,3,3,397,recursive_subspace,0.8966748761556836,-0.2817676508028902,0.0,0.0891525354464887,0.0097595264075092
100,3,3,398,recursive_subspace,0.7682823725168707,0.2115794107272617,0.0,0.0456421365950147,0.0008762895513194
100,3,3,399,recursive_subspace,0.6832487618879612,-0.2630078638258839,0.0,0.082314502827113,0.0131413663928583
100,3,3,400,recursive_subspace,0.8505115600699789,0.2402773175078295,0.0,0.060502790360619,0.0027696010518607
100,3,3,401,recursive_subspace,0.978846776829164,-0.3982046478267718,0.0,0.1913142651799921,0.0327473236291487
100,3,3,402,recursive_subspace,0.7388788838329113,-0.2092891615250264,0.0,0.0472836230465311,0.0034816699146825
100,3,3,403,recursive_subspace,0.6885708958434692,0.3060500685537687,0.0,0.1056161218086216,0.0119494773468551
100,3,3,404,recursive_subspace,0.7341059814007515,0.1733133592804607,0.0,0.0341052276956298,0.0040677071905517
100,3,3,405,recursive_subspace,0.5956993637206287,-0.0158799152085396,0.0,0.0411310256262133,0.0408788539191828
100,3,3,406,recursive_subspace,0.7832810410161423,0.0844694987313424,0.0,0.0073483590060854,0.0002132627901612
100,3,3,407,recursive_subspace,0.8192892543820278,0.226445519872812,0.0,0.0517357343776859,0.0004581609072178
100,3,3,408,recursive_subspace,0.7603810919259862,0.3182111336644328,0.0,0.1026648357658025,0.001406510177799
100,3,3,409,recursive_subspace,0.7086919004266767,-0.223341113999594,0.0,0.0578365838675617,0.0079553306649821
100,3,3,410,recursive_subspace,0.7975517963098899,-0.239702362519186,0.0,0.057457333329487,1.1073220778522773e-07
100,3,3,411,recursive_subspace,0.6806021123489329,-0.2064481030647488,0.0,0.0563759919743825,0.0137551727153493
100,3,3,412,recursive_subspace,0.8439879475301137,0.1951925480351223,0.0,0.0402256530761657,0.0021255222677222
100,3,3,413,recursive_subspace,0.952661737112966,-0.3488909598576949,0.0,0.1456808761769516,0.0239559743065279
100,3,3,414,recursive_subspace,0.858587727735336,-0.287056654026655,0.0,0.0860863970966101,0.0036848744756313
100,3,3,415,recursive_subspace,0.8210699384244948,0.1348431265795423,0.0,0.018720230521204,0.0005375617354575
100,3,3,416,recursive_subspace,0.808428558052693,0.1779974176648799,0.0,0.03179425657337,0.0001111758780043
100,3,3,417,recursive_subspace,0.8191687864808336,-0.1002742629661546,0.0,0.0105079460761162,0.0004530182627106
100,3,3,418,recursive_subspace,0.6451961349678029,-0.2919153559475186,0.0,0.1085283304219559,0.0233137553839893
100,3,3,419,recursive_subspace,1.1774982459485273,-0.5292733215719325,0.0,0.424236798877656,0.1441065499498696
100,3,3,420,recursive_subspace,0.861819522406275,-0.1755274554601665,0.0,0.0348975669355501,0.0040876793152294
100,3,3,421,recursive_subspace,0.82020199622971,-0.0732693423149686,0.0,0.0058664644472994,0.0004980679240313
100,3,3,422,recursive_subspace,0.6065636101659464,0.0947036519560843,0.0,0.0455724878464335,0.0366037061526144
100,3,3,423,recursive_subspace,0.812112300200551,-0.0079939431996825,0.0,0.0002663316962482,0.0002024285683684
100,3,3,424,recursive_subspace,0.8078092326456338,0.4023655593346856,0.0,0.161996542449901,9.849911118663894e-05
100,3,3,425,recursive_subspace,0.855963050538262,-0.2496543135850939,0.0,0.065700387261589,0.0033731109699445
100,3,3,426,recursive_subspace,0.824884226323868,0.4416490490736083,0.0,0.1957828644858685,0.000728981938246
100,3,3,427,recursive_subspace,0.5859921314369059,0.2140032102406197,0.0,0.090695775615899,0.0448984016226081
100,3,3,428,recursive_subspace,0.804257194405619,-0.2913511155766956,0.0,0.0849260830068199,4.061045903494485e-05
100,3,3,429,recursive_subspace,0.5907395946951138,0.1064863688532642,0.0,0.0542483837353349,0.0429090369837815
100,3,3,430,recursive_subspace,0.9373750102647284,0.0757810259809591,0.0,0.0252003493897993,0.0194575854910725
100,3,3,431,recursive_subspace,0.6812850261572394,-0.2239665245245909,0.0,0.0637564555872007,0.0135954514795765
100,3,3,432,recursive_subspace,0.7070279306289698,-0.0007680367638379,0.0,0.0082555171270266,0.008254927246556
100,3,3,433,recursive_subspace,0.8641885410347973,0.1043377498035577,0.0,0.0152825838286662,0.0043962177945964
100,3,3,434,recursive_subspace,0.9399802551321784,-0.2539637327975569,0.0,0.0846887639233984,0.0201911863469295
100,3,3,435,recursive_subspace,0.8295510254213263,0.153935759688523,0.0,0.0246989830923149,0.0010027649814322
100,3,3,436,recursive_subspace,0.8383715224417432,0.3042329558775539,0.0,0.0941968855047416,0.0016391940627479
100,3,3,437,recursive_subspace,0.8996180218460308,-0.5604228153717932,0.0,0.3244234290850682,0.0103496970958212
100,3,3,438,recursive_subspace,0.5484420573033156,0.1719190519274285,0.0,0.0917777229677487,0.0622215625521229
100,3,3,439,recursive_subspace,0.7608107909493235,0.4090379856100438,0.0,0.1686865380830758,0.0013744644111533
100,3,3,440,recursive_subspace,0.7711847731377075,0.2451612594038954,0.0,0.0608169217738686,0.0007128786613645
100,3,3,441,recursive_subspace,0.8619340587730172,0.1293324046845271,0.0,0.0208292090917107,0.0041023381902284
100,3,3,442,recursive_subspace,0.5559664172759202,0.0476856130954219,0.0,0.0607983058638099,0.0585243881675236
100,3,3,443,recursive_subspace,0.6584401921181416,-0.4385311036353946,0.0,0.2117542608135583,0.0194447319578811
100,3,3,444,recursive_subspace,1.020836350788905,-0.360443537994188,0.0,0.1796270447397466,0.0497075006579789
100,3,3,445,recursive_subspace,0.7786622183887192,-0.18560306851644,0.0,0.034817997490605,0.0003694984478866
100,3,3,446,recursive_subspace,0.9837879784497656,0.1156602935837344,0.0,0.0479373842046734,0.0345600806927978
100,3,3,447,recursive_subspace,0.9583305447233316,0.2801888043975348,0.0,0.1042486798659264,0.0257429137562064
100,3,3,448,recursive_subspace,0.9623825526912276,-0.6449746718299048,0.0,0.443051916637397,0.0270595893353036
100,3,3,449,recursive_subspace,0.753058502431118,-0.2380961554415905,0.0,0.0586991547452133,0.0020093755091473
100,3,3,450,recursive_subspace,0.6653298269680666,-0.2950240385236828,0.0,0.1046099407688378,0.0175707574620143
100,3,3,451,recursive_subspace,0.5973893685180192,0.1074083966993313,0.0,0.0517348858108584,0.0401983221293374
100,3,3,452,recursive_subspace,1.0302627498353798,-0.3058730229045214,0.0,0.1475579288787809,0.0539996227380309
100,3,3,453,recursive_subspace,0.7622016490676508,-0.5232941611579252,0.0,0.2751100492918797,0.0012732701899031
100,3,3,454,recursive_subspace,0.5706355076684002,0.1595083828299172,0.0,0.0770850563435264,0.0516421321505109
100,3,3,455,recursive_subspace,0.6945348657794336,0.1898107588906624,0.0,0.0467092836520855,0.0106811594614363
100,3,3,456,recursive_subspace,0.7866416493235583,-0.1405831429754707,0.0,0.0198900231473931,0.0001264030585315
100,3,3,457,recursive_subspace,0.8921681248494323,-0.2625880539353353,0.0,0.0778418765188696,0.008889390449323
100,3,3,458,recursive_subspace,0.9072173090192058,-0.075121652430256,0.0,0.0175969124963898,0.0119536498325376
100,3,3,459,recursive_subspace,0.7482809763179669,0.5365976276549146,0.0,0.2903975295986328,0.0024605155937504
100,3,3,460,recursive_subspace,0.7836294970626531,-0.3433950021196728,0.0,0.1181233343230076,0.0002032068422375
100,3,3,461,recursive_subspace,0.7268592565825917,-0.3406126232041513,0.0,0.1210615529255955,0.0050445938395824
100,3,3,462,recursive_subspace,0.7043582881118807,-0.1798157540653377,0.0,0.0410808690935544,0.0087471636834684
100,3,3,463,recursive_subspace,0.890804343659807,-0.492977331558796,0.0,0.2516607354770122,0.0086340860461811
100,3,3,464,recursive_subspace,0.6966889306049575,-0.0034898297211514,0.0,0.0102527344826343,0.0102405555711517
100,3,3,465,recursive_subspace,0.5665904428632683,0.0943029612439042,0.0,0.0623900174928255,0.0534969689934562
100,3,3,466,recursive_subspace,0.8978775747510335,-0.8631692299257024,0.0,0.7550597223289688,0.0099986028384385
100,3,3,467,recursive_subspace,0.7520431238914481,-0.1358751712259062,0.0,0.0205634994937728,0.0021014373381034
100,3,3,468,recursive_subspace,0.6536302115633916,-0.2544564426135651,0.0,0.0855573984620546,0.020809317274504
100,3,3,469,recursive_subspace,0.689644432698517,-0.0007944901043112,0.0,0.0117165565465715,0.0117159253320457
100,3,3,470,recursive_subspace,1.0408839848262836,0.577723940335941,0.0,0.3928136713129989,0.059048720075713
100,3,3,471,recursive_subspace,1.0669220229375451,-0.3598174801697191,0.0,0.2018497750675554,0.0723811560318692
100,3,3,472,recursive_subspace,0.93538838060822,-0.4353628684163816,0.0,0.208448127656803,0.0189073004610634
100,3,3,473,recursive_subspace,0.7681560402007461,-0.2691306564861604,0.0,0.0733150951978623,0.0008837849371906
100,3,3,474,recursive_subspace,0.6614486463828901,-0.4744604302409458,0.0,0.2437274586080382,0.0186147587436148
100,3,3,475,recursive_subspace,0.8457238415937026,-0.5146229409088934,0.0,0.2671253680963029,0.0022885967865845
100,3,3,476,recursive_subspace,0.7505538658285894,-0.1031086485002669,0.0,0.0128715880822995,0.0022401946867479
100,3,3,477,recursive_subspace,0.917567290628474,0.4861423017489422,0.0,0.2506582933682691,0.0143239558185095
100,3,3,478,recursive_subspace,0.6056420352238758,-0.2876721284967635,0.0,0.1197124421548469,0.0369571886409884
100,3,3,479,recursive_subspace,0.6188453861048172,0.223503537576945,0.0,0.0820088573859671,0.0320550260765582
100,3,3,480,recursive_subspace,0.7940763393738784,0.0558194795243625,0.0,0.0031303168448229,1.4502550452195465e-05
100,3,3,481,recursive_subspace,0.6952567365290833,0.2057164486658498,0.0,0.0528517275668595,0.0105324703151703
100,3,3,482,recursive_subspace,0.7600550924807242,0.3815484031982911,0.0,0.1470102526567016,0.0014310686735358
100,3,3,483,recursive_subspace,0.9481513023429832,-0.2858649853259014,0.0,0.1042988834484624,0.0225800936130845
100,3,3,484,recursive_subspace,0.8338805029257088,0.1123323207077993,0.0,0.0139142581249109,0.001295707849311
100,3,3,485,recursive_subspace,0.7864668195749672,-0.0689819666657992,0.0,0.0048888765398286,0.0001303648147472
100,3,3,486,recursive_subspace,0.828271043885525,-0.792774140171558,0.0,0.6294141756788858,0.0009233383541327