M,base_seed,checkpoint,code_commit_at_run,device,dimension,draw_fingerprint,generator_absolute_bias,generator_bias,generator_calls,generator_mae,gradient_mae,gradient_relative_l2,laplacian,laplacian_probe_points,method,n,network_backward_calls,network_backward_points,network_forward_calls,network_forward_points,network_seed,nonfinite_generator_values,nonfinite_state_count,prediction_file,repetition,skill,study,subset,terminal_samples,transition_samples,validation_value_relative_l2,value_bias,value_mae,value_relative_l2,value_rmse,wall_clock_seconds
10,20261101,1000,cb12d79a9a930c68c4f67873cafa1a8feb061df4,numpy+cuda,100,12dc486ffac8eedd019955b517d71d68a89bae42d40bd44f0d908fb453c63a66,0.010902118935802086,-0.010902118935802086,12000,0.01122851561739973,0.016381908398804622,0.8748411491826088,hutchinson_25,300000,path,2,900,266400,900,266400,0,0,0,results/expert_iteration/artifacts/rows/d100_seed0_ckpt1000_n2_M10_rep0_path_hutch25.npz,0,0.019557925110632698,A,decision_d20_d100_d160,240000,12000,0.004157666940731916,-0.0027243222017661406,0.013232741330580375,0.004019270139031406,0.016661066385905747,2.8479940998367965
10,20261101,1000,cb12d79a9a930c68c4f67873cafa1a8feb061df4,numpy+cuda,100,12dc486ffac8eedd019955b517d71d68a89bae42d40bd44f0d908fb453c63a66,100.60096344370982,-100.60096344370982,12000,100.60096344370982,27.151991494053732,1353.2235584903704,hutchinson_25,300000,scasml_noclip,2,900,266400,900,266400,0,0,0,results/expert_iteration/artifacts/rows/d100_seed0_ckpt1000_n2_M10_rep0_scasml_noclip_hutch25.npz,0,10.658853542166774,A,decision_d20_d100_d160,240000,12000,2.1994376081411096,-8.684417183865797,8.684417183865797,2.1904579098244725,9.080097477576562,2.877750299870968
10,20261101,1000,cb12d79a9a930c68c4f67873cafa1a8feb061df4,numpy+cuda,100,,,,0,,0.010579158341899845,1.0021331682900165,none,0,surrogate,2,1,1200,1,1200,0,0,0,results/expert_iteration/artifacts/rows/d100_seed0_ckpt1000_n2_M10_rep0_surrogate_hutch25.npz,0,4.1196866296712225,A,decision_d20_d100_d160,0,0,0.847936731133918,-3.4038506529878934,3.4038506529878934,0.8466201480545924,3.5094915251907364,0.0016703000292181969
10,20261101,1000,cb12d79a9a930c68c4f67873cafa1a8feb061df4,numpy+cuda,100,d5aa50b9e2e7aedb01058ef38ee629cded3f18931a6d605c3a6afacd426db6b2,0.011042540504409847,-0.011042540504409847,12000,0.011385146024991298,0.01640022684142833,0.8710018305441911,hutchinson_25,300000,path,2,900,266400,900,266400,0,0,0,results/expert_iteration/artifacts/rows/d100_seed0_ckpt1000_n2_M10_rep1_path_hutch25.npz,1,0.01923541000695691,A,decision_d20_d100_d160,240000,12000,0.003800645997608053,-0.0012118989782750904,0.012936922426656101,0.003952991363636874,0.016386321211128575,2.925764200044796
10,20261101,1000,cb12d79a9a930c68c4f67873cafa1a8feb061df4,numpy+cuda,100,d5aa50b9e2e7aedb01058ef38ee629cded3f18931a6d605c3a6afacd426db6b2,101.49144879180898,-101.49144879180898,12000,101.49144879180898,27.045432982489878,1349.5457900492509,hutchinson_25,300000,scasml_noclip,2,900,266400,900,266400,0,0,0,results/expert_iteration/artifacts/rows/d100_seed0_ckpt1000_n2_M10_rep1_scasml_noclip_hutch25.npz,1,10.812537588651933,A,decision_d20_d100_d160,240000,12000,2.218679665993217,-8.797460480386977,8.797460480386977,2.222040897047769,9.211018323548705,2.8841660001780838
10,20261101,1000,cb12d79a9a930c68c4f67873cafa1a8feb061df4,numpy+cuda,100,,,,0,,0.010579158341899845,1.0021331682900165,none,0,surrogate,2,1,1200,1,1200,0,0,0,results/expert_iteration/artifacts/rows/d100_seed0_ckpt1000_n2_M10_rep1_surrogate_hutch25.npz,1,4.1196866296712225,A,decision_d20_d100_d160,0,0,0.847936731133918,-3.4038506529878934,3.4038506529878934,0.8466201480545924,3.5094915251907364,0.0023652000818401575
10,20261101,1000,cb12d79a9a930c68c4f67873cafa1a8feb061df4,numpy+cuda,100,41048ba59e3c9e0fc89a0f01e60baac305ab6b46a1c9cafb67cdd13339d02661,0.010862385483180031,-0.010862385483180031,12000,0.011227084878414263,0.016439585876047873,0.8769114071918301,hutchinson_25,300000,path,2,900,266400,900,266400,0,0,0,results/expert_iteration/artifacts/rows/d100_seed0_ckpt1000_n2_M10_rep2_path_hutch25.npz,2,0.02021278660565907,A,decision_d20_d100_d160,240000,12000,0.0041507037163651716,-0.0011793725390182512,0.013640520671842347,0.004153848078013802,0.017218931843539405,2.937473899917677
10,20261101,1000,cb12d79a9a930c68c4f67873cafa1a8feb061df4,numpy+cuda,100,41048ba59e3c9e0fc89a0f01e60baac305ab6b46a1c9cafb67cdd13339d02661,101.10280941990365,-101.10280941990365,12000,101.10280941990365,27.497399215121735,1363.264760404323,hutchinson_25,300000,scasml_noclip,2,900,266400,900,266400,0,0,0,results/expert_iteration/artifacts/rows/d100_seed0_ckpt1000_n2_M10_rep2_scasml_noclip_hutch25.npz,2,10.864447612571801,A,decision_d20_d100_d160,240000,12000,2.1911864549067372,-8.850950795365732,8.850950795365732,2.2327087162503343,9.255239597008469,2.904744400177151
10,20261101,1000,cb12d79a9a930c68c4f67873cafa1a8feb061df4,numpy+cuda,100,,,,0,,0.010579158341899845,1.0021331682900165,none,0,surrogate,2,1,1200,1,1200,0,0,0,results/expert_iteration/artifacts/rows/d100_seed0_ckpt1000_n2_M10_rep2_surrogate_hutch25.npz,2,4.1196866296712225,A,decision_d20_d100_d160,0,0,0.847936731133918,-3.4038506529878934,3.4038506529878934,0.8466201480545924,3.5094915251907364,0.0020806000102311373
10,20261101,1000,cb12d79a9a930c68c4f67873cafa1a8feb061df4,numpy+cuda,100,692397d10bebfa156b4f7b84e8398e41ec9a65a7f5fc404d0e6ae742434192b9,0.010943462685208823,-0.010943462685208823,12000,0.011251342840307673,0.016423575483417763,0.8782410179793194,hutchinson_25,300000,path,2,900,266400,900,266400,0,0,0,results/expert_iteration/artifacts/rows/d100_seed0_ckpt1000_n2_M10_rep3_path_hutch25.npz,3,0.019744802911595243,A,decision_d20_d100_d160,240000,12000,0.003810108946507024,-0.0018911667943903492,0.013435589135218444,0.004057674640572742,0.016820264431213545,2.8733822000212967
10,20261101,1000,cb12d79a9a930c68c4f67873cafa1a8feb061df4,numpy+cuda,100,692397d10bebfa156b4f7b84e8398e41ec9a65a7f5fc404d0e6ae742434192b9,100.44272125931053,-100.44272125931053,12000,100.44272125931053,27.392937052079922,1363.5545406217989,hutchinson_25,300000,scasml_noclip,2,900,266400,900,266400,0,0,0,results/expert_iteration/artifacts/rows/d100_seed0_ckpt1000_n2_M10_rep3_scasml_noclip_hutch25.npz,3,10.85974465150465,A,decision_d20_d100_d160,240000,12000,2.208675185392054,-8.833364457153147,8.833364457153147,2.2317422297301484,9.251233223832026,2.9212096000555903
10,20261101,1000,cb12d79a9a930c68c4f67873cafa1a8feb061df4,numpy+cuda,100,,,,0,,0.010579158341899845,1.0021331682900165,none,0,surrogate,2,1,1200,1,1200,0,0,0,results/expert_iteration/artifacts/rows/d100_seed0_ckpt1000_n2_M10_rep3_surrogate_hutch25.npz,3,4.1196866296712225,A,decision_d20_d100_d160,0,0,0.847936731133918,-3.4038506529878934,3.4038506529878934,0.8466201480545924,3.5094915251907364,0.002401100005954504
10,20261101,1000,cb12d79a9a930c68c4f67873cafa1a8feb061df4,numpy+cuda,100,1cc201aae1f8f0129743573d76b74d3795c3af2f6865095ddd2b135a6257ba6a,0.011063564405436798,-0.011063564405436798,12000,0.011349339589282923,0.01641575997845839,0.8712115207837663,hutchinson_25,300000,path,2,900,266400,900,266400,0,0,0,results/expert_iteration/artifacts/rows/d100_seed0_ckpt1000_n2_M10_rep4_path_hutch25.npz,4,0.01969797088788141,A,decision_d20_d100_d160,240000,12000,0.004325531827945262,-0.0008681716450668692,0.01333177905560109,0.004048050380667938,0.01678036902044432,2.9714440000243485
10,20261101,1000,cb12d79a9a930c68c4f67873cafa1a8feb061df4,numpy+cuda,100,1cc201aae1f8f0129743573d76b74d3795c3af2f6865095ddd2b135a6257ba6a,101.16697896043863,-101.16697896043863,12000,101.16697896043863,27.057558646439936,1347.737195819665,hutchinson_25,300000,scasml_noclip,2,900,266400,900,266400,0,0,0,results/expert_iteration/artifacts/rows/d100_seed0_ckpt1000_n2_M10_rep4_scasml_noclip_hutch25.npz,4,10.729344258407478,A,decision_d20_d100_d160,240000,12000,2.2062700278895924,-8.734056372025789,8.734056372025789,2.2049441720052783,9.1401473292982,2.990162899950519
10,20261101,1000,cb12d79a9a930c68c4f67873cafa1a8feb061df4,numpy+cuda,100,,,,0,,0.010579158341899845,1.0021331682900165,none,0,surrogate,2,1,1200,1,1200,0,0,0,results/expert_iteration/artifacts/rows/d100_seed0_ckpt1000_n2_M10_rep4_surrogate_hutch25.npz,4,4.1196866296712225,A,decision_d20_d100_d160,0,0,0.847936731133918,-3.4038506529878934,3.4038506529878934,0.8466201480545924,3.5094915251907364,0.0021357000805437565
10,20261101,2500,cb12d79a9a930c68c4f67873cafa1a8feb061df4,reference,100,,,,0,,,,none,0,f_zero,2,0,0,0,0,0,0,0,results/expert_iteration/artifacts/rows/d100_seed0_ckpt2500_n2_M10_rep0_f_zero_none.npz,0,0.014597002466061444,A,decision_d20_d100_d160,0,0,0.002976198178258171,0.012395241328121424,0.012395241328121424,0.002999770977715469,0.012434940094440931,9.34000127017498e-05
10,20261101,2500,cb12d79a9a930c68c4f67873cafa1a8feb061df4,numpy+none,100,22c2a0667820c4affec45dad3f8138da41364c3cf42fdf6ec0d29a389d861c98,,,12000,,8.68526771107211,345.4412582776102,none,0,mlp_clip,2,0,0,0,0,0,0,0,results/expert_iteration/artifacts/rows/d100_seed0_ckpt2500_n2_M10_rep0_mlp_clip_none.npz,0,10.677711550841071,A,decision_d20_d100_d160,240000,12000,2.169165776855982,-8.684686800917756,8.684686800917756,2.1943333429656384,9.096162296960578,0.520004800055176
10,20261101,2500,cb12d79a9a930c68c4f67873cafa1a8feb061df4,numpy+none,100,22c2a0667820c4affec45dad3f8138da41364c3cf42fdf6ec0d29a389d861c98,,,12000,,27.23939535988206,1355.459417776995,none,0,mlp,2,0,0,0,0,0,0,0,results/expert_iteration/artifacts/rows/d100_seed0_ckpt2500_n2_M10_rep0_mlp_none.npz,0,10.68848801211258,A,decision_d20_d100_d160,240000,12000,2.1696078679283834,-8.690236495980757,8.690236495980757,2.196547969964566,9.105342582478297,0.51552619994618
10,20261101,2500,cb12d79a9a930c68c4f67873cafa1a8feb061df4,numpy+cuda,100,22c2a0667820c4affec45dad3f8138da41364c3cf42fdf6ec0d29a389d861c98,9.771372079525608e-21,-9.771372079525608e-21,12000,1.4626339057734657e-19,0.6043735632371365,29.10772372304303,hutchinson_25,300000,oracle_state,2,900,266400,900,266400,0,0,0,results/expert_iteration/artifacts/rows/d100_seed0_ckpt2500_n2_M10_rep0_oracle_state_hutch25.npz,0,0.01933765526864903,A,decision_d20_d100_d160,240000,12000,0.0037386660714367015,-0.0005899542307187178,0.01319965304005201,0.003974003374105876,0.016473422224301523,4.027018900029361
10,20261101,2500,cb12d79a9a930c68c4f67873cafa1a8feb061df4,numpy+cuda,100,22c2a0667820c4affec45dad3f8138da41364c3cf42fdf6ec0d29a389d861c98,0.025246291276000372,0.025246291276000372,12000,0.03865823520205639,0.013708734432166452,0.7878157280752212,hutchinson_25,300000,path_clip,2,900,266400,900,266400,0,0,0,results/expert_iteration/artifacts/rows/d100_seed0_ckpt2500_n2_M10_rep0_path_clip_hutch25.npz,0,3.9987167441936706,A,decision_d20_d100_d160,240000,12000,0.8232645707309475,-3.298145370890198,3.298145370890198,0.82176011583381,3.4064393209698913,2.945363200036809
10,20261101,2500,cb12d79a9a930c68c4f67873cafa1a8feb061df4,numpy+cuda,100,22c2a0667820c4affec45dad3f8138da41364c3cf42fdf6ec0d29a389d861c98,0.01087768290246706,-0.01087768290246706,12000,0.011257018971957926,0.015397592927592765,0.8332696728829554,exact,1200000,path,2,900,266400,900,266400,0,0,0,results/expert_iteration/artifacts/rows/d100_seed0_ckpt2500_n2_M10_rep0_path_exact.npz,0,0.019412277111819552,A,decision_d20_d100_d160,240000,12000,0.003731432744723495,-0.0016836068186342843,0.013220443987186975,0.003989338607484581,0.01653699131334701,2.9927054999861866
10,20261101,2500,cb12d79a9a930c68c4f67873cafa1a8feb061df4,numpy+cuda,100,22c2a0667820c4affec45dad3f8138da41364c3cf42fdf6ec0d29a389d861c98,0.010877682902467057,-0.010877682902467057,12000,0.011257018971957926,0.015408968851090674,0.8336113385975771,hutchinson_25,300000,path,2,900,266400,900,266400,0,0,0,results/expert_iteration/artifacts/rows/d100_seed0_ckpt2500_n2_M10_rep0_path_hutch25.npz,0,0.019413962272565623,A,decision_d20_d100_d160,240000,12000,0.003728039179122561,-0.0016922155978638632,0.01322691490972136,0.003989684918058315,0.016538426873351577,2.6003833001013845
10,20261101,2500,cb12d79a9a930c68c4f67873cafa1a8feb061df4,numpy+cuda,100,22c2a0667820c4affec45dad3f8138da41364c3cf42fdf6ec0d29a389d861c98,0.3733702857210027,-0.3733702857210027,12000,0.41232587916772845,0.09556372197037108,3.7781824589876862,hutchinson_25,300000,scasml,2,900,266400,900,266400,0,0,0,results/expert_iteration/artifacts/rows/d100_seed0_ckpt2500_n2_M10_rep0_scasml_hutch25.npz,0,3.9987167441936706,A,decision_d20_d100_d160,240000,12000,0.8232645707309475,-3.298145370890198,3.298145370890198,0.82176011583381,3.4064393209698913,2.7723128001671284
10,20261101,2500,cb12d79a9a930c68c4f67873cafa1a8feb061df4,numpy+cuda,100,22c2a0667820c4affec45dad3f8138da41364c3cf42fdf6ec0d29a389d861c98,101.78213831889525,-101.78213831889525,12000,101.78213831889525,27.24718956353069,1355.8375144275103,exact,1200000,scasml_noclip,2,900,266400,900,266400,0,0,0,results/expert_iteration/artifacts/rows/d100_seed0_ckpt2500_n2_M10_rep0_scasml_noclip_exact.npz,0,10.693590163755255,A,decision_d20_d100_d160,240000,12000,2.170617586443269,-8.694222502151497,8.694222502151497,2.1975964925264533,9.109689019370181,2.9773251998703927
10,20261101,2500,cb12d79a9a930c68c4f67873cafa1a8feb061df4,numpy+cuda,100,22c2a0667820c4affec45dad3f8138da41364c3cf42fdf6ec0d29a389d861c98,101.78213831889525,-101.78213831889525,12000,101.78213831889525,27.247192341260295,1355.837684727727,hutchinson_25,300000,scasml_noclip,2,900,266400,900,266400,0,0,0,results/expert_iteration/artifacts/rows/d100_seed0_ckpt2500_n2_M10_rep0_scasml_noclip_hutch25.npz,0,10.693599833647434,A,decision_d20_d100_d160,240000,12000,2.1706192184485777,-8.694231110930726,8.694231110930726,2.1975984797469112,9.109697256988161,2.88361470005475
10,20261101,2500,cb12d79a9a930c68c4f67873cafa1a8feb061df4,numpy+cuda,100,,,,0,,0.010447741950059462,1.0004913056580156,none,0,surrogate,2,1,1200,1,1200,0,0,0,results/expert_iteration/artifacts/rows/d100_seed0_ckpt2500_n2_M10_rep0_surrogate_hutch25.npz,0,4.112476724810014,A,decision_d20_d100_d160,0,0,0.8464608920059586,-3.398145370890198,3.398145370890198,0.8451384696480133,3.5033495288977163,0.0019168001599609852
10,20261101,2500,cb12d79a9a930c68c4f67873cafa1a8feb061df4,reference,100,,,,0,,,,none,0,f_zero,2,0,0,0,0,0,0,0,results/expert_iteration/artifacts/rows/d100_seed0_ckpt2500_n2_M10_rep1_f_zero_none.npz,1,0.014597002466061444,A,decision_d20_d100_d160,0,0,0.002976198178258171,0.012395241328121424,0.012395241328121424,0.002999770977715469,0.012434940094440931,9.440002031624317e-05
10,20261101,2500,cb12d79a9a930c68c4f67873cafa1a8feb061df4,numpy+none,100,57c780ff74744ccb677056d4796d79a3ba66d22fe17f0812720b23b46edd2d96,,,12000,,8.65058745826076,344.50093138132934,none,0,mlp_clip,2,0,0,0,0,0,0,0,results/expert_iteration/artifacts/rows/d100_seed0_ckpt2500_n2_M10_rep1_mlp_clip_none.npz,1,10.672162981804922,A,decision_d20_d100_d160,240000,12000,2.1955827350960697,-8.6959671488499,8.6959671488499,2.193193078969576,9.091435564623936,0.5181827999185771
10,20261101,2500,cb12d79a9a930c68c4f67873cafa1a8feb061df4,numpy+none,100,57c780ff74744ccb677056d4796d79a3ba66d22fe17f0812720b23b46edd2d96,,,12000,,27.058067996031724,1347.6513546817453,none,0,mlp,2,0,0,0,0,0,0,0,results/expert_iteration/artifacts/rows/d100_seed0_ckpt2500_n2_M10_rep1_mlp_none.npz,1,10.681953257722457,A,decision_d20_d100_d160,240000,12000,2.199211573588929,-8.701004710920742,8.701004710920742,2.1952050390024342,9.099775735479264,0.5105467000976205
10,20261101,2500,cb12d79a9a930c68c4f67873cafa1a8feb061df4,numpy+cuda,100,57c780ff74744ccb677056d4796d79a3ba66d22fe17f0812720b23b46edd2d96,3.0023365159744425e-20,3.0023365159744425e-20,12000,1.5582695724047912e-19,0.6059857254001783,29.1916301868482,hutchinson_25,300000,oracle_state,2,900,266400,900,266400,0,0,0,results/expert_iteration/artifacts/rows/d100_seed0_ckpt2500_n2_M10_rep1_oracle_state_hutch25.npz,1,0.01887900174332735,A,decision_d20_d100_d160,240000,12000,0.003775345672299189,-4.606796650285516e-06,0.012843277481136322,0.0038797473419317522,0.016082703025292022,3.984743299894035
10,20261101,2500,cb12d79a9a930c68c4f67873cafa1a8feb061df4,numpy+cuda,100,57c780ff74744ccb677056d4796d79a3ba66d22fe17f0812720b23b46edd2d96,0.025684296430258737,0.025684296430258737,12000,0.039217950022781105,0.013720466682666313,0.7886907874794429,hutchinson_25,300000,path_clip,2,900,266400,900,266400,0,0,0,results/expert_iteration/artifacts/rows/d100_seed0_ckpt2500_n2_M10_rep1_path_clip_hutch25.npz,1,3.9987167441936706,A,decision_d20_d100_d160,240000,12000,0.8232645707309475,-3.298145370890198,3.298145370890198,0.82176011583381,3.4064393209698913,2.8991723998915404
10,20261101,2500,cb12d79a9a930c68c4f67873cafa1a8feb061df4,numpy+cuda,100,57c780ff74744ccb677056d4796d79a3ba66d22fe17f0812720b23b46edd2d96,0.010951345901613592,-0.010951345901613592,12000,0.011287606156809828,0.015436570864769766,0.8373961778277951,exact,1200000,path,2,900,266400,900,266400,0,0,0,results/expert_iteration/artifacts/rows/d100_seed0_ckpt2500_n2_M10_rep1_path_exact.npz,1,0.018922864393043838,A,decision_d20_d100_d160,240000,12000,0.0037986437990235903,-0.0011296446689972803,0.012875149429448215,0.0038887613777881655,0.016120068876457432,2.9546026999596506
10,20261101,2500,cb12d79a9a930c68c4f67873cafa1a8feb061df4,numpy+cuda,100,57c780ff74744ccb677056d4796d79a3ba66d22fe17f0812720b23b46edd2d96,0.010951345901613592,-0.010951345901613592,12000,0.011287606156809828,0.015439805937242342,0.8375149759643005,hutchinson_25,300000,path,2,900,266400,900,266400,0,0,0,results/expert_iteration/artifacts/rows/d100_seed0_ckpt2500_n2_M10_rep1_path_hutch25.npz,1,0.018919934665111424,A,decision_d20_d100_d160,240000,12000,0.003800120610570634,-0.0011311364823940716,0.01287575136078637,0.003888159301242334,0.01611757309066735,2.9268935997970402
10,20261101,2500,cb12d79a9a930c68c4f67873cafa1a8feb061df4,numpy+cuda,100,57c780ff74744ccb677056d4796d79a3ba66d22fe17f0812720b23b46edd2d96,0.37284896417162927,-0.37284896417162927,12000,0.4126912929996557,0.0954651544144139,3.7735090452399227,hutchinson_25,300000,scasml,2,900,266400,900,266400,0,0,0,results/expert_iteration/artifacts/rows/d100_seed0_ckpt2500_n2_M10_rep1_scasml_hutch25.npz,1,3.9987167441936706,A,decision_d20_d100_d160,240000,12000,0.8232645707309475,-3.298145370890198,3.298145370890198,0.82176011583381,3.4064393209698913,2.9251250999514014
10,20261101,2500,cb12d79a9a930c68c4f67873cafa1a8feb061df4,numpy+cuda,100,57c780ff74744ccb677056d4796d79a3ba66d22fe17f0812720b23b46edd2d96,100.2081302858208,-100.2081302858208,12000,100.2081302858208,27.065053838912064,1347.9914309070687,exact,1200000,scasml_noclip,2,900,266400,900,266400,0,0,0,results/expert_iteration/artifacts/rows/d100_seed0_ckpt2500_n2_M10_rep1_scasml_noclip_exact.npz,1,10.687172647555695,A,decision_d20_d100_d160,240000,12000,2.2004254028716015,-8.705115807107205,8.705115807107205,2.1962776547110043,9.10422204560744,2.9655487998388708
10,20261101,2500,cb12d79a9a930c68c4f67873cafa1a8feb061df4,numpy+cuda,100,57c780ff74744ccb677056d4796d79a3ba66d22fe17f0812720b23b46edd2d96,100.2081302858208,-100.2081302858208,12000,100.2081302858208,27.065053751777505,1347.9913766380807,hutchinson_25,300000,scasml_noclip,2,900,266400,900,266400,0,0,0,results/expert_iteration/artifacts/rows/d100_seed0_ckpt2500_n2_M10_rep1_scasml_noclip_hutch25.npz,1,10.687175709018135,A,decision_d20_d100_d160,240000,12000,2.2004235447771454,-8.705117298920602,8.705117298920602,2.1962782838597747,9.104224653615633,2.85186930000782
10,20261101,2500,cb12d79a9a930c68c4f67873cafa1a8feb061df4,numpy+cuda,100,,,,0,,0.010447741950059462,1.0004913056580156,none,0,surrogate,2,1,1200,1,1200,0,0,0,results/expert_iteration/artifacts/rows/d100_seed0_ckpt2500_n2_M10_rep1_surrogate_hutch25.npz,1,4.112476724810014,A,decision_d20_d100_d160,0,0,0.8464608920059586,-3.398145370890198,3.398145370890198,0.8451384696480133,3.5033495288977163,0.002240200061351061
10,20261101,2500,cb12d79a9a930c68c4f67873cafa1a8feb061df4,reference,100,,,,0,,,,none,0,f_zero,2,0,0,0,0,0,0,0,results/expert_iteration/artifacts/rows/d100_seed0_ckpt2500_n2_M10_rep2_f_zero_none.npz,2,0.014597002466061444,A,decision_d20_d100_d160,0,0,0.002976198178258171,0.012395241328121424,0.012395241328121424,0.002999770977715469,0.012434940094440931,9.990017861127853e-05
10,20261101,2500,cb12d79a9a930c68c4f67873cafa1a8feb061df4,numpy+none,100,3f9c13ceb2abb5ddb7bf99553930409d5eb13da56e9c46cb5a7cea0dd80aa303,,,12000,,8.642982625303476,344.3530553765299,none,0,mlp_clip,2,0,0,0,0,0,0,0,results/expert_iteration/artifacts/rows/d100_seed0_ckpt2500_n2_M10_rep2_mlp_clip_none.npz,2,10.747168261783221,A,decision_d20_d100_d160,240000,12000,2.1957177545426023,-8.767020063084786,8.767020063084786,2.2086071108968466,9.155331297015943,0.5102767001371831
10,20261101,2500,cb12d79a9a930c68c4f67873cafa1a8feb061df4,numpy+none,100,3f9c13ceb2abb5ddb7bf99553930409d5eb13da56e9c46cb5a7cea0dd80aa303,,,12000,,26.813326847454757,1335.6326144776576,none,0,mlp,2,0,0,0,0,0,0,0,results/expert_iteration/artifacts/rows/d100_seed0_ckpt2500_n2_M10_rep2_mlp_none.npz,2,10.752933327128467,A,decision_d20_d100_d160,240000,12000,2.198357183003446,-8.770056462019507,8.770056462019507,2.2097918661743434,9.160242458905197,0.5123125999234617
10,20261101,2500,cb12d79a9a930c68c4f67873cafa1a8feb061df4,numpy+cuda,100,3f9c13ceb2abb5ddb7bf99553930409d5eb13da56e9c46cb5a7cea0dd80aa303,1.7631837830045515e-20,-1.7631837830045515e-20,12000,1.5529840868139244e-19,0.6044030497141408,29.08671114702087,hutchinson_25,300000,oracle_state,2,900,266400,900,266400,0,0,0,results/expert_iteration/artifacts/rows/d100_seed0_ckpt2500_n2_M10_rep2_oracle_state_hutch25.npz,2,0.019777397024961996,A,decision_d20_d100_d160,240000,12000,0.0038952924023632424,-0.00026053151554101904,0.013515224491532309,0.004064372925069802,0.01684803080640526,4.010083199944347
10,20261101,2500,cb12d79a9a930c68c4f67873cafa1a8feb061df4,numpy+cuda,100,3f9c13ceb2abb5ddb7bf99553930409d5eb13da56e9c46cb5a7cea0dd80aa303,0.025833617090742545,0.025833617090742545,12000,0.03906111587357781,0.01373623355813354,0.7889137240940006,hutchinson_25,300000,path_clip,2,900,266400,900,266400,0,0,0,results/expert_iteration/artifacts/rows/d100_seed0_ckpt2500_n2_M10_rep2_path_clip_hutch25.npz,2,3.9987167441936706,A,decision_d20_d100_d160,240000,12000,0.8232645707309475,-3.298145370890198,3.298145370890198,0.82176011583381,3.4064393209698913,2.8944989999290556
10,20261101,2500,cb12d79a9a930c68c4f67873cafa1a8feb061df4,numpy+cuda,100,3f9c13ceb2abb5ddb7bf99553930409d5eb13da56e9c46cb5a7cea0dd80aa303,0.010835205664983843,-0.010835205664983843,12000,0.011154541078599683,0.015438594243942694,0.8342481022165523,exact,1200000,path,2,900,266400,900,266400,0,0,0,results/expert_iteration/artifacts/rows/d100_seed0_ckpt2500_n2_M10_rep2_path_exact.npz,2,0.019834403503119193,A,decision_d20_d100_d160,240000,12000,0.0039059439838041387,-0.0013816380499443736,0.013547501961379719,0.004076088095983509,0.016896593663233428,3.006248200079426
10,20261101,2500,cb12d79a9a930c68c4f67873cafa1a8feb061df4,numpy+cuda,100,3f9c13ceb2abb5ddb7bf99553930409d5eb13da56e9c46cb5a7cea0dd80aa303,0.010835205664983843,-0.010835205664983843,12000,0.011154541078599683,0.015441561700354614,0.8343010782999151,hutchinson_25,300000,path,2,900,266400,900,266400,0,0,0,results/expert_iteration/artifacts/rows/d100_seed0_ckpt2500_n2_M10_rep2_path_hutch25.npz,2,0.01983697434329811,A,decision_d20_d100_d160,240000,12000,0.003904245615501139,-0.0013829791523136859,0.013547207795257348,0.004076616418957696,0.01689878371860209,2.90702320006676
10,20261101,2500,cb12d79a9a930c68c4f67873cafa1a8feb061df4,numpy+cuda,100,3f9c13ceb2abb5ddb7bf99553930409d5eb13da56e9c46cb5a7cea0dd80aa303,0.37250427502905625,-0.37250427502905625,12000,0.4120461373750661,0.09538467535910979,3.7729355371551088,hutchinson_25,300000,scasml,2,900,266400,900,266400,0,0,0,results/expert_iteration/artifacts/rows/d100_seed0_ckpt2500_n2_M10_rep2_scasml_hutch25.npz,2,3.9987167441936706,A,decision_d20_d100_d160,240000,12000,0.8232645707309475,-3.298145370890198,3.298145370890198,0.82176011583381,3.4064393209698913,2.8458801000379026
10,20261101,2500,cb12d79a9a930c68c4f67873cafa1a8feb061df4,numpy+cuda,100,3f9c13ceb2abb5ddb7bf99553930409d5eb13da56e9c46cb5a7cea0dd80aa303,99.76592362367684,-99.76592362367684,12000,99.76592362367684,26.821101305421447,1336.01591671142,exact,1200000,scasml_noclip,2,900,266400,900,266400,0,0,0,results/expert_iteration/artifacts/rows/d100_seed0_ckpt2500_n2_M10_rep2_scasml_noclip_exact.npz,2,10.758242125757057,A,decision_d20_d100_d160,240000,12000,2.199511690837771,-8.774187734462433,8.774187734462433,2.2108828559230678,9.16476493487747,3.018768700072542
10,20261101,2500,cb12d79a9a930c68c4f67873cafa1a8feb061df4,numpy+cuda,100,3f9c13ceb2abb5ddb7bf99553930409d5eb13da56e9c46cb5a7cea0dd80aa303,99.76592362367684,-99.76592362367684,12000,99.76592362367684,26.821101201468437,1336.0158419245993,hutchinson_25,300000,scasml_noclip,2,900,266400,900,266400,0,0,0,results/expert_iteration/artifacts/rows/d100_seed0_ckpt2500_n2_M10_rep2_scasml_noclip_hutch25.npz,2,10.758243658670446,A,decision_d20_d100_d160,240000,12000,2.199509800848536,-8.774189075564802,8.774189075564802,2.210883170945903,9.16476624074052,2.809017599793151
10,20261101,2500,cb12d79a9a930c68c4f67873cafa1a8feb061df4,numpy+cuda,100,,,,0,,0.010447741950059462,1.0004913056580156,none,0,surrogate,2,1,1200,1,1200,0,0,0,results/expert_iteration/artifacts/rows/d100_seed0_ckpt2500_n2_M10_rep2_surrogate_hutch25.npz,2,4.112476724810014,A,decision_d20_d100_d160,0,0,0.8464608920059586,-3.398145370890198,3.398145370890198,0.8451384696480133,3.5033495288977163,0.002462300006300211
10,20261101,2500,cb12d79a9a930c68c4f67873cafa1a8feb061df4,reference,100,,,,0,,,,none,0,f_zero,2,0,0,0,0,0,0,0,results/expert_iteration/artifacts/rows/d100_seed0_ckpt2500_n2_M10_rep3_f_zero_none.npz,3,0.014597002466061444,A,decision_d20_d100_d160,0,0,0.002976198178258171,0.012395241328121424,0.012395241328121424,0.002999770977715469,0.012434940094440931,9.059999138116837e-05
10,20261101,2500,cb12d79a9a930c68c4f67873cafa1a8feb061df4,numpy+none,100,339ba5a3ebdc2d244af425a8bfc4b91343df48f02e91eef6633bb198c1c610fc,,,12000,,8.69391406740702,345.70632040528994,none,0,mlp_clip,2,0,0,0,0,0,0,0,results/expert_iteration/artifacts/rows/d100_seed0_ckpt2500_n2_M10_rep3_mlp_clip_none.npz,3,10.719731040206367,A,decision_d20_d100_d160,240000,12000,2.1987469479158044,-8.704946279010441,8.704946279010441,2.2029685983880793,9.131957990923864,0.5136489998549223
10,20261101,2500,cb12d79a9a930c68c4f67873cafa1a8feb061df4,numpy+none,100,339ba5a3ebdc2d244af425a8bfc4b91343df48f02e91eef6633bb198c1c610fc,,,12000,,27.437933651723835,1366.414254644607,none,0,mlp,2,0,0,0,0,0,0,0,results/expert_iteration/artifacts/rows/d100_seed0_ckpt2500_n2_M10_rep3_mlp_none.npz,3,10.729890855757441,A,decision_d20_d100_d160,240000,12000,2.198755730893101,-8.710423446940338,8.710423446940338,2.205056501017398,9.140612966357478,0.5116675000172108
10,20261101,2500,cb12d79a9a930c68c4f67873cafa1a8feb061df4,numpy+cuda,100,339ba5a3ebdc2d244af425a8bfc4b91343df48f02e91eef6633bb198c1c610fc,3.279711571768651e-21,3.279711571768651e-21,12000,1.6475355512727644e-19,0.6080994557826386,29.27716104678866,hutchinson_25,300000,oracle_state,2,900,266400,900,266400,0,0,0,results/expert_iteration/artifacts/rows/d100_seed0_ckpt2500_n2_M10_rep3_oracle_state_hutch25.npz,3,0.019841543107625315,A,decision_d20_d100_d160,240000,12000,0.0038096366512914825,-0.00013067519140564732,0.013363353440564744,0.00407755532724826,0.01690267577184018,3.9541726000607014
10,20261101,2500,cb12d79a9a930c68c4f67873cafa1a8feb061df4,numpy+cuda,100,339ba5a3ebdc2d244af425a8bfc4b91343df48f02e91eef6633bb198c1c610fc,0.02538362090020082,0.02538362090020082,12000,0.03873182583095613,0.013791637280063992,0.790762361484139,hutchinson_25,300000,path_clip,2,900,266400,900,266400,0,0,0,results/expert_iteration/artifacts/rows/d100_seed0_ckpt2500_n2_M10_rep3_path_clip_hutch25.npz,3,3.9987167441936706,A,decision_d20_d100_d160,240000,12000,0.8232645707309475,-3.298145370890198,3.298145370890198,0.82176011583381,3.4064393209698913,2.816578899975866
10,20261101,2500,cb12d79a9a930c68c4f67873cafa1a8feb061df4,numpy+cuda,100,339ba5a3ebdc2d244af425a8bfc4b91343df48f02e91eef6633bb198c1c610fc,0.010709512627305615,-0.010709512627305615,12000,0.011040091222572242,0.015530257886994981,0.844520803982719,exact,1200000,path,2,900,266400,900,266400,0,0,0,results/expert_iteration/artifacts/rows/d100_seed0_ckpt2500_n2_M10_rep3_path_exact.npz,3,0.01987687944213467,A,decision_d20_d100_d160,240000,12000,0.003827910219647274,-0.0012253450242993703,0.013379750283832472,0.004084817154528651,0.016932778198951677,2.9883779999800026
10,20261101,2500,cb12d79a9a930c68c4f67873cafa1a8feb061df4,numpy+cuda,100,339ba5a3ebdc2d244af425a8bfc4b91343df48f02e91eef6633bb198c1c610fc,0.010709512627305615,-0.010709512627305615,12000,0.011040091222572239,0.015540932838227913,0.8448094222729392,hutchinson_25,300000,path,2,900,266400,900,266400,0,0,0,results/expert_iteration/artifacts/rows/d100_seed0_ckpt2500_n2_M10_rep3_path_hutch25.npz,3,0.019871055730709557,A,decision_d20_d100_d160,240000,12000,0.003827355742959841,-0.0012356124902497116,0.013371248760351805,0.004083620347132321,0.016927817077456567,2.885124000022188
10,20261101,2500,cb12d79a9a930c68c4f67873cafa1a8feb061df4,numpy+cuda,100,339ba5a3ebdc2d244af425a8bfc4b91343df48f02e91eef6633bb198c1c610fc,0.37346015041427133,-0.37346015041427133,12000,0.41293692275579647,0.0955720868520284,3.7761257509347166,hutchinson_25,300000,scasml,2,900,266400,900,266400,0,0,0,results/expert_iteration/artifacts/rows/d100_seed0_ckpt2500_n2_M10_rep3_scasml_hutch25.npz,3,3.9987167441936706,A,decision_d20_d100_d160,240000,12000,0.8232645707309475,-3.298145370890198,3.298145370890198,0.82176011583381,3.4064393209698913,2.8350118999369442
10,20261101,2500,cb12d79a9a930c68c4f67873cafa1a8feb061df4,numpy+cuda,100,339ba5a3ebdc2d244af425a8bfc4b91343df48f02e91eef6633bb198c1c610fc,100.82906734848201,-100.82906734848201,12000,100.82906734848201,27.445973713055217,1366.8034007203673,exact,1200000,scasml_noclip,2,900,266400,900,266400,0,0,0,results/expert_iteration/artifacts/rows/d100_seed0_ckpt2500_n2_M10_rep3_scasml_noclip_exact.npz,3,10.73517493432756,A,decision_d20_d100_d160,240000,12000,2.199888828626434,-8.714486614719883,8.714486614719883,2.2061424106468213,9.14511438372906,2.9927622000686824
10,20261101,2500,cb12d79a9a930c68c4f67873cafa1a8feb061df4,numpy+cuda,100,339ba5a3ebdc2d244af425a8bfc4b91343df48f02e91eef6633bb198c1c610fc,100.82906734848201,-100.82906734848201,12000,100.82906734848201,27.44597613389642,1366.8034938535618,hutchinson_25,300000,scasml_noclip,2,900,266400,900,266400,0,0,0,results/expert_iteration/artifacts/rows/d100_seed0_ckpt2500_n2_M10_rep3_scasml_noclip_hutch25.npz,3,10.735187611980583,A,decision_d20_d100_d160,240000,12000,2.199888751818677,-8.714496882185832,8.714496882185832,2.206145015980052,9.145125183607751,2.8638768000528216
10,20261101,2500,cb12d79a9a930c68c4f67873cafa1a8feb061df4,numpy+cuda,100,,,,0,,0.010447741950059462,1.0004913056580156,none,0,surrogate,2,1,1200,1,1200,0,0,0,results/expert_iteration/artifacts/rows/d100_seed0_ckpt2500_n2_M10_rep3_surrogate_hutch25.npz,3,4.112476724810014,A,decision_d20_d100_d160,0,0,0.8464608920059586,-3.398145370890198,3.398145370890198,0.8451384696480133,3.5033495288977163,0.0023554000072181225
10,20261101,2500,cb12d79a9a930c68c4f67873cafa1a8feb061df4,reference,100,,,,0,,,,none,0,f_zero,2,0,0,0,0,0,0,0,results/expert_iteration/artifacts/rows/d100_seed0_ckpt2500_n2_M10_rep4_f_zero_none.npz,4,0.014597002466061444,A,decision_d20_d100_d160,0,0,0.002976198178258171,0.012395241328121424,0.012395241328121424,0.002999770977715469,0.012434940094440931,9.780004620552063e-05
10,20261101,2500,cb12d79a9a930c68c4f67873cafa1a8feb061df4,numpy+none,100,2a044ac65a135299fd381897b1afe842aa37adefd6c69a43b5b0c605bd01355b,,,12000,,8.685845045690737,345.5048352749252,none,0,mlp_clip,2,0,0,0,0,0,0,0,results/expert_iteration/artifacts/rows/d100_seed0_ckpt2500_n2_M10_rep4_mlp_clip_none.npz,4,10.623668473594009,A,decision_d20_d100_d160,240000,12000,2.2122849654397876,-8.642678042883201,8.642678042883201,2.1832271685953115,9.05012391136402,0.5283022001385689
10,20261101,2500,cb12d79a9a930c68c4f67873cafa1a8feb061df4,numpy+none,100,2a044ac65a135299fd381897b1afe842aa37adefd6c69a43b5b0c605bd01355b,,,12000,,27.360111656249863,1361.4611683910964,none,0,mlp,2,0,0,0,0,0,0,0,results/expert_iteration/artifacts/rows/d100_seed0_ckpt2500_n2_M10_rep4_mlp_none.npz,4,10.627025565840023,A,decision_d20_d100_d160,240000,12000,2.2147302708618546,-8.644544792057504,8.644544792057504,2.1839170710538824,9.052983761601611,0.5123572999145836
10,20261101,2500,cb12d79a9a930c68c4f67873cafa1a8feb061df4,numpy+cuda,100,2a044ac65a135299fd381897b1afe842aa37adefd6c69a43b5b0c605bd01355b,2.117808243588352e-20,2.117808243588352e-20,12000,1.470358846252425e-19,0.6041304155246925,29.070874470199453,hutchinson_25,300000,oracle_state,2,900,266400,900,266400,0,0,0,results/expert_iteration/artifacts/rows/d100_seed0_ckpt2500_n2_M10_rep4_oracle_state_hutch25.npz,4,0.018747240257788563,A,decision_d20_d100_d160,240000,12000,0.003928189103437002,0.00018101675394553628,0.012807084635301683,0.0038526695716005555,0.01597045763907394,3.9442845000885427
10,20261101,2500,cb12d79a9a930c68c4f67873cafa1a8feb061df4,numpy+cuda,100,2a044ac65a135299fd381897b1afe842aa37adefd6c69a43b5b0c605bd01355b,0.025905217073760246,0.025905217073760246,12000,0.039216159406732315,0.013718961406656394,0.7885060476530049,hutchinson_25,300000,path_clip,2,900,266400,900,266400,0,0,0,results/expert_iteration/artifacts/rows/d100_seed0_ckpt2500_n2_M10_rep4_path_clip_hutch25.npz,4,3.9987167441936706,A,decision_d20_d100_d160,240000,12000,0.8232645707309475,-3.298145370890198,3.298145370890198,0.82176011583381,3.4064393209698913,2.819733399897814
10,20261101,2500,cb12d79a9a930c68c4f67873cafa1a8feb061df4,numpy+cuda,100,2a044ac65a135299fd381897b1afe842aa37adefd6c69a43b5b0c605bd01355b,0.01085384297009438,-0.01085384297009438,12000,0.011206888028843232,0.015478002285888156,0.8398503195470584,exact,1200000,path,2,900,266400,900,266400,0,0,0,results/expert_iteration/artifacts/rows/d100_seed0_ckpt2500_n2_M10_rep4_path_exact.npz,4,0.018764945049623283,A,decision_d20_d100_d160,240000,12000,0.003909273645584757,-0.0009041408790578285,0.012782207071172178,0.0038563080118101663,0.015985540052491434,3.000017900019884
10,20261101,2500,cb12d79a9a930c68c4f67873cafa1a8feb061df4,numpy+cuda,100,2a044ac65a135299fd381897b1afe842aa37adefd6c69a43b5b0c605bd01355b,0.010853842970094379,-0.010853842970094379,12000,0.011206888028843232,0.015488406641831626,0.8402259679685512,hutchinson_25,300000,path,2,900,266400,900,266400,0,0,0,results/expert_iteration/artifacts/rows/d100_seed0_ckpt2500_n2_M10_rep4_path_hutch25.npz,4,0.018777837967142105,A,decision_d20_d100_d160,240000,12000,0.003912267232956192,-0.0009108412069275722,0.012793076374628619,0.0038589575831780502,0.01599652331137365,2.8791362999472767
10,20261101,2500,cb12d79a9a930c68c4f67873cafa1a8feb061df4,numpy+cuda,100,2a044ac65a135299fd381897b1afe842aa37adefd6c69a43b5b0c605bd01355b,0.3729750503702145,-0.3729750503702145,12000,0.4132806214030385,0.09540912695814162,3.771091894131501,hutchinson_25,300000,scasml,2,900,266400,900,266400,0,0,0,results/expert_iteration/artifacts/rows/d100_seed0_ckpt2500_n2_M10_rep4_scasml_hutch25.npz,4,3.9987167441936706,A,decision_d20_d100_d160,240000,12000,0.8232645707309475,-3.298145370890198,3.298145370890198,0.82176011583381,3.4064393209698913,2.893176000099629
10,20261101,2500,cb12d79a9a930c68c4f67873cafa1a8feb061df4,numpy+cuda,100,2a044ac65a135299fd381897b1afe842aa37adefd6c69a43b5b0c605bd01355b,101.57831770319792,-101.57831770319792,12000,101.57831770319792,27.367873649356024,1361.8382462303389,exact,1200000,scasml_noclip,2,900,266400,900,266400,0,0,0,results/expert_iteration/artifacts/rows/d100_seed0_ckpt2500_n2_M10_rep4_scasml_noclip_exact.npz,4,10.63206328833775,A,decision_d20_d100_d160,240000,12000,2.2158066963125256,-8.648441151640244,8.648441151640244,2.1849523530426067,9.057275312392077,3.0043365999590605
10,20261101,2500,cb12d79a9a930c68c4f67873cafa1a8feb061df4,numpy+cuda,100,2a044ac65a135299fd381897b1afe842aa37adefd6c69a43b5b0c605bd01355b,101.57831770319792,-101.57831770319792,12000,101.57831770319792,27.367874046185555,1361.8382429349376,hutchinson_25,300000,scasml_noclip,2,900,266400,900,266400,0,0,0,results/expert_iteration/artifacts/rows/d100_seed0_ckpt2500_n2_M10_rep4_scasml_noclip_hutch25.npz,4,10.632070763881986,A,decision_d20_d100_d160,240000,12000,2.2158106690834094,-8.648447851968115,8.648447851968115,2.1849538893114864,9.05728168068207,2.9944892001803964
10,20261101,2500,cb12d79a9a930c68c4f67873cafa1a8feb061df4,numpy+cuda,100,,,,0,,0.010447741950059462,1.0004913056580156,none,0,surrogate,2,1,1200,1,1200,0,0,0,results/expert_iteration/artifacts/rows/d100_seed0_ckpt2500_n2_M10_rep4_surrogate_hutch25.npz,4,4.112476724810014,A,decision_d20_d100_d160,0,0,0.8464608920059586,-3.398145370890198,3.398145370890198,0.8451384696480133,3.5033495288977163,0.0024077000562101603
10,20261101,500,cb12d79a9a930c68c4f67873cafa1a8feb061df4,numpy+cuda,100,5ea598213c78e2183945438cb961b8fa1630d48e466f986ff2645a11ea7087fe,0.011390773771348426,-0.011390773771348426,12000,0.011695046108558038,0.023181076908660135,1.166852786940065,hutchinson_25,300000,path,2,900,266400,900,266400,0,0,0,results/expert_iteration/artifacts/rows/d100_seed0_ckpt500_n2_M10_rep0_path_hutch25.npz,0,0.02252385180063394,A,decision_d20_d100_d160,240000,12000,0.004586563036880829,-0.0005800441077188475,0.015161397421614565,0.004628785745224083,0.019187689286766306,2.926586699904874
10,20261101,500,cb12d79a9a930c68c4f67873cafa1a8feb061df4,numpy+cuda,100,5ea598213c78e2183945438cb961b8fa1630d48e466f986ff2645a11ea7087fe,102.78356258138622,-102.78356258138622,12000,102.78356258138622,27.582312726440787,1373.548163394091,hutchinson_25,300000,scasml_noclip,2,900,266400,900,266400,0,0,0,results/expert_iteration/artifacts/rows/d100_seed0_ckpt500_n2_M10_rep0_scasml_noclip_hutch25.npz,0,10.830424533236153,A,decision_d20_d100_d160,240000,12000,2.214231090655548,-8.824576840508925,8.824576840508925,2.2257167707326913,9.226255909819892,2.8973314999602735
10,20261101,500,cb12d79a9a930c68c4f67873cafa1a8feb061df4,numpy+cuda,100,,,,0,,0.012140721317435581,1.0240681487337693,none,0,surrogate,2,1,1200,1,1200,0,0,0,results/expert_iteration/artifacts/rows/d100_seed0_ckpt500_n2_M10_rep0_surrogate_hutch25.npz,0,4.128872556554641,A,decision_d20_d100_d160,0,0,0.8498274291851193,-3.4103604253435362,3.4103604253435362,0.8485079107601453,3.517316861301544,0.0033660000190138817
10,20261101,500,cb12d79a9a930c68c4f67873cafa1a8feb061df4,numpy+cuda,100,f607cc0fa6823f2d25e1ce70dad21ebec831c32b918de6ec538b33956e28d4c1,0.011381054852427654,-0.011381054852427654,12000,0.011697505336759844,0.023080602813526807,1.156817322167704,hutchinson_25,300000,path,2,900,266400,900,266400,0,0,0,results/expert_iteration/artifacts/rows/d100_seed0_ckpt500_n2_M10_rep1_path_hutch25.npz,1,0.021718545459867785,A,decision_d20_d100_d160,240000,12000,0.0047138448287925745,-0.00010338880577916231,0.014818576826165513,0.0044632904940711685,0.01850166240361798,2.8731295000761747
10,20261101,500,cb12d79a9a930c68c4f67873cafa1a8feb061df4,numpy+cuda,100,f607cc0fa6823f2d25e1ce70dad21ebec831c32b918de6ec538b33956e28d4c1,101.56072652897814,-101.56072652897814,12000,101.56072652897814,27.4150768208778,1367.084376412082,hutchinson_25,300000,scasml_noclip,2,900,266400,900,266400,0,0,0,results/expert_iteration/artifacts/rows/d100_seed0_ckpt500_n2_M10_rep1_scasml_noclip_hutch25.npz,1,10.763084484383887,A,decision_d20_d100_d160,240000,12000,2.249711448830799,-8.757341014606036,8.757341014606036,2.2118779894723173,9.168890058482841,2.8751893998123705
10,20261101,500,cb12d79a9a930c68c4f67873cafa1a8feb061df4,numpy+cuda,100,,,,0,,0.012140721317435581,1.0240681487337693,none,0,surrogate,2,1,1200,1,1200,0,0,0,results/expert_iteration/artifacts/rows/d100_seed0_ckpt500_n2_M10_rep1_surrogate_hutch25.npz,1,4.128872556554641,A,decision_d20_d100_d160,0,0,0.8498274291851193,-3.4103604253435362,3.4103604253435362,0.8485079107601453,3.517316861301544,0.0023049998562783003
10,20261101,500,cb12d79a9a930c68c4f67873cafa1a8feb061df4,numpy+cuda,100,397b30e6313a904e61dc48bbc0bb6763a0f3d48e5efb6e84645a7b54dde05a91,0.011388540749636389,-0.011388540749636389,12000,0.011708278335694608,0.023243254370642747,1.1678058004609928,hutchinson_25,300000,path,2,900,266400,900,266400,0,0,0,results/expert_iteration/artifacts/rows/d100_seed0_ckpt500_n2_M10_rep2_path_hutch25.npz,2,0.022822421749677867,A,decision_d20_d100_d160,240000,12000,0.004807303836579484,-0.0008591572779003689,0.01545447396369387,0.004690143648673257,0.01944203598835752,2.898866399889812
10,20261101,500,cb12d79a9a930c68c4f67873cafa1a8feb061df4,numpy+cuda,100,397b30e6313a904e61dc48bbc0bb6763a0f3d48e5efb6e84645a7b54dde05a91,101.21294731983716,-101.21294731983716,12000,101.21294731983716,27.21381504023471,1350.9032449479573,hutchinson_25,300000,scasml_noclip,2,900,266400,900,266400,0,0,0,results/expert_iteration/artifacts/rows/d100_seed0_ckpt500_n2_M10_rep2_scasml_noclip_hutch25.npz,2,11.012350561294642,A,decision_d20_d100_d160,240000,12000,2.2282434588831994,-8.957680887133316,8.957680887133316,2.2631036534389026,9.381235623345782,2.9269433000590652
10,20261101,500,cb12d79a9a930c68c4f67873cafa1a8feb061df4,numpy+cuda,100,,,,0,,0.012140721317435581,1.0240681487337693,none,0,surrogate,2,1,1200,1,1200,0,0,0,results/expert_iteration/artifacts/rows/d100_seed0_ckpt500_n2_M10_rep2_surrogate_hutch25.npz,2,4.128872556554641,A,decision_d20_d100_d160,0,0,0.8498274291851193,-3.4103604253435362,3.4103604253435362,0.8485079107601453,3.517316861301544,0.001931800041347742
10,20261101,500,cb12d79a9a930c68c4f67873cafa1a8feb061df4,numpy+cuda,100,dec2e2d03706274c30b5d675a5c2f70859aee2cd001570d06c48f91795f7ec73,0.011415928453804949,-0.011415928453804949,12000,0.011735624173959437,0.023336643082951088,1.173340199324053,hutchinson_25,300000,path,2,900,266400,900,266400,0,0,0,results/expert_iteration/artifacts/rows/d100_seed0_ckpt500_n2_M10_rep3_path_hutch25.npz,3,0.02237470017240392,A,decision_d20_d100_d160,240000,12000,0.0043247422501558755,-0.001404590308497343,0.01519991201104771,0.004598134196956986,0.019060629531426752,2.9495417999569327
10,20261101,500,cb12d79a9a930c68c4f67873cafa1a8feb061df4,numpy+cuda,100,dec2e2d03706274c30b5d675a5c2f70859aee2cd001570d06c48f91795f7ec73,101.99625747263862,-101.99625747263862,12000,101.99625747263862,27.406438507357173,1362.6280787414375,hutchinson_25,300000,scasml_noclip,2,900,266400,900,266400,0,0,0,results/expert_iteration/artifacts/rows/d100_seed0_ckpt500_n2_M10_rep3_scasml_noclip_hutch25.npz,3,11.013413929296009,A,decision_d20_d100_d160,240000,12000,2.275963240246704,-8.949920340295986,8.949920340295986,2.2633221818988756,9.382141488603123,2.934300099965185
10,20261101,500,cb12d79a9a930c68c4f67873cafa1a8feb061df4,numpy+cuda,100,,,,0,,0.012140721317435581,1.0240681487337693,none,0,surrogate,2,1,1200,1,1200,0,0,0,results/expert_iteration/artifacts/rows/d100_seed0_ckpt500_n2_M10_rep3_surrogate_hutch25.npz,3,4.128872556554641,A,decision_d20_d100_d160,0,0,0.8498274291851193,-3.4103604253435362,3.4103604253435362,0.8485079107601453,3.517316861301544,0.0022319999989122152
10,20261101,500,cb12d79a9a930c68c4f67873cafa1a8feb061df4,numpy+cuda,100,e5a1129260d9c00f8849b424c55db26121c5bf0a0a21c8c6f7b61e325598702b,0.011241793283957522,-0.011241793283957522,12000,0.01156414690292261,0.023131611284832574,1.162668787953924,hutchinson_25,300000,path,2,900,266400,900,266400,0,0,0,results/expert_iteration/artifacts/rows/d100_seed0_ckpt500_n2_M10_rep4_path_hutch25.npz,4,0.02260741742998115,A,decision_d20_d100_d160,240000,12000,0.00445771676922219,0.00028958912374645263,0.01540515383030134,0.004645958979950399,0.01925887743634036,2.866877800086513
10,20261101,500,cb12d79a9a930c68c4f67873cafa1a8feb061df4,numpy+cuda,100,e5a1129260d9c00f8849b424c55db26121c5bf0a0a21c8c6f7b61e325598702b,100.86454535885456,-100.86454535885456,12000,100.86454535885456,27.268870797191227,1354.1546827870811,hutchinson_25,300000,scasml_noclip,2,900,266400,900,266400,0,0,0,results/expert_iteration/artifacts/rows/d100_seed0_ckpt500_n2_M10_rep4_scasml_noclip_hutch25.npz,4,10.808879649182716,A,decision_d20_d100_d160,240000,12000,2.225204625080467,-8.796573250866393,8.796573250866393,2.22128916869234,9.20790218663809,2.891348499804735
10,20261101,500,cb12d79a9a930c68c4f67873cafa1a8feb061df4,numpy+cuda,100,,,,0,,0.012140721317435581,1.0240681487337693,none,0,surrogate,2,1,1200,1,1200,0,0,0,results/expert_iteration/artifacts/rows/d100_seed0_ckpt500_n2_M10_rep4_surrogate_hutch25.npz,4,4.128872556554641,A,decision_d20_d100_d160,0,0,0.8498274291851193,-3.4103604253435362,3.4103604253435362,0.8485079107601453,3.517316861301544,0.0019462998025119305
10,20261101,1000,cb12d79a9a930c68c4f67873cafa1a8feb061df4,numpy+cuda,100,49fe918f64f14d45809ba5aa0a32c71b3438b73c3e9f6b11ae045e0facc531d5,0.010976917312956185,-0.010976917312956185,12000,0.011317024217717521,0.017166223097677763,0.9004390239887484,hutchinson_25,300000,path,2,900,266400,900,266400,1,0,0,results/expert_iteration/artifacts/rows/d100_seed1_ckpt1000_n2_M10_rep0_path_hutch25.npz,0,0.019638894698413675,A,decision_d20_d100_d160,240000,12000,0.003935461302711737,-0.0018544024180949684,0.013403015266853655,0.004035909871748291,0.016730043011474523,2.9614897000137717
10,20261101,1000,cb12d79a9a930c68c4f67873cafa1a8feb061df4,numpy+cuda,100,49fe918f64f14d45809ba5aa0a32c71b3438b73c3e9f6b11ae045e0facc531d5,100.79032738667729,-100.79032738667729,12000,100.79032738667729,27.032531415150668,1343.0821263603068,hutchinson_25,300000,scasml_noclip,2,900,266400,900,266400,1,0,0,results/expert_iteration/artifacts/rows/d100_seed1_ckpt1000_n2_M10_rep0_scasml_noclip_hutch25.npz,0,10.83349463585829,A,decision_d20_d100_d160,240000,12000,2.1843687060990806,-8.809910083439418,8.809910083439418,2.226347695113633,9.2288712784395,2.9460344999097288
10,20261101,1000,cb12d79a9a930c68c4f67873cafa1a8feb061df4,numpy+cuda,100,,,,0,,0.01065662429316302,1.0025304001427648,none,0,surrogate,2,1,1200,1,1200,1,0,0,results/expert_iteration/artifacts/rows/d100_seed1_ckpt1000_n2_M10_rep0_surrogate_hutch25.npz,0,4.112830885644731,A,decision_d20_d100_d160,0,0,0.8465353449469997,-3.3982001336177183,3.3982001336177183,0.8452112518096864,3.503651232536785,0.002254399936646223
10,20261101,1000,cb12d79a9a930c68c4f67873cafa1a8feb061df4,numpy+cuda,100,de8d5e09ce24f9f64e3587d7f1886d57adb3cef75e967a58808e601acaec4fdc,0.011138453397603615,-0.011138453397603615,12000,0.011446705954105584,0.016967993630107203,0.8906155609393596,hutchinson_25,300000,path,2,900,266400,900,266400,1,0,0,results/expert_iteration/artifacts/rows/d100_seed1_ckpt1000_n2_M10_rep1_path_hutch25.npz,1,0.01943526160107652,A,decision_d20_d100_d160,240000,12000,0.003986504099248981,-0.0013389113623820709,0.013277357247485057,0.003994062056971623,0.016556571411910137,2.8902485000435263
10,20261101,1000,cb12d79a9a930c68c4f67873cafa1a8feb061df4,numpy+cuda,100,de8d5e09ce24f9f64e3587d7f1886d57adb3cef75e967a58808e601acaec4fdc,101.27157418097639,-101.27157418097639,12000,101.27157418097639,27.36699520306793,1359.643563261815,hutchinson_25,300000,scasml_noclip,2,900,266400,900,266400,1,0,0,results/expert_iteration/artifacts/rows/d100_seed1_ckpt1000_n2_M10_rep1_scasml_noclip_hutch25.npz,1,10.68343875940871,A,decision_d20_d100_d160,240000,12000,2.200188481877157,-8.706838125852276,8.706838125852276,2.1955103184497817,9.101041209299776,2.8419593998696655
10,20261101,1000,cb12d79a9a930c68c4f67873cafa1a8feb061df4,numpy+cuda,100,,,,0,,0.01065662429316302,1.0025304001427648,none,0,surrogate,2,1,1200,1,1200,1,0,0,results/expert_iteration/artifacts/rows/d100_seed1_ckpt1000_n2_M10_rep1_surrogate_hutch25.npz,1,4.112830885644731,A,decision_d20_d100_d160,0,0,0.8465353449469997,-3.3982001336177183,3.3982001336177183,0.8452112518096864,3.503651232536785,0.001967000076547265
10,20261101,1000,cb12d79a9a930c68c4f67873cafa1a8feb061df4,numpy+cuda,100,3502ba9b8eb3a44dd420cbe67a27b7b8d3e81ad8fccb63c061b00a415634b838,0.011057830693574088,-0.011057830693574088,12000,0.011352481536888124,0.01702298407386328,0.8899723970690832,hutchinson_25,300000,path,2,900,266400,900,266400,1,0,0,results/expert_iteration/artifacts/rows/d100_seed1_ckpt1000_n2_M10_rep2_path_hutch25.npz,2,0.019633770708475117,A,decision_d20_d100_d160,240000,12000,0.004247439296708163,-0.0007935512349791859,0.013422777300058418,0.004034856861286484,0.01672567797090687,2.9182313000783324
10,20261101,1000,cb12d79a9a930c68c4f67873cafa1a8feb061df4,numpy+cuda,100,3502ba9b8eb3a44dd420cbe67a27b7b8d3e81ad8fccb63c061b00a415634b838,100.98933727470433,-100.98933727470433,12000,100.98933727470433,27.22697158389851,1354.7017980160354,hutchinson_25,300000,scasml_noclip,2,900,266400,900,266400,1,0,0,results/expert_iteration/artifacts/rows/d100_seed1_ckpt1000_n2_M10_rep2_scasml_noclip_hutch25.npz,2,10.788049922677345,A,decision_d20_d100_d160,240000,12000,2.221932881225502,-8.78011499845071,8.78011499845071,2.2170085357891236,9.190157694104087,2.947473900159821
10,20261101,1000,cb12d79a9a930c68c4f67873cafa1a8feb061df4,numpy+cuda,100,,,,0,,0.01065662429316302,1.0025304001427648,none,0,surrogate,2,1,1200,1,1200,1,0,0,results/expert_iteration/artifacts/rows/d100_seed1_ckpt1000_n2_M10_rep2_surrogate_hutch25.npz,2,4.112830885644731,A,decision_d20_d100_d160,0,0,0.8465353449469997,-3.3982001336177183,3.3982001336177183,0.8452112518096864,3.503651232536785,0.0023139999248087406
10,20261101,1000,cb12d79a9a930c68c4f67873cafa1a8feb061df4,numpy+cuda,100,af97315283c6cdf1d31f92bc8084a32b954181bf4912e248797ad85c73ae3277,0.010847859872874612,-0.010847859872874612,12000,0.0111845271067082,0.017243390281475052,0.9096396289324157,hutchinson_25,300000,path,2,900,266400,900,266400,1,0,0,results/expert_iteration/artifacts/rows/d100_seed1_ckpt1000_n2_M10_rep3_path_hutch25.npz,3,0.020316100592924317,A,decision_d20_d100_d160,240000,12000,0.004041438392562004,-0.0012374531860798444,0.013863893355447932,0.004175079717955696,0.01730694328599467,2.9504009999800473
10,20261101,1000,cb12d79a9a930c68c4f67873cafa1a8feb061df4,numpy+cuda,100,af97315283c6cdf1d31f92bc8084a32b954181bf4912e248797ad85c73ae3277,100.38538476327193,-100.38538476327193,12000,100.38538476327193,27.345479091376998,1359.0550358346713,hutchinson_25,300000,scasml_noclip,2,900,266400,900,266400,1,0,0,results/expert_iteration/artifacts/rows/d100_seed1_ckpt1000_n2_M10_rep3_scasml_noclip_hutch25.npz,3,10.804661390636674,A,decision_d20_d100_d160,240000,12000,2.164949607442449,-8.777510513084724,8.777510513084724,2.2204222914281666,9.204308723360624,2.947205899981782
10,20261101,1000,cb12d79a9a930c68c4f67873cafa1a8feb061df4,numpy+cuda,100,,,,0,,0.01065662429316302,1.0025304001427648,none,0,surrogate,2,1,1200,1,1200,1,0,0,results/expert_iteration/artifacts/rows/d100_seed1_ckpt1000_n2_M10_rep3_surrogate_hutch25.npz,3,4.112830885644731,A,decision_d20_d100_d160,0,0,0.8465353449469997,-3.3982001336177183,3.3982001336177183,0.8452112518096864,3.503651232536785,0.002402900019660592
10,20261101,1000,cb12d79a9a930c68c4f67873cafa1a8feb061df4,numpy+cuda,100,81573539a6d5bbf4ce2d8ee382d559f8bb160f12d371ec059b441de48cbe66a9,0.01083659319784967,-0.01083659319784967,12000,0.011180955893621234,0.017251020315709187,0.9052247021798536,hutchinson_25,300000,path,2,900,266400,900,266400,1,0,0,results/expert_iteration/artifacts/rows/d100_seed1_ckpt1000_n2_M10_rep4_path_hutch25.npz,4,0.019747974547388147,A,decision_d20_d100_d160,240000,12000,0.003634819059011496,-0.0009472284880393341,0.013324502395734952,0.004058326430625225,0.01682296629422808,2.8985098998527974
10,20261101,1000,cb12d79a9a930c68c4f67873cafa1a8feb061df4,numpy+cuda,100,81573539a6d5bbf4ce2d8ee382d559f8bb160f12d371ec059b441de48cbe66a9,100.79158855205702,-100.79158855205702,12000,100.79158855205702,26.959135436009614,1350.5041413631038,hutchinson_25,300000,scasml_noclip,2,900,266400,900,266400,1,0,0,results/expert_iteration/artifacts/rows/d100_seed1_ckpt1000_n2_M10_rep4_scasml_noclip_hutch25.npz,4,10.683825961885773,A,decision_d20_d100_d160,240000,12000,2.1826089207899697,-8.702513919396006,8.702513919396006,2.195589890865823,9.101371060556422,2.9331247999798506
10,20261101,1000,cb12d79a9a930c68c4f67873cafa1a8feb061df4,numpy+cuda,100,,,,0,,0.01065662429316302,1.0025304001427648,none,0,surrogate,2,1,1200,1,1200,1,0,0,results/expert_iteration/artifacts/rows/d100_seed1_ckpt1000_n2_M10_rep4_surrogate_hutch25.npz,4,4.112830885644731,A,decision_d20_d100_d160,0,0,0.8465353449469997,-3.3982001336177183,3.3982001336177183,0.8452112518096864,3.503651232536785,0.002808299846947193
10,20261101,2500,cb12d79a9a930c68c4f67873cafa1a8feb061df4,reference,100,,,,0,,,,none,0,f_zero,2,0,0,0,0,1,0,0,results/expert_iteration/artifacts/rows/d100_seed1_ckpt2500_n2_M10_rep0_f_zero_none.npz,0,0.014597002466061444,A,decision_d20_d100_d160,0,0,0.002976198178258171,0.012395241328121424,0.012395241328121424,0.002999770977715469,0.012434940094440931,8.839997462928295e-05
10,20261101,2500,cb12d79a9a930c68c4f67873cafa1a8feb061df4,numpy+none,100,07b79c8ac9d0848fc00509bc6da9e527d4060425a19f8d77f4359789ce1bea2f,,,12000,,8.678313453176694,345.2550093684111,none,0,mlp_clip,2,0,0,0,0,1,0,0,results/expert_iteration/artifacts/rows/d100_seed1_ckpt2500_n2_M10_rep0_mlp_clip_none.npz,0,10.789322321136476,A,decision_d20_d100_d160,240000,12000,2.1864006307002573,-8.794827105831887,8.794827105831887,2.2172700212535994,9.191241628881267,0.5230709998868406
10,20261101,2500,cb12d79a9a930c68c4f67873cafa1a8feb061df4,numpy+none,100,07b79c8ac9d0848fc00509bc6da9e527d4060425a19f8d77f4359789ce1bea2f,,,12000,,27.305738962130818,1361.2860828493162,none,0,mlp,2,0,0,0,0,1,0,0,results/expert_iteration/artifacts/rows/d100_seed1_ckpt2500_n2_M10_rep0_mlp_none.npz,0,10.791127977849083,A,decision_d20_d100_d160,240000,12000,2.190773054616555,-8.795939767745795,8.795939767745795,2.21764109446639,9.192779837366508,0.505095399916172
10,20261101,2500,cb12d79a9a930c68c4f67873cafa1a8feb061df4,numpy+cuda,100,07b79c8ac9d0848fc00509bc6da9e527d4060425a19f8d77f4359789ce1bea2f,2.513542036545561e-20,-2.513542036545561e-20,12000,2.0025214125807267e-19,0.6078373393519894,29.237299599732815,hutchinson_25,300000,oracle_state,2,900,266400,900,266400,1,0,0,results/expert_iteration/artifacts/rows/d100_seed1_ckpt2500_n2_M10_rep0_oracle_state_hutch25.npz,0,0.018728322238247053,A,decision_d20_d100_d160,240000,12000,0.003800208324973224,0.00038778436830597953,0.01290800973073865,0.003848781805868625,0.015954341697444755,4.040150200016797
10,20261101,2500,cb12d79a9a930c68c4f67873cafa1a8feb061df4,numpy+cuda,100,07b79c8ac9d0848fc00509bc6da9e527d4060425a19f8d77f4359789ce1bea2f,0.024963187000931385,0.024963187000931385,12000,0.03854727663718289,0.013649221471485225,0.7839502098591499,hutchinson_25,300000,path_clip,2,900,266400,900,266400,1,0,0,results/expert_iteration/artifacts/rows/d100_seed1_ckpt2500_n2_M10_rep0_path_clip_hutch25.npz,0,3.9918555178263264,A,decision_d20_d100_d160,240000,12000,0.8218776539578608,-3.292151227111743,3.292151227111743,0.8203500929351945,3.4005943580022757,2.934731600107625
10,20261101,2500,cb12d79a9a930c68c4f67873cafa1a8feb061df4,numpy+cuda,100,07b79c8ac9d0848fc00509bc6da9e527d4060425a19f8d77f4359789ce1bea2f,0.0110856332190855,-0.0110856332190855,12000,0.011438038882571258,0.015321384954723028,0.8278542518328118,hutchinson_25,300000,path,2,900,266400,900,266400,1,0,0,results/expert_iteration/artifacts/rows/d100_seed1_ckpt2500_n2_M10_rep0_path_hutch25.npz,0,0.018750247168538434,A,decision_d20_d100_d160,240000,12000,0.003817337726228189,-0.0007283902659677903,0.012885287573706777,0.0038532875096752403,0.01597301917560385,2.9098238002043217
10,20261101,2500,cb12d79a9a930c68c4f67873cafa1a8feb061df4,numpy+cuda,100,07b79c8ac9d0848fc00509bc6da9e527d4060425a19f8d77f4359789ce1bea2f,0.37479586193597697,-0.37479586193597697,12000,0.41395678384266926,0.0953984032747809,3.7697504955997463,hutchinson_25,300000,scasml,2,900,266400,900,266400,1,0,0,results/expert_iteration/artifacts/rows/d100_seed1_ckpt2500_n2_M10_rep0_scasml_hutch25.npz,0,3.9918555178263264,A,decision_d20_d100_d160,240000,12000,0.8218776539578608,-3.292151227111743,3.292151227111743,0.8203500929351945,3.4005943580022757,2.949674400035292
10,20261101,2500,cb12d79a9a930c68c4f67873cafa1a8feb061df4,numpy+cuda,100,07b79c8ac9d0848fc00509bc6da9e527d4060425a19f8d77f4359789ce1bea2f,102.3433112896914,-102.3433112896914,12000,102.3433112896914,27.31082703813731,1361.542401891019,hutchinson_25,300000,scasml_noclip,2,900,266400,900,266400,1,0,0,results/expert_iteration/artifacts/rows/d100_seed1_ckpt2500_n2_M10_rep0_scasml_noclip_hutch25.npz,0,10.794126051129336,A,decision_d20_d100_d160,240000,12000,2.191410836936464,-8.798180829324155,8.798180829324155,2.2182572163884138,9.195333845405171,2.901179699925706
10,20261101,2500,cb12d79a9a930c68c4f67873cafa1a8feb061df4,numpy+cuda,100,,,,0,,0.010503613587183679,1.0012489837177558,none,0,surrogate,2,1,1200,1,1200,1,0,0,results/expert_iteration/artifacts/rows/d100_seed1_ckpt2500_n2_M10_rep0_surrogate_hutch25.npz,0,4.105604430064821,A,decision_d20_d100_d160,0,0,0.8450719921628977,-3.3921512271117424,3.3921512271117424,0.8437261721318028,3.4974951369657767,0.0016175999771803617
10,20261101,2500,cb12d79a9a930c68c4f67873cafa1a8feb061df4,reference,100,,,,0,,,,none,0,f_zero,2,0,0,0,0,1,0,0,results/expert_iteration/artifacts/rows/d100_seed1_ckpt2500_n2_M10_rep1_f_zero_none.npz,1,0.014597002466061444,A,decision_d20_d100_d160,0,0,0.002976198178258171,0.012395241328121424,0.012395241328121424,0.002999770977715469,0.012434940094440931,9.690015576779842e-05
10,20261101,2500,cb12d79a9a930c68c4f67873cafa1a8feb061df4,numpy+none,100,2963c4ce5a5896ffd807a5c1161bbabb291b7ea2f447002519c2c8732eb3cf36,,,12000,,8.664666678612749,344.84999908093795,none,0,mlp_clip,2,0,0,0,0,1,0,0,results/expert_iteration/artifacts/rows/d100_seed1_ckpt2500_n2_M10_rep1_mlp_clip_none.npz,1,10.683258713047238,A,decision_d20_d100_d160,240000,12000,2.26168723135074,-8.697843283786199,8.697843283786199,2.1954733178497583,9.100887830842497,0.5133946998976171
10,20261101,2500,cb12d79a9a930c68c4f67873cafa1a8feb061df4,numpy+none,100,2963c4ce5a5896ffd807a5c1161bbabb291b7ea2f447002519c2c8732eb3cf36,,,12000,,27.04541129964526,1349.467175780825,none,0,mlp,2,0,0,0,0,1,0,0,results/expert_iteration/artifacts/rows/d100_seed1_ckpt2500_n2_M10_rep1_mlp_none.npz,1,10.691260353930764,A,decision_d20_d100_d160,240000,12000,2.261706731816117,-8.702054208122108,8.702054208122108,2.197117702726195,9.107704293693361,0.5093898000195622
10,20261101,2500,cb12d79a9a930c68c4f67873cafa1a8feb061df4,numpy+cuda,100,2963c4ce5a5896ffd807a5c1161bbabb291b7ea2f447002519c2c8732eb3cf36,9.346726228635453e-21,-9.346726228635453e-21,12000,1.9847676020062765e-19,0.6039556243592826,29.09408716706335,hutchinson_25,300000,oracle_state,2,900,266400,900,266400,1,0,0,results/expert_iteration/artifacts/rows/d100_seed1_ckpt2500_n2_M10_rep1_oracle_state_hutch25.npz,1,0.01861559002054491,A,decision_d20_d100_d160,240000,12000,0.003929577176798178,-0.00010911668993979607,0.012497489734334373,0.0038256146634568417,0.015858307023401307,4.06568819982931
10,20261101,2500,cb12d79a9a930c68c4f67873cafa1a8feb061df4,numpy+cuda,100,2963c4ce5a5896ffd807a5c1161bbabb291b7ea2f447002519c2c8732eb3cf36,0.025223719176931985,0.025223719176931985,12000,0.038639105250120126,0.013781188480961454,0.7906847172039813,hutchinson_25,300000,path_clip,2,900,266400,900,266400,1,0,0,results/expert_iteration/artifacts/rows/d100_seed1_ckpt2500_n2_M10_rep1_path_clip_hutch25.npz,1,3.9918555178263264,A,decision_d20_d100_d160,240000,12000,0.8218776539578608,-3.292151227111743,3.292151227111743,0.8203500929351945,3.4005943580022757,2.957830299856141
10,20261101,2500,cb12d79a9a930c68c4f67873cafa1a8feb061df4,numpy+cuda,100,2963c4ce5a5896ffd807a5c1161bbabb291b7ea2f447002519c2c8732eb3cf36,0.010868306202333035,-0.010868306202333035,12000,0.01120216423949514,0.0154689581462562,0.8329990837543029,hutchinson_25,300000,path,2,900,266400,900,266400,1,0,0,results/expert_iteration/artifacts/rows/d100_seed1_ckpt2500_n2_M10_rep1_path_hutch25.npz,1,0.018657165669795413,A,decision_d20_d100_d160,240000,12000,0.003906933239079786,-0.0012304135030695939,0.01253729450282573,0.003834158707091232,0.015893724617460053,2.9967445000074804
10,20261101,2500,cb12d79a9a930c68c4f67873cafa1a8feb061df4,numpy+cuda,100,2963c4ce5a5896ffd807a5c1161bbabb291b7ea2f447002519c2c8732eb3cf36,0.37383817885460924,-0.37383817885460924,12000,0.4124260127534444,0.09538162939589336,3.7729658528425345,hutchinson_25,300000,scasml,2,900,266400,900,266400,1,0,0,results/expert_iteration/artifacts/rows/d100_seed1_ckpt2500_n2_M10_rep1_scasml_hutch25.npz,1,3.9918555178263264,A,decision_d20_d100_d160,240000,12000,0.8218776539578608,-3.292151227111743,3.292151227111743,0.8203500929351945,3.4005943580022757,2.976767099928111
10,20261101,2500,cb12d79a9a930c68c4f67873cafa1a8feb061df4,numpy+cuda,100,2963c4ce5a5896ffd807a5c1161bbabb291b7ea2f447002519c2c8732eb3cf36,100.83906921644773,-100.83906921644773,12000,100.83906921644773,27.05036988385565,1349.7228487746013,hutchinson_25,300000,scasml_noclip,2,900,266400,900,266400,1,0,0,results/expert_iteration/artifacts/rows/d100_seed1_ckpt2500_n2_M10_rep1_scasml_noclip_hutch25.npz,1,10.694607962552146,A,decision_d20_d100_d160,240000,12000,2.2623168762811225,-8.704716557568158,8.704716557568158,2.1978056562433994,9.110556064991155,2.8726475001312792
10,20261101,2500,cb12d79a9a930c68c4f67873cafa1a8feb061df4,numpy+cuda,100,,,,0,,0.010503613587183679,1.0012489837177558,none,0,surrogate,2,1,1200,1,1200,1,0,0,results/expert_iteration/artifacts/rows/d100_seed1_ckpt2500_n2_M10_rep1_surrogate_hutch25.npz,1,4.105604430064821,A,decision_d20_d100_d160,0,0,0.8450719921628977,-3.3921512271117424,3.3921512271117424,0.8437261721318028,3.4974951369657767,0.0027546000201255083
10,20261101,2500,cb12d79a9a930c68c4f67873cafa1a8feb061df4,reference,100,,,,0,,,,none,0,f_zero,2,0,0,0,0,1,0,0,results/expert_iteration/artifacts/rows/d100_seed1_ckpt2500_n2_M10_rep2_f_zero_none.npz,2,0.014597002466061444,A,decision_d20_d100_d160,0,0,0.002976198178258171,0.012395241328121424,0.012395241328121424,0.002999770977715469,0.012434940094440931,9.269989095628262e-05
10,20261101,2500,cb12d79a9a930c68c4f67873cafa1a8feb061df4,numpy+none,100,904ea439c212a6a4a466af7e01b8a3dbbe8bd4faab7742f47a6ccec70e5a5219,,,12000,,8.68009978182843,345.28548208061693,none,0,mlp_clip,2,0,0,0,0,1,0,0,results/expert_iteration/artifacts/rows/d100_seed1_ckpt2500_n2_M10_rep2_mlp_clip_none.npz,2,10.724157298601522,A,decision_d20_d100_d160,240000,12000,2.1947117557826155,-8.743362340733256,8.743362340733256,2.2038782208605374,9.13572864576305,0.5136041999794543
10,20261101,2500,cb12d79a9a930c68c4f67873cafa1a8feb061df4,numpy+none,100,904ea439c212a6a4a466af7e01b8a3dbbe8bd4faab7742f47a6ccec70e5a5219,,,12000,,27.025873070707256,1344.856596327172,none,0,mlp,2,0,0,0,0,1,0,0,results/expert_iteration/artifacts/rows/d100_seed1_ckpt2500_n2_M10_rep2_mlp_none.npz,2,10.728501491969778,A,decision_d20_d100_d160,240000,12000,2.197316964363316,-8.745781407152567,8.745781407152567,2.204770978481013,9.139429390790568,0.5053632999770343
10,20261101,2500,cb12d79a9a930c68c4f67873cafa1a8feb061df4,numpy+cuda,100,904ea439c212a6a4a466af7e01b8a3dbbe8bd4faab7742f47a6ccec70e5a5219,3.1893613907281923e-21,3.1893613907281923e-21,12000,1.8660022890285936e-19,0.6054962393674195,29.133277235410564,hutchinson_25,300000,oracle_state,2,900,266400,900,266400,1,0,0,results/expert_iteration/artifacts/rows/d100_seed1_ckpt2500_n2_M10_rep2_oracle_state_hutch25.npz,2,0.01863114780661361,A,decision_d20_d100_d160,240000,12000,0.003686627869083666,0.0003943188628878528,0.012643473770228028,0.0038288118811893803,0.015871560438834798,3.9778827999252826
10,20261101,2500,cb12d79a9a930c68c4f67873cafa1a8feb061df4,numpy+cuda,100,904ea439c212a6a4a466af7e01b8a3dbbe8bd4faab7742f47a6ccec70e5a5219,0.025927927393986465,0.025927927393986465,12000,0.03939981754509251,0.013716150661660412,0.7876213898851495,hutchinson_25,300000,path_clip,2,900,266400,900,266400,1,0,0,results/expert_iteration/artifacts/rows/d100_seed1_ckpt2500_n2_M10_rep2_path_clip_hutch25.npz,2,3.9918555178263264,A,decision_d20_d100_d160,240000,12000,0.8218776539578608,-3.292151227111743,3.292151227111743,0.8203500929351945,3.4005943580022757,2.8442721001338214
10,20261101,2500,cb12d79a9a930c68c4f67873cafa1a8feb061df4,numpy+cuda,100,904ea439c212a6a4a466af7e01b8a3dbbe8bd4faab7742f47a6ccec70e5a5219,0.010976218680848594,-0.010976218680848594,12000,0.01133967465009426,0.01543626525252149,0.8385132101378474,hutchinson_25,300000,path,2,900,266400,900,266400,1,0,0,results/expert_iteration/artifacts/rows/d100_seed1_ckpt2500_n2_M10_rep2_path_hutch25.npz,2,0.018637356041396127,A,decision_d20_d100_d160,240000,12000,0.0037195280404807084,-0.0007125456856147381,0.012657647494130071,0.0038300877104266995,0.015876849129289727,2.899391299812123
10,20261101,2500,cb12d79a9a930c68c4f67873cafa1a8feb061df4,numpy+cuda,100,904ea439c212a6a4a466af7e01b8a3dbbe8bd4faab7742f47a6ccec70e5a5219,0.37285504028694944,-0.37285504028694944,12000,0.41413034758441797,0.09543772253108829,3.7709018851513365,hutchinson_25,300000,scasml,2,900,266400,900,266400,1,0,0,results/expert_iteration/artifacts/rows/d100_seed1_ckpt2500_n2_M10_rep2_scasml_hutch25.npz,2,3.9918555178263264,A,decision_d20_d100_d160,240000,12000,0.8218776539578608,-3.292151227111743,3.292151227111743,0.8203500929351945,3.4005943580022757,2.9420961998403072
10,20261101,2500,cb12d79a9a930c68c4f67873cafa1a8feb061df4,numpy+cuda,100,904ea439c212a6a4a466af7e01b8a3dbbe8bd4faab7742f47a6ccec70e5a5219,100.97749253328139,-100.97749253328139,12000,100.97749253328139,27.03100888697997,1345.1121006132728,hutchinson_25,300000,scasml_noclip,2,900,266400,900,266400,1,0,0,results/expert_iteration/artifacts/rows/d100_seed1_ckpt2500_n2_M10_rep2_scasml_noclip_hutch25.npz,2,10.73178465003069,A,decision_d20_d100_d160,240000,12000,2.198107912275515,-8.748383730103978,8.748383730103978,2.205445687024036,9.142226257743419,2.9565812000073493
10,20261101,2500,cb12d79a9a930c68c4f67873cafa1a8feb061df4,numpy+cuda,100,,,,0,,0.010503613587183679,1.0012489837177558,none,0,surrogate,2,1,1200,1,1200,1,0,0,results/expert_iteration/artifacts/rows/d100_seed1_ckpt2500_n2_M10_rep2_surrogate_hutch25.npz,2,4.105604430064821,A,decision_d20_d100_d160,0,0,0.8450719921628977,-3.3921512271117424,3.3921512271117424,0.8437261721318028,3.4974951369657767,0.003380300011485815
10,20261101,2500,cb12d79a9a930c68c4f67873cafa1a8feb061df4,reference,100,,,,0,,,,none,0,f_zero,2,0,0,0,0,1,0,0,results/expert_iteration/artifacts/rows/d100_seed1_ckpt2500_n2_M10_rep3_f_zero_none.npz,3,0.014597002466061444,A,decision_d20_d100_d160,0,0,0.002976198178258171,0.012395241328121424,0.012395241328121424,0.002999770977715469,0.012434940094440931,9.640003554522991e-05
10,20261101,2500,cb12d79a9a930c68c4f67873cafa1a8feb061df4,numpy+none,100,d33c7ac98f28a65846b2eee585f18f9b471530ece58ed53070961e7f022c1606,,,12000,,8.679523925324906,345.2562839389587,none,0,mlp_clip,2,0,0,0,0,1,0,0,results/expert_iteration/artifacts/rows/d100_seed1_ckpt2500_n2_M10_rep3_mlp_clip_none.npz,3,10.713296000938753,A,decision_d20_d100_d160,240000,12000,2.2133997405773873,-8.71139736230591,8.71139736230591,2.2016461594777392,9.126476089555126,0.5219634000677615
10,20261101,2500,cb12d79a9a930c68c4f67873cafa1a8feb061df4,numpy+none,100,d33c7ac98f28a65846b2eee585f18f9b471530ece58ed53070961e7f022c1606,,,12000,,27.102939686599733,1347.5578692717675,none,0,mlp,2,0,0,0,0,1,0,0,results/expert_iteration/artifacts/rows/d100_seed1_ckpt2500_n2_M10_rep3_mlp_none.npz,3,10.722380160005253,A,decision_d20_d100_d160,240000,12000,2.2156037034465146,-8.716141315018758,8.716141315018758,2.2035130082905683,9.134214731379908,0.504371700109914
10,20261101,2500,cb12d79a9a930c68c4f67873cafa1a8feb061df4,numpy+cuda,100,d33c7ac98f28a65846b2eee585f18f9b471530ece58ed53070961e7f022c1606,3.0822964261952486e-20,-3.0822964261952486e-20,12000,2.2894284124747034e-19,0.6049471365588742,29.119379105301423,hutchinson_25,300000,oracle_state,2,900,266400,900,266400,1,0,0,results/expert_iteration/artifacts/rows/d100_seed1_ckpt2500_n2_M10_rep3_oracle_state_hutch25.npz,3,0.019350792323842812,A,decision_d20_d100_d160,240000,12000,0.004122023418127358,-4.395088320693219e-05,0.013144338387075362,0.003976703117220574,0.016484613459949518,3.980017399881035
10,20261101,2500,cb12d79a9a930c68c4f67873cafa1a8feb061df4,numpy+cuda,100,d33c7ac98f28a65846b2eee585f18f9b471530ece58ed53070961e7f022c1606,0.02609551438414542,0.02609551438414542,12000,0.039274965627270265,0.013791950716386002,0.7921836263854638,hutchinson_25,300000,path_clip,2,900,266400,900,266400,1,0,0,results/expert_iteration/artifacts/rows/d100_seed1_ckpt2500_n2_M10_rep3_path_clip_hutch25.npz,3,3.9918555178263264,A,decision_d20_d100_d160,240000,12000,0.8218776539578608,-3.292151227111743,3.292151227111743,0.8203500929351945,3.4005943580022757,2.8924283001106232
10,20261101,2500,cb12d79a9a930c68c4f67873cafa1a8feb061df4,numpy+cuda,100,d33c7ac98f28a65846b2eee585f18f9b471530ece58ed53070961e7f022c1606,0.010749853730749135,-0.010749853730749135,12000,0.01108263553545037,0.015561833824882947,0.844242952367408,hutchinson_25,300000,path,2,900,266400,900,266400,1,0,0,results/expert_iteration/artifacts/rows/d100_seed1_ckpt2500_n2_M10_rep3_path_hutch25.npz,3,0.019403814709565828,A,decision_d20_d100_d160,240000,12000,0.004120763564817103,-0.0011419223158608035,0.013147684205185299,0.00398759953340129,0.016529782335659653,2.9875247997697443
10,20261101,2500,cb12d79a9a930c68c4f67873cafa1a8feb061df4,numpy+cuda,100,d33c7ac98f28a65846b2eee585f18f9b471530ece58ed53070961e7f022c1606,0.3722983147455394,-0.3722983147455394,12000,0.4123142297357611,0.09547542299274944,3.7730445657641716,hutchinson_25,300000,scasml,2,900,266400,900,266400,1,0,0,results/expert_iteration/artifacts/rows/d100_seed1_ckpt2500_n2_M10_rep3_scasml_hutch25.npz,3,3.9918555178263264,A,decision_d20_d100_d160,240000,12000,0.8218776539578608,-3.292151227111743,3.292151227111743,0.8203500929351945,3.4005943580022757,2.857526200124994
10,20261101,2500,cb12d79a9a930c68c4f67873cafa1a8feb061df4,numpy+cuda,100,d33c7ac98f28a65846b2eee585f18f9b471530ece58ed53070961e7f022c1606,100.12540047575233,-100.12540047575233,12000,100.12540047575233,27.108206811936302,1347.819743624846,hutchinson_25,300000,scasml_noclip,2,900,266400,900,266400,1,0,0,results/expert_iteration/artifacts/rows/d100_seed1_ckpt2500_n2_M10_rep3_scasml_noclip_hutch25.npz,3,10.726088712635454,A,decision_d20_d100_d160,240000,12000,2.216341088456678,-8.718992269926021,8.718992269926021,2.20427513795214,9.13737398478833,2.8342749001458287
10,20261101,2500,cb12d79a9a930c68c4f67873cafa1a8feb061df4,numpy+cuda,100,,,,0,,0.010503613587183679,1.0012489837177558,none,0,surrogate,2,1,1200,1,1200,1,0,0,results/expert_iteration/artifacts/rows/d100_seed1_ckpt2500_n2_M10_rep3_surrogate_hutch25.npz,3,4.105604430064821,A,decision_d20_d100_d160,0,0,0.8450719921628977,-3.3921512271117424,3.3921512271117424,0.8437261721318028,3.4974951369657767,0.002618500031530857
10,20261101,2500,cb12d79a9a930c68c4f67873cafa1a8feb061df4,reference,100,,,,0,,,,none,0,f_zero,2,0,0,0,0,1,0,0,results/expert_iteration/artifacts/rows/d100_seed1_ckpt2500_n2_M10_rep4_f_zero_none.npz,4,0.014597002466061444,A,decision_d20_d100_d160,0,0,0.002976198178258171,0.012395241328121424,0.012395241328121424,0.002999770977715469,0.012434940094440931,8.730008266866207e-05
10,20261101,2500,cb12d79a9a930c68c4f67873cafa1a8feb061df4,numpy+none,100,85a11b698094575caa6f8afd6ccee199b90de3f8450b2c661cf6d4a6d62597b1,,,12000,,8.691958408735532,345.5912772609386,none,0,mlp_clip,2,0,0,0,0,1,0,0,results/expert_iteration/artifacts/rows/d100_seed1_ckpt2500_n2_M10_rep4_mlp_clip_none.npz,4,10.748549249758074,A,decision_d20_d100_d160,240000,12000,2.2140436336819014,-8.751789595443723,8.751789595443723,2.2088909121537945,9.156507737369253,0.5173275000415742
10,20261101,2500,cb12d79a9a930c68c4f67873cafa1a8feb061df4,numpy+none,100,85a11b698094575caa6f8afd6ccee199b90de3f8450b2c661cf6d4a6d62597b1,,,12000,,27.193038123049615,1351.5040574035133,none,0,mlp,2,0,0,0,0,1,0,0,results/expert_iteration/artifacts/rows/d100_seed1_ckpt2500_n2_M10_rep4_mlp_none.npz,4,10.74912925901107,A,decision_d20_d100_d160,240000,12000,2.2148232881286143,-8.752189351974415,8.752189351974415,2.2090101075110598,9.15700183746494,0.5168087999336421
10,20261101,2500,cb12d79a9a930c68c4f67873cafa1a8feb061df4,numpy+cuda,100,85a11b698094575caa6f8afd6ccee199b90de3f8450b2c661cf6d4a6d62597b1,6.282048087743094e-20,6.282048087743094e-20,12000,2.4350277292214024e-19,0.6056122195486094,29.163489963240124,hutchinson_25,300000,oracle_state,2,900,266400,900,266400,1,0,0,results/expert_iteration/artifacts/rows/d100_seed1_ckpt2500_n2_M10_rep4_oracle_state_hutch25.npz,4,0.019508676526560357,A,decision_d20_d100_d160,240000,12000,0.0039733393755361,0.00028510954923085077,0.01333566287742564,0.0040091492615747315,0.01661911234814358,3.9627572000026703
10,20261101,2500,cb12d79a9a930c68c4f67873cafa1a8feb061df4,numpy+cuda,100,85a11b698094575caa6f8afd6ccee199b90de3f8450b2c661cf6d4a6d62597b1,0.024849226790782136,0.024849226790782136,12000,0.038086052969872476,0.013760109287666857,0.7909371104592952,hutchinson_25,300000,path_clip,2,900,266400,900,266400,1,0,0,results/expert_iteration/artifacts/rows/d100_seed1_ckpt2500_n2_M10_rep4_path_clip_hutch25.npz,4,3.9918555178263264,A,decision_d20_d100_d160,240000,12000,0.8218776539578608,-3.292151227111743,3.292151227111743,0.8203500929351945,3.4005943580022757,2.8858561001252383
10,20261101,2500,cb12d79a9a930c68c4f67873cafa1a8feb061df4,numpy+cuda,100,85a11b698094575caa6f8afd6ccee199b90de3f8450b2c661cf6d4a6d62597b1,0.01091668394200065,-0.01091668394200065,12000,0.011221987304324449,0.015403493642898265,0.830690246966423,hutchinson_25,300000,path,2,900,266400,900,266400,1,0,0,results/expert_iteration/artifacts/rows/d100_seed1_ckpt2500_n2_M10_rep4_path_hutch25.npz,4,0.01953057056286387,A,decision_d20_d100_d160,240000,12000,0.003959533764550979,-0.0008280156249158112,0.013361522087402392,0.004013648616482771,0.016637763508235707,2.9254175999667495
10,20261101,2500,cb12d79a9a930c68c4f67873cafa1a8feb061df4,numpy+cuda,100,85a11b698094575caa6f8afd6ccee199b90de3f8450b2c661cf6d4a6d62597b1,0.3745816437088546,-0.3745816437088546,12000,0.4129182966444277,0.09558265389423408,3.776503584097285,hutchinson_25,300000,scasml,2,900,266400,900,266400,1,0,0,results/expert_iteration/artifacts/rows/d100_seed1_ckpt2500_n2_M10_rep4_scasml_hutch25.npz,4,3.9918555178263264,A,decision_d20_d100_d160,240000,12000,0.8218776539578608,-3.292151227111743,3.292151227111743,0.8203500929351945,3.4005943580022757,2.99786280002445
10,20261101,2500,cb12d79a9a930c68c4f67873cafa1a8feb061df4,numpy+cuda,100,85a11b698094575caa6f8afd6ccee199b90de3f8450b2c661cf6d4a6d62597b1,101.41387638590311,-101.41387638590311,12000,101.41387887608454,27.19823599047828,1351.7646292670313,hutchinson_25,300000,scasml_noclip,2,900,266400,900,266400,1,0,0,results/expert_iteration/artifacts/rows/d100_seed1_ckpt2500_n2_M10_rep4_scasml_noclip_hutch25.npz,4,10.752307822234444,A,decision_d20_d100_d160,240000,12000,2.215362627544696,-8.754589305281861,8.754589305281861,2.209663321191778,9.159709601840602,2.899837600067258
10,20261101,2500,cb12d79a9a930c68c4f67873cafa1a8feb061df4,numpy+cuda,100,,,,0,,0.010503613587183679,1.0012489837177558,none,0,surrogate,2,1,1200,1,1200,1,0,0,results/expert_iteration/artifacts/rows/d100_seed1_ckpt2500_n2_M10_rep4_surrogate_hutch25.npz,4,4.105604430064821,A,decision_d20_d100_d160,0,0,0.8450719921628977,-3.3921512271117424,3.3921512271117424,0.8437261721318028,3.4974951369657767,0.002300799824297428
10,20261101,500,cb12d79a9a930c68c4f67873cafa1a8feb061df4,numpy+cuda,100,fbff406a2850693201fabf2d612fee41d5abb80c9dd485e6c3e751fd65c1981c,0.011456144743223168,-0.011456144743223168,12000,0.01174629891753847,0.02588274191458687,1.286455572206908,hutchinson_25,300000,path,2,900,266400,900,266400,1,0,0,results/expert_iteration/artifacts/rows/d100_seed1_ckpt500_n2_M10_rep0_path_hutch25.npz,0,0.022183956210632655,A,decision_d20_d100_d160,240000,12000,0.0045850141233983385,-0.002614845222413808,0.015192302213528287,0.004558935176334342,0.018898137968962697,2.948413000209257
10,20261101,500,cb12d79a9a930c68c4f67873cafa1a8feb061df4,numpy+cuda,100,fbff406a2850693201fabf2d612fee41d5abb80c9dd485e6c3e751fd65c1981c,99.28259274267201,-99.28259274267201,12000,99.28259274267201,27.059636413776175,1349.7339399911252,hutchinson_25,300000,scasml_noclip,2,900,266400,900,266400,1,0,0,results/expert_iteration/artifacts/rows/d100_seed1_ckpt500_n2_M10_rep0_scasml_noclip_hutch25.npz,0,10.84660204157491,A,decision_d20_d100_d160,240000,12000,2.2410779337899043,-8.830793021286457,8.830793021286457,2.2290413450841164,9.240037256198198,2.918676899978891
10,20261101,500,cb12d79a9a930c68c4f67873cafa1a8feb061df4,numpy+cuda,100,,,,0,,0.012180851455172592,1.02355195197604,none,0,surrogate,2,1,1200,1,1200,1,0,0,results/expert_iteration/artifacts/rows/d100_seed1_ckpt500_n2_M10_rep0_surrogate_hutch25.npz,0,4.122732073205231,A,decision_d20_d100_d160,0,0,0.8486734750363265,-3.406162479120489,3.406162479120489,0.8472460048460005,3.512085887149258,0.001988200005143881
10,20261101,500,cb12d79a9a930c68c4f67873cafa1a8feb061df4,numpy+cuda,100,972eb620e5fe7007bfe683f3c886a18bb3eb6234b0dc451dbe210ec20d81f7f1,0.011414375036669467,-0.011414375036669467,12000,0.01170977333793256,0.02572014667088549,1.2803959674431054,hutchinson_25,300000,path,2,900,266400,900,266400,1,0,0,results/expert_iteration/artifacts/rows/d100_seed1_ckpt500_n2_M10_rep1_path_hutch25.npz,1,0.022786629677600544,A,decision_d20_d100_d160,240000,12000,0.004869145862013187,-0.0017279415837634985,0.015138042431073391,0.004682788164607301,0.01941154532610188,2.861780900042504
10,20261101,500,cb12d79a9a930c68c4f67873cafa1a8feb061df4,numpy+cuda,100,972eb620e5fe7007bfe683f3c886a18bb3eb6234b0dc451dbe210ec20d81f7f1,101.10227576274708,-101.10227576274708,12000,101.10227576274708,27.08147057313746,1350.6145027488944,hutchinson_25,300000,scasml_noclip,2,900,266400,900,266400,1,0,0,results/expert_iteration/artifacts/rows/d100_seed1_ckpt500_n2_M10_rep1_scasml_noclip_hutch25.npz,1,10.76573111974297,A,decision_d20_d100_d160,240000,12000,2.2292985807337415,-8.75937295014187,8.75937295014187,2.212421888807625,9.17114468248654,2.9295306999702007
10,20261101,500,cb12d79a9a930c68c4f67873cafa1a8feb061df4,numpy+cuda,100,,,,0,,0.012180851455172592,1.02355195197604,none,0,surrogate,2,1,1200,1,1200,1,0,0,results/expert_iteration/artifacts/rows/d100_seed1_ckpt500_n2_M10_rep1_surrogate_hutch25.npz,1,4.122732073205231,A,decision_d20_d100_d160,0,0,0.8486734750363265,-3.406162479120489,3.406162479120489,0.8472460048460005,3.512085887149258,0.0021279999054968357
10,20261101,500,cb12d79a9a930c68c4f67873cafa1a8feb061df4,numpy+cuda,100,7f69b9c98a266e0c610e27457e6db117dd9216e7bd5450a033837046226c1d3c,0.011149296393553054,-0.011149296393553054,12000,0.011502757981289342,0.025475796283576633,1.2703596899839589,hutchinson_25,300000,path,2,900,266400,900,266400,1,0,0,results/expert_iteration/artifacts/rows/d100_seed1_ckpt500_n2_M10_rep2_path_hutch25.npz,2,0.023468558220370306,A,decision_d20_d100_d160,240000,12000,0.00439172972224047,-0.002114141728220887,0.015522007162871899,0.004822928543170138,0.01999246874498511,2.9524711000267416
10,20261101,500,cb12d79a9a930c68c4f67873cafa1a8feb061df4,numpy+cuda,100,7f69b9c98a266e0c610e27457e6db117dd9216e7bd5450a033837046226c1d3c,101.29922179434976,-101.29922179434976,12000,101.29922179434976,27.267101774751445,1359.9479901039326,hutchinson_25,300000,scasml_noclip,2,900,266400,900,266400,1,0,0,results/expert_iteration/artifacts/rows/d100_seed1_ckpt500_n2_M10_rep2_scasml_noclip_hutch25.npz,2,10.833774132423736,A,decision_d20_d100_d160,240000,12000,2.215918446706036,-8.813657099098076,8.813657099098076,2.226405133323111,9.229109376847443,3.0304853999987245
10,20261101,500,cb12d79a9a930c68c4f67873cafa1a8feb061df4,numpy+cuda,100,,,,0,,0.012180851455172592,1.02355195197604,none,0,surrogate,2,1,1200,1,1200,1,0,0,results/expert_iteration/artifacts/rows/d100_seed1_ckpt500_n2_M10_rep2_surrogate_hutch25.npz,2,4.122732073205231,A,decision_d20_d100_d160,0,0,0.8486734750363265,-3.406162479120489,3.406162479120489,0.8472460048460005,3.512085887149258,0.002047399990260601
10,20261101,500,cb12d79a9a930c68c4f67873cafa1a8feb061df4,numpy+cuda,100,a6545ca9b4205343ddb849513ffae80d53df16c9f880c718be53d7ea377935dd,0.011073481162151993,-0.011073481162151993,12000,0.011429596227980579,0.025710242925257063,1.2781349993235827,hutchinson_25,300000,path,2,900,266400,900,266400,1,0,0,results/expert_iteration/artifacts/rows/d100_seed1_ckpt500_n2_M10_rep3_path_hutch25.npz,3,0.022620107080933344,A,decision_d20_d100_d160,240000,12000,0.004531113282758472,-0.0025899511365441346,0.015226645533259253,0.004648566778827753,0.01926968753586434,2.865702999988571
10,20261101,500,cb12d79a9a930c68c4f67873cafa1a8feb061df4,numpy+cuda,100,a6545ca9b4205343ddb849513ffae80d53df16c9f880c718be53d7ea377935dd,99.8639502344635,-99.8639502344635,12000,99.8639502344635,27.199803348190507,1355.6455447070284,hutchinson_25,300000,scasml_noclip,2,900,266400,900,266400,1,0,0,results/expert_iteration/artifacts/rows/d100_seed1_ckpt500_n2_M10_rep3_scasml_noclip_hutch25.npz,3,10.807501770916858,A,decision_d20_d100_d160,240000,12000,2.2418372069553603,-8.78516636581325,8.78516636581325,2.221006006499119,9.206728395393402,2.8162240001838654
10,20261101,500,cb12d79a9a930c68c4f67873cafa1a8feb061df4,numpy+cuda,100,,,,0,,0.012180851455172592,1.02355195197604,none,0,surrogate,2,1,1200,1,1200,1,0,0,results/expert_iteration/artifacts/rows/d100_seed1_ckpt500_n2_M10_rep3_surrogate_hutch25.npz,3,4.122732073205231,A,decision_d20_d100_d160,0,0,0.8486734750363265,-3.406162479120489,3.406162479120489,0.8472460048460005,3.512085887149258,0.0025743001606315374
10,20261101,500,cb12d79a9a930c68c4f67873cafa1a8feb061df4,numpy+cuda,100,1bbfdd4513479780be047c013548f691b4bb9edab11233902c6396530379bea0,0.011376643043893296,-0.011376643043893296,12000,0.011753715572579532,0.02540717138595168,1.2636824115175358,hutchinson_25,300000,path,2,900,266400,900,266400,1,0,0,results/expert_iteration/artifacts/rows/d100_seed1_ckpt500_n2_M10_rep4_path_hutch25.npz,4,0.022411908696468058,A,decision_d20_d100_d160,240000,12000,0.004907836748186377,-0.0021861523542630614,0.01506496890652291,0.004605780770345649,0.019092326845229084,2.894982500001788
10,20261101,500,cb12d79a9a930c68c4f67873cafa1a8feb061df4,numpy+cuda,100,1bbfdd4513479780be047c013548f691b4bb9edab11233902c6396530379bea0,101.32824733766267,-101.32824733766267,12000,101.32824733766267,27.287037808094173,1359.7875157986846,hutchinson_25,300000,scasml_noclip,2,900,266400,900,266400,1,0,0,results/expert_iteration/artifacts/rows/d100_seed1_ckpt500_n2_M10_rep4_scasml_noclip_hutch25.npz,4,10.946053559873395,A,decision_d20_d100_d160,240000,12000,2.212457934916017,-8.885136219120913,8.885136219120913,2.249479224640222,9.324758326515077,2.9424913998227566
10,20261101,500,cb12d79a9a930c68c4f67873cafa1a8feb061df4,numpy+cuda,100,,,,0,,0.012180851455172592,1.02355195197604,none,0,surrogate,2,1,1200,1,1200,1,0,0,results/expert_iteration/artifacts/rows/d100_seed1_ckpt500_n2_M10_rep4_surrogate_hutch25.npz,4,4.122732073205231,A,decision_d20_d100_d160,0,0,0.8486734750363265,-3.406162479120489,3.406162479120489,0.8472460048460005,3.512085887149258,0.0019874998833984137
10,20261101,1000,cb12d79a9a930c68c4f67873cafa1a8feb061df4,numpy+cuda,100,05f9ff04188ebb065d394084f69bd854fca6943bd0144065dbb10805f87ebc72,0.011097737203728737,-0.011097737203728737,12000,0.011433036456606729,0.016744956203022195,0.8796353461504166,hutchinson_25,300000,path,2,900,266400,900,266400,2,0,0,results/expert_iteration/artifacts/rows/d100_seed2_ckpt1000_n2_M10_rep0_path_hutch25.npz,0,0.019674547734547673,A,decision_d20_d100_d160,240000,12000,0.004244309975007159,-0.0010540413771545501,0.01308555202518345,0.004043236783099499,0.016760415231356105,2.9420912000350654
10,20261101,1000,cb12d79a9a930c68c4f67873cafa1a8feb061df4,numpy+cuda,100,05f9ff04188ebb065d394084f69bd854fca6943bd0144065dbb10805f87ebc72,102.43355765183557,-102.43355765183557,12000,102.43355765183557,27.84066102562053,1390.305961858212,hutchinson_25,300000,scasml_noclip,2,900,266400,900,266400,2,0,0,results/expert_iteration/artifacts/rows/d100_seed2_ckpt1000_n2_M10_rep0_scasml_noclip_hutch25.npz,0,10.831064182865191,A,decision_d20_d100_d160,240000,12000,2.1980578233189347,-8.817688568022827,8.817688568022827,2.225848222542579,9.226800816545573,2.82939639990218
10,20261101,1000,cb12d79a9a930c68c4f67873cafa1a8feb061df4,numpy+cuda,100,,,,0,,0.010729776968626335,1.0037455268980862,none,0,surrogate,2,1,1200,1,1200,2,0,0,results/expert_iteration/artifacts/rows/d100_seed2_ckpt1000_n2_M10_rep0_surrogate_hutch25.npz,0,4.118676115166062,A,decision_d20_d100_d160,0,0,0.8478021617157604,-3.4026642859533336,3.4026642859533336,0.846412481302998,3.5086306849349747,0.0019717998802661896
10,20261101,1000,cb12d79a9a930c68c4f67873cafa1a8feb061df4,numpy+cuda,100,342730ad733b8a61d7a05cd68949219daa771938d30753cd8638b018506f39ec,0.010988654047441159,-0.010988654047441159,12000,0.011332120404157073,0.016811533690808487,0.8818459868394317,hutchinson_25,300000,path,2,900,266400,900,266400,2,0,0,results/expert_iteration/artifacts/rows/d100_seed2_ckpt1000_n2_M10_rep1_path_hutch25.npz,1,0.01939078530472086,A,decision_d20_d100_d160,240000,12000,0.0041461080975026664,9.114320783253626e-05,0.013233712790156695,0.0039849219130746695,0.016518682805527346,2.895163199864328
10,20261101,1000,cb12d79a9a930c68c4f67873cafa1a8feb061df4,numpy+cuda,100,342730ad733b8a61d7a05cd68949219daa771938d30753cd8638b018506f39ec,100.57966693341402,-100.57966693341402,12000,100.57966693341402,27.286142605839892,1361.247512168799,hutchinson_25,300000,scasml_noclip,2,900,266400,900,266400,2,0,0,results/expert_iteration/artifacts/rows/d100_seed2_ckpt1000_n2_M10_rep1_scasml_noclip_hutch25.npz,1,10.62122700650351,A,decision_d20_d100_d160,240000,12000,2.130690329072039,-8.645885265191751,8.645885265191751,2.1827254325616186,9.048044066746366,2.9124914000276476
10,20261101,1000,cb12d79a9a930c68c4f67873cafa1a8feb061df4,numpy+cuda,100,,,,0,,0.010729776968626335,1.0037455268980862,none,0,surrogate,2,1,1200,1,1200,2,0,0,results/expert_iteration/artifacts/rows/d100_seed2_ckpt1000_n2_M10_rep1_surrogate_hutch25.npz,1,4.118676115166062,A,decision_d20_d100_d160,0,0,0.8478021617157604,-3.4026642859533336,3.4026642859533336,0.846412481302998,3.5086306849349747,0.0020874999463558197
10,20261101,1000,cb12d79a9a930c68c4f67873cafa1a8feb061df4,numpy+cuda,100,42c8728066687021027808a6cf922c90c83c65d55c3d45f2afb83f9d92149849,0.011072020705207125,-0.011072020705207125,12000,0.01141324150202703,0.016907166062832074,0.8892645206942563,hutchinson_25,300000,path,2,900,266400,900,266400,2,0,0,results/expert_iteration/artifacts/rows/d100_seed2_ckpt1000_n2_M10_rep2_path_hutch25.npz,2,0.01896222044883102,A,decision_d20_d100_d160,240000,12000,0.004268106984007849,-0.0010552425618440891,0.012913639188861887,0.003896849281741201,0.016153595636297678,2.871918899938464
10,20261101,1000,cb12d79a9a930c68c4f67873cafa1a8feb061df4,numpy+cuda,100,42c8728066687021027808a6cf922c90c83c65d55c3d45f2afb83f9d92149849,101.00277192586557,-101.00277192586557,12000,101.00277192586557,27.260757599330862,1354.2321427946497,hutchinson_25,300000,scasml_noclip,2,900,266400,900,266400,2,0,0,results/expert_iteration/artifacts/rows/d100_seed2_ckpt1000_n2_M10_rep2_scasml_noclip_hutch25.npz,2,10.904139706249843,A,decision_d20_d100_d160,240000,12000,2.223225673995248,-8.862080776048904,8.862080776048904,2.2408656779921023,9.289052621857712,2.94506790000014
10,20261101,1000,cb12d79a9a930c68c4f67873cafa1a8feb061df4,numpy+cuda,100,,,,0,,0.010729776968626335,1.0037455268980862,none,0,surrogate,2,1,1200,1,1200,2,0,0,results/expert_iteration/artifacts/rows/d100_seed2_ckpt1000_n2_M10_rep2_surrogate_hutch25.npz,2,4.118676115166062,A,decision_d20_d100_d160,0,0,0.8478021617157604,-3.4026642859533336,3.4026642859533336,0.846412481302998,3.5086306849349747,0.00221950002014637
10,20261101,1000,cb12d79a9a930c68c4f67873cafa1a8feb061df4,numpy+cuda,100,161b03f9b9955aee0ad0b5664cb80e9db35384d84c25c0d3204ad26fc3e9ae9b,0.011030340234269156,-0.011030340234269156,12000,0.01136786610897064,0.016712666849136002,0.8842411230890579,hutchinson_25,300000,path,2,900,266400,900,266400,2,0,0,results/expert_iteration/artifacts/rows/d100_seed2_ckpt1000_n2_M10_rep3_path_hutch25.npz,3,0.019402677082745144,A,decision_d20_d100_d160,240000,12000,0.003996320997323129,-0.0007569034877753263,0.013181298996377546,0.003987365744311503,0.01652881321056716,2.8885230000596493
10,20261101,1000,cb12d79a9a930c68c4f67873cafa1a8feb061df4,numpy+cuda,100,161b03f9b9955aee0ad0b5664cb80e9db35384d84c25c0d3204ad26fc3e9ae9b,101.75491604282838,-101.75491604282838,12000,101.75491604282838,27.44026621291003,1367.6442622446355,hutchinson_25,300000,scasml_noclip,2,900,266400,900,266400,2,0,0,results/expert_iteration/artifacts/rows/d100_seed2_ckpt1000_n2_M10_rep3_scasml_noclip_hutch25.npz,3,10.825180096101164,A,decision_d20_d100_d160,240000,12000,2.22789452738022,-8.815378262252208,8.815378262252208,2.224639007654377,9.221788262317999,2.908813799964264
10,20261101,1000,cb12d79a9a930c68c4f67873cafa1a8feb061df4,numpy+cuda,100,,,,0,,0.010729776968626335,1.0037455268980862,none,0,surrogate,2,1,1200,1,1200,2,0,0,results/expert_iteration/artifacts/rows/d100_seed2_ckpt1000_n2_M10_rep3_surrogate_hutch25.npz,3,4.118676115166062,A,decision_d20_d100_d160,0,0,0.8478021617157604,-3.4026642859533336,3.4026642859533336,0.846412481302998,3.5086306849349747,0.0020089000463485718
10,20261101,1000,cb12d79a9a930c68c4f67873cafa1a8feb061df4,numpy+cuda,100,8f25da809b196c7a72247dbfbcaf3d45fa7d97cc96bbbd8fd27c82f639ba1016,0.010943729684860005,-0.010943729684860005,12000,0.01130867125756201,0.016839916374278886,0.8896676499157884,hutchinson_25,300000,path,2,900,266400,900,266400,2,0,0,results/expert_iteration/artifacts/rows/d100_seed2_ckpt1000_n2_M10_rep4_path_hutch25.npz,4,0.01971555362202878,A,decision_d20_d100_d160,240000,12000,0.00401208915621247,-0.0004948338574548898,0.013314679915669564,0.004051663737295561,0.01679534745497753,2.8367771001067013
10,20261101,1000,cb12d79a9a930c68c4f67873cafa1a8feb061df4,numpy+cuda,100,8f25da809b196c7a72247dbfbcaf3d45fa7d97cc96bbbd8fd27c82f639ba1016,100.76753537197135,-100.76753537197135,12000,100.76753537197135,27.015229954012018,1347.1935764764373,hutchinson_25,300000,scasml_noclip,2,900,266400,900,266400,2,0,0,results/expert_iteration/artifacts/rows/d100_seed2_ckpt1000_n2_M10_rep4_scasml_noclip_hutch25.npz,4,10.790826398227267,A,decision_d20_d100_d160,240000,12000,2.2119041686614787,-8.776679053309865,8.776679053309865,2.217579118057254,9.192522926775467,2.842728499788791
10,20261101,1000,cb12d79a9a930c68c4f67873cafa1a8feb061df4,numpy+cuda,100,,,,0,,0.010729776968626335,1.0037455268980862,none,0,surrogate,2,1,1200,1,1200,2,0,0,results/expert_iteration/artifacts/rows/d100_seed2_ckpt1000_n2_M10_rep4_surrogate_hutch25.npz,4,4.118676115166062,A,decision_d20_d100_d160,0,0,0.8478021617157604,-3.4026642859533336,3.4026642859533336,0.846412481302998,3.5086306849349747,0.0040120999328792095
10,20261101,2500,cb12d79a9a930c68c4f67873cafa1a8feb061df4,reference,100,,,,0,,,,none,0,f_zero,2,0,0,0,0,2,0,0,results/expert_iteration/artifacts/rows/d100_seed2_ckpt2500_n2_M10_rep0_f_zero_none.npz,0,0.014597002466061444,A,decision_d20_d100_d160,0,0,0.002976198178258171,0.012395241328121424,0.012395241328121424,0.002999770977715469,0.012434940094440931,9.96999442577362e-05
10,20261101,2500,cb12d79a9a930c68c4f67873cafa1a8feb061df4,numpy+none,100,60c2b5faf659847a8cdbd20bb3851e9ee78866f4cd762932cf35f249de2a9fa0,,,12000,,8.690655548350009,345.55094189011044,none,0,mlp_clip,2,0,0,0,0,2,0,0,results/expert_iteration/artifacts/rows/d100_seed2_ckpt2500_n2_M10_rep0_mlp_clip_none.npz,0,10.737422074674518,A,decision_d20_d100_d160,240000,12000,2.1977898410758043,-8.741363321443862,8.741363321443862,2.2066042113768902,9.147028684672915,0.51673229993321
10,20261101,2500,cb12d79a9a930c68c4f67873cafa1a8feb061df4,numpy+none,100,60c2b5faf659847a8cdbd20bb3851e9ee78866f4cd762932cf35f249de2a9fa0,,,12000,,27.39526530937994,1362.393155599619,none,0,mlp,2,0,0,0,0,2,0,0,results/expert_iteration/artifacts/rows/d100_seed2_ckpt2500_n2_M10_rep0_mlp_none.npz,0,10.740401441231473,A,decision_d20_d100_d160,240000,12000,2.199636149794331,-8.743058698663944,8.743058698663944,2.2072164889558183,9.149566756769651,0.5148280002176762
10,20261101,2500,cb12d79a9a930c68c4f67873cafa1a8feb061df4,numpy+cuda,100,60c2b5faf659847a8cdbd20bb3851e9ee78866f4cd762932cf35f249de2a9fa0,2.4792089677501867e-20,-2.4792089677501867e-20,12000,1.411269827851965e-19,0.602849744095065,29.062434187464035,hutchinson_25,300000,oracle_state,2,900,266400,900,266400,2,0,0,results/expert_iteration/artifacts/rows/d100_seed2_ckpt2500_n2_M10_rep0_oracle_state_hutch25.npz,0,0.020055340912723946,A,decision_d20_d100_d160,240000,12000,0.004083491204389367,-0.0005407703259386105,0.013611493983625511,0.004121492050032632,0.017084806514429673,4.168186800088733
10,20261101,2500,cb12d79a9a930c68c4f67873cafa1a8feb061df4,numpy+cuda,100,60c2b5faf659847a8cdbd20bb3851e9ee78866f4cd762932cf35f249de2a9fa0,0.024674918960840106,0.024674918960840106,12000,0.0382166039687618,0.013713327762380718,0.7865905420483877,hutchinson_25,300000,path_clip,2,900,266400,900,266400,2,0,0,results/expert_iteration/artifacts/rows/d100_seed2_ckpt2500_n2_M10_rep0_path_clip_hutch25.npz,0,4.0008899833244795,A,decision_d20_d100_d160,240000,12000,0.8237272423552814,-3.3000617318961085,3.3000617318961085,0.8222067294236476,3.4082906667147,2.886864800006151
10,20261101,2500,cb12d79a9a930c68c4f67873cafa1a8feb061df4,numpy+cuda,100,60c2b5faf659847a8cdbd20bb3851e9ee78866f4cd762932cf35f249de2a9fa0,0.010938572711545878,-0.010938572711545878,12000,0.011259037934227915,0.01539262025147627,0.8292786762333293,hutchinson_25,300000,path,2,900,266400,900,266400,2,0,0,results/expert_iteration/artifacts/rows/d100_seed2_ckpt2500_n2_M10_rep0_path_hutch25.npz,0,0.020135247726530525,A,decision_d20_d100_d160,240000,12000,0.0040692386926052485,-0.0016574249019428318,0.013683240434230338,0.0041379133763656244,0.01715287778078266,2.8127800000365824
10,20261101,2500,cb12d79a9a930c68c4f67873cafa1a8feb061df4,numpy+cuda,100,60c2b5faf659847a8cdbd20bb3851e9ee78866f4cd762932cf35f249de2a9fa0,0.37467567927495343,-0.37467567927495343,12000,0.4130037393400838,0.09540351420279801,3.770535848052346,hutchinson_25,300000,scasml,2,900,266400,900,266400,2,0,0,results/expert_iteration/artifacts/rows/d100_seed2_ckpt2500_n2_M10_rep0_scasml_hutch25.npz,0,4.0008899833244795,A,decision_d20_d100_d160,240000,12000,0.8237272423552814,-3.3000617318961085,3.3000617318961085,0.8222067294236476,3.4082906667147,2.9122609000187367
10,20261101,2500,cb12d79a9a930c68c4f67873cafa1a8feb061df4,numpy+cuda,100,60c2b5faf659847a8cdbd20bb3851e9ee78866f4cd762932cf35f249de2a9fa0,101.66180325431691,-101.66180325431691,12000,101.66180325431691,27.403705459952718,1362.8037277177648,hutchinson_25,300000,scasml_noclip,2,900,266400,900,266400,2,0,0,results/expert_iteration/artifacts/rows/d100_seed2_ckpt2500_n2_M10_rep0_scasml_noclip_hutch25.npz,0,10.746070500411651,A,decision_d20_d100_d160,240000,12000,2.201012598182798,-8.747467063792959,8.747467063792959,2.2083815143943757,9.15439613262687,2.9321715000551194
10,20261101,2500,cb12d79a9a930c68c4f67873cafa1a8feb061df4,numpy+cuda,100,,,,0,,0.010446955792779124,1.0004563001703781,none,0,surrogate,2,1,1200,1,1200,2,0,0,results/expert_iteration/artifacts/rows/d100_seed2_ckpt2500_n2_M10_rep0_surrogate_hutch25.npz,0,4.114654056943342,A,decision_d20_d100_d160,0,0,0.8469241262793008,-3.4000617318961086,3.4000617318961086,0.8455859243742553,3.505204361402307,0.001644599949941039
10,20261101,2500,cb12d79a9a930c68c4f67873cafa1a8feb061df4,reference,100,,,,0,,,,none,0,f_zero,2,0,0,0,0,2,0,0,results/expert_iteration/artifacts/rows/d100_seed2_ckpt2500_n2_M10_rep1_f_zero_none.npz,1,0.014597002466061444,A,decision_d20_d100_d160,0,0,0.002976198178258171,0.012395241328121424,0.012395241328121424,0.002999770977715469,0.012434940094440931,9.12998802959919e-05
10,20261101,2500,cb12d79a9a930c68c4f67873cafa1a8feb061df4,numpy+none,100,2c1079e8ef31451a38af5a68b595e8c346aff0b9d0e23c6d70f84b5616429f43,,,12000,,8.652159321712793,344.5092627889543,none,0,mlp_clip,2,0,0,0,0,2,0,0,results/expert_iteration/artifacts/rows/d100_seed2_ckpt2500_n2_M10_rep1_mlp_clip_none.npz,1,10.667588679116804,A,decision_d20_d100_d160,240000,12000,2.2172655294515686,-8.678762924358539,8.678762924358539,2.1922530325128453,9.087538793349639,0.509440999943763
10,20261101,2500,cb12d79a9a930c68c4f67873cafa1a8feb061df4,numpy+none,100,2c1079e8ef31451a38af5a68b595e8c346aff0b9d0e23c6d70f84b5616429f43,,,12000,,27.028938986430354,1352.3245628933446,none,0,mlp,2,0,0,0,0,2,0,0,results/expert_iteration/artifacts/rows/d100_seed2_ckpt2500_n2_M10_rep1_mlp_none.npz,1,10.67131119837663,A,decision_d20_d100_d160,240000,12000,2.222299482546297,-8.680881867666205,8.680881867666205,2.1930180324000195,9.090709944694169,0.5053300999570638
10,20261101,2500,cb12d79a9a930c68c4f67873cafa1a8feb061df4,numpy+cuda,100,2c1079e8ef31451a38af5a68b595e8c346aff0b9d0e23c6d70f84b5616429f43,1.0570971181733669e-20,-1.0570971181733669e-20,12000,1.4848148752188983e-19,0.6027854013031196,29.094436548193205,hutchinson_25,300000,oracle_state,2,900,266400,900,266400,2,0,0,results/expert_iteration/artifacts/rows/d100_seed2_ckpt2500_n2_M10_rep1_oracle_state_hutch25.npz,1,0.018936761618198312,A,decision_d20_d100_d160,240000,12000,0.003978495956392728,-0.0014281661176505608,0.012737708689280942,0.003891617340358981,0.01613190768806801,3.9378142999485135
10,20261101,2500,cb12d79a9a930c68c4f67873cafa1a8feb061df4,numpy+cuda,100,2c1079e8ef31451a38af5a68b595e8c346aff0b9d0e23c6d70f84b5616429f43,0.02596476528960402,0.02596476528960402,12000,0.03943035389427203,0.013807761436778029,0.7913427734170232,hutchinson_25,300000,path_clip,2,900,266400,900,266400,2,0,0,results/expert_iteration/artifacts/rows/d100_seed2_ckpt2500_n2_M10_rep1_path_clip_hutch25.npz,1,4.0008899833244795,A,decision_d20_d100_d160,240000,12000,0.8237272423552814,-3.3000617318961085,3.3000617318961085,0.8222067294236476,3.4082906667147,2.8974996998440474
10,20261101,2500,cb12d79a9a930c68c4f67873cafa1a8feb061df4,numpy+cuda,100,2c1079e8ef31451a38af5a68b595e8c346aff0b9d0e23c6d70f84b5616429f43,0.010992381728999913,-0.010992381728999913,12000,0.011367462041202743,0.015514614520688422,0.8388513789990134,hutchinson_25,300000,path,2,900,266400,900,266400,2,0,0,results/expert_iteration/artifacts/rows/d100_seed2_ckpt2500_n2_M10_rep1_path_hutch25.npz,1,0.019093547924753696,A,decision_d20_d100_d160,240000,12000,0.003991635946769855,-0.0025456747534640034,0.012849472650807258,0.0039238378605104,0.01626547129704717,2.9966557999141514
10,20261101,2500,cb12d79a9a930c68c4f67873cafa1a8feb061df4,numpy+cuda,100,2c1079e8ef31451a38af5a68b595e8c346aff0b9d0e23c6d70f84b5616429f43,0.3729484151137576,-0.3729484151137576,12000,0.41373509940442,0.09553855507518048,3.776352604810244,hutchinson_25,300000,scasml,2,900,266400,900,266400,2,0,0,results/expert_iteration/artifacts/rows/d100_seed2_ckpt2500_n2_M10_rep1_scasml_hutch25.npz,1,4.0008899833244795,A,decision_d20_d100_d160,240000,12000,0.8237272423552814,-3.3000617318961085,3.3000617318961085,0.8222067294236476,3.4082906667147,3.0165737001225352
10,20261101,2500,cb12d79a9a930c68c4f67873cafa1a8feb061df4,numpy+cuda,100,2c1079e8ef31451a38af5a68b595e8c346aff0b9d0e23c6d70f84b5616429f43,100.2014989516816,-100.2014989516816,12000,100.2014989516816,27.037134874897273,1352.7136880171806,hutchinson_25,300000,scasml_noclip,2,900,266400,900,266400,2,0,0,results/expert_iteration/artifacts/rows/d100_seed2_ckpt2500_n2_M10_rep1_scasml_noclip_hutch25.npz,1,10.676956799003595,A,decision_d20_d100_d160,240000,12000,2.223331649266426,-8.68531748587399,8.68531748587399,2.1941782369661222,9.095519336605738,2.856018800055608
10,20261101,2500,cb12d79a9a930c68c4f67873cafa1a8feb061df4,numpy+cuda,100,,,,0,,0.010446955792779124,1.0004563001703781,none,0,surrogate,2,1,1200,1,1200,2,0,0,results/expert_iteration/artifacts/rows/d100_seed2_ckpt2500_n2_M10_rep1_surrogate_hutch25.npz,1,4.114654056943342,A,decision_d20_d100_d160,0,0,0.8469241262793008,-3.4000617318961086,3.4000617318961086,0.8455859243742553,3.505204361402307,0.002464700024574995
10,20261101,2500,cb12d79a9a930c68c4f67873cafa1a8feb061df4,reference,100,,,,0,,,,none,0,f_zero,2,0,0,0,0,2,0,0,results/expert_iteration/artifacts/rows/d100_seed2_ckpt2500_n2_M10_rep2_f_zero_none.npz,2,0.014597002466061444,A,decision_d20_d100_d160,0,0,0.002976198178258171,0.012395241328121424,0.012395241328121424,0.002999770977715469,0.012434940094440931,9.579979814589024e-05
10,20261101,2500,cb12d79a9a930c68c4f67873cafa1a8feb061df4,numpy+none,100,cecf4ac5a75d9bf6b259e499d48d7ef81b3e4c53ecc9b814c1dc4ca7a930a83a,,,12000,,8.662034840655554,344.778650033205,none,0,mlp_clip,2,0,0,0,0,2,0,0,results/expert_iteration/artifacts/rows/d100_seed2_ckpt2500_n2_M10_rep2_mlp_clip_none.npz,2,10.656807779710128,A,decision_d20_d100_d160,240000,12000,2.1963217903903716,-8.670157223205136,8.670157223205136,2.1900374934506988,9.07835472705946,0.512616700027138
10,20261101,2500,cb12d79a9a930c68c4f67873cafa1a8feb061df4,numpy+none,100,cecf4ac5a75d9bf6b259e499d48d7ef81b3e4c53ecc9b814c1dc4ca7a930a83a,,,12000,,26.979784523621788,1348.7653463988952,none,0,mlp,2,0,0,0,0,2,0,0,results/expert_iteration/artifacts/rows/d100_seed2_ckpt2500_n2_M10_rep2_mlp_none.npz,2,10.658900830002956,A,decision_d20_d100_d160,240000,12000,2.196345008315632,-8.671430046016983,8.671430046016983,2.190467627756555,9.08013776128628,0.5094990998040885
10,20261101,2500,cb12d79a9a930c68c4f67873cafa1a8feb061df4,numpy+cuda,100,cecf4ac5a75d9bf6b259e499d48d7ef81b3e4c53ecc9b814c1dc4ca7a930a83a,2.1218740017351728e-20,-2.1218740017351728e-20,12000,1.5039239385089553e-19,0.6046554731039316,29.136045017297135,hutchinson_25,300000,oracle_state,2,900,266400,900,266400,2,0,0,results/expert_iteration/artifacts/rows/d100_seed2_ckpt2500_n2_M10_rep2_oracle_state_hutch25.npz,2,0.018792099921827968,A,decision_d20_d100_d160,240000,12000,0.0037002370796708215,-0.0006793173242727933,0.012486150688973663,0.003861888499840676,0.016008672829917657,3.9599748000036925
10,20261101,2500,cb12d79a9a930c68c4f67873cafa1a8feb061df4,numpy+cuda,100,cecf4ac5a75d9bf6b259e499d48d7ef81b3e4c53ecc9b814c1dc4ca7a930a83a,0.02609369534176849,0.02609369534176849,12000,0.03948494613361936,0.013929366255165951,0.7952492714176608,hutchinson_25,300000,path_clip,2,900,266400,900,266400,2,0,0,results/expert_iteration/artifacts/rows/d100_seed2_ckpt2500_n2_M10_rep2_path_clip_hutch25.npz,2,4.0008899833244795,A,decision_d20_d100_d160,240000,12000,0.8237272423552814,-3.3000617318961085,3.3000617318961085,0.8222067294236476,3.4082906667147,2.887525700032711
10,20261101,2500,cb12d79a9a930c68c4f67873cafa1a8feb061df4,numpy+cuda,100,cecf4ac5a75d9bf6b259e499d48d7ef81b3e4c53ecc9b814c1dc4ca7a930a83a,0.010754604377252891,-0.010754604377252891,12000,0.011075308822972207,0.015685715650891805,0.8482640593683954,hutchinson_25,300000,path,2,900,266400,900,266400,2,0,0,results/expert_iteration/artifacts/rows/d100_seed2_ckpt2500_n2_M10_rep2_path_hutch25.npz,2,0.018885514134912452,A,decision_d20_d100_d160,240000,12000,0.0037157225491743647,-0.0017813362373394117,0.012569351233666854,0.0038810856772042122,0.016088250821794804,2.858647600049153
10,20261101,2500,cb12d79a9a930c68c4f67873cafa1a8feb061df4,numpy+cuda,100,cecf4ac5a75d9bf6b259e499d48d7ef81b3e4c53ecc9b814c1dc4ca7a930a83a,0.37190951674920764,-0.37190951674920764,12000,0.41282277070418727,0.09548730057631219,3.7751644579678234,hutchinson_25,300000,scasml,2,900,266400,900,266400,2,0,0,results/expert_iteration/artifacts/rows/d100_seed2_ckpt2500_n2_M10_rep2_scasml_hutch25.npz,2,4.0008899833244795,A,decision_d20_d100_d160,240000,12000,0.8237272423552814,-3.3000617318961085,3.3000617318961085,0.8222067294236476,3.4082906667147,2.91228669998236
10,20261101,2500,cb12d79a9a930c68c4f67873cafa1a8feb061df4,numpy+cuda,100,cecf4ac5a75d9bf6b259e499d48d7ef81b3e4c53ecc9b814c1dc4ca7a930a83a,100.82660396328161,-100.82660396328161,12000,100.82660396328161,26.987541548144314,1349.1398615780317,hutchinson_25,300000,scasml_noclip,2,900,266400,900,266400,2,0,0,results/expert_iteration/artifacts/rows/d100_seed2_ckpt2500_n2_M10_rep2_scasml_noclip_hutch25.npz,2,10.664533638095868,A,decision_d20_d100_d160,240000,12000,2.1975155860973894,-8.67578247735706,8.67578247735706,2.1916252033806902,9.08493625545395,2.9233623000327498
10,20261101,2500,cb12d79a9a930c68c4f67873cafa1a8feb061df4,numpy+cuda,100,,,,0,,0.010446955792779124,1.0004563001703781,none,0,surrogate,2,1,1200,1,1200,2,0,0,results/expert_iteration/artifacts/rows/d100_seed2_ckpt2500_n2_M10_rep2_surrogate_hutch25.npz,2,4.114654056943342,A,decision_d20_d100_d160,0,0,0.8469241262793008,-3.4000617318961086,3.4000617318961086,0.8455859243742553,3.505204361402307,0.002379600191488862
10,20261101,2500,cb12d79a9a930c68c4f67873cafa1a8feb061df4,reference,100,,,,0,,,,none,0,f_zero,2,0,0,0,0,2,0,0,results/expert_iteration/artifacts/rows/d100_seed2_ckpt2500_n2_M10_rep3_f_zero_none.npz,3,0.014597002466061444,A,decision_d20_d100_d160,0,0,0.002976198178258171,0.012395241328121424,0.012395241328121424,0.002999770977715469,0.012434940094440931,9.42000187933445e-05
10,20261101,2500,cb12d79a9a930c68c4f67873cafa1a8feb061df4,numpy+none,100,13bd17317936ec41ca5d35c3df03f25e3abb03a427cca30efd90da205baeab58,,,12000,,8.675757406551993,345.2579308297907,none,0,mlp_clip,2,0,0,0,0,2,0,0,results/expert_iteration/artifacts/rows/d100_seed2_ckpt2500_n2_M10_rep3_mlp_clip_none.npz,3,10.687688347289319,A,decision_d20_d100_d160,240000,12000,2.172421733412886,-8.707185810231241,8.707185810231241,2.1963836340788725,9.104661361508716,0.5102346001658589
10,20261101,2500,cb12d79a9a930c68c4f67873cafa1a8feb061df4,numpy+none,100,13bd17317936ec41ca5d35c3df03f25e3abb03a427cca30efd90da205baeab58,,,12000,,27.36288350406651,1363.7252664825623,none,0,mlp,2,0,0,0,0,2,0,0,results/expert_iteration/artifacts/rows/d100_seed2_ckpt2500_n2_M10_rep3_mlp_none.npz,3,10.695013542481801,A,decision_d20_d100_d160,240000,12000,2.1731415619337886,-8.711034822258796,8.711034822258796,2.1978890053354445,9.110901571689567,0.5140744000673294
10,20261101,2500,cb12d79a9a930c68c4f67873cafa1a8feb061df4,numpy+cuda,100,13bd17317936ec41ca5d35c3df03f25e3abb03a427cca30efd90da205baeab58,1.8657312384854723e-20,-1.8657312384854723e-20,12000,1.125853605945156e-19,0.6041662593588217,29.130243105363654,hutchinson_25,300000,oracle_state,2,900,266400,900,266400,2,0,0,results/expert_iteration/artifacts/rows/d100_seed2_ckpt2500_n2_M10_rep3_oracle_state_hutch25.npz,3,0.020079830874720137,A,decision_d20_d100_d160,240000,12000,0.003988171548419795,0.00019246797151554896,0.0135357724644678,0.004126524883137397,0.017105669099816354,3.929942199960351
10,20261101,2500,cb12d79a9a930c68c4f67873cafa1a8feb061df4,numpy+cuda,100,13bd17317936ec41ca5d35c3df03f25e3abb03a427cca30efd90da205baeab58,0.02459838378509841,0.02459838378509841,12000,0.03791335642573486,0.013707721093837867,0.7872686320260871,hutchinson_25,300000,path_clip,2,900,266400,900,266400,2,0,0,results/expert_iteration/artifacts/rows/d100_seed2_ckpt2500_n2_M10_rep3_path_clip_hutch25.npz,3,4.0008899833244795,A,decision_d20_d100_d160,240000,12000,0.8237272423552814,-3.3000617318961085,3.3000617318961085,0.8222067294236476,3.4082906667147,2.845513300038874
10,20261101,2500,cb12d79a9a930c68c4f67873cafa1a8feb061df4,numpy+cuda,100,13bd17317936ec41ca5d35c3df03f25e3abb03a427cca30efd90da205baeab58,0.010994164417110272,-0.010994164417110272,12000,0.011287188523340716,0.015404477379681553,0.8330620108251688,hutchinson_25,300000,path,2,900,266400,900,266400,2,0,0,results/expert_iteration/artifacts/rows/d100_seed2_ckpt2500_n2_M10_rep3_path_hutch25.npz,3,0.02010447393439118,A,decision_d20_d100_d160,240000,12000,0.0040018326606042175,-0.0009172839836787766,0.013549955931418034,0.00413158917872652,0.017126662106528905,2.945213000057265
10,20261101,2500,cb12d79a9a930c68c4f67873cafa1a8feb061df4,numpy+cuda,100,13bd17317936ec41ca5d35c3df03f25e3abb03a427cca30efd90da205baeab58,0.3742614591984102,-0.3742614591984102,12000,0.41191041718309057,0.09539268647100067,3.7739270937051996,hutchinson_25,300000,scasml,2,900,266400,900,266400,2,0,0,results/expert_iteration/artifacts/rows/d100_seed2_ckpt2500_n2_M10_rep3_scasml_hutch25.npz,3,4.0008899833244795,A,decision_d20_d100_d160,240000,12000,0.8237272423552814,-3.3000617318961085,3.3000617318961085,0.8222067294236476,3.4082906667147,2.9210071999114007
10,20261101,2500,cb12d79a9a930c68c4f67873cafa1a8feb061df4,numpy+cuda,100,13bd17317936ec41ca5d35c3df03f25e3abb03a427cca30efd90da205baeab58,101.50886668384739,-101.50886668384739,12000,101.50886668384739,27.370584260984483,1364.097207625912,hutchinson_25,300000,scasml_noclip,2,900,266400,900,266400,2,0,0,results/expert_iteration/artifacts/rows/d100_seed2_ckpt2500_n2_M10_rep3_scasml_noclip_hutch25.npz,3,10.700740598293491,A,decision_d20_d100_d160,240000,12000,2.1742792052827773,-8.71548302613548,8.71548302613548,2.1990659494273292,9.115780353898549,2.8751870000269264
10,20261101,2500,cb12d79a9a930c68c4f67873cafa1a8feb061df4,numpy+cuda,100,,,,0,,0.010446955792779124,1.0004563001703781,none,0,surrogate,2,1,1200,1,1200,2,0,0,results/expert_iteration/artifacts/rows/d100_seed2_ckpt2500_n2_M10_rep3_surrogate_hutch25.npz,3,4.114654056943342,A,decision_d20_d100_d160,0,0,0.8469241262793008,-3.4000617318961086,3.4000617318961086,0.8455859243742553,3.505204361402307,0.0024951999075710773
10,20261101,2500,cb12d79a9a930c68c4f67873cafa1a8feb061df4,reference,100,,,,0,,,,none,0,f_zero,2,0,0,0,0,2,0,0,results/expert_iteration/artifacts/rows/d100_seed2_ckpt2500_n2_M10_rep4_f_zero_none.npz,4,0.014597002466061444,A,decision_d20_d100_d160,0,0,0.002976198178258171,0.012395241328121424,0.012395241328121424,0.002999770977715469,0.012434940094440931,0.00010619987733662128
10,20261101,2500,cb12d79a9a930c68c4f67873cafa1a8feb061df4,numpy+none,100,c2e3a6418dfbaa83bed6052a16e5db4bc22281d58c7195173112f404184e58f4,,,12000,,8.67005091661145,345.04110649989633,none,0,mlp_clip,2,0,0,0,0,2,0,0,results/expert_iteration/artifacts/rows/d100_seed2_ckpt2500_n2_M10_rep4_mlp_clip_none.npz,4,10.641325613831828,A,decision_d20_d100_d160,240000,12000,2.213738864559219,-8.66647916219249,8.66647916219249,2.186855816117843,9.065165731190174,0.5107631001155823
10,20261101,2500,cb12d79a9a930c68c4f67873cafa1a8feb061df4,numpy+none,100,c2e3a6418dfbaa83bed6052a16e5db4bc22281d58c7195173112f404184e58f4,,,12000,,27.08980607760248,1350.369071160357,none,0,mlp,2,0,0,0,0,2,0,0,results/expert_iteration/artifacts/rows/d100_seed2_ckpt2500_n2_M10_rep4_mlp_none.npz,4,10.642518140798392,A,decision_d20_d100_d160,240000,12000,2.213754933237276,-8.667287650952527,8.667287650952527,2.187100887514711,9.06618162479057,0.5115503999404609
10,20261101,2500,cb12d79a9a930c68c4f67873cafa1a8feb061df4,numpy+cuda,100,c2e3a6418dfbaa83bed6052a16e5db4bc22281d58c7195173112f404184e58f4,1.7582145230473262e-20,-1.7582145230473262e-20,12000,1.8830784732452402e-19,0.6049953010108747,29.119801076424903,hutchinson_25,300000,oracle_state,2,900,266400,900,266400,2,0,0,results/expert_iteration/artifacts/rows/d100_seed2_ckpt2500_n2_M10_rep4_oracle_state_hutch25.npz,4,0.01774964854936024,A,decision_d20_d100_d160,240000,12000,0.004013451985026365,1.0637850840563123e-05,0.012150168175192934,0.0036476585317305106,0.015120626095792419,4.060183099936694
10,20261101,2500,cb12d79a9a930c68c4f67873cafa1a8feb061df4,numpy+cuda,100,c2e3a6418dfbaa83bed6052a16e5db4bc22281d58c7195173112f404184e58f4,0.025611139583752978,0.025611139583752978,12000,0.03886925658187206,0.01378863216692179,0.7898492669962203,hutchinson_25,300000,path_clip,2,900,266400,900,266400,2,0,0,results/expert_iteration/artifacts/rows/d100_seed2_ckpt2500_n2_M10_rep4_path_clip_hutch25.npz,4,4.0008899833244795,A,decision_d20_d100_d160,240000,12000,0.8237272423552814,-3.3000617318961085,3.3000617318961085,0.8222067294236476,3.4082906667147,2.8570474998559803
10,20261101,2500,cb12d79a9a930c68c4f67873cafa1a8feb061df4,numpy+cuda,100,c2e3a6418dfbaa83bed6052a16e5db4bc22281d58c7195173112f404184e58f4,0.01081949415816354,-0.01081949415816354,12000,0.011165688835361813,0.015495232640099084,0.837555756930823,hutchinson_25,300000,path,2,900,266400,900,266400,2,0,0,results/expert_iteration/artifacts/rows/d100_seed2_ckpt2500_n2_M10_rep4_path_hutch25.npz,4,0.017781966664197856,A,decision_d20_d100_d160,240000,12000,0.004015565548638106,-0.0010759423562544483,0.012176479817154518,0.0036543000968853943,0.015148157352494291,3.0254281000234187
10,20261101,2500,cb12d79a9a930c68c4f67873cafa1a8feb061df4,numpy+cuda,100,c2e3a6418dfbaa83bed6052a16e5db4bc22281d58c7195173112f404184e58f4,0.37308708270392815,-0.37308708270392815,12000,0.4131119917699047,0.09541825298181142,3.7732270554913376,hutchinson_25,300000,scasml,2,900,266400,900,266400,2,0,0,results/expert_iteration/artifacts/rows/d100_seed2_ckpt2500_n2_M10_rep4_scasml_hutch25.npz,4,4.0008899833244795,A,decision_d20_d100_d160,240000,12000,0.8237272423552814,-3.3000617318961085,3.3000617318961085,0.8222067294236476,3.4082906667147,2.933041099924594
10,20261101,2500,cb12d79a9a930c68c4f67873cafa1a8feb061df4,numpy+cuda,100,c2e3a6418dfbaa83bed6052a16e5db4bc22281d58c7195173112f404184e58f4,100.47287910699096,-100.47287910699096,12000,100.47287910699096,27.09821964918879,1350.7798091539903,hutchinson_25,300000,scasml_noclip,2,900,266400,900,266400,2,0,0,results/expert_iteration/artifacts/rows/d100_seed2_ckpt2500_n2_M10_rep4_scasml_noclip_hutch25.npz,4,10.648085444616457,A,decision_d20_d100_d160,240000,12000,2.214906662061836,-8.67161290291738,8.67161290291738,2.188245001620082,9.0709243169718,2.900400400161743
10,20261101,2500,cb12d79a9a930c68c4f67873cafa1a8feb061df4,numpy+cuda,100,,,,0,,0.010446955792779124,1.0004563001703781,none,0,surrogate,2,1,1200,1,1200,2,0,0,results/expert_iteration/artifacts/rows/d100_seed2_ckpt2500_n2_M10_rep4_surrogate_hutch25.npz,4,4.114654056943342,A,decision_d20_d100_d160,0,0,0.8469241262793008,-3.4000617318961086,3.4000617318961086,0.8455859243742553,3.505204361402307,0.002359400037676096
10,20261101,500,cb12d79a9a930c68c4f67873cafa1a8feb061df4,numpy+cuda,100,768d9faa726538f6ec3b38ea0c21fd7e380fde7c4e3e4917a599223a037aa4dc,0.011943788166628245,-0.011943788166628245,12000,0.012238823754607678,0.028289483530145158,1.4188563330095392,hutchinson_25,300000,path,2,900,266400,900,266400,2,0,0,results/expert_iteration/artifacts/rows/d100_seed2_ckpt500_n2_M10_rep0_path_hutch25.npz,0,0.02425423597373999,A,decision_d20_d100_d160,240000,12000,0.004733881184546789,-0.00040442398897853107,0.015969409750009572,0.004984390002663266,0.02066177436573857,2.9491106001660228
10,20261101,500,cb12d79a9a930c68c4f67873cafa1a8feb061df4,numpy+cuda,100,768d9faa726538f6ec3b38ea0c21fd7e380fde7c4e3e4917a599223a037aa4dc,103.70517178266046,-103.70517178266046,12000,103.70517178266046,28.03539227343746,1391.0078791528385,hutchinson_25,300000,scasml_noclip,2,900,266400,900,266400,2,0,0,results/expert_iteration/artifacts/rows/d100_seed2_ckpt500_n2_M10_rep0_scasml_noclip_hutch25.npz,0,10.965420218596096,A,decision_d20_d100_d160,240000,12000,2.2170814194987933,-8.917735787937456,8.917735787937456,2.2534591883969424,9.341256456292488,2.871531300013885
10,20261101,500,cb12d79a9a930c68c4f67873cafa1a8feb061df4,numpy+cuda,100,,,,0,,0.012667795087613417,1.032497289046279,none,0,surrogate,2,1,1200,1,1200,2,0,0,results/expert_iteration/artifacts/rows/d100_seed2_ckpt500_n2_M10_rep0_surrogate_hutch25.npz,0,4.132133808657777,A,decision_d20_d100_d160,0,0,0.8506248196943974,-3.413294061285727,3.413294061285727,0.8491781174983263,3.520095066938602,0.002180999843403697
10,20261101,500,cb12d79a9a930c68c4f67873cafa1a8feb061df4,numpy+cuda,100,720b183447081d8fd476db110ba11efebbc75b6db8cf9ece5c68e204fea68bf4,0.01196245423783739,-0.01196245423783739,12000,0.01221147237456956,0.02785739297864354,1.3918344972726342,hutchinson_25,300000,path,2,900,266400,900,266400,2,0,0,results/expert_iteration/artifacts/rows/d100_seed2_ckpt500_n2_M10_rep1_path_hutch25.npz,1,0.02430076092457275,A,decision_d20_d100_d160,240000,12000,0.004734277164590227,-0.0008400117574905587,0.016467263676795255,0.004993951157261428,0.020701408186301885,2.84921079990454
10,20261101,500,cb12d79a9a930c68c4f67873cafa1a8feb061df4,numpy+cuda,100,720b183447081d8fd476db110ba11efebbc75b6db8cf9ece5c68e204fea68bf4,102.78367107449637,-102.78367107449637,12000,102.78367107449637,27.442327573430603,1368.346267086926,hutchinson_25,300000,scasml_noclip,2,900,266400,900,266400,2,0,0,results/expert_iteration/artifacts/rows/d100_seed2_ckpt500_n2_M10_rep1_scasml_noclip_hutch25.npz,1,10.972814919531526,A,decision_d20_d100_d160,240000,12000,2.1996712305272617,-8.933547108383408,8.933547108383408,2.254978843497814,9.347555877242932,2.886431399965659
10,20261101,500,cb12d79a9a930c68c4f67873cafa1a8feb061df4,numpy+cuda,100,,,,0,,0.012667795087613417,1.032497289046279,none,0,surrogate,2,1,1200,1,1200,2,0,0,results/expert_iteration/artifacts/rows/d100_seed2_ckpt500_n2_M10_rep1_surrogate_hutch25.npz,1,4.132133808657777,A,decision_d20_d100_d160,0,0,0.8506248196943974,-3.413294061285727,3.413294061285727,0.8491781174983263,3.520095066938602,0.0018637001048773527
10,20261101,500,cb12d79a9a930c68c4f67873cafa1a8feb061df4,numpy+cuda,100,7d9f46269ed089b2386300195de3adba02ba5aba4defb1f7defb9583e26de9b6,0.011801800924089306,-0.011801800924089306,12000,0.012122147378880023,0.028291691300621848,1.4174675903996423,hutchinson_25,300000,path,2,900,266400,900,266400,2,0,0,results/expert_iteration/artifacts/rows/d100_seed2_ckpt500_n2_M10_rep2_path_hutch25.npz,2,0.023788193657807887,A,decision_d20_d100_d160,240000,12000,0.005025067780903277,-0.0007821026083615111,0.01574571103212791,0.004888615529995273,0.020264760780684767,2.8911377999465913
10,20261101,500,cb12d79a9a930c68c4f67873cafa1a8feb061df4,numpy+cuda,100,7d9f46269ed089b2386300195de3adba02ba5aba4defb1f7defb9583e26de9b6,100.80402076742878,-100.80402076742878,12000,100.80402076742878,27.624486459079147,1371.1961440518103,hutchinson_25,300000,scasml_noclip,2,900,266400,900,266400,2,0,0,results/expert_iteration/artifacts/rows/d100_seed2_ckpt500_n2_M10_rep2_scasml_noclip_hutch25.npz,2,10.884978726946697,A,decision_d20_d100_d160,240000,12000,2.1921409247753663,-8.852287288441888,8.852287288441888,2.236927982581566,9.272729706907233,2.9120656000450253
10,20261101,500,cb12d79a9a930c68c4f67873cafa1a8feb061df4,numpy+cuda,100,,,,0,,0.012667795087613417,1.032497289046279,none,0,surrogate,2,1,1200,1,1200,2,0,0,results/expert_iteration/artifacts/rows/d100_seed2_ckpt500_n2_M10_rep2_surrogate_hutch25.npz,2,4.132133808657777,A,decision_d20_d100_d160,0,0,0.8506248196943974,-3.413294061285727,3.413294061285727,0.8491781174983263,3.520095066938602,0.0020739000756293535
10,20261101,500,cb12d79a9a930c68c4f67873cafa1a8feb061df4,numpy+cuda,100,58d57859fa2edb70856df8538caa0aefd0b9e601bc75547c5083a12fa39fed01,0.011761399883570882,-0.011761399883570882,12000,0.012062303923946785,0.02844518751485552,1.425421407460197,hutchinson_25,300000,path,2,900,266400,900,266400,2,0,0,results/expert_iteration/artifacts/rows/d100_seed2_ckpt500_n2_M10_rep3_path_hutch25.npz,3,0.0249161439522961,A,decision_d20_d100_d160,240000,12000,0.005038423528623679,-0.0012718639100248806,0.01641936967714678,0.005120416035994935,0.021225642603790496,2.92322410014458
10,20261101,500,cb12d79a9a930c68c4f67873cafa1a8feb061df4,numpy+cuda,100,58d57859fa2edb70856df8538caa0aefd0b9e601bc75547c5083a12fa39fed01,101.39509970142896,-101.39509970142896,12000,101.39509970142896,27.208781486873246,1354.5679888262332,hutchinson_25,300000,scasml_noclip,2,900,266400,900,266400,2,0,0,results/expert_iteration/artifacts/rows/d100_seed2_ckpt500_n2_M10_rep3_scasml_noclip_hutch25.npz,3,10.749002527325946,A,decision_d20_d100_d160,240000,12000,2.2163797345511296,-8.740878701106316,8.740878701106316,2.208984063394682,9.156893876880822,2.8686494999565184
10,20261101,500,cb12d79a9a930c68c4f67873cafa1a8feb061df4,numpy+cuda,100,,,,0,,0.012667795087613417,1.032497289046279,none,0,surrogate,2,1,1200,1,1200,2,0,0,results/expert_iteration/artifacts/rows/d100_seed2_ckpt500_n2_M10_rep3_surrogate_hutch25.npz,3,4.132133808657777,A,decision_d20_d100_d160,0,0,0.8506248196943974,-3.413294061285727,3.413294061285727,0.8491781174983263,3.520095066938602,0.0018732999451458454
10,20261101,500,cb12d79a9a930c68c4f67873cafa1a8feb061df4,numpy+cuda,100,4e81f195f66a2f05145236d8f5c5678977c3fb13fb76f3f7626a396c62ff7de7,0.011625120466367852,-0.011625120466367852,12000,0.011931012543250139,0.02804233534754103,1.3993966883652247,hutchinson_25,300000,path,2,900,266400,900,266400,2,0,0,results/expert_iteration/artifacts/rows/d100_seed2_ckpt500_n2_M10_rep4_path_hutch25.npz,4,0.024050087690738416,A,decision_d20_d100_d160,240000,12000,0.004677652728056213,0.0005345439195132582,0.016066609436674872,0.004942436314163013,0.020487863888199783,2.9298157000448555
10,20261101,500,cb12d79a9a930c68c4f67873cafa1a8feb061df4,numpy+cuda,100,4e81f195f66a2f05145236d8f5c5678977c3fb13fb76f3f7626a396c62ff7de7,102.53940799813458,-102.53940799813458,12000,102.53940799813458,27.63995898481837,1370.9982064245385,hutchinson_25,300000,scasml_noclip,2,900,266400,900,266400,2,0,0,results/expert_iteration/artifacts/rows/d100_seed2_ckpt500_n2_M10_rep4_scasml_noclip_hutch25.npz,4,11.051542081290847,A,decision_d20_d100_d160,240000,12000,2.2535447817588663,-9.001580397377335,9.001580397377335,2.271157744306566,9.41462221792203,2.8926907000131905
10,20261101,500,cb12d79a9a930c68c4f67873cafa1a8feb061df4,numpy+cuda,100,,,,0,,0.012667795087613417,1.032497289046279,none,0,surrogate,2,1,1200,1,1200,2,0,0,results/expert_iteration/artifacts/rows/d100_seed2_ckpt500_n2_M10_rep4_surrogate_hutch25.npz,4,4.132133808657777,A,decision_d20_d100_d160,0,0,0.8506248196943974,-3.413294061285727,3.413294061285727,0.8491781174983263,3.520095066938602,0.001966699957847595
10,20261101,1000,cb12d79a9a930c68c4f67873cafa1a8feb061df4,numpy+cuda,160,68ac09551b27d5724f593300f147fc776478caae167120335c8820f4ce7d67a1,0.00837364303891982,-0.00837364303891982,12000,0.008463790817535384,0.01643057255317688,1.4204808291376099,hutchinson_40,480000,path,2,900,266400,900,266400,0,0,0,results/expert_iteration/artifacts/rows/d160_seed0_ckpt1000_n2_M10_rep0_path_hutch40.npz,0,0.017295052425139353,A,decision_d20_d100_d160,240000,12000,0.0032980541237809177,-0.0011100139616501896,0.012003531590486432,0.0032802684802911044,0.01507877082674577,3.9701048000715673
10,20261101,1000,cb12d79a9a930c68c4f67873cafa1a8feb061df4,numpy+cuda,160,68ac09551b27d5724f593300f147fc776478caae167120335c8820f4ce7d67a1,201.76389455151573,-201.76389455151573,12000,201.76389455151573,52.266899823192134,4461.34041115515,hutchinson_40,480000,scasml_noclip,2,900,266400,900,266400,0,0,0,results/expert_iteration/artifacts/rows/d160_seed0_ckpt1000_n2_M10_rep0_scasml_noclip_hutch40.npz,0,17.806456418932164,A,decision_d20_d100_d160,240000,12000,3.3539719437510334,-14.967652685442271,14.967652685442271,3.3772639886189744,15.524640745652487,3.967952199978754
10,20261101,1000,cb12d79a9a930c68c4f67873cafa1a8feb061df4,numpy+cuda,160,,,,0,,0.00620325076518254,1.0128069923184833,none,0,surrogate,2,1,1200,1,1200,0,0,0,results/expert_iteration/artifacts/rows/d160_seed0_ckpt1000_n2_M10_rep0_surrogate_hutch40.npz,0,4.523698005294049,A,decision_d20_d100_d160,0,0,0.8571553772097255,-3.845887998145874,3.845887998145874,0.8579877999995278,3.944006865922312,0.002813700120896101
10,20261101,1000,cb12d79a9a930c68c4f67873cafa1a8feb061df4,numpy+cuda,160,125bc93126bda351ad7d743e891d897d95b02eb6d489ed4dbe76b80c7604d85a,0.008240014327867381,-0.008240014327867381,12000,0.008345222305659879,0.016441974071956463,1.4149290697889223,hutchinson_40,480000,path,2,900,266400,900,266400,0,0,0,results/expert_iteration/artifacts/rows/d160_seed0_ckpt1000_n2_M10_rep1_path_hutch40.npz,1,0.01657656979912318,A,decision_d20_d100_d160,240000,12000,0.0032270255215445607,6.721723862844065e-05,0.011311406097472297,0.003143997374900763,0.014452358452016638,3.994745200034231
10,20261101,1000,cb12d79a9a930c68c4f67873cafa1a8feb061df4,numpy+cuda,160,125bc93126bda351ad7d743e891d897d95b02eb6d489ed4dbe76b80c7604d85a,202.6715706081571,-202.6715706081571,12000,202.6715706081571,52.51268602400863,4473.4864875415915,hutchinson_40,480000,scasml_noclip,2,900,266400,900,266400,0,0,0,results/expert_iteration/artifacts/rows/d160_seed0_ckpt1000_n2_M10_rep1_scasml_noclip_hutch40.npz,1,17.70224861660847,A,decision_d20_d100_d160,240000,12000,3.398857344974597,-14.888883710610068,14.888883710610068,3.3574994015590383,15.433786694969541,3.995895699830726
10,20261101,1000,cb12d79a9a930c68c4f67873cafa1a8feb061df4,numpy+cuda,160,,,,0,,0.00620325076518254,1.0128069923184833,none,0,surrogate,2,1,1200,1,1200,0,0,0,results/expert_iteration/artifacts/rows/d160_seed0_ckpt1000_n2_M10_rep1_surrogate_hutch40.npz,1,4.523698005294049,A,decision_d20_d100_d160,0,0,0.8571553772097255,-3.845887998145874,3.845887998145874,0.8579877999995278,3.944006865922312,0.003192000091075897
10,20261101,1000,cb12d79a9a930c68c4f67873cafa1a8feb061df4,numpy+cuda,160,f1ee130ab8c1f9589714043cfcedd08a0cd54e979cecfe3eef2abb90d93f2c8a,0.008175664258320477,-0.008175664258320477,12000,0.00826352487603693,0.01637080096524941,1.4159110505150854,hutchinson_40,480000,path,2,900,266400,900,266400,0,0,0,results/expert_iteration/artifacts/rows/d160_seed0_ckpt1000_n2_M10_rep2_path_hutch40.npz,2,0.017042255566707857,A,decision_d20_d100_d160,240000,12000,0.0031612379092589315,0.0002539082199492484,0.011817690845425385,0.003232321729610887,0.014858368725595207,4.042203600052744
10,20261101,1000,cb12d79a9a930c68c4f67873cafa1a8feb061df4,numpy+cuda,160,f1ee130ab8c1f9589714043cfcedd08a0cd54e979cecfe3eef2abb90d93f2c8a,199.1238465894878,-199.1238465894878,12000,199.1238465894878,52.17669496404126,4458.704145258388,hutchinson_40,480000,scasml_noclip,2,900,266400,900,266400,0,0,0,results/expert_iteration/artifacts/rows/d160_seed0_ckpt1000_n2_M10_rep2_scasml_noclip_hutch40.npz,2,17.740562948434402,A,decision_d20_d100_d160,240000,12000,3.4137371982003115,-14.90411941815529,14.90411941815529,3.3647662945375947,15.467191221002857,4.041512500029057
10,20261101,1000,cb12d79a9a930c68c4f67873cafa1a8feb061df4,numpy+cuda,160,,,,0,,0.00620325076518254,1.0128069923184833,none,0,surrogate,2,1,1200,1,1200,0,0,0,results/expert_iteration/artifacts/rows/d160_seed0_ckpt1000_n2_M10_rep2_surrogate_hutch40.npz,2,4.523698005294049,A,decision_d20_d100_d160,0,0,0.8571553772097255,-3.845887998145874,3.845887998145874,0.8579877999995278,3.944006865922312,0.003393900115042925
10,20261101,1000,cb12d79a9a930c68c4f67873cafa1a8feb061df4,numpy+cuda,160,b791e27b4c1ab50274c70f5892cb0c24ac9bd44c48df61cb0897caee3e2d6a71,0.008323227894077379,-0.008323227894077379,12000,0.008429300443904822,0.01638671944479553,1.4120115556362725,hutchinson_40,480000,path,2,900,266400,900,266400,0,0,0,results/expert_iteration/artifacts/rows/d160_seed0_ckpt1000_n2_M10_rep3_path_hutch40.npz,3,0.016656369315650264,A,decision_d20_d100_d160,240000,12000,0.0031357113442040266,-0.0008815917603381828,0.011617246148156525,0.0031591325611015166,0.014521932026714104,3.997007800033316
10,20261101,1000,cb12d79a9a930c68c4f67873cafa1a8feb061df4,numpy+cuda,160,b791e27b4c1ab50274c70f5892cb0c24ac9bd44c48df61cb0897caee3e2d6a71,205.33581889869188,-205.33581889869188,12000,205.33581889869188,53.40725534218884,4553.212175815393,hutchinson_40,480000,scasml_noclip,2,900,266400,900,266400,0,0,0,results/expert_iteration/artifacts/rows/d160_seed0_ckpt1000_n2_M10_rep3_scasml_noclip_hutch40.npz,3,17.78613019511358,A,decision_d20_d100_d160,240000,12000,3.416659870193607,-14.954736409418752,14.954736409418752,3.3734088126023623,15.506919234135813,4.090678900014609
10,20261101,1000,cb12d79a9a930c68c4f67873cafa1a8feb061df4,numpy+cuda,160,,,,0,,0.00620325076518254,1.0128069923184833,none,0,surrogate,2,1,1200,1,1200,0,0,0,results/expert_iteration/artifacts/rows/d160_seed0_ckpt1000_n2_M10_rep3_surrogate_hutch40.npz,3,4.523698005294049,A,decision_d20_d100_d160,0,0,0.8571553772097255,-3.845887998145874,3.845887998145874,0.8579877999995278,3.944006865922312,0.0034008000511676073
10,20261101,1000,cb12d79a9a930c68c4f67873cafa1a8feb061df4,numpy+cuda,160,305a3b04d2099095619109203d1dd17d796d47a0f915b5bc3c1092f177144aea,0.008307185502141825,-0.008307185502141825,12000,0.008419942238720994,0.016449970614649912,1.4159530851186637,hutchinson_40,480000,path,2,900,266400,900,266400,0,0,0,results/expert_iteration/artifacts/rows/d160_seed0_ckpt1000_n2_M10_rep4_path_hutch40.npz,4,0.01719443054312312,A,decision_d20_d100_d160,240000,12000,0.003434799910913341,0.00024672928676833537,0.012038527105068572,0.0032611840172960312,0.014991043177139271,3.960004899883643
10,20261101,1000,cb12d79a9a930c68c4f67873cafa1a8feb061df4,numpy+cuda,160,305a3b04d2099095619109203d1dd17d796d47a0f915b5bc3c1092f177144aea,204.0721441532102,-204.0721441532102,12000,204.0721441532102,52.686087013637895,4482.191081062661,hutchinson_40,480000,scasml_noclip,2,900,266400,900,266400,0,0,0,results/expert_iteration/artifacts/rows/d160_seed0_ckpt1000_n2_M10_rep4_scasml_noclip_hutch40.npz,4,17.95085738934549,A,decision_d20_d100_d160,240000,12000,3.4987303383009216,-15.087402148478795,15.087402148478795,3.404651818394024,15.65053739438755,4.038331900024787
10,20261101,1000,cb12d79a9a930c68c4f67873cafa1a8feb061df4,numpy+cuda,160,,,,0,,0.00620325076518254,1.0128069923184833,none,0,surrogate,2,1,1200,1,1200,0,0,0,results/expert_iteration/artifacts/rows/d160_seed0_ckpt1000_n2_M10_rep4_surrogate_hutch40.npz,4,4.523698005294049,A,decision_d20_d100_d160,0,0,0.8571553772097255,-3.845887998145874,3.845887998145874,0.8579877999995278,3.944006865922312,0.0031096001621335745
10,20261101,2500,cb12d79a9a930c68c4f67873cafa1a8feb061df4,reference,160,,,,0,,,,none,0,f_zero,2,0,0,0,0,0,0,0,results/expert_iteration/artifacts/rows/d160_seed0_ckpt2500_n2_M10_rep0_f_zero_none.npz,0,0.009029391572426413,A,decision_d20_d100_d160,0,0,0.0017243421151325953,0.007858974974701735,0.007858974974701735,0.0017125607857761578,0.00787231647980798,0.00047069997526705265
10,20261101,2500,cb12d79a9a930c68c4f67873cafa1a8feb061df4,numpy+none,160,52ad00b82e77c8a00794f8c302540975cb4a6b832487a9bfdd0592db84d10a14,,,12000,,9.281367203825528,617.6309676074341,none,0,mlp_clip,2,0,0,0,0,0,0,0,results/expert_iteration/artifacts/rows/d160_seed0_ckpt2500_n2_M10_rep0_mlp_clip_none.npz,0,15.527593205127468,A,decision_d20_d100_d160,240000,12000,2.93841755282693,-13.260497188678784,13.260497188678784,2.9450430859362693,13.537803394612455,0.7840545999351889
10,20261101,2500,cb12d79a9a930c68c4f67873cafa1a8feb061df4,numpy+none,160,52ad00b82e77c8a00794f8c302540975cb4a6b832487a9bfdd0592db84d10a14,,,12000,,52.002640310365344,4447.740612702928,none,0,mlp,2,0,0,0,0,0,0,0,results/expert_iteration/artifacts/rows/d160_seed0_ckpt2500_n2_M10_rep0_mlp_none.npz,0,17.829587805514915,A,decision_d20_d100_d160,240000,12000,3.327953100496188,-14.967278668941187,14.967278668941187,3.381651206214368,15.544807951198461,0.7763739000074565
10,20261101,2500,cb12d79a9a930c68c4f67873cafa1a8feb061df4,numpy+cuda,160,52ad00b82e77c8a00794f8c302540975cb4a6b832487a9bfdd0592db84d10a14,2.258076899653664e-20,2.258076899653664e-20,12000,1.6258289202777941e-19,0.6923465238880228,57.342026063620416,hutchinson_40,480000,oracle_state,2,900,266400,900,266400,0,0,0,results/expert_iteration/artifacts/rows/d160_seed0_ckpt2500_n2_M10_rep0_oracle_state_hutch40.npz,0,0.014909716155204488,A,decision_d20_d100_d160,240000,12000,0.0027494873047502854,-5.1057786333872035e-05,0.010414810513848714,0.002827853350875881,0.012999104453095989,5.61712810001336
10,20261101,2500,cb12d79a9a930c68c4f67873cafa1a8feb061df4,numpy+cuda,160,52ad00b82e77c8a00794f8c302540975cb4a6b832487a9bfdd0592db84d10a14,0.009411726802236888,0.009411726802236888,12000,0.020963166843605083,0.009478951191194745,0.8942406104242816,hutchinson_40,480000,path_clip,2,900,266400,900,266400,0,0,0,results/expert_iteration/artifacts/rows/d160_seed0_ckpt2500_n2_M10_rep0_path_clip_hutch40.npz,0,4.408030408142158,A,decision_d20_d100_d160,240000,12000,0.8351396633968,-3.74292793295918,3.74292793295918,0.836049689388377,3.843161540527488,4.003276399802417
10,20261101,2500,cb12d79a9a930c68c4f67873cafa1a8feb061df4,numpy+cuda,160,52ad00b82e77c8a00794f8c302540975cb4a6b832487a9bfdd0592db84d10a14,0.008113664942697598,-0.008113664942697598,12000,0.008219911171690157,0.01002519285557062,0.941127751935374,hutchinson_40,480000,path,2,900,266400,900,266400,0,0,0,results/expert_iteration/artifacts/rows/d160_seed0_ckpt2500_n2_M10_rep0_path_hutch40.npz,0,0.014935798003745025,A,decision_d20_d100_d160,240000,12000,0.0027663615070105062,-0.0007820159504997717,0.010432217486304306,0.002832800168241458,0.01302184403244002,3.9961624001152813
10,20261101,2500,cb12d79a9a930c68c4f67873cafa1a8feb061df4,numpy+cuda,160,52ad00b82e77c8a00794f8c302540975cb4a6b832487a9bfdd0592db84d10a14,0.6773691100998103,-0.6773691100998103,12000,0.692618195217514,0.09563855999626605,6.359890209106508,hutchinson_40,480000,scasml,2,900,266400,900,266400,0,0,0,results/expert_iteration/artifacts/rows/d160_seed0_ckpt2500_n2_M10_rep0_scasml_hutch40.npz,0,4.408030408142158,A,decision_d20_d100_d160,240000,12000,0.8351396635109238,-3.74292793295918,3.74292793295918,0.836049689388377,3.843161540527488,4.126514700008556
10,20261101,2500,cb12d79a9a930c68c4f67873cafa1a8feb061df4,numpy+cuda,160,52ad00b82e77c8a00794f8c302540975cb4a6b832487a9bfdd0592db84d10a14,200.77882367107043,-200.77882367107043,12000,200.77882367107043,52.01056894399874,4448.372490285824,hutchinson_40,480000,scasml_noclip,2,900,266400,900,266400,0,0,0,results/expert_iteration/artifacts/rows/d160_seed0_ckpt2500_n2_M10_rep0_scasml_noclip_hutch40.npz,0,17.834784388764824,A,decision_d20_d100_d160,240000,12000,3.3291294940155103,-14.971469265551528,14.971469265551528,3.382636816886187,15.549338616152884,4.020513799972832
10,20261101,2500,cb12d79a9a930c68c4f67873cafa1a8feb061df4,numpy+cuda,160,,,,0,,0.005635474594122606,1.001491866252887,none,0,surrogate,2,1,1200,1,1200,0,0,0,results/expert_iteration/artifacts/rows/d160_seed0_ckpt2500_n2_M10_rep0_surrogate_hutch40.npz,0,4.5198119149162945,A,decision_d20_d100_d160,0,0,0.8564277922738501,-3.84292793295918,3.84292793295918,0.8572507441372869,3.9406187601925478,0.002865399932488799
10,20261101,2500,cb12d79a9a930c68c4f67873cafa1a8feb061df4,reference,160,,,,0,,,,none,0,f_zero,2,0,0,0,0,0,0,0,results/expert_iteration/artifacts/rows/d160_seed0_ckpt2500_n2_M10_rep1_f_zero_none.npz,1,0.009029391572426413,A,decision_d20_d100_d160,0,0,0.0017243421151325953,0.007858974974701735,0.007858974974701735,0.0017125607857761578,0.00787231647980798,0.00043260003440082073
10,20261101,2500,cb12d79a9a930c68c4f67873cafa1a8feb061df4,numpy+none,160,51224d667fdf5652e3458d2c4ef8eddc6c18f467eacb0a64a4fb7af5b3b9c272,,,12000,,9.285283539871829,617.7977398148862,none,0,mlp_clip,2,0,0,0,0,0,0,0,results/expert_iteration/artifacts/rows/d160_seed0_ckpt2500_n2_M10_rep1_mlp_clip_none.npz,1,15.599825403023889,A,decision_d20_d100_d160,240000,12000,2.9533020473132208,-13.335755419610145,13.335755419610145,2.9587430156154286,13.600779367834086,0.7722916998900473
10,20261101,2500,cb12d79a9a930c68c4f67873cafa1a8feb061df4,numpy+none,160,51224d667fdf5652e3458d2c4ef8eddc6c18f467eacb0a64a4fb7af5b3b9c272,,,12000,,51.351097047101106,4374.418409531048,none,0,mlp,2,0,0,0,0,0,0,0,results/expert_iteration/artifacts/rows/d160_seed0_ckpt2500_n2_M10_rep1_mlp_none.npz,1,17.85954358567743,A,decision_d20_d100_d160,240000,12000,3.372280911287548,-15.013222671264902,15.013222671264902,3.3873327733501104,15.570925035605233,0.7725138999521732
10,20261101,2500,cb12d79a9a930c68c4f67873cafa1a8feb061df4,numpy+cuda,160,51224d667fdf5652e3458d2c4ef8eddc6c18f467eacb0a64a4fb7af5b3b9c272,3.738238740548979e-21,-3.738238740548979e-21,12000,1.4307177043209237e-19,0.6936036962252878,57.451385505957,hutchinson_40,480000,oracle_state,2,900,266400,900,266400,0,0,0,results/expert_iteration/artifacts/rows/d160_seed0_ckpt2500_n2_M10_rep1_oracle_state_hutch40.npz,1,0.015092749739068557,A,decision_d20_d100_d160,240000,12000,0.0028394271901183575,0.0002473073791845409,0.010414472454842259,0.0028625684405573274,0.013158683123159605,5.634542200015858
10,20261101,2500,cb12d79a9a930c68c4f67873cafa1a8feb061df4,numpy+cuda,160,51224d667fdf5652e3458d2c4ef8eddc6c18f467eacb0a64a4fb7af5b3b9c272,0.009351268331063237,0.009351268331063237,12000,0.021058480928161632,0.009442061748012376,0.8908428991535978,hutchinson_40,480000,path_clip,2,900,266400,900,266400,0,0,0,results/expert_iteration/artifacts/rows/d160_seed0_ckpt2500_n2_M10_rep1_path_clip_hutch40.npz,1,4.408030408142158,A,decision_d20_d100_d160,240000,12000,0.8351396840713093,-3.74292793295918,3.74292793295918,0.836049689388377,3.843161540527488,3.9970894001889974
10,20261101,2500,cb12d79a9a930c68c4f67873cafa1a8feb061df4,numpy+cuda,160,51224d667fdf5652e3458d2c4ef8eddc6c18f467eacb0a64a4fb7af5b3b9c272,0.008113236475518752,-0.008113236475518752,12000,0.008218762013005063,0.009984269812991093,0.9369448643335708,hutchinson_40,480000,path,2,900,266400,900,266400,0,0,0,results/expert_iteration/artifacts/rows/d160_seed0_ckpt2500_n2_M10_rep1_path_hutch40.npz,1,0.015104085495835471,A,decision_d20_d100_d160,240000,12000,0.002862652975944834,-0.00048778133211433604,0.010420961325356587,0.002864718438412708,0.013168566254718522,4.047821999993175
10,20261101,2500,cb12d79a9a930c68c4f67873cafa1a8feb061df4,numpy+cuda,160,51224d667fdf5652e3458d2c4ef8eddc6c18f467eacb0a64a4fb7af5b3b9c272,0.6777859000521137,-0.6777859000521137,12000,0.6931658673269875,0.09570519166120636,6.363522137511841,hutchinson_40,480000,scasml,2,900,266400,900,266400,0,0,0,results/expert_iteration/artifacts/rows/d160_seed0_ckpt2500_n2_M10_rep1_scasml_hutch40.npz,1,4.408030408142158,A,decision_d20_d100_d160,240000,12000,0.8351396847203738,-3.74292793295918,3.74292793295918,0.836049689388377,3.843161540527488,4.007681600051001
10,20261101,2500,cb12d79a9a930c68c4f67873cafa1a8feb061df4,numpy+cuda,160,51224d667fdf5652e3458d2c4ef8eddc6c18f467eacb0a64a4fb7af5b3b9c272,199.66756255912048,-199.66756255912048,12000,199.66756255912048,51.36053784660671,4375.1845282741,hutchinson_40,480000,scasml_noclip,2,900,266400,900,266400,0,0,0,results/expert_iteration/artifacts/rows/d160_seed0_ckpt2500_n2_M10_rep1_scasml_noclip_hutch40.npz,1,17.86502554895252,A,decision_d20_d100_d160,240000,12000,3.373116055080434,-15.017591606444887,15.017591606444887,3.3883725106633813,15.575704510444268,4.033068399876356
10,20261101,2500,cb12d79a9a930c68c4f67873cafa1a8feb061df4,numpy+cuda,160,,,,0,,0.005635474594122606,1.001491866252887,none,0,surrogate,2,1,1200,1,1200,0,0,0,results/expert_iteration/artifacts/rows/d160_seed0_ckpt2500_n2_M10_rep1_surrogate_hutch40.npz,1,4.5198119149162945,A,decision_d20_d100_d160,0,0,0.8564277922738501,-3.84292793295918,3.84292793295918,0.8572507441372869,3.9406187601925478,0.003115300089120865
10,20261101,2500,cb12d79a9a930c68c4f67873cafa1a8feb061df4,reference,160,,,,0,,,,none,0,f_zero,2,0,0,0,0,0,0,0,results/expert_iteration/artifacts/rows/d160_seed0_ckpt2500_n2_M10_rep2_f_zero_none.npz,2,0.009029391572426413,A,decision_d20_d100_d160,0,0,0.0017243421151325953,0.007858974974701735,0.007858974974701735,0.0017125607857761578,0.00787231647980798,0.0004517000634223223
10,20261101,2500,cb12d79a9a930c68c4f67873cafa1a8feb061df4,numpy+none,160,eb94ee84420e9bc38bf418525cca89fd4fe0fa8f19210bee38617950601f4837,,,12000,,9.293167496444555,618.2148382855924,none,0,mlp_clip,2,0,0,0,0,0,0,0,results/expert_iteration/artifacts/rows/d160_seed0_ckpt2500_n2_M10_rep2_mlp_clip_none.npz,2,15.526085844275274,A,decision_d20_d100_d160,240000,12000,2.957661135312844,-13.26919734695215,13.26919734695215,2.94475719213437,13.536489195135939,0.7867058000992984
10,20261101,2500,cb12d79a9a930c68c4f67873cafa1a8feb061df4,numpy+none,160,eb94ee84420e9bc38bf418525cca89fd4fe0fa8f19210bee38617950601f4837,,,12000,,52.05501038638668,4424.840922178253,none,0,mlp,2,0,0,0,0,0,0,0,results/expert_iteration/artifacts/rows/d160_seed0_ckpt2500_n2_M10_rep2_mlp_none.npz,2,17.65138120751867,A,decision_d20_d100_d160,240000,12000,3.3906760376584195,-14.83690770476137,14.83690770476137,3.3478516274667895,15.389437710915555,0.7740293999668211
10,20261101,2500,cb12d79a9a930c68c4f67873cafa1a8feb061df4,numpy+cuda,160,eb94ee84420e9bc38bf418525cca89fd4fe0fa8f19210bee38617950601f4837,4.092863201132779e-21,4.092863201132779e-21,12000,1.5687501934054844e-19,0.6944869700358296,57.51276349374163,hutchinson_40,480000,oracle_state,2,900,266400,900,266400,0,0,0,results/expert_iteration/artifacts/rows/d160_seed0_ckpt2500_n2_M10_rep2_oracle_state_hutch40.npz,2,0.014614572015561917,A,decision_d20_d100_d160,240000,12000,0.0027759316554428885,-0.001061455239997845,0.01021841746478812,0.0027718747973211723,0.012741781680482796,5.684319700114429
10,20261101,2500,cb12d79a9a930c68c4f67873cafa1a8feb061df4,numpy+cuda,160,eb94ee84420e9bc38bf418525cca89fd4fe0fa8f19210bee38617950601f4837,0.009716372598973575,0.009716372598973575,12000,0.021348283720553137,0.009585928433090926,0.9020238665648148,hutchinson_40,480000,path_clip,2,900,266400,900,266400,0,0,0,results/expert_iteration/artifacts/rows/d160_seed0_ckpt2500_n2_M10_rep2_path_clip_hutch40.npz,2,4.408030408142158,A,decision_d20_d100_d160,240000,12000,0.8351396650415314,-3.74292793295918,3.74292793295918,0.836049689388377,3.843161540527488,4.0116256000474095
10,20261101,2500,cb12d79a9a930c68c4f67873cafa1a8feb061df4,numpy+cuda,160,eb94ee84420e9bc38bf418525cca89fd4fe0fa8f19210bee38617950601f4837,0.008118367827908349,-0.008118367827908349,12000,0.008232176521897807,0.01015905567229651,0.9522099142478976,hutchinson_40,480000,path,2,900,266400,900,266400,0,0,0,results/expert_iteration/artifacts/rows/d160_seed0_ckpt2500_n2_M10_rep2_path_hutch40.npz,2,0.014693967545531551,A,decision_d20_d100_d160,240000,12000,0.0028004689121510855,-0.001787574625037995,0.010313448777936987,0.0027869333613563313,0.012811003037646186,3.988021600060165
10,20261101,2500,cb12d79a9a930c68c4f67873cafa1a8feb061df4,numpy+cuda,160,eb94ee84420e9bc38bf418525cca89fd4fe0fa8f19210bee38617950601f4837,0.6764192645361357,-0.6764192645361357,12000,0.6918378798672701,0.09580944243050997,6.3703654748169125,hutchinson_40,480000,scasml,2,900,266400,900,266400,0,0,0,results/expert_iteration/artifacts/rows/d160_seed0_ckpt2500_n2_M10_rep2_scasml_hutch40.npz,2,4.408030408142158,A,decision_d20_d100_d160,240000,12000,0.8351396648408533,-3.74292793295918,3.74292793295918,0.836049689388377,3.843161540527488,4.097606800030917
10,20261101,2500,cb12d79a9a930c68c4f67873cafa1a8feb061df4,numpy+cuda,160,eb94ee84420e9bc38bf418525cca89fd4fe0fa8f19210bee38617950601f4837,201.41026136012263,-201.41026136012263,12000,201.41026136012263,52.06396063004576,4425.5667189512205,hutchinson_40,480000,scasml_noclip,2,900,266400,900,266400,0,0,0,results/expert_iteration/artifacts/rows/d160_seed0_ckpt2500_n2_M10_rep2_scasml_noclip_hutch40.npz,2,17.656442698259294,A,decision_d20_d100_d160,240000,12000,3.391609983831243,-14.8409034319339,14.8409034319339,3.348811615799385,15.393850594845794,4.034690600121394
10,20261101,2500,cb12d79a9a930c68c4f67873cafa1a8feb061df4,numpy+cuda,160,,,,0,,0.005635474594122606,1.001491866252887,none,0,surrogate,2,1,1200,1,1200,0,0,0,results/expert_iteration/artifacts/rows/d160_seed0_ckpt2500_n2_M10_rep2_surrogate_hutch40.npz,2,4.5198119149162945,A,decision_d20_d100_d160,0,0,0.8564277922738501,-3.84292793295918,3.84292793295918,0.8572507441372869,3.9406187601925478,0.003262199927121401
10,20261101,2500,cb12d79a9a930c68c4f67873cafa1a8feb061df4,reference,160,,,,0,,,,none,0,f_zero,2,0,0,0,0,0,0,0,results/expert_iteration/artifacts/rows/d160_seed0_ckpt2500_n2_M10_rep3_f_zero_none.npz,3,0.009029391572426413,A,decision_d20_d100_d160,0,0,0.0017243421151325953,0.007858974974701735,0.007858974974701735,0.0017125607857761578,0.00787231647980798,0.00047610001638531685
10,20261101,2500,cb12d79a9a930c68c4f67873cafa1a8feb061df4,numpy+none,160,36a9283788f02b96a0c00c0a86addd793503fe7f0f5c1869ccc7e71d5779b5b8,,,12000,,9.309383647055322,618.9165782278834,none,0,mlp_clip,2,0,0,0,0,0,0,0,results/expert_iteration/artifacts/rows/d160_seed0_ckpt2500_n2_M10_rep3_mlp_clip_none.npz,3,15.649289936747927,A,decision_d20_d100_d160,240000,12000,2.9265290047750816,-13.384400320135715,13.384400320135715,2.9681247131598316,13.643905248562406,0.7890191001351923
10,20261101,2500,cb12d79a9a930c68c4f67873cafa1a8feb061df4,numpy+none,160,36a9283788f02b96a0c00c0a86addd793503fe7f0f5c1869ccc7e71d5779b5b8,,,12000,,53.02413699643358,4517.710131347408,none,0,mlp,2,0,0,0,0,0,0,0,results/expert_iteration/artifacts/rows/d160_seed0_ckpt2500_n2_M10_rep3_mlp_none.npz,3,17.855249002633734,A,decision_d20_d100_d160,240000,12000,3.3671052784178936,-15.032848861130176,15.032848861130176,3.386518240670594,15.567180783670027,0.7785978000611067
10,20261101,2500,cb12d79a9a930c68c4f67873cafa1a8feb061df4,numpy+cuda,160,36a9283788f02b96a0c00c0a86addd793503fe7f0f5c1869ccc7e71d5779b5b8,1.637597031358314e-20,1.637597031358314e-20,12000,1.551719184279358e-19,0.6930870394589843,57.396481190884636,hutchinson_40,480000,oracle_state,2,900,266400,900,266400,0,0,0,results/expert_iteration/artifacts/rows/d160_seed0_ckpt2500_n2_M10_rep3_oracle_state_hutch40.npz,3,0.01472497929290094,A,decision_d20_d100_d160,240000,12000,0.0030638151913748714,5.369664633314919e-05,0.010396869532406303,0.002792815208656585,0.012838040771908284,5.652920099906623
10,20261101,2500,cb12d79a9a930c68c4f67873cafa1a8feb061df4,numpy+cuda,160,36a9283788f02b96a0c00c0a86addd793503fe7f0f5c1869ccc7e71d5779b5b8,0.009508139070726413,0.009508139070726413,12000,0.021292725440892207,0.009346339471299444,0.8825327765899187,hutchinson_40,480000,path_clip,2,900,266400,900,266400,0,0,0,results/expert_iteration/artifacts/rows/d160_seed0_ckpt2500_n2_M10_rep3_path_clip_hutch40.npz,3,4.408030408142158,A,decision_d20_d100_d160,240000,12000,0.8351396643755212,-3.74292793295918,3.74292793295918,0.836049689388377,3.843161540527488,3.9708781999070197
10,20261101,2500,cb12d79a9a930c68c4f67873cafa1a8feb061df4,numpy+cuda,160,36a9283788f02b96a0c00c0a86addd793503fe7f0f5c1869ccc7e71d5779b5b8,0.008125257185583466,-0.008125257185583466,12000,0.008233163978716065,0.009901285226877618,0.9336719208203283,hutchinson_40,480000,path,2,900,266400,900,266400,0,0,0,results/expert_iteration/artifacts/rows/d160_seed0_ckpt2500_n2_M10_rep3_path_hutch40.npz,3,0.014744867810919353,A,decision_d20_d100_d160,240000,12000,0.003060482933299843,-0.0006852140472294706,0.010397247240689507,0.002796587367142827,0.012855380667614371,4.17101960000582
10,20261101,2500,cb12d79a9a930c68c4f67873cafa1a8feb061df4,numpy+cuda,160,36a9283788f02b96a0c00c0a86addd793503fe7f0f5c1869ccc7e71d5779b5b8,0.6795272239305324,-0.6795272239305324,12000,0.694766690574735,0.09570267263461064,6.3651927074953685,hutchinson_40,480000,scasml,2,900,266400,900,266400,0,0,0,results/expert_iteration/artifacts/rows/d160_seed0_ckpt2500_n2_M10_rep3_scasml_hutch40.npz,3,4.408030408142158,A,decision_d20_d100_d160,240000,12000,0.8351396642270058,-3.74292793295918,3.74292793295918,0.836049689388377,3.843161540527488,4.0569188999943435
10,20261101,2500,cb12d79a9a930c68c4f67873cafa1a8feb061df4,numpy+cuda,160,36a9283788f02b96a0c00c0a86addd793503fe7f0f5c1869ccc7e71d5779b5b8,205.05588878192972,-205.05588878192972,12000,205.05588878192972,53.032565873184474,4518.359561779249,hutchinson_40,480000,scasml_noclip,2,900,266400,900,266400,0,0,0,results/expert_iteration/artifacts/rows/d160_seed0_ckpt2500_n2_M10_rep3_scasml_noclip_hutch40.npz,3,17.86126501647982,A,decision_d20_d100_d160,240000,12000,3.3680407176315565,-15.03769941786047,15.03769941786047,3.387659268758351,15.572425872950232,3.992459899978712
10,20261101,2500,cb12d79a9a930c68c4f67873cafa1a8feb061df4,numpy+cuda,160,,,,0,,0.005635474594122606,1.001491866252887,none,0,surrogate,2,1,1200,1,1200,0,0,0,results/expert_iteration/artifacts/rows/d160_seed0_ckpt2500_n2_M10_rep3_surrogate_hutch40.npz,3,4.5198119149162945,A,decision_d20_d100_d160,0,0,0.8564277922738501,-3.84292793295918,3.84292793295918,0.8572507441372869,3.9406187601925478,0.003377599874511361
10,20261101,2500,cb12d79a9a930c68c4f67873cafa1a8feb061df4,reference,160,,,,0,,,,none,0,f_zero,2,0,0,0,0,0,0,0,results/expert_iteration/artifacts/rows/d160_seed0_ckpt2500_n2_M10_rep4_f_zero_none.npz,4,0.009029391572426413,A,decision_d20_d100_d160,0,0,0.0017243421151325953,0.007858974974701735,0.007858974974701735,0.0017125607857761578,0.00787231647980798,0.0004210001789033413
10,20261101,2500,cb12d79a9a930c68c4f67873cafa1a8feb061df4,numpy+none,160,7d27da0a1c4ace78a0bbb8a1e390025d7408d15fad5e054a3502e2d18deab76f,,,12000,,9.286761261392808,617.8792090149389,none,0,mlp_clip,2,0,0,0,0,0,0,0,results/expert_iteration/artifacts/rows/d160_seed0_ckpt2500_n2_M10_rep4_mlp_clip_none.npz,4,15.548029173720233,A,decision_d20_d100_d160,240000,12000,2.9662255493735574,-13.293983951929192,13.293983951929192,2.9489190767104647,13.555620587614134,0.7869688000064343
10,20261101,2500,cb12d79a9a930c68c4f67873cafa1a8feb061df4,numpy+none,160,7d27da0a1c4ace78a0bbb8a1e390025d7408d15fad5e054a3502e2d18deab76f,,,12000,,51.732820823274196,4421.570590252559,none,0,mlp,2,0,0,0,0,0,0,0,results/expert_iteration/artifacts/rows/d160_seed0_ckpt2500_n2_M10_rep4_mlp_none.npz,4,17.73372993485832,A,decision_d20_d100_d160,240000,12000,3.371069723723476,-14.909526297825328,14.909526297825328,3.363470310084467,15.46123382675871,0.7845922999549657
10,20261101,2500,cb12d79a9a930c68c4f67873cafa1a8feb061df4,numpy+cuda,160,7d27da0a1c4ace78a0bbb8a1e390025d7408d15fad5e054a3502e2d18deab76f,9.545496626924462e-21,-9.545496626924462e-21,12000,1.7326002467223562e-19,0.692268268261105,57.3144478492361,hutchinson_40,480000,oracle_state,2,900,266400,900,266400,0,0,0,results/expert_iteration/artifacts/rows/d160_seed0_ckpt2500_n2_M10_rep4_oracle_state_hutch40.npz,4,0.014520209595973364,A,decision_d20_d100_d160,240000,12000,0.002825127765996934,-0.0008428638848430109,0.01008327972856198,0.002753977536122333,0.01265951137191959,5.692129399860278
10,20261101,2500,cb12d79a9a930c68c4f67873cafa1a8feb061df4,numpy+cuda,160,7d27da0a1c4ace78a0bbb8a1e390025d7408d15fad5e054a3502e2d18deab76f,0.00971491152666195,0.00971491152666195,12000,0.02125303436246051,0.009425057992907345,0.890131565757986,hutchinson_40,480000,path_clip,2,900,266400,900,266400,0,0,0,results/expert_iteration/artifacts/rows/d160_seed0_ckpt2500_n2_M10_rep4_path_clip_hutch40.npz,4,4.408030408142158,A,decision_d20_d100_d160,240000,12000,0.8351396630372712,-3.74292793295918,3.74292793295918,0.836049689388377,3.843161540527488,4.031210399931297
10,20261101,2500,cb12d79a9a930c68c4f67873cafa1a8feb061df4,numpy+cuda,160,7d27da0a1c4ace78a0bbb8a1e390025d7408d15fad5e054a3502e2d18deab76f,0.008072863156061575,-0.008072863156061575,12000,0.008189788679686,0.009955546167636196,0.9312003948342391,hutchinson_40,480000,path,2,900,266400,900,266400,0,0,0,results/expert_iteration/artifacts/rows/d160_seed0_ckpt2500_n2_M10_rep4_path_hutch40.npz,4,0.014598769660417062,A,decision_d20_d100_d160,240000,12000,0.0028237008358650653,-0.001571127734437949,0.010151684643615494,0.0027688776414744112,0.012728004324630103,4.049086399842054
10,20261101,2500,cb12d79a9a930c68c4f67873cafa1a8feb061df4,numpy+cuda,160,7d27da0a1c4ace78a0bbb8a1e390025d7408d15fad5e054a3502e2d18deab76f,0.6773553334876583,-0.6773553334876583,12000,0.6931895898027303,0.0956991458403081,6.3644086904707065,hutchinson_40,480000,scasml,2,900,266400,900,266400,0,0,0,results/expert_iteration/artifacts/rows/d160_seed0_ckpt2500_n2_M10_rep4_scasml_hutch40.npz,4,4.408030408142158,A,decision_d20_d100_d160,240000,12000,0.8351396631167691,-3.74292793295918,3.74292793295918,0.836049689388377,3.843161540527488,4.000565399881452
10,20261101,2500,cb12d79a9a930c68c4f67873cafa1a8feb061df4,numpy+cuda,160,7d27da0a1c4ace78a0bbb8a1e390025d7408d15fad5e054a3502e2d18deab76f,201.11366158915055,-201.11366158915055,12000,201.11366158915055,51.74007956778665,4422.139060128991,hutchinson_40,480000,scasml_noclip,2,900,266400,900,266400,0,0,0,results/expert_iteration/artifacts/rows/d160_seed0_ckpt2500_n2_M10_rep4_scasml_noclip_hutch40.npz,4,17.738953449491046,A,decision_d20_d100_d160,240000,12000,3.3721455759560195,-14.913737852322578,14.913737852322578,3.3644610287006858,15.465787971962833,3.99570249998942
10,20261101,2500,cb12d79a9a930c68c4f67873cafa1a8feb061df4,numpy+cuda,160,,,,0,,0.005635474594122606,1.001491866252887,none,0,surrogate,2,1,1200,1,1200,0,0,0,results/expert_iteration/artifacts/rows/d160_seed0_ckpt2500_n2_M10_rep4_surrogate_hutch40.npz,4,4.5198119149162945,A,decision_d20_d100_d160,0,0,0.8564277922738501,-3.84292793295918,3.84292793295918,0.8572507441372869,3.9406187601925478,0.0035915998741984367
10,20261101,500,cb12d79a9a930c68c4f67873cafa1a8feb061df4,numpy+cuda,160,eae89ca4702f8e1c344530f37c73f627a132e7a44b34421183969b6437a58703,0.009970567772941714,-0.009970567772941714,12000,0.010047282879947854,0.03782665327548529,3.3032688990326244,hutchinson_40,480000,path,2,900,266400,900,266400,0,0,0,results/expert_iteration/artifacts/rows/d160_seed0_ckpt500_n2_M10_rep0_path_hutch40.npz,0,0.025956907958727196,A,decision_d20_d100_d160,240000,12000,0.004670095315223475,-0.005286091286535406,0.01707134592050815,0.004923120493064598,0.022630649324407993,4.020305799786001
10,20261101,500,cb12d79a9a930c68c4f67873cafa1a8feb061df4,numpy+cuda,160,eae89ca4702f8e1c344530f37c73f627a132e7a44b34421183969b6437a58703,202.7573441825339,-202.7573441825339,12000,202.7573441825339,52.27500654623541,4458.772518647824,hutchinson_40,480000,scasml_noclip,2,900,266400,900,266400,0,0,0,results/expert_iteration/artifacts/rows/d160_seed0_ckpt500_n2_M10_rep0_scasml_noclip_hutch40.npz,0,18.12194918160599,A,decision_d20_d100_d160,240000,12000,3.4231892481803388,-15.22873160751257,15.22873160751257,3.437101966540026,15.799704558638716,4.071821799967438
10,20261101,500,cb12d79a9a930c68c4f67873cafa1a8feb061df4,numpy+cuda,160,,,,0,,0.008859022660877038,1.1069256120009883,none,0,surrogate,2,1,1200,1,1200,0,0,0,results/expert_iteration/artifacts/rows/d160_seed0_ckpt500_n2_M10_rep0_surrogate_hutch40.npz,0,4.537678354105377,A,decision_d20_d100_d160,0,0,0.8598065005688167,-3.8570238020905365,3.8570238020905365,0.8606393847661985,3.9561956971916263,0.003096099942922592
10,20261101,500,cb12d79a9a930c68c4f67873cafa1a8feb061df4,numpy+cuda,160,ca901792b9c66d79308cfc87825798840c8ceeeb13bba2030d83ed33af365c72,0.009885008571136443,-0.009885008571136443,12000,0.009970894805949313,0.037262366917961004,3.2285087951850904,hutchinson_40,480000,path,2,900,266400,900,266400,0,0,0,results/expert_iteration/artifacts/rows/d160_seed0_ckpt500_n2_M10_rep1_path_hutch40.npz,1,0.02689069844012675,A,decision_d20_d100_d160,240000,12000,0.005471688463866718,-0.004842221097836577,0.017553234462763766,0.0051002279922519635,0.023444778840936882,4.00632379995659
10,20261101,500,cb12d79a9a930c68c4f67873cafa1a8feb061df4,numpy+cuda,160,ca901792b9c66d79308cfc87825798840c8ceeeb13bba2030d83ed33af365c72,204.75616083680802,-204.75616083680802,12000,204.75616083680802,53.74240083044603,4569.71349617625,hutchinson_40,480000,scasml_noclip,2,900,266400,900,266400,0,0,0,results/expert_iteration/artifacts/rows/d160_seed0_ckpt500_n2_M10_rep1_scasml_noclip_hutch40.npz,1,18.004909948196108,A,decision_d20_d100_d160,240000,12000,3.3836114130686474,-15.148828716364097,15.148828716364097,3.4149037043506714,15.697663365877691,4.048205600120127
10,20261101,500,cb12d79a9a930c68c4f67873cafa1a8feb061df4,numpy+cuda,160,,,,0,,0.008859022660877038,1.1069256120009883,none,0,surrogate,2,1,1200,1,1200,0,0,0,results/expert_iteration/artifacts/rows/d160_seed0_ckpt500_n2_M10_rep1_surrogate_hutch40.npz,1,4.537678354105377,A,decision_d20_d100_d160,0,0,0.8598065005688167,-3.8570238020905365,3.8570238020905365,0.8606393847661985,3.9561956971916263,0.0032244999893009663
10,20261101,500,cb12d79a9a930c68c4f67873cafa1a8feb061df4,numpy+cuda,160,de2d123ef9b67f4ad589b3a86cdb3347d957999e7797da4ac7190dd8d6f8367b,0.009761182029942675,-0.009761182029942675,12000,0.009850033579575644,0.037178303224494426,3.221639200691277,hutchinson_40,480000,path,2,900,266400,900,266400,0,0,0,results/expert_iteration/artifacts/rows/d160_seed0_ckpt500_n2_M10_rep2_path_hutch40.npz,2,0.026098137148219083,A,decision_d20_d100_d160,240000,12000,0.0050385405022891905,-0.004105504200234996,0.017289293549211573,0.004949906746577996,0.022753780641390865,4.128975600004196
10,20261101,500,cb12d79a9a930c68c4f67873cafa1a8feb061df4,numpy+cuda,160,de2d123ef9b67f4ad589b3a86cdb3347d957999e7797da4ac7190dd8d6f8367b,202.59905081206378,-202.59905081206378,12000,202.59905081206378,52.59351868709638,4476.1197490383265,hutchinson_40,480000,scasml_noclip,2,900,266400,900,266400,0,0,0,results/expert_iteration/artifacts/rows/d160_seed0_ckpt500_n2_M10_rep2_scasml_noclip_hutch40.npz,2,18.047753934831146,A,decision_d20_d100_d160,240000,12000,3.446765402622818,-15.150412292309047,15.150412292309047,3.423029714927236,15.73501709224367,4.082018899964169
10,20261101,500,cb12d79a9a930c68c4f67873cafa1a8feb061df4,numpy+cuda,160,,,,0,,0.008859022660877038,1.1069256120009883,none,0,surrogate,2,1,1200,1,1200,0,0,0,results/expert_iteration/artifacts/rows/d160_seed0_ckpt500_n2_M10_rep2_surrogate_hutch40.npz,2,4.537678354105377,A,decision_d20_d100_d160,0,0,0.8598065005688167,-3.8570238020905365,3.8570238020905365,0.8606393847661985,3.9561956971916263,0.003045199904590845
10,20261101,500,cb12d79a9a930c68c4f67873cafa1a8feb061df4,numpy+cuda,160,830b5563a88c691876db48a2fed8e0ee24b8b91a2be3d8b84389b4996d240fce,0.009793262179545618,-0.009793262179545618,12000,0.009883529488515811,0.037776098443137326,3.2742950752750675,hutchinson_40,480000,path,2,900,266400,900,266400,0,0,0,results/expert_iteration/artifacts/rows/d160_seed0_ckpt500_n2_M10_rep3_path_hutch40.npz,3,0.026702887998094765,A,decision_d20_d100_d160,240000,12000,0.004725483940717519,-0.004465429018812192,0.017884968633479374,0.005064606899113699,0.023281035445157767,4.011357799870893
10,20261101,500,cb12d79a9a930c68c4f67873cafa1a8feb061df4,numpy+cuda,160,830b5563a88c691876db48a2fed8e0ee24b8b91a2be3d8b84389b4996d240fce,205.39170192173162,-205.39170192173162,12000,205.39170192173162,52.678393181417896,4499.15342782561,hutchinson_40,480000,scasml_noclip,2,900,266400,900,266400,0,0,0,results/expert_iteration/artifacts/rows/d160_seed0_ckpt500_n2_M10_rep3_scasml_noclip_hutch40.npz,3,18.135636501378148,A,decision_d20_d100_d160,240000,12000,3.4477153880759723,-15.218756457420842,15.218756457420842,3.4396979739139617,15.81163791119547,4.011659200070426
10,20261101,500,cb12d79a9a930c68c4f67873cafa1a8feb061df4,numpy+cuda,160,,,,0,,0.008859022660877038,1.1069256120009883,none,0,surrogate,2,1,1200,1,1200,0,0,0,results/expert_iteration/artifacts/rows/d160_seed0_ckpt500_n2_M10_rep3_surrogate_hutch40.npz,3,4.537678354105377,A,decision_d20_d100_d160,0,0,0.8598065005688167,-3.8570238020905365,3.8570238020905365,0.8606393847661985,3.9561956971916263,0.0032393999863415956
10,20261101,500,cb12d79a9a930c68c4f67873cafa1a8feb061df4,numpy+cuda,160,9565443497b5125cd3ec0a38b1eb3585c83d91734e442288969eeea5567ff3fe,0.009741029198898916,-0.009741029198898916,12000,0.009838815778540571,0.0382436678769071,3.314988779745609,hutchinson_40,480000,path,2,900,266400,900,266400,0,0,0,results/expert_iteration/artifacts/rows/d160_seed0_ckpt500_n2_M10_rep4_path_hutch40.npz,4,0.027556009511232073,A,decision_d20_d100_d160,240000,12000,0.005359146916759761,-0.0043734602034053195,0.018394664811428887,0.005226414307418216,0.024024833351503832,4.013358799973503
10,20261101,500,cb12d79a9a930c68c4f67873cafa1a8feb061df4,numpy+cuda,160,9565443497b5125cd3ec0a38b1eb3585c83d91734e442288969eeea5567ff3fe,203.58882025689437,-203.58882025689437,12000,203.58882025689437,52.31232892813477,4466.549211458691,hutchinson_40,480000,scasml_noclip,2,900,266400,900,266400,0,0,0,results/expert_iteration/artifacts/rows/d160_seed0_ckpt500_n2_M10_rep4_scasml_noclip_hutch40.npz,4,18.050187974316774,A,decision_d20_d100_d160,240000,12000,3.4291329470450886,-15.16925936948866,15.16925936948866,3.423491367358708,15.73713922073943,4.037385700037703
10,20261101,500,cb12d79a9a930c68c4f67873cafa1a8feb061df4,numpy+cuda,160,,,,0,,0.008859022660877038,1.1069256120009883,none,0,surrogate,2,1,1200,1,1200,0,0,0,results/expert_iteration/artifacts/rows/d160_seed0_ckpt500_n2_M10_rep4_surrogate_hutch40.npz,4,4.537678354105377,A,decision_d20_d100_d160,0,0,0.8598065005688167,-3.8570238020905365,3.8570238020905365,0.8606393847661985,3.9561956971916263,0.006040099775418639
10,20261101,1000,cb12d79a9a930c68c4f67873cafa1a8feb061df4,numpy+cuda,160,0ecfdbef7fd5abe901ab97af72e1c33a8a171e6ee1066b72eb764aaf82a37c69,0.008572046042322175,-0.008572046042322175,12000,0.008694024811438146,0.01899511370593999,1.6373910866506756,hutchinson_40,480000,path,2,900,266400,900,266400,1,0,0,results/expert_iteration/artifacts/rows/d160_seed1_ckpt1000_n2_M10_rep0_path_hutch40.npz,0,0.01760677726305025,A,decision_d20_d100_d160,240000,12000,0.003498174003173882,-0.0008517652379244543,0.012050626977535131,0.003339391814247389,0.015350549557235799,3.9893171000294387
10,20261101,1000,cb12d79a9a930c68c4f67873cafa1a8feb061df4,numpy+cuda,160,0ecfdbef7fd5abe901ab97af72e1c33a8a171e6ee1066b72eb764aaf82a37c69,204.79412619364032,-204.79412619364032,12000,204.79412619364032,52.0987431124634,4444.829613895179,hutchinson_40,480000,scasml_noclip,2,900,266400,900,266400,1,0,0,results/expert_iteration/artifacts/rows/d160_seed1_ckpt1000_n2_M10_rep0_scasml_noclip_hutch40.npz,0,18.086391663248115,A,decision_d20_d100_d160,240000,12000,3.4031524307513457,-15.210231486473491,15.210231486473491,3.4303579449644004,15.768703573079002,4.040487599791959
10,20261101,1000,cb12d79a9a930c68c4f67873cafa1a8feb061df4,numpy+cuda,160,,,,0,,0.007006095243557945,1.036360270580887,none,0,surrogate,2,1,1200,1,1200,1,0,0,results/expert_iteration/artifacts/rows/d160_seed1_ckpt1000_n2_M10_rep0_surrogate_hutch40.npz,0,4.521094429137963,A,decision_d20_d100_d160,0,0,0.856672837340853,-3.8434187505388504,3.8434187505388504,0.8574939923722994,3.9417369261023816,0.0028850999660789967
10,20261101,1000,cb12d79a9a930c68c4f67873cafa1a8feb061df4,numpy+cuda,160,6717a3bf68908b7b6fb9399fa9bd72fc2f7557881b3774320792f2515f2f0bed,0.008323535497948991,-0.008323535497948991,12000,0.008424984211777873,0.018776828346263978,1.6157310585015132,hutchinson_40,480000,path,2,900,266400,900,266400,1,0,0,results/expert_iteration/artifacts/rows/d160_seed1_ckpt1000_n2_M10_rep1_path_hutch40.npz,1,0.017207044244591393,A,decision_d20_d100_d160,240000,12000,0.0035300604376266686,-0.00020164478610961356,0.01183854558383446,0.0032635763967077316,0.015002040490650773,3.9856106999795884
10,20261101,1000,cb12d79a9a930c68c4f67873cafa1a8feb061df4,numpy+cuda,160,6717a3bf68908b7b6fb9399fa9bd72fc2f7557881b3774320792f2515f2f0bed,199.35416703162764,-199.35416703162764,12000,199.35416703162764,52.30475312333951,4446.72574668965,hutchinson_40,480000,scasml_noclip,2,900,266400,900,266400,1,0,0,results/expert_iteration/artifacts/rows/d160_seed1_ckpt1000_n2_M10_rep1_scasml_noclip_hutch40.npz,1,18.159493527756286,A,decision_d20_d100_d160,240000,12000,3.416921955312055,-15.232472811409124,15.232472811409124,3.4442228200802516,15.832437769127132,4.015414200024679
10,20261101,1000,cb12d79a9a930c68c4f67873cafa1a8feb061df4,numpy+cuda,160,,,,0,,0.007006095243557945,1.036360270580887,none,0,surrogate,2,1,1200,1,1200,1,0,0,results/expert_iteration/artifacts/rows/d160_seed1_ckpt1000_n2_M10_rep1_surrogate_hutch40.npz,1,4.521094429137963,A,decision_d20_d100_d160,0,0,0.856672837340853,-3.8434187505388504,3.8434187505388504,0.8574939923722994,3.9417369261023816,0.003061900148168206
10,20261101,1000,cb12d79a9a930c68c4f67873cafa1a8feb061df4,numpy+cuda,160,2f898906a5f85ce408245bc1dacd41496db259c53ebcbdc474fb8c302217d2b1,0.008554558696248916,-0.008554558696248916,12000,0.008656541501711945,0.019067488170470742,1.6434736842396322,hutchinson_40,480000,path,2,900,266400,900,266400,1,0,0,results/expert_iteration/artifacts/rows/d160_seed1_ckpt1000_n2_M10_rep2_path_hutch40.npz,2,0.018233372894176886,A,decision_d20_d100_d160,240000,12000,0.0035503445470178915,-0.0018634122871303892,0.012379147540888102,0.003458235160202512,0.0158968498337857,4.022352299885824
10,20261101,1000,cb12d79a9a930c68c4f67873cafa1a8feb061df4,numpy+cuda,160,2f898906a5f85ce408245bc1dacd41496db259c53ebcbdc474fb8c302217d2b1,205.43506721416043,-205.43506721416043,12000,205.43506721416043,53.14869048707476,4537.645327999118,hutchinson_40,480000,scasml_noclip,2,900,266400,900,266400,1,0,0,results/expert_iteration/artifacts/rows/d160_seed1_ckpt1000_n2_M10_rep2_scasml_noclip_hutch40.npz,2,17.826951591004914,A,decision_d20_d100_d160,240000,12000,3.413826441175202,-14.995608042891874,14.995608042891874,3.3811512082292863,15.542509555479887,4.003114899853244
10,20261101,1000,cb12d79a9a930c68c4f67873cafa1a8feb061df4,numpy+cuda,160,,,,0,,0.007006095243557945,1.036360270580887,none,0,surrogate,2,1,1200,1,1200,1,0,0,results/expert_iteration/artifacts/rows/d160_seed1_ckpt1000_n2_M10_rep2_surrogate_hutch40.npz,2,4.521094429137963,A,decision_d20_d100_d160,0,0,0.856672837340853,-3.8434187505388504,3.8434187505388504,0.8574939923722994,3.9417369261023816,0.0031481001060456038
10,20261101,1000,cb12d79a9a930c68c4f67873cafa1a8feb061df4,numpy+cuda,160,650a79e1cd0fa96c2dcd9efc1786dd367f6a62687a57e266f43db392810d8215,0.008541761184246707,-0.008541761184246707,12000,0.008637156563119159,0.019182367079128137,1.6515685555119464,hutchinson_40,480000,path,2,900,266400,900,266400,1,0,0,results/expert_iteration/artifacts/rows/d160_seed1_ckpt1000_n2_M10_rep3_path_hutch40.npz,3,0.017789242772041365,A,decision_d20_d100_d160,240000,12000,0.003348810706838127,0.0002886437193305468,0.012057361560868998,0.0033739991599304716,0.01550963294861444,4.032816500170156
10,20261101,1000,cb12d79a9a930c68c4f67873cafa1a8feb061df4,numpy+cuda,160,650a79e1cd0fa96c2dcd9efc1786dd367f6a62687a57e266f43db392810d8215,203.29070503696997,-203.29070503696997,12000,203.29070503696997,52.32926650228666,4458.937560694548,hutchinson_40,480000,scasml_noclip,2,900,266400,900,266400,1,0,0,results/expert_iteration/artifacts/rows/d160_seed1_ckpt1000_n2_M10_rep3_scasml_noclip_hutch40.npz,3,17.958135941630186,A,decision_d20_d100_d160,240000,12000,3.414654850373918,-15.081613869411413,15.081613869411413,3.406032306007171,15.656883233599453,4.027785800164565
10,20261101,1000,cb12d79a9a930c68c4f67873cafa1a8feb061df4,numpy+cuda,160,,,,0,,0.007006095243557945,1.036360270580887,none,0,surrogate,2,1,1200,1,1200,1,0,0,results/expert_iteration/artifacts/rows/d160_seed1_ckpt1000_n2_M10_rep3_surrogate_hutch40.npz,3,4.521094429137963,A,decision_d20_d100_d160,0,0,0.856672837340853,-3.8434187505388504,3.8434187505388504,0.8574939923722994,3.9417369261023816,0.0033839999232441187
10,20261101,1000,cb12d79a9a930c68c4f67873cafa1a8feb061df4,numpy+cuda,160,382a25317f24b07a6f2026d169d6eadf4c2e663babcdab126ef9c53e6b30960c,0.008552600897431487,-0.008552600897431487,12000,0.008658863639826082,0.018973335889716458,1.6343936859932795,hutchinson_40,480000,path,2,900,266400,900,266400,1,0,0,results/expert_iteration/artifacts/rows/d160_seed1_ckpt1000_n2_M10_rep4_path_hutch40.npz,4,0.01775650807000144,A,decision_d20_d100_d160,240000,12000,0.0033269673248474303,-0.0015083710603466516,0.012174521064327277,0.003367790528197317,0.015481093048415908,3.9649787999223918
10,20261101,1000,cb12d79a9a930c68c4f67873cafa1a8feb061df4,numpy+cuda,160,382a25317f24b07a6f2026d169d6eadf4c2e663babcdab126ef9c53e6b30960c,204.1973686411272,-204.1973686411272,12000,204.1973686411272,52.582924451186216,4481.829083107631,hutchinson_40,480000,scasml_noclip,2,900,266400,900,266400,1,0,0,results/expert_iteration/artifacts/rows/d160_seed1_ckpt1000_n2_M10_rep4_scasml_noclip_hutch40.npz,4,18.007143144132463,A,decision_d20_d100_d160,240000,12000,3.4165661436192147,-15.149473056694408,15.149473056694408,3.41532726376294,15.699610388003315,4.016091499943286
10,20261101,1000,cb12d79a9a930c68c4f67873cafa1a8feb061df4,numpy+cuda,160,,,,0,,0.007006095243557945,1.036360270580887,none,0,surrogate,2,1,1200,1,1200,1,0,0,results/expert_iteration/artifacts/rows/d160_seed1_ckpt1000_n2_M10_rep4_surrogate_hutch40.npz,4,4.521094429137963,A,decision_d20_d100_d160,0,0,0.856672837340853,-3.8434187505388504,3.8434187505388504,0.8574939923722994,3.9417369261023816,0.0036945000756531954
10,20261101,2500,cb12d79a9a930c68c4f67873cafa1a8feb061df4,reference,160,,,,0,,,,none,0,f_zero,2,0,0,0,0,1,0,0,results/expert_iteration/artifacts/rows/d160_seed1_ckpt2500_n2_M10_rep0_f_zero_none.npz,0,0.009029391572426413,A,decision_d20_d100_d160,0,0,0.0017243421151325953,0.007858974974701735,0.007858974974701735,0.0017125607857761578,0.00787231647980798,0.0005046001169830561
10,20261101,2500,cb12d79a9a930c68c4f67873cafa1a8feb061df4,numpy+none,160,d4f65f53a629cbc8760a6e3226783cabf785d8b7fdf40066c219864d9835ca12,,,12000,,9.273421994654894,617.2857913769894,none,0,mlp_clip,2,0,0,0,0,1,0,0,results/expert_iteration/artifacts/rows/d160_seed1_ckpt2500_n2_M10_rep0_mlp_clip_none.npz,0,15.561751069748942,A,decision_d20_d100_d160,240000,12000,2.922275061053726,-13.305975827732944,13.305975827732944,2.9515216419948214,13.56758408563884,0.7831883998587728
10,20261101,2500,cb12d79a9a930c68c4f67873cafa1a8feb061df4,numpy+none,160,d4f65f53a629cbc8760a6e3226783cabf785d8b7fdf40066c219864d9835ca12,,,12000,,50.679900660066345,4331.817935764549,none,0,mlp,2,0,0,0,0,1,0,0,results/expert_iteration/artifacts/rows/d160_seed1_ckpt2500_n2_M10_rep0_mlp_none.npz,0,17.76021266017606,A,decision_d20_d100_d160,240000,12000,3.349864866996812,-14.928433891754484,14.928433891754484,3.368493159798742,15.484322912360636,0.7745647002011538
10,20261101,2500,cb12d79a9a930c68c4f67873cafa1a8feb061df4,numpy+cuda,160,d4f65f53a629cbc8760a6e3226783cabf785d8b7fdf40066c219864d9835ca12,3.3174327723530427e-20,3.3174327723530427e-20,12000,1.481630031337222e-19,0.6958004877309864,57.58097819448349,hutchinson_40,480000,oracle_state,2,900,266400,900,266400,1,0,0,results/expert_iteration/artifacts/rows/d160_seed1_ckpt2500_n2_M10_rep0_oracle_state_hutch40.npz,0,0.014929820961674216,A,decision_d20_d100_d160,240000,12000,0.0027458573164984494,-0.0005783973262680766,0.010383542263267067,0.0028316665317407825,0.01301663292088094,5.732918699970469
10,20261101,2500,cb12d79a9a930c68c4f67873cafa1a8feb061df4,numpy+cuda,160,d4f65f53a629cbc8760a6e3226783cabf785d8b7fdf40066c219864d9835ca12,0.00974674576045542,0.00974674576045542,12000,0.021366812671959157,0.009554451802550955,0.898069451315984,hutchinson_40,480000,path_clip,2,900,266400,900,266400,1,0,0,results/expert_iteration/artifacts/rows/d160_seed1_ckpt2500_n2_M10_rep0_path_clip_hutch40.npz,0,4.4114964383653525,A,decision_d20_d100_d160,240000,12000,0.8357935508232394,-3.746036280368476,3.746036280368476,0.8367070744840334,3.846183414883772,3.984688299940899
10,20261101,2500,cb12d79a9a930c68c4f67873cafa1a8feb061df4,numpy+cuda,160,d4f65f53a629cbc8760a6e3226783cabf785d8b7fdf40066c219864d9835ca12,0.00806748449677821,-0.00806748449677821,12000,0.008164223852941223,0.010101605356040903,0.9442065297115454,hutchinson_40,480000,path,2,900,266400,900,266400,1,0,0,results/expert_iteration/artifacts/rows/d160_seed1_ckpt2500_n2_M10_rep0_path_hutch40.npz,0,0.01499223058236128,A,decision_d20_d100_d160,240000,12000,0.002753759340365468,-0.0013128103944535453,0.010437303514036829,0.002843503460972007,0.013071045035085143,4.068519100081176
10,20261101,2500,cb12d79a9a930c68c4f67873cafa1a8feb061df4,numpy+cuda,160,d4f65f53a629cbc8760a6e3226783cabf785d8b7fdf40066c219864d9835ca12,0.676460400180956,-0.676460400180956,12000,0.6917255445056253,0.09565431712255511,6.360448534809276,hutchinson_40,480000,scasml,2,900,266400,900,266400,1,0,0,results/expert_iteration/artifacts/rows/d160_seed1_ckpt2500_n2_M10_rep0_scasml_hutch40.npz,0,4.4114964383653525,A,decision_d20_d100_d160,240000,12000,0.8357935505821471,-3.746036280368476,3.746036280368476,0.8367070744840334,3.846183414883772,4.12401259993203
10,20261101,2500,cb12d79a9a930c68c4f67873cafa1a8feb061df4,numpy+cuda,160,d4f65f53a629cbc8760a6e3226783cabf785d8b7fdf40066c219864d9835ca12,198.4941921583557,-198.4941921583557,12000,198.4941921583557,50.68819793031996,4332.497249150166,hutchinson_40,480000,scasml_noclip,2,900,266400,900,266400,1,0,0,results/expert_iteration/artifacts/rows/d160_seed1_ckpt2500_n2_M10_rep0_scasml_noclip_hutch40.npz,0,17.76591482125653,A,decision_d20_d100_d160,240000,12000,3.3510396186864853,-14.933064438956636,14.933064438956636,3.3695746609588437,15.489294367666814,4.018120700027794
10,20261101,2500,cb12d79a9a930c68c4f67873cafa1a8feb061df4,numpy+cuda,160,,,,0,,0.005652431101514533,1.001691486207575,none,0,surrogate,2,1,1200,1,1200,1,0,0,results/expert_iteration/artifacts/rows/d160_seed1_ckpt2500_n2_M10_rep0_surrogate_hutch40.npz,0,4.5232826949719005,A,decision_d20_d100_d160,0,0,0.8570828060703901,-3.8460362803684762,3.8460362803684762,0.8579090301105563,3.943644775712018,0.002993999980390072
10,20261101,2500,cb12d79a9a930c68c4f67873cafa1a8feb061df4,reference,160,,,,0,,,,none,0,f_zero,2,0,0,0,0,1,0,0,results/expert_iteration/artifacts/rows/d160_seed1_ckpt2500_n2_M10_rep1_f_zero_none.npz,1,0.009029391572426413,A,decision_d20_d100_d160,0,0,0.0017243421151325953,0.007858974974701735,0.007858974974701735,0.0017125607857761578,0.00787231647980798,0.00047129997983574867
10,20261101,2500,cb12d79a9a930c68c4f67873cafa1a8feb061df4,numpy+none,160,1cbbbd1f370e3fc4d2990721e055265bc80ed9b964b88190a334f421789456be,,,12000,,9.303011923484235,618.5890088076715,none,0,mlp_clip,2,0,0,0,0,1,0,0,results/expert_iteration/artifacts/rows/d160_seed1_ckpt2500_n2_M10_rep1_mlp_clip_none.npz,1,15.583679104097914,A,decision_d20_d100_d160,240000,12000,2.929046154298473,-13.317550288025888,13.317550288025888,2.9556806256244474,13.586702143017408,0.8024659999646246
10,20261101,2500,cb12d79a9a930c68c4f67873cafa1a8feb061df4,numpy+none,160,1cbbbd1f370e3fc4d2990721e055265bc80ed9b964b88190a334f421789456be,,,12000,,52.53673970806431,4476.525655292502,none,0,mlp,2,0,0,0,0,1,0,0,results/expert_iteration/artifacts/rows/d160_seed1_ckpt2500_n2_M10_rep1_mlp_none.npz,1,17.72712306370418,A,decision_d20_d100_d160,240000,12000,3.3555925949607355,-14.906416329684372,14.906416329684372,3.3622172169646816,15.455473595822935,0.7815671998541802
10,20261101,2500,cb12d79a9a930c68c4f67873cafa1a8feb061df4,numpy+cuda,160,1cbbbd1f370e3fc4d2990721e055265bc80ed9b964b88190a334f421789456be,1.4126250805675718e-20,1.4126250805675718e-20,12000,1.6620367553297582e-19,0.6930462463389871,57.40923889891287,hutchinson_40,480000,oracle_state,2,900,266400,900,266400,1,0,0,results/expert_iteration/artifacts/rows/d160_seed1_ckpt2500_n2_M10_rep1_oracle_state_hutch40.npz,1,0.014005184188504627,A,decision_d20_d100_d160,240000,12000,0.0029496630453225287,-0.00017166722817529777,0.00983912375910715,0.0026562951718750237,0.012210484106880245,5.647244099993259
10,20261101,2500,cb12d79a9a930c68c4f67873cafa1a8feb061df4,numpy+cuda,160,1cbbbd1f370e3fc4d2990721e055265bc80ed9b964b88190a334f421789456be,0.010166819155728571,0.010166819155728571,12000,0.02187174027448085,0.00942877251965412,0.8931974750817069,hutchinson_40,480000,path_clip,2,900,266400,900,266400,1,0,0,results/expert_iteration/artifacts/rows/d160_seed1_ckpt2500_n2_M10_rep1_path_clip_hutch40.npz,1,4.4114964383653525,A,decision_d20_d100_d160,240000,12000,0.8357935463438453,-3.746036280368476,3.746036280368476,0.8367070744840334,3.846183414883772,3.9779434001538903
10,20261101,2500,cb12d79a9a930c68c4f67873cafa1a8feb061df4,numpy+cuda,160,1cbbbd1f370e3fc4d2990721e055265bc80ed9b964b88190a334f421789456be,0.007951083410739888,-0.007951083410739888,12000,0.00806095781117997,0.010027600593908491,0.9547127005786328,hutchinson_40,480000,path,2,900,266400,900,266400,1,0,0,results/expert_iteration/artifacts/rows/d160_seed1_ckpt2500_n2_M10_rep1_path_hutch40.npz,1,0.014033516855410327,A,decision_d20_d100_d160,240000,12000,0.0029628706862956495,-0.0009081277634687871,0.00985345885079612,0.0026616688910132353,0.012235186072545326,4.00170290004462
10,20261101,2500,cb12d79a9a930c68c4f67873cafa1a8feb061df4,numpy+cuda,160,1cbbbd1f370e3fc4d2990721e055265bc80ed9b964b88190a334f421789456be,0.6778120377243074,-0.6778120377243074,12000,0.6935809883702361,0.09560471517732866,6.360268346894669,hutchinson_40,480000,scasml,2,900,266400,900,266400,1,0,0,results/expert_iteration/artifacts/rows/d160_seed1_ckpt2500_n2_M10_rep1_scasml_hutch40.npz,1,4.4114964383653525,A,decision_d20_d100_d160,240000,12000,0.8357935463252184,-3.746036280368476,3.746036280368476,0.8367070744840334,3.846183414883772,4.026785900117829
10,20261101,2500,cb12d79a9a930c68c4f67873cafa1a8feb061df4,numpy+cuda,160,1cbbbd1f370e3fc4d2990721e055265bc80ed9b964b88190a334f421789456be,200.91779682845097,-200.91779682845097,12000,200.91779682845097,52.54585276771637,4477.2701848199795,hutchinson_40,480000,scasml_noclip,2,900,266400,900,266400,1,0,0,results/expert_iteration/artifacts/rows/d160_seed1_ckpt2500_n2_M10_rep1_scasml_noclip_hutch40.npz,1,17.731488199333864,A,decision_d20_d100_d160,240000,12000,3.356746615457122,-14.910046927303917,14.910046927303917,3.3630451310100553,15.459279359354012,4.002506700111553
10,20261101,2500,cb12d79a9a930c68c4f67873cafa1a8feb061df4,numpy+cuda,160,,,,0,,0.005652431101514533,1.001691486207575,none,0,surrogate,2,1,1200,1,1200,1,0,0,results/expert_iteration/artifacts/rows/d160_seed1_ckpt2500_n2_M10_rep1_surrogate_hutch40.npz,1,4.5232826949719005,A,decision_d20_d100_d160,0,0,0.8570828060703901,-3.8460362803684762,3.8460362803684762,0.8579090301105563,3.943644775712018,0.0033521000295877457
10,20261101,2500,cb12d79a9a930c68c4f67873cafa1a8feb061df4,reference,160,,,,0,,,,none,0,f_zero,2,0,0,0,0,1,0,0,results/expert_iteration/artifacts/rows/d160_seed1_ckpt2500_n2_M10_rep2_f_zero_none.npz,2,0.009029391572426413,A,decision_d20_d100_d160,0,0,0.0017243421151325953,0.007858974974701735,0.007858974974701735,0.0017125607857761578,0.00787231647980798,0.0004800001624971628
10,20261101,2500,cb12d79a9a930c68c4f67873cafa1a8feb061df4,numpy+none,160,c0591131eed8f2183c29e703f48dae34743c7b3fc757d614d5ed3654fdaa5ade,,,12000,,9.294581104083145,618.2189881667368,none,0,mlp_clip,2,0,0,0,0,1,0,0,results/expert_iteration/artifacts/rows/d160_seed1_ckpt2500_n2_M10_rep2_mlp_clip_none.npz,2,15.532861715645142,A,decision_d20_d100_d160,240000,12000,2.9604453245087887,-13.282359369070136,13.282359369070136,2.946042338703152,13.542396769685364,0.7968655999284238
10,20261101,2500,cb12d79a9a930c68c4f67873cafa1a8feb061df4,numpy+none,160,c0591131eed8f2183c29e703f48dae34743c7b3fc757d614d5ed3654fdaa5ade,,,12000,,52.47882634972639,4486.485361606491,none,0,mlp,2,0,0,0,0,1,0,0,results/expert_iteration/artifacts/rows/d160_seed1_ckpt2500_n2_M10_rep2_mlp_none.npz,2,17.67102026544274,A,decision_d20_d100_d160,240000,12000,3.3604720122429406,-14.858925742300839,14.858925742300839,3.351576472070168,15.406560113693573,0.7730594000313431
10,20261101,2500,cb12d79a9a930c68c4f67873cafa1a8feb061df4,numpy+cuda,160,c0591131eed8f2183c29e703f48dae34743c7b3fc757d614d5ed3654fdaa5ade,3.674541862915455e-20,3.674541862915455e-20,12000,2.0688384454644233e-19,0.6919805016904128,57.33542917600932,hutchinson_40,480000,oracle_state,2,900,266400,900,266400,1,0,0,results/expert_iteration/artifacts/rows/d160_seed1_ckpt2500_n2_M10_rep2_oracle_state_hutch40.npz,2,0.014994788115061271,A,decision_d20_d100_d160,240000,12000,0.0027483072560220536,0.0005048943667252481,0.010492141560519655,0.002843988535760847,0.013073274831706576,5.807415599934757
10,20261101,2500,cb12d79a9a930c68c4f67873cafa1a8feb061df4,numpy+cuda,160,c0591131eed8f2183c29e703f48dae34743c7b3fc757d614d5ed3654fdaa5ade,0.009449842680483862,0.009449842680483862,12000,0.02118850488417131,0.009428569358413469,0.8872354714133587,hutchinson_40,480000,path_clip,2,900,266400,900,266400,1,0,0,results/expert_iteration/artifacts/rows/d160_seed1_ckpt2500_n2_M10_rep2_path_clip_hutch40.npz,2,4.4114964383653525,A,decision_d20_d100_d160,240000,12000,0.835793558241394,-3.746036280368476,3.746036280368476,0.8367070744840334,3.846183414883772,4.011242299806327
10,20261101,2500,cb12d79a9a930c68c4f67873cafa1a8feb061df4,numpy+cuda,160,c0591131eed8f2183c29e703f48dae34743c7b3fc757d614d5ed3654fdaa5ade,0.00814313937291809,-0.00814313937291809,12000,0.00823133721589561,0.009947636762983353,0.9303916869697422,hutchinson_40,480000,path,2,900,266400,900,266400,1,0,0,results/expert_iteration/artifacts/rows/d160_seed1_ckpt2500_n2_M10_rep2_path_hutch40.npz,2,0.014989200092372765,A,decision_d20_d100_d160,240000,12000,0.0027571020840657314,-0.00022724259178870133,0.010488879044188517,0.0028429286826744454,0.013068402888481231,4.024351299973205
10,20261101,2500,cb12d79a9a930c68c4f67873cafa1a8feb061df4,numpy+cuda,160,c0591131eed8f2183c29e703f48dae34743c7b3fc757d614d5ed3654fdaa5ade,0.6779378060778235,-0.6779378060778235,12000,0.6934594921516491,0.09560452221390887,6.361402086830226,hutchinson_40,480000,scasml,2,900,266400,900,266400,1,0,0,results/expert_iteration/artifacts/rows/d160_seed1_ckpt2500_n2_M10_rep2_scasml_hutch40.npz,2,4.4114964383653525,A,decision_d20_d100_d160,240000,12000,0.8357935586736019,-3.746036280368476,3.746036280368476,0.8367070744840334,3.846183414883772,4.036941400030628
10,20261101,2500,cb12d79a9a930c68c4f67873cafa1a8feb061df4,numpy+cuda,160,c0591131eed8f2183c29e703f48dae34743c7b3fc757d614d5ed3654fdaa5ade,201.9029791107198,-201.9029791107198,12000,201.9029791107198,52.48671174088551,4487.123601188793,hutchinson_40,480000,scasml_noclip,2,900,266400,900,266400,1,0,0,results/expert_iteration/artifacts/rows/d160_seed1_ckpt2500_n2_M10_rep2_scasml_noclip_hutch40.npz,2,17.67571661045464,A,decision_d20_d100_d160,240000,12000,3.361697520038696,-14.862735859622562,14.862735859622562,3.352467204988255,15.410654643644511,3.996896799886599
10,20261101,2500,cb12d79a9a930c68c4f67873cafa1a8feb061df4,numpy+cuda,160,,,,0,,0.005652431101514533,1.001691486207575,none,0,surrogate,2,1,1200,1,1200,1,0,0,results/expert_iteration/artifacts/rows/d160_seed1_ckpt2500_n2_M10_rep2_surrogate_hutch40.npz,2,4.5232826949719005,A,decision_d20_d100_d160,0,0,0.8570828060703901,-3.8460362803684762,3.8460362803684762,0.8579090301105563,3.943644775712018,0.00321759982034564
10,20261101,2500,cb12d79a9a930c68c4f67873cafa1a8feb061df4,reference,160,,,,0,,,,none,0,f_zero,2,0,0,0,0,1,0,0,results/expert_iteration/artifacts/rows/d160_seed1_ckpt2500_n2_M10_rep3_f_zero_none.npz,3,0.009029391572426413,A,decision_d20_d100_d160,0,0,0.0017243421151325953,0.007858974974701735,0.007858974974701735,0.0017125607857761578,0.00787231647980798,0.0004678000696003437
10,20261101,2500,cb12d79a9a930c68c4f67873cafa1a8feb061df4,numpy+none,160,b8759e94b5f4e27fef66e5d3fd9bb3ca3abb01afd762963615f1a07d86ddbb3c,,,12000,,9.28694472077042,617.878463675854,none,0,mlp_clip,2,0,0,0,0,1,0,0,results/expert_iteration/artifacts/rows/d160_seed1_ckpt2500_n2_M10_rep3_mlp_clip_none.npz,3,15.489694927069804,A,decision_d20_d100_d160,240000,12000,2.9343097730567296,-13.238690636433557,13.238690636433557,2.9378551038524936,13.504761606966344,0.7791908998042345
10,20261101,2500,cb12d79a9a930c68c4f67873cafa1a8feb061df4,numpy+none,160,b8759e94b5f4e27fef66e5d3fd9bb3ca3abb01afd762963615f1a07d86ddbb3c,,,12000,,51.90749233673884,4435.956984159138,none,0,mlp,2,0,0,0,0,1,0,0,results/expert_iteration/artifacts/rows/d160_seed1_ckpt2500_n2_M10_rep3_mlp_none.npz,3,17.690638573631553,A,decision_d20_d100_d160,240000,12000,3.386990453149758,-14.845582093789876,14.845582093789876,3.3552973811721762,15.423664425719688,0.7783558999653906
10,20261101,2500,cb12d79a9a930c68c4f67873cafa1a8feb061df4,numpy+cuda,160,b8759e94b5f4e27fef66e5d3fd9bb3ca3abb01afd762963615f1a07d86ddbb3c,2.0430434687773725e-20,2.0430434687773725e-20,12000,2.0812841829027465e-19,0.6922911248615746,57.36389466171595,hutchinson_40,480000,oracle_state,2,900,266400,900,266400,1,0,0,results/expert_iteration/artifacts/rows/d160_seed1_ckpt2500_n2_M10_rep3_oracle_state_hutch40.npz,3,0.014690865941307349,A,decision_d20_d100_d160,240000,12000,0.002972460670007093,-0.0002761313988007007,0.010170957662932696,0.002786345095167546,0.012808298889769535,5.697519899811596
10,20261101,2500,cb12d79a9a930c68c4f67873cafa1a8feb061df4,numpy+cuda,160,b8759e94b5f4e27fef66e5d3fd9bb3ca3abb01afd762963615f1a07d86ddbb3c,0.00962654816505973,0.00962654816505973,12000,0.02117479812473001,0.00955722709561773,0.8990520272701299,hutchinson_40,480000,path_clip,2,900,266400,900,266400,1,0,0,results/expert_iteration/artifacts/rows/d160_seed1_ckpt2500_n2_M10_rep3_path_clip_hutch40.npz,3,4.4114964383653525,A,decision_d20_d100_d160,240000,12000,0.8357935511051939,-3.746036280368476,3.746036280368476,0.8367070744840334,3.846183414883772,4.0564764000009745
10,20261101,2500,cb12d79a9a930c68c4f67873cafa1a8feb061df4,numpy+cuda,160,b8759e94b5f4e27fef66e5d3fd9bb3ca3abb01afd762963615f1a07d86ddbb3c,0.008020052450150406,-0.008020052450150406,12000,0.00812882811760041,0.010114263155845666,0.946530975699801,hutchinson_40,480000,path,2,900,266400,900,266400,1,0,0,results/expert_iteration/artifacts/rows/d160_seed1_ckpt2500_n2_M10_rep3_path_hutch40.npz,3,0.0147337842412525,A,decision_d20_d100_d160,240000,12000,0.002987280149410629,-0.0009994065939304432,0.010191246194295463,0.0027944852003882223,0.012845717406535971,4.141115200007334
10,20261101,2500,cb12d79a9a930c68c4f67873cafa1a8feb061df4,numpy+cuda,160,b8759e94b5f4e27fef66e5d3fd9bb3ca3abb01afd762963615f1a07d86ddbb3c,0.6769823443194068,-0.6769823443194068,12000,0.6918604551185252,0.0957260936487833,6.365812742963131,hutchinson_40,480000,scasml,2,900,266400,900,266400,1,0,0,results/expert_iteration/artifacts/rows/d160_seed1_ckpt2500_n2_M10_rep3_scasml_hutch40.npz,3,4.4114964383653525,A,decision_d20_d100_d160,240000,12000,0.8357935508135039,-3.746036280368476,3.746036280368476,0.8367070744840334,3.846183414883772,4.053842399967834
10,20261101,2500,cb12d79a9a930c68c4f67873cafa1a8feb061df4,numpy+cuda,160,b8759e94b5f4e27fef66e5d3fd9bb3ca3abb01afd762963615f1a07d86ddbb3c,200.53759696302026,-200.53759696302026,12000,200.53759696302026,51.91618338153017,4436.651345297734,hutchinson_40,480000,scasml_noclip,2,900,266400,900,266400,1,0,0,results/expert_iteration/artifacts/rows/d160_seed1_ckpt2500_n2_M10_rep3_scasml_noclip_hutch40.npz,3,17.69629687609908,A,decision_d20_d100_d160,240000,12000,3.3880021076306615,-14.850216695913941,14.850216695913941,3.3563705638824635,15.428597642692896,4.044921000022441
10,20261101,2500,cb12d79a9a930c68c4f67873cafa1a8feb061df4,numpy+cuda,160,,,,0,,0.005652431101514533,1.001691486207575,none,0,surrogate,2,1,1200,1,1200,1,0,0,results/expert_iteration/artifacts/rows/d160_seed1_ckpt2500_n2_M10_rep3_surrogate_hutch40.npz,3,4.5232826949719005,A,decision_d20_d100_d160,0,0,0.8570828060703901,-3.8460362803684762,3.8460362803684762,0.8579090301105563,3.943644775712018,0.0034785999450832605
10,20261101,2500,cb12d79a9a930c68c4f67873cafa1a8feb061df4,reference,160,,,,0,,,,none,0,f_zero,2,0,0,0,0,1,0,0,results/expert_iteration/artifacts/rows/d160_seed1_ckpt2500_n2_M10_rep4_f_zero_none.npz,4,0.009029391572426413,A,decision_d20_d100_d160,0,0,0.0017243421151325953,0.007858974974701735,0.007858974974701735,0.0017125607857761578,0.00787231647980798,0.0004437000025063753
10,20261101,2500,cb12d79a9a930c68c4f67873cafa1a8feb061df4,numpy+none,160,698111b7ff3bc96e9bca9340fead9501906e8a055743a056e7ba937ff197c200,,,12000,,9.305426157093203,618.6533541272596,none,0,mlp_clip,2,0,0,0,0,1,0,0,results/expert_iteration/artifacts/rows/d160_seed1_ckpt2500_n2_M10_rep4_mlp_clip_none.npz,4,15.563885735019577,A,decision_d20_d100_d160,240000,12000,2.9200108312210054,-13.306769091658701,13.306769091658701,2.9519265135749198,13.56944520335138,0.793155999854207
10,20261101,2500,cb12d79a9a930c68c4f67873cafa1a8feb061df4,numpy+none,160,698111b7ff3bc96e9bca9340fead9501906e8a055743a056e7ba937ff197c200,,,12000,,52.535333931472,4481.550256276058,none,0,mlp,2,0,0,0,0,1,0,0,results/expert_iteration/artifacts/rows/d160_seed1_ckpt2500_n2_M10_rep4_mlp_none.npz,4,17.820433804565962,A,decision_d20_d100_d160,240000,12000,3.293353483722988,-14.975284812889415,14.975284812889415,3.379915011374174,15.536826993461874,0.7844474001321942
10,20261101,2500,cb12d79a9a930c68c4f67873cafa1a8feb061df4,numpy+cuda,160,698111b7ff3bc96e9bca9340fead9501906e8a055743a056e7ba937ff197c200,2.9002408113987245e-20,-2.9002408113987245e-20,12000,1.62892341397843e-19,0.6922367969395382,57.333820644174864,hutchinson_40,480000,oracle_state,2,900,266400,900,266400,1,0,0,results/expert_iteration/artifacts/rows/d160_seed1_ckpt2500_n2_M10_rep4_oracle_state_hutch40.npz,4,0.015161195230145311,A,decision_d20_d100_d160,240000,12000,0.0025395556296721506,0.0005109045665000876,0.010509202472885934,0.0028755501639703635,0.013218357638662678,5.719105100026354
10,20261101,2500,cb12d79a9a930c68c4f67873cafa1a8feb061df4,numpy+cuda,160,698111b7ff3bc96e9bca9340fead9501906e8a055743a056e7ba937ff197c200,0.00903409118147733,0.00903409118147733,12000,0.020827732603269717,0.009461507869581418,0.8890326975462471,hutchinson_40,480000,path_clip,2,900,266400,900,266400,1,0,0,results/expert_iteration/artifacts/rows/d160_seed1_ckpt2500_n2_M10_rep4_path_clip_hutch40.npz,4,4.4114964383653525,A,decision_d20_d100_d160,240000,12000,0.8357935463216342,-3.746036280368476,3.746036280368476,0.8367070744840334,3.846183414883772,3.9590198998339474
10,20261101,2500,cb12d79a9a930c68c4f67873cafa1a8feb061df4,numpy+cuda,160,698111b7ff3bc96e9bca9340fead9501906e8a055743a056e7ba937ff197c200,0.008163574321748312,-0.008163574321748312,12000,0.008271991178487346,0.0099863413249647,0.9292438704295723,hutchinson_40,480000,path,2,900,266400,900,266400,1,0,0,results/expert_iteration/artifacts/rows/d160_seed1_ckpt2500_n2_M10_rep4_path_hutch40.npz,4,0.015145784607195876,A,decision_d20_d100_d160,240000,12000,0.0025498998414116825,-0.00022179980910321372,0.010493124804148024,0.002872627306063948,0.013204921816322287,4.036536599975079
10,20261101,2500,cb12d79a9a930c68c4f67873cafa1a8feb061df4,numpy+cuda,160,698111b7ff3bc96e9bca9340fead9501906e8a055743a056e7ba937ff197c200,0.6784224664927301,-0.6784224664927301,12000,0.6935772850500959,0.09560864840772344,6.360079859593938,hutchinson_40,480000,scasml,2,900,266400,900,266400,1,0,0,results/expert_iteration/artifacts/rows/d160_seed1_ckpt2500_n2_M10_rep4_scasml_hutch40.npz,4,4.4114964383653525,A,decision_d20_d100_d160,240000,12000,0.8357935463149035,-3.746036280368476,3.746036280368476,0.8367070744840334,3.846183414883772,4.078811200102791
10,20261101,2500,cb12d79a9a930c68c4f67873cafa1a8feb061df4,numpy+cuda,160,698111b7ff3bc96e9bca9340fead9501906e8a055743a056e7ba937ff197c200,203.4025800071876,-203.4025800071876,12000,203.4025800071876,52.54322406154913,4482.18913747976,hutchinson_40,480000,scasml_noclip,2,900,266400,900,266400,1,0,0,results/expert_iteration/artifacts/rows/d160_seed1_ckpt2500_n2_M10_rep4_scasml_noclip_hutch40.npz,4,17.825249001261177,A,decision_d20_d100_d160,240000,12000,3.2945377436138594,-14.979204472643097,14.979204472643097,3.3808282863130086,15.54102514479834,4.024330599932
10,20261101,2500,cb12d79a9a930c68c4f67873cafa1a8feb061df4,numpy+cuda,160,,,,0,,0.005652431101514533,1.001691486207575,none,0,surrogate,2,1,1200,1,1200,1,0,0,results/expert_iteration/artifacts/rows/d160_seed1_ckpt2500_n2_M10_rep4_surrogate_hutch40.npz,4,4.5232826949719005,A,decision_d20_d100_d160,0,0,0.8570828060703901,-3.8460362803684762,3.8460362803684762,0.8579090301105563,3.943644775712018,0.0035763001069426537
10,20261101,500,cb12d79a9a930c68c4f67873cafa1a8feb061df4,numpy+cuda,160,1864b4f830e54e8060a02af0ee14aa0c0a3c7e740b3798e6b191a1d3e46b5510,0.010815527914551619,-0.010815527914551619,12000,0.01090063152303856,0.042775358072179165,3.7803976483352315,hutchinson_40,480000,path,2,900,266400,900,266400,1,0,0,results/expert_iteration/artifacts/rows/d160_seed1_ckpt500_n2_M10_rep0_path_hutch40.npz,0,0.030734525646070012,A,decision_d20_d100_d160,240000,12000,0.005917595371951907,-0.0009633740172134555,0.019626728085859517,0.005829268004239063,0.02679603723040441,3.9993765999097377
10,20261101,500,cb12d79a9a930c68c4f67873cafa1a8feb061df4,numpy+cuda,160,1864b4f830e54e8060a02af0ee14aa0c0a3c7e740b3798e6b191a1d3e46b5510,202.29212567695402,-202.29212567695402,12000,202.29212567695402,52.06721328168856,4444.894971927379,hutchinson_40,480000,scasml_noclip,2,900,266400,900,266400,1,0,0,results/expert_iteration/artifacts/rows/d160_seed1_ckpt500_n2_M10_rep0_scasml_noclip_hutch40.npz,0,18.060443588244137,A,decision_d20_d100_d160,240000,12000,3.435991421875523,-15.16816459721404,15.16816459721404,3.425436499774904,15.746080624806728,4.035657199798152
10,20261101,500,cb12d79a9a930c68c4f67873cafa1a8feb061df4,numpy+cuda,160,,,,0,,0.012098952222762359,1.275546772320356,none,0,surrogate,2,1,1200,1,1200,1,0,0,results/expert_iteration/artifacts/rows/d160_seed1_ckpt500_n2_M10_rep0_surrogate_hutch40.npz,0,4.542457197225613,A,decision_d20_d100_d160,0,0,0.8608537929306067,-3.8613541870019255,3.8613541870019255,0.8615457646992701,3.960362153496915,0.0029668998904526234
10,20261101,500,cb12d79a9a930c68c4f67873cafa1a8feb061df4,numpy+cuda,160,dd100ff91e67f033da5ce15f554f7975aa481428e9d81b90b7be10e5f15232a5,0.010693324866585696,-0.010693324866585696,12000,0.010807441032555121,0.042639579142573346,3.7485416768848956,hutchinson_40,480000,path,2,900,266400,900,266400,1,0,0,results/expert_iteration/artifacts/rows/d160_seed1_ckpt500_n2_M10_rep1_path_hutch40.npz,1,0.030492104949206927,A,decision_d20_d100_d160,240000,12000,0.005559492071322644,-0.0022661550741740746,0.01963649951127812,0.005783289249659847,0.02658468163333521,3.982532599940896
10,20261101,500,cb12d79a9a930c68c4f67873cafa1a8feb061df4,numpy+cuda,160,dd100ff91e67f033da5ce15f554f7975aa481428e9d81b90b7be10e5f15232a5,204.48703454186258,-204.48703454186258,12000,204.48703454186258,52.544024233118655,4485.443366245638,hutchinson_40,480000,scasml_noclip,2,900,266400,900,266400,1,0,0,results/expert_iteration/artifacts/rows/d160_seed1_ckpt500_n2_M10_rep1_scasml_noclip_hutch40.npz,1,18.137450876217386,A,decision_d20_d100_d160,240000,12000,3.4011012446152624,-15.244905107806279,15.244905107806279,3.4400420975656445,15.813219782225527,4.15608139988035
10,20261101,500,cb12d79a9a930c68c4f67873cafa1a8feb061df4,numpy+cuda,160,,,,0,,0.012098952222762359,1.275546772320356,none,0,surrogate,2,1,1200,1,1200,1,0,0,results/expert_iteration/artifacts/rows/d160_seed1_ckpt500_n2_M10_rep1_surrogate_hutch40.npz,1,4.542457197225613,A,decision_d20_d100_d160,0,0,0.8608537929306067,-3.8613541870019255,3.8613541870019255,0.8615457646992701,3.960362153496915,0.003379399888217449
10,20261101,500,cb12d79a9a930c68c4f67873cafa1a8feb061df4,numpy+cuda,160,00c50f3f378bf27b29ad7023e1e5224ba9e8337d0089e4ee9028187a5c3269c8,0.010796570500290462,-0.010796570500290462,12000,0.010885534140217928,0.04365262739393251,3.8387830866053325,hutchinson_40,480000,path,2,900,266400,900,266400,1,0,0,results/expert_iteration/artifacts/rows/d160_seed1_ckpt500_n2_M10_rep2_path_hutch40.npz,2,0.029795810478110456,A,decision_d20_d100_d160,240000,12000,0.005818322648368895,-0.0027732844759309665,0.01962751082047245,0.005651226463702704,0.025977614103297974,4.150878899963573
10,20261101,500,cb12d79a9a930c68c4f67873cafa1a8feb061df4,numpy+cuda,160,00c50f3f378bf27b29ad7023e1e5224ba9e8337d0089e4ee9028187a5c3269c8,205.06501112447705,-205.06501112447705,12000,205.06501112447705,52.82741350396298,4504.780800675246,hutchinson_40,480000,scasml_noclip,2,900,266400,900,266400,1,0,0,results/expert_iteration/artifacts/rows/d160_seed1_ckpt500_n2_M10_rep2_scasml_noclip_hutch40.npz,2,17.932974093055556,A,decision_d20_d100_d160,240000,12000,3.4434058176980864,-15.087553960432734,15.087553960432734,3.4012599805607766,15.634945760447732,3.9965806999243796
10,20261101,500,cb12d79a9a930c68c4f67873cafa1a8feb061df4,numpy+cuda,160,,,,0,,0.012098952222762359,1.275546772320356,none,0,surrogate,2,1,1200,1,1200,1,0,0,results/expert_iteration/artifacts/rows/d160_seed1_ckpt500_n2_M10_rep2_surrogate_hutch40.npz,2,4.542457197225613,A,decision_d20_d100_d160,0,0,0.8608537929306067,-3.8613541870019255,3.8613541870019255,0.8615457646992701,3.960362153496915,0.003034499939531088
10,20261101,500,cb12d79a9a930c68c4f67873cafa1a8feb061df4,numpy+cuda,160,66953f562cd23ad07420e91033badb62062a601753d7b50f0014855bfe3e5f2d,0.010667584480024172,-0.010667584480024172,12000,0.010752027048407508,0.043483791268467645,3.83761300585505,hutchinson_40,480000,path,2,900,266400,900,266400,1,0,0,results/expert_iteration/artifacts/rows/d160_seed1_ckpt500_n2_M10_rep3_path_hutch40.npz,3,0.03111732235629972,A,decision_d20_d100_d160,240000,12000,0.006306866985451092,-0.0004275510664853962,0.020262281541439837,0.005901871194565359,0.027129780298936305,4.01073949993588
10,20261101,500,cb12d79a9a930c68c4f67873cafa1a8feb061df4,numpy+cuda,160,66953f562cd23ad07420e91033badb62062a601753d7b50f0014855bfe3e5f2d,201.8585077687434,-201.8585077687434,12000,201.8585077687434,52.540162201260344,4481.5100748690575,hutchinson_40,480000,scasml_noclip,2,900,266400,900,266400,1,0,0,results/expert_iteration/artifacts/rows/d160_seed1_ckpt500_n2_M10_rep3_scasml_noclip_hutch40.npz,3,18.17775592482223,A,decision_d20_d100_d160,240000,12000,3.4089137038715274,-15.249949476835344,15.249949476835344,3.4476865601139557,15.848359923818268,3.9934122001286596
10,20261101,500,cb12d79a9a930c68c4f67873cafa1a8feb061df4,numpy+cuda,160,,,,0,,0.012098952222762359,1.275546772320356,none,0,surrogate,2,1,1200,1,1200,1,0,0,results/expert_iteration/artifacts/rows/d160_seed1_ckpt500_n2_M10_rep3_surrogate_hutch40.npz,3,4.542457197225613,A,decision_d20_d100_d160,0,0,0.8608537929306067,-3.8613541870019255,3.8613541870019255,0.8615457646992701,3.960362153496915,0.0037005001213401556
10,20261101,500,cb12d79a9a930c68c4f67873cafa1a8feb061df4,numpy+cuda,160,7c6b449b86312b60f20b12af040a1d60b415848d88b5ce862956e23f53b91074,0.01079125693438267,-0.01079125693438267,12000,0.010865774036475248,0.04375892503192008,3.8485110040504598,hutchinson_40,480000,path,2,900,266400,900,266400,1,0,0,results/expert_iteration/artifacts/rows/d160_seed1_ckpt500_n2_M10_rep4_path_hutch40.npz,4,0.030665107431811993,A,decision_d20_d100_d160,240000,12000,0.005730707901610836,-0.0014410422158498597,0.02031659697324494,0.005816101789151003,0.02673551464173176,4.0382558000274
10,20261101,500,cb12d79a9a930c68c4f67873cafa1a8feb061df4,numpy+cuda,160,7c6b449b86312b60f20b12af040a1d60b415848d88b5ce862956e23f53b91074,204.93573477392826,-204.93573477392826,12000,204.93573477392826,52.86196096024742,4500.49107994598,hutchinson_40,480000,scasml_noclip,2,900,266400,900,266400,1,0,0,results/expert_iteration/artifacts/rows/d160_seed1_ckpt500_n2_M10_rep4_scasml_noclip_hutch40.npz,4,18.0624239032016,A,decision_d20_d100_d160,240000,12000,3.461853359890065,-15.177476626777501,15.177476626777501,3.425812096481774,15.747807171490392,4.052598599810153
10,20261101,500,cb12d79a9a930c68c4f67873cafa1a8feb061df4,numpy+cuda,160,,,,0,,0.012098952222762359,1.275546772320356,none,0,surrogate,2,1,1200,1,1200,1,0,0,results/expert_iteration/artifacts/rows/d160_seed1_ckpt500_n2_M10_rep4_surrogate_hutch40.npz,4,4.542457197225613,A,decision_d20_d100_d160,0,0,0.8608537929306067,-3.8613541870019255,3.8613541870019255,0.8615457646992701,3.960362153496915,0.0030563001055270433
10,20261101,1000,cb12d79a9a930c68c4f67873cafa1a8feb061df4,numpy+cuda,160,7eeb2227afecc0a72a5cf076b31f015a486139bbf2cda597f51d155c48d53171,0.008246860196490267,-0.008246860196490267,12000,0.00834225972854124,0.014326110384992064,1.2429282629433338,hutchinson_40,480000,path,2,900,266400,900,266400,2,0,0,results/expert_iteration/artifacts/rows/d160_seed2_ckpt1000_n2_M10_rep0_path_hutch40.npz,0,0.015940626512045347,A,decision_d20_d100_d160,240000,12000,0.0033142616791472495,-0.00015294138192641183,0.01093815831440336,0.003023381104502998,0.01389790837872773,4.016508100088686
10,20261101,1000,cb12d79a9a930c68c4f67873cafa1a8feb061df4,numpy+cuda,160,7eeb2227afecc0a72a5cf076b31f015a486139bbf2cda597f51d155c48d53171,201.7674998280527,-201.7674998280527,12000,201.7674998280527,51.703832468797444,4413.2657848224235,hutchinson_40,480000,scasml_noclip,2,900,266400,900,266400,2,0,0,results/expert_iteration/artifacts/rows/d160_seed2_ckpt1000_n2_M10_rep0_scasml_noclip_hutch40.npz,0,17.76525508947175,A,decision_d20_d100_d160,240000,12000,3.412582464540983,-14.922053978761303,14.922053978761303,3.36944953283978,15.488719177482634,4.014736599987373
10,20261101,1000,cb12d79a9a930c68c4f67873cafa1a8feb061df4,numpy+cuda,160,,,,0,,0.005947990111809031,1.0071188573399201,none,0,surrogate,2,1,1200,1,1200,2,0,0,results/expert_iteration/artifacts/rows/d160_seed2_ckpt1000_n2_M10_rep0_surrogate_hutch40.npz,0,4.5226856333538885,A,decision_d20_d100_d160,0,0,0.8569796967212663,-3.84484864040421,3.84484864040421,0.8577957883372322,3.9431242248003384,0.0029078000225126743
10,20261101,1000,cb12d79a9a930c68c4f67873cafa1a8feb061df4,numpy+cuda,160,80df285f3b0cb6f6d6197ad585283363f6d87f6c1aacc42f7db7f82fc96b9668,0.008135029021062064,-0.008135029021062064,12000,0.00824309552174195,0.014516152479148264,1.2597475887435132,hutchinson_40,480000,path,2,900,266400,900,266400,2,0,0,results/expert_iteration/artifacts/rows/d160_seed2_ckpt1000_n2_M10_rep1_path_hutch40.npz,1,0.016266582074378776,A,decision_d20_d100_d160,240000,12000,0.003279043626838587,-0.0008693112451018631,0.011288495145930966,0.003085203510750448,0.014182094231612718,3.9750041000079364
10,20261101,1000,cb12d79a9a930c68c4f67873cafa1a8feb061df4,numpy+cuda,160,80df285f3b0cb6f6d6197ad585283363f6d87f6c1aacc42f7db7f82fc96b9668,199.83232983365338,-199.83232983365338,12000,199.83232983365338,51.71477878324471,4424.437556348753,hutchinson_40,480000,scasml_noclip,2,900,266400,900,266400,2,0,0,results/expert_iteration/artifacts/rows/d160_seed2_ckpt1000_n2_M10_rep1_scasml_noclip_hutch40.npz,1,17.81297964813676,A,decision_d20_d100_d160,240000,12000,3.403183630724167,-14.965020603881806,14.965020603881806,3.378501217776976,15.530328052970706,3.980530200060457
10,20261101,1000,cb12d79a9a930c68c4f67873cafa1a8feb061df4,numpy+cuda,160,,,,0,,0.005947990111809031,1.0071188573399201,none,0,surrogate,2,1,1200,1,1200,2,0,0,results/expert_iteration/artifacts/rows/d160_seed2_ckpt1000_n2_M10_rep1_surrogate_hutch40.npz,1,4.5226856333538885,A,decision_d20_d100_d160,0,0,0.8569796967212663,-3.84484864040421,3.84484864040421,0.8577957883372322,3.9431242248003384,0.0034056000877171755
10,20261101,1000,cb12d79a9a930c68c4f67873cafa1a8feb061df4,numpy+cuda,160,a71a9f53ea6398859e2459fc6370e135ab70838a8611b6e34a1f28852ebd52f5,0.008216853394166694,-0.008216853394166694,12000,0.008322382892614978,0.014397953615694232,1.2469985004873099,hutchinson_40,480000,path,2,900,266400,900,266400,2,0,0,results/expert_iteration/artifacts/rows/d160_seed2_ckpt1000_n2_M10_rep2_path_hutch40.npz,2,0.016586888957038158,A,decision_d20_d100_d160,240000,12000,0.0032093153451074447,-0.001652206287675365,0.011276718369069544,0.0031459545593960506,0.014461355257201155,3.9582863999530673
10,20261101,1000,cb12d79a9a930c68c4f67873cafa1a8feb061df4,numpy+cuda,160,a71a9f53ea6398859e2459fc6370e135ab70838a8611b6e34a1f28852ebd52f5,202.01472602687315,-202.01472602687315,12000,202.01472602687315,52.50764211610062,4469.055369976757,hutchinson_40,480000,scasml_noclip,2,900,266400,900,266400,2,0,0,results/expert_iteration/artifacts/rows/d160_seed2_ckpt1000_n2_M10_rep2_scasml_noclip_hutch40.npz,2,17.676396660657204,A,decision_d20_d100_d160,240000,12000,3.376615996625932,-14.850972867671546,14.850972867671546,3.3525961868028027,15.411247548534481,4.01593800005503
10,20261101,1000,cb12d79a9a930c68c4f67873cafa1a8feb061df4,numpy+cuda,160,,,,0,,0.005947990111809031,1.0071188573399201,none,0,surrogate,2,1,1200,1,1200,2,0,0,results/expert_iteration/artifacts/rows/d160_seed2_ckpt1000_n2_M10_rep2_surrogate_hutch40.npz,2,4.5226856333538885,A,decision_d20_d100_d160,0,0,0.8569796967212663,-3.84484864040421,3.84484864040421,0.8577957883372322,3.9431242248003384,0.003406100207939744
10,20261101,1000,cb12d79a9a930c68c4f67873cafa1a8feb061df4,numpy+cuda,160,4a4b367d3fc54bc7d3ba244dd8376cbd45ebf8f695e13fefaabef7ec07f9c63e,0.00812871166017782,-0.00812871166017782,12000,0.00825079963694859,0.014544195302193981,1.2628985929017702,hutchinson_40,480000,path,2,900,266400,900,266400,2,0,0,results/expert_iteration/artifacts/rows/d160_seed2_ckpt1000_n2_M10_rep3_path_hutch40.npz,3,0.01598573201080512,A,decision_d20_d100_d160,240000,12000,0.003059447344137488,-0.0008000651866822881,0.011087283172505855,0.0030319360450855684,0.013937233814818116,3.9598959998693317
10,20261101,1000,cb12d79a9a930c68c4f67873cafa1a8feb061df4,numpy+cuda,160,4a4b367d3fc54bc7d3ba244dd8376cbd45ebf8f695e13fefaabef7ec07f9c63e,199.18889964265,-199.18889964265,12000,199.18889964265,51.64348366707697,4397.647906447813,hutchinson_40,480000,scasml_noclip,2,900,266400,900,266400,2,0,0,results/expert_iteration/artifacts/rows/d160_seed2_ckpt1000_n2_M10_rep3_scasml_noclip_hutch40.npz,3,17.819978729645833,A,decision_d20_d100_d160,240000,12000,3.4092073393145923,-14.971400240291281,14.971400240291281,3.3798286995272955,15.536430234304344,4.025276500033215
10,20261101,1000,cb12d79a9a930c68c4f67873cafa1a8feb061df4,numpy+cuda,160,,,,0,,0.005947990111809031,1.0071188573399201,none,0,surrogate,2,1,1200,1,1200,2,0,0,results/expert_iteration/artifacts/rows/d160_seed2_ckpt1000_n2_M10_rep3_surrogate_hutch40.npz,3,4.5226856333538885,A,decision_d20_d100_d160,0,0,0.8569796967212663,-3.84484864040421,3.84484864040421,0.8577957883372322,3.9431242248003384,0.004830099875107408
10,20261101,1000,cb12d79a9a930c68c4f67873cafa1a8feb061df4,numpy+cuda,160,ee07166ea41a10d0293a917e1fb4d807193b84ca4de317682fd4f2985fbb1ab8,0.0081628068685569,-0.0081628068685569,12000,0.008264005222041017,0.014361022808247208,1.2458924830234919,hutchinson_40,480000,path,2,900,266400,900,266400,2,0,0,results/expert_iteration/artifacts/rows/d160_seed2_ckpt1000_n2_M10_rep4_path_hutch40.npz,4,0.015485225218235239,A,decision_d20_d100_d160,240000,12000,0.0032685693349540816,-0.0007238225588122521,0.010768672927439604,0.002937007355915934,0.013500864670806688,4.011273100040853
10,20261101,1000,cb12d79a9a930c68c4f67873cafa1a8feb061df4,numpy+cuda,160,ee07166ea41a10d0293a917e1fb4d807193b84ca4de317682fd4f2985fbb1ab8,200.89238510986212,-200.89238510986212,12000,200.89238510986212,51.117623997210615,4367.644856181328,hutchinson_40,480000,scasml_noclip,2,900,266400,900,266400,2,0,0,results/expert_iteration/artifacts/rows/d160_seed2_ckpt1000_n2_M10_rep4_scasml_noclip_hutch40.npz,4,17.916792154640525,A,decision_d20_d100_d160,240000,12000,3.4922774158471688,-15.048747941125944,15.048747941125944,3.3981908310012368,15.620837463178967,4.1682315999642015
10,20261101,1000,cb12d79a9a930c68c4f67873cafa1a8feb061df4,numpy+cuda,160,,,,0,,0.005947990111809031,1.0071188573399201,none,0,surrogate,2,1,1200,1,1200,2,0,0,results/expert_iteration/artifacts/rows/d160_seed2_ckpt1000_n2_M10_rep4_surrogate_hutch40.npz,4,4.5226856333538885,A,decision_d20_d100_d160,0,0,0.8569796967212663,-3.84484864040421,3.84484864040421,0.8577957883372322,3.9431242248003384,0.0032601000275462866
10,20261101,2500,cb12d79a9a930c68c4f67873cafa1a8feb061df4,reference,160,,,,0,,,,none,0,f_zero,2,0,0,0,0,2,0,0,results/expert_iteration/artifacts/rows/d160_seed2_ckpt2500_n2_M10_rep0_f_zero_none.npz,0,0.009029391572426413,A,decision_d20_d100_d160,0,0,0.0017243421151325953,0.007858974974701735,0.007858974974701735,0.0017125607857761578,0.00787231647980798,0.00046980008482933044
10,20261101,2500,cb12d79a9a930c68c4f67873cafa1a8feb061df4,numpy+none,160,075a3da86d60ab880fc039aabff52310de9fda531bfd12d042a8562f4f750c1a,,,12000,,9.291261664814394,618.1413128281118,none,0,mlp_clip,2,0,0,0,0,2,0,0,results/expert_iteration/artifacts/rows/d160_seed2_ckpt2500_n2_M10_rep0_mlp_clip_none.npz,0,15.61363686089671,A,decision_d20_d100_d160,240000,12000,2.9560446728961276,-13.337664367066246,13.337664367066246,2.961362567659181,13.612820950763595,0.7741817999631166
10,20261101,2500,cb12d79a9a930c68c4f67873cafa1a8feb061df4,numpy+none,160,075a3da86d60ab880fc039aabff52310de9fda531bfd12d042a8562f4f750c1a,,,12000,,52.019476903503694,4431.422347022331,none,0,mlp,2,0,0,0,0,2,0,0,results/expert_iteration/artifacts/rows/d160_seed2_ckpt2500_n2_M10_rep0_mlp_none.npz,0,17.991993731762634,A,decision_d20_d100_d160,240000,12000,3.3864904614340623,-15.097725730127989,15.097725730127989,3.4124539483967795,15.68640230330549,0.7734110001474619
10,20261101,2500,cb12d79a9a930c68c4f67873cafa1a8feb061df4,numpy+cuda,160,075a3da86d60ab880fc039aabff52310de9fda531bfd12d042a8562f4f750c1a,1.7997756063259375e-20,1.7997756063259375e-20,12000,1.2315633177624926e-19,0.6949976309694857,57.515349358294976,hutchinson_40,480000,oracle_state,2,900,266400,900,266400,2,0,0,results/expert_iteration/artifacts/rows/d160_seed2_ckpt2500_n2_M10_rep0_oracle_state_hutch40.npz,0,0.014751970672506057,A,decision_d20_d100_d160,240000,12000,0.002762690271346288,0.000353598236094209,0.010270112955969437,0.0027979345323557465,0.01286157333008496,5.702550699934363
10,20261101,2500,cb12d79a9a930c68c4f67873cafa1a8feb061df4,numpy+cuda,160,075a3da86d60ab880fc039aabff52310de9fda531bfd12d042a8562f4f750c1a,0.00971789194607354,0.00971789194607354,12000,0.021290640048917665,0.009392016687411913,0.8922737664451938,hutchinson_40,480000,path_clip,2,900,266400,900,266400,2,0,0,results/expert_iteration/artifacts/rows/d160_seed2_ckpt2500_n2_M10_rep0_path_clip_hutch40.npz,0,4.404986826247306,A,decision_d20_d100_d160,240000,12000,0.8345638696438694,-3.7401730695790327,3.7401730695790327,0.8354724280126118,3.8405079796849546,3.9987023000139743
10,20261101,2500,cb12d79a9a930c68c4f67873cafa1a8feb061df4,numpy+cuda,160,075a3da86d60ab880fc039aabff52310de9fda531bfd12d042a8562f4f750c1a,0.008055835890853232,-0.008055835890853232,12000,0.008148498872605115,0.009956225715135523,0.9432486468726378,hutchinson_40,480000,path,2,900,266400,900,266400,2,0,0,results/expert_iteration/artifacts/rows/d160_seed2_ckpt2500_n2_M10_rep0_path_hutch40.npz,0,0.01475969347174883,A,decision_d20_d100_d160,240000,12000,0.0027703604653251702,-0.00037884625074261847,0.010274908255328686,0.0027993992781288704,0.012868306488045989,4.072193299885839
10,20261101,2500,cb12d79a9a930c68c4f67873cafa1a8feb061df4,numpy+cuda,160,075a3da86d60ab880fc039aabff52310de9fda531bfd12d042a8562f4f750c1a,0.6785907296784417,-0.6785907296784417,12000,0.6942650367960636,0.0956059441350848,6.357956872241665,hutchinson_40,480000,scasml,2,900,266400,900,266400,2,0,0,results/expert_iteration/artifacts/rows/d160_seed2_ckpt2500_n2_M10_rep0_scasml_hutch40.npz,0,4.404986826247306,A,decision_d20_d100_d160,240000,12000,0.83456386966307,-3.7401730695790327,3.7401730695790327,0.8354724280126118,3.8405079796849546,4.016806500032544
10,20261101,2500,cb12d79a9a930c68c4f67873cafa1a8feb061df4,numpy+cuda,160,075a3da86d60ab880fc039aabff52310de9fda531bfd12d042a8562f4f750c1a,201.68134495439827,-201.68134495439827,12000,201.68134495439827,52.03403886239367,4432.603505132085,hutchinson_40,480000,scasml_noclip,2,900,266400,900,266400,2,0,0,results/expert_iteration/artifacts/rows/d160_seed2_ckpt2500_n2_M10_rep0_scasml_noclip_hutch40.npz,0,18.001112795260596,A,decision_d20_d100_d160,240000,12000,3.3883671013250773,-15.105097506082151,15.105097506082151,3.414183516820559,15.694352800665095,3.9791375999338925
10,20261101,2500,cb12d79a9a930c68c4f67873cafa1a8feb061df4,numpy+cuda,160,,,,0,,0.005611734910373104,1.00101311532184,none,0,surrogate,2,1,1200,1,1200,2,0,0,results/expert_iteration/artifacts/rows/d160_seed2_ckpt2500_n2_M10_rep0_surrogate_hutch40.npz,0,4.516763417190346,A,decision_d20_d100_d160,0,0,0.8558506253872182,-3.840173069579033,3.840173069579033,0.8566725503997455,3.937960913460114,0.0028522000648081303
10,20261101,2500,cb12d79a9a930c68c4f67873cafa1a8feb061df4,reference,160,,,,0,,,,none,0,f_zero,2,0,0,0,0,2,0,0,results/expert_iteration/artifacts/rows/d160_seed2_ckpt2500_n2_M10_rep1_f_zero_none.npz,1,0.009029391572426413,A,decision_d20_d100_d160,0,0,0.0017243421151325953,0.007858974974701735,0.007858974974701735,0.0017125607857761578,0.00787231647980798,0.0005367000121623278
10,20261101,2500,cb12d79a9a930c68c4f67873cafa1a8feb061df4,numpy+none,160,c6b8e294cd739d8b79d8043a08a008e38b592404f652dcbd74694c5aafae4f9a,,,12000,,9.291275142577753,618.0870083808188,none,0,mlp_clip,2,0,0,0,0,2,0,0,results/expert_iteration/artifacts/rows/d160_seed2_ckpt2500_n2_M10_rep1_mlp_clip_none.npz,1,15.581034752847282,A,decision_d20_d100_d160,240000,12000,2.994519899447737,-13.323913248622397,13.323913248622397,2.955179084383343,13.584396653244175,0.7722545000724494
10,20261101,2500,cb12d79a9a930c68c4f67873cafa1a8feb061df4,numpy+none,160,c6b8e294cd739d8b79d8043a08a008e38b592404f652dcbd74694c5aafae4f9a,,,12000,,51.82386745564796,4419.810613418119,none,0,mlp,2,0,0,0,0,2,0,0,results/expert_iteration/artifacts/rows/d160_seed2_ckpt2500_n2_M10_rep1_mlp_none.npz,1,17.843033308238606,A,decision_d20_d100_d160,240000,12000,3.408269364997427,-14.996547471326593,14.996547471326593,3.3842013493247793,15.55653047445177,0.7827324999962002
10,20261101,2500,cb12d79a9a930c68c4f67873cafa1a8feb061df4,numpy+cuda,160,c6b8e294cd739d8b79d8043a08a008e38b592404f652dcbd74694c5aafae4f9a,1.012825529463542e-20,-1.012825529463542e-20,12000,1.3325748201657254e-19,0.6943983652257536,57.49749973984277,hutchinson_40,480000,oracle_state,2,900,266400,900,266400,2,0,0,results/expert_iteration/artifacts/rows/d160_seed2_ckpt2500_n2_M10_rep1_oracle_state_hutch40.npz,1,0.014775674446008958,A,decision_d20_d100_d160,240000,12000,0.003036708581736748,0.00016558546671915363,0.01022966201687127,0.002802430311794524,0.012882239573794045,5.6975031001493335
10,20261101,2500,cb12d79a9a930c68c4f67873cafa1a8feb061df4,numpy+cuda,160,c6b8e294cd739d8b79d8043a08a008e38b592404f652dcbd74694c5aafae4f9a,0.009989217256068945,0.009989217256068945,12000,0.02157716108264872,0.009441740456233855,0.8921274887028129,hutchinson_40,480000,path_clip,2,900,266400,900,266400,2,0,0,results/expert_iteration/artifacts/rows/d160_seed2_ckpt2500_n2_M10_rep1_path_clip_hutch40.npz,1,4.404986826247306,A,decision_d20_d100_d160,240000,12000,0.8345638774185923,-3.7401730695790327,3.7401730695790327,0.8354724280126118,3.8405079796849546,3.9870007999707013
10,20261101,2500,cb12d79a9a930c68c4f67873cafa1a8feb061df4,numpy+cuda,160,c6b8e294cd739d8b79d8043a08a008e38b592404f652dcbd74694c5aafae4f9a,0.008023968893104192,-0.008023968893104192,12000,0.00814265283727376,0.010020314146387457,0.9482227900459786,hutchinson_40,480000,path,2,900,266400,900,266400,2,0,0,results/expert_iteration/artifacts/rows/d160_seed2_ckpt2500_n2_M10_rep1_path_hutch40.npz,1,0.014789125019921428,A,decision_d20_d100_d160,240000,12000,0.0030416894304342475,-0.0005667257201457193,0.01026309182378132,0.0028049814167326486,0.012893966518386564,4.012924100039527
10,20261101,2500,cb12d79a9a930c68c4f67873cafa1a8feb061df4,numpy+cuda,160,c6b8e294cd739d8b79d8043a08a008e38b592404f652dcbd74694c5aafae4f9a,0.6778552455896345,-0.6778552455896345,12000,0.6936975669902767,0.09572020130700741,6.363852674234843,hutchinson_40,480000,scasml,2,900,266400,900,266400,2,0,0,results/expert_iteration/artifacts/rows/d160_seed2_ckpt2500_n2_M10_rep1_scasml_hutch40.npz,1,4.404986826247306,A,decision_d20_d100_d160,240000,12000,0.8345638777956329,-3.7401730695790327,3.7401730695790327,0.8354724280126118,3.8405079796849546,4.001643700059503
10,20261101,2500,cb12d79a9a930c68c4f67873cafa1a8feb061df4,numpy+cuda,160,c6b8e294cd739d8b79d8043a08a008e38b592404f652dcbd74694c5aafae4f9a,199.391425378873,-199.391425378873,12000,199.391425378873,51.838797692007994,4421.038402434102,hutchinson_40,480000,scasml_noclip,2,900,266400,900,266400,2,0,0,results/expert_iteration/artifacts/rows/d160_seed2_ckpt2500_n2_M10_rep1_scasml_noclip_hutch40.npz,1,17.8525766934916,A,decision_d20_d100_d160,240000,12000,3.4099591974395254,-15.004269321839871,15.004269321839871,3.38601139679218,15.564850918680785,4.014674300095066
10,20261101,2500,cb12d79a9a930c68c4f67873cafa1a8feb061df4,numpy+cuda,160,,,,0,,0.005611734910373104,1.00101311532184,none,0,surrogate,2,1,1200,1,1200,2,0,0,results/expert_iteration/artifacts/rows/d160_seed2_ckpt2500_n2_M10_rep1_surrogate_hutch40.npz,1,4.516763417190346,A,decision_d20_d100_d160,0,0,0.8558506253872182,-3.840173069579033,3.840173069579033,0.8566725503997455,3.937960913460114,0.003209100104868412
10,20261101,2500,cb12d79a9a930c68c4f67873cafa1a8feb061df4,reference,160,,,,0,,,,none,0,f_zero,2,0,0,0,0,2,0,0,results/expert_iteration/artifacts/rows/d160_seed2_ckpt2500_n2_M10_rep2_f_zero_none.npz,2,0.009029391572426413,A,decision_d20_d100_d160,0,0,0.0017243421151325953,0.007858974974701735,0.007858974974701735,0.0017125607857761578,0.00787231647980798,0.000528200063854456
10,20261101,2500,cb12d79a9a930c68c4f67873cafa1a8feb061df4,numpy+none,160,758ca5e6ce54971da934a58e46fbe2883513d2f26eb3d95c5b6b34b3f8867e1b,,,12000,,9.299694889819365,618.5396991466397,none,0,mlp_clip,2,0,0,0,0,2,0,0,results/expert_iteration/artifacts/rows/d160_seed2_ckpt2500_n2_M10_rep2_mlp_clip_none.npz,2,15.586940424080069,A,decision_d20_d100_d160,240000,12000,2.9315974844140777,-13.328258799714874,13.328258799714874,2.956299184324279,13.589545539810594,0.7929372999351472
10,20261101,2500,cb12d79a9a930c68c4f67873cafa1a8feb061df4,numpy+none,160,758ca5e6ce54971da934a58e46fbe2883513d2f26eb3d95c5b6b34b3f8867e1b,,,12000,,52.23151019483072,4442.578440805725,none,0,mlp,2,0,0,0,0,2,0,0,results/expert_iteration/artifacts/rows/d160_seed2_ckpt2500_n2_M10_rep2_mlp_none.npz,2,17.796192087719547,A,decision_d20_d100_d160,240000,12000,3.3064929965467678,-14.961870948231269,14.961870948231269,3.3753172028376786,15.515691741380035,0.7751418999396265
10,20261101,2500,cb12d79a9a930c68c4f67873cafa1a8feb061df4,numpy+cuda,160,758ca5e6ce54971da934a58e46fbe2883513d2f26eb3d95c5b6b34b3f8867e1b,8.666841116306e-21,-8.666841116306e-21,12000,1.3869882166973417e-19,0.6945103054668836,57.43175387619611,hutchinson_40,480000,oracle_state,2,900,266400,900,266400,2,0,0,results/expert_iteration/artifacts/rows/d160_seed2_ckpt2500_n2_M10_rep2_oracle_state_hutch40.npz,2,0.014962462442582074,A,decision_d20_d100_d160,240000,12000,0.0028100576443286394,-0.00030989207265498254,0.010305786040045437,0.002837857482675191,0.013045091545807672,6.202941099880263
10,20261101,2500,cb12d79a9a930c68c4f67873cafa1a8feb061df4,numpy+cuda,160,758ca5e6ce54971da934a58e46fbe2883513d2f26eb3d95c5b6b34b3f8867e1b,0.009894304381744228,0.009894304381744228,12000,0.0217140322006509,0.009409212113135987,0.8872784395518467,hutchinson_40,480000,path_clip,2,900,266400,900,266400,2,0,0,results/expert_iteration/artifacts/rows/d160_seed2_ckpt2500_n2_M10_rep2_path_clip_hutch40.npz,2,4.404986826247306,A,decision_d20_d100_d160,240000,12000,0.8345638696337758,-3.7401730695790327,3.7401730695790327,0.8354724280126118,3.8405079796849546,4.020314499968663
10,20261101,2500,cb12d79a9a930c68c4f67873cafa1a8feb061df4,numpy+cuda,160,758ca5e6ce54971da934a58e46fbe2883513d2f26eb3d95c5b6b34b3f8867e1b,0.008080674542821464,-0.008080674542821464,12000,0.008189233110373886,0.009979795165223558,0.9379494443259893,hutchinson_40,480000,path,2,900,266400,900,266400,2,0,0,results/expert_iteration/artifacts/rows/d160_seed2_ckpt2500_n2_M10_rep2_path_hutch40.npz,2,0.014994813757948488,A,decision_d20_d100_d160,240000,12000,0.002800594672988351,-0.0010391073632820798,0.010320467357263706,0.0028439933993225524,0.013073297188575476,4.070501299807802
10,20261101,2500,cb12d79a9a930c68c4f67873cafa1a8feb061df4,numpy+cuda,160,758ca5e6ce54971da934a58e46fbe2883513d2f26eb3d95c5b6b34b3f8867e1b,0.6774203579559598,-0.6774203579559598,12000,0.6928335547550816,0.0955958692250832,6.359451240833243,hutchinson_40,480000,scasml,2,900,266400,900,266400,2,0,0,results/expert_iteration/artifacts/rows/d160_seed2_ckpt2500_n2_M10_rep2_scasml_hutch40.npz,2,4.404986826247306,A,decision_d20_d100_d160,240000,12000,0.8345638696249245,-3.7401730695790327,3.7401730695790327,0.8354724280126118,3.8405079796849546,4.03822540002875
10,20261101,2500,cb12d79a9a930c68c4f67873cafa1a8feb061df4,numpy+cuda,160,758ca5e6ce54971da934a58e46fbe2883513d2f26eb3d95c5b6b34b3f8867e1b,201.93035988548496,-201.93035988548496,12000,201.93035988548496,52.246906991313445,4443.84566400509,hutchinson_40,480000,scasml_noclip,2,900,266400,900,266400,2,0,0,results/expert_iteration/artifacts/rows/d160_seed2_ckpt2500_n2_M10_rep2_scasml_noclip_hutch40.npz,2,17.805808100585907,A,decision_d20_d100_d160,240000,12000,3.308396967760609,-14.969602108008727,14.969602108008727,3.3771410252312872,15.52407550632706,4.0344408000819385
10,20261101,2500,cb12d79a9a930c68c4f67873cafa1a8feb061df4,numpy+cuda,160,,,,0,,0.005611734910373104,1.00101311532184,none,0,surrogate,2,1,1200,1,1200,2,0,0,results/expert_iteration/artifacts/rows/d160_seed2_ckpt2500_n2_M10_rep2_surrogate_hutch40.npz,2,4.516763417190346,A,decision_d20_d100_d160,0,0,0.8558506253872182,-3.840173069579033,3.840173069579033,0.8566725503997455,3.937960913460114,0.003052900079637766
10,20261101,2500,cb12d79a9a930c68c4f67873cafa1a8feb061df4,reference,160,,,,0,,,,none,0,f_zero,2,0,0,0,0,2,0,0,results/expert_iteration/artifacts/rows/d160_seed2_ckpt2500_n2_M10_rep3_f_zero_none.npz,3,0.009029391572426413,A,decision_d20_d100_d160,0,0,0.0017243421151325953,0.007858974974701735,0.007858974974701735,0.0017125607857761578,0.00787231647980798,0.0004200998228043318
10,20261101,2500,cb12d79a9a930c68c4f67873cafa1a8feb061df4,numpy+none,160,214a85970a94f2b02e3bca3ebf679b8624e3b832bf0bb0cb0d7c99ac27702597,,,12000,,9.290637431457492,618.0940540068584,none,0,mlp_clip,2,0,0,0,0,2,0,0,results/expert_iteration/artifacts/rows/d160_seed2_ckpt2500_n2_M10_rep3_mlp_clip_none.npz,3,15.632056498391668,A,decision_d20_d100_d160,240000,12000,2.9138121850456056,-13.374830444978139,13.374830444978139,2.96485613072033,13.62888019624437,0.7881660999264568
10,20261101,2500,cb12d79a9a930c68c4f67873cafa1a8feb061df4,numpy+none,160,214a85970a94f2b02e3bca3ebf679b8624e3b832bf0bb0cb0d7c99ac27702597,,,12000,,51.963207425779004,4433.078784122556,none,0,mlp,2,0,0,0,0,2,0,0,results/expert_iteration/artifacts/rows/d160_seed2_ckpt2500_n2_M10_rep3_mlp_none.npz,3,17.9495054269063,A,decision_d20_d100_d160,240000,12000,3.3059635079587464,-15.099756947743012,15.099756947743012,3.4043953982533504,15.64935867973056,0.7802639999426901
10,20261101,2500,cb12d79a9a930c68c4f67873cafa1a8feb061df4,numpy+cuda,160,214a85970a94f2b02e3bca3ebf679b8624e3b832bf0bb0cb0d7c99ac27702597,1.6832238727837456e-20,1.6832238727837456e-20,12000,1.384074423358787e-19,0.6947194143830191,57.55107170352743,hutchinson_40,480000,oracle_state,2,900,266400,900,266400,2,0,0,results/expert_iteration/artifacts/rows/d160_seed2_ckpt2500_n2_M10_rep3_oracle_state_hutch40.npz,3,0.015013327469823336,A,decision_d20_d100_d160,240000,12000,0.0028251077961895404,0.0003368975038020851,0.010466728561366061,0.002847504805013812,0.013089438453236082,5.647211999865249
10,20261101,2500,cb12d79a9a930c68c4f67873cafa1a8feb061df4,numpy+cuda,160,214a85970a94f2b02e3bca3ebf679b8624e3b832bf0bb0cb0d7c99ac27702597,0.009746573890057056,0.009746573890057056,12000,0.021320964444554762,0.009424921926128357,0.8927157093889863,hutchinson_40,480000,path_clip,2,900,266400,900,266400,2,0,0,results/expert_iteration/artifacts/rows/d160_seed2_ckpt2500_n2_M10_rep3_path_clip_hutch40.npz,3,4.404986826247306,A,decision_d20_d100_d160,240000,12000,0.8345638746103163,-3.7401730695790327,3.7401730695790327,0.8354724280126118,3.8405079796849546,4.007892099907622
10,20261101,2500,cb12d79a9a930c68c4f67873cafa1a8feb061df4,numpy+cuda,160,214a85970a94f2b02e3bca3ebf679b8624e3b832bf0bb0cb0d7c99ac27702597,0.008041029411095395,-0.008041029411095395,12000,0.008138448429699652,0.009989697634998759,0.9447207839419904,hutchinson_40,480000,path,2,900,266400,900,266400,2,0,0,results/expert_iteration/artifacts/rows/d160_seed2_ckpt2500_n2_M10_rep3_path_hutch40.npz,3,0.015015097965899876,A,decision_d20_d100_d160,240000,12000,0.0028136875873781514,-0.0003970645439333659,0.010468675898423289,0.002847840606393974,0.013090982068365516,4.1099580998998135
10,20261101,2500,cb12d79a9a930c68c4f67873cafa1a8feb061df4,numpy+cuda,160,214a85970a94f2b02e3bca3ebf679b8624e3b832bf0bb0cb0d7c99ac27702597,0.6776119280219278,-0.6776119280219278,12000,0.6927290942839858,0.09574742406571952,6.3668325724698756,hutchinson_40,480000,scasml,2,900,266400,900,266400,2,0,0,results/expert_iteration/artifacts/rows/d160_seed2_ckpt2500_n2_M10_rep3_scasml_hutch40.npz,3,4.404986826247306,A,decision_d20_d100_d160,240000,12000,0.8345638743447406,-3.7401730695790327,3.7401730695790327,0.8354724280126118,3.8405079796849546,4.058739500120282
10,20261101,2500,cb12d79a9a930c68c4f67873cafa1a8feb061df4,numpy+cuda,160,214a85970a94f2b02e3bca3ebf679b8624e3b832bf0bb0cb0d7c99ac27702597,200.17523739199922,-200.17523739199922,12000,200.17523739199922,51.97735275410203,4434.250301483223,hutchinson_40,480000,scasml_noclip,2,900,266400,900,266400,2,0,0,results/expert_iteration/artifacts/rows/d160_seed2_ckpt2500_n2_M10_rep3_scasml_noclip_hutch40.npz,3,17.958838481689725,A,decision_d20_d100_d160,240000,12000,3.307807185736717,-15.10729352497149,15.10729352497149,3.406165553363514,15.657495746374437,4.033095000078902
10,20261101,2500,cb12d79a9a930c68c4f67873cafa1a8feb061df4,numpy+cuda,160,,,,0,,0.005611734910373104,1.00101311532184,none,0,surrogate,2,1,1200,1,1200,2,0,0,results/expert_iteration/artifacts/rows/d160_seed2_ckpt2500_n2_M10_rep3_surrogate_hutch40.npz,3,4.516763417190346,A,decision_d20_d100_d160,0,0,0.8558506253872182,-3.840173069579033,3.840173069579033,0.8566725503997455,3.937960913460114,0.0031169001013040543
10,20261101,2500,cb12d79a9a930c68c4f67873cafa1a8feb061df4,reference,160,,,,0,,,,none,0,f_zero,2,0,0,0,0,2,0,0,results/expert_iteration/artifacts/rows/d160_seed2_ckpt2500_n2_M10_rep4_f_zero_none.npz,4,0.009029391572426413,A,decision_d20_d100_d160,0,0,0.0017243421151325953,0.007858974974701735,0.007858974974701735,0.0017125607857761578,0.00787231647980798,0.000471699982881546
10,20261101,2500,cb12d79a9a930c68c4f67873cafa1a8feb061df4,numpy+none,160,31aae095ecfcc76338d00d8dac2092eb6c48d351af974bafe9ecdf1aace2ee74,,,12000,,9.299503183203289,618.4339934532426,none,0,mlp_clip,2,0,0,0,0,2,0,0,results/expert_iteration/artifacts/rows/d160_seed2_ckpt2500_n2_M10_rep4_mlp_clip_none.npz,4,15.526418132703983,A,decision_d20_d100_d160,240000,12000,2.952748947980302,-13.277581402806597,13.277581402806597,2.944820215664583,13.536778902327436,0.7889826998580247
10,20261101,2500,cb12d79a9a930c68c4f67873cafa1a8feb061df4,numpy+none,160,31aae095ecfcc76338d00d8dac2092eb6c48d351af974bafe9ecdf1aace2ee74,,,12000,,52.180352277342855,4437.322120194273,none,0,mlp,2,0,0,0,0,2,0,0,results/expert_iteration/artifacts/rows/d160_seed2_ckpt2500_n2_M10_rep4_mlp_none.npz,4,17.745977492812273,A,decision_d20_d100_d160,240000,12000,3.3766500536296618,-14.905852360267865,14.905852360267865,3.3657932448365155,15.471911916366953,0.7919170998502523
10,20261101,2500,cb12d79a9a930c68c4f67873cafa1a8feb061df4,numpy+cuda,160,31aae095ecfcc76338d00d8dac2092eb6c48d351af974bafe9ecdf1aace2ee74,1.4871639799259502e-20,-1.4871639799259502e-20,12000,1.9690014954147164e-19,0.6958600586852008,57.628842251297364,hutchinson_40,480000,oracle_state,2,900,266400,900,266400,2,0,0,results/expert_iteration/artifacts/rows/d160_seed2_ckpt2500_n2_M10_rep4_oracle_state_hutch40.npz,4,0.014688870962337567,A,decision_d20_d100_d160,240000,12000,0.0028183648388472654,0.0003750299847607991,0.010152749817089106,0.0027859667172087767,0.012806559558199438,5.676551399985328
10,20261101,2500,cb12d79a9a930c68c4f67873cafa1a8feb061df4,numpy+cuda,160,31aae095ecfcc76338d00d8dac2092eb6c48d351af974bafe9ecdf1aace2ee74,0.010031235945945327,0.010031235945945327,12000,0.021514549143081745,0.009440408377188252,0.8921635321879278,hutchinson_40,480000,path_clip,2,900,266400,900,266400,2,0,0,results/expert_iteration/artifacts/rows/d160_seed2_ckpt2500_n2_M10_rep4_path_clip_hutch40.npz,4,4.404986826247306,A,decision_d20_d100_d160,240000,12000,0.8345638886907206,-3.7401730695790327,3.7401730695790327,0.8354724280126118,3.8405079796849546,4.015981599921361
10,20261101,2500,cb12d79a9a930c68c4f67873cafa1a8feb061df4,numpy+cuda,160,31aae095ecfcc76338d00d8dac2092eb6c48d351af974bafe9ecdf1aace2ee74,0.007953357045033348,-0.007953357045033348,12000,0.008076852601637981,0.009975714169854358,0.93878629547851,hutchinson_40,480000,path,2,900,266400,900,266400,2,0,0,results/expert_iteration/artifacts/rows/d160_seed2_ckpt2500_n2_M10_rep4_path_hutch40.npz,4,0.014678994533298809,A,decision_d20_d100_d160,240000,12000,0.002833854139211676,-0.0003496516703816015,0.010126691873954534,0.002784093502946265,0.012797948748217413,4.0638607000000775
10,20261101,2500,cb12d79a9a930c68c4f67873cafa1a8feb061df4,numpy+cuda,160,31aae095ecfcc76338d00d8dac2092eb6c48d351af974bafe9ecdf1aace2ee74,0.6765820229616695,-0.6765820229616695,12000,0.692712560512349,0.09566383464611106,6.362237570760265,hutchinson_40,480000,scasml,2,900,266400,900,266400,2,0,0,results/expert_iteration/artifacts/rows/d160_seed2_ckpt2500_n2_M10_rep4_scasml_hutch40.npz,4,4.404986826247306,A,decision_d20_d100_d160,240000,12000,0.8345638881385065,-3.7401730695790327,3.7401730695790327,0.8354724280126118,3.8405079796849546,4.053771700011566
10,20261101,2500,cb12d79a9a930c68c4f67873cafa1a8feb061df4,numpy+cuda,160,31aae095ecfcc76338d00d8dac2092eb6c48d351af974bafe9ecdf1aace2ee74,200.1731884478893,-200.1731884478893,12000,200.1731884478893,52.19564058816263,4438.564319172298,hutchinson_40,480000,scasml_noclip,2,900,266400,900,266400,2,0,0,results/expert_iteration/artifacts/rows/d160_seed2_ckpt2500_n2_M10_rep4_scasml_noclip_hutch40.npz,4,17.755215933883395,A,decision_d20_d100_d160,240000,12000,3.3785499283227063,-14.913347082630022,14.913347082630022,3.3675454550240147,15.479966493611563,4.028866600012407
10,20261101,2500,cb12d79a9a930c68c4f67873cafa1a8feb061df4,numpy+cuda,160,,,,0,,0.005611734910373104,1.00101311532184,none,0,surrogate,2,1,1200,1,1200,2,0,0,results/expert_iteration/artifacts/rows/d160_seed2_ckpt2500_n2_M10_rep4_surrogate_hutch40.npz,4,4.516763417190346,A,decision_d20_d100_d160,0,0,0.8558506253872182,-3.840173069579033,3.840173069579033,0.8566725503997455,3.937960913460114,0.003500699996948242
10,20261101,500,cb12d79a9a930c68c4f67873cafa1a8feb061df4,numpy+cuda,160,36b551f904c883c11bb2b111225246eafd431910bda79a1cdd95b5a9a7ca6ed4,0.008971320739436092,-0.008971320739436092,12000,0.009059368820338946,0.027604895786381815,2.382284855515296,hutchinson_40,480000,path,2,900,266400,900,266400,2,0,0,results/expert_iteration/artifacts/rows/d160_seed2_ckpt500_n2_M10_rep0_path_hutch40.npz,0,0.02139992130558977,A,decision_d20_d100_d160,240000,12000,0.004079496350756479,-0.0005340716886163888,0.01433280234304548,0.0040588189971254495,0.018657619598096264,3.9958955000620335
10,20261101,500,cb12d79a9a930c68c4f67873cafa1a8feb061df4,numpy+cuda,160,36b551f904c883c11bb2b111225246eafd431910bda79a1cdd95b5a9a7ca6ed4,201.43688678035457,-201.43688678035457,12000,201.43688678035457,52.41427843179665,4462.215146010446,hutchinson_40,480000,scasml_noclip,2,900,266400,900,266400,2,0,0,results/expert_iteration/artifacts/rows/d160_seed2_ckpt500_n2_M10_rep0_scasml_noclip_hutch40.npz,0,18.01358332411929,A,decision_d20_d100_d160,240000,12000,3.443264672686029,-15.119917645775262,15.119917645775262,3.41654874137971,15.705225288479891,4.005506600020453
10,20261101,500,cb12d79a9a930c68c4f67873cafa1a8feb061df4,numpy+cuda,160,,,,0,,0.007839709952748903,1.0590452259308638,none,0,surrogate,2,1,1200,1,1200,2,0,0,results/expert_iteration/artifacts/rows/d160_seed2_ckpt500_n2_M10_rep0_surrogate_hutch40.npz,0,4.537032408062291,A,decision_d20_d100_d160,0,0,0.8596773780935326,-3.856549826802444,3.856549826802444,0.8605168713217162,3.9556325261696075,0.003398700151592493
10,20261101,500,cb12d79a9a930c68c4f67873cafa1a8feb061df4,numpy+cuda,160,efd391937cd0f9d30b66ebfc065e59182019d3e709d05362842f1d1fbcb87f6a,0.009018671518533548,-0.009018671518533548,12000,0.009120076383669722,0.027640466779470477,2.3940005034061653,hutchinson_40,480000,path,2,900,266400,900,266400,2,0,0,results/expert_iteration/artifacts/rows/d160_seed2_ckpt500_n2_M10_rep1_path_hutch40.npz,1,0.022408505961460344,A,decision_d20_d100_d160,240000,12000,0.0039629507295017895,-0.0011445783645408624,0.014891269466559926,0.004250112343628899,0.019536958758880684,4.038347299909219
10,20261101,500,cb12d79a9a930c68c4f67873cafa1a8feb061df4,numpy+cuda,160,efd391937cd0f9d30b66ebfc065e59182019d3e709d05362842f1d1fbcb87f6a,202.89563595574563,-202.89563595574563,12000,202.89563595574563,52.020291340622215,4420.550079794902,hutchinson_40,480000,scasml_noclip,2,900,266400,900,266400,2,0,0,results/expert_iteration/artifacts/rows/d160_seed2_ckpt500_n2_M10_rep1_scasml_noclip_hutch40.npz,1,18.303105709827072,A,decision_d20_d100_d160,240000,12000,3.4160579298789973,-15.359762072261086,15.359762072261086,3.4714610442065843,15.957646709125868,4.143491700058803
10,20261101,500,cb12d79a9a930c68c4f67873cafa1a8feb061df4,numpy+cuda,160,,,,0,,0.007839709952748903,1.0590452259308638,none,0,surrogate,2,1,1200,1,1200,2,0,0,results/expert_iteration/artifacts/rows/d160_seed2_ckpt500_n2_M10_rep1_surrogate_hutch40.npz,1,4.537032408062291,A,decision_d20_d100_d160,0,0,0.8596773780935326,-3.856549826802444,3.856549826802444,0.8605168713217162,3.9556325261696075,0.0031114001758396626
10,20261101,500,cb12d79a9a930c68c4f67873cafa1a8feb061df4,numpy+cuda,160,716bc36c929a659fcf7411abeea6c5ba35bf47dc2ffbc4613affdc73958428d0,0.009061105280125013,-0.009061105280125013,12000,0.009159567095051602,0.027734941042581,2.4042857968970943,hutchinson_40,480000,path,2,900,266400,900,266400,2,0,0,results/expert_iteration/artifacts/rows/d160_seed2_ckpt500_n2_M10_rep2_path_hutch40.npz,2,0.02254006814539903,A,decision_d20_d100_d160,240000,12000,0.00428589383732135,-0.0008155027637033932,0.015175244595814949,0.004275065103213773,0.01965166185270849,4.069755400065333
10,20261101,500,cb12d79a9a930c68c4f67873cafa1a8feb061df4,numpy+cuda,160,716bc36c929a659fcf7411abeea6c5ba35bf47dc2ffbc4613affdc73958428d0,202.49081786267828,-202.49081786267828,12000,202.49081786267828,52.74108569173924,4508.461390084331,hutchinson_40,480000,scasml_noclip,2,900,266400,900,266400,2,0,0,results/expert_iteration/artifacts/rows/d160_seed2_ckpt500_n2_M10_rep2_scasml_noclip_hutch40.npz,2,17.976306483975176,A,decision_d20_d100_d160,240000,12000,3.38609068823628,-15.094917497178088,15.094917497178088,3.4094786244026807,15.67272530433059,4.093134099850431
10,20261101,500,cb12d79a9a930c68c4f67873cafa1a8feb061df4,numpy+cuda,160,,,,0,,0.007839709952748903,1.0590452259308638,none,0,surrogate,2,1,1200,1,1200,2,0,0,results/expert_iteration/artifacts/rows/d160_seed2_ckpt500_n2_M10_rep2_surrogate_hutch40.npz,2,4.537032408062291,A,decision_d20_d100_d160,0,0,0.8596773780935326,-3.856549826802444,3.856549826802444,0.8605168713217162,3.9556325261696075,0.003328900085762143
10,20261101,500,cb12d79a9a930c68c4f67873cafa1a8feb061df4,numpy+cuda,160,6432e1fa9a434fe7a24aa36866c62677f87221326ce24a5ad644c251ab9ce4eb,0.009034534490403848,-0.009034534490403848,12000,0.009127634910349567,0.02747002284090254,2.39778525647752,hutchinson_40,480000,path,2,900,266400,900,266400,2,0,0,results/expert_iteration/artifacts/rows/d160_seed2_ckpt500_n2_M10_rep3_path_hutch40.npz,3,0.02146538420168086,A,decision_d20_d100_d160,240000,12000,0.004136666863618829,3.520119336666028e-05,0.014425452971000745,0.0040712350262531805,0.018714693724473458,4.016317599918693
10,20261101,500,cb12d79a9a930c68c4f67873cafa1a8feb061df4,numpy+cuda,160,6432e1fa9a434fe7a24aa36866c62677f87221326ce24a5ad644c251ab9ce4eb,203.64697846304975,-203.64697846304975,12000,203.64697846304975,52.41436320228934,4489.46316097296,hutchinson_40,480000,scasml_noclip,2,900,266400,900,266400,2,0,0,results/expert_iteration/artifacts/rows/d160_seed2_ckpt500_n2_M10_rep3_scasml_noclip_hutch40.npz,3,17.820633935593996,A,decision_d20_d100_d160,240000,12000,3.392753901948057,-14.948688503064083,14.948688503064083,3.3799529692529386,15.5370014786171,4.0535106000024825
10,20261101,500,cb12d79a9a930c68c4f67873cafa1a8feb061df4,numpy+cuda,160,,,,0,,0.007839709952748903,1.0590452259308638,none,0,surrogate,2,1,1200,1,1200,2,0,0,results/expert_iteration/artifacts/rows/d160_seed2_ckpt500_n2_M10_rep3_surrogate_hutch40.npz,3,4.537032408062291,A,decision_d20_d100_d160,0,0,0.8596773780935326,-3.856549826802444,3.856549826802444,0.8605168713217162,3.9556325261696075,0.003525699954479933
10,20261101,500,cb12d79a9a930c68c4f67873cafa1a8feb061df4,numpy+cuda,160,6ba5077b93b5de0dc584dff3b88cd0effca18a64118038d1b72cd5af19a20b09,0.009145564727225622,-0.009145564727225622,12000,0.00923055754758837,0.027630753379191596,2.388187142484387,hutchinson_40,480000,path,2,900,266400,900,266400,2,0,0,results/expert_iteration/artifacts/rows/d160_seed2_ckpt500_n2_M10_rep4_path_hutch40.npz,4,0.022035155397744123,A,decision_d20_d100_d160,240000,12000,0.004307432339972826,-0.00013060369576385945,0.014587690109585516,0.004179300757971195,0.01921145135653652,4.047670300118625
10,20261101,500,cb12d79a9a930c68c4f67873cafa1a8feb061df4,numpy+cuda,160,6ba5077b93b5de0dc584dff3b88cd0effca18a64118038d1b72cd5af19a20b09,201.69137866288096,-201.69137866288096,12000,201.69137866288096,51.91141965558535,4430.749556037749,hutchinson_40,480000,scasml_noclip,2,900,266400,900,266400,2,0,0,results/expert_iteration/artifacts/rows/d160_seed2_ckpt500_n2_M10_rep4_scasml_noclip_hutch40.npz,4,18.029628062761155,A,decision_d20_d100_d160,240000,12000,3.337944841260166,-15.14151700072908,15.14151700072908,3.419591868925535,15.719213967496792,3.986782099818811
10,20261101,500,cb12d79a9a930c68c4f67873cafa1a8feb061df4,numpy+cuda,160,,,,0,,0.007839709952748903,1.0590452259308638,none,0,surrogate,2,1,1200,1,1200,2,0,0,results/expert_iteration/artifacts/rows/d160_seed2_ckpt500_n2_M10_rep4_surrogate_hutch40.npz,4,4.537032408062291,A,decision_d20_d100_d160,0,0,0.8596773780935326,-3.856549826802444,3.856549826802444,0.8605168713217162,3.9556325261696075,0.0033190001267939806
10,20261101,1000,cb12d79a9a930c68c4f67873cafa1a8feb061df4,numpy+cuda,20,0d6e629458ece09126152a15900b4bce88fabdea79776a7c6c3bcf8982c236e7,0.030863300097016832,-0.030863300097016832,12000,0.04333422944416345,0.06572625984134804,0.6231674190761473,exact,240000,path,2,900,266400,900,266400,0,0,0,results/expert_iteration/artifacts/rows/d20_seed0_ckpt1000_n2_M10_rep0_path_exact.npz,0,0.05848360743807712,A,decision_d20_d100_d160,240000,12000,0.015844300654403457,-0.004966267746340982,0.03117539012745789,0.015050142786086908,0.03958281869904149,1.2612133999355137
10,20261101,1000,cb12d79a9a930c68c4f67873cafa1a8feb061df4,numpy+cuda,20,0d6e629458ece09126152a15900b4bce88fabdea79776a7c6c3bcf8982c236e7,9.643447005595707,-9.643447005595707,12000,9.646476751037921,2.7863247866322043,26.7110334282629,exact,240000,scasml_noclip,2,900,266400,900,266400,0,0,0,results/expert_iteration/artifacts/rows/d20_seed0_ckpt1000_n2_M10_rep0_scasml_noclip_exact.npz,0,2.1477435851911486,A,decision_d20_d100_d160,240000,12000,0.5417833709999291,-1.3189114294810267,1.3189597555487174,0.5526992783277559,1.4536337389013458,1.2915324000641704
10,20261101,1000,cb12d79a9a930c68c4f67873cafa1a8feb061df4,numpy+cuda,20,,,,0,,0.0777313691818017,1.0003261921825235,none,0,surrogate,2,1,1200,1,1200,0,0,0,results/expert_iteration/artifacts/rows/d20_seed0_ckpt1000_n2_M10_rep0_surrogate_exact.npz,0,3.013470337864678,A,decision_d20_d100_d160,0,0,0.7723932063725678,-1.922401205815636,1.9227262095059585,0.7754849752474867,2.0395740834717344,0.0011784001253545284
10,20261101,1000,cb12d79a9a930c68c4f67873cafa1a8feb061df4,numpy+cuda,20,d58f85d40bd7ecff892f1ebeaf94ccb8a5647a44542119ca0cc6c229524eb964,0.030551800094840976,-0.030551800094840976,12000,0.04256547900745081,0.06609887928159851,0.6305956876557414,exact,240000,path,2,900,266400,900,266400,0,0,0,results/expert_iteration/artifacts/rows/d20_seed0_ckpt1000_n2_M10_rep1_path_exact.npz,1,0.06151863135500789,A,decision_d20_d100_d160,240000,12000,0.015254118796892067,-0.003751639388221684,0.03324707268225955,0.015831174348774978,0.04163698065507891,1.2678181999363005
10,20261101,1000,cb12d79a9a930c68c4f67873cafa1a8feb061df4,numpy+cuda,20,d58f85d40bd7ecff892f1ebeaf94ccb8a5647a44542119ca0cc6c229524eb964,9.557427555310941,-9.557427555310941,12000,9.560928602144937,2.743807177354772,26.134007494304374,exact,240000,scasml_noclip,2,900,266400,900,266400,0,0,0,results/expert_iteration/artifacts/rows/d20_seed0_ckpt1000_n2_M10_rep1_scasml_noclip_exact.npz,1,2.123161169251518,A,decision_d20_d100_d160,240000,12000,0.5618818163302698,-1.3043670395695672,1.3043697522743423,0.5463732514951919,1.4369958918883503,1.2517601000145078
10,20261101,1000,cb12d79a9a930c68c4f67873cafa1a8feb061df4,numpy+cuda,20,,,,0,,0.0777313691818017,1.0003261921825235,none,0,surrogate,2,1,1200,1,1200,0,0,0,results/expert_iteration/artifacts/rows/d20_seed0_ckpt1000_n2_M10_rep1_surrogate_exact.npz,1,3.013470337864678,A,decision_d20_d100_d160,0,0,0.7723932063725678,-1.922401205815636,1.9227262095059585,0.7754849752474867,2.0395740834717344,0.0014309000689536333
10,20261101,1000,cb12d79a9a930c68c4f67873cafa1a8feb061df4,numpy+cuda,20,e408a0041fd212db3d972f53b3e23e2c93564f440c89935572fa281785f3e189,0.030898091348133084,-0.030898091348133084,12000,0.04265980519329499,0.06595488035344758,0.6241537507058207,exact,240000,path,2,900,266400,900,266400,0,0,0,results/expert_iteration/artifacts/rows/d20_seed0_ckpt1000_n2_M10_rep2_path_exact.npz,2,0.060430667807581,A,decision_d20_d100_d160,240000,12000,0.01438215668346517,-0.003350587299069968,0.03229097743335947,0.015551198344350675,0.04090062621773403,1.2731357999145985
10,20261101,1000,cb12d79a9a930c68c4f67873cafa1a8feb061df4,numpy+cuda,20,e408a0041fd212db3d972f53b3e23e2c93564f440c89935572fa281785f3e189,9.652753731893538,-9.652753731893538,12000,9.656060792836165,2.8058342276532318,26.852171771442435,exact,240000,scasml_noclip,2,900,266400,900,266400,0,0,0,results/expert_iteration/artifacts/rows/d20_seed0_ckpt1000_n2_M10_rep2_scasml_noclip_exact.npz,2,2.136085832160709,A,decision_d20_d100_d160,240000,12000,0.5489281031947775,-1.313778103336641,1.3137924606924776,0.5496992778941501,1.4457435497550848,1.264403099892661
10,20261101,1000,cb12d79a9a930c68c4f67873cafa1a8feb061df4,numpy+cuda,20,,,,0,,0.0777313691818017,1.0003261921825235,none,0,surrogate,2,1,1200,1,1200,0,0,0,results/expert_iteration/artifacts/rows/d20_seed0_ckpt1000_n2_M10_rep2_surrogate_exact.npz,2,3.013470337864678,A,decision_d20_d100_d160,0,0,0.7723932063725678,-1.922401205815636,1.9227262095059585,0.7754849752474867,2.0395740834717344,0.001323699951171875
10,20261101,1000,cb12d79a9a930c68c4f67873cafa1a8feb061df4,numpy+cuda,20,051ff0c17dbc89b6ed491d06722d379c5a2668549a66851163c559f03d64c0ab,0.03084548719529511,-0.03084548719529511,12000,0.0432046544623121,0.06502035703948189,0.6201887079354256,exact,240000,path,2,900,266400,900,266400,0,0,0,results/expert_iteration/artifacts/rows/d20_seed0_ckpt1000_n2_M10_rep3_path_exact.npz,3,0.06002605599286954,A,decision_d20_d100_d160,240000,12000,0.015644087674479595,-0.004334997071088565,0.031998458289492424,0.01544707573887028,0.04062677724010091,1.260857200017199
10,20261101,1000,cb12d79a9a930c68c4f67873cafa1a8feb061df4,numpy+cuda,20,051ff0c17dbc89b6ed491d06722d379c5a2668549a66851163c559f03d64c0ab,9.595743633794497,-9.595743633794497,12000,9.598418471639045,2.7256525601219153,25.958818687213718,exact,240000,scasml_noclip,2,900,266400,900,266400,0,0,0,results/expert_iteration/artifacts/rows/d20_seed0_ckpt1000_n2_M10_rep3_scasml_noclip_exact.npz,3,2.1364585217168464,A,decision_d20_d100_d160,240000,12000,0.5346444178807764,-1.3138343118995441,1.3138531917824323,0.5497951856413031,1.4459957931405025,1.2596887999679893
10,20261101,1000,cb12d79a9a930c68c4f67873cafa1a8feb061df4,numpy+cuda,20,,,,0,,0.0777313691818017,1.0003261921825235,none,0,surrogate,2,1,1200,1,1200,0,0,0,results/expert_iteration/artifacts/rows/d20_seed0_ckpt1000_n2_M10_rep3_surrogate_exact.npz,3,3.013470337864678,A,decision_d20_d100_d160,0,0,0.7723932063725678,-1.922401205815636,1.9227262095059585,0.7754849752474867,2.0395740834717344,0.00133050000295043
10,20261101,1000,cb12d79a9a930c68c4f67873cafa1a8feb061df4,numpy+cuda,20,73b64ee3312164d72403bcd754f7475101583c732eb170d65e15311adbac17ef,0.03114630718941451,-0.03114630718941451,12000,0.04293194517786902,0.06671441987757008,0.633304243018183,exact,240000,path,2,900,266400,900,266400,0,0,0,results/expert_iteration/artifacts/rows/d20_seed0_ckpt1000_n2_M10_rep4_path_exact.npz,4,0.06240166445111862,A,decision_d20_d100_d160,240000,12000,0.01607339630191958,-0.0036268384200177015,0.033385316342878314,0.0160584136516066,0.0422346342622989,1.2464741000439972
10,20261101,1000,cb12d79a9a930c68c4f67873cafa1a8feb061df4,numpy+cuda,20,73b64ee3312164d72403bcd754f7475101583c732eb170d65e15311adbac17ef,9.55505001045199,-9.55505001045199,12000,9.557614211188428,2.770570452971719,26.50249629590049,exact,240000,scasml_noclip,2,900,266400,900,266400,0,0,0,results/expert_iteration/artifacts/rows/d20_seed0_ckpt1000_n2_M10_rep4_scasml_noclip_exact.npz,4,2.1109043723125747,A,decision_d20_d100_d160,240000,12000,0.54036312918772,-1.3066438214446887,1.3066591621746328,0.5432190933966771,1.4287002584225308,1.2786755999550223
10,20261101,1000,cb12d79a9a930c68c4f67873cafa1a8feb061df4,numpy+cuda,20,,,,0,,0.0777313691818017,1.0003261921825235,none,0,surrogate,2,1,1200,1,1200,0,0,0,results/expert_iteration/artifacts/rows/d20_seed0_ckpt1000_n2_M10_rep4_surrogate_exact.npz,4,3.013470337864678,A,decision_d20_d100_d160,0,0,0.7723932063725678,-1.922401205815636,1.9227262095059585,0.7754849752474867,2.0395740834717344,0.001796599943190813
10,20261101,2500,cb12d79a9a930c68c4f67873cafa1a8feb061df4,reference,20,,,,0,,,,none,0,f_zero,2,0,0,0,0,0,0,0,results/expert_iteration/artifacts/rows/d20_seed0_ckpt2500_n2_M10_rep0_f_zero_none.npz,0,0.09028047312286362,A,decision_d20_d100_d160,0,0,0.0235007607164868,0.06000378812677581,0.06000378812677581,0.023232732569262535,0.06110354262037796,5.789985880255699e-05
10,20261101,2500,cb12d79a9a930c68c4f67873cafa1a8feb061df4,numpy+none,20,67bdfc7e8a2b1919d23fefd7b68f1686a9073c6fbb3b1fcd94fda367c229dc34,,,12000,,2.7128736359763574,25.589414699245932,none,0,mlp_clip,2,0,0,0,0,0,0,0,results/expert_iteration/artifacts/rows/d20_seed0_ckpt2500_n2_M10_rep0_mlp_clip_none.npz,0,2.124781471209011,A,decision_d20_d100_d160,240000,12000,0.5692346367622079,-1.3101970282099404,1.3102198949556847,0.5467902192043514,1.4380925430942295,0.1713721000123769
10,20261101,2500,cb12d79a9a930c68c4f67873cafa1a8feb061df4,numpy+none,20,67bdfc7e8a2b1919d23fefd7b68f1686a9073c6fbb3b1fcd94fda367c229dc34,,,12000,,2.7463753589632853,26.386245312710276,none,0,mlp,2,0,0,0,0,0,0,0,results/expert_iteration/artifacts/rows/d20_seed0_ckpt2500_n2_M10_rep0_mlp_none.npz,0,2.124781471209011,A,decision_d20_d100_d160,240000,12000,0.5692346367622079,-1.3101970282099404,1.3102198949556847,0.5467902192043514,1.4380925430942295,0.16310480004176497
10,20261101,2500,cb12d79a9a930c68c4f67873cafa1a8feb061df4,numpy+cuda,20,67bdfc7e8a2b1919d23fefd7b68f1686a9073c6fbb3b1fcd94fda367c229dc34,1.100103804348625e-19,1.100103804348625e-19,12000,1.5877056613877727e-18,0.3588979656565788,3.2418014008374545,exact,240000,oracle_state,2,900,266400,900,266400,0,0,0,results/expert_iteration/artifacts/rows/d20_seed0_ckpt2500_n2_M10_rep0_oracle_state_exact.npz,0,0.05764168334959726,A,decision_d20_d100_d160,240000,12000,0.015516975124185864,0.001268924737940054,0.030743184520445752,0.014833482455068785,0.03901298845066053,1.4113435000181198
10,20261101,2500,cb12d79a9a930c68c4f67873cafa1a8feb061df4,numpy+cuda,20,67bdfc7e8a2b1919d23fefd7b68f1686a9073c6fbb3b1fcd94fda367c229dc34,0.2937189764712884,0.2937189764712884,12000,0.29883252588417814,0.04574934979320673,0.7405844178596539,exact,240000,path_clip,2,900,266400,900,266400,0,0,0,results/expert_iteration/artifacts/rows/d20_seed0_ckpt2500_n2_M10_rep0_path_clip_exact.npz,0,2.887199284739877,A,decision_d20_d100_d160,240000,12000,0.7394367573191484,-1.8323275879284764,1.832464054724905,0.7429904445144095,1.9541114312564425,1.2462108000181615
10,20261101,2500,cb12d79a9a930c68c4f67873cafa1a8feb061df4,numpy+cuda,20,67bdfc7e8a2b1919d23fefd7b68f1686a9073c6fbb3b1fcd94fda367c229dc34,0.03084854660011278,-0.03084854660011278,12000,0.04279713289899256,0.06559681593214103,0.6233204461099552,exact,240000,path,2,900,266400,900,266400,0,0,0,results/expert_iteration/artifacts/rows/d20_seed0_ckpt2500_n2_M10_rep0_path_exact.npz,0,0.05778046273672129,A,decision_d20_d100_d160,240000,12000,0.015617254243715193,-0.0026311358276070495,0.03085191341410579,0.014869195874323808,0.03910691698141183,1.3459694001358002
10,20261101,2500,cb12d79a9a930c68c4f67873cafa1a8feb061df4,numpy+cuda,20,67bdfc7e8a2b1919d23fefd7b68f1686a9073c6fbb3b1fcd94fda367c229dc34,0.26368010020854776,0.26368010020854776,12000,0.29641015593498377,0.11115430781375174,1.0656571341244045,exact,240000,scasml,2,900,266400,900,266400,0,0,0,results/expert_iteration/artifacts/rows/d20_seed0_ckpt2500_n2_M10_rep0_scasml_exact.npz,0,2.8871992840690415,A,decision_d20_d100_d160,240000,12000,0.7394367576769161,-1.8323277121443622,1.832464077548183,0.7429904443417771,1.9541114308024083,1.2536602998152375
10,20261101,2500,cb12d79a9a930c68c4f67873cafa1a8feb061df4,numpy+cuda,20,67bdfc7e8a2b1919d23fefd7b68f1686a9073c6fbb3b1fcd94fda367c229dc34,9.64235725056117,-9.64235725056117,12000,9.646850642157217,2.7537660462483915,26.46337812002781,exact,240000,scasml_noclip,2,900,266400,900,266400,0,0,0,results/expert_iteration/artifacts/rows/d20_seed0_ckpt2500_n2_M10_rep0_scasml_noclip_exact.npz,0,2.131788239089179,A,decision_d20_d100_d160,240000,12000,0.5709786978363143,-1.314092664804153,1.3141160167319201,0.5485933374059287,1.4428348569633014,1.2646504000294954
10,20261101,2500,cb12d79a9a930c68c4f67873cafa1a8feb061df4,numpy+cuda,20,,,,0,,0.07781304004364473,0.9963537114225793,none,0,surrogate,2,1,1200,1,1200,0,0,0,results/expert_iteration/artifacts/rows/d20_seed0_ckpt2500_n2_M10_rep0_surrogate_exact.npz,0,3.0261585171742826,A,decision_d20_d100_d160,0,0,0.7757740645010616,-1.9317260433995715,1.9319451234638614,0.778750145073189,2.0481616847370083,0.09822869999334216
10,20261101,2500,cb12d79a9a930c68c4f67873cafa1a8feb061df4,reference,20,,,,0,,,,none,0,f_zero,2,0,0,0,0,0,0,0,results/expert_iteration/artifacts/rows/d20_seed0_ckpt2500_n2_M10_rep1_f_zero_none.npz,1,0.09028047312286362,A,decision_d20_d100_d160,0,0,0.0235007607164868,0.06000378812677581,0.06000378812677581,0.023232732569262535,0.06110354262037796,4.260009154677391e-05
10,20261101,2500,cb12d79a9a930c68c4f67873cafa1a8feb061df4,numpy+none,20,81e8a2b168667f5a2acc7e65dd45579bc679fefb77d946a2b2731120c801e3ff,,,12000,,2.764942779488175,25.88647534874247,none,0,mlp_clip,2,0,0,0,0,0,0,0,results/expert_iteration/artifacts/rows/d20_seed0_ckpt2500_n2_M10_rep1_mlp_clip_none.npz,1,2.100272596651759,A,decision_d20_d100_d160,240000,12000,0.544835391515996,-1.2921066151910559,1.2921323246525385,0.5404831174749739,1.4215044702886244,0.17111369990743697
10,20261101,2500,cb12d79a9a930c68c4f67873cafa1a8feb061df4,numpy+none,20,81e8a2b168667f5a2acc7e65dd45579bc679fefb77d946a2b2731120c801e3ff,,,12000,,2.795136774104364,26.58113908385998,none,0,mlp,2,0,0,0,0,0,0,0,results/expert_iteration/artifacts/rows/d20_seed0_ckpt2500_n2_M10_rep1_mlp_none.npz,1,2.100272596651759,A,decision_d20_d100_d160,240000,12000,0.544835391515996,-1.2921066151910559,1.2921323246525385,0.5404831174749739,1.4215044702886244,0.16521889995783567
10,20261101,2500,cb12d79a9a930c68c4f67873cafa1a8feb061df4,numpy+cuda,20,81e8a2b168667f5a2acc7e65dd45579bc679fefb77d946a2b2731120c801e3ff,7.083454193571962e-21,-7.083454193571962e-21,12000,1.4026684906169132e-18,0.3586793283353044,3.2337554522516876,exact,240000,oracle_state,2,900,266400,900,266400,0,0,0,results/expert_iteration/artifacts/rows/d20_seed0_ckpt2500_n2_M10_rep1_oracle_state_exact.npz,1,0.0595809885563446,A,decision_d20_d100_d160,240000,12000,0.01622868203787432,-0.00036397722075135586,0.031969359646126065,0.015332542303561415,0.04032554712758661,1.395172000164166
10,20261101,2500,cb12d79a9a930c68c4f67873cafa1a8feb061df4,numpy+cuda,20,81e8a2b168667f5a2acc7e65dd45579bc679fefb77d946a2b2731120c801e3ff,0.29526970376964695,0.29526970376964695,12000,0.3004243351257374,0.04576265003044263,0.7406396146411662,exact,240000,path_clip,2,900,266400,900,266400,0,0,0,results/expert_iteration/artifacts/rows/d20_seed0_ckpt2500_n2_M10_rep1_path_clip_exact.npz,1,2.8871992040866643,A,decision_d20_d100_d160,240000,12000,0.7394367165230559,-1.8323209770931477,1.8324817224239214,0.7429904237591515,1.9541113766688132,1.2515700000803918
10,20261101,2500,cb12d79a9a930c68c4f67873cafa1a8feb061df4,numpy+cuda,20,81e8a2b168667f5a2acc7e65dd45579bc679fefb77d946a2b2731120c801e3ff,0.029762242781727205,-0.029762242781727205,12000,0.04219439046318825,0.06640890361914101,0.632678906923717,exact,240000,path,2,900,266400,900,266400,0,0,0,results/expert_iteration/artifacts/rows/d20_seed0_ckpt2500_n2_M10_rep1_path_exact.npz,1,0.059802492023280335,A,decision_d20_d100_d160,240000,12000,0.016303124309062184,-0.004072140386913676,0.03201414932283613,0.015389543896845924,0.040475464890135884,1.2483318999875337
10,20261101,2500,cb12d79a9a930c68c4f67873cafa1a8feb061df4,numpy+cuda,20,81e8a2b168667f5a2acc7e65dd45579bc679fefb77d946a2b2731120c801e3ff,0.26525878411222586,0.26525878411222586,12000,0.2980985851112489,0.11188096909461752,1.073607697740457,exact,240000,scasml,2,900,266400,900,266400,0,0,0,results/expert_iteration/artifacts/rows/d20_seed0_ckpt2500_n2_M10_rep1_scasml_exact.npz,1,2.88719920293373,A,decision_d20_d100_d160,240000,12000,0.7394367163966444,-1.8323210864821766,1.8324816727291646,0.7429904234624559,1.9541113758884852,1.2527757999487221
10,20261101,2500,cb12d79a9a930c68c4f67873cafa1a8feb061df4,numpy+cuda,20,81e8a2b168667f5a2acc7e65dd45579bc679fefb77d946a2b2731120c801e3ff,9.621104045682078,-9.621104045682078,12000,9.625246307660412,2.8039786616703593,26.66561261725606,exact,240000,scasml_noclip,2,900,266400,900,266400,0,0,0,results/expert_iteration/artifacts/rows/d20_seed0_ckpt2500_n2_M10_rep1_scasml_noclip_exact.npz,1,2.1074267464653937,A,decision_d20_d100_d160,240000,12000,0.5459020088784209,-1.2960642459416327,1.2960901924909944,0.5423241628708528,1.4263465350555544,1.2605309998616576
10,20261101,2500,cb12d79a9a930c68c4f67873cafa1a8feb061df4,numpy+cuda,20,,,,0,,0.07781304004364473,0.9963537114225793,none,0,surrogate,2,1,1200,1,1200,0,0,0,results/expert_iteration/artifacts/rows/d20_seed0_ckpt2500_n2_M10_rep1_surrogate_exact.npz,1,3.0261585171742826,A,decision_d20_d100_d160,0,0,0.7757740645010616,-1.9317260433995715,1.9319451234638614,0.778750145073189,2.0481616847370083,0.0014241000171750784
10,20261101,2500,cb12d79a9a930c68c4f67873cafa1a8feb061df4,reference,20,,,,0,,,,none,0,f_zero,2,0,0,0,0,0,0,0,results/expert_iteration/artifacts/rows/d20_seed0_ckpt2500_n2_M10_rep2_f_zero_none.npz,2,0.09028047312286362,A,decision_d20_d100_d160,0,0,0.0235007607164868,0.06000378812677581,0.06000378812677581,0.023232732569262535,0.06110354262037796,3.220001235604286e-05
10,20261101,2500,cb12d79a9a930c68c4f67873cafa1a8feb061df4,numpy+none,20,12d2d4b350e41a4a6af50ca2379562308034513d25f316d734bf170b186794ca,,,12000,,2.7769318488137906,26.01356396943546,none,0,mlp_clip,2,0,0,0,0,0,0,0,results/expert_iteration/artifacts/rows/d20_seed0_ckpt2500_n2_M10_rep2_mlp_clip_none.npz,2,2.113657121056527,A,decision_d20_d100_d160,240000,12000,0.5268108161900246,-1.3019641868089034,1.3019641868089034,0.5439274844051245,1.430563371168632,0.16586620011366904
10,20261101,2500,cb12d79a9a930c68c4f67873cafa1a8feb061df4,numpy+none,20,12d2d4b350e41a4a6af50ca2379562308034513d25f316d734bf170b186794ca,,,12000,,2.8113259812683764,26.820859142625057,none,0,mlp,2,0,0,0,0,0,0,0,results/expert_iteration/artifacts/rows/d20_seed0_ckpt2500_n2_M10_rep2_mlp_none.npz,2,2.113657121056527,A,decision_d20_d100_d160,240000,12000,0.5268108161900246,-1.3019641868089034,1.3019641868089034,0.5439274844051245,1.430563371168632,0.16467770002782345
10,20261101,2500,cb12d79a9a930c68c4f67873cafa1a8feb061df4,numpy+cuda,20,12d2d4b350e41a4a6af50ca2379562308034513d25f316d734bf170b186794ca,1.2981514011893107e-19,-1.2981514011893107e-19,12000,1.6077995416511706e-18,0.3552022473388608,3.211552755776201,exact,240000,oracle_state,2,900,266400,900,266400,0,0,0,results/expert_iteration/artifacts/rows/d20_seed0_ckpt2500_n2_M10_rep2_oracle_state_exact.npz,2,0.06161074466222589,A,decision_d20_d100_d160,240000,12000,0.01585160715196508,0.00020252647453784155,0.033201100168689116,0.015854878741969215,0.04169932469470129,1.4301142999902368
10,20261101,2500,cb12d79a9a930c68c4f67873cafa1a8feb061df4,numpy+cuda,20,12d2d4b350e41a4a6af50ca2379562308034513d25f316d734bf170b186794ca,0.29363777987994644,0.29363777987994644,12000,0.2987087190877706,0.04578328595015738,0.7408358762111494,exact,240000,path_clip,2,900,266400,900,266400,0,0,0,results/expert_iteration/artifacts/rows/d20_seed0_ckpt2500_n2_M10_rep2_path_clip_exact.npz,2,2.887199117762466,A,decision_d20_d100_d160,240000,12000,0.739436721160586,-1.8323123677742676,1.8324753128438802,0.7429904015445247,1.9541113182429526,1.2991591999307275
10,20261101,2500,cb12d79a9a930c68c4f67873cafa1a8feb061df4,numpy+cuda,20,12d2d4b350e41a4a6af50ca2379562308034513d25f316d734bf170b186794ca,0.03005694322220863,-0.03005694322220863,12000,0.04219719692660465,0.06661206198578638,0.6296014791295796,exact,240000,path,2,900,266400,900,266400,0,0,0,results/expert_iteration/artifacts/rows/d20_seed0_ckpt2500_n2_M10_rep2_path_exact.npz,2,0.06142703847494912,A,decision_d20_d100_d160,240000,12000,0.015760569068450254,-0.0035450214615736523,0.03321763032132528,0.015807603882050044,0.04157498885046378,1.2343106002081186
10,20261101,2500,cb12d79a9a930c68c4f67873cafa1a8feb061df4,numpy+cuda,20,12d2d4b350e41a4a6af50ca2379562308034513d25f316d734bf170b186794ca,0.2636380129224857,0.2636380129224857,12000,0.29573945945462005,0.11130147360012331,1.070763091506887,exact,240000,scasml,2,900,266400,900,266400,0,0,0,results/expert_iteration/artifacts/rows/d20_seed0_ckpt2500_n2_M10_rep2_scasml_exact.npz,2,2.8871991166222486,A,decision_d20_d100_d160,240000,12000,0.739436721160586,-1.8323124959002213,1.832475185082583,0.7429904012511017,1.9541113174712317,1.2668378001544625
10,20261101,2500,cb12d79a9a930c68c4f67873cafa1a8feb061df4,numpy+cuda,20,12d2d4b350e41a4a6af50ca2379562308034513d25f316d734bf170b186794ca,9.68000354920435,-9.68000354920435,12000,9.682694805566678,2.8184665504735285,26.888034811036025,exact,240000,scasml_noclip,2,900,266400,900,266400,0,0,0,results/expert_iteration/artifacts/rows/d20_seed0_ckpt2500_n2_M10_rep2_scasml_noclip_exact.npz,2,2.1207337442462055,A,decision_d20_d100_d160,240000,12000,0.5285309457872316,-1.305842666849726,1.305842666849726,0.5457485791377086,1.4353529644408165,1.2431123999413103
10,20261101,2500,cb12d79a9a930c68c4f67873cafa1a8feb061df4,numpy+cuda,20,,,,0,,0.07781304004364473,0.9963537114225793,none,0,surrogate,2,1,1200,1,1200,0,0,0,results/expert_iteration/artifacts/rows/d20_seed0_ckpt2500_n2_M10_rep2_surrogate_exact.npz,2,3.0261585171742826,A,decision_d20_d100_d160,0,0,0.7757740645010616,-1.9317260433995715,1.9319451234638614,0.778750145073189,2.0481616847370083,0.0013375000562518835
10,20261101,2500,cb12d79a9a930c68c4f67873cafa1a8feb061df4,reference,20,,,,0,,,,none,0,f_zero,2,0,0,0,0,0,0,0,results/expert_iteration/artifacts/rows/d20_seed0_ckpt2500_n2_M10_rep3_f_zero_none.npz,3,0.09028047312286362,A,decision_d20_d100_d160,0,0,0.0235007607164868,0.06000378812677581,0.06000378812677581,0.023232732569262535,0.06110354262037796,3.9700185880064964e-05
10,20261101,2500,cb12d79a9a930c68c4f67873cafa1a8feb061df4,numpy+none,20,5e101137955f369412237174a57451cb1da8040c3f4b5e5060c424d4659eb949,,,12000,,2.705917856161708,25.351435027413345,none,0,mlp_clip,2,0,0,0,0,0,0,0,results/expert_iteration/artifacts/rows/d20_seed0_ckpt2500_n2_M10_rep3_mlp_clip_none.npz,3,2.1453876743109372,A,decision_d20_d100_d160,240000,12000,0.5425039627698887,-1.3221598805144112,1.3221772795836777,0.5520930093800681,1.45203921357489,0.16679989988915622
10,20261101,2500,cb12d79a9a930c68c4f67873cafa1a8feb061df4,numpy+none,20,5e101137955f369412237174a57451cb1da8040c3f4b5e5060c424d4659eb949,,,12000,,2.731667567917827,25.956398946394348,none,0,mlp,2,0,0,0,0,0,0,0,results/expert_iteration/artifacts/rows/d20_seed0_ckpt2500_n2_M10_rep3_mlp_none.npz,3,2.1453876743109372,A,decision_d20_d100_d160,240000,12000,0.5425039627698887,-1.3221598805144112,1.3221772795836777,0.5520930093800681,1.45203921357489,0.1667896998114884
10,20261101,2500,cb12d79a9a930c68c4f67873cafa1a8feb061df4,numpy+cuda,20,5e101137955f369412237174a57451cb1da8040c3f4b5e5060c424d4659eb949,2.5298050691328437e-20,-2.5298050691328437e-20,12000,1.4576014006895123e-18,0.3582042346079229,3.239965129904083,exact,240000,oracle_state,2,900,266400,900,266400,0,0,0,results/expert_iteration/artifacts/rows/d20_seed0_ckpt2500_n2_M10_rep3_oracle_state_exact.npz,3,0.056607065232069494,A,decision_d20_d100_d160,240000,12000,0.015178606441608549,0.001628479634193684,0.030223755693373263,0.014567234337348751,0.03831273921565555,1.422955100191757
10,20261101,2500,cb12d79a9a930c68c4f67873cafa1a8feb061df4,numpy+cuda,20,5e101137955f369412237174a57451cb1da8040c3f4b5e5060c424d4659eb949,0.2939120528517686,0.2939120528517686,12000,0.29889131887525466,0.045519609296146235,0.7403243856798415,exact,240000,path_clip,2,900,266400,900,266400,0,0,0,results/expert_iteration/artifacts/rows/d20_seed0_ckpt2500_n2_M10_rep3_path_clip_exact.npz,3,2.8871988829619872,A,decision_d20_d100_d160,240000,12000,0.739436721160586,-1.832340243167814,1.832454739004338,0.742990341121085,1.9541111593255194,1.246608299901709
10,20261101,2500,cb12d79a9a930c68c4f67873cafa1a8feb061df4,numpy+cuda,20,5e101137955f369412237174a57451cb1da8040c3f4b5e5060c424d4659eb949,0.030105953731360477,-0.030105953731360477,12000,0.04227333743459777,0.06553985423271294,0.6226474837342448,exact,240000,path,2,900,266400,900,266400,0,0,0,results/expert_iteration/artifacts/rows/d20_seed0_ckpt2500_n2_M10_rep3_path_exact.npz,3,0.05614190313272001,A,decision_d20_d100_d160,240000,12000,0.015297556643294064,-0.00201184925504835,0.030000832849783447,0.014447529751387665,0.03799790865285705,1.2758852001279593
10,20261101,2500,cb12d79a9a930c68c4f67873cafa1a8feb061df4,numpy+cuda,20,5e101137955f369412237174a57451cb1da8040c3f4b5e5060c424d4659eb949,0.2639526580669193,0.2639526580669193,12000,0.29622186186749366,0.110580797069733,1.0682413225261522,exact,240000,scasml,2,900,266400,900,266400,0,0,0,results/expert_iteration/artifacts/rows/d20_seed0_ckpt2500_n2_M10_rep3_scasml_exact.npz,3,2.8871988824075485,A,decision_d20_d100_d160,240000,12000,0.739436721160586,-1.8323403782087835,1.8324546149933116,0.7429903409784059,1.9541111589502647,1.28147629997693
10,20261101,2500,cb12d79a9a930c68c4f67873cafa1a8feb061df4,numpy+cuda,20,5e101137955f369412237174a57451cb1da8040c3f4b5e5060c424d4659eb949,9.650128074039044,-9.650128074039044,12000,9.653491361445004,2.739506229982241,26.030654993966564,exact,240000,scasml_noclip,2,900,266400,900,266400,0,0,0,results/expert_iteration/artifacts/rows/d20_seed0_ckpt2500_n2_M10_rep3_scasml_noclip_exact.npz,3,2.153630077757195,A,decision_d20_d100_d160,240000,12000,0.5435992680247158,-1.3266546649497273,1.3266723309067165,0.5542141054307527,1.4576178291143473,1.2634769999422133
10,20261101,2500,cb12d79a9a930c68c4f67873cafa1a8feb061df4,numpy+cuda,20,,,,0,,0.07781304004364473,0.9963537114225793,none,0,surrogate,2,1,1200,1,1200,0,0,0,results/expert_iteration/artifacts/rows/d20_seed0_ckpt2500_n2_M10_rep3_surrogate_exact.npz,3,3.0261585171742826,A,decision_d20_d100_d160,0,0,0.7757740645010616,-1.9317260433995715,1.9319451234638614,0.778750145073189,2.0481616847370083,0.0023062999825924635
10,20261101,2500,cb12d79a9a930c68c4f67873cafa1a8feb061df4,reference,20,,,,0,,,,none,0,f_zero,2,0,0,0,0,0,0,0,results/expert_iteration/artifacts/rows/d20_seed0_ckpt2500_n2_M10_rep4_f_zero_none.npz,4,0.09028047312286362,A,decision_d20_d100_d160,0,0,0.0235007607164868,0.06000378812677581,0.06000378812677581,0.023232732569262535,0.06110354262037796,4.67000063508749e-05
10,20261101,2500,cb12d79a9a930c68c4f67873cafa1a8feb061df4,numpy+none,20,862506244bddf0571cbf1f736ec03ea0f51c0f99615a8563b8444d475fd88899,,,12000,,2.7686377696049846,25.917038087011868,none,0,mlp_clip,2,0,0,0,0,0,0,0,results/expert_iteration/artifacts/rows/d20_seed0_ckpt2500_n2_M10_rep4_mlp_clip_none.npz,4,2.120494805153163,A,decision_d20_d100_d160,240000,12000,0.546648395212718,-1.3047905976879588,1.3048000116008498,0.5456870906689737,1.435191245914646,0.17085480014793575
10,20261101,2500,cb12d79a9a930c68c4f67873cafa1a8feb061df4,numpy+none,20,862506244bddf0571cbf1f736ec03ea0f51c0f99615a8563b8444d475fd88899,,,12000,,2.7996415168994595,26.646803949244052,none,0,mlp,2,0,0,0,0,0,0,0,results/expert_iteration/artifacts/rows/d20_seed0_ckpt2500_n2_M10_rep4_mlp_none.npz,4,2.120494805153163,A,decision_d20_d100_d160,240000,12000,0.546648395212718,-1.3047905976879588,1.3048000116008498,0.5456870906689737,1.435191245914646,0.16792010003700852
10,20261101,2500,cb12d79a9a930c68c4f67873cafa1a8feb061df4,numpy+cuda,20,862506244bddf0571cbf1f736ec03ea0f51c0f99615a8563b8444d475fd88899,1.3921155894713877e-19,-1.3921155894713877e-19,12000,1.2581082009521793e-18,0.3604900827864479,3.2595128529288706,exact,240000,oracle_state,2,900,266400,900,266400,0,0,0,results/expert_iteration/artifacts/rows/d20_seed0_ckpt2500_n2_M10_rep4_oracle_state_exact.npz,4,0.059781461760212595,A,decision_d20_d100_d160,240000,12000,0.01610201934047027,0.0005286775504700063,0.03181396516417653,0.015384131979287079,0.040461231207798744,1.4108100000303239
10,20261101,2500,cb12d79a9a930c68c4f67873cafa1a8feb061df4,numpy+cuda,20,862506244bddf0571cbf1f736ec03ea0f51c0f99615a8563b8444d475fd88899,0.29305677112398265,0.29305677112398265,12000,0.29807831450162997,0.04580348759579493,0.7408795652891824,exact,240000,path_clip,2,900,266400,900,266400,0,0,0,results/expert_iteration/artifacts/rows/d20_seed0_ckpt2500_n2_M10_rep4_path_clip_exact.npz,4,2.887199524112926,A,decision_d20_d100_d160,240000,12000,0.739436721160586,-1.8323082653204716,1.8325068423268018,0.7429905061145523,1.9541115932686783,1.2607424000743777
10,20261101,2500,cb12d79a9a930c68c4f67873cafa1a8feb061df4,numpy+cuda,20,862506244bddf0571cbf1f736ec03ea0f51c0f99615a8563b8444d475fd88899,0.030049523047352696,-0.030049523047352696,12000,0.04236330936596637,0.0663795744820628,0.6336680301425239,exact,240000,path,2,900,266400,900,266400,0,0,0,results/expert_iteration/artifacts/rows/d20_seed0_ckpt2500_n2_M10_rep4_path_exact.npz,4,0.05983067246865465,A,decision_d20_d100_d160,240000,12000,0.01611106915967855,-0.0032742375924719154,0.03162618932310562,0.015396795838804322,0.04049453795195566,1.2430763999000192
10,20261101,2500,cb12d79a9a930c68c4f67873cafa1a8feb061df4,numpy+cuda,20,862506244bddf0571cbf1f736ec03ea0f51c0f99615a8563b8444d475fd88899,0.2629553805295668,0.2629553805295668,12000,0.295800931908559,0.11155525633634802,1.0675890039009464,exact,240000,scasml,2,900,266400,900,266400,0,0,0,results/expert_iteration/artifacts/rows/d20_seed0_ckpt2500_n2_M10_rep4_scasml_exact.npz,4,2.887199522471546,A,decision_d20_d100_d160,240000,12000,0.739436721160586,-1.8323084075485712,1.832506724468267,0.7429905056921603,1.9541115921577612,1.2547369999811053
10,20261101,2500,cb12d79a9a930c68c4f67873cafa1a8feb061df4,numpy+cuda,20,862506244bddf0571cbf1f736ec03ea0f51c0f99615a8563b8444d475fd88899,9.737635444507822,-9.737635444507822,12000,9.741236092041486,2.8076674537978907,26.72533140541116,exact,240000,scasml_noclip,2,900,266400,900,266400,0,0,0,results/expert_iteration/artifacts/rows/d20_seed0_ckpt2500_n2_M10_rep4_scasml_noclip_exact.npz,4,2.1279473349804037,A,decision_d20_d100_d160,240000,12000,0.5489906676633349,-1.3087369226375642,1.3087466475951834,0.5476049210308627,1.4402352599541903,1.2674449000041932
10,20261101,2500,cb12d79a9a930c68c4f67873cafa1a8feb061df4,numpy+cuda,20,,,,0,,0.07781304004364473,0.9963537114225793,none,0,surrogate,2,1,1200,1,1200,0,0,0,results/expert_iteration/artifacts/rows/d20_seed0_ckpt2500_n2_M10_rep4_surrogate_exact.npz,4,3.0261585171742826,A,decision_d20_d100_d160,0,0,0.7757740645010616,-1.9317260433995715,1.9319451234638614,0.778750145073189,2.0481616847370083,0.0013934001326560974
10,20261101,500,cb12d79a9a930c68c4f67873cafa1a8feb061df4,numpy+cuda,20,2628460f66b7f14806bac6d0b9c9d92dccfe6e81335f49f2a2fc1df6e00df497,0.030914977524359625,-0.030914977524359625,12000,0.04339575672170224,0.06567796590808608,0.6212676708668061,exact,240000,path,2,900,266400,900,266400,0,0,0,results/expert_iteration/artifacts/rows/d20_seed0_ckpt500_n2_M10_rep0_path_exact.npz,0,0.060495465571959776,A,decision_d20_d100_d160,240000,12000,0.015287571812396874,-0.0045426913603220315,0.032236515847522934,0.015567873369179678,0.040944482578035055,1.2650315000209957
10,20261101,500,cb12d79a9a930c68c4f67873cafa1a8feb061df4,numpy+cuda,20,2628460f66b7f14806bac6d0b9c9d92dccfe6e81335f49f2a2fc1df6e00df497,9.51072187061318,-9.51072187061318,12000,9.513041484983379,2.758583407790271,26.335702625674617,exact,240000,scasml_noclip,2,900,266400,900,266400,0,0,0,results/expert_iteration/artifacts/rows/d20_seed0_ckpt500_n2_M10_rep0_scasml_noclip_exact.npz,0,2.1703205191844757,A,decision_d20_d100_d160,240000,12000,0.5483399953542072,-1.3351979491291524,1.3352142866579801,0.5585092154222041,1.4689142375604667,1.251204599859193
10,20261101,500,cb12d79a9a930c68c4f67873cafa1a8feb061df4,numpy+cuda,20,,,,0,,0.07800523125813853,1.0021713043422749,none,0,surrogate,2,1,1200,1,1200,0,0,0,results/expert_iteration/artifacts/rows/d20_seed0_ckpt500_n2_M10_rep0_surrogate_exact.npz,0,3.0439411762265167,A,decision_d20_d100_d160,0,0,0.7804109249673779,-1.9438034048221877,1.9440121957948622,0.7833263258112839,2.060197326861115,0.08644430013373494
10,20261101,500,cb12d79a9a930c68c4f67873cafa1a8feb061df4,numpy+cuda,20,625ccdab4098c98fc1ccc0c261c0a793147cbd2fa766c5add6a7232f62a20363,0.03062137848775401,-0.03062137848775401,12000,0.0426376741064494,0.06536885517289504,0.6222007490926262,exact,240000,path,2,900,266400,900,266400,0,0,0,results/expert_iteration/artifacts/rows/d20_seed0_ckpt500_n2_M10_rep1_path_exact.npz,1,0.0575544339517141,A,decision_d20_d100_d160,240000,12000,0.017066743234524548,-0.001858932699619599,0.030898358943807252,0.01481102973791155,0.03895393639745628,1.2757697999477386
10,20261101,500,cb12d79a9a930c68c4f67873cafa1a8feb061df4,numpy+cuda,20,625ccdab4098c98fc1ccc0c261c0a793147cbd2fa766c5add6a7232f62a20363,9.751429758643468,-9.751429758643468,12000,9.755271716972517,2.827841535748805,26.92854379057373,exact,240000,scasml_noclip,2,900,266400,900,266400,0,0,0,results/expert_iteration/artifacts/rows/d20_seed0_ckpt500_n2_M10_rep1_scasml_noclip_exact.npz,1,2.1452374448677394,A,decision_d20_d100_d160,240000,12000,0.5368339272954881,-1.321488634801591,1.3215294977534098,0.5520543494090121,1.4519375354282462,1.2772105999756604
10,20261101,500,cb12d79a9a930c68c4f67873cafa1a8feb061df4,numpy+cuda,20,,,,0,,0.07800523125813853,1.0021713043422749,none,0,surrogate,2,1,1200,1,1200,0,0,0,results/expert_iteration/artifacts/rows/d20_seed0_ckpt500_n2_M10_rep1_surrogate_exact.npz,1,3.0439411762265167,A,decision_d20_d100_d160,0,0,0.7804109249673779,-1.9438034048221877,1.9440121957948622,0.7833263258112839,2.060197326861115,0.0014204999897629023
10,20261101,500,cb12d79a9a930c68c4f67873cafa1a8feb061df4,numpy+cuda,20,cc720eeb6f80badbae0f1802e759c9559ceb6b0a9974ca1a3c70fc719918a0e6,0.029970365349543268,-0.029970365349543268,12000,0.042576219367354076,0.06671388604319402,0.6336675790900751,exact,240000,path,2,900,266400,900,266400,0,0,0,results/expert_iteration/artifacts/rows/d20_seed0_ckpt500_n2_M10_rep2_path_exact.npz,2,0.0599853384880099,A,decision_d20_d100_d160,240000,12000,0.01614670100107209,-0.003233644239541371,0.0315221815751644,0.01543659751618746,0.040599218857789374,1.2521825998555869
10,20261101,500,cb12d79a9a930c68c4f67873cafa1a8feb061df4,numpy+cuda,20,cc720eeb6f80badbae0f1802e759c9559ceb6b0a9974ca1a3c70fc719918a0e6,9.564501079436685,-9.564501079436685,12000,9.56791364592427,2.759816226228624,26.382900404846332,exact,240000,scasml_noclip,2,900,266400,900,266400,0,0,0,results/expert_iteration/artifacts/rows/d20_seed0_ckpt500_n2_M10_rep2_scasml_noclip_exact.npz,2,2.130700809238692,A,decision_d20_d100_d160,240000,12000,0.5542279424587087,-1.31112835743981,1.311142118632392,0.5483134987428125,1.442098863742204,1.2531879001762718
10,20261101,500,cb12d79a9a930c68c4f67873cafa1a8feb061df4,numpy+cuda,20,,,,0,,0.07800523125813853,1.0021713043422749,none,0,surrogate,2,1,1200,1,1200,0,0,0,results/expert_iteration/artifacts/rows/d20_seed0_ckpt500_n2_M10_rep2_surrogate_exact.npz,2,3.0439411762265167,A,decision_d20_d100_d160,0,0,0.7804109249673779,-1.9438034048221877,1.9440121957948622,0.7833263258112839,2.060197326861115,0.001477499958127737
10,20261101,500,cb12d79a9a930c68c4f67873cafa1a8feb061df4,numpy+cuda,20,3d582b945e7a8244e53b4391769944b4f31abd9f7df339cfe4bd58266939dc60,0.03102469932767176,-0.03102469932767176,12000,0.04289667055872187,0.0669426349411874,0.6320656524692031,exact,240000,path,2,900,266400,900,266400,0,0,0,results/expert_iteration/artifacts/rows/d20_seed0_ckpt500_n2_M10_rep3_path_exact.npz,3,0.06179192319632498,A,decision_d20_d100_d160,240000,12000,0.01572280053442626,-0.0069073763157079205,0.03288664829632057,0.015901503136862304,0.04182194977515646,1.2405806998722255
10,20261101,500,cb12d79a9a930c68c4f67873cafa1a8feb061df4,numpy+cuda,20,3d582b945e7a8244e53b4391769944b4f31abd9f7df339cfe4bd58266939dc60,9.471204736286454,-9.471204736286454,12000,9.475910346021857,2.7053799992325627,25.76252878521379,exact,240000,scasml_noclip,2,900,266400,900,266400,0,0,0,results/expert_iteration/artifacts/rows/d20_seed0_ckpt500_n2_M10_rep3_scasml_noclip_exact.npz,3,2.1289300794791894,A,decision_d20_d100_d160,240000,12000,0.5515310745898863,-1.3139145657919236,1.3140042592586811,0.547857820017038,1.4409004001366614,1.341923899948597
10,20261101,500,cb12d79a9a930c68c4f67873cafa1a8feb061df4,numpy+cuda,20,,,,0,,0.07800523125813853,1.0021713043422749,none,0,surrogate,2,1,1200,1,1200,0,0,0,results/expert_iteration/artifacts/rows/d20_seed0_ckpt500_n2_M10_rep3_surrogate_exact.npz,3,3.0439411762265167,A,decision_d20_d100_d160,0,0,0.7804109249673779,-1.9438034048221877,1.9440121957948622,0.7833263258112839,2.060197326861115,0.0017001000232994556
10,20261101,500,cb12d79a9a930c68c4f67873cafa1a8feb061df4,numpy+cuda,20,28ac9d7785127c3d2991269d500b784cb84861eb761d2879c4f32743e353d73a,0.03070089014227117,-0.03070089014227117,12000,0.042871648785644,0.06553570257153415,0.620347882494269,exact,240000,path,2,900,266400,900,266400,0,0,0,results/expert_iteration/artifacts/rows/d20_seed0_ckpt500_n2_M10_rep4_path_exact.npz,4,0.05741755627651141,A,decision_d20_d100_d160,240000,12000,0.014133777211477015,-0.0021791387987722547,0.031027911970494766,0.014775805704267437,0.038861294981530785,1.3052971998695284
10,20261101,500,cb12d79a9a930c68c4f67873cafa1a8feb061df4,numpy+cuda,20,28ac9d7785127c3d2991269d500b784cb84861eb761d2879c4f32743e353d73a,9.772862688326086,-9.772862688326086,12000,9.776306935565813,2.8312857658853856,27.274883115522854,exact,240000,scasml_noclip,2,900,266400,900,266400,0,0,0,results/expert_iteration/artifacts/rows/d20_seed0_ckpt500_n2_M10_rep4_scasml_noclip_exact.npz,4,2.1393430281340375,A,decision_d20_d100_d160,240000,12000,0.5555777402027494,-1.3174735826905821,1.317511740585673,0.5505374831046063,1.4479480819877457,1.2758486000820994
10,20261101,500,cb12d79a9a930c68c4f67873cafa1a8feb061df4,numpy+cuda,20,,,,0,,0.07800523125813853,1.0021713043422749,none,0,surrogate,2,1,1200,1,1200,0,0,0,results/expert_iteration/artifacts/rows/d20_seed0_ckpt500_n2_M10_rep4_surrogate_exact.npz,4,3.0439411762265167,A,decision_d20_d100_d160,0,0,0.7804109249673779,-1.9438034048221877,1.9440121957948622,0.7833263258112839,2.060197326861115,0.0015460001304745674
10,20261101,1000,cb12d79a9a930c68c4f67873cafa1a8feb061df4,numpy+cuda,20,f55eb58624576e80f3291f5706733b320d329f9a61a90262ed240687f43947dc,0.03031756673763446,-0.03031756673763446,12000,0.04276436724009404,0.06613231924447537,0.6249444348562344,exact,240000,path,2,900,266400,900,266400,1,0,0,results/expert_iteration/artifacts/rows/d20_seed1_ckpt1000_n2_M10_rep0_path_exact.npz,0,0.059678587615728265,A,decision_d20_d100_d160,240000,12000,0.014636871326873552,-0.0031011551893956124,0.03127616362973945,0.015357658397521031,0.04039160402869127,1.2613548999652267
10,20261101,1000,cb12d79a9a930c68c4f67873cafa1a8feb061df4,numpy+cuda,20,f55eb58624576e80f3291f5706733b320d329f9a61a90262ed240687f43947dc,9.613106828233525,-9.613106828233525,12000,9.616595033443422,2.802518579969029,26.772207824315764,exact,240000,scasml_noclip,2,900,266400,900,266400,1,0,0,results/expert_iteration/artifacts/rows/d20_seed1_ckpt1000_n2_M10_rep0_scasml_noclip_exact.npz,0,2.115858780653117,A,decision_d20_d100_d160,240000,12000,0.5378942834481724,-1.3055346912403407,1.3055346912403407,0.5444940584033193,1.432053496290293,1.2590477999765426
10,20261101,1000,cb12d79a9a930c68c4f67873cafa1a8feb061df4,numpy+cuda,20,,,,0,,0.07782285929880284,1.0014729246234948,none,0,surrogate,2,1,1200,1,1200,1,0,0,results/expert_iteration/artifacts/rows/d20_seed1_ckpt1000_n2_M10_rep0_surrogate_exact.npz,0,3.020634625350516,A,decision_d20_d100_d160,0,0,0.7741409531801708,-1.928250853895918,1.9285170980855584,0.7773286294669465,2.0444230096081735,0.001160500105470419
10,20261101,1000,cb12d79a9a930c68c4f67873cafa1a8feb061df4,numpy+cuda,20,a25bb32b466c46327311d3e7ebfd986b598f783c76bf426542da9d06a4b35dfc,0.03075222254735741,-0.03075222254735741,12000,0.0433683328227891,0.06704216476989389,0.6360034921737984,exact,240000,path,2,900,266400,900,266400,1,0,0,results/expert_iteration/artifacts/rows/d20_seed1_ckpt1000_n2_M10_rep1_path_exact.npz,1,0.059886028771877896,A,decision_d20_d100_d160,240000,12000,0.01765562937055344,-0.0009237809295476638,0.032275127473871595,0.015411041202661235,0.04053200415163657,1.2673859000205994
10,20261101,1000,cb12d79a9a930c68c4f67873cafa1a8feb061df4,numpy+cuda,20,a25bb32b466c46327311d3e7ebfd986b598f783c76bf426542da9d06a4b35dfc,9.481832502144862,-9.481832502144862,12000,9.484792013787468,2.7358673973111016,26.085464740594876,exact,240000,scasml_noclip,2,900,266400,900,266400,1,0,0,results/expert_iteration/artifacts/rows/d20_seed1_ckpt1000_n2_M10_rep1_scasml_noclip_exact.npz,1,2.1401484882192032,A,decision_d20_d100_d160,240000,12000,0.5292633050038695,-1.3136395242393692,1.3136575256090723,0.5507447598069382,1.448493232704623,1.2618887999560684
10,20261101,1000,cb12d79a9a930c68c4f67873cafa1a8feb061df4,numpy+cuda,20,,,,0,,0.07782285929880284,1.0014729246234948,none,0,surrogate,2,1,1200,1,1200,1,0,0,results/expert_iteration/artifacts/rows/d20_seed1_ckpt1000_n2_M10_rep1_surrogate_exact.npz,1,3.020634625350516,A,decision_d20_d100_d160,0,0,0.7741409531801708,-1.928250853895918,1.9285170980855584,0.7773286294669465,2.0444230096081735,0.0015177000313997269
10,20261101,1000,cb12d79a9a930c68c4f67873cafa1a8feb061df4,numpy+cuda,20,8e9ccdcb8f1c6319938fbdfd53cd401eefb8a6885261f18e6d103bc04b84bc99,0.03087413334442691,-0.03087413334442691,12000,0.042947255515325515,0.06689127977686249,0.6318781112529464,exact,240000,path,2,900,266400,900,266400,1,0,0,results/expert_iteration/artifacts/rows/d20_seed1_ckpt1000_n2_M10_rep2_path_exact.npz,2,0.06163711186925668,A,decision_d20_d100_d160,240000,12000,0.014468858214531595,-0.006095778754459798,0.03317118652109332,0.01586166406606373,0.041717170522296745,1.2420081999152899
10,20261101,1000,cb12d79a9a930c68c4f67873cafa1a8feb061df4,numpy+cuda,20,8e9ccdcb8f1c6319938fbdfd53cd401eefb8a6885261f18e6d103bc04b84bc99,9.584824911568752,-9.584824911568752,12000,9.58772717635931,2.7015592798577077,25.78403324236338,exact,240000,scasml_noclip,2,900,266400,900,266400,1,0,0,results/expert_iteration/artifacts/rows/d20_seed1_ckpt1000_n2_M10_rep2_scasml_noclip_exact.npz,2,2.1320068507852694,A,decision_d20_d100_d160,240000,12000,0.5321225808186628,-1.310714245841014,1.3107885327292392,0.5486495948323256,1.4429828175203003,1.2569047000724822
10,20261101,1000,cb12d79a9a930c68c4f67873cafa1a8feb061df4,numpy+cuda,20,,,,0,,0.07782285929880284,1.0014729246234948,none,0,surrogate,2,1,1200,1,1200,1,0,0,results/expert_iteration/artifacts/rows/d20_seed1_ckpt1000_n2_M10_rep2_surrogate_exact.npz,2,3.020634625350516,A,decision_d20_d100_d160,0,0,0.7741409531801708,-1.928250853895918,1.9285170980855584,0.7773286294669465,2.0444230096081735,0.0016652001067996025
10,20261101,1000,cb12d79a9a930c68c4f67873cafa1a8feb061df4,numpy+cuda,20,aba44a8501238e174a04f4eae2af794bec678afc1c2e970c3507530c5b04f176,0.030827531020791242,-0.030827531020791242,12000,0.04291761253797053,0.06653733126219079,0.6290616024710842,exact,240000,path,2,900,266400,900,266400,1,0,0,results/expert_iteration/artifacts/rows/d20_seed1_ckpt1000_n2_M10_rep3_path_exact.npz,3,0.05908864992415478,A,decision_d20_d100_d160,240000,12000,0.016330026007390606,-0.0028767126247021754,0.031218015551228783,0.015205844121999873,0.03999232297007995,1.2564292999450117
10,20261101,1000,cb12d79a9a930c68c4f67873cafa1a8feb061df4,numpy+cuda,20,aba44a8501238e174a04f4eae2af794bec678afc1c2e970c3507530c5b04f176,9.636613519426412,-9.636613519426412,12000,9.639271282987114,2.773394739999235,26.340800061288334,exact,240000,scasml_noclip,2,900,266400,900,266400,1,0,0,results/expert_iteration/artifacts/rows/d20_seed1_ckpt1000_n2_M10_rep3_scasml_noclip_exact.npz,3,2.133064888612799,A,decision_d20_d100_d160,240000,12000,0.5342259770507005,-1.3139820806456293,1.3139820806456293,0.5489218697667037,1.4436989176608084,1.2590385000221431
10,20261101,1000,cb12d79a9a930c68c4f67873cafa1a8feb061df4,numpy+cuda,20,,,,0,,0.07782285929880284,1.0014729246234948,none,0,surrogate,2,1,1200,1,1200,1,0,0,results/expert_iteration/artifacts/rows/d20_seed1_ckpt1000_n2_M10_rep3_surrogate_exact.npz,3,3.020634625350516,A,decision_d20_d100_d160,0,0,0.7741409531801708,-1.928250853895918,1.9285170980855584,0.7773286294669465,2.0444230096081735,0.0014431001618504524
10,20261101,1000,cb12d79a9a930c68c4f67873cafa1a8feb061df4,numpy+cuda,20,c73bde32cdc4a5172e8314a182e1547077d7488b9dce4c9ee779f7239ff61813,0.03009287406846183,-0.03009287406846183,12000,0.04252224096002678,0.06660142425004283,0.6309898740693166,exact,240000,path,2,900,266400,900,266400,1,0,0,results/expert_iteration/artifacts/rows/d20_seed1_ckpt1000_n2_M10_rep4_path_exact.npz,4,0.059311729340335274,A,decision_d20_d100_d160,240000,12000,0.015020986798932956,-0.0039616941581649585,0.03165184676905321,0.01526325126928825,0.040143307365074904,1.2523746001534164
10,20261101,1000,cb12d79a9a930c68c4f67873cafa1a8feb061df4,numpy+cuda,20,c73bde32cdc4a5172e8314a182e1547077d7488b9dce4c9ee779f7239ff61813,9.58511513370408,-9.58511513370408,12000,9.590130152018057,2.788607264727676,26.736762512591007,exact,240000,scasml_noclip,2,900,266400,900,266400,1,0,0,results/expert_iteration/artifacts/rows/d20_seed1_ckpt1000_n2_M10_rep4_scasml_noclip_exact.npz,4,2.123545092181592,A,decision_d20_d100_d160,240000,12000,0.527909476451837,-1.3093081134516145,1.30933686023524,0.5464720500332708,1.4372557382350657,1.285918900044635
10,20261101,1000,cb12d79a9a930c68c4f67873cafa1a8feb061df4,numpy+cuda,20,,,,0,,0.07782285929880284,1.0014729246234948,none,0,surrogate,2,1,1200,1,1200,1,0,0,results/expert_iteration/artifacts/rows/d20_seed1_ckpt1000_n2_M10_rep4_surrogate_exact.npz,4,3.020634625350516,A,decision_d20_d100_d160,0,0,0.7741409531801708,-1.928250853895918,1.9285170980855584,0.7773286294669465,2.0444230096081735,0.0022545999381691217
10,20261101,2500,cb12d79a9a930c68c4f67873cafa1a8feb061df4,reference,20,,,,0,,,,none,0,f_zero,2,0,0,0,0,1,0,0,results/expert_iteration/artifacts/rows/d20_seed1_ckpt2500_n2_M10_rep0_f_zero_none.npz,0,0.09028047312286362,A,decision_d20_d100_d160,0,0,0.0235007607164868,0.06000378812677581,0.06000378812677581,0.023232732569262535,0.06110354262037796,4.319986328482628e-05
10,20261101,2500,cb12d79a9a930c68c4f67873cafa1a8feb061df4,numpy+none,20,3f2aa3626ac74e989c9d04a3e31f3181e3b563da95b8820b3d86ad3cdbf08018,,,12000,,2.7386882098051015,25.79429187035968,none,0,mlp_clip,2,0,0,0,0,1,0,0,results/expert_iteration/artifacts/rows/d20_seed1_ckpt2500_n2_M10_rep0_mlp_clip_none.npz,0,2.106211047919333,A,decision_d20_d100_d160,240000,12000,0.5421746107707611,-1.2991553748523192,1.2991553748523192,0.5420113156046779,1.425523727139809,0.16795679996721447
10,20261101,2500,cb12d79a9a930c68c4f67873cafa1a8feb061df4,numpy+none,20,3f2aa3626ac74e989c9d04a3e31f3181e3b563da95b8820b3d86ad3cdbf08018,,,12000,,2.775457457778758,26.6546072598066,none,0,mlp,2,0,0,0,0,1,0,0,results/expert_iteration/artifacts/rows/d20_seed1_ckpt2500_n2_M10_rep0_mlp_none.npz,0,2.106211047919333,A,decision_d20_d100_d160,240000,12000,0.5421746107707611,-1.2991553748523192,1.2991553748523192,0.5420113156046779,1.425523727139809,0.17064870009198785
10,20261101,2500,cb12d79a9a930c68c4f67873cafa1a8feb061df4,numpy+cuda,20,3f2aa3626ac74e989c9d04a3e31f3181e3b563da95b8820b3d86ad3cdbf08018,6.281144585932689e-20,6.281144585932689e-20,12000,1.6461802985571576e-18,0.3535339152084106,3.2016602751717054,exact,240000,oracle_state,2,900,266400,900,266400,1,0,0,results/expert_iteration/artifacts/rows/d20_seed1_ckpt2500_n2_M10_rep0_oracle_state_exact.npz,0,0.05996692397885027,A,decision_d20_d100_d160,240000,12000,0.01721802186048627,-0.0012499184230218808,0.03180574396103611,0.015431858735453361,0.04058675556748586,1.4018298999872059
10,20261101,2500,cb12d79a9a930c68c4f67873cafa1a8feb061df4,numpy+cuda,20,3f2aa3626ac74e989c9d04a3e31f3181e3b563da95b8820b3d86ad3cdbf08018,0.296312598936022,0.296312598936022,12000,0.30149310875616453,0.044985934689757895,0.738180979611201,exact,240000,path_clip,2,900,266400,900,266400,1,0,0,results/expert_iteration/artifacts/rows/d20_seed1_ckpt2500_n2_M10_rep0_path_clip_exact.npz,0,2.8811486994263062,A,decision_d20_d100_d160,240000,12000,0.7376756962360347,-1.827502004840782,1.8275970057110693,0.7414333898644367,1.9500162799485528,1.2571789000649005
10,20261101,2500,cb12d79a9a930c68c4f67873cafa1a8feb061df4,numpy+cuda,20,3f2aa3626ac74e989c9d04a3e31f3181e3b563da95b8820b3d86ad3cdbf08018,0.030504022251257402,-0.030504022251257402,12000,0.04218579481655296,0.06519585706850942,0.6241831494091805,exact,240000,path,2,900,266400,900,266400,1,0,0,results/expert_iteration/artifacts/rows/d20_seed1_ckpt2500_n2_M10_rep0_path_exact.npz,0,0.060137601152430865,A,decision_d20_d100_d160,240000,12000,0.017089358987910187,-0.005070453855218805,0.03188274429639449,0.015475780715393355,0.04070227312725778,1.322185599943623
10,20261101,2500,cb12d79a9a930c68c4f67873cafa1a8feb061df4,numpy+cuda,20,3f2aa3626ac74e989c9d04a3e31f3181e3b563da95b8820b3d86ad3cdbf08018,0.2662847186272979,0.2662847186272979,12000,0.29913300099697254,0.11163632511665553,1.0707888023798966,exact,240000,scasml,2,900,266400,900,266400,1,0,0,results/expert_iteration/artifacts/rows/d20_seed1_ckpt2500_n2_M10_rep0_scasml_exact.npz,0,2.8811486988323622,A,decision_d20_d100_d160,240000,12000,0.7376756961143915,-1.8275021572850885,1.8275968751048095,0.7414333897115915,1.95001627954656,1.3013655999675393
10,20261101,2500,cb12d79a9a930c68c4f67873cafa1a8feb061df4,numpy+cuda,20,3f2aa3626ac74e989c9d04a3e31f3181e3b563da95b8820b3d86ad3cdbf08018,9.66442256138248,-9.66442256138248,12000,9.667209201631284,2.787101176891863,26.76886563061421,exact,240000,scasml_noclip,2,900,266400,900,266400,1,0,0,results/expert_iteration/artifacts/rows/d20_seed1_ckpt2500_n2_M10_rep0_scasml_noclip_exact.npz,0,2.1170841636285553,A,decision_d20_d100_d160,240000,12000,0.546091904966045,-1.3053812015367237,1.3053812015367237,0.5448093978557892,1.4328828588121763,1.275070199975744
10,20261101,2500,cb12d79a9a930c68c4f67873cafa1a8feb061df4,numpy+cuda,20,,,,0,,0.07782606384886763,0.9959166070852501,none,0,surrogate,2,1,1200,1,1200,1,0,0,results/expert_iteration/artifacts/rows/d20_seed1_ckpt2500_n2_M10_rep0_surrogate_exact.npz,0,3.0200339199251443,A,decision_d20_d100_d160,0,0,0.7739931040721276,-1.9268006352169886,1.9270446188123902,0.7771740442281032,2.044016440742373,0.00162540003657341
10,20261101,2500,cb12d79a9a930c68c4f67873cafa1a8feb061df4,reference,20,,,,0,,,,none,0,f_zero,2,0,0,0,0,1,0,0,results/expert_iteration/artifacts/rows/d20_seed1_ckpt2500_n2_M10_rep1_f_zero_none.npz,1,0.09028047312286362,A,decision_d20_d100_d160,0,0,0.0235007607164868,0.06000378812677581,0.06000378812677581,0.023232732569262535,0.06110354262037796,4.559988155961037e-05
10,20261101,2500,cb12d79a9a930c68c4f67873cafa1a8feb061df4,numpy+none,20,219327b21984b3ba28be4c72c4fe8e30759addf2dac384ac00ca39c78a404aa9,,,12000,,2.7071842599819966,25.44531118911366,none,0,mlp_clip,2,0,0,0,0,1,0,0,results/expert_iteration/artifacts/rows/d20_seed1_ckpt2500_n2_M10_rep1_mlp_clip_none.npz,1,2.1662988755620263,A,decision_d20_d100_d160,240000,12000,0.5497586773927429,-1.3343528978437444,1.3343528978437444,0.5574742876295452,1.4661923126082805,0.16476929979398847
10,20261101,2500,cb12d79a9a930c68c4f67873cafa1a8feb061df4,numpy+none,20,219327b21984b3ba28be4c72c4fe8e30759addf2dac384ac00ca39c78a404aa9,,,12000,,2.7374789185738693,26.16565190815032,none,0,mlp,2,0,0,0,0,1,0,0,results/expert_iteration/artifacts/rows/d20_seed1_ckpt2500_n2_M10_rep1_mlp_none.npz,1,2.1662988755620263,A,decision_d20_d100_d160,240000,12000,0.5497586773927429,-1.3343528978437444,1.3343528978437444,0.5574742876295452,1.4661923126082805,0.16692330013029277
10,20261101,2500,cb12d79a9a930c68c4f67873cafa1a8feb061df4,numpy+cuda,20,219327b21984b3ba28be4c72c4fe8e30759addf2dac384ac00ca39c78a404aa9,1.509932225548146e-19,1.509932225548146e-19,12000,1.7651534169512334e-18,0.3539153639449422,3.206212755515802,exact,240000,oracle_state,2,900,266400,900,266400,1,0,0,results/expert_iteration/artifacts/rows/d20_seed1_ckpt2500_n2_M10_rep1_oracle_state_exact.npz,1,0.05844898951099188,A,decision_d20_d100_d160,240000,12000,0.015188910900587911,-0.0013468427858682483,0.031242178952263288,0.015041234225749846,0.03955938862706786,1.4111536000855267
10,20261101,2500,cb12d79a9a930c68c4f67873cafa1a8feb061df4,numpy+cuda,20,219327b21984b3ba28be4c72c4fe8e30759addf2dac384ac00ca39c78a404aa9,0.29591214941922994,0.29591214941922994,12000,0.30083891327716733,0.04510503843470474,0.738624118872531,exact,240000,path_clip,2,900,266400,900,266400,1,0,0,results/expert_iteration/artifacts/rows/d20_seed1_ckpt2500_n2_M10_rep1_path_clip_exact.npz,1,2.8811489436165387,A,decision_d20_d100_d160,240000,12000,0.7376757453626542,-1.8274847091305697,1.8276259812728035,0.7414334527042311,1.9500164452211501,1.2417116998694837
10,20261101,2500,cb12d79a9a930c68c4f67873cafa1a8feb061df4,numpy+cuda,20,219327b21984b3ba28be4c72c4fe8e30759addf2dac384ac00ca39c78a404aa9,0.030676093873169472,-0.030676093873169472,12000,0.04262104921898529,0.06520314839311071,0.6207084474588334,exact,240000,path,2,900,266400,900,266400,1,0,0,results/expert_iteration/artifacts/rows/d20_seed1_ckpt2500_n2_M10_rep1_path_exact.npz,1,0.05873437975920389,A,decision_d20_d100_d160,240000,12000,0.015401656340681358,-0.005228052024696909,0.03131127559816197,0.015114676411919627,0.03975254617921461,1.2707843999378383
10,20261101,2500,cb12d79a9a930c68c4f67873cafa1a8feb061df4,numpy+cuda,20,219327b21984b3ba28be4c72c4fe8e30759addf2dac384ac00ca39c78a404aa9,0.2660642416917802,0.2660642416917802,12000,0.29785512639058226,0.1111228174036517,1.0687290423616682,exact,240000,scasml,2,900,266400,900,266400,1,0,0,results/expert_iteration/artifacts/rows/d20_seed1_ckpt2500_n2_M10_rep1_scasml_exact.npz,1,2.881148943568899,A,decision_d20_d100_d160,240000,12000,0.7376757453626542,-1.8274848571466906,1.8276260207802257,0.7414334526919715,1.9500164451889066,1.2507096000481397
10,20261101,2500,cb12d79a9a930c68c4f67873cafa1a8feb061df4,numpy+cuda,20,219327b21984b3ba28be4c72c4fe8e30759addf2dac384ac00ca39c78a404aa9,9.609528320055125,-9.609528320055125,12000,9.613120603249193,2.7487148190307393,26.2758346801796,exact,240000,scasml_noclip,2,900,266400,900,266400,1,0,0,results/expert_iteration/artifacts/rows/d20_seed1_ckpt2500_n2_M10_rep1_scasml_noclip_exact.npz,1,2.178109363836606,A,decision_d20_d100_d160,240000,12000,0.5527116068080167,-1.3411257922011615,1.3411257922011615,0.5605135928757894,1.4741858758749586,1.2737269999925047
10,20261101,2500,cb12d79a9a930c68c4f67873cafa1a8feb061df4,numpy+cuda,20,,,,0,,0.07782606384886763,0.9959166070852501,none,0,surrogate,2,1,1200,1,1200,1,0,0,results/expert_iteration/artifacts/rows/d20_seed1_ckpt2500_n2_M10_rep1_surrogate_exact.npz,1,3.0200339199251443,A,decision_d20_d100_d160,0,0,0.7739931040721276,-1.9268006352169886,1.9270446188123902,0.7771740442281032,2.044016440742373,0.0017775001469999552
10,20261101,2500,cb12d79a9a930c68c4f67873cafa1a8feb061df4,reference,20,,,,0,,,,none,0,f_zero,2,0,0,0,0,1,0,0,results/expert_iteration/artifacts/rows/d20_seed1_ckpt2500_n2_M10_rep2_f_zero_none.npz,2,0.09028047312286362,A,decision_d20_d100_d160,0,0,0.0235007607164868,0.06000378812677581,0.06000378812677581,0.023232732569262535,0.06110354262037796,3.769993782043457e-05
10,20261101,2500,cb12d79a9a930c68c4f67873cafa1a8feb061df4,numpy+none,20,69fbc250662549ff2cccdea8f0eec2258033cdbb8f2dd5fc7ab3514ba0556270,,,12000,,2.712982889933374,25.46554538372609,none,0,mlp_clip,2,0,0,0,0,1,0,0,results/expert_iteration/artifacts/rows/d20_seed1_ckpt2500_n2_M10_rep2_mlp_clip_none.npz,2,2.142687434255261,A,decision_d20_d100_d160,240000,12000,0.5531610481410297,-1.3192691130183016,1.3193036193331873,0.551398130931647,1.4502116397084714,0.16676779999397695
10,20261101,2500,cb12d79a9a930c68c4f67873cafa1a8feb061df4,numpy+none,20,69fbc250662549ff2cccdea8f0eec2258033cdbb8f2dd5fc7ab3514ba0556270,,,12000,,2.743674384400907,26.211688573820606,none,0,mlp,2,0,0,0,0,1,0,0,results/expert_iteration/artifacts/rows/d20_seed1_ckpt2500_n2_M10_rep2_mlp_none.npz,2,2.142687434255261,A,decision_d20_d100_d160,240000,12000,0.5531610481410297,-1.3192691130183016,1.3193036193331873,0.551398130931647,1.4502116397084714,0.16785919992253184
10,20261101,2500,cb12d79a9a930c68c4f67873cafa1a8feb061df4,numpy+cuda,20,69fbc250662549ff2cccdea8f0eec2258033cdbb8f2dd5fc7ab3514ba0556270,5.88360378935467e-20,-5.88360378935467e-20,12000,1.4443018540403567e-18,0.3600556569425108,3.26046787543081,exact,240000,oracle_state,2,900,266400,900,266400,1,0,0,results/expert_iteration/artifacts/rows/d20_seed1_ckpt2500_n2_M10_rep2_oracle_state_exact.npz,2,0.05803487487111725,A,decision_d20_d100_d160,240000,12000,0.015137981547102159,-0.00012391905638608613,0.031120911749864803,0.01493466616791379,0.03927910795648624,1.4105183999054134
10,20261101,2500,cb12d79a9a930c68c4f67873cafa1a8feb061df4,numpy+cuda,20,69fbc250662549ff2cccdea8f0eec2258033cdbb8f2dd5fc7ab3514ba0556270,0.29550817662366,0.29550817662366,12000,0.30059189850242946,0.04509320268948103,0.7385247093775937,exact,240000,path_clip,2,900,266400,900,266400,1,0,0,results/expert_iteration/artifacts/rows/d20_seed1_ckpt2500_n2_M10_rep2_path_clip_exact.npz,2,2.881148600630529,A,decision_d20_d100_d160,240000,12000,0.7376756821535959,-1.8275182136040715,1.8275833551456435,0.7414333644403801,1.9500162130816903,1.2565127999987453
10,20261101,2500,cb12d79a9a930c68c4f67873cafa1a8feb061df4,numpy+cuda,20,69fbc250662549ff2cccdea8f0eec2258033cdbb8f2dd5fc7ab3514ba0556270,0.029547061201033686,-0.029547061201033686,12000,0.041820398204754236,0.06511569449063079,0.6228797882646462,exact,240000,path,2,900,266400,900,266400,1,0,0,results/expert_iteration/artifacts/rows/d20_seed1_ckpt2500_n2_M10_rep2_path_exact.npz,2,0.05795952407296064,A,decision_d20_d100_d160,240000,12000,0.014949351811820017,-0.0038692165788038204,0.031110747209693777,0.014915275430560539,0.03922810910205649,1.2379978999961168
10,20261101,2500,cb12d79a9a930c68c4f67873cafa1a8feb061df4,numpy+cuda,20,69fbc250662549ff2cccdea8f0eec2258033cdbb8f2dd5fc7ab3514ba0556270,0.265339016269921,0.265339016269921,12000,0.2978502620252435,0.11162767227320662,1.0723287080734198,exact,240000,scasml,2,900,266400,900,266400,1,0,0,results/expert_iteration/artifacts/rows/d20_seed1_ckpt2500_n2_M10_rep2_scasml_exact.npz,2,2.8811486003953304,A,decision_d20_d100_d160,240000,12000,0.7376756819578376,-1.8275184187385611,1.8275833816537166,0.7414333643798541,1.9500162129225034,1.2701399999205023
10,20261101,2500,cb12d79a9a930c68c4f67873cafa1a8feb061df4,numpy+cuda,20,69fbc250662549ff2cccdea8f0eec2258033cdbb8f2dd5fc7ab3514ba0556270,9.617933062454764,-9.617933062454764,12000,9.620901532838534,2.7546996022528494,26.32193614383947,exact,240000,scasml_noclip,2,900,266400,900,266400,1,0,0,results/expert_iteration/artifacts/rows/d20_seed1_ckpt2500_n2_M10_rep2_scasml_noclip_exact.npz,2,2.1543294463083797,A,decision_d20_d100_d160,240000,12000,0.5568424922380922,-1.325777826060907,1.3258115495396965,0.5543940805898874,1.4580911750616654,1.249820000026375
10,20261101,2500,cb12d79a9a930c68c4f67873cafa1a8feb061df4,numpy+cuda,20,,,,0,,0.07782606384886763,0.9959166070852501,none,0,surrogate,2,1,1200,1,1200,1,0,0,results/expert_iteration/artifacts/rows/d20_seed1_ckpt2500_n2_M10_rep2_surrogate_exact.npz,2,3.0200339199251443,A,decision_d20_d100_d160,0,0,0.7739931040721276,-1.9268006352169886,1.9270446188123902,0.7771740442281032,2.044016440742373,0.0017039000522345304
10,20261101,2500,cb12d79a9a930c68c4f67873cafa1a8feb061df4,reference,20,,,,0,,,,none,0,f_zero,2,0,0,0,0,1,0,0,results/expert_iteration/artifacts/rows/d20_seed1_ckpt2500_n2_M10_rep3_f_zero_none.npz,3,0.09028047312286362,A,decision_d20_d100_d160,0,0,0.0235007607164868,0.06000378812677581,0.06000378812677581,0.023232732569262535,0.06110354262037796,3.7899939343333244e-05
10,20261101,2500,cb12d79a9a930c68c4f67873cafa1a8feb061df4,numpy+none,20,45af369d1438daea79adc3607271b0faa07b178c8b8d758b5a25c576c07463b9,,,12000,,2.7592746878883676,25.86428122598607,none,0,mlp_clip,2,0,0,0,0,1,0,0,results/expert_iteration/artifacts/rows/d20_seed1_ckpt2500_n2_M10_rep3_mlp_clip_none.npz,3,2.1350171108639997,A,decision_d20_d100_d160,240000,12000,0.5399453463011825,-1.3190776468589298,1.319103962619121,0.5494242536810657,1.4450202188392856,0.16928029991686344
10,20261101,2500,cb12d79a9a930c68c4f67873cafa1a8feb061df4,numpy+none,20,45af369d1438daea79adc3607271b0faa07b178c8b8d758b5a25c576c07463b9,,,12000,,2.7950561487445174,26.718270123286917,none,0,mlp,2,0,0,0,0,1,0,0,results/expert_iteration/artifacts/rows/d20_seed1_ckpt2500_n2_M10_rep3_mlp_none.npz,3,2.1350171108639997,A,decision_d20_d100_d160,240000,12000,0.5399453463011825,-1.3190776468589298,1.319103962619121,0.5494242536810657,1.4450202188392856,0.16973450011573732
10,20261101,2500,cb12d79a9a930c68c4f67873cafa1a8feb061df4,numpy+cuda,20,45af369d1438daea79adc3607271b0faa07b178c8b8d758b5a25c576c07463b9,5.1029782251651077e-20,-5.1029782251651077e-20,12000,1.4966326788989903e-18,0.3571121810682107,3.2263287096595237,exact,240000,oracle_state,2,900,266400,900,266400,1,0,0,results/expert_iteration/artifacts/rows/d20_seed1_ckpt2500_n2_M10_rep3_oracle_state_exact.npz,3,0.05910327995612096,A,decision_d20_d100_d160,240000,12000,0.01609815254574308,0.0013871758932590987,0.032266415680502966,0.015209609007233553,0.040002224854184684,1.4165220998693258
10,20261101,2500,cb12d79a9a930c68c4f67873cafa1a8feb061df4,numpy+cuda,20,45af369d1438daea79adc3607271b0faa07b178c8b8d758b5a25c576c07463b9,0.297225835863821,0.297225835863821,12000,0.30238525358129664,0.045214848030120526,0.7386625174720695,exact,240000,path_clip,2,900,266400,900,266400,1,0,0,results/expert_iteration/artifacts/rows/d20_seed1_ckpt2500_n2_M10_rep3_path_clip_exact.npz,3,2.8811492578383935,A,decision_d20_d100_d160,240000,12000,0.7376757453626542,-1.827511755886729,1.8276510778030817,0.7414335335659288,1.9500166578924825,1.289397899992764
10,20261101,2500,cb12d79a9a930c68c4f67873cafa1a8feb061df4,numpy+cuda,20,45af369d1438daea79adc3607271b0faa07b178c8b8d758b5a25c576c07463b9,0.03020326085473335,-0.03020326085473335,12000,0.04241845506578384,0.0656160547488697,0.6270231411680549,exact,240000,path,2,900,266400,900,266400,1,0,0,results/expert_iteration/artifacts/rows/d20_seed1_ckpt2500_n2_M10_rep3_path_exact.npz,3,0.05863280755273373,A,decision_d20_d100_d160,240000,12000,0.016238879038968614,-0.002439043065279141,0.03185250150814146,0.015088537870242075,0.03968380017653639,1.242712700041011
10,20261101,2500,cb12d79a9a930c68c4f67873cafa1a8feb061df4,numpy+cuda,20,45af369d1438daea79adc3607271b0faa07b178c8b8d758b5a25c576c07463b9,0.2670306290423275,0.2670306290423275,12000,0.29994096414917193,0.11132318444498492,1.068398130185794,exact,240000,scasml,2,900,266400,900,266400,1,0,0,results/expert_iteration/artifacts/rows/d20_seed1_ckpt2500_n2_M10_rep3_scasml_exact.npz,3,2.8811492561279333,A,decision_d20_d100_d160,240000,12000,0.7376757453626542,-1.8275119013810186,1.8276509835335855,0.7414335331257598,1.9500166567348103,1.2598739999812096
10,20261101,2500,cb12d79a9a930c68c4f67873cafa1a8feb061df4,numpy+cuda,20,45af369d1438daea79adc3607271b0faa07b178c8b8d758b5a25c576c07463b9,9.674349495742195,-9.674349495742195,12000,9.677574046396606,2.8073639899856344,26.84377334794843,exact,240000,scasml_noclip,2,900,266400,900,266400,1,0,0,results/expert_iteration/artifacts/rows/d20_seed1_ckpt2500_n2_M10_rep3_scasml_noclip_exact.npz,3,2.1483129889889834,A,decision_d20_d100_d160,240000,12000,0.5424107677382806,-1.3264539551786183,1.3264813957071273,0.5528458084211573,1.4540191222298298,1.2561184999067336
10,20261101,2500,cb12d79a9a930c68c4f67873cafa1a8feb061df4,numpy+cuda,20,,,,0,,0.07782606384886763,0.9959166070852501,none,0,surrogate,2,1,1200,1,1200,1,0,0,results/expert_iteration/artifacts/rows/d20_seed1_ckpt2500_n2_M10_rep3_surrogate_exact.npz,3,3.0200339199251443,A,decision_d20_d100_d160,0,0,0.7739931040721276,-1.9268006352169886,1.9270446188123902,0.7771740442281032,2.044016440742373,0.0015028000343590975
10,20261101,2500,cb12d79a9a930c68c4f67873cafa1a8feb061df4,reference,20,,,,0,,,,none,0,f_zero,2,0,0,0,0,1,0,0,results/expert_iteration/artifacts/rows/d20_seed1_ckpt2500_n2_M10_rep4_f_zero_none.npz,4,0.09028047312286362,A,decision_d20_d100_d160,0,0,0.0235007607164868,0.06000378812677581,0.06000378812677581,0.023232732569262535,0.06110354262037796,3.8499943912029266e-05
10,20261101,2500,cb12d79a9a930c68c4f67873cafa1a8feb061df4,numpy+none,20,91b67f6797ad088b38f4b1e8deb2be5b96439fa1aeed192492ed4f06f49dc3c7,,,12000,,2.755755083646105,25.92175277371491,none,0,mlp_clip,2,0,0,0,0,1,0,0,results/expert_iteration/artifacts/rows/d20_seed1_ckpt2500_n2_M10_rep4_mlp_clip_none.npz,4,2.1220706969330636,A,decision_d20_d100_d160,240000,12000,0.5321084608182014,-1.3048414668547466,1.3048476411316325,0.5460926298848648,1.4362578394670216,0.16906740004196763
10,20261101,2500,cb12d79a9a930c68c4f67873cafa1a8feb061df4,numpy+none,20,91b67f6797ad088b38f4b1e8deb2be5b96439fa1aeed192492ed4f06f49dc3c7,,,12000,,2.7885866175722294,26.696584718228728,none,0,mlp,2,0,0,0,0,1,0,0,results/expert_iteration/artifacts/rows/d20_seed1_ckpt2500_n2_M10_rep4_mlp_none.npz,4,2.1220706969330636,A,decision_d20_d100_d160,240000,12000,0.5321084608182014,-1.3048414668547466,1.3048476411316325,0.5460926298848648,1.4362578394670216,0.16272240015678108
10,20261101,2500,cb12d79a9a930c68c4f67873cafa1a8feb061df4,numpy+cuda,20,91b67f6797ad088b38f4b1e8deb2be5b96439fa1aeed192492ed4f06f49dc3c7,6.47630097698008e-20,-6.47630097698008e-20,12000,1.5501199860749418e-18,0.3595630613065532,3.2481957111041324,exact,240000,oracle_state,2,900,266400,900,266400,1,0,0,results/expert_iteration/artifacts/rows/d20_seed1_ckpt2500_n2_M10_rep4_oracle_state_exact.npz,4,0.06110458744140119,A,decision_d20_d100_d160,240000,12000,0.014866463163981613,-0.00010127016823262813,0.032441992944558996,0.01572462449160194,0.04135674785338164,1.4274689999874681
10,20261101,2500,cb12d79a9a930c68c4f67873cafa1a8feb061df4,numpy+cuda,20,91b67f6797ad088b38f4b1e8deb2be5b96439fa1aeed192492ed4f06f49dc3c7,0.2964933705484588,0.2964933705484588,12000,0.3017579259137031,0.045279230170789865,0.7389119012607465,exact,240000,path_clip,2,900,266400,900,266400,1,0,0,results/expert_iteration/artifacts/rows/d20_seed1_ckpt2500_n2_M10_rep4_path_clip_exact.npz,4,2.881149839400539,A,decision_d20_d100_d160,240000,12000,0.737675676604842,-1.8274177101294213,1.8276680907779248,0.7414336832248455,1.950017051504812,1.2458623999264091
10,20261101,2500,cb12d79a9a930c68c4f67873cafa1a8feb061df4,numpy+cuda,20,91b67f6797ad088b38f4b1e8deb2be5b96439fa1aeed192492ed4f06f49dc3c7,0.030262115159125382,-0.030262115159125382,12000,0.04237631221364413,0.06520580627046806,0.6209693825041865,exact,240000,path,2,900,266400,900,266400,1,0,0,results/expert_iteration/artifacts/rows/d20_seed1_ckpt2500_n2_M10_rep4_path_exact.npz,4,0.061141863040772945,A,decision_d20_d100_d160,240000,12000,0.014787473926969857,-0.003700526889365646,0.0324882186651012,0.015734216976018636,0.041381976688545284,1.2526189999189228
10,20261101,2500,cb12d79a9a930c68c4f67873cafa1a8feb061df4,numpy+cuda,20,91b67f6797ad088b38f4b1e8deb2be5b96439fa1aeed192492ed4f06f49dc3c7,0.2665893312850718,0.2665893312850718,12000,0.29951731667416404,0.1121949130807944,1.075549534144755,exact,240000,scasml,2,900,266400,900,266400,1,0,0,results/expert_iteration/artifacts/rows/d20_seed1_ckpt2500_n2_M10_rep4_scasml_exact.npz,4,2.88114983803898,A,decision_d20_d100_d160,240000,12000,0.7376756764837178,-1.8274178307074065,1.8276680037296078,0.7414336828744625,1.950017050583283,1.2676240000873804
10,20261101,2500,cb12d79a9a930c68c4f67873cafa1a8feb061df4,numpy+cuda,20,91b67f6797ad088b38f4b1e8deb2be5b96439fa1aeed192492ed4f06f49dc3c7,9.62124586181952,-9.62124586181952,12000,9.625128972595197,2.8012994279899868,26.822837296997758,exact,240000,scasml_noclip,2,900,266400,900,266400,1,0,0,results/expert_iteration/artifacts/rows/d20_seed1_ckpt2500_n2_M10_rep4_scasml_noclip_exact.npz,4,2.1341811486649496,A,decision_d20_d100_d160,240000,12000,0.5353987373895586,-1.3117041867207946,1.3117104426360866,0.5492091275797423,1.4444544237111498,1.25943660014309
10,20261101,2500,cb12d79a9a930c68c4f67873cafa1a8feb061df4,numpy+cuda,20,,,,0,,0.07782606384886763,0.9959166070852501,none,0,surrogate,2,1,1200,1,1200,1,0,0,results/expert_iteration/artifacts/rows/d20_seed1_ckpt2500_n2_M10_rep4_surrogate_exact.npz,4,3.0200339199251443,A,decision_d20_d100_d160,0,0,0.7739931040721276,-1.9268006352169886,1.9270446188123902,0.7771740442281032,2.044016440742373,0.0015884998720139265
10,20261101,500,cb12d79a9a930c68c4f67873cafa1a8feb061df4,numpy+cuda,20,3a41e589667a1ce2138d6738a894ca5bf529bb45ea84594d5762a65532614ec7,0.02972333090403325,-0.02972333090403325,12000,0.042346369815856814,0.0649217484386176,0.6195585454816971,exact,240000,path,2,900,266400,900,266400,1,0,0,results/expert_iteration/artifacts/rows/d20_seed1_ckpt500_n2_M10_rep0_path_exact.npz,0,0.06008015283142717,A,decision_d20_d100_d160,240000,12000,0.01513658633228967,-0.003747122999306658,0.031971768013370844,0.015460996992709315,0.040663391010123305,1.263067599851638
10,20261101,500,cb12d79a9a930c68c4f67873cafa1a8feb061df4,numpy+cuda,20,3a41e589667a1ce2138d6738a894ca5bf529bb45ea84594d5762a65532614ec7,9.667457007345396,-9.667457007345396,12000,9.670300928362346,2.8128845779863987,26.935866358153095,exact,240000,scasml_noclip,2,900,266400,900,266400,1,0,0,results/expert_iteration/artifacts/rows/d20_seed1_ckpt500_n2_M10_rep0_scasml_noclip_exact.npz,0,2.16925974468701,A,decision_d20_d100_d160,240000,12000,0.5458508170764698,-1.3361966029640002,1.3362227770106385,0.55823623623453,1.4681962851896557,1.2845564999151975
10,20261101,500,cb12d79a9a930c68c4f67873cafa1a8feb061df4,numpy+cuda,20,,,,0,,0.07830668434186486,1.0033476780353217,none,0,surrogate,2,1,1200,1,1200,1,0,0,results/expert_iteration/artifacts/rows/d20_seed1_ckpt500_n2_M10_rep0_surrogate_exact.npz,0,3.03311967559807,A,decision_d20_d100_d160,0,0,0.7773957161853197,-1.9353516494191063,1.935623772307907,0.7805415261596841,2.0528731292578652,0.0012255001347512007
10,20261101,500,cb12d79a9a930c68c4f67873cafa1a8feb061df4,numpy+cuda,20,0fa57395955c00f9bdce7eaf3369f778c5bf2a618a9dbbc68b499b23475369ed,0.030009718440669426,-0.030009718440669426,12000,0.042606214474119504,0.06472289969023588,0.6164204227749688,exact,240000,path,2,900,266400,900,266400,1,0,0,results/expert_iteration/artifacts/rows/d20_seed1_ckpt500_n2_M10_rep1_path_exact.npz,1,0.06032205357637617,A,decision_d20_d100_d160,240000,12000,0.014804036855837194,-0.004856059604895516,0.03224862771730271,0.01552324761148994,0.040827114038676525,1.2465367000550032
10,20261101,500,cb12d79a9a930c68c4f67873cafa1a8feb061df4,numpy+cuda,20,0fa57395955c00f9bdce7eaf3369f778c5bf2a618a9dbbc68b499b23475369ed,9.577587826091168,-9.577587826091168,12000,9.580750622263723,2.7824872061849013,26.65513127636543,exact,240000,scasml_noclip,2,900,266400,900,266400,1,0,0,results/expert_iteration/artifacts/rows/d20_seed1_ckpt500_n2_M10_rep1_scasml_noclip_exact.npz,1,2.1391550841807083,A,decision_d20_d100_d160,240000,12000,0.554271833923384,-1.3137835953443386,1.3137956985528305,0.5504891177000547,1.4478208779427817,1.2649576999247074
10,20261101,500,cb12d79a9a930c68c4f67873cafa1a8feb061df4,numpy+cuda,20,,,,0,,0.07830668434186486,1.0033476780353217,none,0,surrogate,2,1,1200,1,1200,1,0,0,results/expert_iteration/artifacts/rows/d20_seed1_ckpt500_n2_M10_rep1_surrogate_exact.npz,1,3.03311967559807,A,decision_d20_d100_d160,0,0,0.7773957161853197,-1.9353516494191063,1.935623772307907,0.7805415261596841,2.0528731292578652,0.0013999000657349825
10,20261101,500,cb12d79a9a930c68c4f67873cafa1a8feb061df4,numpy+cuda,20,5ef7d2b2e5894f2ad1b1de3acf156db5978462617ffd6098635610cc79e26ffd,0.030406275074852364,-0.030406275074852364,12000,0.042872968550777546,0.06469516927910637,0.6172801213612584,exact,240000,path,2,900,266400,900,266400,1,0,0,results/expert_iteration/artifacts/rows/d20_seed1_ckpt500_n2_M10_rep2_path_exact.npz,2,0.059845124981572594,A,decision_d20_d100_d160,240000,12000,0.01571382142758937,-0.0012723060672104017,0.03156488982630548,0.015400515041373406,0.04050431968778962,1.2548990000505
10,20261101,500,cb12d79a9a930c68c4f67873cafa1a8feb061df4,numpy+cuda,20,5ef7d2b2e5894f2ad1b1de3acf156db5978462617ffd6098635610cc79e26ffd,9.682304702325563,-9.682304702325563,12000,9.685655320729781,2.765117714533976,26.431461320825367,exact,240000,scasml_noclip,2,900,266400,900,266400,1,0,0,results/expert_iteration/artifacts/rows/d20_seed1_ckpt500_n2_M10_rep2_scasml_noclip_exact.npz,2,2.1335270785746943,A,decision_d20_d100_d160,240000,12000,0.5556626498453135,-1.3132086592909513,1.3132137688258594,0.5490408095042735,1.4440117366244059,1.2610471998341382
10,20261101,500,cb12d79a9a930c68c4f67873cafa1a8feb061df4,numpy+cuda,20,,,,0,,0.07830668434186486,1.0033476780353217,none,0,surrogate,2,1,1200,1,1200,1,0,0,results/expert_iteration/artifacts/rows/d20_seed1_ckpt500_n2_M10_rep2_surrogate_exact.npz,2,3.03311967559807,A,decision_d20_d100_d160,0,0,0.7773957161853197,-1.9353516494191063,1.935623772307907,0.7805415261596841,2.0528731292578652,0.0014983001165091991
10,20261101,500,cb12d79a9a930c68c4f67873cafa1a8feb061df4,numpy+cuda,20,7e512e46bd20141fa01d1c1cae299e3cf9bb44020044f4bd4956278367897ca5,0.02968492951879548,-0.02968492951879548,12000,0.0421232368136571,0.06518292986044598,0.6220056490373644,exact,240000,path,2,900,266400,900,266400,1,0,0,results/expert_iteration/artifacts/rows/d20_seed1_ckpt500_n2_M10_rep3_path_exact.npz,3,0.059883412264837746,A,decision_d20_d100_d160,240000,12000,0.014907405832039661,-0.004718928174610639,0.03156337695252117,0.015410367872025857,0.04053023324986884,1.2480259998701513
10,20261101,500,cb12d79a9a930c68c4f67873cafa1a8feb061df4,numpy+cuda,20,7e512e46bd20141fa01d1c1cae299e3cf9bb44020044f4bd4956278367897ca5,9.572930251463891,-9.572930251463891,12000,9.576719743041526,2.749390654725142,26.26788282812313,exact,240000,scasml_noclip,2,900,266400,900,266400,1,0,0,results/expert_iteration/artifacts/rows/d20_seed1_ckpt500_n2_M10_rep3_scasml_noclip_exact.npz,3,2.136015611280796,A,decision_d20_d100_d160,240000,12000,0.5525830233327657,-1.3151402155041594,1.3151491633066006,0.5496812072874359,1.4456960229269662,1.265718000009656
10,20261101,500,cb12d79a9a930c68c4f67873cafa1a8feb061df4,numpy+cuda,20,,,,0,,0.07830668434186486,1.0033476780353217,none,0,surrogate,2,1,1200,1,1200,1,0,0,results/expert_iteration/artifacts/rows/d20_seed1_ckpt500_n2_M10_rep3_surrogate_exact.npz,3,3.03311967559807,A,decision_d20_d100_d160,0,0,0.7773957161853197,-1.9353516494191063,1.935623772307907,0.7805415261596841,2.0528731292578652,0.0014806999824941158
10,20261101,500,cb12d79a9a930c68c4f67873cafa1a8feb061df4,numpy+cuda,20,6ceded22996e8b468b4beea7eeff84b2a2f41c12c064de7f406270b3ec89aad1,0.03102825614025724,-0.03102825614025724,12000,0.04325254635581963,0.06451280394642563,0.6189319652292006,exact,240000,path,2,900,266400,900,266400,1,0,0,results/expert_iteration/artifacts/rows/d20_seed1_ckpt500_n2_M10_rep4_path_exact.npz,4,0.05780021778086252,A,decision_d20_d100_d160,240000,12000,0.015670258011621682,-0.0019567857669865645,0.030791284730345928,0.01487427962767103,0.03912028757130682,1.2748777999076992
10,20261101,500,cb12d79a9a930c68c4f67873cafa1a8feb061df4,numpy+cuda,20,6ceded22996e8b468b4beea7eeff84b2a2f41c12c064de7f406270b3ec89aad1,9.804946800954326,-9.804946800954326,12000,9.808568278236494,2.8041251327047734,26.989845841893082,exact,240000,scasml_noclip,2,900,266400,900,266400,1,0,0,results/expert_iteration/artifacts/rows/d20_seed1_ckpt500_n2_M10_rep4_scasml_noclip_exact.npz,4,2.1583751375430986,A,decision_d20_d100_d160,240000,12000,0.5628884356074858,-1.3305979228420854,1.330703821997247,0.5554351967832655,1.4608293758955615,1.2671656999737024
10,20261101,500,cb12d79a9a930c68c4f67873cafa1a8feb061df4,numpy+cuda,20,,,,0,,0.07830668434186486,1.0033476780353217,none,0,surrogate,2,1,1200,1,1200,1,0,0,results/expert_iteration/artifacts/rows/d20_seed1_ckpt500_n2_M10_rep4_surrogate_exact.npz,4,3.03311967559807,A,decision_d20_d100_d160,0,0,0.7773957161853197,-1.9353516494191063,1.935623772307907,0.7805415261596841,2.0528731292578652,0.0013550999574363232
10,20261101,1000,cb12d79a9a930c68c4f67873cafa1a8feb061df4,numpy+cuda,20,7b78410aff047c29f22d3ec9736d7d3c5ae1b383d525a106f7996182238d4c4f,0.030974993763696324,-0.030974993763696324,12000,0.04283659009165218,0.0668610819042766,0.6326770187306798,exact,240000,path,2,900,266400,900,266400,2,0,0,results/expert_iteration/artifacts/rows/d20_seed2_ckpt1000_n2_M10_rep0_path_exact.npz,0,0.062054566968778,A,decision_d20_d100_d160,240000,12000,0.014323910666919236,-0.0033368637719743367,0.0331721789492616,0.01596909175614301,0.04199971207955001,1.2396617999766022
10,20261101,1000,cb12d79a9a930c68c4f67873cafa1a8feb061df4,numpy+cuda,20,7b78410aff047c29f22d3ec9736d7d3c5ae1b383d525a106f7996182238d4c4f,9.46910912867148,-9.46910912867148,12000,9.471374845946556,2.740790070807759,26.175630900659733,exact,240000,scasml_noclip,2,900,266400,900,266400,2,0,0,results/expert_iteration/artifacts/rows/d20_seed2_ckpt1000_n2_M10_rep0_scasml_noclip_exact.npz,0,2.140648345720915,A,decision_d20_d100_d160,240000,12000,0.5234503968653988,-1.3151106850597165,1.3151292321044894,0.550873392890686,1.4488315457761372,1.2569401999935508
10,20261101,1000,cb12d79a9a930c68c4f67873cafa1a8feb061df4,numpy+cuda,20,,,,0,,0.07775922472683491,1.0012117572790717,none,0,surrogate,2,1,1200,1,1200,2,0,0,results/expert_iteration/artifacts/rows/d20_seed2_ckpt1000_n2_M10_rep0_surrogate_exact.npz,0,3.016023448487522,A,decision_d20_d100_d160,0,0,0.7728594883702927,-1.924746927874258,1.9250439837718292,0.7761419914799954,2.0413020773375306,0.001196000026538968
10,20261101,1000,cb12d79a9a930c68c4f67873cafa1a8feb061df4,numpy+cuda,20,d789f28636827d86152406f09529e94554252312bae6c17b6b87ae02fd5305f7,0.030579842152352408,-0.030579842152352408,12000,0.042768135792976,0.06555044532816805,0.6175231077917334,exact,240000,path,2,900,266400,900,266400,2,0,0,results/expert_iteration/artifacts/rows/d20_seed2_ckpt1000_n2_M10_rep1_path_exact.npz,1,0.059477213600817244,A,decision_d20_d100_d160,240000,12000,0.015319805372462632,-0.0028612764677657214,0.03159712932384555,0.015305836907524411,0.04025531026241906,1.269176300149411
10,20261101,1000,cb12d79a9a930c68c4f67873cafa1a8feb061df4,numpy+cuda,20,d789f28636827d86152406f09529e94554252312bae6c17b6b87ae02fd5305f7,9.576869217532881,-9.576869217532881,12000,9.579438869977254,2.776695222113088,26.428529556822077,exact,240000,scasml_noclip,2,900,266400,900,266400,2,0,0,results/expert_iteration/artifacts/rows/d20_seed2_ckpt1000_n2_M10_rep1_scasml_noclip_exact.npz,1,2.1285257013131993,A,decision_d20_d100_d160,240000,12000,0.5480595169812245,-1.3133208096715299,1.3133309505839672,0.5477537575386048,1.44062670929693,1.2642804000061005
10,20261101,1000,cb12d79a9a930c68c4f67873cafa1a8feb061df4,numpy+cuda,20,,,,0,,0.07775922472683491,1.0012117572790717,none,0,surrogate,2,1,1200,1,1200,2,0,0,results/expert_iteration/artifacts/rows/d20_seed2_ckpt1000_n2_M10_rep1_surrogate_exact.npz,1,3.016023448487522,A,decision_d20_d100_d160,0,0,0.7728594883702927,-1.924746927874258,1.9250439837718292,0.7761419914799954,2.0413020773375306,0.0014778999611735344
10,20261101,1000,cb12d79a9a930c68c4f67873cafa1a8feb061df4,numpy+cuda,20,d7e4c2ee5e103142089bbb18af721dcb60c1bc5b6e63ae42cd92e1ecd8b6d83e,0.03085046528783423,-0.03085046528783423,12000,0.0427765630228067,0.06695733351111427,0.6346064712873631,exact,240000,path,2,900,266400,900,266400,2,0,0,results/expert_iteration/artifacts/rows/d20_seed2_ckpt1000_n2_M10_rep2_path_exact.npz,2,0.061196474045031944,A,decision_d20_d100_d160,240000,12000,0.014826822156745214,-0.006528832543699827,0.03255045054017153,0.015748270545006486,0.04141893845570107,1.2580553998705
10,20261101,1000,cb12d79a9a930c68c4f67873cafa1a8feb061df4,numpy+cuda,20,d7e4c2ee5e103142089bbb18af721dcb60c1bc5b6e63ae42cd92e1ecd8b6d83e,9.57518563668586,-9.57518563668586,12000,9.579304166016477,2.7736934364127825,26.53224772875701,exact,240000,scasml_noclip,2,900,266400,900,266400,2,0,0,results/expert_iteration/artifacts/rows/d20_seed2_ckpt1000_n2_M10_rep2_scasml_noclip_exact.npz,2,2.1629970558742535,A,decision_d20_d100_d160,240000,12000,0.5546097180470013,-1.3293427809220442,1.3293510237649064,0.5566245989743521,1.4639575781963101,1.2519958999473602
10,20261101,1000,cb12d79a9a930c68c4f67873cafa1a8feb061df4,numpy+cuda,20,,,,0,,0.07775922472683491,1.0012117572790717,none,0,surrogate,2,1,1200,1,1200,2,0,0,results/expert_iteration/artifacts/rows/d20_seed2_ckpt1000_n2_M10_rep2_surrogate_exact.npz,2,3.016023448487522,A,decision_d20_d100_d160,0,0,0.7728594883702927,-1.924746927874258,1.9250439837718292,0.7761419914799954,2.0413020773375306,0.001457700040191412
10,20261101,1000,cb12d79a9a930c68c4f67873cafa1a8feb061df4,numpy+cuda,20,a3310de07f2727992afc9a8a535a4de193eac3ea13829be6798ce7d680b7dfcf,0.03193532140023362,-0.03193532140023362,12000,0.04371302842021426,0.06588422163107951,0.6235108037323306,exact,240000,path,2,900,266400,900,266400,2,0,0,results/expert_iteration/artifacts/rows/d20_seed2_ckpt1000_n2_M10_rep3_path_exact.npz,3,0.05803647088467564,A,decision_d20_d100_d160,240000,12000,0.017353735520318818,-0.0035492677955843337,0.0306944056794187,0.014935076885258268,0.039280188168841296,1.2767310999333858
10,20261101,1000,cb12d79a9a930c68c4f67873cafa1a8feb061df4,numpy+cuda,20,a3310de07f2727992afc9a8a535a4de193eac3ea13829be6798ce7d680b7dfcf,9.751162110504948,-9.751162110504948,12000,9.754001653155827,2.8068560380529677,26.81536016270205,exact,240000,scasml_noclip,2,900,266400,900,266400,2,0,0,results/expert_iteration/artifacts/rows/d20_seed2_ckpt1000_n2_M10_rep3_scasml_noclip_exact.npz,3,2.130015344062878,A,decision_d20_d100_d160,240000,12000,0.5403149539674718,-1.3104214534584357,1.3104323183404478,0.5481371014714607,1.4416349278639755,1.2498967999126762
10,20261101,1000,cb12d79a9a930c68c4f67873cafa1a8feb061df4,numpy+cuda,20,,,,0,,0.07775922472683491,1.0012117572790717,none,0,surrogate,2,1,1200,1,1200,2,0,0,results/expert_iteration/artifacts/rows/d20_seed2_ckpt1000_n2_M10_rep3_surrogate_exact.npz,3,3.016023448487522,A,decision_d20_d100_d160,0,0,0.7728594883702927,-1.924746927874258,1.9250439837718292,0.7761419914799954,2.0413020773375306,0.0018692000303417444
10,20261101,1000,cb12d79a9a930c68c4f67873cafa1a8feb061df4,numpy+cuda,20,5df6c9d29c3960efa8be94abe7fce09865dda80e20930f3370cfbb2baa2439dc,0.03144784478760891,-0.03144784478760891,12000,0.04346246929774775,0.06619562177939825,0.6238992935651018,exact,240000,path,2,900,266400,900,266400,2,0,0,results/expert_iteration/artifacts/rows/d20_seed2_ckpt1000_n2_M10_rep4_path_exact.npz,4,0.0597272401967023,A,decision_d20_d100_d160,240000,12000,0.01651148198433874,-0.002246848973119957,0.03189606580854674,0.015370178628790043,0.040424533021554354,1.2552137000020593
10,20261101,1000,cb12d79a9a930c68c4f67873cafa1a8feb061df4,numpy+cuda,20,5df6c9d29c3960efa8be94abe7fce09865dda80e20930f3370cfbb2baa2439dc,9.681573733497537,-9.681573733497537,12000,9.683834204151351,2.7591585619978303,26.307578314163155,exact,240000,scasml_noclip,2,900,266400,900,266400,2,0,0,results/expert_iteration/artifacts/rows/d20_seed2_ckpt1000_n2_M10_rep4_scasml_noclip_exact.npz,4,2.165930616127982,A,decision_d20_d100_d160,240000,12000,0.5517622452856112,-1.331567004108533,1.33158566771653,0.5573795199278339,1.465943067613819,1.259695200016722
10,20261101,1000,cb12d79a9a930c68c4f67873cafa1a8feb061df4,numpy+cuda,20,,,,0,,0.07775922472683491,1.0012117572790717,none,0,surrogate,2,1,1200,1,1200,2,0,0,results/expert_iteration/artifacts/rows/d20_seed2_ckpt1000_n2_M10_rep4_surrogate_exact.npz,4,3.016023448487522,A,decision_d20_d100_d160,0,0,0.7728594883702927,-1.924746927874258,1.9250439837718292,0.7761419914799954,2.0413020773375306,0.0013464000076055527
10,20261101,2500,cb12d79a9a930c68c4f67873cafa1a8feb061df4,reference,20,,,,0,,,,none,0,f_zero,2,0,0,0,0,2,0,0,results/expert_iteration/artifacts/rows/d20_seed2_ckpt2500_n2_M10_rep0_f_zero_none.npz,0,0.09028047312286362,A,decision_d20_d100_d160,0,0,0.0235007607164868,0.06000378812677581,0.06000378812677581,0.023232732569262535,0.06110354262037796,3.410014323890209e-05
10,20261101,2500,cb12d79a9a930c68c4f67873cafa1a8feb061df4,numpy+none,20,d81d3331a13849eb72eec151caafdcaccab793ae172ac0bcad7ce83053b7ea5c,,,12000,,2.662798466812821,25.05621634096285,none,0,mlp_clip,2,0,0,0,0,2,0,0,results/expert_iteration/artifacts/rows/d20_seed2_ckpt2500_n2_M10_rep0_mlp_clip_none.npz,0,2.0997824150500026,A,decision_d20_d100_d160,240000,12000,0.5498329723686416,-1.2897130925289813,1.2897469253695224,0.5403569743825636,1.4211727060503723,0.16982689988799393
10,20261101,2500,cb12d79a9a930c68c4f67873cafa1a8feb061df4,numpy+none,20,d81d3331a13849eb72eec151caafdcaccab793ae172ac0bcad7ce83053b7ea5c,,,12000,,2.6883195875419617,25.66983744404177,none,0,mlp,2,0,0,0,0,2,0,0,results/expert_iteration/artifacts/rows/d20_seed2_ckpt2500_n2_M10_rep0_mlp_none.npz,0,2.0997824150500026,A,decision_d20_d100_d160,240000,12000,0.5498329723686416,-1.2897130925289813,1.2897469253695224,0.5403569743825636,1.4211727060503723,0.16631289990618825
10,20261101,2500,cb12d79a9a930c68c4f67873cafa1a8feb061df4,numpy+cuda,20,d81d3331a13849eb72eec151caafdcaccab793ae172ac0bcad7ce83053b7ea5c,2.3418766925686896e-20,-2.3418766925686896e-20,12000,1.610401626865136e-18,0.3574622698864466,3.228454704377077,exact,240000,oracle_state,2,900,266400,900,266400,2,0,0,results/expert_iteration/artifacts/rows/d20_seed2_ckpt2500_n2_M10_rep0_oracle_state_exact.npz,0,0.06063569397487339,A,decision_d20_d100_d160,240000,12000,0.015332656982971163,-0.002212036301918136,0.03234949579859816,0.015603959677445623,0.04103939183025351,1.4708217000588775
10,20261101,2500,cb12d79a9a930c68c4f67873cafa1a8feb061df4,numpy+cuda,20,d81d3331a13849eb72eec151caafdcaccab793ae172ac0bcad7ce83053b7ea5c,0.2973854581015211,0.2973854581015211,12000,0.3023743122168901,0.0454230979973815,0.7383990819021891,exact,240000,path_clip,2,900,266400,900,266400,2,0,0,results/expert_iteration/artifacts/rows/d20_seed2_ckpt2500_n2_M10_rep0_path_clip_exact.npz,0,2.8763635363516564,A,decision_d20_d100_d160,240000,12000,0.7364336335087281,-1.8240672303042957,1.8241321199955054,0.7402019783513142,1.9467775904981839,1.2876006001606584
10,20261101,2500,cb12d79a9a930c68c4f67873cafa1a8feb061df4,numpy+cuda,20,d81d3331a13849eb72eec151caafdcaccab793ae172ac0bcad7ce83053b7ea5c,0.030096931656098214,-0.030096931656098214,12000,0.04287574509034387,0.0662036518816147,0.6305171498721117,exact,240000,path,2,900,266400,900,266400,2,0,0,results/expert_iteration/artifacts/rows/d20_seed2_ckpt2500_n2_M10_rep0_path_exact.npz,0,0.060888970213933996,A,decision_d20_d100_d160,240000,12000,0.015487919673597705,-0.005969759881922939,0.03255314592144896,0.015669137660288445,0.04121081400974417,1.2603939999826252
10,20261101,2500,cb12d79a9a930c68c4f67873cafa1a8feb061df4,numpy+cuda,20,d81d3331a13849eb72eec151caafdcaccab793ae172ac0bcad7ce83053b7ea5c,0.26781597498186666,0.26781597498186666,12000,0.29953426470038874,0.11154621527959234,1.0706475939067004,exact,240000,scasml,2,900,266400,900,266400,2,0,0,results/expert_iteration/artifacts/rows/d20_seed2_ckpt2500_n2_M10_rep0_scasml_exact.npz,0,2.8763635360726885,A,decision_d20_d100_d160,240000,12000,0.7364336333444547,-1.8240673253867794,1.8241320691726706,0.7402019782795247,1.9467775903093731,1.2601211001165211
10,20261101,2500,cb12d79a9a930c68c4f67873cafa1a8feb061df4,numpy+cuda,20,d81d3331a13849eb72eec151caafdcaccab793ae172ac0bcad7ce83053b7ea5c,9.342715232461208,-9.342715232461208,12000,9.346501035138237,2.700291556108041,25.787587554477856,exact,240000,scasml_noclip,2,900,266400,900,266400,2,0,0,results/expert_iteration/artifacts/rows/d20_seed2_ckpt2500_n2_M10_rep0_scasml_noclip_exact.npz,0,2.1120742669931807,A,decision_d20_d100_d160,240000,12000,0.5531467336358901,-1.2967429579686718,1.2967779622296858,0.5435201535186343,1.4294920654102994,1.3016435999888927
10,20261101,2500,cb12d79a9a930c68c4f67873cafa1a8feb061df4,numpy+cuda,20,,,,0,,0.07773837029442764,0.9947545392602435,none,0,surrogate,2,1,1200,1,1200,2,0,0,results/expert_iteration/artifacts/rows/d20_seed2_ckpt2500_n2_M10_rep0_surrogate_exact.npz,0,3.015217007531688,A,decision_d20_d100_d160,0,0,0.772742865424298,-1.923288184331994,1.9235458612258889,0.7759344623608881,2.0407562627487152,0.0011806001421064138
10,20261101,2500,cb12d79a9a930c68c4f67873cafa1a8feb061df4,reference,20,,,,0,,,,none,0,f_zero,2,0,0,0,0,2,0,0,results/expert_iteration/artifacts/rows/d20_seed2_ckpt2500_n2_M10_rep1_f_zero_none.npz,1,0.09028047312286362,A,decision_d20_d100_d160,0,0,0.0235007607164868,0.06000378812677581,0.06000378812677581,0.023232732569262535,0.06110354262037796,4.060007631778717e-05
10,20261101,2500,cb12d79a9a930c68c4f67873cafa1a8feb061df4,numpy+none,20,75aa45def8f2f4e759d5b87702b271c0d5cb2d9745c0dfeb956c3c611e8cf961,,,12000,,2.724856101555634,25.603897330225085,none,0,mlp_clip,2,0,0,0,0,2,0,0,results/expert_iteration/artifacts/rows/d20_seed2_ckpt2500_n2_M10_rep1_mlp_clip_none.npz,1,2.133060078590508,A,decision_d20_d100_d160,240000,12000,0.5352653861455715,-1.3102155710566685,1.3102179031106993,0.5489206319579321,1.4436956621461674,0.16609980002976954
10,20261101,2500,cb12d79a9a930c68c4f67873cafa1a8feb061df4,numpy+none,20,75aa45def8f2f4e759d5b87702b271c0d5cb2d9745c0dfeb956c3c611e8cf961,,,12000,,2.7549782677861816,26.311180221070344,none,0,mlp,2,0,0,0,0,2,0,0,results/expert_iteration/artifacts/rows/d20_seed2_ckpt2500_n2_M10_rep1_mlp_none.npz,1,2.133060078590508,A,decision_d20_d100_d160,240000,12000,0.5352653861455715,-1.3102155710566685,1.3102179031106993,0.5489206319579321,1.4436956621461674,0.16747119999490678
10,20261101,2500,cb12d79a9a930c68c4f67873cafa1a8feb061df4,numpy+cuda,20,75aa45def8f2f4e759d5b87702b271c0d5cb2d9745c0dfeb956c3c611e8cf961,9.186806408193841e-20,9.186806408193841e-20,12000,1.334074633170997e-18,0.35949340035708927,3.2469334479149348,exact,240000,oracle_state,2,900,266400,900,266400,2,0,0,results/expert_iteration/artifacts/rows/d20_seed2_ckpt2500_n2_M10_rep1_oracle_state_exact.npz,1,0.05988379056491541,A,decision_d20_d100_d160,240000,12000,0.01632281484453371,-0.0002502284339109226,0.03165035532851233,0.015410465223581865,0.04053048929056202,1.415973600000143
10,20261101,2500,cb12d79a9a930c68c4f67873cafa1a8feb061df4,numpy+cuda,20,75aa45def8f2f4e759d5b87702b271c0d5cb2d9745c0dfeb956c3c611e8cf961,0.2927427885867456,0.2927427885867456,12000,0.2979899315881654,0.04535908616492723,0.7381406453817957,exact,240000,path_clip,2,900,266400,900,266400,2,0,0,results/expert_iteration/artifacts/rows/d20_seed2_ckpt2500_n2_M10_rep1_path_clip_exact.npz,1,2.8763637370886252,A,decision_d20_d100_d160,240000,12000,0.7364337181487445,-1.8240011915014338,1.8241550144896372,0.7402020300088672,1.9467777263607855,1.2650413000956178
10,20261101,2500,cb12d79a9a930c68c4f67873cafa1a8feb061df4,numpy+cuda,20,75aa45def8f2f4e759d5b87702b271c0d5cb2d9745c0dfeb956c3c611e8cf961,0.0299704097901395,-0.0299704097901395,12000,0.04235336608547179,0.0650750439523722,0.6219961605577439,exact,240000,path,2,900,266400,900,266400,2,0,0,results/expert_iteration/artifacts/rows/d20_seed2_ckpt2500_n2_M10_rep1_path_exact.npz,1,0.05993143107519594,A,decision_d20_d100_d160,240000,12000,0.01631114778695797,-0.003935977389720552,0.031605588891891606,0.01542272500907617,0.040562733294715846,1.270016600145027
10,20261101,2500,cb12d79a9a930c68c4f67873cafa1a8feb061df4,numpy+cuda,20,75aa45def8f2f4e759d5b87702b271c0d5cb2d9745c0dfeb956c3c611e8cf961,0.26274034286713105,0.26274034286713105,12000,0.29544553839073867,0.11131901244917922,1.0685323044206716,exact,240000,scasml,2,900,266400,900,266400,2,0,0,results/expert_iteration/artifacts/rows/d20_seed2_ckpt2500_n2_M10_rep1_scasml_exact.npz,1,2.876363735814817,A,decision_d20_d100_d160,240000,12000,0.7364337181487445,-1.8240013329914022,1.824154875716064,0.740202029681066,1.9467777254986478,1.2618688000366092
10,20261101,2500,cb12d79a9a930c68c4f67873cafa1a8feb061df4,numpy+cuda,20,75aa45def8f2f4e759d5b87702b271c0d5cb2d9745c0dfeb956c3c611e8cf961,9.630803757530202,-9.630803757530202,12000,9.63501739195882,2.7696066625760873,26.45501861335229,exact,240000,scasml_noclip,2,900,266400,900,266400,2,0,0,results/expert_iteration/artifacts/rows/d20_seed2_ckpt2500_n2_M10_rep1_scasml_noclip_exact.npz,1,2.14539234715704,A,decision_d20_d100_d160,240000,12000,0.5377193147526215,-1.3170795895835377,1.3170819018745399,0.5520942118879869,1.4520423762460763,1.2677905999589711
10,20261101,2500,cb12d79a9a930c68c4f67873cafa1a8feb061df4,numpy+cuda,20,,,,0,,0.07773837029442764,0.9947545392602435,none,0,surrogate,2,1,1200,1,1200,2,0,0,results/expert_iteration/artifacts/rows/d20_seed2_ckpt2500_n2_M10_rep1_surrogate_exact.npz,1,3.015217007531688,A,decision_d20_d100_d160,0,0,0.772742865424298,-1.923288184331994,1.9235458612258889,0.7759344623608881,2.0407562627487152,0.0016351998783648014
10,20261101,2500,cb12d79a9a930c68c4f67873cafa1a8feb061df4,reference,20,,,,0,,,,none,0,f_zero,2,0,0,0,0,2,0,0,results/expert_iteration/artifacts/rows/d20_seed2_ckpt2500_n2_M10_rep2_f_zero_none.npz,2,0.09028047312286362,A,decision_d20_d100_d160,0,0,0.0235007607164868,0.06000378812677581,0.06000378812677581,0.023232732569262535,0.06110354262037796,3.8499943912029266e-05
10,20261101,2500,cb12d79a9a930c68c4f67873cafa1a8feb061df4,numpy+none,20,b7281d7e935bd4074894ffb4db358a23170a83b666e28a71a33e9c2a8fb69f73,,,12000,,2.725681566544224,25.618059399203826,none,0,mlp_clip,2,0,0,0,0,2,0,0,results/expert_iteration/artifacts/rows/d20_seed2_ckpt2500_n2_M10_rep2_mlp_clip_none.npz,2,2.1018714622948935,A,decision_d20_d100_d160,240000,12000,0.5491165793991035,-1.298472174556161,1.298511715309518,0.5408945687735351,1.4225866129889242,0.16953010018914938
10,20261101,2500,cb12d79a9a930c68c4f67873cafa1a8feb061df4,numpy+none,20,b7281d7e935bd4074894ffb4db358a23170a83b666e28a71a33e9c2a8fb69f73,,,12000,,2.7557636249810953,26.330700783349496,none,0,mlp,2,0,0,0,0,2,0,0,results/expert_iteration/artifacts/rows/d20_seed2_ckpt2500_n2_M10_rep2_mlp_none.npz,2,2.1018714622948935,A,decision_d20_d100_d160,240000,12000,0.5491165793991035,-1.298472174556161,1.298511715309518,0.5408945687735351,1.4225866129889242,0.1610119000542909
10,20261101,2500,cb12d79a9a930c68c4f67873cafa1a8feb061df4,numpy+cuda,20,b7281d7e935bd4074894ffb4db358a23170a83b666e28a71a33e9c2a8fb69f73,1.186117176699142e-19,-1.186117176699142e-19,12000,1.544409854633185e-18,0.3581771197156168,3.24609991278969,exact,240000,oracle_state,2,900,266400,900,266400,2,0,0,results/expert_iteration/artifacts/rows/d20_seed2_ckpt2500_n2_M10_rep2_oracle_state_exact.npz,2,0.05859129007000884,A,decision_d20_d100_d160,240000,12000,0.015978322155806732,0.0026201978282397913,0.031534962239012296,0.015077853781648701,0.039655700353978765,1.4044816999230534
10,20261101,2500,cb12d79a9a930c68c4f67873cafa1a8feb061df4,numpy+cuda,20,b7281d7e935bd4074894ffb4db358a23170a83b666e28a71a33e9c2a8fb69f73,0.29177637734406464,0.29177637734406464,12000,0.2968983675990858,0.04523145111389461,0.7381038367225164,exact,240000,path_clip,2,900,266400,900,266400,2,0,0,results/expert_iteration/artifacts/rows/d20_seed2_ckpt2500_n2_M10_rep2_path_clip_exact.npz,2,2.87636417123922,A,decision_d20_d100_d160,240000,12000,0.7364337181487445,-1.8240314040808598,1.8242154500661325,0.7402021417329676,1.9467780202021714,1.2705272000748664
10,20261101,2500,cb12d79a9a930c68c4f67873cafa1a8feb061df4,numpy+cuda,20,b7281d7e935bd4074894ffb4db358a23170a83b666e28a71a33e9c2a8fb69f73,0.030884807846301366,-0.030884807846301366,12000,0.04275866154236983,0.06471536008404406,0.6183697003447506,exact,240000,path,2,900,266400,900,266400,2,0,0,results/expert_iteration/artifacts/rows/d20_seed2_ckpt2500_n2_M10_rep2_path_exact.npz,2,0.05815645071921099,A,decision_d20_d100_d160,240000,12000,0.016000056947366503,-0.0012570262490667237,0.03132070710392785,0.014965952436892459,0.03936139280456734,1.250715099973604
10,20261101,2500,cb12d79a9a930c68c4f67873cafa1a8feb061df4,numpy+cuda,20,b7281d7e935bd4074894ffb4db358a23170a83b666e28a71a33e9c2a8fb69f73,0.26167001529188694,0.26167001529188694,12000,0.2946260537439269,0.11135406295744381,1.0690569122421623,exact,240000,scasml,2,900,266400,900,266400,2,0,0,results/expert_iteration/artifacts/rows/d20_seed2_ckpt2500_n2_M10_rep2_scasml_exact.npz,2,2.8763641706144276,A,decision_d20_d100_d160,240000,12000,0.7364337181487445,-1.8240315029971126,1.824215403517467,0.740202141572184,1.9467780197793003,1.2731469999998808
10,20261101,2500,cb12d79a9a930c68c4f67873cafa1a8feb061df4,numpy+cuda,20,b7281d7e935bd4074894ffb4db358a23170a83b666e28a71a33e9c2a8fb69f73,9.751019948664318,-9.751019948664318,12000,9.753743941907926,2.769105130875036,26.462646675088045,exact,240000,scasml_noclip,2,900,266400,900,266400,2,0,0,results/expert_iteration/artifacts/rows/d20_seed2_ckpt2500_n2_M10_rep2_scasml_noclip_exact.npz,2,2.114799780202064,A,decision_d20_d100_d160,240000,12000,0.5523031863457154,-1.3060022760187604,1.3060428852934118,0.5442215357478768,1.4313367446278615,1.2756312999408692
10,20261101,2500,cb12d79a9a930c68c4f67873cafa1a8feb061df4,numpy+cuda,20,,,,0,,0.07773837029442764,0.9947545392602435,none,0,surrogate,2,1,1200,1,1200,2,0,0,results/expert_iteration/artifacts/rows/d20_seed2_ckpt2500_n2_M10_rep2_surrogate_exact.npz,2,3.015217007531688,A,decision_d20_d100_d160,0,0,0.772742865424298,-1.923288184331994,1.9235458612258889,0.7759344623608881,2.0407562627487152,0.0013260000851005316
10,20261101,2500,cb12d79a9a930c68c4f67873cafa1a8feb061df4,reference,20,,,,0,,,,none,0,f_zero,2,0,0,0,0,2,0,0,results/expert_iteration/artifacts/rows/d20_seed2_ckpt2500_n2_M10_rep3_f_zero_none.npz,3,0.09028047312286362,A,decision_d20_d100_d160,0,0,0.0235007607164868,0.06000378812677581,0.06000378812677581,0.023232732569262535,0.06110354262037796,3.83998267352581e-05
10,20261101,2500,cb12d79a9a930c68c4f67873cafa1a8feb061df4,numpy+none,20,2bbbf0fd3dd610c3bf49008f18e34ce7a794f6a782bff9aa8ed2e81f9722b0e7,,,12000,,2.7495036219597684,25.832797066589954,none,0,mlp_clip,2,0,0,0,0,2,0,0,results/expert_iteration/artifacts/rows/d20_seed2_ckpt2500_n2_M10_rep3_mlp_clip_none.npz,3,2.1437948935174256,A,decision_d20_d100_d160,240000,12000,0.5503659309082406,-1.3182247631627102,1.3182389967839594,0.5516831239537172,1.4509611892166348,0.17270200001075864
10,20261101,2500,cb12d79a9a930c68c4f67873cafa1a8feb061df4,numpy+none,20,2bbbf0fd3dd610c3bf49008f18e34ce7a794f6a782bff9aa8ed2e81f9722b0e7,,,12000,,2.78230004827092,26.602128437263772,none,0,mlp,2,0,0,0,0,2,0,0,results/expert_iteration/artifacts/rows/d20_seed2_ckpt2500_n2_M10_rep3_mlp_none.npz,3,2.1437948935174256,A,decision_d20_d100_d160,240000,12000,0.5503659309082406,-1.3182247631627102,1.3182389967839594,0.5516831239537172,1.4509611892166348,0.16561749996617436
10,20261101,2500,cb12d79a9a930c68c4f67873cafa1a8feb061df4,numpy+cuda,20,2bbbf0fd3dd610c3bf49008f18e34ce7a794f6a782bff9aa8ed2e81f9722b0e7,5.79686761555583e-20,-5.79686761555583e-20,12000,1.4236297326182997e-18,0.35480739291847496,3.209676695847882,exact,240000,oracle_state,2,900,266400,900,266400,2,0,0,results/expert_iteration/artifacts/rows/d20_seed2_ckpt2500_n2_M10_rep3_oracle_state_exact.npz,3,0.05785504183171752,A,decision_d20_d100_d160,240000,12000,0.01631504231111414,-0.00046289823067226785,0.030602004891725612,0.01488838802196516,0.039157393532453934,1.3937274001073092
10,20261101,2500,cb12d79a9a930c68c4f67873cafa1a8feb061df4,numpy+cuda,20,2bbbf0fd3dd610c3bf49008f18e34ce7a794f6a782bff9aa8ed2e81f9722b0e7,0.29571717617949655,0.29571717617949655,12000,0.30076273359471256,0.04514568642331828,0.7378609783115555,exact,240000,path_clip,2,900,266400,900,266400,2,0,0,results/expert_iteration/artifacts/rows/d20_seed2_ckpt2500_n2_M10_rep3_path_clip_exact.npz,3,2.876363780354937,A,decision_d20_d100_d160,240000,12000,0.7364336553377755,-1.8240017942906597,1.8241680269466478,0.7402020411429986,1.946777755644249,1.2600960000418127
10,20261101,2500,cb12d79a9a930c68c4f67873cafa1a8feb061df4,numpy+cuda,20,2bbbf0fd3dd610c3bf49008f18e34ce7a794f6a782bff9aa8ed2e81f9722b0e7,0.029552502914654052,-0.029552502914654052,12000,0.04210177908294369,0.0649819007918685,0.6185415719558097,exact,240000,path,2,900,266400,900,266400,2,0,0,results/expert_iteration/artifacts/rows/d20_seed2_ckpt2500_n2_M10_rep3_path_exact.npz,3,0.05793163088117314,A,decision_d20_d100_d160,240000,12000,0.016460651176660908,-0.00417029930994686,0.030899231526643894,0.014908097410298946,0.0392092304589319,1.250067099928856
10,20261101,2500,cb12d79a9a930c68c4f67873cafa1a8feb061df4,numpy+cuda,20,2bbbf0fd3dd610c3bf49008f18e34ce7a794f6a782bff9aa8ed2e81f9722b0e7,0.265915700231914,0.265915700231914,12000,0.2983125147669493,0.11153004772157431,1.0706152859430864,exact,240000,scasml,2,900,266400,900,266400,2,0,0,results/expert_iteration/artifacts/rows/d20_seed2_ckpt2500_n2_M10_rep3_scasml_exact.npz,3,2.876363780549316,A,decision_d20_d100_d160,240000,12000,0.736433655179846,-1.8240019305559596,1.82416804661781,0.7402020411930198,1.9467777557758081,1.255503399996087
10,20261101,2500,cb12d79a9a930c68c4f67873cafa1a8feb061df4,numpy+cuda,20,2bbbf0fd3dd610c3bf49008f18e34ce7a794f6a782bff9aa8ed2e81f9722b0e7,9.606444551737232,-9.606444551737232,12000,9.610131479266405,2.7956489441290904,26.7386189621941,exact,240000,scasml_noclip,2,900,266400,900,266400,2,0,0,results/expert_iteration/artifacts/rows/d20_seed2_ckpt2500_n2_M10_rep3_scasml_noclip_exact.npz,3,2.155406791023006,A,decision_d20_d100_d160,240000,12000,0.5530603864415344,-1.325004840097648,1.3250190588385407,0.5546713239490993,1.4588203424708506,1.2591893998906016
10,20261101,2500,cb12d79a9a930c68c4f67873cafa1a8feb061df4,numpy+cuda,20,,,,0,,0.07773837029442764,0.9947545392602435,none,0,surrogate,2,1,1200,1,1200,2,0,0,results/expert_iteration/artifacts/rows/d20_seed2_ckpt2500_n2_M10_rep3_surrogate_exact.npz,3,3.015217007531688,A,decision_d20_d100_d160,0,0,0.772742865424298,-1.923288184331994,1.9235458612258889,0.7759344623608881,2.0407562627487152,0.00285950000397861
10,20261101,2500,cb12d79a9a930c68c4f67873cafa1a8feb061df4,reference,20,,,,0,,,,none,0,f_zero,2,0,0,0,0,2,0,0,results/expert_iteration/artifacts/rows/d20_seed2_ckpt2500_n2_M10_rep4_f_zero_none.npz,4,0.09028047312286362,A,decision_d20_d100_d160,0,0,0.0235007607164868,0.06000378812677581,0.06000378812677581,0.023232732569262535,0.06110354262037796,3.9499951526522636e-05
10,20261101,2500,cb12d79a9a930c68c4f67873cafa1a8feb061df4,numpy+none,20,6d34dcd42fee49be76176cbf1054754d015f2300e3acebd14ef69bb3925793dc,,,12000,,2.743152918459754,25.88489877553611,none,0,mlp_clip,2,0,0,0,0,2,0,0,results/expert_iteration/artifacts/rows/d20_seed2_ckpt2500_n2_M10_rep4_mlp_clip_none.npz,4,2.1370442148832134,A,decision_d20_d100_d160,240000,12000,0.5379347713788492,-1.315688427326328,1.3157215569759941,0.5499459076327943,1.4463922014236634,0.1664343001320958
10,20261101,2500,cb12d79a9a930c68c4f67873cafa1a8feb061df4,numpy+none,20,6d34dcd42fee49be76176cbf1054754d015f2300e3acebd14ef69bb3925793dc,,,12000,,2.7889012724786233,26.975125782691286,none,0,mlp,2,0,0,0,0,2,0,0,results/expert_iteration/artifacts/rows/d20_seed2_ckpt2500_n2_M10_rep4_mlp_none.npz,4,2.1370442148832134,A,decision_d20_d100_d160,240000,12000,0.5379347713788492,-1.315688427326328,1.3157215569759941,0.5499459076327943,1.4463922014236634,0.1636409000493586
10,20261101,2500,cb12d79a9a930c68c4f67873cafa1a8feb061df4,numpy+cuda,20,6d34dcd42fee49be76176cbf1054754d015f2300e3acebd14ef69bb3925793dc,3.17309835814091e-20,3.17309835814091e-20,12000,1.592692991381206e-18,0.3561995068923014,3.2204859980569753,exact,240000,oracle_state,2,900,266400,900,266400,2,0,0,results/expert_iteration/artifacts/rows/d20_seed2_ckpt2500_n2_M10_rep4_oracle_state_exact.npz,4,0.05865183248876783,A,decision_d20_d100_d160,240000,12000,0.015023622333327668,-0.00016345989678105078,0.03157425750357681,0.01509343373792795,0.03969667661536749,1.4055417000781745
10,20261101,2500,cb12d79a9a930c68c4f67873cafa1a8feb061df4,numpy+cuda,20,6d34dcd42fee49be76176cbf1054754d015f2300e3acebd14ef69bb3925793dc,0.2947829969962905,0.2947829969962905,12000,0.3001159541060624,0.045294355689294456,0.7380224801531675,exact,240000,path_clip,2,900,266400,900,266400,2,0,0,results/expert_iteration/artifacts/rows/d20_seed2_ckpt2500_n2_M10_rep4_path_clip_exact.npz,4,2.876364033874735,A,decision_d20_d100_d160,240000,12000,0.7364337424613685,-1.8240762487916344,1.8241800259657426,0.7402021063836587,1.9467779272312735,1.2652739000041038
10,20261101,2500,cb12d79a9a930c68c4f67873cafa1a8feb061df4,numpy+cuda,20,6d34dcd42fee49be76176cbf1054754d015f2300e3acebd14ef69bb3925793dc,0.029953815520815483,-0.029953815520815483,12000,0.042333259965414545,0.06537252778287063,0.6237264714414198,exact,240000,path,2,900,266400,900,266400,2,0,0,results/expert_iteration/artifacts/rows/d20_seed2_ckpt2500_n2_M10_rep4_path_exact.npz,4,0.058594599271686386,A,decision_d20_d100_d160,240000,12000,0.015268886079972266,-0.003921170722874917,0.03150531143900128,0.01507870536998151,0.03965794008466192,1.2375529001001269
10,20261101,2500,cb12d79a9a930c68c4f67873cafa1a8feb061df4,numpy+cuda,20,6d34dcd42fee49be76176cbf1054754d015f2300e3acebd14ef69bb3925793dc,0.26468856838262284,0.26468856838262284,12000,0.2976958269791386,0.11187258111823556,1.0730263589752087,exact,240000,scasml,2,900,266400,900,266400,2,0,0,results/expert_iteration/artifacts/rows/d20_seed2_ckpt2500_n2_M10_rep4_scasml_exact.npz,4,2.876364034072074,A,decision_d20_d100_d160,240000,12000,0.7364337427703117,-1.824076489260812,1.824179992389711,0.7402021064344418,1.9467779273648365,1.251953599974513
10,20261101,2500,cb12d79a9a930c68c4f67873cafa1a8feb061df4,numpy+cuda,20,6d34dcd42fee49be76176cbf1054754d015f2300e3acebd14ef69bb3925793dc,9.706642707016401,-9.706642707016401,12000,9.709093605076172,2.802121038260874,27.10940756601116,exact,240000,scasml_noclip,2,900,266400,900,266400,2,0,0,results/expert_iteration/artifacts/rows/d20_seed2_ckpt2500_n2_M10_rep4_scasml_noclip_exact.npz,4,2.149730465186557,A,decision_d20_d100_d160,240000,12000,0.5413685221251797,-1.3228263704806018,1.322859034508808,0.5532105810489736,1.4549784971007829,1.2443884999956936
10,20261101,2500,cb12d79a9a930c68c4f67873cafa1a8feb061df4,numpy+cuda,20,,,,0,,0.07773837029442764,0.9947545392602435,none,0,surrogate,2,1,1200,1,1200,2,0,0,results/expert_iteration/artifacts/rows/d20_seed2_ckpt2500_n2_M10_rep4_surrogate_exact.npz,4,3.015217007531688,A,decision_d20_d100_d160,0,0,0.772742865424298,-1.923288184331994,1.9235458612258889,0.7759344623608881,2.0407562627487152,0.0014959999825805426
10,20261101,500,cb12d79a9a930c68c4f67873cafa1a8feb061df4,numpy+cuda,20,6d4f2c860fea0894110ae14750b066995ded685008ac83223fc32b001cc76119,0.03138799194224973,-0.03138799194224973,12000,0.04308467897166406,0.06611740655651911,0.6283116535337782,exact,240000,path,2,900,266400,900,266400,2,0,0,results/expert_iteration/artifacts/rows/d20_seed2_ckpt500_n2_M10_rep0_path_exact.npz,0,0.0597473122004558,A,decision_d20_d100_d160,240000,12000,0.015623742611936255,-0.0038982518522526466,0.03224016942738206,0.015375343948368063,0.04043811813574798,1.3090433001052588
10,20261101,500,cb12d79a9a930c68c4f67873cafa1a8feb061df4,numpy+cuda,20,6d4f2c860fea0894110ae14750b066995ded685008ac83223fc32b001cc76119,9.767463046456415,-9.767463046456415,12000,9.771237983068229,2.769667139902777,26.56679372202333,exact,240000,scasml_noclip,2,900,266400,900,266400,2,0,0,results/expert_iteration/artifacts/rows/d20_seed2_ckpt500_n2_M10_rep0_scasml_noclip_exact.npz,0,2.138828807156928,A,decision_d20_d100_d160,240000,12000,0.5642412318043424,-1.3193669137302653,1.3193691524657878,0.5504051537311613,1.4476000474426858,1.2653975998982787
10,20261101,500,cb12d79a9a930c68c4f67873cafa1a8feb061df4,numpy+cuda,20,,,,0,,0.07808554635329208,1.0034114517046406,none,0,surrogate,2,1,1200,1,1200,2,0,0,results/expert_iteration/artifacts/rows/d20_seed2_ckpt500_n2_M10_rep0_surrogate_exact.npz,0,3.0295598686415617,A,decision_d20_d100_d160,0,0,0.7764465112988796,-1.9333973964619455,1.9336600881702812,0.7796254471875879,2.05046378415185,0.0013419999741017818
10,20261101,500,cb12d79a9a930c68c4f67873cafa1a8feb061df4,numpy+cuda,20,73f7fbed03ee36d05dc0f9e097196d8768d69f272f55bfaab0a9934d5c0cea4a,0.03107948232554624,-0.03107948232554624,12000,0.04315699119044669,0.06504167828751754,0.61668727614629,exact,240000,path,2,900,266400,900,266400,2,0,0,results/expert_iteration/artifacts/rows/d20_seed2_ckpt500_n2_M10_rep1_path_exact.npz,1,0.0585795198318902,A,decision_d20_d100_d160,240000,12000,0.01537758621238438,-0.0029016512937286017,0.0315420998842547,0.015074824834357797,0.03964773403278375,1.260281200055033
10,20261101,500,cb12d79a9a930c68c4f67873cafa1a8feb061df4,numpy+cuda,20,73f7fbed03ee36d05dc0f9e097196d8768d69f272f55bfaab0a9934d5c0cea4a,9.80784120005874,-9.80784120005874,12000,9.810383128100606,2.778693151208787,26.56790708537338,exact,240000,scasml_noclip,2,900,266400,900,266400,2,0,0,results/expert_iteration/artifacts/rows/d20_seed2_ckpt500_n2_M10_rep1_scasml_noclip_exact.npz,1,2.184478555379384,A,decision_d20_d100_d160,240000,12000,0.5494954398794997,-1.3444933506856938,1.3445109189262274,0.5621526374961514,1.4784966659431704,1.2621899999212474
10,20261101,500,cb12d79a9a930c68c4f67873cafa1a8feb061df4,numpy+cuda,20,,,,0,,0.07808554635329208,1.0034114517046406,none,0,surrogate,2,1,1200,1,1200,2,0,0,results/expert_iteration/artifacts/rows/d20_seed2_ckpt500_n2_M10_rep1_surrogate_exact.npz,1,3.0295598686415617,A,decision_d20_d100_d160,0,0,0.7764465112988796,-1.9333973964619455,1.9336600881702812,0.7796254471875879,2.05046378415185,0.0018875000532716513
10,20261101,500,cb12d79a9a930c68c4f67873cafa1a8feb061df4,numpy+cuda,20,bdccc15e8840050a007744aa6c528aa0218f9213e4fe64f94a4df328e15c64ae,0.03083751155857095,-0.03083751155857095,12000,0.043125268334309595,0.0653313696162087,0.622489808608116,exact,240000,path,2,900,266400,900,266400,2,0,0,results/expert_iteration/artifacts/rows/d20_seed2_ckpt500_n2_M10_rep2_path_exact.npz,2,0.05971289800412387,A,decision_d20_d100_d160,240000,12000,0.015298147938542636,-0.002399536036391151,0.031775978922558096,0.015366487816002897,0.04041482595262602,1.2659355998039246
10,20261101,500,cb12d79a9a930c68c4f67873cafa1a8feb061df4,numpy+cuda,20,bdccc15e8840050a007744aa6c528aa0218f9213e4fe64f94a4df328e15c64ae,9.629724066009295,-9.629724066009295,12000,9.632320464365721,2.8028098569155384,27.008914255151616,exact,240000,scasml_noclip,2,900,266400,900,266400,2,0,0,results/expert_iteration/artifacts/rows/d20_seed2_ckpt500_n2_M10_rep2_scasml_noclip_exact.npz,2,2.107829489519136,A,decision_d20_d100_d160,240000,12000,0.538995226594957,-1.2983331941589114,1.2983397703570891,0.542427804570304,1.4266191192201934,1.266534399939701
10,20261101,500,cb12d79a9a930c68c4f67873cafa1a8feb061df4,numpy+cuda,20,,,,0,,0.07808554635329208,1.0034114517046406,none,0,surrogate,2,1,1200,1,1200,2,0,0,results/expert_iteration/artifacts/rows/d20_seed2_ckpt500_n2_M10_rep2_surrogate_exact.npz,2,3.0295598686415617,A,decision_d20_d100_d160,0,0,0.7764465112988796,-1.9333973964619455,1.9336600881702812,0.7796254471875879,2.05046378415185,0.0013880999758839607
10,20261101,500,cb12d79a9a930c68c4f67873cafa1a8feb061df4,numpy+cuda,20,8655d906c20594bfc500fe61e9d734a74dda003da42ced21dd7b9c9b38b93bd6,0.030785367046786295,-0.030785367046786295,12000,0.04301762536625863,0.06623496058603986,0.6252101660745865,exact,240000,path,2,900,266400,900,266400,2,0,0,results/expert_iteration/artifacts/rows/d20_seed2_ckpt500_n2_M10_rep3_path_exact.npz,3,0.06113861867335159,A,decision_d20_d100_d160,240000,12000,0.014710703785212496,-0.00557051398527669,0.03268862837277803,0.01573338207210144,0.04137978083892078,1.246113299857825
10,20261101,500,cb12d79a9a930c68c4f67873cafa1a8feb061df4,numpy+cuda,20,8655d906c20594bfc500fe61e9d734a74dda003da42ced21dd7b9c9b38b93bd6,9.726533215907045,-9.726533215907045,12000,9.729654717331167,2.7694525869934545,26.5246032882834,exact,240000,scasml_noclip,2,900,266400,900,266400,2,0,0,results/expert_iteration/artifacts/rows/d20_seed2_ckpt500_n2_M10_rep3_scasml_noclip_exact.npz,3,2.139593634719292,A,decision_d20_d100_d160,240000,12000,0.5466351426547628,-1.3149024829397422,1.314911190284954,0.5506019740800512,1.4481176972947258,1.2637594998814166
10,20261101,500,cb12d79a9a930c68c4f67873cafa1a8feb061df4,numpy+cuda,20,,,,0,,0.07808554635329208,1.0034114517046406,none,0,surrogate,2,1,1200,1,1200,2,0,0,results/expert_iteration/artifacts/rows/d20_seed2_ckpt500_n2_M10_rep3_surrogate_exact.npz,3,3.0295598686415617,A,decision_d20_d100_d160,0,0,0.7764465112988796,-1.9333973964619455,1.9336600881702812,0.7796254471875879,2.05046378415185,0.001435199985280633
10,20261101,500,cb12d79a9a930c68c4f67873cafa1a8feb061df4,numpy+cuda,20,2920183a7cd3c0c3b6935e1e94639ba9046dcfb7647b2d4d456c7b220445a3a4,0.03085369976752372,-0.03085369976752372,12000,0.042804188148779315,0.06624986182112359,0.6281725889193186,exact,240000,path,2,900,266400,900,266400,2,0,0,results/expert_iteration/artifacts/rows/d20_seed2_ckpt500_n2_M10_rep4_path_exact.npz,4,0.06202675307313735,A,decision_d20_d100_d160,240000,12000,0.016770161859916397,-0.00420928808102202,0.033197195319757046,0.01596193414191286,0.04198088710556693,1.2725201998837292
10,20261101,500,cb12d79a9a930c68c4f67873cafa1a8feb061df4,numpy+cuda,20,2920183a7cd3c0c3b6935e1e94639ba9046dcfb7647b2d4d456c7b220445a3a4,9.677244714952723,-9.677244714952723,12000,9.680255700108297,2.7809227634206857,26.47601726956901,exact,240000,scasml_noclip,2,900,266400,900,266400,2,0,0,results/expert_iteration/artifacts/rows/d20_seed2_ckpt500_n2_M10_rep4_scasml_noclip_exact.npz,4,2.1457027512153326,A,decision_d20_d100_d160,240000,12000,0.5742960273597465,-1.3191963739768913,1.3192061683014744,0.5521740911157454,1.4522524636210017,1.2636458999477327
10,20261101,500,cb12d79a9a930c68c4f67873cafa1a8feb061df4,numpy+cuda,20,,,,0,,0.07808554635329208,1.0034114517046406,none,0,surrogate,2,1,1200,1,1200,2,0,0,results/expert_iteration/artifacts/rows/d20_seed2_ckpt500_n2_M10_rep4_surrogate_exact.npz,4,3.0295598686415617,A,decision_d20_d100_d160,0,0,0.7764465112988796,-1.9333973964619455,1.9336600881702812,0.7796254471875879,2.05046378415185,0.0013289002235978842
